epoch,train_loss,window_accuracy,window_balanced_accuracy,window_macro_precision,window_macro_f1,cell_accuracy,cell_balanced_accuracy,cell_macro_precision,cell_macro_f1,window_recall_AltBasket,window_recall_AltDTC,window_recall_ChC,window_recall_DTC,window_recall_ITC,window_recall_ITCperi,window_recall_L1,window_recall_L2IT,window_recall_L3IT,window_recall_L4IT,window_recall_L5ET,window_recall_L5IT,window_recall_L5NP,window_recall_L6CT,window_recall_L6IT,window_recall_MC,window_recall_NGC,window_recall_NMC,window_recall_OPC,window_recall_PV,window_recall_astrocyte,window_recall_microglia,window_recall_oligo,window_recall_thalamocortical,cell_recall_AltBasket,cell_recall_AltDTC,cell_recall_ChC,cell_recall_DTC,cell_recall_ITC,cell_recall_ITCperi,cell_recall_L1,cell_recall_L2IT,cell_recall_L3IT,cell_recall_L4IT,cell_recall_L5ET,cell_recall_L5IT,cell_recall_L5NP,cell_recall_L6CT,cell_recall_L6IT,cell_recall_MC,cell_recall_NGC,cell_recall_NMC,cell_recall_OPC,cell_recall_PV,cell_recall_astrocyte,cell_recall_microglia,cell_recall_oligo,cell_recall_thalamocortical,window_precision_AltBasket,window_precision_AltDTC,window_precision_ChC,window_precision_DTC,window_precision_ITC,window_precision_ITCperi,window_precision_L1,window_precision_L2IT,window_precision_L3IT,window_precision_L4IT,window_precision_L5ET,window_precision_L5IT,window_precision_L5NP,window_precision_L6CT,window_precision_L6IT,window_precision_MC,window_precision_NGC,window_precision_NMC,window_precision_OPC,window_precision_PV,window_precision_astrocyte,window_precision_microglia,window_precision_oligo,window_precision_thalamocortical,cell_precision_AltBasket,cell_precision_AltDTC,cell_precision_ChC,cell_precision_DTC,cell_precision_ITC,cell_precision_ITCperi,cell_precision_L1,cell_precision_L2IT,cell_precision_L3IT,cell_precision_L4IT,cell_precision_L5ET,cell_precision_L5IT,cell_precision_L5NP,cell_precision_L6CT,cell_precision_L6IT,cell_precision_MC,cell_precision_NGC,cell_precision_NMC,cell_precision_OPC,cell_precision_PV,cell_precision_astrocyte,cell_precision_microglia,cell_precision_oligo,cell_precision_thalamocortical
0,0.33920433787350074,0.5240136801276097,0.4233958883153709,0.3809445730674048,0.37762845367642073,0.8041002277904328,0.6967690604880283,0.6955568922100362,0.6757869584150851,0.19557922054678062,0.11674641148325358,0.0,0.23423828808559571,0.272165725047081,0.21165911467410248,0.24498611539648257,0.5402167380212926,0.4049785534454356,0.44124513301063595,0.5977531265456087,0.4064426122654347,0.4218186341584774,0.7992380137664457,0.08926072543047646,0.4455830185107451,0.7901427913403961,0.49976057129770357,0.0,0.9093111966507272,0.0,0.0,0.0,0.0,0.42857142857142855,0.0,0.0,0.6666666666666666,0.6428571428571429,0.5,0.3333333333333333,0.8695652173913043,0.8367346938775511,0.8899082568807339,0.75,0.7777777777777778,1.0,1.0,0.0,0.875,1.0,1.0,0.0,0.9714285714285714,0.0,0.0,0.0,0.0,0.3595163678236552,0.08384056548203417,0.0,0.10651600582029828,0.3774452192535715,0.13812908729030424,0.1745374610734567,0.652734456227906,0.4986533226811078,0.6479186393546763,0.6089222220622742,0.2402617374581318,0.05110622136484205,0.34323550221786814,0.2523536505384306,0.5098126000565025,0.5298696484833508,0.34441989267368783,0.0,0.937729715351188,0.0,0.0,0.0,0.0,1.0,0.0,0.0,0.5,1.0,0.6666666666666666,0.16666666666666666,0.9090909090909091,0.7454545454545455,0.9509803921568627,1.0,0.7,1.0,0.5862068965517241,0.0,0.8235294117647058,1.0,0.5,0.0,0.9714285714285714,0.0,0.0,0.0,0.0
1,0.3118559218208889,0.5198444306134502,0.41922897963731987,0.38475644813401094,0.3750275981369375,0.7835990888382688,0.6715303625032575,0.6823507660209944,0.666042690549954,0.4267305024833326,0.22447026657552974,0.0,0.22263886805659716,0.2574199623352166,0.12286510979435343,0.15828448009873497,0.49852392564291975,0.4457930562894352,0.4372841995281979,0.5475588214512824,0.3164187126210706,0.35265580296056726,0.8639513976348328,0.08088691995120893,0.42895709359078826,0.8017042837402119,0.43165872040973535,0.0,0.9283195103077442,0.0,0.0,0.0,0.0,1.0,0.5,0.0,0.3333333333333333,0.6428571428571429,0.0,0.0,0.8260869565217391,0.8775510204081632,0.8807339449541285,0.75,0.5555555555555556,1.0,1.0,0.0,0.75,1.0,1.0,0.0,0.9714285714285714,0.0,0.0,0.0,0.0,0.3741760828625235,0.07996104212320429,0.0,0.10684550231542578,0.4108135725663451,0.13259356780139175,0.13926341507555878,0.6855262103967786,0.4683666763273587,0.6560400938052989,0.5991835219892373,0.2941245249926922,0.03840110530165524,0.2672309878479028,0.28896433727209536,0.5356540864989311,0.5594843935838504,0.3691247685514884,0.0,0.9198621771004598,0.0,0.0,0.0,0.0,1.0,0.5,0.0,0.3333333333333333,1.0,0.0,0.0,0.9344262295081968,0.671875,0.96,1.0,0.8333333333333334,1.0,0.5204081632653061,0.0,0.8571428571428571,1.0,0.8,0.0,0.8717948717948718,0.0,0.0,0.0,0.0
2,0.3010381049204121,0.5339096309621921,0.4396396951446985,0.38755541808089716,0.3912687140709208,0.8154897494305239,0.7636819730822396,0.8018024215855084,0.7648576171489547,0.3450042507494743,0.19726589200273412,0.0,0.22588870556472176,0.3338983050847458,0.22716974555594283,0.18173403270595495,0.514102798319261,0.49119214869611166,0.4256462790488862,0.6013142090016251,0.364469576553191,0.365219554670979,0.8155787372573248,0.10618793543414327,0.48726305999325087,0.8203132197144173,0.48216776665070477,0.0,0.9290982956011032,0.0,0.0,0.0,0.0,0.8571428571428571,0.5,0.0,0.6666666666666666,0.9285714285714286,0.5,0.3333333333333333,0.8405797101449275,0.9387755102040817,0.8440366972477065,0.75,0.7407407407407407,1.0,1.0,0.0,0.875,1.0,1.0,0.0,0.9714285714285714,0.0,0.0,0.0,0.0,0.40023358422008826,0.06995346131471786,0.0,0.13017171833583036,0.4618269907009455,0.12149314940814615,0.1716784066067525,0.6802002361076567,0.4516888536374485,0.6736622484045165,0.48471869411188445,0.290964113893428,0.0556767109779455,0.33583608396717507,0.2763549963970631,0.5017416582620708,0.6087714500581117,0.34101986423407105,0.0,0.9200053048182977,0.0,0.0,0.0,0.0,1.0,1.0,0.0,0.6666666666666666,1.0,1.0,0.25,0.9354838709677419,0.647887323943662,0.968421052631579,1.0,0.8333333333333334,1.0,0.5862068965517241,0.0,0.9333333333333333,1.0,0.6666666666666666,0.0,0.9444444444444444,0.0,0.0,0.0,0.0
3,0.2929097152338281,0.5308968553369616,0.4338701041287921,0.4012308936925622,0.38785028769116714,0.806378132118451,0.6978275113297447,0.6743947772324437,0.6764381679030582,0.40203141080137816,0.15898838004101162,0.0,0.34293285335733215,0.2424105461393597,0.24006622516556292,0.07939936233672734,0.47267475264170977,0.5388990768656948,0.44677737962108904,0.6243481947290327,0.3323194090269757,0.44744371190446575,0.7861606824608511,0.09665421945506657,0.5140949982304089,0.7698295716259788,0.3891861506110637,0.0,0.9254449493045497,0.0,0.0,0.0,0.0,1.0,0.0,0.0,0.6666666666666666,0.7142857142857143,0.5,0.0,0.782608695652174,0.9591836734693877,0.8440366972477065,0.8333333333333334,0.8518518518518519,1.0,1.0,0.0,0.9375,1.0,0.5,0.0,0.9714285714285714,0.0,0.0,0.0,0.0,0.37828393398450655,0.07898132427843803,0.0,0.12786145701289986,0.49227474376625363,0.13501592746875765,0.14508551024243563,0.7139457877098546,0.41346664043450004,0.6496801111005602,0.5067614842002638,0.3260152568992596,0.026227715191950125,0.3854731028697263,0.38295727458712603,0.5303372503735906,0.6592899408284024,0.3424065356364369,0.0,0.9280920898811567,0.0,0.0,0.0,0.0,1.0,0.0,0.0,0.4,1.0,0.4,0.0,0.9642857142857143,0.6025641025641025,0.968421052631579,1.0,0.8846153846153846,1.0,0.6144578313253012,0.0,0.8333333333333334,1.0,0.5,0.0,0.9714285714285714,0.0,0.0,0.0,0.0
4,0.28563840218820225,0.5310425132860559,0.440982232734578,0.3899838510924721,0.3884954977408632,0.8223234624145785,0.7741239551930332,0.7866714304214305,0.7691872512415012,0.38818291646158665,0.19070403280929596,0.0,0.2841357932103395,0.4375517890772128,0.20852213314743814,0.2371181734032706,0.5040813786931645,0.45929039878158706,0.4616456750116318,0.5795237758779057,0.3124220974510858,0.36447319318323174,0.8216698746128682,0.10454909414731611,0.4496078092463188,0.7998157531091663,0.41400345610126793,0.0,0.9203828448977163,0.0,0.0,0.0,0.0,1.0,0.5,0.0,0.6666666666666666,1.0,0.5,0.3333333333333333,0.8115942028985508,0.8979591836734694,0.8990825688073395,0.75,0.6666666666666666,1.0,1.0,0.0,0.9375,1.0,1.0,0.0,0.9714285714285714,0.0,0.0,0.0,0.0,0.39764862263372597,0.045814312456895136,0.0,0.13378690145487077,0.35774886442374315,0.12711819389110227,0.16356864136218519,0.6850917596257646,0.479811345260902,0.6507224240541466,0.6151100178488398,0.33670809635020305,0.0290746712974448,0.3195119922874822,0.3701711621005776,0.5082623097249619,0.5148702742772424,0.35574996421926436,0.0,0.9289397663951456,0.0,0.0,0.0,0.0,1.0,0.5,0.0,0.6666666666666666,0.9333333333333333,1.0,0.3333333333333333,0.9333333333333333,0.676923076923077,0.9423076923076923,1.0,0.8571428571428571,1.0,0.5795454545454546,0.0,0.9375,1.0,0.8,0.0,1.0,0.0,0.0,0.0,0.0
5,0.27991297441198243,0.5352310164371648,0.4427182376347998,0.4055829970561766,0.3916052214246586,0.8018223234624146,0.7459115038486845,0.7849717595173761,0.7381851843643403,0.2923620743657434,0.1598086124401914,0.0,0.3537823108844558,0.3584557438794727,0.21723597072150574,0.2547053378586856,0.5525575139465859,0.48370139558014486,0.4845582773510518,0.5670175934430862,0.2572813868654873,0.4988182609777336,0.8028103192896577,0.1256968817115789,0.31726709301464234,0.8080608014739751,0.5112115092336199,0.0,0.9235971943887775,0.0,0.0,0.0,0.0,0.8571428571428571,0.5,0.0,0.6666666666666666,1.0,0.5,0.3333333333333333,0.8260869565217391,0.8979591836734694,0.8807339449541285,0.75,0.5555555555555556,1.0,1.0,0.0,0.6875,1.0,1.0,0.0,0.9714285714285714,0.0,0.0,0.0,0.0,0.5172782329889561,0.0654132393262828,0.0,0.13700698975739153,0.42495144113772854,0.1082313102370409,0.17266864214746383,0.6326843672125582,0.45570746170317905,0.6252873623754763,0.5636958781714478,0.37328798374051186,0.03103090709299986,0.36301705951668883,0.3775540021128818,0.6088130774697939,0.5908723475917818,0.3278981878396966,0.0,0.9250954565892994,0.0,0.0,0.0,0.0,1.0,1.0,0.0,0.3333333333333333,1.0,1.0,0.3333333333333333,0.9344262295081968,0.6376811594202898,0.9230769230769231,1.0,1.0,1.0,0.5795454545454546,0.0,0.9166666666666666,1.0,0.5,0.0,0.9714285714285714,0.0,0.0,0.0,0.0
6,0.2745881634827975,0.5440776440580137,0.44497204096741544,0.4042150985974768,0.3999775617122146,0.8200455580865603,0.7634488056179829,0.8523280135687314,0.7658377985319972,0.3581144570226856,0.15926179084073822,0.0,0.3694815259237038,0.3111864406779661,0.2320494945974207,0.1437827830916384,0.5336161041698108,0.4735997575606875,0.482499244953432,0.6242351444923337,0.3484259396905625,0.41087199900485133,0.8156896292247859,0.14738346641123692,0.3612928714289242,0.7853063104560111,0.518894047594262,0.0,0.9338057302724261,0.0,0.0,0.0,0.0,0.8571428571428571,0.5,0.0,0.6666666666666666,0.9285714285714286,0.5,0.3333333333333333,0.8260869565217391,0.8571428571428571,0.8899082568807339,0.75,0.8148148148148148,1.0,1.0,0.034482758620689655,0.8125,1.0,1.0,0.0,0.9714285714285714,0.0,0.0,0.0,0.0,0.4337822823229723,0.08314302026834142,0.0,0.1275193263390392,0.47865129482648744,0.15540382819794585,0.1505654281098546,0.6623396256178358,0.4523046211159843,0.6485290003346298,0.5379397688663736,0.31570194843208466,0.055130858592602486,0.3486864158571395,0.35937813623341786,0.5588572301581239,0.6435284792209263,0.343779742610039,0.0,0.9206307676507842,0.0,0.0,0.0,0.0,1.0,1.0,0.0,0.5,1.0,1.0,0.3333333333333333,0.890625,0.65625,0.9603960396039604,1.0,0.88,1.0,0.6071428571428571,1.0,0.9285714285714286,1.0,0.6666666666666666,0.0,0.918918918918919,0.0,0.0,0.0,0.0
7,0.2698407105679102,0.5352569669913136,0.43904994408851034,0.40475274940382755,0.39482981063813843,0.8154897494305239,0.7206290612957106,0.7486272372568723,0.7146479752140669,0.29410711888675106,0.1797676008202324,0.0,0.35223238838058096,0.3606779661016949,0.16861275705820844,0.1298981795742055,0.5266050819320556,0.46640816833991233,0.4486139793811067,0.6203349113262205,0.35715674278722453,0.44843886055479537,0.8258283233926605,0.12236681608309449,0.47037375408446297,0.7842929525564256,0.4308259249234869,0.0,0.9163574674100676,0.0,0.0,0.0,0.0,0.8571428571428571,0.5,0.0,0.6666666666666666,0.9285714285714286,0.25,0.0,0.8405797101449275,0.8979591836734694,0.8807339449541285,0.75,0.7407407407407407,1.0,1.0,0.0,0.9375,1.0,0.75,0.0,0.9714285714285714,0.0,0.0,0.0,0.0,0.5272530381422211,0.0727524204702628,0.0,0.1264493664070072,0.4601081081081081,0.12413394919168591,0.1262431905642461,0.6722571486513892,0.4715193602362978,0.6494944958844697,0.5915534713238465,0.2991537721075241,0.03706102475532527,0.3372636550374432,0.3253352433249771,0.547425188704548,0.63243323552353,0.34621626595726884,0.0,0.938896554878746,0.0,0.0,0.0,0.0,1.0,0.5,0.0,0.4,1.0,1.0,0.0,0.9206349206349206,0.6875,0.9504950495049505,1.0,0.8333333333333334,1.0,0.5795454545454546,0.0,0.8823529411764706,1.0,0.75,0.0,0.9714285714285714,0.0,0.0,0.0,0.0
8,0.26599765120138075,0.5393006493079783,0.4347791087919395,0.40662360963821115,0.3971353691493997,0.8200455580865603,0.7553947182122022,0.8278039647423809,0.7671538708587402,0.34104434202872613,0.15857826384142173,0.0,0.3063846807659617,0.3252165725047081,0.17357964447542698,0.1634783503034043,0.5438890521616877,0.41874009262425016,0.46469443061326104,0.6080972232035611,0.36102185273702386,0.36994651076004476,0.848125529707166,0.1025809879444141,0.4632295447624221,0.7606172270842929,0.4825425246195166,0.0,0.9342571281176214,0.0,0.0,0.0,0.0,1.0,0.5,0.0,0.6666666666666666,0.8571428571428571,0.25,0.3333333333333333,0.8840579710144928,0.8163265306122449,0.8899082568807339,0.75,0.7407407407407407,1.0,1.0,0.0,0.9375,1.0,1.0,0.0,0.9714285714285714,0.0,0.0,0.0,0.0,0.4388530631045601,0.08738229755178907,0.0,0.1480050236692107,0.4994938246608625,0.14917995955964952,0.17055636031975965,0.6568732472731807,0.49172377293755876,0.6552667775482133,0.47541816735532627,0.30438240866165645,0.049801564043739636,0.2983662653153919,0.3215651317178447,0.5763189153764233,0.7137978732601366,0.3635950050200803,0.0,0.9186453161124172,0.0,0.0,0.0,0.0,1.0,1.0,0.0,1.0,1.0,1.0,0.3333333333333333,0.8714285714285714,0.7142857142857143,0.941747572815534,1.0,0.8333333333333334,1.0,0.5795454545454546,0.0,0.8823529411764706,1.0,0.8,0.0,0.9444444444444444,0.0,0.0,0.0,0.0
9,0.26217188270469743,0.5468870008233022,0.44216115083753993,0.40888697240145794,0.4043025203350431,0.8200455580865603,0.7640745143708563,0.8707702343128367,0.7685587682406066,0.42690948140856416,0.17279562542720436,0.0,0.3210839458027099,0.307909604519774,0.1684384803067271,0.177722925023141,0.522768612437151,0.5314005532589439,0.46566986915247044,0.6279940648625733,0.3493121705222473,0.34593854957084214,0.8175589509619878,0.12653501058886038,0.46657942171411637,0.7980193459235375,0.4052591034956591,0.0,0.9270050000992083,0.0,0.0,0.0,0.0,1.0,0.5,0.0,0.6666666666666666,0.9285714285714286,0.25,0.3333333333333333,0.8115942028985508,0.9387755102040817,0.8532110091743119,0.75,0.7777777777777778,1.0,1.0,0.034482758620689655,0.9375,1.0,1.0,0.0,0.9714285714285714,0.0,0.0,0.0,0.0,0.4290403813292562,0.10104724598289232,0.0,0.15673353834138723,0.5069453057174749,0.14658375673011298,0.151055553127322,0.6659325315183444,0.42811309592745733,0.651779007229136,0.5235503404726561,0.31707658852288,0.05429095736373575,0.3451162915111878,0.3910680420000925,0.5571795048210653,0.6524686476104395,0.3527418361059766,0.0,0.9292428789148254,0.0,0.0,0.0,0.0,1.0,1.0,0.0,0.6666666666666666,1.0,1.0,0.3333333333333333,0.9180327868852459,0.6301369863013698,0.96875,1.0,0.875,1.0,0.6,1.0,0.9375,1.0,0.8,0.0,0.9444444444444444,0.0,0.0,0.0,0.0
10,0.2589933445393841,0.5494674067318249,0.44284373907684155,0.412067223298133,0.4062118148459952,0.8246013667425968,0.7740339704235133,0.8527931476749624,0.7748144711560855,0.3765045415902277,0.19425837320574163,0.0,0.2781360931953402,0.34030131826741994,0.20765074939003136,0.17314614830813535,0.5186064799002359,0.4923732632953097,0.51146650450171,0.6452624885183353,0.32005511784011254,0.37156362731683046,0.8446482744417777,0.13513331487454258,0.41942599405746644,0.7578535237217872,0.4594532697632779,0.0,0.9253482211948649,0.0,0.0,0.0,0.0,1.0,0.5,0.0,0.6666666666666666,0.9285714285714286,0.5,0.3333333333333333,0.8260869565217391,0.8979591836734694,0.8990825688073395,0.8333333333333334,0.6666666666666666,1.0,1.0,0.034482758620689655,0.875,1.0,1.0,0.0,0.9714285714285714,0.0,0.0,0.0,0.0,0.44822351249134396,0.09444998338318378,0.0,0.16235225448708596,0.48490540721856973,0.13227865667499306,0.16202300178047255,0.6819734345351044,0.45722480787964065,0.6237497604666732,0.542490881657578,0.34408635198514903,0.05885366382282821,0.3174862151508295,0.34076841787439616,0.6010237418472172,0.6892752408881441,0.34586089082531424,0.0,0.9301837963978699,0.0,0.0,0.0,0.0,1.0,0.5,0.0,1.0,1.0,1.0,0.3333333333333333,0.9344262295081968,0.6666666666666666,0.9423076923076923,0.9090909090909091,0.9,1.0,0.5930232558139535,1.0,0.9333333333333333,1.0,0.6666666666666666,0.0,0.9714285714285714,0.0,0.0,0.0,0.0
11,0.2558139551242594,0.5431291931596014,0.4419137847767431,0.402606143419859,0.399903627043984,0.8154897494305239,0.7394744267820577,0.8353641180577647,0.7365565417605772,0.3030784375139827,0.19070403280929596,0.0,0.30523473826308684,0.3840677966101695,0.22394562565353782,0.1853337447289931,0.5166101389760412,0.45906505454884533,0.5033140422336319,0.6158552956970254,0.3344406454047502,0.34792884687150144,0.8244104903801218,0.16007513226721345,0.35683185593059913,0.7760018424689084,0.5410464075284712,0.0,0.9265039980952003,0.0,0.0,0.0,0.0,0.5714285714285714,0.5,0.0,0.6666666666666666,0.9285714285714286,0.5,0.3333333333333333,0.8405797101449275,0.8775510204081632,0.908256880733945,0.75,0.7407407407407407,1.0,1.0,0.034482758620689655,0.6875,1.0,1.0,0.0,0.9714285714285714,0.0,0.0,0.0,0.0,0.45940721649484534,0.07939669891861127,0.0,0.11457473162675474,0.43529487097393865,0.15017822707882897,0.19197784051563416,0.6764677331003544,0.4748481889168867,0.6341829663703707,0.5015536528103853,0.3160400041063102,0.06806512058014746,0.33069092387954424,0.3323958106722193,0.566126926090363,0.6752304609218437,0.3154298060350059,0.0,0.9250494024654182,0.0,0.0,0.0,0.0,1.0,1.0,0.0,0.5,1.0,1.0,0.2,0.9206349206349206,0.7049180327868853,0.9428571428571428,1.0,0.8695652173913043,1.0,0.5930232558139535,1.0,0.9166666666666666,1.0,0.4444444444444444,0.0,0.9444444444444444,0.0,0.0,0.0,0.0
12,0.2531721115745235,0.5483448359862194,0.4420687161228653,0.4079669685351351,0.406412141950377,0.8177676537585421,0.74804203904662,0.8311684886607487,0.7404800810788482,0.4414962638149358,0.14039644565960355,0.0,0.2869856507174641,0.361939736346516,0.204252352736145,0.11935616579245088,0.49410761707321593,0.5117295558387468,0.5052649193120505,0.648371370027556,0.3832462349483699,0.3332504042791392,0.8056063810406419,0.15955878501245968,0.3525354535502934,0.756748042376785,0.5341342049926089,0.0,0.9182573066925931,0.0,0.0,0.0,0.0,1.0,0.5,0.0,0.6666666666666666,0.9285714285714286,0.5,0.0,0.782608695652174,0.9387755102040817,0.8899082568807339,0.75,0.8148148148148148,1.0,1.0,0.034482758620689655,0.6875,1.0,1.0,0.0,0.9714285714285714,0.0,0.0,0.0,0.0,0.43372381810589244,0.07818804720213171,0.0,0.14467548834278512,0.45328899266492134,0.16355009768350545,0.16732751784298175,0.6977935485318367,0.43769149480596303,0.6389873156380247,0.4837883149337298,0.2921213653162262,0.08350476902936226,0.36610800342685185,0.36317492761028786,0.5586321129993609,0.7107505948518278,0.3308145607406739,0.0,0.93928446390607,0.0,0.0,0.0,0.0,1.0,1.0,0.0,0.6666666666666666,1.0,1.0,0.0,0.9473684210526315,0.6571428571428571,0.9509803921568627,1.0,0.88,1.0,0.6071428571428571,1.0,0.9166666666666666,1.0,0.36363636363636365,0.0,0.9714285714285714,0.0,0.0,0.0,0.0
13,0.2506879228442827,0.5539652237460965,0.44099332215240145,0.41220646317779674,0.40821096459502176,0.835990888382688,0.7671845379333351,0.863026476228862,0.7651843255109713,0.3938207526063806,0.1570745044429255,0.0,0.3232838358082096,0.3090018832391714,0.14395259672359706,0.13190373341561246,0.5291441945929344,0.48106719920430174,0.5087095641952836,0.6388186250264961,0.36923235257121295,0.3382261475307874,0.8218837376929718,0.15960368477374262,0.4188004642089928,0.7813910640257946,0.5014261622702005,0.0,0.9305392964146114,0.0,0.0,0.0,0.0,1.0,0.5,0.0,0.6666666666666666,0.8571428571428571,0.25,0.3333333333333333,0.8260869565217391,0.9387755102040817,0.908256880733945,0.8333333333333334,0.8148148148148148,1.0,1.0,0.034482758620689655,0.875,1.0,1.0,0.0,0.9714285714285714,0.0,0.0,0.0,0.0,0.49002032124265793,0.09464579901153213,0.0,0.1425736461457047,0.47129111015366937,0.17828620764083747,0.151033386327504,0.6674314377696736,0.453705671549911,0.6439285723511041,0.5056260206250139,0.3078910857573316,0.09250187113016262,0.3493905313489124,0.36622765595755274,0.5694158460161146,0.6704078406576035,0.3421022727272727,0.0,0.9232370607877829,0.0,0.0,0.0,0.0,1.0,1.0,0.0,0.6666666666666666,1.0,1.0,0.3333333333333333,0.9344262295081968,0.696969696969697,0.9519230769230769,1.0,0.88,1.0,0.6219512195121951,1.0,0.9333333333333333,1.0,0.5714285714285714,0.0,0.9444444444444444,0.0,0.0,0.0,0.0
14,0.24831994631161683,0.5422188309777625,0.4440884747688723,0.40137149242746745,0.4048106434057133,0.8337129840546698,0.782979324247453,0.8603541630327345,0.7846046908713403,0.41856458901964294,0.18564593301435406,0.0,0.2575371231438428,0.37713747645951035,0.20965493203206692,0.15165072508485036,0.5171793873828077,0.49387685326205205,0.4472528548922936,0.62012294213241,0.3624283868311816,0.3446946137579301,0.8135906026978431,0.19203627900711662,0.43622476275134364,0.7802855826807923,0.4613062397201807,0.0,0.9244032619694835,0.0,0.0,0.0,0.0,1.0,0.5,0.0,0.6666666666666666,0.9285714285714286,0.5,0.3333333333333333,0.8260869565217391,0.9591836734693877,0.8715596330275229,0.75,0.8148148148148148,1.0,1.0,0.034482758620689655,0.9375,1.0,1.0,0.0,0.9714285714285714,0.0,0.0,0.0,0.0,0.44769083512802105,0.08680644336486833,0.0,0.14805978729519978,0.44534881135054594,0.14323133706393618,0.20161345457031518,0.6848321874704185,0.44813909953358505,0.6656866288623158,0.47494994317874345,0.289997758268102,0.06340815999633875,0.34732108137352696,0.30006314164776315,0.5759054211172565,0.6375851556325041,0.33741966923522065,0.0,0.926627948605752,0.0,0.0,0.0,0.0,1.0,0.5,0.0,1.0,1.0,1.0,0.3333333333333333,0.95,0.6714285714285714,0.9693877551020408,0.9,0.8461538461538461,1.0,0.6071428571428571,1.0,0.9375,1.0,0.8,0.0,0.9714285714285714,0.0,0.0,0.0,0.0
15,0.24623081692654153,0.5473130921801354,0.44570522163225107,0.4056712559257009,0.40805614469621826,0.8314350797266514,0.7528861851879911,0.8318591140159767,0.7581438629141717,0.4203991230032664,0.19945317840054683,0.0,0.31208439578021097,0.37954802259887005,0.19013593586615546,0.19813843463951455,0.5270101749843126,0.4462787119634476,0.4927148209519301,0.6263407051508514,0.35671648618051666,0.35029232491603435,0.8246718785891374,0.1769125427483144,0.46187971719466325,0.7765545831414095,0.36097520351439694,0.0,0.9225877497569396,0.0,0.0,0.0,0.0,1.0,0.5,0.0,0.6666666666666666,0.9285714285714286,0.5,0.3333333333333333,0.8405797101449275,0.8571428571428571,0.9174311926605505,0.75,0.8148148148148148,1.0,1.0,0.034482758620689655,0.9375,1.0,0.5,0.0,0.9714285714285714,0.0,0.0,0.0,0.0,0.4240133583049394,0.08292599749914743,0.0,0.1439343279452118,0.42439301733032914,0.1265661252900232,0.1990905802717925,0.6742670347724463,0.47852042559218805,0.6350368611113303,0.5315655657096255,0.3066416329579915,0.07125506072874493,0.328514091706529,0.31985333910596386,0.5741163230855798,0.665600694855699,0.38305863638372145,0.0,0.9327295340113538,0.0,0.0,0.0,0.0,1.0,0.5,0.0,0.6666666666666666,1.0,1.0,0.3333333333333333,0.9206349206349206,0.7,0.9523809523809523,0.9,0.88,1.0,0.6,1.0,0.8823529411764706,1.0,0.6666666666666666,0.0,0.9714285714285714,0.0,0.0,0.0,0.0
16,0.244205912109761,0.5385832420529567,0.4388117010158543,0.39699601753968244,0.3991113624430995,0.8154897494305239,0.7704133740712956,0.8424988035082988,0.7696051501338559,0.3754306680388384,0.18783321941216677,0.0,0.3002349882505875,0.37342749529190206,0.2170616939700244,0.22467345469505295,0.47870613808642515,0.5104357691231778,0.4792994800382013,0.6270472691302197,0.33977518324966555,0.3055106356512004,0.8253768346679974,0.15859344014487656,0.3932772002600887,0.7508060801473975,0.4269534259124316,0.0,0.9241676422151233,0.0,0.0,0.0,0.0,1.0,0.5,0.0,0.6666666666666666,0.9285714285714286,0.5,0.3333333333333333,0.7681159420289855,0.9183673469387755,0.8807339449541285,0.75,0.7407407407407407,1.0,1.0,0.034482758620689655,0.875,1.0,1.0,0.0,0.9714285714285714,0.0,0.0,0.0,0.0,0.4219512195121951,0.0848357619165226,0.0,0.10528069006627161,0.409258838826856,0.11747229427021928,0.14894487437357243,0.7042123507760618,0.43768593939999667,0.6511327470918951,0.5833256648569062,0.3162168490060023,0.10257266956231206,0.31709655038099177,0.3006397798362958,0.547625869597607,0.6192303308893363,0.3461272300707209,0.0,0.932318655280521,0.0,0.0,0.0,0.0,1.0,0.5,0.0,0.6666666666666666,1.0,1.0,0.3333333333333333,0.9464285714285714,0.625,0.96,1.0,0.8695652173913043,1.0,0.5862068965517241,1.0,0.9333333333333333,1.0,0.8,0.0,0.9444444444444444,0.0,0.0,0.0,0.0
17,0.24259475797521957,0.5410648684327832,0.4419017154629019,0.3923530455127958,0.4003085233489265,0.826879271070615,0.7692520953334614,0.864493185127803,0.7746724948705437,0.4288558772204573,0.17019822282980177,0.0,0.2594370281485926,0.3676271186440678,0.24790867898222377,0.19387020466934074,0.4942294097555939,0.5047205731514003,0.4586336514052029,0.6187380767328482,0.35572162060172213,0.24430899365592734,0.7870398973457216,0.19135529929432543,0.368453542062767,0.7961768770152003,0.5259103495659053,0.0,0.941045457251136,0.0,0.0,0.0,0.0,1.0,0.5,0.0,0.6666666666666666,0.9285714285714286,0.75,0.3333333333333333,0.8260869565217391,0.9387755102040817,0.8532110091743119,0.9166666666666666,0.8148148148148148,0.5,1.0,0.034482758620689655,0.8125,1.0,1.0,0.0,0.9714285714285714,0.0,0.0,0.0,0.0,0.34734629532317396,0.06655974338412189,0.0,0.1448591608274476,0.41396640936466195,0.12038761002031144,0.17693715680292862,0.7105374346715593,0.4378735122709209,0.6619882593084597,0.523950841839482,0.2947865681754647,0.08401420199341234,0.3469390605414125,0.30302778929904606,0.5639029551810143,0.6156503775466591,0.34330914131941614,0.0,0.9063183013608318,0.0,0.0,0.0,0.0,1.0,1.0,0.0,0.6666666666666666,1.0,1.0,0.3333333333333333,0.9344262295081968,0.6388888888888888,0.9789473684210527,1.0,0.88,1.0,0.6144578313253012,1.0,0.9285714285714286,1.0,0.6666666666666666,0.0,0.918918918918919,0.0,0.0,0.0,0.0
18,0.24111408533920292,0.5500479457415769,0.4362138984125298,0.40691693885968727,0.4048882111106965,0.8109339407744874,0.715461937531492,0.7769833399175251,0.7199833569594222,0.3576670097096067,0.1645933014354067,0.0,0.29563521823908806,0.3351035781544256,0.22002439874520738,0.11899619459014707,0.5280745371216153,0.4719601840052218,0.5111848925385074,0.5919169080760263,0.33642465894407025,0.29618111705436,0.8291392407068571,0.15551780649699545,0.4462990855741294,0.778857669276831,0.486914700922321,0.0,0.927359669834719,0.0,0.0,0.0,0.0,1.0,0.5,0.0,0.6666666666666666,0.8571428571428571,0.5,0.0,0.8405797101449275,0.8979591836734694,0.8899082568807339,0.75,0.6296296296296297,0.5,1.0,0.0,0.875,1.0,1.0,0.0,0.9714285714285714,0.0,0.0,0.0,0.0,0.4759877333492125,0.08563909239632975,0.0,0.12961704552927508,0.4610322313193077,0.13885833699956004,0.16536839848495677,0.681928213404085,0.47797517165397707,0.6348352336228329,0.6048402235282226,0.31916336238927734,0.1007404273323461,0.3211799323140554,0.2856867920378313,0.5301577058829281,0.6815946468881006,0.304855634491299,0.0,0.9250447178507722,0.0,0.0,0.0,0.0,1.0,1.0,0.0,0.6666666666666666,1.0,1.0,0.0,0.9354838709677419,0.6875,0.9238095238095239,1.0,0.85,1.0,0.5730337078651685,0.0,0.9333333333333333,1.0,0.4444444444444444,0.0,0.9714285714285714,0.0,0.0,0.0,0.0
19,0.23960999984555081,0.5527585229781693,0.4422170948191406,0.4107114945815906,0.41290262825358165,0.835990888382688,0.787155443953462,0.8721050966194203,0.7906812440332497,0.41073426104076244,0.1498291182501709,0.0,0.2664366781660917,0.3384557438794727,0.21139769954688045,0.19603003188316362,0.5365258902118398,0.5000310819631368,0.48344611416304106,0.6555924538967004,0.3698670081990646,0.3140937927602936,0.7851309713344264,0.20359048424392542,0.40155724009646326,0.7319668355596499,0.47246569923591014,0.0,0.932756602313538,0.0,0.0,0.0,0.0,1.0,0.5,0.0,0.6666666666666666,0.8571428571428571,0.5,0.3333333333333333,0.8260869565217391,0.9183673469387755,0.8807339449541285,0.9166666666666666,0.8888888888888888,1.0,1.0,0.034482758620689655,0.875,1.0,1.0,0.0,0.9714285714285714,0.0,0.0,0.0,0.0,0.44278031015604274,0.07990667833187519,0.0,0.1478306702174878,0.47276075233460474,0.14529556207701982,0.18039846670768067,0.6724886337238244,0.44348725017229496,0.6497179324738296,0.492416281908401,0.3079739296443177,0.09930779517029811,0.3704096770938823,0.296110058991271,0.5812593077977006,0.7265785743678844,0.36351840579245825,0.0,0.9205666155077583,0.0,0.0,0.0,0.0,1.0,1.0,0.0,0.6666666666666666,1.0,1.0,0.3333333333333333,0.9193548387096774,0.6716417910447762,0.96,1.0,0.8571428571428571,1.0,0.6375,1.0,0.9333333333333333,1.0,0.8,0.0,0.918918918918919,0.0,0.0,0.0,0.0
20,0.23749398890706305,0.5509863512641896,0.44571357694963354,0.40569149674688165,0.4084913484723996,0.8473804100227791,0.7606424806029979,0.851030169285819,0.7610762274103604,0.4012483780034901,0.17361585782638414,0.0,0.312134393280336,0.39137476459510356,0.17375392122690833,0.14913092666872366,0.5132608402106484,0.4515043670158207,0.5075525063464725,0.640429590899456,0.3794840421274114,0.3500435377534519,0.7905329943207471,0.19922024081238635,0.4416899182695869,0.7589129433440811,0.4634506880972705,0.0,0.925504474295125,0.0,0.0,0.0,0.0,1.0,0.5,0.0,0.6666666666666666,1.0,0.25,0.0,0.8405797101449275,0.8979591836734694,0.9357798165137615,0.8333333333333334,0.8518518518518519,1.0,1.0,0.06896551724137931,0.875,1.0,1.0,0.0,0.9714285714285714,0.0,0.0,0.0,0.0,0.4376952362358454,0.08494415089291686,0.0,0.1327591706539075,0.4583388469851352,0.13538837588267247,0.14589726819942647,0.700929611992754,0.48629535088086373,0.6336176370185816,0.5032591918092679,0.3076833926717104,0.059531616915949145,0.3592204005974769,0.3329997748480224,0.5579886455798865,0.6989648735788223,0.33826188703329435,0.0,0.9286715096673361,0.0,0.0,0.0,0.0,1.0,1.0,0.0,0.6666666666666666,1.0,1.0,0.0,0.9206349206349206,0.7457627118644068,0.9444444444444444,1.0,0.8846153846153846,1.0,0.6375,1.0,0.9333333333333333,1.0,0.6666666666666666,0.0,0.918918918918919,0.0,0.0,0.0,0.0
21,0.23647916648806094,0.5475073027789277,0.4438389044302654,0.4048799715507961,0.40933172504924004,0.8382687927107062,0.782617672054579,0.8620502658406277,0.7836961276208401,0.4380061747729205,0.12508544087491455,0.0,0.27463626818659065,0.40156308851224104,0.21026490066225165,0.14028591998354417,0.49763430952815924,0.4833828054579927,0.4839705654278461,0.6474952306931393,0.39423549726126084,0.33387237218559523,0.8108024618016776,0.17057419311387328,0.4785632567059269,0.7822662367572547,0.40101184651579186,0.0,0.9154497113037957,0.0,0.0,0.0,0.0,1.0,0.5,0.0,0.6666666666666666,1.0,0.5,0.3333333333333333,0.8260869565217391,0.9183673469387755,0.8807339449541285,0.9166666666666666,0.8518518518518519,1.0,1.0,0.034482758620689655,0.9375,1.0,0.75,0.0,0.9714285714285714,0.0,0.0,0.0,0.0,0.44082680356660364,0.07220074173439596,0.0,0.1467147435897436,0.4303243123246756,0.15496756791471325,0.16685015290519878,0.6998119705854975,0.45918574481356134,0.6413450877525082,0.5457035669624248,0.2933348648637151,0.10380970798684974,0.3338399272070262,0.33810964756140977,0.5352136012592394,0.647514107061156,0.33982004234297813,0.0,0.9382668974826316,0.0,0.0,0.0,0.0,1.0,1.0,0.0,0.6666666666666666,1.0,1.0,0.3333333333333333,0.95,0.6716417910447762,0.96,1.0,0.8518518518518519,1.0,0.6296296296296297,1.0,0.8823529411764706,1.0,0.6,0.0,0.9714285714285714,0.0,0.0,0.0,0.0
22,0.23502302029967984,0.5409978992607859,0.44319736878092314,0.40148793620974055,0.40171394187764786,0.8177676537585421,0.7556526128871578,0.7845144546619702,0.7516155082757452,0.4515638283592107,0.17115516062884484,0.0,0.33408329583520824,0.34538606403013183,0.19937260369466714,0.13041242414892523,0.5172799987291198,0.46228203773350324,0.4651331738892653,0.6285734473256553,0.3535089023316447,0.36907575569100637,0.8216144286291377,0.17225793416198337,0.4126110109714643,0.7309074159373561,0.48570714746726074,0.0,0.926628008492232,0.0,0.0,0.0,0.0,1.0,0.5,0.0,0.6666666666666666,0.9285714285714286,0.5,0.0,0.8260869565217391,0.9183673469387755,0.8623853211009175,0.75,0.7407407407407407,1.0,1.0,0.0,0.9375,1.0,1.0,0.0,0.9714285714285714,0.0,0.0,0.0,0.0,0.4054640417838489,0.0828809744472395,0.0,0.12862615257271554,0.47072713739380406,0.14053190835943738,0.14617557207908236,0.6974507627006707,0.47229929542522575,0.6538478088129409,0.5049609481427664,0.29875671052568,0.06595092024539877,0.33216982521759736,0.302523327638323,0.5503276870890189,0.7346636418352701,0.31394582082924005,0.0,0.9254803166770706,0.0,0.0,0.0,0.0,1.0,1.0,0.0,0.6666666666666666,1.0,1.0,0.0,0.95,0.6521739130434783,0.9591836734693877,1.0,0.8333333333333334,1.0,0.5795454545454546,0.0,0.9375,1.0,0.5714285714285714,0.0,0.9714285714285714,0.0,0.0,0.0,0.0
23,0.2342411075348282,0.5492468270215586,0.43850345633166116,0.40624015986995615,0.407524748231144,0.8337129840546698,0.7787728348022114,0.865838152554137,0.7815974059477424,0.37164973824332187,0.14094326725905673,0.0,0.3058847057647118,0.35361581920903956,0.1874346462181945,0.14974802015838734,0.5138089072813491,0.46755820097597367,0.5011978711768115,0.6328128312018654,0.36491555077816784,0.31608409006095284,0.8111034542847864,0.1968480367579379,0.41836423944624146,0.7436204514048825,0.48910078907372323,0.0,0.9283715946744975,0.0,0.0,0.0,0.0,1.0,0.5,0.0,0.6666666666666666,0.9285714285714286,0.5,0.3333333333333333,0.8115942028985508,0.8775510204081632,0.9174311926605505,0.75,0.8518518518518519,1.0,1.0,0.034482758620689655,0.875,1.0,1.0,0.0,0.9714285714285714,0.0,0.0,0.0,0.0,0.4365834428383706,0.09419826404751028,0.0,0.12682158330051202,0.4548471488784458,0.1461674368034792,0.1277865543268387,0.6748187429366252,0.47484926923198334,0.6358458571188174,0.5366207309766328,0.3129498872217319,0.11292831429714235,0.33613883974146447,0.32325652841781877,0.5593089788732394,0.7060881735479356,0.3279173646007817,0.0,0.9251957604998814,0.0,0.0,0.0,0.0,1.0,1.0,0.0,0.6666666666666666,1.0,1.0,0.3333333333333333,0.9333333333333333,0.7049180327868853,0.9433962264150944,1.0,0.8518518518518519,1.0,0.6071428571428571,1.0,0.9333333333333333,1.0,0.6666666666666666,0.0,0.9444444444444444,0.0,0.0,0.0,0.0
24,0.23293922597471273,0.5541690611633634,0.4440114506184201,0.4083986655886095,0.411056353758237,0.826879271070615,0.7519713326489561,0.8654240286925762,0.7626602028235465,0.4520560204035975,0.1544771018455229,0.0,0.3159842007899605,0.33781544256120527,0.19301150226559777,0.14537694127326956,0.5338093838614105,0.4489129083392907,0.5253756866842436,0.6310746838126192,0.33986094752369955,0.35613882323672097,0.7984459282845805,0.18697757256923916,0.4738800134982757,0.7800552740672502,0.39503653890195917,0.0,0.9239171412131193,0.0,0.0,0.0,0.0,1.0,0.5,0.0,0.6666666666666666,0.9285714285714286,0.25,0.3333333333333333,0.8260869565217391,0.8367346938775511,0.926605504587156,0.8333333333333334,0.7407407407407407,1.0,1.0,0.034482758620689655,0.9375,1.0,0.75,0.0,0.9714285714285714,0.0,0.0,0.0,0.0,0.415761316872428,0.07609427609427609,0.0,0.13303022648817042,0.4751913957985642,0.14219682865763625,0.16723852342640796,0.6589608411584559,0.48046423432938845,0.6242858805614021,0.5640986774792527,0.3240598388450928,0.09677855525132678,0.33774940945871235,0.3191060025542784,0.5535365771586244,0.6857663494634542,0.3641423252600468,0.0,0.932714721737454,0.0,0.0,0.0,0.0,1.0,1.0,0.0,0.6666666666666666,1.0,1.0,0.3333333333333333,0.890625,0.7068965517241379,0.926605504587156,1.0,0.8695652173913043,1.0,0.6071428571428571,1.0,0.8823529411764706,1.0,0.75,0.0,0.9444444444444444,0.0,0.0,0.0,0.0
25,0.2315850038226549,0.5472251951418888,0.44355548643771964,0.4019614652079454,0.4080851449742676,0.8405466970387244,0.7770594968080391,0.8935792546213901,0.7857209257030593,0.4609378495682133,0.1495557074504443,0.0,0.3079846007699615,0.3806214689265537,0.18421052631578946,0.16898076725290548,0.5176030141041221,0.4875982967084201,0.4700715865773127,0.6497279728679431,0.39111367768642297,0.31421818634158477,0.7945567885686223,0.17156947115564503,0.4156892762784266,0.7522800552740673,0.43830026441256686,0.0,0.9289792456199528,0.0,0.0,0.0,0.0,1.0,0.5,0.0,0.6666666666666666,1.0,0.25,0.3333333333333333,0.8260869565217391,0.9387755102040817,0.8899082568807339,0.75,0.8888888888888888,1.0,1.0,0.034482758620689655,0.9375,1.0,1.0,0.0,0.9714285714285714,0.0,0.0,0.0,0.0,0.42270367862784924,0.08060119354601046,0.0,0.1361055259727347,0.44200236189476444,0.14229940764674207,0.15200999213581903,0.6772067050717584,0.4514209869393657,0.6633855263120002,0.49635115294930476,0.29523982166055945,0.1202284626368396,0.3554831050551943,0.3306794744205501,0.5319563522992985,0.6889104483907706,0.32373248858201725,0.0,0.9249896896014382,0.0,0.0,0.0,0.0,1.0,1.0,0.0,1.0,0.9333333333333333,1.0,0.5,0.9344262295081968,0.696969696969697,0.9509803921568627,0.9,0.8571428571428571,1.0,0.6296296296296297,1.0,0.9375,1.0,0.8,0.0,0.9444444444444444,0.0,0.0,0.0,0.0
26,0.23084146510511658,0.5470267989698467,0.4427840765275869,0.4031684588249895,0.40727920911512344,0.8314350797266514,0.7846800045195619,0.8721457856931426,0.7885853882766956,0.4401315495100452,0.15762132604237866,0.0,0.2519874006299685,0.3780037664783428,0.22882537469501568,0.1625012856114368,0.5239865392609302,0.4803600845429397,0.47220204229893314,0.6248427895145905,0.3849558028107811,0.32765269312103495,0.8027548733059272,0.18190389954426742,0.46867000831296246,0.7544910179640718,0.4133788594865816,0.0,0.9158440643663565,0.0,0.0,0.0,0.0,1.0,0.5,0.0,0.6666666666666666,1.0,0.5,0.3333333333333333,0.8260869565217391,0.9183673469387755,0.8715596330275229,0.75,0.8148148148148148,1.0,1.0,0.034482758620689655,0.9375,1.0,1.0,0.0,0.9714285714285714,0.0,0.0,0.0,0.0,0.42052498824334145,0.08644474433948118,0.0,0.11468881556491069,0.4287697861705082,0.14865553354090008,0.16101910828025479,0.6687470854987937,0.4632212718287643,0.654172898002109,0.5406294321905414,0.29121107266435986,0.09114186851211073,0.3491317094008261,0.3936390724187071,0.5072151357514431,0.6681623495818887,0.3324514843527619,0.0,0.9372059025081091,0.0,0.0,0.0,0.0,1.0,1.0,0.0,0.6666666666666666,1.0,1.0,0.3333333333333333,0.9344262295081968,0.6716417910447762,0.95,1.0,0.8461538461538461,1.0,0.6144578313253012,1.0,0.9375,1.0,0.8,0.0,0.9444444444444444,0.0,0.0,0.0,0.0
27,0.22973499281502688,0.5552192214917466,0.447145250743633,0.40336909834563917,0.4119480833091507,0.835990888382688,0.7721899235321928,0.8469109545322626,0.7736360432831331,0.3947380195981923,0.1673274094326726,0.0,0.27863606819659015,0.3756873822975518,0.2020738933426281,0.2115087935822277,0.5333248607989071,0.4836703136170081,0.51458872409374,0.6567936126616265,0.3282770529108395,0.32255255628809554,0.7833329372905924,0.23217666559406125,0.40546680164942345,0.7640257945647168,0.4698840332285399,0.0,0.9245495942379809,0.0,0.0,0.0,0.0,1.0,0.5,0.0,0.6666666666666666,1.0,0.25,0.3333333333333333,0.8405797101449275,0.9183673469387755,0.8899082568807339,0.75,0.7037037037037037,1.0,1.0,0.13793103448275862,0.9375,1.0,1.0,0.0,0.9714285714285714,0.0,0.0,0.0,0.0,0.45934758272369897,0.07638065522620904,0.0,0.14274736815143055,0.44324216233030417,0.13588421422711824,0.20189475751030828,0.6664946099938457,0.4539335265911867,0.6341159814618764,0.4495449225739682,0.3238990872268168,0.13871502701546035,0.37087525735693955,0.3612378912071535,0.5390532673874031,0.5986573790016964,0.3339350447584523,0.0,0.9306850354776374,0.0,0.0,0.0,0.0,1.0,0.5,0.0,0.6666666666666666,1.0,1.0,0.3333333333333333,0.9206349206349206,0.6818181818181818,0.9238095238095239,1.0,0.8636363636363636,1.0,0.6455696202531646,1.0,0.9375,1.0,0.8,0.0,0.9714285714285714,0.0,0.0,0.0,0.0
28,0.22921704749751276,0.5479032580083619,0.4363312214559005,0.4003333682462289,0.4025458438017605,0.8200455580865603,0.7698473935191177,0.8692579383257351,0.7785598774487621,0.36900979909615644,0.1568010936431989,0.0,0.304034798260087,0.3412994350282486,0.20189961659114675,0.13704617916280984,0.4939831767238298,0.5220060299008485,0.5059158918936568,0.6389740691019572,0.30604123546295553,0.3471824853837542,0.79180825194655,0.18855654750768908,0.44279282616031673,0.7528327959465684,0.4204159813453811,0.0,0.9333617730510526,0.0,0.0,0.0,0.0,1.0,0.5,0.0,0.6666666666666666,0.9285714285714286,0.5,0.3333333333333333,0.8115942028985508,0.9387755102040817,0.8807339449541285,0.75,0.6666666666666666,1.0,1.0,0.034482758620689655,0.875,1.0,1.0,0.0,0.9714285714285714,0.0,0.0,0.0,0.0,0.45582423656211135,0.08407858085324732,0.0,0.12363776837996096,0.45508876779750396,0.13073407436664222,0.15245123276700417,0.6886264233118645,0.42695800840213294,0.6379288162458701,0.46169476295986195,0.3233652312599681,0.10903195562153294,0.35573340545387905,0.30867328188166115,0.5509098542799504,0.6782024150379684,0.3412593794362198,0.0,0.92180243381474,0.0,0.0,0.0,0.0,1.0,1.0,0.0,0.6666666666666666,1.0,1.0,0.3333333333333333,0.9491525423728814,0.6666666666666666,0.9142857142857143,1.0,0.8571428571428571,1.0,0.6071428571428571,1.0,0.9333333333333333,1.0,0.8,0.0,0.918918918918919,0.0,0.0,0.0,0.0
29,0.22782248620009946,0.5369935613326697,0.4366677443773288,0.3929370289197648,0.3956588038973301,0.8154897494305239,0.7340523939118113,0.7484692586609067,0.7216485798287496,0.4199069309588796,0.13274094326725905,0.0,0.34848257587120646,0.3569868173258004,0.16460439177413733,0.13010387740409338,0.51757653743404,0.48927672271780687,0.4299582071521276,0.6288419416378153,0.33873457672471957,0.3130986441099639,0.8278006162425049,0.15292110363613234,0.4744479287554425,0.7799170888991248,0.42568341279590266,0.0,0.928937082084962,0.0,0.0,0.0,0.0,1.0,0.0,0.0,0.6666666666666666,0.9285714285714286,0.25,0.3333333333333333,0.8260869565217391,0.9183673469387755,0.8532110091743119,0.75,0.7777777777777778,1.0,1.0,0.0,0.9375,1.0,1.0,0.0,0.9714285714285714,0.0,0.0,0.0,0.0,0.4503983490113265,0.057503257136089066,0.0,0.1252088310848438,0.3837635388197186,0.12312605918393951,0.16836361216477008,0.6730754663710171,0.44031705961126283,0.6861911740758834,0.5070473889908048,0.3089680205269416,0.08527289358674663,0.31372590222200875,0.3215881908598766,0.5120088111987494,0.6652522395096653,0.3274241332372488,0.0,0.9236315929648737,0.0,0.0,0.0,0.0,1.0,0.0,0.0,0.5,1.0,1.0,0.3333333333333333,0.9193548387096774,0.6428571428571429,0.96875,1.0,0.84,1.0,0.5862068965517241,0.0,0.9375,1.0,0.8,0.0,0.9444444444444444,0.0,0.0,0.0,0.0
30,0.22659682996695452,0.550952448120866,0.4361829199182114,0.40744795006453394,0.40930100109081013,0.8291571753986332,0.7665579542125678,0.8601986177115183,0.7680014915278962,0.4144480737393172,0.1417634996582365,0.0,0.27513624318784063,0.3532768361581921,0.18133495991634715,0.15638177517227192,0.5357686574474901,0.473619183787648,0.48977626133590185,0.6073765279446054,0.36363480428592665,0.2868515984575196,0.7978043390442696,0.21728491143522086,0.4342411746792102,0.7324735145094426,0.46370052674314505,0.0,0.9264196710252187,0.0,0.0,0.0,0.0,1.0,0.5,0.0,0.6666666666666666,0.9285714285714286,0.25,0.3333333333333333,0.8260869565217391,0.8979591836734694,0.8807339449541285,0.75,0.8148148148148148,1.0,1.0,0.10344827586206896,0.875,1.0,1.0,0.0,0.9714285714285714,0.0,0.0,0.0,0.0,0.4680275889947197,0.08191153238546603,0.0,0.13839499031763197,0.4516105734508161,0.12726272015655576,0.15836891990417665,0.6686658405617514,0.46551822899760564,0.6473318678947582,0.5049162995594714,0.2964532263101714,0.13042248741587015,0.3458028633226903,0.36046280663422386,0.5308814650835179,0.717923250564334,0.31333708497467644,0.0,0.9267713546331745,0.0,0.0,0.0,0.0,1.0,1.0,0.0,0.6666666666666666,1.0,1.0,0.3333333333333333,0.9193548387096774,0.676923076923077,0.9504950495049505,1.0,0.8461538461538461,1.0,0.6144578313253012,1.0,0.9333333333333333,1.0,0.5714285714285714,0.0,0.9714285714285714,0.0,0.0,0.0,0.0
31,0.22659360194815556,0.5514003044585982,0.43799227723214834,0.41534506163501106,0.4134371072691315,0.8382687927107062,0.7836743128556498,0.8742758821791816,0.7894967738766644,0.36820439393261445,0.13096377306903623,0.0,0.29163541822908856,0.3445386064030132,0.1944057162774486,0.14702252391237272,0.5254612897845063,0.4534741864296149,0.4964410777983658,0.6253515155797358,0.39988450411096754,0.31670605796740886,0.8020023920981553,0.2046156954598858,0.43736059326567733,0.7572547213265776,0.45743374070912535,0.0,0.9311047838250759,0.0,0.0,0.0,0.0,1.0,0.5,0.0,0.6666666666666666,0.9285714285714286,0.5,0.3333333333333333,0.8260869565217391,0.8979591836734694,0.908256880733945,0.75,0.8518518518518519,1.0,1.0,0.034482758620689655,0.9375,1.0,1.0,0.0,0.9714285714285714,0.0,0.0,0.0,0.0,0.473026183427701,0.09979166666666667,0.0,0.15838922529665733,0.487749606761044,0.13996235884567126,0.18599960965454426,0.6691301665222508,0.4733567746671371,0.6296269456335506,0.5299950896439393,0.28292017928512486,0.12958061889250813,0.3527157706992169,0.33623954746679785,0.5566694951653625,0.713634587836958,0.3340682398734947,0.0,0.9233550430915746,0.0,0.0,0.0,0.0,1.0,1.0,0.0,0.6666666666666666,1.0,1.0,0.3333333333333333,0.9344262295081968,0.7096774193548387,0.9519230769230769,1.0,0.8518518518518519,1.0,0.6071428571428571,1.0,0.9375,1.0,0.8,0.0,0.9444444444444444,0.0,0.0,0.0,0.0
32,0.22564006923950872,0.5446041891728428,0.4460394483006181,0.3973785940709507,0.4058397068930887,0.8291571753986332,0.7882736239344482,0.776260278929557,0.7766735358111087,0.38596805226184616,0.20300751879699247,0.0,0.28203589820508973,0.39629001883239173,0.2229871035203904,0.16841509822071377,0.5176850917813769,0.4643217915643552,0.47655274306377493,0.6259450293224051,0.36840901554048644,0.33922129618111707,0.8078004578254085,0.17814728618359513,0.4615998748940303,0.7746660525103639,0.4375715683620995,0.0,0.9180861723446894,0.0,0.0,0.0,0.0,1.0,0.5,0.0,0.6666666666666666,0.8571428571428571,0.75,0.3333333333333333,0.8405797101449275,0.8775510204081632,0.8899082568807339,0.75,0.8148148148148148,1.0,1.0,0.0,0.9375,1.0,1.0,0.0,0.9714285714285714,0.0,0.0,0.0,0.0,0.42130454956164987,0.08616687942439365,0.0,0.13947680743744437,0.4024903408438851,0.1279244151169766,0.15926664397218304,0.6890530344411984,0.46052499749524095,0.6567578892898022,0.5413713028599364,0.29731862290452526,0.10889705295104225,0.3387542517006803,0.3105643541106792,0.5169654790984929,0.6485423415085608,0.3122836213429221,0.0,0.9351521092175002,0.0,0.0,0.0,0.0,1.0,0.5,0.0,0.6666666666666666,1.0,0.75,0.3333333333333333,0.9206349206349206,0.6935483870967742,0.9603960396039604,1.0,0.8461538461538461,1.0,0.5930232558139535,0.0,0.9375,1.0,0.8,0.0,0.9714285714285714,0.0,0.0,0.0,0.0
33,0.22495744477033608,0.5550262665649294,0.44451646457159366,0.40634841830650786,0.41128300393587647,0.835990888382688,0.7626031439502026,0.8678937187924115,0.7694781735288663,0.42216653988992797,0.17621326042378674,0.0,0.28368581570921453,0.34775894538606406,0.17811084001394215,0.15890157358839865,0.5208146341850878,0.4912581978677773,0.5018304777608176,0.652610753903766,0.3668138000434539,0.30016171165567856,0.7872458395710065,0.20583547230807223,0.44916335382766653,0.8145094426531553,0.41200474693427164,0.0,0.9322109565665986,0.0,0.0,0.0,0.0,1.0,0.5,0.0,0.6666666666666666,0.9285714285714286,0.25,0.3333333333333333,0.8405797101449275,0.9183673469387755,0.8899082568807339,0.9166666666666666,0.8518518518518519,1.0,1.0,0.034482758620689655,0.875,1.0,0.75,0.0,0.9714285714285714,0.0,0.0,0.0,0.0,0.42134643295746343,0.09595771607235912,0.0,0.14732305135794777,0.4726751478229708,0.14766652217887588,0.17293485560779046,0.6830412483896843,0.44177742372786605,0.6436908273762626,0.5373811657105622,0.30865563643536537,0.090830384702251,0.3579405695270268,0.343623121416168,0.5760428981590947,0.5934290892006175,0.35747963220550244,0.0,0.9224758066693337,0.0,0.0,0.0,0.0,1.0,1.0,0.0,0.6666666666666666,1.0,1.0,0.3333333333333333,0.9206349206349206,0.6923076923076923,0.9509803921568627,1.0,0.8846153846153846,1.0,0.6296296296296297,1.0,0.875,1.0,0.75,0.0,0.918918918918919,0.0,0.0,0.0,0.0
34,0.2243626210086077,0.5500073456810535,0.44464027435251885,0.40051975610752794,0.409799720381505,0.8382687927107062,0.7616462993056834,0.8382685902017022,0.7495365646360752,0.44592599221441676,0.13533834586466165,0.0,0.24923753812309385,0.44033898305084745,0.17593238062042524,0.10552298673248997,0.5268539626308278,0.4915962142168899,0.47705678766457976,0.6346781601073977,0.3550869649738705,0.32727951237716135,0.7984855325586737,0.20742941383361646,0.43532762125813806,0.7838783970520498,0.49728300472611436,0.0,0.9162731403400861,0.0,0.0,0.0,0.0,1.0,0.5,0.0,0.6666666666666666,1.0,0.25,0.0,0.8260869565217391,0.9183673469387755,0.8990825688073395,0.9166666666666666,0.8518518518518519,1.0,1.0,0.034482758620689655,0.875,1.0,1.0,0.0,0.9714285714285714,0.0,0.0,0.0,0.0,0.4253339592847083,0.08508809626128062,0.0,0.14653575942855462,0.40783506593176583,0.14164445068051074,0.14687567103285376,0.6657521780442434,0.45251634407679214,0.657833644275982,0.5566324191009704,0.3107841665415603,0.12348054629933825,0.35713956742777175,0.30697586852276376,0.5314983971943364,0.6705543953662477,0.28671748394454116,0.0,0.9361575965212808,0.0,0.0,0.0,0.0,1.0,1.0,0.0,0.6666666666666666,0.9333333333333333,1.0,0.0,0.9193548387096774,0.6818181818181818,0.9607843137254902,1.0,0.8846153846153846,1.0,0.6375,1.0,0.9333333333333333,1.0,0.5,0.0,0.9714285714285714,0.0,0.0,0.0,0.0
35,0.22340742342870973,0.5519176413122777,0.44524991470550784,0.41427526938581166,0.41549573202858536,0.8428246013667426,0.7919425031506728,0.8526345971712828,0.7864002849179267,0.39713186272316436,0.16473000683527,0.0,0.3351832408379581,0.33175141242937856,0.19283722551411642,0.17062634989200864,0.5348658029976886,0.460075218350791,0.4943024594111453,0.6588285169222073,0.39950142368694896,0.3308869262346063,0.7916419139953583,0.190951201442779,0.44075162349687647,0.7468447719944726,0.4534363223751327,0.0,0.9201521855592373,0.0,0.0,0.0,0.0,1.0,0.5,0.0,0.6666666666666666,0.8571428571428571,0.5,0.3333333333333333,0.8405797101449275,0.9183673469387755,0.8899082568807339,0.9166666666666666,0.8888888888888888,1.0,1.0,0.034482758620689655,0.9375,1.0,1.0,0.0,0.9714285714285714,0.0,0.0,0.0,0.0,0.4619889128907165,0.08945141414891247,0.0,0.15206641564215398,0.49323813523729526,0.1435056092341612,0.18200767964893033,0.6652922637141154,0.4634042303402665,0.6471422731972396,0.519888042641926,0.2852221052030011,0.14013275734906755,0.36292463278682574,0.33501824961268806,0.5469867211440245,0.7079421909793476,0.32886372215930537,0.0,0.9318794930146338,0.0,0.0,0.0,0.0,1.0,1.0,0.0,0.6666666666666666,1.0,0.6666666666666666,0.3333333333333333,0.9354838709677419,0.6923076923076923,0.9509803921568627,1.0,0.8888888888888888,1.0,0.6375,1.0,0.9375,1.0,0.6666666666666666,0.0,0.9714285714285714,0.0,0.0,0.0,0.0
36,0.22282996182084813,0.5546872351316928,0.4428703887831694,0.40678459499557496,0.4130685554186163,0.8382687927107062,0.7843697662747467,0.8690627518322708,0.7867695488981773,0.4123226990021925,0.1622693096377307,0.0,0.2926853657317134,0.365969868173258,0.2221157197629836,0.1493880489560835,0.5333222131318989,0.45247179311845337,0.5250532613930405,0.6342542217197767,0.33957506661025283,0.31770120661773854,0.7863507829764989,0.22006121334121573,0.4431878976435632,0.7548595117457393,0.4348025233703233,0.0,0.9252762951645866,0.0,0.0,0.0,0.0,1.0,0.5,0.0,0.6666666666666666,0.9285714285714286,0.5,0.3333333333333333,0.8405797101449275,0.8775510204081632,0.9174311926605505,0.8333333333333334,0.7777777777777778,1.0,1.0,0.034482758620689655,0.9375,1.0,1.0,0.0,0.9714285714285714,0.0,0.0,0.0,0.0,0.44563193655245786,0.08669295939234589,0.0,0.13691325397011014,0.432671327425747,0.13009084413595998,0.14266771436990472,0.664267011390393,0.470834377754239,0.6266088671870244,0.5401993115567003,0.3201049931010693,0.14022950639652995,0.3518454199420183,0.31155443488579054,0.5664184128587058,0.6886582342312056,0.33624215102237964,0.0,0.9304919537477677,0.0,0.0,0.0,0.0,1.0,1.0,0.0,0.6666666666666666,1.0,1.0,0.3333333333333333,0.9354838709677419,0.7166666666666667,0.9259259259259259,1.0,0.875,1.0,0.6144578313253012,1.0,0.9375,1.0,0.6666666666666666,0.0,0.9714285714285714,0.0,0.0,0.0,0.0
37,0.22213278070635106,0.555966764874167,0.4437122220645102,0.4117960309368724,0.4153156025198291,0.8382687927107062,0.7743275531609931,0.8675077551459491,0.7777365566573066,0.4020090384357242,0.13998632946001366,0.0,0.3185340732963352,0.3589642184557439,0.19353433252004182,0.1656381775172272,0.5170761283694872,0.4804261337146054,0.5270388298002596,0.6279234084646365,0.3514905830827111,0.3150889414106232,0.7805131129751522,0.2291608982945574,0.4064709416693416,0.7629203132197144,0.48108513251858176,0.0,0.9289594039564277,0.0,0.0,0.0,0.0,1.0,0.5,0.0,0.6666666666666666,1.0,0.25,0.3333333333333333,0.8260869565217391,0.9387755102040817,0.8990825688073395,0.8333333333333334,0.7407407407407407,1.0,1.0,0.10344827586206896,0.875,1.0,1.0,0.0,0.9714285714285714,0.0,0.0,0.0,0.0,0.47987715315796503,0.10815378115758344,0.0,0.1446770823871378,0.44671775762263,0.13444309927360776,0.19944272445820432,0.6680589193109204,0.4569741271947168,0.6270528022997213,0.5325064413685662,0.3144710389949204,0.11225348991801462,0.37351836338618644,0.3221405202974932,0.5528068506184586,0.6812685093780849,0.33181119774838813,0.0,0.9261546982911034,0.0,0.0,0.0,0.0,1.0,1.0,0.0,0.6666666666666666,1.0,1.0,0.3333333333333333,0.9344262295081968,0.696969696969697,0.9158878504672897,1.0,0.8695652173913043,1.0,0.6538461538461539,1.0,0.9333333333333333,1.0,0.6666666666666666,0.0,0.9444444444444444,0.0,0.0,0.0,0.0
38,0.2216513284102931,0.5515886552548407,0.4423152560662846,0.40861140356049347,0.41205696462835806,0.8405466970387244,0.7831273560505015,0.869436890855297,0.7787557282944064,0.380017002997897,0.15352016404647983,0.0,0.3386330683465827,0.3543126177024482,0.18238062042523528,0.1527820631492338,0.5375081746718878,0.489164050601436,0.4841909573990482,0.6527379354200523,0.3737378357671328,0.323423311357134,0.7796655815095566,0.20237819068928617,0.43587907520350294,0.7441731920773837,0.45366534113385104,0.0,0.9235054266949742,0.0,0.0,0.0,0.0,1.0,0.5,0.0,0.6666666666666666,1.0,0.25,0.3333333333333333,0.8260869565217391,0.9183673469387755,0.8899082568807339,0.9166666666666666,0.8518518518518519,1.0,1.0,0.034482758620689655,0.9375,1.0,1.0,0.0,0.9714285714285714,0.0,0.0,0.0,0.0,0.4799525303043147,0.08019137389317338,0.0,0.15236317008975772,0.4538962605548854,0.12983065566652194,0.1606553831179365,0.6581319881867428,0.4465864792868975,0.6424536986894833,0.5214196213891429,0.3046783598473019,0.12616459627329193,0.3672794707521931,0.3243502560596793,0.5537744036975458,0.6896316216331583,0.33225580189686194,0.0,0.9313895927499943,0.0,0.0,0.0,0.0,1.0,1.0,0.0,0.6666666666666666,1.0,1.0,0.3333333333333333,0.9193548387096774,0.6818181818181818,0.9509803921568627,1.0,0.8846153846153846,1.0,0.6375,1.0,0.9375,1.0,0.6666666666666666,0.0,0.9714285714285714,0.0,0.0,0.0,0.0
39,0.2211483018843334,0.5407530432256706,0.44392703377109594,0.3997665600118392,0.40641293241018617,0.8246013667425968,0.7733395115322436,0.8547309445557597,0.7693944152520322,0.43283815830685934,0.13301435406698564,0.0,0.311884405779711,0.3875517890772128,0.1877831997211572,0.15777023552401523,0.5048147824544402,0.4951628694868368,0.44839154674350457,0.6282201653359711,0.34924927672128897,0.30986441099639256,0.7973528503196065,0.212061572539306,0.38434693860753766,0.7779364348226624,0.5421498615477504,0.0,0.9302937558284886,0.0,0.0,0.0,0.0,1.0,0.5,0.0,0.6666666666666666,1.0,0.5,0.3333333333333333,0.8260869565217391,0.9387755102040817,0.8715596330275229,0.75,0.7777777777777778,1.0,1.0,0.034482758620689655,0.75,1.0,1.0,0.0,0.9714285714285714,0.0,0.0,0.0,0.0,0.44413580955441795,0.0882940108892922,0.0,0.14604111064288056,0.40999740999741,0.13602221801426498,0.18460797881942356,0.6875581487598538,0.4341665985337803,0.6663856294979847,0.4861288805782458,0.2994587651609487,0.1244317897996903,0.3404260355830005,0.30621440843715897,0.5368396850031615,0.680706138406352,0.303680552316089,0.0,0.9207029102191501,0.0,0.0,0.0,0.0,1.0,1.0,0.0,0.6666666666666666,1.0,1.0,0.3333333333333333,0.9344262295081968,0.6764705882352942,0.9595959595959596,1.0,0.84,1.0,0.6071428571428571,1.0,0.9230769230769231,1.0,0.5,0.0,0.9444444444444444,0.0,0.0,0.0,0.0
40,0.2209989391319536,0.5533867775229694,0.4375397906675845,0.4126037872135874,0.40821905213516024,0.8473804100227791,0.79079089855142,0.8712985008818342,0.7918729920273476,0.3306859367309499,0.15625427204374573,0.0,0.3422828858557072,0.33962335216572503,0.18874172185430463,0.12804689910521444,0.5321122293091443,0.4445614335001399,0.5324792464227118,0.6453755387550343,0.3727029468604558,0.36298047020773727,0.7672694437183661,0.2120466059522117,0.4575750841584566,0.7183325656379549,0.4279111407216173,0.0,0.916734459017044,0.0,0.0,0.0,0.0,1.0,0.5,0.0,0.6666666666666666,1.0,0.5,0.3333333333333333,0.8405797101449275,0.8571428571428571,0.944954128440367,0.8333333333333334,0.8148148148148148,1.0,1.0,0.034482758620689655,0.9375,1.0,1.0,0.0,0.9714285714285714,0.0,0.0,0.0,0.0,0.501016880211511,0.08876980428704567,0.0,0.130256098025039,0.4760697975238246,0.1419118128808229,0.16014921533316182,0.6741741137321203,0.4738169380352144,0.6100251786703699,0.5162960534496988,0.3015018431922146,0.07094578166788232,0.3886261057952699,0.35322421809750565,0.5473789925564176,0.7400816249050873,0.31883900592597186,0.0,0.9337847055554152,0.0,0.0,0.0,0.0,1.0,1.0,0.0,0.6666666666666666,1.0,1.0,0.3333333333333333,0.9206349206349206,0.75,0.9196428571428571,1.0,0.88,1.0,0.6375,1.0,0.9375,1.0,0.6666666666666666,0.0,0.9714285714285714,0.0,0.0,0.0,0.0
41,0.22028486361653143,0.5396823735883631,0.4409456539871774,0.40405389394603686,0.40755540928021017,0.8223234624145785,0.7790162952143425,0.8744143211534516,0.7846850135918764,0.40446999865765804,0.1618591934381408,0.0,0.26908654567271634,0.37480225988700566,0.21540606483095154,0.13092666872364497,0.49951415310399244,0.5084659497093836,0.4278644834257075,0.6135518971242846,0.3881176457135016,0.3484264211966662,0.8107311741083097,0.19699021933533387,0.4326526580903232,0.7713035467526486,0.44775249318148697,0.0,0.9351003988174369,0.0,0.0,0.0,0.0,1.0,0.5,0.0,0.6666666666666666,0.9285714285714286,0.5,0.3333333333333333,0.8260869565217391,0.9591836734693877,0.8256880733944955,0.75,0.8518518518518519,1.0,1.0,0.034482758620689655,0.875,1.0,1.0,0.0,0.9714285714285714,0.0,0.0,0.0,0.0,0.4512529952076677,0.09516154959009805,0.0,0.1247421485687797,0.4282118036878456,0.1498908561726898,0.16575520833333332,0.7024712457506265,0.4373299916457811,0.6783560456057253,0.5490597771792051,0.2821990247066013,0.14345710627400768,0.3373977709872331,0.27976279040108826,0.5240041468958092,0.6811617784647928,0.3241393862663532,0.0,0.9186164652910261,0.0,0.0,0.0,0.0,1.0,1.0,0.0,0.6666666666666666,0.9285714285714286,1.0,0.5,0.95,0.6351351351351351,0.9782608695652174,1.0,0.8214285714285714,1.0,0.6071428571428571,1.0,0.9333333333333333,1.0,0.8,0.0,0.918918918918919,0.0,0.0,0.0,0.0
42,0.2196772089613129,0.5408133154804682,0.4410864253611086,0.3991079758895918,0.4056096959864727,0.8314350797266514,0.7722099142635026,0.8399701100041095,0.7626823004574199,0.44111593359881873,0.13260423786739575,0.0,0.27488625568721564,0.36306967984934085,0.20338096897873822,0.1276869279029106,0.50954881106513,0.511189506729245,0.42665028691769585,0.6441037235921713,0.3740866104815378,0.30153004104988185,0.7870953433294521,0.2121813052360605,0.40991135583594657,0.7649930907415937,0.5228914659282546,0.0,0.9326301117085657,0.0,0.0,0.0,0.0,1.0,0.5,0.0,0.6666666666666666,0.9285714285714286,0.5,0.0,0.8260869565217391,0.9387755102040817,0.8532110091743119,0.9166666666666666,0.8888888888888888,1.0,1.0,0.034482758620689655,0.875,1.0,1.0,0.0,0.9714285714285714,0.0,0.0,0.0,0.0,0.4308408355912945,0.077949212471874,0.0,0.14403604830892563,0.45143539549477824,0.13992805755395685,0.15215393100067406,0.680665343901309,0.42809499484289537,0.6780895669546716,0.4911849648691754,0.28777968867522025,0.12494845360824743,0.35661735678961837,0.30474736943927944,0.5219893092967194,0.6758362496947994,0.3158444106291736,0.0,0.9218023768900394,0.0,0.0,0.0,0.0,1.0,1.0,0.0,0.6666666666666666,1.0,1.0,0.0,0.9344262295081968,0.647887323943662,0.9789473684210527,1.0,0.8571428571428571,1.0,0.6296296296296297,1.0,0.9333333333333333,1.0,0.5,0.0,0.9714285714285714,0.0,0.0,0.0,0.0
43,0.2185656167724817,0.5474068490209316,0.4440762332869967,0.40682503298897543,0.41137793664549394,0.826879271070615,0.7646945889701668,0.8101311955490643,0.7520905905976812,0.38833952302116426,0.1673274094326726,0.0,0.32233388330583473,0.37610169491525425,0.21592889508539562,0.12028180602694642,0.5576622159384259,0.46265113604575264,0.45289937882114784,0.6391295131774182,0.3856819403309357,0.300410498818261,0.7908260659490373,0.21472562504209353,0.4315250582318905,0.7841547673883004,0.4630967500156149,0.0,0.9202960376197941,0.0,0.0,0.0,0.0,1.0,0.5,0.0,0.6666666666666666,0.9285714285714286,0.5,0.0,0.8695652173913043,0.8367346938775511,0.8623853211009175,0.8333333333333334,0.8518518518518519,1.0,1.0,0.06896551724137931,0.875,1.0,1.0,0.0,0.9714285714285714,0.0,0.0,0.0,0.0,0.47025357607282187,0.0870245289726271,0.0,0.13024505545566578,0.455407839828518,0.14305507447177002,0.18797717592220525,0.6493405597380737,0.4599793726026445,0.6682373698900709,0.5816657235454499,0.2887232913299548,0.142226148409894,0.355755491813501,0.3075752216183769,0.5119019722710408,0.6365063934793987,0.3123753616268292,0.0,0.9346004367527159,0.0,0.0,0.0,0.0,1.0,0.5,0.0,0.6666666666666666,1.0,1.0,0.0,0.8695652173913043,0.6721311475409836,0.9591836734693877,1.0,0.8518518518518519,1.0,0.6296296296296297,1.0,0.9333333333333333,1.0,0.5,0.0,1.0,0.0,0.0,0.0,0.0
44,0.21910108352454213,0.5480313365498068,0.43673019541466984,0.39802292608279466,0.40330685056365523,0.8291571753986332,0.7772872583366978,0.8668286197268762,0.7807173068752944,0.42639491699852344,0.13602187286397813,0.0,0.2855357232138393,0.3335216572504708,0.16826420355524574,0.150416538105523,0.49775080687652073,0.48764880489851736,0.5038874694920373,0.6266091994630114,0.33826001440839804,0.3007836795621346,0.7995310853947358,0.184425769469659,0.4620937142480884,0.7797328420082911,0.4519581103870417,0.0,0.928307109268041,0.0,0.0,0.0,0.0,1.0,0.5,0.0,0.6666666666666666,0.9285714285714286,0.5,0.3333333333333333,0.8405797101449275,0.8979591836734694,0.8899082568807339,0.75,0.7407407407407407,1.0,1.0,0.034482758620689655,0.9375,1.0,1.0,0.0,0.9714285714285714,0.0,0.0,0.0,0.0,0.41560905403637316,0.09146902004044861,0.0,0.15017091769655536,0.44750473783954514,0.12196816574027286,0.12081285366155879,0.7037832900322699,0.4477218490602382,0.6334656244147595,0.5543304330433043,0.30692648104050263,0.10208993033565548,0.33837850522116625,0.33460504521139384,0.517408854646662,0.6411635482160443,0.3120534751671099,0.0,0.924950884086444,0.0,0.0,0.0,0.0,1.0,1.0,0.0,0.6666666666666666,1.0,1.0,0.3333333333333333,0.9354838709677419,0.6875,0.941747572815534,1.0,0.8695652173913043,1.0,0.5930232558139535,1.0,0.9375,1.0,0.6666666666666666,0.0,0.9714285714285714,0.0,0.0,0.0,0.0
45,0.21837600006327362,0.5517125482230358,0.4454742803835672,0.4099105141918298,0.4145350245040449,0.8428246013667426,0.769926296432918,0.8017305360104549,0.753165648821219,0.39849657702805497,0.1391660970608339,0.0,0.3163841807909605,0.36504708097928434,0.19457999302892995,0.14835955980664403,0.5090245729975033,0.5129728343642185,0.4958207152127599,0.6407263477707906,0.36458392891856967,0.31807438736161214,0.7693051034067596,0.23212428253923117,0.4219610360749648,0.7895439889451865,0.4854781287085424,0.0,0.9168882319093633,0.0,0.0,0.0,0.0,1.0,0.0,0.0,0.6666666666666666,1.0,0.5,0.3333333333333333,0.8115942028985508,0.9387755102040817,0.8899082568807339,0.9166666666666666,0.8518518518518519,1.0,1.0,0.10344827586206896,0.875,1.0,1.0,0.0,0.9714285714285714,0.0,0.0,0.0,0.0,0.4721162001696353,0.07980558168704924,0.0,0.1487401278676194,0.4613370778494419,0.1379757785467128,0.1638273708120386,0.6793115510594919,0.43326212438922745,0.6370694334101582,0.5562357386461222,0.3046278204289106,0.13006103763987792,0.3746706529077057,0.35042590207641383,0.5465856388933312,0.6683693363487483,0.29974804607157546,0.0,0.934219836648876,0.0,0.0,0.0,0.0,1.0,0.0,0.0,0.5,1.0,1.0,0.3333333333333333,0.9655172413793104,0.6666666666666666,0.9509803921568627,1.0,0.8846153846153846,1.0,0.6538461538461539,1.0,0.9333333333333333,1.0,0.5714285714285714,0.0,0.9714285714285714,0.0,0.0,0.0,0.0
46,0.21792464563641056,0.5469577370112244,0.4421970171799255,0.40439561995551043,0.4099161148282735,0.8382687927107062,0.7809740787266305,0.8641383670795436,0.7806834820166539,0.40664011812609063,0.14887218045112782,0.0,0.29888505574721264,0.3338606403013183,0.18769606134541653,0.17355754396791115,0.5387446351647246,0.4460417119945296,0.4810666971406182,0.6445841870981417,0.37530446317282073,0.31906953601194177,0.7895428874684156,0.22661657848852437,0.4089812917191371,0.7584983878397052,0.5036122504216027,0.0,0.9179720827794202,0.0,0.0,0.0,0.0,1.0,0.5,0.0,0.6666666666666666,0.9285714285714286,0.5,0.3333333333333333,0.8695652173913043,0.8775510204081632,0.8990825688073395,0.75,0.8518518518518519,1.0,1.0,0.034482758620689655,0.875,1.0,1.0,0.0,0.9714285714285714,0.0,0.0,0.0,0.0,0.44304692260816575,0.07665235447314704,0.0,0.14758307411247717,0.4491626339658973,0.1384852770991385,0.15390578685758585,0.6596566189676524,0.4598948047317841,0.6442708703423321,0.5243470663969101,0.2971103707995365,0.1275992438563327,0.3544923680953668,0.30602799252185336,0.5511496611466664,0.6851828735488703,0.3253921278484759,0.0,0.9351611118269952,0.0,0.0,0.0,0.0,1.0,1.0,0.0,0.6666666666666666,1.0,1.0,0.3333333333333333,0.9090909090909091,0.7166666666666667,0.9607843137254902,1.0,0.8846153846153846,1.0,0.6071428571428571,1.0,0.9333333333333333,1.0,0.5714285714285714,0.0,0.9714285714285714,0.0,0.0,0.0,0.0
47,0.2171756165647758,0.5428512710958123,0.44276600359821017,0.4056813225504007,0.41021215904874614,0.8223234624145785,0.7386209083444414,0.78273327443833,0.7254124072854595,0.4956597610631348,0.12180451127819548,0.0,0.28903554822258887,0.35097928436911485,0.16495294527710003,0.1441427542939422,0.5263614965672997,0.4746138066080254,0.4298561738321266,0.6437221790433124,0.3883978090086793,0.3068789650454037,0.7996974233459275,0.2001481692122337,0.46825024486201305,0.7702901888530631,0.46888467864504174,0.0,0.9261121252405802,0.0,0.0,0.0,0.0,1.0,0.0,0.0,0.6666666666666666,0.9285714285714286,0.5,0.0,0.8405797101449275,0.8775510204081632,0.8532110091743119,0.8333333333333334,0.8518518518518519,1.0,1.0,0.034482758620689655,0.9375,1.0,1.0,0.0,0.9714285714285714,0.0,0.0,0.0,0.0,0.39936188622106855,0.09397742854129311,0.0,0.15152547703921157,0.46323821833366474,0.16446568201563858,0.16820691310609698,0.6775800954328561,0.44128080454870566,0.6870867677614433,0.5262166876523386,0.2710272543379123,0.10976640711902114,0.34361046068394685,0.2873318722873963,0.5482888561212788,0.6884726224783861,0.35282229637636886,0.0,0.9280040758505853,0.0,0.0,0.0,0.0,1.0,0.0,0.0,0.5,1.0,1.0,0.0,0.90625,0.6515151515151515,0.96875,1.0,0.8214285714285714,1.0,0.6144578313253012,1.0,0.8823529411764706,1.0,0.8,0.0,0.9444444444444444,0.0,0.0,0.0,0.0
48,0.21749629119022554,0.555941651434668,0.44555629016159437,0.40676041797678647,0.41434752595428237,0.8451025056947609,0.7954520257256681,0.8761694533962294,0.8043004090289074,0.40368696585977,0.14080656185919344,0.0,0.3048847557622119,0.3232956685499058,0.19153014987800626,0.1331893448524118,0.5229327677916604,0.47470316725204365,0.5058730378992564,0.644711368614428,0.37352056627291336,0.33735539246174895,0.7779071517398157,0.23297737800360696,0.47780603636303776,0.8081068631966836,0.4396119173034082,0.0,0.9271141292485962,0.0,0.0,0.0,0.0,1.0,0.5,0.0,0.6666666666666666,1.0,0.5,0.3333333333333333,0.8260869565217391,0.8979591836734694,0.8990825688073395,0.8333333333333334,0.8148148148148148,1.0,1.0,0.13793103448275862,0.9375,1.0,1.0,0.0,0.9714285714285714,0.0,0.0,0.0,0.0,0.456094231838633,0.08837408837408837,0.0,0.1626914252174377,0.4375207074954762,0.14155986346364396,0.1489704359829748,0.6661438887258722,0.4675048881372275,0.6376549148322109,0.5958260960415823,0.3043196735439211,0.12080716290257917,0.375110764811929,0.30603859273166945,0.5425978371608297,0.624119530416222,0.3194209125015128,0.0,0.9269325094043459,0.0,0.0,0.0,0.0,1.0,1.0,0.0,0.6666666666666666,1.0,1.0,0.3333333333333333,0.9344262295081968,0.6875,0.9333333333333333,1.0,0.88,1.0,0.6538461538461539,1.0,0.9375,1.0,0.8,0.0,0.9444444444444444,0.0,0.0,0.0,0.0
49,0.2172431261125071,0.54618801009058,0.44231380795871134,0.3970175014268899,0.4052857456188152,0.826879271070615,0.7362116761983137,0.7790838012290123,0.720855277176135,0.4678061658239742,0.13643198906356802,0.0,0.3414329283535823,0.3363276836158192,0.20294527710003485,0.10835133189344852,0.5151909894596376,0.4543095141889162,0.48653976442547076,0.631102946371794,0.3357785680796807,0.319193929593233,0.791697359979089,0.20375511670196286,0.49079401137476647,0.7701980654076462,0.44433803168786823,0.0,0.9254548701363122,0.0,0.0,0.0,0.0,1.0,0.0,0.0,0.6666666666666666,1.0,0.5,0.0,0.8260869565217391,0.8979591836734694,0.8899082568807339,0.75,0.7777777777777778,1.0,1.0,0.034482758620689655,0.9375,1.0,1.0,0.0,0.9714285714285714,0.0,0.0,0.0,0.0,0.42208316511909566,0.08773626373626374,0.0,0.14044504771306351,0.4201821047926029,0.12960489705063996,0.13457239573353771,0.6790234608096649,0.4613593949126261,0.63918736327371,0.521985086140396,0.30341089917129926,0.11060821587137376,0.34074707921821573,0.33070177569412396,0.5061926469215032,0.6717419251165033,0.32205589424760067,0.0,0.9246774101617967,0.0,0.0,0.0,0.0,1.0,0.0,0.0,0.5,1.0,1.0,0.0,0.9193548387096774,0.6875,0.941747572815534,1.0,0.84,1.0,0.6144578313253012,1.0,0.8823529411764706,1.0,0.6666666666666666,0.0,0.9714285714285714,0.0,0.0,0.0,0.0
50,0.21600357701552456,0.5545947339628714,0.4442213807637929,0.4089409869788045,0.4147515785858961,0.8382687927107062,0.781309776053548,0.8605272105636568,0.782089142379735,0.44078034811400957,0.17935748462064252,0.0,0.231988400579971,0.3821280602636535,0.18499477169745557,0.1541190990435051,0.5277065114074733,0.4898944767351506,0.500410173946404,0.6476648060481877,0.3745668904161283,0.34382385868889165,0.7717684892553605,0.22602539829829904,0.44815098315184737,0.755366190695532,0.4179175948866357,0.0,0.919321315899125,0.0,0.0,0.0,0.0,1.0,0.5,0.0,0.6666666666666666,1.0,0.25,0.3333333333333333,0.8260869565217391,0.9183673469387755,0.8715596330275229,0.8333333333333334,0.8518518518518519,1.0,1.0,0.10344827586206896,0.9375,1.0,1.0,0.0,0.9714285714285714,0.0,0.0,0.0,0.0,0.4394824894044167,0.08788853161843516,0.0,0.13604644344103678,0.43537312792344335,0.12445043671962014,0.15989116517285532,0.6695152388534497,0.4423702352342695,0.6394037213959407,0.5736672799869826,0.3065071537518598,0.11085709702001363,0.3694960503911687,0.327848211184439,0.5761250251298818,0.6780088477281184,0.34753025502519086,0.0,0.9364764556373577,0.0,0.0,0.0,0.0,1.0,0.5,0.0,1.0,1.0,1.0,0.3333333333333333,0.9193548387096774,0.6617647058823529,0.9595959595959596,0.9090909090909091,0.8518518518518519,1.0,0.6455696202531646,1.0,0.9375,1.0,0.8,0.0,0.9714285714285714,0.0,0.0,0.0,0.0
51,0.21591373742296024,0.5493807653655534,0.44310825666516573,0.40445359263945757,0.4102422270966132,0.8382687927107062,0.7868271622664331,0.8861603387966406,0.7970769177224925,0.44713409995972975,0.14572795625427204,0.0,0.28598570071496426,0.3484934086629002,0.16747995817357963,0.13195515787308443,0.5287761688787924,0.4985236067510024,0.4569684676227869,0.6622200240231753,0.3758533545266384,0.33449434009205126,0.7683546008285214,0.23777416916733393,0.4307596072331004,0.7554122524182404,0.4686556598863234,0.0,0.9313800869064862,0.0,0.0,0.0,0.0,1.0,0.5,0.0,0.6666666666666666,1.0,0.25,0.3333333333333333,0.8260869565217391,0.9183673469387755,0.8440366972477065,0.9166666666666666,0.8888888888888888,1.0,1.0,0.1724137931034483,0.875,1.0,1.0,0.0,0.9714285714285714,0.0,0.0,0.0,0.0,0.43654711458651874,0.08763564616902335,0.0,0.1420235878336437,0.4459573442583444,0.14145874733200853,0.1440197564124151,0.6725373456000215,0.43028839704896044,0.6650994392434538,0.49699862127479055,0.2843523172620232,0.09585769285612435,0.3899485851881927,0.33988340375461307,0.5536677739457927,0.6881215121889817,0.34093146535403257,0.0,0.9248359172012954,0.0,0.0,0.0,0.0,1.0,1.0,0.0,1.0,1.0,1.0,0.3333333333333333,0.9193548387096774,0.6338028169014085,0.9583333333333334,0.9166666666666666,0.8571428571428571,1.0,0.68,1.0,0.9333333333333333,1.0,0.8,0.0,0.918918918918919,0.0,0.0,0.0,0.0
52,0.21589504774482338,0.5502597357480185,0.44395059204345055,0.4113827804981518,0.4143378878378322,0.8405466970387244,0.7664732184562334,0.8038838562490523,0.761963505142178,0.3627231643473981,0.12453861927546138,0.0,0.32423378831058447,0.34299435028248587,0.22716974555594283,0.1449141211560218,0.5270975479955837,0.4752859540608585,0.47335910014774424,0.6466897477566593,0.3907134444075976,0.3367334245552929,0.7779309143042717,0.2357087801483189,0.4988435928459139,0.7954859511745739,0.3863130061835065,0.0,0.9203754042738943,0.0,0.0,0.0,0.0,1.0,0.0,0.0,0.6666666666666666,0.9285714285714286,0.75,0.3333333333333333,0.8405797101449275,0.8775510204081632,0.8807339449541285,0.8333333333333334,0.8888888888888888,1.0,1.0,0.13793103448275862,0.9375,1.0,0.75,0.0,0.9714285714285714,0.0,0.0,0.0,0.0,0.523,0.08631798370286148,0.0,0.1417424374890715,0.4625876257238647,0.14473684210526316,0.17714357555946694,0.6736896249496628,0.44820233240637947,0.6516089161060157,0.555612213925818,0.294382458105372,0.15731055323105533,0.3532562171338959,0.324370526749395,0.5307505714010491,0.6236232983064313,0.32488225097613505,0.0,0.9316726210949955,0.0,0.0,0.0,0.0,1.0,0.0,0.0,0.5,1.0,1.0,0.3333333333333333,0.90625,0.6825396825396826,0.96,1.0,0.8571428571428571,1.0,0.6538461538461539,1.0,0.8823529411764706,1.0,0.75,0.0,0.9444444444444444,0.0,0.0,0.0,0.0
53,0.21541429567043038,0.5487177705627796,0.4411444920798935,0.4068388590197984,0.41035347240325737,0.835990888382688,0.7612041825917755,0.8326917091765654,0.7570499278237661,0.4200187927871493,0.13520164046479835,0.0,0.28263586820658965,0.31986817325800376,0.17523527361449984,0.10202612362439577,0.49736159982631306,0.5032830323563237,0.46656980303487905,0.6468593231117078,0.39787762009857175,0.34170916780694116,0.775808125212873,0.22175243768287298,0.4944484225947966,0.786273606632888,0.44523328683558533,0.0,0.9284385602888946,0.0,0.0,0.0,0.0,1.0,0.5,0.0,0.3333333333333333,1.0,0.5,0.0,0.8115942028985508,0.9387755102040817,0.8715596330275229,0.9166666666666666,0.8518518518518519,1.0,1.0,0.06896551724137931,0.9375,1.0,1.0,0.0,0.9714285714285714,0.0,0.0,0.0,0.0,0.46264169541646133,0.08131217627230124,0.0,0.17450762486880286,0.47176624170208037,0.1448742885959225,0.14415461745259028,0.6888434994976201,0.4365027749603216,0.6504117772562407,0.5334086883564836,0.2804655886762643,0.11570213124420857,0.36976702921667304,0.33323962034996174,0.5397241813036252,0.6472283309319785,0.3211250262786437,0.0,0.9274241699761913,0.0,0.0,0.0,0.0,1.0,1.0,0.0,0.5,1.0,1.0,0.0,0.9491525423728814,0.6666666666666666,0.95,1.0,0.8518518518518519,1.0,0.6455696202531646,1.0,0.8823529411764706,1.0,0.5714285714285714,0.0,0.9714285714285714,0.0,0.0,0.0,0.0
54,0.2148295145991006,0.5443597516950526,0.44895645542682355,0.3939501666683396,0.40573519133515834,0.8405466970387244,0.7812408246992493,0.8415079238560828,0.7723070246545267,0.4890822855608752,0.15803144224196855,0.0,0.3007349632518374,0.396045197740113,0.21540606483095154,0.1644554149953718,0.526046424193322,0.45212212103316446,0.47544466120856427,0.6354695117642902,0.3448867339820924,0.3423311357133972,0.7888537730991929,0.21846727181567152,0.373976312172317,0.783694150161216,0.48843455268472447,0.0,0.9277341812337546,0.0,0.0,0.0,0.0,1.0,0.5,0.0,0.6666666666666666,0.9285714285714286,0.75,0.0,0.8405797101449275,0.9183673469387755,0.908256880733945,0.9166666666666666,0.8148148148148148,1.0,1.0,0.034482758620689655,0.8125,1.0,1.0,0.0,0.9714285714285714,0.0,0.0,0.0,0.0,0.38256654358364106,0.07490927941938828,0.0,0.16075150996846438,0.39753501824162113,0.11789955644584346,0.13805309734513274,0.6715485131380595,0.46501098901098903,0.6522846832016082,0.540967435369976,0.29788242730720604,0.1064891846921797,0.35224752681858856,0.2877219955453058,0.5703723230649494,0.6259058970680205,0.32173567206549913,0.0,0.9272213477436387,0.0,0.0,0.0,0.0,1.0,1.0,0.0,0.6666666666666666,1.0,1.0,0.0,0.9206349206349206,0.7142857142857143,0.9705882352941176,1.0,0.88,1.0,0.6219512195121951,1.0,0.9285714285714286,1.0,0.5,0.0,0.9444444444444444,0.0,0.0,0.0,0.0
55,0.21444612623499268,0.5445899582237934,0.44059924110466403,0.398596515581829,0.4048384262105445,0.8337129840546698,0.7663903477915406,0.8474880113315012,0.7670855186889577,0.41236744373350037,0.15023923444976076,0.0,0.3256837158142093,0.39346516007532956,0.1754095503659812,0.09189550550241694,0.5018758720753208,0.49539598421036274,0.46195177497163475,0.6263830989896135,0.36978696154329954,0.3162084836422441,0.7830398656623023,0.20064954987989314,0.44158291974287434,0.7926761860893597,0.4573921009348129,0.0,0.9347829322010357,0.0,0.0,0.0,0.0,1.0,0.5,0.0,0.6666666666666666,1.0,0.5,0.0,0.8260869565217391,0.9387755102040817,0.8807339449541285,0.75,0.8518518518518519,1.0,1.0,0.034482758620689655,0.875,1.0,1.0,0.0,0.9714285714285714,0.0,0.0,0.0,0.0,0.4498791828366405,0.0873053701938354,0.0,0.1371743845684082,0.4058942378676613,0.16231253023705855,0.14909060570665778,0.6942505329006644,0.4324939454171726,0.6572127835003658,0.4889202633988154,0.2987449708761184,0.10361553825459585,0.3530163763489241,0.2936415805151568,0.5471242096675505,0.6382213321465658,0.3576265668240273,0.0,0.9182128692127035,0.0,0.0,0.0,0.0,1.0,1.0,0.0,0.6666666666666666,0.9333333333333333,1.0,0.0,0.95,0.6865671641791045,0.9504950495049505,1.0,0.8518518518518519,1.0,0.6219512195121951,1.0,0.875,1.0,0.8,0.0,0.918918918918919,0.0,0.0,0.0,0.0
56,0.2150632524616416,0.5534127280771184,0.4406018287015643,0.407260730059844,0.4111426860982497,0.8428246013667426,0.7718064617592041,0.8308499215989721,0.7702300364401443,0.40578996823124075,0.147095010252905,0.0,0.2864856757162142,0.3535216572504708,0.20433949111188568,0.11231101511879049,0.5325464466984916,0.46425185714729744,0.5118195397889135,0.6443580866247439,0.34615604523779575,0.34556536882696853,0.77958637296137,0.2267662443594675,0.46852185650674505,0.7654076462459696,0.4152110095563282,0.0,0.9210996249925594,0.0,0.0,0.0,0.0,1.0,0.5,0.0,0.6666666666666666,0.8571428571428571,0.5,0.0,0.8260869565217391,0.9183673469387755,0.9174311926605505,0.9166666666666666,0.7777777777777778,1.0,1.0,0.10344827586206896,0.9375,1.0,1.0,0.0,0.9714285714285714,0.0,0.0,0.0,0.0,0.47203643461288225,0.0844650286521705,0.0,0.14498620986311075,0.4519779452483567,0.12803013758462548,0.14476998541694286,0.6588337798974103,0.4603651606390889,0.6311813290518061,0.5596288614244161,0.30750086345259137,0.1024374055090527,0.35593857815517477,0.32602801626751016,0.5374143237476634,0.6931547991490427,0.3373422646232958,0.0,0.9346020177820503,0.0,0.0,0.0,0.0,1.0,1.0,0.0,0.6666666666666666,1.0,0.6666666666666666,0.0,0.9344262295081968,0.703125,0.9433962264150944,1.0,0.875,1.0,0.6455696202531646,1.0,0.8823529411764706,1.0,0.6666666666666666,0.0,0.9714285714285714,0.0,0.0,0.0,0.0
57,0.21451315277080144,0.5471017207310187,0.444785064614156,0.40280098289992095,0.409159728416576,0.8382687927107062,0.79000036827203,0.8744506924327186,0.793458687705794,0.4437335003803302,0.13260423786739575,0.0,0.30913454327283635,0.3848210922787194,0.22350993377483444,0.13545202098117864,0.5281407287968207,0.4712569545892519,0.47385906341574907,0.64582773970183,0.3702729590961589,0.32591118298295807,0.7903270520954622,0.18550336374044946,0.42076759096932437,0.772639336711193,0.46576169557161,0.0,0.926608166828707,0.0,0.0,0.0,0.0,1.0,0.5,0.0,0.6666666666666666,1.0,0.5,0.3333333333333333,0.8405797101449275,0.8979591836734694,0.8899082568807339,0.8333333333333334,0.8148148148148148,1.0,1.0,0.034482758620689655,0.9375,1.0,1.0,0.0,0.9714285714285714,0.0,0.0,0.0,0.0,0.4377400132421099,0.09358417752050169,0.0,0.1438910868047475,0.4402361254739745,0.1238113626490322,0.16851129166400103,0.6633478324487543,0.4485343332482814,0.6610565152533109,0.5082235195996664,0.2919273697686579,0.11300897170462387,0.35200897503289785,0.3175064682224556,0.5444070540126086,0.6866710332405437,0.32681772362712014,0.0,0.9291338386852891,0.0,0.0,0.0,0.0,1.0,1.0,0.0,0.6666666666666666,1.0,1.0,0.3333333333333333,0.9206349206349206,0.676923076923077,0.9509803921568627,1.0,0.88,1.0,0.6296296296296297,1.0,0.9375,1.0,0.8,0.0,0.9444444444444444,0.0,0.0,0.0,0.0
58,0.21390812849665955,0.54769983914842,0.44258443118303553,0.4004987049854922,0.4083015416908442,0.8314350797266514,0.7748821508638752,0.8493259116216634,0.7740062936900701,0.4465971631840351,0.1621326042378674,0.0,0.24813759312034397,0.38740112994350284,0.18638898570930637,0.11899619459014707,0.533520788157515,0.48105942871351753,0.4565542123435829,0.6337737582138062,0.36093608846298986,0.3093668366712278,0.7802834081854114,0.2080879436657662,0.4649744438134275,0.7698756333486872,0.48860111178197413,0.0,0.9298324371515307,0.0,0.0,0.0,0.0,1.0,0.5,0.0,0.6666666666666666,1.0,0.5,0.0,0.8405797101449275,0.8571428571428571,0.8715596330275229,0.9166666666666666,0.8518518518518519,1.0,1.0,0.034482758620689655,0.9375,1.0,1.0,0.0,0.9714285714285714,0.0,0.0,0.0,0.0,0.41366876657824936,0.09628186393895113,0.0,0.13044049621530698,0.4182287642825194,0.15496631167137578,0.13674506559508331,0.6634903492193108,0.4458740704730009,0.658114504063797,0.5364135439964597,0.2975653444578001,0.08782399886997669,0.3588680592491129,0.34734002023558214,0.514784811510739,0.6928370087879291,0.3326482303080129,0.0,0.9228854802856531,0.0,0.0,0.0,0.0,1.0,1.0,0.0,0.6666666666666666,1.0,1.0,0.0,0.8787878787878788,0.6666666666666666,0.9595959595959596,1.0,0.8518518518518519,1.0,0.6375,1.0,0.8823529411764706,1.0,0.8,0.0,0.9444444444444444,0.0,0.0,0.0,0.0
59,0.2140616415295945,0.5517715648058584,0.4419850999761279,0.40354930804880024,0.4087283463912754,0.8291571753986332,0.7589015542985983,0.8554312201686218,0.7701101418228351,0.40760212984921024,0.14600136705399863,0.0,0.2848857557122144,0.33676082862523543,0.20399093760892298,0.16239843669649284,0.535360916728225,0.46394880800671373,0.5216310638402076,0.6477071998869498,0.34400050315040764,0.3593730563502923,0.8036736924648908,0.18677552364346597,0.44399450192185813,0.7948871487793644,0.40298973579563196,0.0,0.9097501934562193,0.0,0.0,0.0,0.0,1.0,0.5,0.0,0.6666666666666666,0.8571428571428571,0.5,0.3333333333333333,0.8405797101449275,0.8979591836734694,0.9174311926605505,0.75,0.7037037037037037,1.0,1.0,0.034482758620689655,0.9375,1.0,0.75,0.0,0.9714285714285714,0.0,0.0,0.0,0.0,0.4799020124328311,0.08760561069641538,0.0,0.14982120319730752,0.43666821323044613,0.11376779899888224,0.17712715239217006,0.668609880298922,0.4548650790023007,0.6215423669467787,0.5307249632365713,0.3118714881088142,0.13927590030371692,0.3475033992403511,0.3281056921256737,0.5579413346572338,0.6060829557826714,0.3125615644226266,0.0,0.9399109298046913,0.0,0.0,0.0,0.0,1.0,1.0,0.0,1.0,1.0,0.6666666666666666,0.3333333333333333,0.9354838709677419,0.7213114754098361,0.9090909090909091,0.9,0.8636363636363636,1.0,0.6144578313253012,1.0,0.8823529411764706,1.0,0.6,0.0,0.9714285714285714,0.0,0.0,0.0,0.0
60,0.21350396240438094,0.5565418626386942,0.4453030931681703,0.4076576667717765,0.41403783992456206,0.835990888382688,0.761102944785013,0.8351091717760593,0.7628875904682955,0.46389100183453397,0.16158578263841422,0.0,0.2864856757162142,0.35354048964218454,0.2181944928546532,0.1320065823305564,0.5419747889147478,0.45087107201690857,0.5246614534442368,0.6142584611036529,0.34214799483127306,0.3378529667869138,0.7881805004396074,0.2077586787496913,0.46490036791031875,0.7697835099032704,0.43203347837854716,0.0,0.92532837953134,0.0,0.0,0.0,0.0,1.0,0.5,0.0,0.6666666666666666,0.9285714285714286,0.5,0.0,0.855072463768116,0.8979591836734694,0.9174311926605505,0.75,0.7407407407407407,1.0,1.0,0.034482758620689655,0.9375,1.0,1.0,0.0,0.9714285714285714,0.0,0.0,0.0,0.0,0.43496958254667506,0.09439386679444178,0.0,0.14464948375533285,0.4406910960351182,0.11754213021640145,0.14376120071684587,0.659738359444747,0.4701323534773678,0.6206769186200903,0.627171466497374,0.3210974222489322,0.11279538186801777,0.3576326741854096,0.3182735297489396,0.5437113759313094,0.6528380014844329,0.35048220649585354,0.0,0.927280951824687,0.0,0.0,0.0,0.0,1.0,1.0,0.0,0.6666666666666666,1.0,0.6666666666666666,0.0,0.921875,0.7333333333333333,0.9174311926605505,1.0,0.8695652173913043,1.0,0.6296296296296297,1.0,0.8823529411764706,1.0,0.8,0.0,0.9444444444444444,0.0,0.0,0.0,0.0
61,0.21269275073439606,0.5462930679791508,0.4420266069549629,0.40205593677534407,0.40940096832660455,0.8314350797266514,0.7847172773287876,0.8661520165182314,0.7849925163363043,0.44078034811400957,0.18687628161312372,0.0,0.27958602069896504,0.3547457627118644,0.20120250958522135,0.16502108402756352,0.5185561742270798,0.47311798713206726,0.4706552171677183,0.6391436444570056,0.36479548079452023,0.29543475556661275,0.7915627054471719,0.20508714295335664,0.47201165460875577,0.7463841547673883,0.4260581707647145,0.0,0.9254598305521935,0.0,0.0,0.0,0.0,1.0,0.5,0.0,0.6666666666666666,0.9285714285714286,0.5,0.3333333333333333,0.8260869565217391,0.8979591836734694,0.8807339449541285,0.8333333333333334,0.8148148148148148,1.0,1.0,0.034482758620689655,0.9375,1.0,1.0,0.0,0.9714285714285714,0.0,0.0,0.0,0.0,0.4293777923068541,0.08134967864794097,0.0,0.1272412851551834,0.4314080249175522,0.1254823107439813,0.15576913742051357,0.667771356484086,0.4529386165571264,0.6596215665862057,0.5595778638326302,0.2962574294205052,0.17291590826356024,0.3386330520822744,0.3239594784685036,0.5326225260283641,0.6299175866894728,0.32339322682090427,0.0,0.9287700215305348,0.0,0.0,0.0,0.0,1.0,1.0,0.0,0.6666666666666666,1.0,1.0,0.3333333333333333,0.9344262295081968,0.676923076923077,0.9504950495049505,1.0,0.8461538461538461,1.0,0.6071428571428571,1.0,0.9375,1.0,0.6666666666666666,0.0,0.9714285714285714,0.0,0.0,0.0,0.0
62,0.21283591686276832,0.5467744089028818,0.4416573327270668,0.4038291841338726,0.4099748413223773,0.8428246013667426,0.7815472220812052,0.8645979736144267,0.7866137983634518,0.3910913239965994,0.14381408065618592,0.0,0.279886005699715,0.3801129943502825,0.20216103171836877,0.1254242517741438,0.5151115594493911,0.49159232897149785,0.4764200997477736,0.6457853458630679,0.35087879792793514,0.3404652319940291,0.7926637042669645,0.21913328494136838,0.478283414405294,0.7922616305849839,0.4107555537048989,0.0,0.913991349034703,0.0,0.0,0.0,0.0,1.0,0.5,0.0,0.6666666666666666,1.0,0.5,0.3333333333333333,0.8260869565217391,0.9387755102040817,0.8899082568807339,0.8333333333333334,0.8518518518518519,1.0,1.0,0.06896551724137931,0.9375,1.0,0.75,0.0,0.9714285714285714,0.0,0.0,0.0,0.0,0.49942860407976686,0.08555627846454131,0.0,0.1510523475445224,0.44898231564898233,0.12503368364322284,0.1447735501869769,0.6727561309597908,0.4372337006665906,0.6471959637401935,0.5695218155307137,0.3050645244675986,0.13159919223002212,0.3452221608941631,0.2846768548763416,0.5323817463880313,0.6259553097023073,0.32403711915907035,0.0,0.9384540162268706,0.0,0.0,0.0,0.0,1.0,1.0,0.0,0.6666666666666666,1.0,1.0,0.3333333333333333,0.95,0.6764705882352942,0.9603960396039604,1.0,0.8846153846153846,1.0,0.6375,1.0,0.8823529411764706,1.0,0.6,0.0,0.9714285714285714,0.0,0.0,0.0,0.0
63,0.21277919971132078,0.5471783167214908,0.43818511198922755,0.4013017867154014,0.40789105597331254,0.835990888382688,0.7478854815229128,0.842970790960949,0.7471309521178093,0.48550270705624415,0.18209159261790842,0.0,0.26663666816659165,0.35041431261770245,0.15641338445451378,0.13766327265247352,0.5140101299739734,0.5085242283902651,0.47384477875094894,0.6395110577262771,0.3620681768802388,0.27615375046647594,0.7765685272754635,0.2095471859074616,0.4356486168382758,0.7704283740211884,0.41974974495638234,0.0,0.9225555070537114,0.0,0.0,0.0,0.0,1.0,0.5,0.0,0.6666666666666666,0.9285714285714286,0.25,0.3333333333333333,0.8260869565217391,0.9387755102040817,0.8899082568807339,0.8333333333333334,0.8518518518518519,0.5,1.0,0.034482758620689655,0.9375,1.0,1.0,0.0,0.9714285714285714,0.0,0.0,0.0,0.0,0.38673747616416876,0.09207161125319693,0.0,0.13358549170883222,0.44345670773850665,0.1442694100626909,0.14243149773876032,0.6605208988993416,0.42813777763239674,0.6524112702016229,0.563272469287928,0.30365731438901705,0.11772192173083042,0.36144014215615794,0.30584560269124905,0.5597089893937631,0.6633353162799921,0.3324703166226913,0.0,0.932357946926079,0.0,0.0,0.0,0.0,1.0,0.5,0.0,0.6666666666666666,1.0,1.0,0.3333333333333333,0.9344262295081968,0.6865671641791045,0.941747572815534,1.0,0.8846153846153846,1.0,0.6219512195121951,1.0,0.9375,1.0,0.6666666666666666,0.0,1.0,0.0,0.0,0.0,0.0
64,0.21216231897198903,0.5485122589162128,0.44055616000242537,0.40540093881052375,0.41020892602301423,0.8314350797266514,0.7728487287993973,0.8717589934197106,0.7746734573514252,0.4160588840664012,0.14613807245386193,0.0,0.29548522573871305,0.36523540489642187,0.18124782154060648,0.13015530186156535,0.5359566418050734,0.4872719360954838,0.46701670897648334,0.6306507454249982,0.36516712598200096,0.351287473566364,0.7911191375773273,0.1987487933189155,0.46592919989793985,0.7436204514048825,0.4341987466427932,0.0,0.9247232087938253,0.0,0.0,0.0,0.0,1.0,0.5,0.0,0.6666666666666666,1.0,0.25,0.3333333333333333,0.8260869565217391,0.9183673469387755,0.8715596330275229,0.75,0.8518518518518519,1.0,1.0,0.034482758620689655,0.9375,1.0,1.0,0.0,0.9714285714285714,0.0,0.0,0.0,0.0,0.4676137792305758,0.09001347254968002,0.0,0.1417538136812818,0.420940681093048,0.13512635613590593,0.15662128712871287,0.6601464919546827,0.4458569742474013,0.6572591299153351,0.5685530104211787,0.3004176975831867,0.12385964912280702,0.35109711256564746,0.3025356540757279,0.5254515751758961,0.6922516187127482,0.32907297830374754,0.0,0.9286456166918645,0.0,0.0,0.0,0.0,1.0,1.0,0.0,0.6666666666666666,1.0,1.0,0.3333333333333333,0.9047619047619048,0.6617647058823529,0.9693877551020408,1.0,0.8518518518518519,1.0,0.6219512195121951,1.0,0.9375,1.0,0.8,0.0,0.9444444444444444,0.0,0.0,0.0,0.0
65,0.2127816629989335,0.5457460135553975,0.4479637314675501,0.3913820496071512,0.4039703913435571,0.8473804100227791,0.757118663432262,0.7729091040088827,0.7328636324432919,0.4831983533938879,0.13834586466165413,0.0,0.3134843257837108,0.3763653483992467,0.2310038340885326,0.0947238506633755,0.5215030276072239,0.45554890746899573,0.4799280052894073,0.6297887373701688,0.35791718601699274,0.3353650951610897,0.7626674270687293,0.2256961333822242,0.45982205321942105,0.8060340856748043,0.47804542899377483,0.0,0.9139095021726622,0.0,0.0,0.0,0.0,1.0,0.0,0.0,0.6666666666666666,1.0,0.5,0.0,0.8260869565217391,0.9183673469387755,0.8990825688073395,0.9166666666666666,0.8888888888888888,1.0,1.0,0.10344827586206896,0.9375,1.0,1.0,0.0,0.9714285714285714,0.0,0.0,0.0,0.0,0.4166200497675585,0.08191678808483083,0.0,0.14725223109441052,0.4203297858915577,0.10890641689261359,0.15208058124174373,0.66361085000219,0.4667486704245088,0.6479164256078814,0.5114237517643414,0.30219602504501636,0.0972863741339492,0.36828255165502627,0.3200033952614882,0.5260050842670182,0.5890729145627146,0.2938519030433336,0.0,0.9313730941885389,0.0,0.0,0.0,0.0,0.875,0.0,0.0,0.5,0.9333333333333333,1.0,0.0,0.9193548387096774,0.6923076923076923,0.9607843137254902,1.0,0.8888888888888888,1.0,0.6623376623376623,1.0,0.9375,1.0,0.5714285714285714,0.0,0.9714285714285714,0.0,0.0,0.0,0.0
66,0.21228043935868318,0.5450566496411499,0.44380118079148884,0.40288311562214657,0.41067968442296476,0.8337129840546698,0.7764542711409232,0.8716879593423635,0.7764806447359397,0.46899190120363327,0.15830485304169514,0.0,0.25888705564721765,0.37269303201506593,0.19344719414430114,0.14774246631698035,0.5344686529464562,0.4863433624467721,0.44073292574423106,0.6424644951600368,0.39324063168246637,0.318571961686777,0.7870636599101775,0.1992950737478579,0.44462003177033177,0.7824504836480884,0.43573941829235285,0.0,0.923364054842358,0.0,0.0,0.0,0.0,1.0,0.5,0.0,0.6666666666666666,1.0,0.25,0.3333333333333333,0.8260869565217391,0.9183673469387755,0.8623853211009175,0.75,0.9259259259259259,1.0,1.0,0.034482758620689655,0.9375,1.0,1.0,0.0,0.9714285714285714,0.0,0.0,0.0,0.0,0.43647455650870326,0.08702186818967461,0.0,0.1379990405628698,0.43564400026416006,0.14378238341968913,0.18803586622161136,0.6595310907237513,0.4354012897481026,0.6731296672609178,0.5263742879636919,0.2865051758971902,0.1434091163624146,0.3597102509059184,0.3066683555381551,0.5367167085614363,0.6425464311381776,0.3236376569555267,0.0,0.9293083349766483,0.0,0.0,0.0,0.0,1.0,1.0,0.0,0.6666666666666666,1.0,1.0,0.3333333333333333,0.9047619047619048,0.6716417910447762,0.9690721649484536,1.0,0.8333333333333334,1.0,0.6296296296296297,1.0,0.9375,1.0,0.8,0.0,0.9444444444444444,0.0,0.0,0.0,0.0
67,0.21113631266399932,0.5452893675138406,0.4461367932257285,0.3970506186772419,0.4083303585741439,0.8382687927107062,0.8033795731649964,0.873592224417299,0.8030882281816495,0.4996867868808448,0.14572795625427204,0.0,0.2742862856857157,0.39531073446327686,0.23666782851167653,0.1320580067880284,0.5228745191174796,0.46342429987878037,0.4632578014676473,0.6313290468451919,0.36280574963693124,0.3102375917402662,0.7992855388953576,0.19383226945843404,0.464324221997251,0.8028558268079227,0.40738273198559266,0.0,0.9251150816484454,0.0,0.0,0.0,0.0,1.0,0.5,0.0,0.6666666666666666,1.0,0.75,0.3333333333333333,0.8405797101449275,0.8979591836734694,0.8807339449541285,0.8333333333333334,0.8148148148148148,1.0,1.0,0.034482758620689655,0.9375,1.0,1.0,0.0,0.9714285714285714,0.0,0.0,0.0,0.0,0.4066972577297061,0.10253943824547904,0.0,0.13976001834254706,0.4177978583655109,0.12868378660096655,0.1693596254039438,0.6727634452192695,0.45626262317155275,0.6595993816973106,0.5600180505415162,0.294983961694017,0.1468354430379747,0.3363678182375765,0.2952838039649335,0.5205347998191499,0.5803036356372353,0.3307862661234426,0.0,0.9283339223582233,0.0,0.0,0.0,0.0,1.0,1.0,0.0,0.6666666666666666,1.0,1.0,0.3333333333333333,0.9354838709677419,0.676923076923077,0.9696969696969697,1.0,0.8461538461538461,1.0,0.6144578313253012,1.0,0.9375,1.0,0.8,0.0,0.9444444444444444,0.0,0.0,0.0,0.0
68,0.21167120488819424,0.5413423719392473,0.4395837171121956,0.3953806916431688,0.39941433740380716,0.8337129840546698,0.7399127602110331,0.7806579832907952,0.7218830923218077,0.42060047429415187,0.10184552289815448,0.0,0.3296835158242088,0.3714124293785311,0.19048448936911816,0.10922554767047207,0.5122573744145347,0.4830059366549591,0.4857500265286632,0.6209425563484774,0.33473224393646583,0.3677074262968031,0.7933765812006431,0.17188376948462558,0.4410314657975094,0.7921234454168586,0.48148071037454976,0.0,0.9049633921307962,0.0,0.0,0.0,0.0,1.0,0.0,0.0,0.6666666666666666,1.0,0.5,0.0,0.8260869565217391,0.9183673469387755,0.8990825688073395,0.75,0.8148148148148148,1.0,1.0,0.034482758620689655,0.9375,1.0,1.0,0.0,0.9714285714285714,0.0,0.0,0.0,0.0,0.4786394419267784,0.0836890586385082,0.0,0.1385672557631286,0.427067994802945,0.10578784359272164,0.16582090717464282,0.6845328653613456,0.4533662033981131,0.6378181253047948,0.5466182342916143,0.30704036250734246,0.07829011838864317,0.33343320050998837,0.29363486442606396,0.5168907838635618,0.6243011689537501,0.30219399688998655,0.0,0.9391600237831104,0.0,0.0,0.0,0.0,1.0,0.0,0.0,0.5,1.0,1.0,0.0,0.9344262295081968,0.6818181818181818,0.9607843137254902,1.0,0.88,1.0,0.6144578313253012,1.0,0.9375,1.0,0.5714285714285714,0.0,0.9714285714285714,0.0,0.0,0.0,0.0
69,0.2114555399425123,0.5521537076435683,0.44389684580285604,0.415837669073027,0.4195425893283186,0.8519362186788155,0.776146865946703,0.8726238978715072,0.785407283234552,0.40473846704550537,0.15105946684894053,0.0,0.28688565571721414,0.3822598870056497,0.1888288602300453,0.16239843669649284,0.5125989234585945,0.47736844559102354,0.5010570651952101,0.6555500600579383,0.3793696897620327,0.28511008831944273,0.7799665739926653,0.2181155570189552,0.4430315151814448,0.7655918931368033,0.4770252545231205,0.0,0.9191873846703308,0.0,0.0,0.0,0.0,1.0,0.5,0.0,0.6666666666666666,1.0,0.5,0.3333333333333333,0.8260869565217391,0.9183673469387755,0.908256880733945,0.9166666666666666,0.8888888888888888,0.5,1.0,0.10344827586206896,0.9375,1.0,1.0,0.0,0.9714285714285714,0.0,0.0,0.0,0.0,0.48731278957008944,0.09514379197520234,0.0,0.14883793318115793,0.4484952936497415,0.1497581202487906,0.20983388704318937,0.6710408196511076,0.441083871523602,0.636387198440756,0.5495794337163843,0.29441311283373345,0.16605085850901977,0.3663850037765896,0.30741564975267105,0.5440092980949012,0.6960509234055028,0.3387745445942749,0.0,0.9345055133477733,0.0,0.0,0.0,0.0,1.0,1.0,0.0,0.6666666666666666,1.0,1.0,0.3333333333333333,0.9344262295081968,0.703125,0.9428571428571428,1.0,0.8888888888888888,1.0,0.6623376623376623,1.0,0.9375,1.0,0.6666666666666666,0.0,0.9714285714285714,0.0,0.0,0.0,0.0
70,0.21079888322203466,0.5510549946654869,0.44065034900835964,0.4008472246611242,0.40723666425625854,0.8428246013667426,0.7912437385856435,0.8838282197689022,0.7986753114401756,0.4014497292943756,0.12850307587149692,0.0,0.272136393180341,0.3270056497175141,0.18551760195189962,0.1798827522369639,0.5048147824544402,0.45564992384919034,0.5253491580210433,0.6737794107256412,0.35229676725863074,0.29717626570468963,0.7831428367749448,0.21788357491899335,0.42587059762792495,0.8040534315983418,0.4740063708854698,0.0,0.923187960078573,0.0,0.0,0.0,0.0,1.0,0.5,0.0,0.6666666666666666,0.9285714285714286,0.5,0.3333333333333333,0.8260869565217391,0.8979591836734694,0.9174311926605505,0.9166666666666666,0.7777777777777778,1.0,1.0,0.06896551724137931,0.9375,1.0,1.0,0.0,0.9714285714285714,0.0,0.0,0.0,0.0,0.484645509790682,0.08583690987124463,0.0,0.1514384285793779,0.45403200502039537,0.1319900805951643,0.16082758620689655,0.6900540348819955,0.4744733445805165,0.6178629200647048,0.49058545117810476,0.30128894713165255,0.11111627906976744,0.35696723531004604,0.3235542516780015,0.5290376671710768,0.6054174036694066,0.3157391099338483,0.0,0.9303828791673541,0.0,0.0,0.0,0.0,1.0,1.0,0.0,1.0,1.0,1.0,0.3333333333333333,0.9344262295081968,0.7096774193548387,0.9345794392523364,0.9166666666666666,0.875,1.0,0.6296296296296297,1.0,0.9375,1.0,0.6666666666666666,0.0,0.9714285714285714,0.0,0.0,0.0,0.0
71,0.211058926694563,0.5437561920324264,0.443616615527535,0.4004172068762549,0.40979549008612265,0.835990888382688,0.7688346177847577,0.8627759170576864,0.7719850320250552,0.45163094545617255,0.15064935064935064,0.0,0.2816359182040898,0.3877401129943503,0.1843848030672708,0.13725187699269772,0.5072268070989248,0.48901252603114415,0.4542625439763609,0.6511269695470925,0.3906333977518325,0.2715511879587013,0.7720298774643759,0.22110887443781757,0.4110142637266764,0.7962690004606172,0.5057566987986926,0.0,0.9218139248794619,0.0,0.0,0.0,0.0,1.0,0.5,0.0,0.6666666666666666,1.0,0.5,0.3333333333333333,0.8260869565217391,0.9387755102040817,0.8532110091743119,0.9166666666666666,0.8888888888888888,0.5,1.0,0.06896551724137931,0.875,1.0,1.0,0.0,0.9714285714285714,0.0,0.0,0.0,0.0,0.4298764906303237,0.09479569892473118,0.0,0.13736679103567684,0.4277344967279526,0.13131438500682635,0.13584079804560262,0.6861642496158626,0.4308979551313434,0.6595645075747475,0.5117108112610361,0.28032118297746633,0.15657724860134845,0.37080378610341785,0.31342618620784757,0.5437687156312953,0.6399274450285037,0.32416130668018894,0.0,0.9332576685884173,0.0,0.0,0.0,0.0,1.0,1.0,0.0,0.6666666666666666,1.0,1.0,0.3333333333333333,0.9344262295081968,0.647887323943662,0.96875,1.0,0.8571428571428571,1.0,0.6455696202531646,1.0,0.9333333333333333,1.0,0.5714285714285714,0.0,0.9714285714285714,0.0,0.0,0.0,0.0
72,0.21042882652247605,0.5494473159802257,0.43778517386177945,0.4061140076635081,0.4118394446820257,0.8451025056947609,0.7877406956392107,0.8749345628153872,0.7999138228861852,0.4151192447089355,0.15570745044429254,0.0,0.23893805309734514,0.3767984934086629,0.20660508888114326,0.12614419417875142,0.5417126698809344,0.4703827743760296,0.4725203862573362,0.6625874372924468,0.3615135679081522,0.3152133349919144,0.7722120571252049,0.23638975986111008,0.46290854918228436,0.7609857208659604,0.3779225916595532,0.0,0.926471755391972,0.0,0.0,0.0,0.0,1.0,0.5,0.0,0.6666666666666666,1.0,0.5,0.3333333333333333,0.8260869565217391,0.8979591836734694,0.8899082568807339,0.9166666666666666,0.8518518518518519,1.0,1.0,0.13793103448275862,0.9375,1.0,0.75,0.0,0.9714285714285714,0.0,0.0,0.0,0.0,0.4776430612402502,0.10285353079284812,0.0,0.13769159847873688,0.4465672707793947,0.13561745695818794,0.15121440019726298,0.644366829280583,0.43978074349604424,0.6483253722483858,0.5164161022082714,0.291728185442197,0.13027607835072746,0.37362321506587876,0.28260986258230747,0.567934645406901,0.6820377327333526,0.350607459486605,0.0,0.930758593195211,0.0,0.0,0.0,0.0,1.0,1.0,0.0,0.6666666666666666,0.9333333333333333,1.0,0.5,0.9193548387096774,0.6875,0.9509803921568627,1.0,0.8518518518518519,1.0,0.6623376623376623,1.0,0.8823529411764706,1.0,0.75,0.0,0.9444444444444444,0.0,0.0,0.0,0.0
73,0.21058688233577022,0.5455723122655294,0.44392544785071486,0.3997232835513132,0.40884811566176066,0.8405466970387244,0.7893440606233852,0.8796363298405783,0.7969077940583864,0.4754351425119692,0.13861927546138073,0.0,0.3133343332833358,0.3866478342749529,0.20006971070059254,0.12470430936953615,0.5203433494576254,0.46234420165977685,0.47271424956533803,0.6473397866176782,0.3722283845441343,0.3193183231745242,0.7924736037513168,0.22723769185293832,0.43925364412290013,0.780469829571626,0.40309383523141307,0.0,0.9150305561618286,0.0,0.0,0.0,0.0,1.0,0.5,0.0,0.6666666666666666,1.0,0.5,0.3333333333333333,0.8405797101449275,0.8979591836734694,0.8899082568807339,0.75,0.8518518518518519,1.0,1.0,0.06896551724137931,0.9375,1.0,1.0,0.0,0.9714285714285714,0.0,0.0,0.0,0.0,0.4289405163191571,0.09828438499563827,0.0,0.14752824858757063,0.41255073745127196,0.12229679343773303,0.18386534233073015,0.6739631415422391,0.45638108971531793,0.6466757115897849,0.534371536891222,0.28777544480053047,0.13129763183468876,0.3568043137912219,0.31422096669046656,0.5366314731020614,0.6299353111755521,0.2994463004206879,0.0,0.9340501592477631,0.0,0.0,0.0,0.0,1.0,1.0,0.0,0.6666666666666666,0.9333333333333333,1.0,0.5,0.9206349206349206,0.6984126984126984,0.9509803921568627,1.0,0.8518518518518519,1.0,0.6296296296296297,1.0,0.9375,1.0,0.8,0.0,0.9444444444444444,0.0,0.0,0.0,0.0
74,0.21046749405848553,0.5489580224673201,0.44044655073270766,0.4012678216856394,0.408802170610704,0.8428246013667426,0.783735168861731,0.8681232766185765,0.7933658640673351,0.3965054364848539,0.14053315105946684,0.0,0.30243487825608717,0.3732015065913371,0.21139769954688045,0.16291268127121258,0.5263085432271354,0.4805970845118578,0.4771037229917802,0.6410231046421253,0.35269128291918717,0.2984202015176017,0.777922993449453,0.24467376581781172,0.4630320090207989,0.7801934592353754,0.37242614145031333,0.0,0.9266602511954602,0.0,0.0,0.0,0.0,1.0,0.5,0.0,0.6666666666666666,1.0,0.5,0.3333333333333333,0.8260869565217391,0.9183673469387755,0.8807339449541285,0.8333333333333334,0.8518518518518519,1.0,1.0,0.13793103448275862,0.9375,1.0,0.75,0.0,0.9714285714285714,0.0,0.0,0.0,0.0,0.47942759758703707,0.07435266888470997,0.0,0.14516787059924643,0.4356054777658101,0.13376709307454787,0.14937055023810647,0.6672820898428321,0.4495951034412573,0.6440787226305524,0.5512254991311533,0.306701338477755,0.11445064643862411,0.3565109753485721,0.30028838559174154,0.5487791792260494,0.6125415883118762,0.3233608705869593,0.0,0.930315133164678,0.0,0.0,0.0,0.0,1.0,1.0,0.0,0.6666666666666666,0.9333333333333333,1.0,0.5,0.9344262295081968,0.6818181818181818,0.9504950495049505,1.0,0.8518518518518519,1.0,0.6538461538461539,1.0,0.8823529411764706,1.0,0.6,0.0,0.9714285714285714,0.0,0.0,0.0,0.0
75,0.21053639763772528,0.5545156266284496,0.4469346086182846,0.41194229015283856,0.4185907999421399,0.8382687927107062,0.7913445051919802,0.8636498230812404,0.7888493959279036,0.3990558861694036,0.17867395762132604,0.0,0.29808509574521275,0.37412429378531076,0.22856395956779366,0.15720456649182352,0.5239574149238398,0.5093673266403506,0.5028814209568276,0.6323606302550696,0.3232627016889844,0.3181987809429033,0.7748417809249974,0.22674379447882603,0.44983826761154594,0.7481805619530171,0.4740896504340946,0.0,0.9253928649377964,0.0,0.0,0.0,0.0,1.0,0.5,0.0,0.6666666666666666,1.0,0.5,0.3333333333333333,0.8260869565217391,0.9183673469387755,0.8899082568807339,0.9166666666666666,0.7777777777777778,1.0,1.0,0.06896551724137931,0.875,1.0,1.0,0.0,0.9714285714285714,0.0,0.0,0.0,0.0,0.471566424322538,0.09682915987553711,0.0,0.15222386764030027,0.4402535236237922,0.128232705939868,0.1959364184078964,0.6608560332074362,0.4392119157375643,0.6321246447296868,0.5590829585207396,0.3271875,0.15786225623302888,0.3757235202163167,0.2920594528945694,0.531959003708354,0.6934636895359262,0.3315859216868347,0.0,0.9288022264707054,0.0,0.0,0.0,0.0,1.0,1.0,0.0,0.6666666666666666,1.0,1.0,0.3333333333333333,0.9344262295081968,0.6818181818181818,0.9326923076923077,1.0,0.875,1.0,0.6455696202531646,1.0,0.9333333333333333,1.0,0.5714285714285714,0.0,0.9714285714285714,0.0,0.0,0.0,0.0
76,0.20957888617732545,0.5462524679186275,0.440489386208274,0.40473471565270613,0.4109079345755736,0.826879271070615,0.75063386964246,0.8530814416567104,0.7573757671078089,0.4693051143227885,0.15816814764183185,0.0,0.2657367131643418,0.39807909604519776,0.179766469153015,0.13822894168466524,0.5298828936882266,0.4672046436452926,0.4771139263237803,0.6435808662474387,0.3493007352857094,0.28374175892523945,0.786596329475877,0.2173821942513339,0.42253718198803264,0.7519115614923998,0.4727988174304095,0.0,0.9174735609833529,0.0,0.0,0.0,0.0,1.0,0.5,0.0,0.6666666666666666,1.0,0.5,0.3333333333333333,0.8260869565217391,0.8775510204081632,0.8990825688073395,0.75,0.7777777777777778,0.5,1.0,0.034482758620689655,0.875,1.0,1.0,0.0,0.9714285714285714,0.0,0.0,0.0,0.0,0.43188322249902206,0.09273062434880179,0.0,0.14236352922269246,0.4071655590869691,0.1496988607503084,0.17954712444058513,0.6661540663517836,0.4485069783748704,0.6544630560625231,0.5270326567454348,0.2877571783857111,0.1297570965356391,0.3397759621174796,0.30456070455022016,0.5559080868020965,0.706024825915834,0.32595091143964405,0.0,0.9359444381190937,0.0,0.0,0.0,0.0,1.0,0.5,0.0,1.0,0.9333333333333333,1.0,0.5,0.9193548387096774,0.6825396825396826,0.9333333333333333,0.9,0.875,1.0,0.6071428571428571,1.0,0.9333333333333333,1.0,0.5714285714285714,0.0,1.0,0.0,0.0,0.0,0.0
77,0.21030221080019992,0.5478028042503659,0.44538355373800925,0.41009626530069787,0.41445438550980707,0.8291571753986332,0.7832175838024827,0.8646439631504892,0.78319344956495,0.45541187525168914,0.16527682843472316,0.0,0.2981350932453377,0.364256120527307,0.19248867201115372,0.12784120127532655,0.5431821250704941,0.48106719920430174,0.46091307577402474,0.6467180103158341,0.3418792667726332,0.329518596840403,0.8102638436740093,0.2051095928339981,0.4547272772167214,0.7738369415016122,0.44612854198330243,0.0,0.9201497053512967,0.0,0.0,0.0,0.0,1.0,0.5,0.0,0.6666666666666666,1.0,0.5,0.3333333333333333,0.8405797101449275,0.8775510204081632,0.8715596330275229,0.75,0.8148148148148148,1.0,1.0,0.034482758620689655,0.9375,1.0,1.0,0.0,0.9714285714285714,0.0,0.0,0.0,0.0,0.46560991788467254,0.09564116762914326,0.0,0.1485143582974272,0.4711929645058345,0.13807975996999625,0.16393010220903395,0.6521801327534905,0.4490507189874336,0.651966458354381,0.579883681149504,0.30646773309004804,0.1282187802516941,0.331148230876307,0.28217719850927586,0.558438539213407,0.6845407872219053,0.33809839376439776,0.0,0.9365938507446108,0.0,0.0,0.0,0.0,1.0,1.0,0.0,0.6666666666666666,1.0,1.0,0.3333333333333333,0.90625,0.6615384615384615,0.9595959595959596,1.0,0.8461538461538461,1.0,0.6144578313253012,1.0,0.9375,1.0,0.6666666666666666,0.0,0.9714285714285714,0.0,0.0,0.0,0.0
78,0.20984539304200603,0.5488274325819252,0.44598153373436844,0.4081458491206076,0.41325494359908355,0.8382687927107062,0.7865045254904729,0.8752874572890025,0.7912792915526148,0.4469998657658061,0.14613807245386193,0.0,0.33783310834458274,0.34883239171374764,0.18316486580690136,0.13822894168466524,0.5232743168357202,0.4796374289000093,0.4799443306206075,0.6286723662827669,0.36902651831353134,0.35054111207861677,0.7900656638864466,0.19823244606416177,0.4489164341506375,0.7793182865039152,0.45512273323478586,0.0,0.9237187245778686,0.0,0.0,0.0,0.0,1.0,0.5,0.0,0.6666666666666666,1.0,0.5,0.3333333333333333,0.8405797101449275,0.9183673469387755,0.8899082568807339,0.75,0.8148148148148148,1.0,1.0,0.034482758620689655,0.9375,1.0,1.0,0.0,0.9714285714285714,0.0,0.0,0.0,0.0,0.46239296459152973,0.08827415359207266,0.0,0.14991569045083422,0.4527411825092269,0.12999381570810142,0.18255908720456399,0.6703615765551862,0.4579331782790458,0.6470186906117777,0.5863946116229718,0.2936289852962585,0.13759093794248328,0.34430920689274275,0.30580439601034354,0.5264214498740457,0.6511064075428131,0.33153360834748846,0.0,0.9286453411394504,0.0,0.0,0.0,0.0,1.0,1.0,0.0,0.6666666666666666,1.0,1.0,0.3333333333333333,0.9354838709677419,0.6923076923076923,0.9509803921568627,1.0,0.88,1.0,0.6144578313253012,1.0,0.9375,1.0,0.8,0.0,0.9444444444444444,0.0,0.0,0.0,0.0
79,0.2098593269100853,0.5444371848001744,0.44268409661011354,0.40217624697699983,0.4076962047614109,0.8337129840546698,0.7699234633823232,0.8496561766705343,0.7655234691927446,0.4430623294107119,0.17088174982911825,0.0,0.24643767811609418,0.35958568738229757,0.22464273265946322,0.11457369124755734,0.5043170210568957,0.4658409225126659,0.4748528679525586,0.6535716809157069,0.39395533396608307,0.3209354397313099,0.7753883199074845,0.216955646519146,0.4112529527478045,0.7670198065407646,0.5011971435114821,0.0,0.9238427349749003,0.0,0.0,0.0,0.0,1.0,0.5,0.0,0.6666666666666666,0.9285714285714286,0.5,0.0,0.8260869565217391,0.8979591836734694,0.8899082568807339,0.9166666666666666,0.8518518518518519,1.0,1.0,0.034482758620689655,0.875,1.0,1.0,0.0,0.9714285714285714,0.0,0.0,0.0,0.0,0.4393371342369723,0.08206946359398595,0.0,0.13076351674006473,0.4363744400767895,0.1398502766626885,0.15576062639821028,0.6773973284777445,0.45607214992944006,0.6490523409062382,0.5191612599061581,0.2756686471023625,0.10619469026548672,0.3634878375718959,0.31818780455682866,0.5590663951484772,0.6743338462784482,0.3262145131783996,0.0,0.9301801745558067,0.0,0.0,0.0,0.0,1.0,1.0,0.0,1.0,0.9285714285714286,1.0,0.0,0.9344262295081968,0.676923076923077,0.9509803921568627,0.9166666666666666,0.8518518518518519,1.0,0.6296296296296297,1.0,0.9333333333333333,1.0,0.5,0.0,0.9714285714285714,0.0,0.0,0.0,0.0
80,0.208926274606353,0.5484733330849894,0.44393467330191366,0.40403398240255806,0.41125399524971423,0.8428246013667426,0.7753696632787737,0.8556399827536957,0.7789433219449408,0.4547407042820708,0.16418318523581682,0.0,0.3056847157642118,0.3677024482109228,0.18421052631578946,0.09467242620590353,0.49349865366132634,0.47080626612376836,0.4922311830151254,0.6305518264678867,0.37556175599492275,0.319193929593233,0.7783427987548416,0.20714504867882452,0.4840448735359721,0.7889451865499769,0.45160417230538613,0.0,0.927704418738467,0.0,0.0,0.0,0.0,1.0,0.5,0.0,0.6666666666666666,1.0,0.5,0.0,0.8260869565217391,0.9387755102040817,0.8990825688073395,0.8333333333333334,0.8148148148148148,1.0,1.0,0.06896551724137931,0.9375,1.0,1.0,0.0,0.9714285714285714,0.0,0.0,0.0,0.0,0.4604476259514317,0.09541590529911814,0.0,0.1464045401211657,0.43688885905439573,0.1314431387179009,0.13074355514523117,0.6931521520851462,0.45614457740620423,0.6345036392858739,0.5572052947052947,0.2848957745990163,0.14039503200744105,0.352908853876736,0.33966501012332045,0.5099191898172233,0.647194407708294,0.3319559861040968,0.0,0.9233281412381542,0.0,0.0,0.0,0.0,1.0,1.0,0.0,0.6666666666666666,1.0,1.0,0.0,0.95,0.696969696969697,0.9514563106796117,1.0,0.88,1.0,0.6296296296296297,1.0,0.8823529411764706,1.0,0.8,0.0,0.9444444444444444,0.0,0.0,0.0,0.0
81,0.20911083570834854,0.5402926301681888,0.4361956136849711,0.40348699332260324,0.4056411726973637,0.826879271070615,0.7776022399558136,0.8451183864925216,0.7753597165933253,0.40236699628618733,0.182365003417635,0.0,0.26933653317334133,0.35141242937853107,0.216364586964099,0.15535328602283247,0.4922807268375471,0.488418083486153,0.4686349574316989,0.6430862714618809,0.3455900010291713,0.3011568603060082,0.806493516780331,0.21124589354266599,0.4180761664897076,0.753754030400737,0.41508609023339094,0.0,0.9304996130875612,0.0,0.0,0.0,0.0,1.0,0.5,0.0,0.6666666666666666,1.0,0.5,0.3333333333333333,0.8260869565217391,0.9183673469387755,0.8807339449541285,0.75,0.7407407407407407,1.0,1.0,0.034482758620689655,0.875,1.0,1.0,0.0,0.9714285714285714,0.0,0.0,0.0,0.0,0.4704543671035078,0.08564458140729327,0.0,0.11678373222337843,0.4220955483170467,0.117078460958129,0.17010135135135135,0.7037684714147286,0.4425477536594124,0.6473845043582197,0.548665951315964,0.29256050338818973,0.15038201130505,0.32418896243866874,0.28062867822490856,0.5451628136604633,0.6848294622305922,0.3380355719832483,0.0,0.9224531544667072,0.0,0.0,0.0,0.0,1.0,0.5,0.0,0.6666666666666666,1.0,1.0,0.3333333333333333,0.95,0.6617647058823529,0.96,1.0,0.8695652173913043,1.0,0.5930232558139535,1.0,0.9333333333333333,1.0,0.8,0.0,0.9444444444444444,0.0,0.0,0.0,0.0
82,0.2094004342523764,0.544625117039092,0.43883844049257426,0.4040046337306288,0.40846963752298626,0.835990888382688,0.7770556318671377,0.8720562980323606,0.7799772889097427,0.4548973108416484,0.1391660970608339,0.0,0.2705864706764662,0.36088512241054616,0.16268734750784244,0.15617607734238403,0.5047538861132513,0.5065039007863736,0.45852549608600185,0.6382957676817635,0.36947249253850817,0.301032466724717,0.7838715554182607,0.20360545083101975,0.4511222499320971,0.7713496084753569,0.43950781786762716,0.0,0.9266528105716383,0.0,0.0,0.0,0.0,1.0,0.5,0.0,0.6666666666666666,1.0,0.25,0.3333333333333333,0.8260869565217391,0.9387755102040817,0.8715596330275229,0.8333333333333334,0.8518518518518519,1.0,1.0,0.06896551724137931,0.875,1.0,1.0,0.0,0.9714285714285714,0.0,0.0,0.0,0.0,0.4378337639965547,0.08340843916427694,0.0,0.13229039354681008,0.45361581252219196,0.1359796067006555,0.17765428487861948,0.6898434616470179,0.42924359012350555,0.6559317135542406,0.5522895396466345,0.29013096750730716,0.12365234275203106,0.34183874377379087,0.3091396627732582,0.5501465451479504,0.6509367954598461,0.33185562472489466,0.0,0.9262921192317323,0.0,0.0,0.0,0.0,1.0,1.0,0.0,0.6666666666666666,1.0,1.0,0.3333333333333333,0.9193548387096774,0.6666666666666666,0.9693877551020408,1.0,0.8518518518518519,1.0,0.6375,1.0,0.9333333333333333,1.0,0.8,0.0,0.918918918918919,0.0,0.0,0.0,0.0
83,0.2079644904581763,0.5487918552093017,0.43816606094850935,0.40875181553783285,0.41015728691498365,0.8405466970387244,0.792752521987993,0.8883624034581424,0.8002164719813946,0.3193431473444002,0.1469583048530417,0.0,0.28608569571521425,0.3743879472693032,0.19057162774485883,0.160187185025198,0.5284902208419051,0.4752432163615454,0.48579900252226366,0.6483572387479686,0.36385207378014617,0.32081104615001865,0.7870636599101775,0.2162447336321662,0.46032412322938016,0.7823583602026716,0.4195415460848202,0.0,0.9213699676580884,0.0,0.0,0.0,0.0,1.0,0.5,0.0,0.6666666666666666,0.9285714285714286,0.5,0.3333333333333333,0.8115942028985508,0.9183673469387755,0.8990825688073395,0.9166666666666666,0.8518518518518519,1.0,1.0,0.034482758620689655,0.9375,1.0,1.0,0.0,0.9714285714285714,0.0,0.0,0.0,0.0,0.546812749003984,0.10055186605556075,0.0,0.1452800487482862,0.45917542441390463,0.12496428775498543,0.17794915738360467,0.6647683371966003,0.43886652458757597,0.6374144523342865,0.5435171474264052,0.29891120547121597,0.13284227876789945,0.3566567601326614,0.29619417595145603,0.5457135608766075,0.6287247825282251,0.3257043107210396,0.0,0.933485610326692,0.0,0.0,0.0,0.0,1.0,1.0,0.0,1.0,1.0,1.0,0.3333333333333333,0.9333333333333333,0.6923076923076923,0.9514563106796117,0.9166666666666666,0.8518518518518519,1.0,0.6296296296296297,1.0,0.9375,1.0,0.8,0.0,0.9444444444444444,0.0,0.0,0.0,0.0
84,0.20922025540911232,0.5555021662434354,0.44458581215066,0.39968867882911485,0.411381774823338,0.8542141230068337,0.8034541054990105,0.9053076588016817,0.8131653796168039,0.46008769967336344,0.14832535885167464,0.0,0.247887605619719,0.38819209039548025,0.19789125130707563,0.1415715314203435,0.5227739077711674,0.472127249557082,0.5252593686994425,0.6406274288136791,0.34513830918592553,0.31334743127254633,0.7586594745304913,0.23478085174847155,0.4273027317546935,0.8052510363887609,0.4502300597530761,0.0,0.9230912319688883,0.0,0.0,0.0,0.0,1.0,0.5,0.0,0.6666666666666666,1.0,0.5,0.3333333333333333,0.8405797101449275,0.8979591836734694,0.908256880733945,0.9166666666666666,0.8518518518518519,1.0,1.0,0.13793103448275862,0.9375,1.0,1.0,0.0,0.9714285714285714,0.0,0.0,0.0,0.0,0.4379538726920374,0.08839103869653768,0.0,0.14274198191973284,0.4210085578317436,0.11593241104701618,0.17046439628482973,0.6595879725671373,0.4581539319996682,0.6194775032791422,0.558458676718775,0.3187268666409703,0.1308639409839472,0.3820502592740327,0.3368405230722982,0.5252582482623256,0.5795842588601929,0.3176830074481057,0.0,0.931218771345575,0.0,0.0,0.0,0.0,1.0,1.0,0.0,0.6666666666666666,0.9333333333333333,1.0,1.0,0.9206349206349206,0.7096774193548387,0.9339622641509434,1.0,0.8846153846153846,1.0,0.6710526315789473,1.0,0.9375,1.0,0.6666666666666666,0.0,0.9714285714285714,0.0,0.0,0.0,0.0
85,0.20836734562803055,0.5512303701846549,0.44452631249925756,0.4068254129517543,0.415186135392618,0.8382687927107062,0.783399594018767,0.8613459033684309,0.7865195577263067,0.4395722403686966,0.1268626110731374,0.0,0.3140342982850857,0.37033898305084745,0.22150575113279888,0.13920600637663272,0.5268513149638197,0.4752082491530165,0.48901509276869454,0.6450787818836996,0.3493178881405162,0.31396939917900235,0.7927983587988816,0.22077960952174272,0.4704807526111756,0.7846614463380931,0.3990339572359518,0.0,0.9227588841048433,0.0,0.0,0.0,0.0,1.0,0.5,0.0,0.6666666666666666,1.0,0.5,0.3333333333333333,0.8260869565217391,0.8979591836734694,0.8807339449541285,0.9166666666666666,0.8518518518518519,1.0,1.0,0.06896551724137931,0.9375,1.0,0.75,0.0,0.9714285714285714,0.0,0.0,0.0,0.0,0.4411513763527774,0.09598676044683492,0.0,0.1588196621826641,0.44604985596661145,0.1498820754716981,0.13887036372030986,0.6655929516125795,0.456120527306968,0.6387609421147469,0.5607778583098904,0.30532081298944036,0.1727347385710375,0.34694924537065924,0.3064800964015624,0.5416094219308136,0.6483842728276177,0.31873212266347367,0.0,0.9306343488918906,0.0,0.0,0.0,0.0,1.0,1.0,0.0,0.6666666666666666,1.0,1.0,0.3333333333333333,0.9344262295081968,0.6666666666666666,0.96,1.0,0.8518518518518519,1.0,0.6375,1.0,0.8823529411764706,1.0,0.6,0.0,0.9714285714285714,0.0,0.0,0.0,0.0
86,0.20803450461862547,0.542255664022361,0.4409666414193559,0.40203165856829326,0.4090460614207444,0.8200455580865603,0.7662517137530246,0.8855276735323987,0.7759188750160465,0.47136337196295136,0.1394395078605605,0.0,0.2784860756962152,0.38254237288135595,0.1818577901707912,0.1452740923583256,0.5253606784381942,0.4690462499611475,0.44401431731546254,0.6405567724157423,0.36600189824926527,0.29991292449309614,0.7940023287313167,0.20183191026034378,0.4570483221807946,0.7783049286043298,0.43576023817950904,0.0,0.9265957657890037,0.0,0.0,0.0,0.0,1.0,0.5,0.0,0.6666666666666666,1.0,0.25,0.3333333333333333,0.8405797101449275,0.8775510204081632,0.8532110091743119,0.75,0.7777777777777778,1.0,1.0,0.034482758620689655,0.9375,1.0,1.0,0.0,0.9714285714285714,0.0,0.0,0.0,0.0,0.4540830621349598,0.09631728045325778,0.0,0.15393969543708372,0.399870076182602,0.1149798909151011,0.1833939236561932,0.6720405343159834,0.4496191877246234,0.6623087647098216,0.5282730811365173,0.28037387270983255,0.12792486867936542,0.3304641372466926,0.29161305668782234,0.5402907236957325,0.6756908065741593,0.34716117368010746,0.0,0.9282257182894227,0.0,0.0,0.0,0.0,1.0,1.0,0.0,1.0,0.9333333333333333,1.0,0.5,0.90625,0.6515151515151515,0.9587628865979382,0.9,0.8076923076923077,1.0,0.6,1.0,0.9375,1.0,0.8,0.0,0.9444444444444444,0.0,0.0,0.0,0.0
87,0.2087644859774095,0.543088593099078,0.4429310786270777,0.40980914405513,0.4100569664161742,0.8291571753986332,0.7782600993927602,0.8409667714771476,0.7760943926693267,0.38657210613450266,0.15857826384142173,0.0,0.3191840407979601,0.3161770244821092,0.20381666085744163,0.1615242209194693,0.5116272296665793,0.4865143132440245,0.4591234113412076,0.6417579311806684,0.34715662843485917,0.31384500559771117,0.7915547845923532,0.23834289947691778,0.41412545165724257,0.7734223859972363,0.5207678374383211,0.0,0.9286692196273736,0.0,0.0,0.0,0.0,1.0,0.5,0.0,0.6666666666666666,0.8571428571428571,0.5,0.3333333333333333,0.8260869565217391,0.9183673469387755,0.8715596330275229,0.8333333333333334,0.8148148148148148,1.0,1.0,0.10344827586206896,0.8125,1.0,1.0,0.0,0.9714285714285714,0.0,0.0,0.0,0.0,0.5012910151150309,0.10276399716513111,0.0,0.13953488372093023,0.4678426127180516,0.132890176694506,0.17740751200225924,0.6774398238713251,0.4337829786054761,0.6577990234774728,0.5871841948747123,0.3034772655707224,0.09456167310070837,0.33165844155413143,0.290899459301476,0.5495003549391143,0.6670506912442397,0.3353173805214827,0.0,0.9261631085155695,0.0,0.0,0.0,0.0,1.0,1.0,0.0,0.6666666666666666,1.0,0.6666666666666666,0.3333333333333333,0.9193548387096774,0.6617647058823529,0.9693877551020408,1.0,0.8461538461538461,1.0,0.6296296296296297,1.0,0.9285714285714286,1.0,0.5714285714285714,0.0,0.9444444444444444,0.0,0.0,0.0,0.0
88,0.2079526144932916,0.5475679935910502,0.44097781133245184,0.40680493960228875,0.4123151744672468,0.835990888382688,0.7821079880586566,0.8607578146750536,0.782862214742585,0.3942681999194595,0.13738892686261106,0.0,0.29808509574521275,0.3656497175141243,0.2379749041477867,0.1430114162295588,0.5184688012158087,0.48801790321076677,0.46073553779722304,0.6570338444146118,0.3763107639881531,0.2715511879587013,0.7831903619038567,0.22160277181192986,0.47583067894680525,0.7830953477660064,0.39609835314692593,0.0,0.9292867914045914,0.0,0.0,0.0,0.0,1.0,0.5,0.0,0.6666666666666666,1.0,0.5,0.3333333333333333,0.8260869565217391,0.9183673469387755,0.8715596330275229,0.9166666666666666,0.8518518518518519,1.0,1.0,0.034482758620689655,0.9375,1.0,0.75,0.0,0.9714285714285714,0.0,0.0,0.0,0.0,0.4966463758313606,0.09225261611896457,0.0,0.13431255491225302,0.42179353493222105,0.13976458546571136,0.18341907400079147,0.6759277476899074,0.4465363640888181,0.6519035038329941,0.5406583950602928,0.2903514692712538,0.163361520616628,0.3553530997304582,0.3084205592876113,0.5154054632337208,0.6422985379122748,0.33987173303321006,0.0,0.9242117778227259,0.0,0.0,0.0,0.0,1.0,1.0,0.0,0.6666666666666666,1.0,1.0,0.3333333333333333,0.9193548387096774,0.6617647058823529,0.9693877551020408,1.0,0.8518518518518519,1.0,0.6375,1.0,0.8823529411764706,1.0,0.6,0.0,0.9714285714285714,0.0,0.0,0.0,0.0
89,0.20819518819781455,0.5491589299833122,0.4428988587575519,0.40638486353456027,0.4146214302518855,0.8428246013667426,0.785141193678069,0.8624309956545035,0.7940039040631359,0.4040449237102331,0.14627477785372522,0.0,0.2808359582020899,0.4122598870056497,0.21732310909724642,0.13606911447084233,0.5066549110251501,0.4855196904236472,0.47572423250536694,0.639892602275136,0.36768287802033184,0.3027739768627939,0.7640535766619934,0.26097237916351745,0.48471155666395055,0.7596959926301243,0.4033436738772876,0.0,0.924346217186849,0.0,0.0,0.0,0.0,1.0,0.5,0.0,0.6666666666666666,1.0,0.5,0.3333333333333333,0.8260869565217391,0.9183673469387755,0.8715596330275229,0.8333333333333334,0.8518518518518519,1.0,1.0,0.1724137931034483,0.9375,1.0,0.75,0.0,0.9714285714285714,0.0,0.0,0.0,0.0,0.48278443113772457,0.08687885677167911,0.0,0.14915425263549217,0.4195205151300282,0.13451995685005394,0.14066985645933014,0.6904877027885226,0.44237277335674435,0.6390983833515641,0.567628550655602,0.29265440048785596,0.1482428893355259,0.36681091523051884,0.3069597134080327,0.5236198419119935,0.6570392797386663,0.3343689052279121,0.0,0.9321163191448387,0.0,0.0,0.0,0.0,1.0,1.0,0.0,0.6666666666666666,1.0,1.0,0.3333333333333333,0.9344262295081968,0.6617647058823529,0.9595959595959596,1.0,0.8518518518518519,1.0,0.6623376623376623,1.0,0.8823529411764706,1.0,0.6,0.0,0.9714285714285714,0.0,0.0,0.0,0.0
90,0.2068525390870884,0.5533993342427189,0.4434026215943301,0.4037256167697738,0.4105621815370136,0.8542141230068337,0.7981500558655051,0.878450718720704,0.8003408051093887,0.42174146494250303,0.11825017088174983,0.0,0.2905854707264637,0.3445386064030132,0.19179156500522831,0.18070554355651547,0.5189083139391725,0.4760086097037889,0.5209964165898016,0.6537412562707553,0.35675079189013026,0.35999502425674834,0.7655506182227186,0.19026273843644065,0.42374708840547504,0.7814831874712114,0.4566009452228769,0.0,0.9295893767733486,0.0,0.0,0.0,0.0,1.0,0.5,0.0,0.6666666666666666,1.0,0.5,0.3333333333333333,0.8260869565217391,0.9183673469387755,0.9357798165137615,0.9166666666666666,0.8888888888888888,1.0,1.0,0.034482758620689655,0.875,1.0,1.0,0.0,0.9714285714285714,0.0,0.0,0.0,0.0,0.4865653150246496,0.07550628491620112,0.0,0.15667879768162826,0.44527466108501473,0.1241328746263606,0.15263660846147165,0.6708138949832799,0.45855431336809127,0.6240943180373713,0.5034990912158117,0.30337433753099624,0.13353636028054633,0.3699365768331286,0.332835879511448,0.5425707932426309,0.6373403456048085,0.32678696487908093,0.0,0.9229236845734098,0.0,0.0,0.0,0.0,1.0,1.0,0.0,0.6666666666666666,1.0,1.0,0.3333333333333333,0.9344262295081968,0.7377049180327869,0.9532710280373832,1.0,0.8888888888888888,1.0,0.6455696202531646,1.0,0.9333333333333333,1.0,0.8,0.0,0.918918918918919,0.0,0.0,0.0,0.0
91,0.2079306493808064,0.5479857138013836,0.438470400140923,0.4081907991397246,0.41101023222979194,0.8451025056947609,0.7909543665815172,0.8837171289034561,0.7984004208802267,0.3864826166718869,0.13984962406015036,0.0,0.2536873156342183,0.34350282485875705,0.20852213314743814,0.15710171757687957,0.5209417222014822,0.47245361017001836,0.4807891665102156,0.6382251112838268,0.3623769282667612,0.31421818634158477,0.780631925797432,0.23094940545232767,0.4306855313299917,0.7484108705665592,0.492327871582936,0.0,0.9313106410841485,0.0,0.0,0.0,0.0,1.0,0.5,0.0,0.6666666666666666,1.0,0.5,0.3333333333333333,0.8695652173913043,0.8979591836734694,0.8899082568807339,0.75,0.8518518518518519,1.0,1.0,0.06896551724137931,0.9375,1.0,1.0,0.0,0.9714285714285714,0.0,0.0,0.0,0.0,0.4898208007258705,0.09933967760730239,0.0,0.13904417406554861,0.4411657999758133,0.15462651848022746,0.15510763606823721,0.6825040584978701,0.4493691935877253,0.6397588725663236,0.5429409501827275,0.2906333687956271,0.12166457952027743,0.3504565885298134,0.3090929121555981,0.5406463744756473,0.696770873536601,0.320837403668729,0.0,0.9236546020751032,0.0,0.0,0.0,0.0,1.0,1.0,0.0,1.0,1.0,1.0,0.3333333333333333,0.9230769230769231,0.7096774193548387,0.9509803921568627,0.9,0.8846153846153846,1.0,0.6296296296296297,1.0,0.9375,1.0,0.6666666666666666,0.0,0.9714285714285714,0.0,0.0,0.0,0.0
92,0.20768099643779142,0.5430772920513034,0.4427708127669548,0.40104602338049344,0.41003775020036654,0.8337129840546698,0.7622656587835327,0.8571447460483063,0.7695749747036179,0.46979730636717526,0.13356117566643882,0.0,0.2753362331883406,0.360075329566855,0.18638898570930637,0.16399259487812404,0.510358997169644,0.5005439343548939,0.4327477981209544,0.6375468098636331,0.39081064391816944,0.3203134718248538,0.7822081759063438,0.2072498147884847,0.47939455295192474,0.763841547673883,0.42801524015739834,0.0,0.9276920176987639,0.0,0.0,0.0,0.0,1.0,0.5,0.0,0.3333333333333333,1.0,0.5,0.3333333333333333,0.8260869565217391,0.9591836734693877,0.8532110091743119,0.8333333333333334,0.8888888888888888,1.0,1.0,0.034482758620689655,0.9375,1.0,0.75,0.0,0.9714285714285714,0.0,0.0,0.0,0.0,0.43103165154562995,0.08022663820003284,0.0,0.1687297015748514,0.4283729892010575,0.13398897519418693,0.16508774654449448,0.6781236367730042,0.43305310641787986,0.6802353182698847,0.5198174946999723,0.2808609255195878,0.13922681805893486,0.3634647164693282,0.2907123212898621,0.5082638137456805,0.6624720357941835,0.33150044344110297,0.0,0.923660088109208,0.0,0.0,0.0,0.0,1.0,1.0,0.0,0.5,1.0,1.0,0.3333333333333333,0.95,0.6619718309859155,0.96875,1.0,0.8571428571428571,1.0,0.6296296296296297,1.0,0.8333333333333334,1.0,0.75,0.0,0.9444444444444444,0.0,0.0,0.0,0.0
93,0.20728900335593958,0.5460833707593341,0.44617357802442165,0.40740528425509465,0.4154781043668383,0.8473804100227791,0.7973186548964915,0.8760100858536162,0.8029222339936037,0.48498814264620344,0.14518113465481886,0.0,0.28653567321633916,0.37563088512241055,0.1822934820494946,0.18975624807158284,0.5287999978818664,0.4633465949709384,0.4565725783411831,0.6362749947007702,0.368186028427998,0.30202761537504663,0.7844656195296597,0.22968472884285832,0.4482332897108571,0.7708429295255642,0.45256188711457185,0.0,0.9257425742574258,0.0,0.0,0.0,0.0,1.0,0.5,0.0,0.6666666666666666,1.0,0.5,0.3333333333333333,0.855072463768116,0.9183673469387755,0.8807339449541285,0.8333333333333334,0.8518518518518519,1.0,1.0,0.10344827586206896,0.9375,1.0,1.0,0.0,0.9714285714285714,0.0,0.0,0.0,0.0,0.4451608928681438,0.07272976304615807,0.0,0.14340406365729155,0.4317222570940023,0.12963995786081675,0.20034748615484851,0.6737792741429448,0.4569429597189175,0.6546630812941283,0.5520666020917373,0.2811922779653024,0.16085861931893466,0.3467340729822743,0.29140122853155354,0.5467386830242854,0.6702579301505928,0.3478031297001504,0.0,0.9278528369896215,0.0,0.0,0.0,0.0,1.0,1.0,0.0,0.6666666666666666,1.0,1.0,0.3333333333333333,0.9365079365079365,0.6923076923076923,0.96,1.0,0.8518518518518519,1.0,0.6455696202531646,1.0,0.9375,1.0,0.8,0.0,0.9444444444444444,0.0,0.0,0.0,0.0
94,0.20699966496944372,0.5449469876220042,0.4434362247006752,0.4023504391409963,0.4099313215537624,0.835990888382688,0.7856993725114069,0.87460368532926,0.7902900428115387,0.4254105329097499,0.15502392344497606,0.0,0.2885855707214639,0.37480225988700566,0.18795747647263855,0.19145325516815798,0.5257181134843033,0.47884872408541324,0.4652290852100662,0.6328976188793896,0.3476826493156011,0.32528921507650205,0.7908023033845812,0.2123309711070036,0.43857873033902073,0.7912022109626901,0.42441339967937375,0.0,0.925626004484216,0.0,0.0,0.0,0.0,1.0,0.5,0.0,0.6666666666666666,1.0,0.5,0.3333333333333333,0.8260869565217391,0.9183673469387755,0.8899082568807339,0.75,0.8148148148148148,1.0,1.0,0.034482758620689655,0.9375,1.0,1.0,0.0,0.9714285714285714,0.0,0.0,0.0,0.0,0.47251627652701156,0.08417458432304038,0.0,0.14554807474090325,0.44086569346299537,0.12505072757841035,0.185076555975343,0.6737756874881233,0.4478862695646802,0.6478535034200154,0.5450993756313669,0.29574491885240717,0.12247096290745597,0.3432144686497692,0.2588325442653458,0.5600504493142047,0.6065967440053678,0.3579015748722721,0.0,0.9296494929592201,0.0,0.0,0.0,0.0,1.0,1.0,0.0,0.6666666666666666,1.0,1.0,0.3333333333333333,0.9344262295081968,0.6716417910447762,0.9603960396039604,1.0,0.88,1.0,0.6144578313253012,1.0,0.9375,1.0,0.8,0.0,0.9444444444444444,0.0,0.0,0.0,0.0
95,0.207076004132567,0.5434234389590646,0.43736934269451333,0.40089503895018924,0.40343814273204553,0.8246013667425968,0.7711129939302563,0.7825823659445912,0.7657347507397542,0.4082509284531746,0.14094326725905673,0.0,0.2752362381880906,0.39058380414312616,0.20285813872429417,0.13426925845932325,0.5393032929034581,0.4480115314083237,0.4823768049694308,0.5979085706210697,0.32297682077553774,0.33486752083592486,0.8217253205965988,0.19514184582918634,0.4197058363580994,0.790879778903731,0.4460036226603652,0.0,0.9216055874124487,0.0,0.0,0.0,0.0,1.0,0.5,0.0,0.6666666666666666,0.9285714285714286,0.5,0.3333333333333333,0.855072463768116,0.8163265306122449,0.9174311926605505,0.75,0.7037037037037037,1.0,1.0,0.0,0.9375,1.0,1.0,0.0,0.9714285714285714,0.0,0.0,0.0,0.0,0.47947869041988544,0.0831854122962724,0.0,0.13380161874437935,0.41726184488482043,0.12189119849206764,0.14440572977158342,0.6630771284128012,0.46055868867125715,0.649483176445375,0.6398832478865145,0.32034661494663536,0.1031378108118463,0.3049647683411871,0.2758653520649966,0.5558486576047265,0.6089516243438786,0.32524596137495443,0.0,0.9287231755902245,0.0,0.0,0.0,0.0,1.0,0.5,0.0,0.6666666666666666,1.0,1.0,0.3333333333333333,0.8939393939393939,0.7142857142857143,0.9174311926605505,1.0,0.8636363636363636,1.0,0.5930232558139535,0.0,0.9375,1.0,0.6666666666666666,0.0,1.0,0.0,0.0,0.0,0.0
96,0.2067802852061327,0.5465203446066168,0.440971065520467,0.405014916680337,0.41045365500406933,0.8451025056947609,0.783735168861731,0.8459973769191473,0.7809828677204885,0.37153787641505215,0.1546138072453862,0.0,0.2764861756912154,0.37555555555555553,0.1976298361798536,0.12573279851897562,0.514004834639957,0.48336337923103223,0.46758197356928877,0.6365152264537554,0.38271449644935907,0.29468839407886555,0.764972395820957,0.24266824314717395,0.44720445772323597,0.7839244587747581,0.4967416876600529,0.0,0.9215435822139328,0.0,0.0,0.0,0.0,1.0,0.5,0.0,0.6666666666666666,1.0,0.5,0.0,0.8260869565217391,0.9183673469387755,0.8807339449541285,0.9166666666666666,0.8518518518518519,1.0,1.0,0.13793103448275862,0.9375,1.0,1.0,0.0,0.9714285714285714,0.0,0.0,0.0,0.0,0.5114094786437964,0.08733590733590733,0.0,0.14426965119615975,0.4324218834703038,0.12569971734190544,0.1621245275512234,0.6802922521638575,0.44259215778351724,0.6490164143381155,0.5497339386838508,0.2812566967380845,0.12954557882648876,0.37450509735185883,0.30903234414012615,0.5247279013394883,0.6432215881174648,0.3124991813907189,0.0,0.9305841838331976,0.0,0.0,0.0,0.0,1.0,1.0,0.0,0.6666666666666666,1.0,1.0,0.0,0.9344262295081968,0.6818181818181818,0.9504950495049505,1.0,0.8518518518518519,1.0,0.6623376623376623,1.0,0.9375,1.0,0.5714285714285714,0.0,0.9714285714285714,0.0,0.0,0.0,0.0
97,0.20721555016459942,0.547096279485794,0.443019925207465,0.39633661063643444,0.40792302164479105,0.8382687927107062,0.782617672054579,0.8565223108818933,0.7746858033049742,0.4719897982012618,0.18824333561175666,0.0,0.2488875556222189,0.34659133709981166,0.15824329034506796,0.19793273680962667,0.5337987931933776,0.4909434929910173,0.4751834559093618,0.6507878188369957,0.3269848711820604,0.32404527926359,0.7765051604369143,0.20594772171127956,0.4293439344181338,0.772316904652234,0.45224958880722865,0.0,0.9243635786424333,0.0,0.0,0.0,0.0,1.0,0.5,0.0,0.6666666666666666,1.0,0.25,0.3333333333333333,0.8260869565217391,0.9183673469387755,0.8807339449541285,0.9166666666666666,0.8518518518518519,1.0,1.0,0.034482758620689655,0.9375,1.0,1.0,0.0,0.9714285714285714,0.0,0.0,0.0,0.0,0.4200748675879097,0.09136146496815287,0.0,0.16001800122151147,0.41925416315465747,0.11891821098814746,0.1677343443587397,0.6468463150059516,0.42475999031893724,0.6470424781662726,0.4828471974669211,0.29803012142373236,0.1506999884299433,0.37297737398179115,0.3190803584885972,0.5530534351145038,0.5919923736892279,0.34161070659096987,0.0,0.9277576004998543,0.0,0.0,0.0,0.0,1.0,0.5,0.0,1.0,1.0,1.0,0.3333333333333333,0.9193548387096774,0.6617647058823529,0.96,0.9166666666666666,0.8846153846153846,1.0,0.6375,1.0,0.9375,1.0,0.6666666666666666,0.0,1.0,0.0,0.0,0.0,0.0
98,0.20652828929478498,0.5475596224445506,0.4411013363451001,0.40683014158600234,0.4125659646773665,0.835990888382688,0.7704095268189108,0.8684508116103266,0.7804389247540882,0.47241487314868674,0.15297334244702665,0.0,0.264086795660217,0.3376271186440678,0.19231439525967237,0.1548904659055847,0.5281274904617796,0.4741048394616604,0.46116203707482717,0.6460255776160532,0.3763507873160356,0.2940664261724095,0.799982574119399,0.1954860773323555,0.48373210861173527,0.762229387379088,0.4174803772563553,0.0,0.9267693803448481,0.0,0.0,0.0,0.0,1.0,0.5,0.0,0.6666666666666666,0.9285714285714286,0.5,0.3333333333333333,0.8260869565217391,0.9183673469387755,0.8990825688073395,0.75,0.8518518518518519,1.0,1.0,0.034482758620689655,0.9375,1.0,0.75,0.0,0.9714285714285714,0.0,0.0,0.0,0.0,0.45042662116040955,0.08269287614543305,0.0,0.15274283566120123,0.4471603521811788,0.1493638332430969,0.18013276717899648,0.6628484649100945,0.45125991997455756,0.6507501367811789,0.5609806977286392,0.28854044291701003,0.1373061508973689,0.3470138740955038,0.27895776603128836,0.5555061957107345,0.6587055170766659,0.3404818908868626,0.0,0.9280722059678213,0.0,0.0,0.0,0.0,1.0,1.0,0.0,0.6666666666666666,1.0,1.0,0.3333333333333333,0.9344262295081968,0.703125,0.9514563106796117,1.0,0.8518518518518519,1.0,0.6144578313253012,1.0,0.8823529411764706,1.0,0.75,0.0,0.9444444444444444,0.0,0.0,0.0,0.0
99,0.20687174821118348,0.5526379784685741,0.4451694388516016,0.40203047652194235,0.4116337997302318,0.8451025056947609,0.7638986148512144,0.8082366245247514,0.7558806097761944,0.466687547541277,0.1599453178400547,0.0,0.247987600619969,0.3787382297551789,0.2224642732659463,0.13642908567314616,0.5011557066490862,0.4583152021881702,0.5256307699842461,0.6396523705221507,0.3715765760614758,0.33038935190944146,0.7572891666468645,0.21111867755236435,0.49336197601586873,0.7869184707508061,0.4080697882617476,0.0,0.9173197880910335,0.0,0.0,0.0,0.0,1.0,0.5,0.0,0.3333333333333333,0.9285714285714286,0.5,0.3333333333333333,0.8405797101449275,0.8979591836734694,0.9174311926605505,0.9166666666666666,0.8888888888888888,1.0,1.0,0.034482758620689655,0.9375,1.0,0.75,0.0,0.9714285714285714,0.0,0.0,0.0,0.0,0.4622509805659583,0.08472121650977553,0.0,0.14093711817691018,0.4036408156711625,0.12719844551840964,0.17170409682221216,0.6990482732641236,0.4554520814511085,0.6191153777743593,0.5348828965093471,0.29786414886790724,0.10907597535934292,0.3748412138320395,0.3223381282634279,0.5321460911560519,0.6337030305278386,0.33277305217406067,0.0,0.9348556349509263,0.0,0.0,0.0,0.0,1.0,0.5,0.0,0.5,1.0,0.6666666666666666,0.3333333333333333,0.9354838709677419,0.7333333333333333,0.9433962264150944,1.0,0.8571428571428571,1.0,0.6455696202531646,1.0,0.8333333333333334,1.0,0.6,0.0,1.0,0.0,0.0,0.0,0.0
