epoch,train_loss,window_accuracy,window_balanced_accuracy,window_macro_precision,window_macro_f1,cell_accuracy,cell_balanced_accuracy,cell_macro_precision,cell_macro_f1,window_recall_AltBasket,window_recall_AltDTC,window_recall_ChC,window_recall_DTC,window_recall_ITC,window_recall_ITCperi,window_recall_L1,window_recall_L2IT,window_recall_L3IT,window_recall_L4IT,window_recall_L5ET,window_recall_L5IT,window_recall_L5NP,window_recall_L6CT,window_recall_L6IT,window_recall_MC,window_recall_NGC,window_recall_NMC,window_recall_OPC,window_recall_PV,window_recall_astrocyte,window_recall_microglia,window_recall_oligo,window_recall_thalamocortical,cell_recall_AltBasket,cell_recall_AltDTC,cell_recall_ChC,cell_recall_DTC,cell_recall_ITC,cell_recall_ITCperi,cell_recall_L1,cell_recall_L2IT,cell_recall_L3IT,cell_recall_L4IT,cell_recall_L5ET,cell_recall_L5IT,cell_recall_L5NP,cell_recall_L6CT,cell_recall_L6IT,cell_recall_MC,cell_recall_NGC,cell_recall_NMC,cell_recall_OPC,cell_recall_PV,cell_recall_astrocyte,cell_recall_microglia,cell_recall_oligo,cell_recall_thalamocortical,window_precision_AltBasket,window_precision_AltDTC,window_precision_ChC,window_precision_DTC,window_precision_ITC,window_precision_ITCperi,window_precision_L1,window_precision_L2IT,window_precision_L3IT,window_precision_L4IT,window_precision_L5ET,window_precision_L5IT,window_precision_L5NP,window_precision_L6CT,window_precision_L6IT,window_precision_MC,window_precision_NGC,window_precision_NMC,window_precision_OPC,window_precision_PV,window_precision_astrocyte,window_precision_microglia,window_precision_oligo,window_precision_thalamocortical,cell_precision_AltBasket,cell_precision_AltDTC,cell_precision_ChC,cell_precision_DTC,cell_precision_ITC,cell_precision_ITCperi,cell_precision_L1,cell_precision_L2IT,cell_precision_L3IT,cell_precision_L4IT,cell_precision_L5ET,cell_precision_L5IT,cell_precision_L5NP,cell_precision_L6CT,cell_precision_L6IT,cell_precision_MC,cell_precision_NGC,cell_precision_NMC,cell_precision_OPC,cell_precision_PV,cell_precision_astrocyte,cell_precision_microglia,cell_precision_oligo,cell_precision_thalamocortical
0,0.35025117717726467,0.5134530602609537,0.408547884059539,0.3570554075829592,0.3549447875042458,0.7767653758542141,0.6980320595320422,0.7188108814647873,0.6748409438986981,0.3212224260593315,0.21490088858509912,0.0,0.27183640817959104,0.23112994350282487,0.1818577901707912,0.1800370256093798,0.5278203610888266,0.4669482174494141,0.45054649046192524,0.5410443015615064,0.22822445082276527,0.3351163079985073,0.7930043010241665,0.05979151544177624,0.4005201774529412,0.7839244587747581,0.4455664050300847,0.0,0.920370443858013,0.0,0.0,0.0,0.0,0.7142857142857143,0.5,0.0,0.6666666666666666,0.42857142857142855,0.5,0.3333333333333333,0.8405797101449275,0.8979591836734694,0.8807339449541285,0.75,0.5185185185185185,1.0,1.0,0.0,0.5625,1.0,1.0,0.0,0.9714285714285714,0.0,0.0,0.0,0.0,0.34042250515683903,0.047516851555179394,0.0,0.11396889280174402,0.35958512788960184,0.10086511043448843,0.1461490294301816,0.629934969317399,0.4382523146037916,0.6145093727820532,0.5508128326859445,0.3352876942461151,0.03456593702686751,0.30621664194283443,0.2639402748414376,0.48350621994356346,0.434468497906668,0.31084417848013013,0.0,0.9161508854484273,0.0,0.0,0.0,0.0,1.0,0.5,0.0,0.2857142857142857,1.0,0.6666666666666666,0.16666666666666666,0.9206349206349206,0.6470588235294118,0.9320388349514563,1.0,1.0,1.0,0.5483870967741935,0.0,0.9,1.0,0.4,0.0,0.9714285714285714,0.0,0.0,0.0,0.0
1,0.3299799249299246,0.5097802197342245,0.4096457694417895,0.38177609805194135,0.36818926756108145,0.7699316628701595,0.6207109410857963,0.6958128368174413,0.6185647507693591,0.27155577430757527,0.1773069036226931,0.0,0.263986800659967,0.2654802259887006,0.2148832345765075,0.2458603311735061,0.49648786971360187,0.43909100798806455,0.43899631863781435,0.5670599872818484,0.2900204690734028,0.33872372185595223,0.8564899523956625,0.06490260493448377,0.3572351580697466,0.7305849838783971,0.4328246340904832,0.0,0.9221338717038037,0.0,0.0,0.0,0.0,0.7142857142857143,0.5,0.0,0.6666666666666666,0.5714285714285714,0.25,0.3333333333333333,0.8405797101449275,0.8979591836734694,0.8715596330275229,0.75,0.5555555555555556,0.0,1.0,0.0,0.5,1.0,0.75,0.0,0.9714285714285714,0.0,0.0,0.0,0.0,0.416183781930396,0.07240551554736784,0.0,0.11896178803172314,0.39076923076923076,0.12667591308368006,0.17374082418780434,0.6731099193785761,0.4677385977981955,0.6096081204004659,0.5255038566807664,0.28887914390992603,0.03327508462356262,0.2653436822874362,0.259546325113718,0.5648049345444135,0.6237366785953046,0.34008964795183877,0.0,0.9215967201005386,0.0,0.0,0.0,0.0,1.0,1.0,0.0,0.25,0.8888888888888888,1.0,0.16666666666666666,0.9354838709677419,0.6875,0.95,1.0,0.8333333333333334,0.0,0.504950495049505,0.0,0.8888888888888888,1.0,0.5,0.0,0.918918918918919,0.0,0.0,0.0,0.0
2,0.3239333972336755,0.5157978183955108,0.4180278294357416,0.3805223982202771,0.37014163278836865,0.7927107061503417,0.6944469426983466,0.7310009674491875,0.6864504535829453,0.2521589332856056,0.20956937799043063,0.0,0.3194340282985851,0.26,0.20320669222725687,0.16769515581610614,0.49886547468697956,0.4308775992291673,0.44768343550269774,0.5859535080901576,0.34814577639538474,0.388854335116308,0.8106757281245792,0.09477591277473041,0.36856054058947957,0.7392906494702902,0.4793779017717724,0.0,0.9193758804738189,0.0,0.0,0.0,0.0,0.5714285714285714,0.5,0.0,0.6666666666666666,0.7142857142857143,0.5,0.0,0.855072463768116,0.8775510204081632,0.8899082568807339,0.75,0.7037037037037037,1.0,1.0,0.0,0.5,1.0,1.0,0.0,0.9714285714285714,0.0,0.0,0.0,0.0,0.41587336727916757,0.06236016759549282,0.0,0.11216052525323456,0.41885865113315734,0.11371172225472986,0.1605454903505317,0.6877110122382536,0.47280238402803537,0.6365715015277298,0.5360213038251225,0.2659277116852716,0.032556395675810784,0.31948493834868114,0.27796677128371705,0.5292775755283439,0.5591555183946488,0.3237076297993786,0.0,0.9247105017636816,0.0,0.0,0.0,0.0,1.0,1.0,0.0,0.2222222222222222,1.0,0.6666666666666666,0.0,0.9365079365079365,0.7166666666666667,0.941747572815534,1.0,0.7916666666666666,1.0,0.5666666666666667,0.0,0.8,1.0,0.5714285714285714,0.0,0.9444444444444444,0.0,0.0,0.0,0.0
3,0.3203018560934061,0.5246582584080842,0.4208168496742537,0.39204218112459865,0.378051692510618,0.785876993166287,0.6933997645678353,0.7541757706231391,0.6906044346954707,0.23392545527764105,0.17170198222829802,0.0,0.3250837458127094,0.28847457627118644,0.19754269780411293,0.25815077650930784,0.5231763531564162,0.44751421999813507,0.4919658963831229,0.5686992157139829,0.3099978273050578,0.41062321184226896,0.8190005465389825,0.10630766813089777,0.31752224334757234,0.7344081068631967,0.4609106618642127,0.0,0.909698109089466,0.0,0.0,0.0,0.0,0.5714285714285714,0.5,0.0,0.6666666666666666,0.7857142857142857,0.5,0.3333333333333333,0.855072463768116,0.8775510204081632,0.8899082568807339,0.75,0.5925925925925926,1.0,1.0,0.0,0.4375,1.0,0.75,0.0,0.9714285714285714,0.0,0.0,0.0,0.0,0.45381944444444444,0.06655715118435696,0.0,0.11672830419015476,0.4123505976095618,0.13926772330753165,0.1937475878039367,0.6600053441998731,0.46197749131658955,0.5966081477705241,0.5514160831974569,0.30251697605776046,0.038161408538629614,0.31974741321194655,0.30009717351810383,0.5897874942669317,0.5767408211249774,0.3420792385190679,0.0,0.935150859980929,0.0,0.0,0.0,0.0,1.0,1.0,0.0,0.2,0.9166666666666666,1.0,0.16666666666666666,0.9365079365079365,0.6825396825396826,0.9238095238095239,1.0,0.8421052631578947,1.0,0.5604395604395604,0.0,0.875,1.0,0.5,0.0,0.9714285714285714,0.0,0.0,0.0,0.0
4,0.31741315420517013,0.5284018351227356,0.42955757745611467,0.39332868640178736,0.38346180170906885,0.8041002277904328,0.7243354183996575,0.7507881145649963,0.7134923540260274,0.335070920399123,0.1568010936431989,0.0,0.2632868356582171,0.25404896421845574,0.2510456605088881,0.23598683533888717,0.5258160771636073,0.44417290896093,0.4925985029671289,0.5899667914929697,0.2958753101807911,0.4302773976862794,0.796885519885306,0.1048409425956552,0.3578113039828144,0.7739751266697374,0.5069434323665966,0.0,0.916632770491478,0.0,0.0,0.0,0.0,0.7142857142857143,0.5,0.0,0.6666666666666666,0.6428571428571429,0.5,0.3333333333333333,0.8405797101449275,0.8775510204081632,0.9357798165137615,0.75,0.5555555555555556,1.0,1.0,0.0,0.75,1.0,1.0,0.0,0.9714285714285714,0.0,0.0,0.0,0.0,0.408604790745894,0.056600049346163334,0.0,0.13578464235985765,0.4511856583832235,0.12381811930548392,0.18495828463181654,0.6477597043599086,0.47281938872575374,0.5966754004350405,0.5677046505303236,0.3216698886699446,0.02928923436468018,0.3446673952441477,0.35329718824864453,0.5658557538365419,0.561259937203554,0.32835277459375634,0.0,0.9296134942474381,0.0,0.0,0.0,0.0,1.0,1.0,0.0,0.5,1.0,0.4,0.2,0.9354838709677419,0.7166666666666667,0.918918918918919,1.0,0.9375,1.0,0.5666666666666667,0.0,0.9230769230769231,1.0,0.4444444444444444,0.0,0.9714285714285714,0.0,0.0,0.0,0.0
5,0.3152811839187063,0.5265078632271858,0.4256701600535434,0.3888605538751032,0.3799541964789179,0.8041002277904328,0.7289119632744784,0.7504013223069596,0.7188696744544091,0.31688218712246635,0.1674641148325359,0.0,0.3128343582820859,0.23666666666666666,0.18935169048448938,0.20014398848092152,0.5071738537587605,0.444448761383769,0.47141842640132564,0.5948138203914365,0.3437660808013814,0.3956959820873243,0.8082757091145276,0.09960263711264601,0.4010469394306032,0.8018885306310456,0.44719035622826925,0.0,0.9233987777535269,0.0,0.0,0.0,0.0,0.7142857142857143,0.5,0.0,0.6666666666666666,0.5714285714285714,0.5,0.3333333333333333,0.855072463768116,0.8775510204081632,0.8899082568807339,0.75,0.7407407407407407,1.0,1.0,0.0,0.75,1.0,1.0,0.0,0.9714285714285714,0.0,0.0,0.0,0.0,0.4202094520426024,0.06678296897999236,0.0,0.13973067732642533,0.48461360481258675,0.12912234832729216,0.19599153993352805,0.6773035853192844,0.4777045593111339,0.6232298897399027,0.48143107135912894,0.27987301350860694,0.03152907593343311,0.3362783447739503,0.28266825238388515,0.5813795325195976,0.519811292586068,0.3519705038918476,0.0,0.9198602570025918,0.0,0.0,0.0,0.0,1.0,1.0,0.0,0.4,1.0,0.5,0.2,0.921875,0.6825396825396826,0.9509803921568627,1.0,0.8333333333333334,1.0,0.5795454545454546,0.0,0.9230769230769231,1.0,0.5714285714285714,0.0,0.9444444444444444,0.0,0.0,0.0,0.0
6,0.3134770021250184,0.5200105978714685,0.41412785282987996,0.3917893950491422,0.3727222603170864,0.7972665148063781,0.6831049495443161,0.6940051643751585,0.6637541087426764,0.2624054767551121,0.14490772385509226,0.0,0.32363381830908455,0.21971751412429377,0.22577553154409202,0.1974699166923789,0.499545925108091,0.40423258633015263,0.5023896203544229,0.5822228502790928,0.2885567587965557,0.3864908570717751,0.849947326315456,0.07789360253234653,0.40842160711787123,0.7106863196683556,0.46118132039724347,0.0,0.9088225956864223,0.0,0.0,0.0,0.0,0.5714285714285714,0.0,0.0,0.6666666666666666,0.5714285714285714,0.5,0.3333333333333333,0.8405797101449275,0.8775510204081632,0.944954128440367,0.75,0.5185185185185185,1.0,1.0,0.0,0.75,1.0,1.0,0.0,0.9714285714285714,0.0,0.0,0.0,0.0,0.4306748916795182,0.0729977274292404,0.0,0.12372887835461427,0.46058189570091984,0.11806789701526543,0.1683767429623783,0.6860723038770064,0.5008834049846187,0.6041685072297317,0.5255967036191302,0.30333884297520664,0.029784215420305415,0.2870069220811178,0.2890746500777605,0.5590833295777187,0.6457539865232494,0.3135004316628218,0.0,0.9335177797139552,0.0,0.0,0.0,0.0,1.0,0.0,0.0,0.4,1.0,0.4,0.16666666666666666,0.9354838709677419,0.7413793103448276,0.911504424778761,1.0,1.0,1.0,0.5425531914893617,0.0,0.9230769230769231,1.0,0.5,0.0,0.9714285714285714,0.0,0.0,0.0,0.0
7,0.3120133665739962,0.5247051368284823,0.42551394385332997,0.38600034744625045,0.37826432195112525,0.8018223234624146,0.7260823620125512,0.7543734814568148,0.7183070876764024,0.24323235938968185,0.19972658920027342,0.0,0.3254837258137093,0.2694538606403013,0.2064308121296619,0.193355960094621,0.4929082239184942,0.46032775930127745,0.4677186982180901,0.5885819260934078,0.32026095209779415,0.38785918646597833,0.8005211922470673,0.11471889007790109,0.4256566005744998,0.7894518654997696,0.4487102079906727,0.0,0.9248521796067383,0.0,0.0,0.0,0.0,0.5714285714285714,0.5,0.0,0.6666666666666666,0.7142857142857143,0.5,0.3333333333333333,0.8115942028985508,0.8979591836734694,0.8990825688073395,0.75,0.7037037037037037,1.0,1.0,0.0,0.75,1.0,1.0,0.0,0.9714285714285714,0.0,0.0,0.0,0.0,0.4383517458269494,0.05710377174125464,0.0,0.13381845091267883,0.45721224515881637,0.11466602129719264,0.17315219894082431,0.691261162579136,0.46660024259227173,0.6246736256847728,0.4878080202379837,0.29946749927823696,0.02938044758539458,0.34061993400941665,0.2817134351397541,0.5389553545374963,0.5592208300704777,0.33472595399692484,0.0,0.919275314442927,0.0,0.0,0.0,0.0,1.0,1.0,0.0,0.4,0.9090909090909091,0.6666666666666666,0.16666666666666666,0.9333333333333333,0.6875,0.9333333333333333,1.0,0.8636363636363636,1.0,0.5795454545454546,0.0,0.9230769230769231,1.0,0.5714285714285714,0.0,0.9444444444444444,0.0,0.0,0.0,0.0
8,0.310735486629353,0.5323936163311023,0.42726196723010906,0.4018675702502778,0.3890735028024352,0.8018223234624146,0.7364717241794363,0.7860399985642905,0.7390431525062018,0.3165466016376572,0.16527682843472316,0.0,0.29558522073896304,0.25054613935969866,0.20189961659114675,0.23572971305152732,0.49372105769001645,0.4759658720044758,0.4867091397366724,0.5873525047693069,0.3335772850461412,0.4104988182609777,0.8119826691696568,0.10545457266652199,0.4263068223906763,0.7114693689543989,0.4541233786512877,0.0,0.9279698009881149,0.0,0.0,0.0,0.0,0.7142857142857143,0.5,0.0,0.6666666666666666,0.7142857142857143,0.5,0.3333333333333333,0.8115942028985508,0.8979591836734694,0.8807339449541285,0.75,0.7037037037037037,1.0,1.0,0.0,0.8125,1.0,1.0,0.0,0.9714285714285714,0.0,0.0,0.0,0.0,0.42883554585682243,0.07201572551822731,0.0,0.15142279025689626,0.49712278603990734,0.13496825304363022,0.17126844759947693,0.6925142328732021,0.45404039093742704,0.6136818595843003,0.5147627068265134,0.2945345866863218,0.03596612644818153,0.33749806578631136,0.325,0.5676662063523378,0.6760329131652661,0.3480675326333259,0.0,0.9182180948968524,0.0,0.0,0.0,0.0,1.0,1.0,0.0,0.5,1.0,1.0,0.16666666666666666,0.9333333333333333,0.6567164179104478,0.9411764705882353,1.0,0.8636363636363636,1.0,0.5730337078651685,0.0,0.9285714285714286,1.0,0.6666666666666666,0.0,0.918918918918919,0.0,0.0,0.0,0.0
9,0.3093307784282863,0.519168460533602,0.41942225079193873,0.396237953145058,0.3785471794994496,0.7927107061503417,0.7048495739601912,0.7607195809920859,0.7074602295484108,0.24086088863036378,0.16678058783321942,0.0,0.3423828808559572,0.28900188323917136,0.19109445799930289,0.16090712742980562,0.4935330733324331,0.4621810213533087,0.451254601702732,0.5968345933724298,0.28394264085352605,0.4095036696106481,0.833511552566753,0.08370063832493957,0.4337144127015482,0.7438968217411331,0.44213112364930984,0.0,0.9243685390583146,0.0,0.0,0.0,0.0,0.5714285714285714,0.5,0.0,0.6666666666666666,0.7857142857142857,0.5,0.0,0.8115942028985508,0.8979591836734694,0.8899082568807339,0.75,0.5925925925925926,1.0,1.0,0.0,0.75,1.0,1.0,0.0,0.9714285714285714,0.0,0.0,0.0,0.0,0.48495495495495494,0.079816813869807,0.0,0.14323962516733602,0.4655664098052303,0.1371996996996997,0.16630348126494818,0.690714047504354,0.46387877180805015,0.6248844931119746,0.5128905728198963,0.31711600107278326,0.022889086661475135,0.30526666956761384,0.29130638608188353,0.5376876218074957,0.625968992248062,0.33923864598476017,0.0,0.9233608831807191,0.0,0.0,0.0,0.0,1.0,1.0,0.0,0.4,1.0,1.0,0.0,0.9180327868852459,0.6666666666666666,0.9326923076923077,1.0,0.8421052631578947,1.0,0.5604395604395604,0.0,0.8571428571428571,1.0,0.5714285714285714,0.0,0.9444444444444444,0.0,0.0,0.0,0.0
10,0.3084581527509714,0.5248880463795,0.4253534584242113,0.3917988105898447,0.38198131279228154,0.8041002277904328,0.7437509643779311,0.7647962104262861,0.7359702079710064,0.2817799454114278,0.16924128503075872,0.0,0.29793510324483774,0.27555555555555555,0.21348902056465668,0.19767561452226678,0.5373572576524196,0.44161253224753677,0.43735970418499864,0.598191196212817,0.3183169618863566,0.4002985445950989,0.8123311867816775,0.10439194498282584,0.4599702050256385,0.7448641179180101,0.4453165663842102,0.0,0.920675509434711,0.0,0.0,0.0,0.0,0.8571428571428571,0.5,0.0,0.6666666666666666,0.7142857142857143,0.5,0.3333333333333333,0.8405797101449275,0.8571428571428571,0.8807339449541285,0.75,0.7037037037037037,1.0,1.0,0.0,0.8125,1.0,1.0,0.0,0.9714285714285714,0.0,0.0,0.0,0.0,0.41354741266088785,0.062157955515388864,0.0,0.1392322250519872,0.46462593674584024,0.12476447522533991,0.15665498410628412,0.6477128751105026,0.47039543112545784,0.641644212921382,0.4937308279972474,0.3032414089861814,0.027614732434009543,0.3293733761124332,0.3454167285693062,0.5384481977858925,0.6308172420518822,0.33676570150992713,0.0,0.926234866707255,0.0,0.0,0.0,0.0,1.0,1.0,0.0,0.5,1.0,0.6666666666666666,0.25,0.90625,0.65625,0.9504950495049505,1.0,0.8636363636363636,1.0,0.5730337078651685,0.0,0.9285714285714286,1.0,0.5,0.0,0.9714285714285714,0.0,0.0,0.0,0.0
11,0.3075685131029457,0.5277836259537352,0.42751557189962264,0.3959268102761709,0.3870835530045007,0.8041002277904328,0.7300379582587416,0.755005958031651,0.7225397639841464,0.3782048413799275,0.144771018455229,0.0,0.3104844757762112,0.254180790960452,0.18699895433949112,0.18703075182556825,0.5050530724851797,0.46593028315668417,0.45684602763878573,0.6073058715466686,0.35430365127102653,0.4214454534146038,0.7900022970478974,0.10260343782505556,0.4006354066355548,0.7233072316904652,0.47910724323874165,0.0,0.9270694855056648,0.0,0.0,0.0,0.0,0.8571428571428571,0.5,0.0,0.6666666666666666,0.6428571428571429,0.25,0.3333333333333333,0.8260869565217391,0.9183673469387755,0.8715596330275229,0.75,0.7407407407407407,1.0,1.0,0.0,0.8125,1.0,1.0,0.0,0.9714285714285714,0.0,0.0,0.0,0.0,0.4158876205471364,0.07176741664407699,0.0,0.16348558641569041,0.4626538237411305,0.12782178807552563,0.15796560111188326,0.6800426376901495,0.4551451137265023,0.6289836341925967,0.49031374786081006,0.2689376513579904,0.030758615680720486,0.3631765614075973,0.31817970853058575,0.5772975793730801,0.6467462932454695,0.3468797105818511,0.0,0.92063949478828,0.0,0.0,0.0,0.0,1.0,1.0,0.0,0.5,1.0,0.5,0.2,0.9047619047619048,0.6617647058823529,0.9595959595959596,1.0,0.8333333333333334,1.0,0.5862068965517241,0.0,0.9285714285714286,1.0,0.5714285714285714,0.0,0.9444444444444444,0.0,0.0,0.0,0.0
12,0.30670505695183237,0.527711634093838,0.42768061409616737,0.3913981036511875,0.3855444976761649,0.8041002277904328,0.7382416361507842,0.785963010419185,0.7337265562475772,0.3495458409772249,0.20396445659603554,0.0,0.2997850107494625,0.27800376647834274,0.16861275705820844,0.17546024889437417,0.5157522948653793,0.4729159543716781,0.4407186410794309,0.5911962128170706,0.3334114741163421,0.3703196915039184,0.8202916458744227,0.09978223615777776,0.44267759697770315,0.7541225241824044,0.4566425849971893,0.0,0.9250481160340482,0.0,0.0,0.0,0.0,0.8571428571428571,0.5,0.0,0.6666666666666666,0.8571428571428571,0.25,0.3333333333333333,0.8260869565217391,0.8979591836734694,0.8623853211009175,0.75,0.7037037037037037,1.0,1.0,0.0,0.8125,1.0,1.0,0.0,0.9714285714285714,0.0,0.0,0.0,0.0,0.4020690187601328,0.07880836678639341,0.0,0.16310320439584353,0.4572118809427943,0.13171329385337963,0.15330008536640158,0.6665491849276632,0.4544880890150101,0.6540223793589025,0.5186709645425241,0.28828860006031454,0.034454024651351195,0.31589366602101665,0.29955966930266,0.5519591141396933,0.611511597504949,0.34335765052130623,0.0,0.9202050755710387,0.0,0.0,0.0,0.0,1.0,1.0,0.0,0.5,1.0,1.0,0.25,0.9193548387096774,0.6376811594202898,0.9591836734693877,1.0,0.8636363636363636,1.0,0.5730337078651685,0.0,0.9285714285714286,1.0,0.5714285714285714,0.0,0.9444444444444444,0.0,0.0,0.0,0.0
13,0.30601874854623484,0.5251262054974156,0.431023604781576,0.39289832098241156,0.3849810044628611,0.806378132118451,0.7572189136061088,0.7843020727241955,0.747879361761022,0.3567049979864871,0.18386876281613124,0.0,0.3300334983250837,0.2838983050847458,0.1991983269431858,0.16208988995166101,0.5165571856358769,0.4903101979921052,0.4277624501057065,0.6098495018723945,0.3345893034797425,0.393705684786665,0.8122995033624029,0.10326945095075245,0.3953595562030338,0.7345923537540304,0.507276550561096,0.0,0.917059366257267,0.0,0.0,0.0,0.0,1.0,0.5,0.0,0.6666666666666666,0.8571428571428571,0.5,0.3333333333333333,0.8260869565217391,0.9183673469387755,0.8532110091743119,0.75,0.7037037037037037,1.0,1.0,0.0,0.75,1.0,1.0,0.0,0.9714285714285714,0.0,0.0,0.0,0.0,0.4109172444009175,0.08186742954531621,0.0,0.1264147691364881,0.46020697866104954,0.13336444781517998,0.16865535876718926,0.670740637602236,0.4474011677993682,0.6619205956745389,0.5029602349540814,0.28754145886052623,0.034310058863702884,0.3262579216614492,0.31713202344019303,0.5606587609132079,0.6296091590998816,0.3216246897935477,0.0,0.9305868406945342,0.0,0.0,0.0,0.0,1.0,1.0,0.0,0.5,1.0,1.0,0.3333333333333333,0.9344262295081968,0.6428571428571429,0.96875,1.0,0.8260869565217391,1.0,0.5730337078651685,0.0,0.9230769230769231,1.0,0.4444444444444444,0.0,0.9714285714285714,0.0,0.0,0.0,0.0
14,0.30539994289708766,0.518285304577887,0.42902459495272555,0.3902577842527655,0.382306586952987,0.7972665148063781,0.7483355293345257,0.7702121857198025,0.7334162169991676,0.3879591928050472,0.1775803144224197,0.0,0.3553322333883306,0.26717514124293784,0.1947542697804113,0.17479173094723852,0.48719455851476473,0.46182357877723557,0.42252610012325625,0.5920016957535504,0.350718704616405,0.38785918646597833,0.8236896925916245,0.087367452163046,0.40707177955011237,0.7331183786273606,0.4891216089608794,0.0,0.9223570904184607,0.0,0.0,0.0,0.0,1.0,0.5,0.0,0.6666666666666666,0.8571428571428571,0.5,0.3333333333333333,0.8115942028985508,0.8979591836734694,0.8532110091743119,0.75,0.7037037037037037,1.0,1.0,0.0,0.625,1.0,1.0,0.0,0.9714285714285714,0.0,0.0,0.0,0.0,0.4045680423675431,0.07438584435663975,0.0,0.13618073120257532,0.4584289268749798,0.1495883809651295,0.1649679673849738,0.6981859436242426,0.471668015808771,0.6613801738952667,0.4762245791130967,0.2676020085419748,0.03275106876884132,0.3106608750724447,0.2689720315163802,0.5265186194562139,0.6666666666666666,0.33153170951991195,0.0,0.9243585314141266,0.0,0.0,0.0,0.0,1.0,1.0,0.0,0.3333333333333333,1.0,1.0,0.3333333333333333,0.9333333333333333,0.6470588235294118,0.9587628865979382,1.0,0.76,1.0,0.5730337078651685,0.0,0.9090909090909091,1.0,0.4444444444444444,0.0,0.9714285714285714,0.0,0.0,0.0,0.0
15,0.3048640329773188,0.5280443871671998,0.42769984456297916,0.3933780792717948,0.38658683559945983,0.8177676537585421,0.7543503111502792,0.7978255709184904,0.7546911994979439,0.3409324802004564,0.19781271360218727,0.0,0.2768361581920904,0.2962335216572505,0.19850121993726036,0.17690013370358942,0.5133270318858538,0.4217239610853821,0.4681064248340938,0.5892743587931887,0.34830015208864595,0.36223410871999007,0.8295194417381524,0.1139331442554497,0.4179280146834901,0.7259788116075542,0.5036538901959151,0.0,0.9174016349530745,0.0,0.0,0.0,0.0,0.8571428571428571,0.5,0.0,0.6666666666666666,0.8571428571428571,0.5,0.3333333333333333,0.8405797101449275,0.8775510204081632,0.908256880733945,0.75,0.7037037037037037,1.0,1.0,0.0,0.8125,1.0,1.0,0.0,0.9714285714285714,0.0,0.0,0.0,0.0,0.44668190878180325,0.06280109370253027,0.0,0.13346992888996023,0.4427119979736005,0.12457617849721098,0.1690500761708192,0.6767911250122177,0.49277934907454907,0.6303488793870978,0.5083258161250214,0.28585573241234324,0.03964439845887847,0.31122232161165414,0.2808108008410491,0.5457897112883462,0.6630626840555321,0.3371333008152742,0.0,0.9297501237944183,0.0,0.0,0.0,0.0,1.0,1.0,0.0,0.6666666666666666,1.0,1.0,0.3333333333333333,0.9354838709677419,0.7166666666666667,0.9339622641509434,1.0,0.8636363636363636,1.0,0.5666666666666667,0.0,0.9285714285714286,1.0,0.4444444444444444,0.0,0.9714285714285714,0.0,0.0,0.0,0.0
16,0.3041294237659365,0.5286115323425523,0.42995633499231406,0.39639899474607576,0.38926147064151007,0.8109339407744874,0.7467024748609328,0.7851892667863885,0.7358735063353342,0.3845138484943398,0.17279562542720436,0.0,0.287785610719464,0.2875141242937853,0.17671662600209131,0.165998148719531,0.5216433539586594,0.47115593820905727,0.4348517251793746,0.6053274924044372,0.3657846287550458,0.38362980470207736,0.8081014503085173,0.1006951979705308,0.4041087434257636,0.733256563795486,0.5132310382877725,0.0,0.922104109208516,0.0,0.0,0.0,0.0,1.0,0.5,0.0,0.6666666666666666,0.8571428571428571,0.25,0.3333333333333333,0.8405797101449275,0.9183673469387755,0.8623853211009175,0.75,0.7407407407407407,1.0,1.0,0.0,0.75,1.0,1.0,0.0,0.9714285714285714,0.0,0.0,0.0,0.0,0.41711969711678476,0.07347982792698524,0.0,0.15368595306117,0.4737479054179855,0.14804000291992117,0.18361774744027304,0.6629428984824524,0.4592754183046637,0.6577005342642062,0.49060839288986624,0.2702708411665054,0.03535440382432851,0.3408584439492297,0.30607556354206944,0.5389817111994204,0.6585174154049805,0.34135567402894135,0.0,0.9235494744895805,0.0,0.0,0.0,0.0,1.0,1.0,0.0,0.5,1.0,1.0,0.3333333333333333,0.9206349206349206,0.6617647058823529,0.9591836734693877,1.0,0.8333333333333334,1.0,0.5862068965517241,0.0,0.9230769230769231,1.0,0.4444444444444444,0.0,0.9714285714285714,0.0,0.0,0.0,0.0
17,0.3036472617474513,0.5302501842698624,0.4299497706473334,0.3960332758033702,0.3873018510334971,0.8041002277904328,0.7340529477067805,0.7645400657977919,0.7279591347611067,0.3091413486062016,0.19466848940533152,0.0,0.28738563071846407,0.28721280602636534,0.24346462181944928,0.19608145634063562,0.5246563990140088,0.4613573493301837,0.47163065570692764,0.5714830777926941,0.29410856613569053,0.3975618858066924,0.8220183922248889,0.12126677193166256,0.42857025276344274,0.7590511285122064,0.4498553017842643,0.0,0.9195817377328915,0.0,0.0,0.0,0.0,0.7142857142857143,0.5,0.0,0.6666666666666666,0.7857142857142857,0.5,0.3333333333333333,0.8260869565217391,0.8775510204081632,0.908256880733945,0.75,0.6296296296296297,1.0,1.0,0.0,0.75,1.0,1.0,0.0,0.9714285714285714,0.0,0.0,0.0,0.0,0.44806900353448553,0.06679487780852761,0.0,0.12930510876656243,0.45150689798093435,0.12042584371363303,0.1656385751520417,0.6577706078199013,0.46227153284671535,0.6232481628800647,0.5839939926930353,0.32294498402194866,0.03465099637877572,0.3169947217945898,0.30606655838023644,0.5627424915431919,0.6069613259668508,0.34105186728541215,0.0,0.9281614158937579,0.0,0.0,0.0,0.0,1.0,1.0,0.0,0.5,1.0,0.6666666666666666,0.25,0.9344262295081968,0.6825396825396826,0.9339622641509434,1.0,0.8947368421052632,1.0,0.5604395604395604,0.0,0.9230769230769231,1.0,0.4444444444444444,0.0,0.9714285714285714,0.0,0.0,0.0,0.0
18,0.30314330909955284,0.5273713469886265,0.43210703276682527,0.39359833121074583,0.3865886510007894,0.8041002277904328,0.7457094168410419,0.7642738534616496,0.7354767009718192,0.3250033558548481,0.17881066302118934,0.0,0.27868606569671517,0.26625235404896425,0.21863018473335658,0.19325311117967706,0.5073724287843766,0.483040903863488,0.44264298949464936,0.610485409453826,0.3238287458976089,0.40415474561512627,0.8220263130797075,0.10488584235693814,0.42019144505625655,0.7715799170888992,0.5033832316628843,0.0,0.9236988829143435,0.0,0.0,0.0,0.0,1.0,0.5,0.0,0.6666666666666666,0.6428571428571429,0.5,0.3333333333333333,0.8260869565217391,0.8979591836734694,0.8807339449541285,0.75,0.7037037037037037,1.0,1.0,0.0,0.75,1.0,1.0,0.0,0.9714285714285714,0.0,0.0,0.0,0.0,0.42822190779389224,0.07058823529411765,0.0,0.14536824535781348,0.4583562976171178,0.1344227163139566,0.1676481084939329,0.6713118659267978,0.44840010387062335,0.6507258420157378,0.5231792089519703,0.30310506486278205,0.03422521858211314,0.31604303642504106,0.29793384916248616,0.5608199404598434,0.5978443199257647,0.3522076711291098,0.0,0.9243683296103251,0.0,0.0,0.0,0.0,1.0,1.0,0.0,0.5,1.0,0.6666666666666666,0.25,0.9193548387096774,0.6567164179104478,0.96,1.0,0.8636363636363636,1.0,0.5730337078651685,0.0,0.9230769230769231,1.0,0.5,0.0,0.9444444444444444,0.0,0.0,0.0,0.0
19,0.30280562870340855,0.5207941371838375,0.4276540719881856,0.3891553779300947,0.37983747060523404,0.7995444191343963,0.7493412450764801,0.7682643394147699,0.7394571500777152,0.31140095753725,0.20697197539302803,0.0,0.30528473576321186,0.2744632768361582,0.2137504356918787,0.1900647948164147,0.4769560301939946,0.4889231653871258,0.4330090034201569,0.5878470995548647,0.3198492835824309,0.3745490732678194,0.815119327677843,0.09818829463223354,0.46582220137122726,0.7878857669276831,0.4218733734463159,0.0,0.9258145002877041,0.0,0.0,0.0,0.0,0.7142857142857143,0.5,0.0,0.6666666666666666,0.7142857142857143,0.75,0.3333333333333333,0.8115942028985508,0.8979591836734694,0.8623853211009175,0.75,0.7037037037037037,1.0,1.0,0.0,0.8125,1.0,1.0,0.0,0.9714285714285714,0.0,0.0,0.0,0.0,0.4478298639039928,0.06324407870002924,0.0,0.12225447992792071,0.4586480362537764,0.1171218487394958,0.14664338993810505,0.710218693202651,0.45448996691755394,0.6519234491509541,0.5648737829800524,0.3024246519799973,0.028553004656102717,0.30885031978079036,0.3043609371375551,0.49914451519587955,0.5701666666666667,0.3344226040170982,0.0,0.9196265135930821,0.0,0.0,0.0,0.0,1.0,1.0,0.0,0.5,1.0,0.75,0.16666666666666666,0.9333333333333333,0.6285714285714286,0.9690721649484536,1.0,0.8636363636363636,1.0,0.5730337078651685,0.0,0.9285714285714286,1.0,0.5714285714285714,0.0,0.9444444444444444,0.0,0.0,0.0,0.0
20,0.3022642658926772,0.5326757239681411,0.43447190537854474,0.3972965896170395,0.3922191934955952,0.7995444191343963,0.7336834387440706,0.7742176646541284,0.721994758213338,0.3887198532372813,0.1773069036226931,0.0,0.2935353232338383,0.28344632768361583,0.18194492854653188,0.20081250642805717,0.520375121461724,0.48893093587791003,0.45416459198916,0.617381473892461,0.34613889238298895,0.41510138076875236,0.7800299408312145,0.139855273102798,0.3835156423615398,0.7483187471211423,0.47948200120755347,0.0,0.921434453064545,0.0,0.0,0.0,0.0,1.0,0.5,0.0,0.6666666666666666,0.7142857142857143,0.25,0.3333333333333333,0.8115942028985508,0.9183673469387755,0.8623853211009175,0.75,0.7407407407407407,1.0,1.0,0.0,0.6875,1.0,1.0,0.0,0.9714285714285714,0.0,0.0,0.0,0.0,0.40360983994982463,0.07235704323570433,0.0,0.14344352415157957,0.4786756988836943,0.1310405422367265,0.15876565295169948,0.6622760019678804,0.44267738860336925,0.6424317825586195,0.5245848492489463,0.28786970993818356,0.034979402299814465,0.3651945605375678,0.3593692914142871,0.5462602579132474,0.6166400971684506,0.35303675997179385,0.0,0.9281262100753214,0.0,0.0,0.0,0.0,1.0,1.0,0.0,0.4,1.0,1.0,0.25,0.9032258064516129,0.6428571428571429,0.9591836734693877,1.0,0.8333333333333334,1.0,0.5862068965517241,0.0,0.9166666666666666,1.0,0.5,0.0,0.9444444444444444,0.0,0.0,0.0,0.0
21,0.3019034197259624,0.5285989756228028,0.42893919310352113,0.3907435035350992,0.3852094973758622,0.7995444191343963,0.7093337554653806,0.7678153874373986,0.7098432927356797,0.3434605575193521,0.18537252221462747,0.0,0.2781360931953402,0.28271186440677964,0.18168351341930986,0.17335184613802324,0.513059617518024,0.47239921673452895,0.449685329241117,0.6051437857698014,0.3291232604146417,0.3889787286975992,0.8115470221546309,0.11061056192051245,0.40414989670526846,0.7738830032243206,0.4893089879452853,0.0,0.9282996686442191,0.0,0.0,0.0,0.0,0.8571428571428571,0.5,0.0,0.6666666666666666,0.7142857142857143,0.25,0.0,0.8260869565217391,0.8979591836734694,0.8807339449541285,0.75,0.7037037037037037,1.0,1.0,0.0,0.75,1.0,1.0,0.0,0.9714285714285714,0.0,0.0,0.0,0.0,0.4125772641762967,0.06463914577176089,0.0,0.14239275110064503,0.4631760821943167,0.1399047171710394,0.13862159717081998,0.666226590891119,0.456695989242546,0.650121697570474,0.508417628342119,0.30166757504611774,0.032446510469628737,0.3272727853499136,0.2963371358688025,0.5564394583262507,0.6030509691313711,0.35505801305293694,0.0,0.9183371527556273,0.0,0.0,0.0,0.0,1.0,1.0,0.0,0.5,1.0,1.0,0.0,0.9193548387096774,0.6666666666666666,0.9504950495049505,1.0,0.8636363636363636,1.0,0.5730337078651685,0.0,0.8571428571428571,1.0,0.5714285714285714,0.0,0.918918918918919,0.0,0.0,0.0,0.0
22,0.30169498883580204,0.5284721527533328,0.42959553633755165,0.38688036966866024,0.38241694752864924,0.8041002277904328,0.7296033087702128,0.7603448656063752,0.7224306152341647,0.32484674929527046,0.16760082023239917,0.0,0.32683365831708416,0.2770056497175141,0.2251655629139073,0.19639000308546745,0.5253871551082764,0.4598421036272651,0.4508627937539283,0.5852469441107893,0.31526947134901484,0.3529045901231496,0.8191352010708995,0.10638998435991649,0.40633102051902514,0.7628742514970059,0.5020091191105744,0.0,0.9286245758844421,0.0,0.0,0.0,0.0,0.7142857142857143,0.5,0.0,0.6666666666666666,0.6428571428571429,0.5,0.3333333333333333,0.8405797101449275,0.8979591836734694,0.8990825688073395,0.75,0.6666666666666666,1.0,1.0,0.0,0.75,1.0,1.0,0.0,0.9714285714285714,0.0,0.0,0.0,0.0,0.42864734014288247,0.060216110019646364,0.0,0.1320499353587589,0.4784815067824729,0.11674347158218126,0.13525286867828304,0.6650646181896182,0.46987363481533534,0.6453166575635345,0.5201974527093225,0.3015322695306946,0.04056508000057194,0.31505334413823777,0.2864078647837386,0.5298530690221416,0.5859129019704956,0.3348284337550165,0.0,0.9178500949929521,0.0,0.0,0.0,0.0,1.0,1.0,0.0,0.5,1.0,0.6666666666666666,0.14285714285714285,0.9354838709677419,0.6984126984126984,0.9514563106796117,1.0,0.8571428571428571,1.0,0.5666666666666667,0.0,0.9230769230769231,1.0,0.5,0.0,0.9444444444444444,0.0,0.0,0.0,0.0
23,0.3012408742326119,0.5289656318394883,0.42817069611857295,0.39363561190230095,0.383114407297347,0.7927107061503417,0.7347495181376584,0.7561277502453972,0.7226003048262458,0.2864110251017943,0.23376623376623376,0.0,0.30028498575071244,0.26753295668549903,0.21383757406761938,0.18836778771983956,0.5052278185077219,0.4834022316849532,0.47578749316376756,0.5856567512188229,0.3017873274708687,0.3813907202388357,0.8185728203787753,0.10986971585934402,0.4075656189041705,0.7610778443113773,0.46696924902667025,0.0,0.9195643762773071,0.0,0.0,0.0,0.0,0.8571428571428571,0.5,0.0,0.6666666666666666,0.7857142857142857,0.5,0.3333333333333333,0.8115942028985508,0.8979591836734694,0.8715596330275229,0.75,0.5925925925925926,1.0,1.0,0.0,0.6875,1.0,1.0,0.0,0.9714285714285714,0.0,0.0,0.0,0.0,0.449129946674151,0.06504374286801065,0.0,0.11808190629730846,0.4437295017960331,0.12196819085487078,0.16117393408720904,0.6799385696418582,0.45602653618487365,0.624808727646928,0.5633351003819543,0.3131663729730692,0.038128163356671185,0.3136997778020617,0.3136643308836096,0.5645457343837288,0.6025673753692425,0.32969278259591356,0.0,0.9267403204439223,0.0,0.0,0.0,0.0,1.0,1.0,0.0,0.4,1.0,0.6666666666666666,0.25,0.9333333333333333,0.6470588235294118,0.9313725490196079,1.0,0.8888888888888888,1.0,0.5604395604395604,0.0,0.9166666666666666,1.0,0.4444444444444444,0.0,0.9714285714285714,0.0,0.0,0.0,0.0
24,0.30075466290323966,0.5289899081643373,0.43390006821542176,0.3895993485569469,0.3858990604607485,0.8041002277904328,0.7504204470030316,0.7802393319010011,0.7421910309820025,0.3822989842945993,0.21736158578263842,0.0,0.2622368881555922,0.27303201506591335,0.20765074939003136,0.18589941376118482,0.4960404139892134,0.48558962484070495,0.46245173823963953,0.6029534374337596,0.32314834932360575,0.4098768503545217,0.7986677122195027,0.11495087217786291,0.4029235289760241,0.773284200829111,0.48762257708563217,0.0,0.9242122859580547,0.0,0.0,0.0,0.0,1.0,0.5,0.0,0.6666666666666666,0.7142857142857143,0.5,0.3333333333333333,0.8115942028985508,0.8979591836734694,0.8715596330275229,0.75,0.7407407407407407,1.0,1.0,0.0,0.75,1.0,1.0,0.0,0.9714285714285714,0.0,0.0,0.0,0.0,0.41909059694903616,0.0671225937183384,0.0,0.14336476698100314,0.4386686838124054,0.1278776495841159,0.15594668047107546,0.6890248835994792,0.4511239929542895,0.6398168225143425,0.44345593813982975,0.296938046402152,0.0320164017256792,0.34761159452266366,0.31232971412305316,0.5782355511983085,0.5838085964668244,0.362526120269329,0.0,0.9238296405931192,0.0,0.0,0.0,0.0,1.0,1.0,0.0,0.5,1.0,1.0,0.2,0.9333333333333333,0.6376811594202898,0.95,1.0,0.8695652173913043,1.0,0.5862068965517241,0.0,0.9230769230769231,1.0,0.5,0.0,0.9444444444444444,0.0,0.0,0.0,0.0
25,0.3004955732693678,0.5268439647591475,0.4319059808365344,0.39300267674465633,0.38715260912330074,0.7949886104783599,0.7273877771449649,0.7519410690979318,0.7189259504242804,0.3284039554342476,0.17621326042378674,0.0,0.3187340632968352,0.29721280602636535,0.2426803764377832,0.20261236243957625,0.4928870425824285,0.4840005594753365,0.4454713531250765,0.5874372924468311,0.3271678349666663,0.3496703570095783,0.8250600004752513,0.11186775523643466,0.42784595504415746,0.7628281897742976,0.4689679581936666,0.0,0.925246532669299,0.0,0.0,0.0,0.0,0.5714285714285714,0.5,0.0,0.6666666666666666,0.7857142857142857,0.5,0.3333333333333333,0.8115942028985508,0.8775510204081632,0.8715596330275229,0.75,0.7037037037037037,1.0,1.0,0.0,0.75,1.0,1.0,0.0,0.9714285714285714,0.0,0.0,0.0,0.0,0.4638061234162217,0.06349128164712836,0.0,0.13710856847900896,0.44939916851756934,0.11190131790421086,0.18585782348223973,0.6919765821020352,0.44953900005412917,0.6489672271505696,0.4890415632389445,0.2922047746712626,0.03917551634752069,0.3125783974216626,0.2851121452548062,0.5505051574778134,0.6250377415458938,0.35632365735980387,0.0,0.9220221353329939,0.0,0.0,0.0,0.0,1.0,1.0,0.0,0.4,1.0,0.5,0.25,0.9333333333333333,0.6323529411764706,0.95,1.0,0.8636363636363636,1.0,0.5666666666666667,0.0,0.9230769230769231,1.0,0.5714285714285714,0.0,0.9444444444444444,0.0,0.0,0.0,0.0
26,0.3000671954954193,0.5284453650845339,0.43053184967714925,0.3974446196655338,0.38887324885545294,0.806378132118451,0.7437798747784359,0.781219355120711,0.7469197400789319,0.33372857845988635,0.18400546821599453,0.0,0.29678516074196293,0.30354048964218455,0.22525270128964797,0.20302375809935205,0.5067105120323228,0.4924703944301122,0.45129541503073245,0.5829011516992864,0.3010840604237899,0.3954471949247419,0.8290679530134892,0.10661448316633117,0.4100101237067582,0.739797328420083,0.4590576919073099,0.0,0.928780828984702,0.0,0.0,0.0,0.0,0.7142857142857143,0.5,0.0,0.6666666666666666,0.8571428571428571,0.5,0.3333333333333333,0.8260869565217391,0.9183673469387755,0.8715596330275229,0.75,0.6666666666666666,1.0,1.0,0.0,0.8125,1.0,1.0,0.0,0.9714285714285714,0.0,0.0,0.0,0.0,0.4471656824245331,0.06615550968249287,0.0,0.1354725334915672,0.4405269487263584,0.1289984530166176,0.16738743322309846,0.6768092570587902,0.4456797676560973,0.6406404347586783,0.555287814334177,0.30972420729447886,0.03489993303252863,0.31335021794319107,0.27187374768620115,0.5907570798349224,0.6448388003372546,0.36604356198950794,0.0,0.9183917714891123,0.0,0.0,0.0,0.0,1.0,1.0,0.0,0.5,1.0,0.6666666666666666,0.25,0.9193548387096774,0.6521739130434783,0.9595959595959596,1.0,0.9,1.0,0.5666666666666667,0.0,0.9285714285714286,1.0,0.8,0.0,0.918918918918919,0.0,0.0,0.0,0.0
27,0.29981027383472636,0.5334186632199867,0.4277374444339754,0.39655435161232255,0.38859479720516565,0.8154897494305239,0.7214274410168368,0.7773364161813007,0.7196538475290227,0.3199024564857488,0.1747095010252905,0.0,0.28758562071896404,0.2877024482109228,0.1922272568839317,0.16100997634474956,0.5231525241533422,0.4689335778447767,0.4637434800708519,0.6074047905037802,0.34396619744079404,0.3864908570717751,0.7940498538602286,0.11884218482238403,0.4104216565018066,0.6966835559649931,0.5351751993504196,0.0,0.9272728625567968,0.0,0.0,0.0,0.0,0.8571428571428571,0.5,0.0,0.6666666666666666,0.7142857142857143,0.25,0.0,0.8405797101449275,0.9183673469387755,0.8899082568807339,0.75,0.8148148148148148,1.0,1.0,0.0,0.8125,1.0,1.0,0.0,0.9714285714285714,0.0,0.0,0.0,0.0,0.45580313027955754,0.07072887265482318,0.0,0.14265165418382025,0.4474023311661688,0.13273963535712135,0.15381214383965416,0.6656806727218824,0.459608691347494,0.6274098921881255,0.5063077919783262,0.30023955681988324,0.0337160343779842,0.35651085379384906,0.32705892044401425,0.5480814675591607,0.6658302518048952,0.3251986235514397,0.0,0.919197804953606,0.0,0.0,0.0,0.0,1.0,1.0,0.0,0.6666666666666666,1.0,1.0,0.0,0.9206349206349206,0.6818181818181818,0.9603960396039604,1.0,0.88,1.0,0.6,0.0,0.8666666666666667,1.0,0.4444444444444444,0.0,0.9714285714285714,0.0,0.0,0.0,0.0
28,0.29952690177539293,0.5328205448025853,0.4259690462792143,0.3993865675072422,0.3877038738961176,0.7972665148063781,0.7255931035244593,0.7748837801758623,0.722209655644853,0.3020045639625934,0.1774436090225564,0.0,0.33528323583820807,0.2904331450094162,0.20599512025095854,0.17638588912886968,0.5224508923961652,0.4646636931588599,0.47810977152698986,0.5784074047905038,0.3085627051195554,0.34792884687150144,0.8343115589034369,0.1094132349529675,0.4091212128694536,0.7452326116996776,0.4548937144760675,0.0,0.9268016230480763,0.0,0.0,0.0,0.0,0.5714285714285714,0.5,0.0,0.6666666666666666,0.8571428571428571,0.5,0.3333333333333333,0.8260869565217391,0.8775510204081632,0.8899082568807339,0.75,0.6296296296296297,1.0,1.0,0.0,0.6875,1.0,1.0,0.0,0.9714285714285714,0.0,0.0,0.0,0.0,0.49352880959344836,0.06641764314588344,0.0,0.13189363543387617,0.439235567201162,0.132333184057322,0.14585193689671302,0.6574234796717631,0.4656913899445517,0.6205101992171154,0.5755688050172961,0.31193355220567837,0.04405418176090723,0.30424283737763824,0.3096488627218434,0.5817154091914475,0.6413620867359074,0.3461337388907371,0.0,0.9214128960670694,0.0,0.0,0.0,0.0,1.0,1.0,0.0,0.4,1.0,1.0,0.2,0.9344262295081968,0.6615384615384615,0.941747572815534,1.0,0.8947368421052632,1.0,0.5543478260869565,0.0,0.9166666666666666,1.0,0.5,0.0,0.9444444444444444,0.0,0.0,0.0,0.0
29,0.29900841467162814,0.5335760407741804,0.4309433519721628,0.3968384317021721,0.3902447548720452,0.806378132118451,0.7119497771654669,0.741785861567415,0.7018058098270424,0.32337017316211014,0.19931647300068353,0.0,0.23643817809109544,0.3067984934086629,0.21000348553502962,0.23526689293427955,0.521921358994522,0.4670531190750008,0.4796443526598046,0.6186250264961493,0.3211014419833274,0.3728075631297425,0.8081885797115225,0.12079532443819174,0.379507312937768,0.7559189313680331,0.4777747704607441,0.0,0.9224488581122642,0.0,0.0,0.0,0.0,0.8571428571428571,0.5,0.0,0.3333333333333333,0.7857142857142857,0.25,0.3333333333333333,0.855072463768116,0.8979591836734694,0.8899082568807339,0.75,0.7037037037037037,1.0,1.0,0.0,0.6875,1.0,1.0,0.0,0.9714285714285714,0.0,0.0,0.0,0.0,0.4504206918043004,0.06953784518529117,0.0,0.12235129750847326,0.4256080675079029,0.12561897315611154,0.20361386799590547,0.665692962312576,0.4609762364012164,0.6286505208820894,0.5006919584138712,0.30389281501282456,0.033702179340125496,0.3375390773607688,0.32478219754129695,0.5716747669113271,0.6454416738771337,0.3457013301999066,0.0,0.9271953092279771,0.0,0.0,0.0,0.0,1.0,0.5,0.0,0.25,1.0,1.0,0.25,0.9076923076923077,0.6984126984126984,0.941747572815534,1.0,0.8636363636363636,1.0,0.5795454545454546,0.0,0.9166666666666666,1.0,0.5,0.0,0.9444444444444444,0.0,0.0,0.0,0.0
30,0.298928883207636,0.5231614974139436,0.4275286761162891,0.3932231034838423,0.3837531637819931,0.8086560364464692,0.7476866889112601,0.7812148114231448,0.7409340182113202,0.3160991543245783,0.18181818181818182,0.0,0.2995350232488376,0.28329566854990584,0.19893691181596376,0.17504885323459837,0.5156675695211165,0.42884561588909953,0.4485609220547062,0.6043100402741468,0.3150922251826779,0.3782808807065555,0.828822406514111,0.10455657744086327,0.41401845313053,0.7696453247351451,0.5110865899106827,0.0,0.9218957717415028,0.0,0.0,0.0,0.0,1.0,0.5,0.0,0.6666666666666666,0.7142857142857143,0.5,0.3333333333333333,0.8405797101449275,0.8571428571428571,0.908256880733945,0.75,0.6666666666666666,1.0,1.0,0.0,0.75,1.0,1.0,0.0,0.9714285714285714,0.0,0.0,0.0,0.0,0.46873237567594467,0.0671954731470722,0.0,0.13100236158488585,0.44463821234334355,0.14400151381354864,0.1722672064777328,0.6609686319626149,0.49409121022757796,0.6376582462084731,0.5278593823289802,0.2977802513697816,0.02702654662768066,0.30846739127230494,0.282856911490809,0.5566412517843903,0.5994905281285878,0.33287229137851543,0.0,0.924466076886918,0.0,0.0,0.0,0.0,1.0,1.0,0.0,0.5,1.0,1.0,0.25,0.90625,0.7,0.9428571428571428,1.0,0.8571428571428571,1.0,0.5666666666666667,0.0,0.9230769230769231,1.0,0.4444444444444444,0.0,0.9714285714285714,0.0,0.0,0.0,0.0
31,0.29853694576447043,0.5266551954055799,0.4337460920843421,0.3900873562128294,0.3833325921535089,0.8018223234624146,0.75243865174488,0.7606312570246997,0.7365344741848575,0.33797932793413576,0.19398496240601504,0.0,0.33153342332883357,0.2875894538606403,0.2371906587661206,0.18461380232438548,0.4950051761890011,0.48143241227115907,0.4615824143532312,0.5973857132763372,0.3044860432938055,0.3818882945640005,0.8300580598658207,0.11200245452028347,0.40770554005448695,0.7830953477660064,0.46401282505048824,0.0,0.9158837476934066,0.0,0.0,0.0,0.0,0.8571428571428571,0.5,0.0,0.6666666666666666,0.7142857142857143,0.75,0.3333333333333333,0.8260869565217391,0.8775510204081632,0.8807339449541285,0.75,0.6666666666666666,1.0,1.0,0.0,0.75,1.0,1.0,0.0,0.9714285714285714,0.0,0.0,0.0,0.0,0.44819913368539727,0.06309190342803789,0.0,0.12696741086814997,0.43360118118061275,0.11161226832868625,0.15275295719513232,0.6891075022299543,0.44729413633278947,0.6336797870850259,0.48376723693997825,0.31170579524369757,0.04218365692457782,0.30963559594968726,0.35746357774062576,0.549942824153742,0.5889423909654623,0.34064959877722584,0.0,0.9309754548021459,0.0,0.0,0.0,0.0,1.0,1.0,0.0,0.4,1.0,0.6,0.3333333333333333,0.9344262295081968,0.6515151515151515,0.96,1.0,0.8571428571428571,1.0,0.5604395604395604,0.0,0.9230769230769231,1.0,0.5,0.0,0.9714285714285714,0.0,0.0,0.0,0.0
32,0.2982596978701478,0.5370751800110416,0.4319829494496716,0.3986736271937922,0.3908764759438541,0.8109339407744874,0.7454038329864588,0.7739980547178581,0.7403316600888018,0.33231911942368786,0.17812713602187286,0.0,0.3002349882505875,0.24418079096045198,0.2156674799581736,0.19387020466934074,0.5314079498849589,0.4815528548783141,0.47899746141099836,0.5938104995407334,0.31023796727235303,0.3680806070406767,0.8193332224413659,0.12197768481864238,0.44514679374799376,0.7728696453247351,0.4702587911973517,0.0,0.9176198932518502,0.0,0.0,0.0,0.0,0.8571428571428571,0.5,0.0,0.6666666666666666,0.6428571428571429,0.5,0.3333333333333333,0.855072463768116,0.9183673469387755,0.8807339449541285,0.75,0.6666666666666666,1.0,1.0,0.0,0.875,1.0,1.0,0.0,0.9714285714285714,0.0,0.0,0.0,0.0,0.4481250188554017,0.07576021861736147,0.0,0.14023493145886365,0.4738515513649819,0.14101760583442538,0.1578132194733978,0.6550201524076824,0.450402456529244,0.6217413185707096,0.5450477326968973,0.3168596672564718,0.044450119424957565,0.3272848080239199,0.361050812918088,0.5454655478457318,0.6067037894127857,0.33508886449277514,0.0,0.9302074743045639,0.0,0.0,0.0,0.0,1.0,1.0,0.0,0.6666666666666666,1.0,0.6666666666666666,0.2,0.921875,0.6818181818181818,0.96,1.0,0.8571428571428571,1.0,0.5730337078651685,0.0,0.9333333333333333,1.0,0.5,0.0,0.9714285714285714,0.0,0.0,0.0,0.0
33,0.2979709865550412,0.5341498828667326,0.4334826247476302,0.4022294758050173,0.3943337965680007,0.8132118451025057,0.7520784829687758,0.7901914257629544,0.7569200854337205,0.3280012528524766,0.19808612440191387,0.0,0.2696865156742163,0.3080979284369115,0.22525270128964797,0.23480407281703178,0.5215612762814047,0.4562715631119261,0.48322368152543893,0.5872677170917827,0.32683049548879917,0.404030352033835,0.8205926383575315,0.12604859650829522,0.40759854152777436,0.7414555504375864,0.44487934875392976,0.0,0.9189988888668426,0.0,0.0,0.0,0.0,0.8571428571428571,0.5,0.0,0.6666666666666666,0.8571428571428571,0.5,0.3333333333333333,0.855072463768116,0.8775510204081632,0.8899082568807339,0.75,0.6666666666666666,1.0,1.0,0.0,0.8125,1.0,1.0,0.0,0.9714285714285714,0.0,0.0,0.0,0.0,0.4719611125418491,0.07231982431623078,0.0,0.14641693811074918,0.4641924866643968,0.12142991356632844,0.18577589714378712,0.6601928406969613,0.47117471704320685,0.6292571058058207,0.559937482315849,0.28000548626963057,0.04488419656182632,0.32378734841855233,0.29878492239467846,0.5760314524665294,0.6436997640660616,0.3617831806714864,0.0,0.9284958954363667,0.0,0.0,0.0,0.0,1.0,1.0,0.0,0.6666666666666666,1.0,0.6666666666666666,0.3333333333333333,0.9365079365079365,0.6935483870967742,0.9326923076923077,1.0,0.9,1.0,0.5543478260869565,0.0,0.9285714285714286,1.0,0.6666666666666666,0.0,0.9444444444444444,0.0,0.0,0.0,0.0
34,0.2978012207996133,0.5305193166298267,0.4322371197905177,0.3975090943857984,0.38981715647601284,0.806378132118451,0.7433378165810293,0.778723370865581,0.7364126434927107,0.3343102599668889,0.18796992481203006,0.0,0.2749862506874656,0.2923352165725047,0.22202858138724293,0.19135040625321403,0.5237456015631826,0.47203011842227954,0.4580806308107976,0.595336677736169,0.338094203478599,0.40179126757059336,0.8100341388842683,0.10939078507232604,0.39959011333613176,0.7588668816213726,0.49253607045449815,0.0,0.917791027599754,0.0,0.0,0.0,0.0,0.8571428571428571,0.5,0.0,0.6666666666666666,0.7857142857142857,0.5,0.3333333333333333,0.855072463768116,0.8979591836734694,0.8715596330275229,0.75,0.7037037037037037,1.0,1.0,0.0,0.6875,1.0,1.0,0.0,0.9714285714285714,0.0,0.0,0.0,0.0,0.45686070686070684,0.08365273468394475,0.0,0.1343199746013139,0.4442886173044449,0.13573407202216067,0.1683634224695715,0.6559711366598244,0.45734064618616155,0.6392140670605824,0.5255941613124571,0.2855652677838412,0.03538330083473917,0.3388737565527434,0.3388973895303009,0.5613639517136118,0.6295135837377249,0.3347246590073009,0.0,0.9295022506229402,0.0,0.0,0.0,0.0,1.0,1.0,0.0,0.4,1.0,1.0,0.3333333333333333,0.921875,0.676923076923077,0.9595959595959596,1.0,0.8260869565217391,1.0,0.5666666666666667,0.0,0.9166666666666666,1.0,0.4444444444444444,0.0,0.9714285714285714,0.0,0.0,0.0,0.0
35,0.2973792982018025,0.540063679311423,0.43278823202231664,0.40796983123627273,0.398689205594448,0.8086560364464692,0.739757035888661,0.7964310400399641,0.7417904300587989,0.35117902366996284,0.18892686261107314,0.0,0.3078846057697115,0.30427495291902074,0.16869989543394912,0.175768795639206,0.5070044030702346,0.4884491654492898,0.48827637153188747,0.6112767611107186,0.3341719173461103,0.38972509018534646,0.813321293634009,0.1356571454228435,0.4423566013975654,0.7292031321971442,0.42820261914180424,0.0,0.9258095398718229,0.0,0.0,0.0,0.0,0.8571428571428571,0.5,0.0,0.6666666666666666,0.9285714285714286,0.25,0.3333333333333333,0.8260869565217391,0.8979591836734694,0.8807339449541285,0.75,0.7037037037037037,1.0,1.0,0.0,0.75,1.0,1.0,0.0,0.9714285714285714,0.0,0.0,0.0,0.0,0.48255402871284087,0.0808187134502924,0.0,0.15449459344188263,0.4512750328184789,0.1393507521773555,0.1794037371404577,0.6750579907355834,0.4573113284759684,0.630228019206608,0.5267086341885129,0.2988220136204675,0.038947316078665375,0.3391162191617953,0.32377788494168497,0.5791549477903857,0.6974008810572687,0.3647795395693661,0.0,0.9242553296852948,0.0,0.0,0.0,0.0,1.0,1.0,0.0,0.4,1.0,1.0,0.3333333333333333,0.9193548387096774,0.6567164179104478,0.9411764705882353,1.0,0.8636363636363636,1.0,0.5795454545454546,0.0,0.9230769230769231,1.0,0.8,0.0,0.918918918918919,0.0,0.0,0.0,0.0
36,0.2972906506663222,0.5307503602732174,0.43192627361673797,0.3965830534292448,0.38902605314200744,0.806378132118451,0.7506697343013594,0.7799797405418161,0.7403640196507554,0.3629245156382836,0.18359535201640464,0.0,0.34138293085345733,0.2699623352165725,0.19667131404670618,0.17000925640234496,0.5061518542935892,0.4646170702141547,0.4641842640132562,0.5882851692220731,0.33679058651328203,0.36857818136584153,0.8281491338545256,0.12211986739603835,0.39121130562894557,0.7501612160294795,0.5044658657950074,0.0,0.9254127066013215,0.0,0.0,0.0,0.0,1.0,0.5,0.0,0.6666666666666666,0.8571428571428571,0.5,0.3333333333333333,0.8260869565217391,0.8979591836734694,0.8807339449541285,0.75,0.7037037037037037,1.0,1.0,0.0,0.625,1.0,1.0,0.0,0.9714285714285714,0.0,0.0,0.0,0.0,0.46529371271225334,0.06268085503593765,0.0,0.1336936090225564,0.4696150696150696,0.14339263024142312,0.16492890995260664,0.6879057214825477,0.4659857848714871,0.6369893894376037,0.5241290744960782,0.2868077398747675,0.0464398225788756,0.3170645907694547,0.2936180931646845,0.547201307821602,0.6403239757804514,0.32861812214340935,0.0,0.9238065527255981,0.0,0.0,0.0,0.0,1.0,1.0,0.0,0.3333333333333333,1.0,1.0,0.3333333333333333,0.9344262295081968,0.6567164179104478,0.9504950495049505,1.0,0.9047619047619048,1.0,0.5730337078651685,0.0,0.9090909090909091,1.0,0.5,0.0,0.9444444444444444,0.0,0.0,0.0,0.0
37,0.2971446980826911,0.5295624945849146,0.43237120010185187,0.3968925576978668,0.3900094283339955,0.8109339407744874,0.7392279858187618,0.7753447544466443,0.7393581474249785,0.3905767595865587,0.2077922077922078,0.0,0.30918454077296137,0.31451977401129944,0.195102823283374,0.1668209400390826,0.48901615341641713,0.46524647996767476,0.4645311773012595,0.5994488800960927,0.3489348077164976,0.3825102624704565,0.8253609929583601,0.12427505593761927,0.41138464324221996,0.7320128972823584,0.4339905477712311,0.0,0.9219726581876625,0.0,0.0,0.0,0.0,0.8571428571428571,0.5,0.0,0.6666666666666666,0.9285714285714286,0.5,0.0,0.8115942028985508,0.8775510204081632,0.8899082568807339,0.75,0.7407407407407407,1.0,1.0,0.0,0.8125,1.0,1.0,0.0,0.9714285714285714,0.0,0.0,0.0,0.0,0.4290699960676366,0.06316226885518388,0.0,0.13221302888418532,0.44943487621097955,0.13095864771597357,0.14219339002366968,0.6980709194125073,0.4570374073975123,0.6375154381926182,0.49870679520338584,0.28408635987003195,0.048133364639586756,0.3119771737893785,0.3209826433182574,0.585776902702576,0.662221851820985,0.36566967809841244,0.0,0.9268552963587222,0.0,0.0,0.0,0.0,1.0,1.0,0.0,0.5,1.0,1.0,0.0,0.9333333333333333,0.6515151515151515,0.9509803921568627,1.0,0.8695652173913043,1.0,0.5730337078651685,0.0,0.8666666666666667,1.0,0.6666666666666666,0.0,0.9444444444444444,0.0,0.0,0.0,0.0
38,0.29690895593141103,0.5286270189635768,0.4260284718887757,0.39600480581855624,0.3873061694895486,0.7972665148063781,0.6947929535856753,0.7794215362367161,0.6985174820753542,0.36158217369904694,0.16514012303485986,0.0,0.28703564821758915,0.3045197740112994,0.19928546531892646,0.18949912578422298,0.5122070687413786,0.44509759736424953,0.4804361312230122,0.5974705009538613,0.2970359866893847,0.34146038064435874,0.8485532558673732,0.11133644139458658,0.3829148044807691,0.753754030400737,0.47446440840290643,0.0,0.9167195777694002,0.0,0.0,0.0,0.0,0.8571428571428571,0.5,0.0,0.6666666666666666,0.7857142857142857,0.25,0.3333333333333333,0.8260869565217391,0.8775510204081632,0.908256880733945,0.75,0.5925925925925926,0.5,1.0,0.0,0.6875,1.0,1.0,0.0,0.9714285714285714,0.0,0.0,0.0,0.0,0.48718876228371616,0.06904435299497028,0.0,0.12151807636948607,0.4263903172217388,0.12489078200087374,0.18676194820333486,0.6722053698317888,0.47464192937608496,0.6193303484524041,0.5273858972919707,0.3010238670537313,0.04007006787825706,0.29481097027370645,0.27251579815001375,0.589122451563885,0.642557034593788,0.3465849466944474,0.0,0.9320435844998146,0.0,0.0,0.0,0.0,1.0,1.0,0.0,0.4,1.0,1.0,0.3333333333333333,0.9047619047619048,0.6935483870967742,0.9339622641509434,1.0,0.8888888888888888,1.0,0.5425531914893617,0.0,0.9166666666666666,1.0,0.4444444444444444,0.0,0.9714285714285714,0.0,0.0,0.0,0.0
39,0.29669933484320743,0.5275559307689442,0.4320092459408911,0.397156601244979,0.388815405666721,0.806378132118451,0.7515883116088256,0.7674637449132932,0.7417226266359019,0.3720748131907468,0.19972658920027342,0.0,0.2736363181840908,0.28821092278719396,0.2151446497037295,0.17952278103466007,0.5252282950877833,0.48782752618655395,0.4365720069545911,0.5957182222850279,0.30853983464647966,0.39868142803831325,0.8162836933361849,0.11920886620619467,0.4061334847774019,0.7712574850299401,0.46191001644771085,0.0,0.9204894938391635,0.0,0.0,0.0,0.0,1.0,0.5,0.0,0.6666666666666666,0.7857142857142857,0.5,0.3333333333333333,0.8260869565217391,0.8979591836734694,0.8807339449541285,0.75,0.6666666666666666,1.0,1.0,0.0,0.75,1.0,1.0,0.0,0.9714285714285714,0.0,0.0,0.0,0.0,0.44352881563858443,0.0717020023557126,0.0,0.13517585457419481,0.47005344308618463,0.12130293799744522,0.1518684473833036,0.6550044740291687,0.446991434613276,0.6471769802279712,0.541725564779357,0.31194288687207355,0.029168714392326035,0.3272002794005588,0.3173180351380423,0.5836970793853579,0.6143234517170532,0.3529935880097373,0.0,0.9276448328092741,0.0,0.0,0.0,0.0,1.0,1.0,0.0,0.4,1.0,0.6666666666666666,0.3333333333333333,0.9344262295081968,0.6666666666666666,0.9504950495049505,1.0,0.8571428571428571,1.0,0.5666666666666667,0.0,0.9230769230769231,1.0,0.5714285714285714,0.0,0.9444444444444444,0.0,0.0,0.0,0.0
40,0.2963810064388005,0.5360137186348837,0.43384874940674956,0.39832895539901464,0.3919570771624773,0.8018223234624146,0.7230089182304329,0.7468386086145176,0.7119343993777254,0.344310707414202,0.16281613123718386,0.0,0.3231338433078346,0.30109227871939737,0.19972115719762984,0.21068600226267614,0.5262582375539793,0.4881072638547851,0.47304687818854124,0.5970183000070657,0.2969159167057371,0.39283492971762657,0.8171470665114179,0.13559727907446625,0.4111871075005967,0.7611699677567941,0.444213112364931,0.0,0.9240213099466259,0.0,0.0,0.0,0.0,0.8571428571428571,0.5,0.0,0.6666666666666666,0.7142857142857143,0.25,0.3333333333333333,0.855072463768116,0.9183673469387755,0.8807339449541285,0.75,0.6296296296296297,1.0,1.0,0.0,0.6875,1.0,1.0,0.0,0.9714285714285714,0.0,0.0,0.0,0.0,0.464575723729888,0.07195070379991542,0.0,0.1280638833297006,0.4367470702324692,0.11575757575757575,0.15282751417487317,0.6610163854828679,0.453543153585392,0.6261243011101207,0.5504625407166124,0.31940805255194304,0.04095394950136816,0.3292786854897655,0.34124293785310733,0.5782175925925926,0.6110638612579965,0.3642509603072983,0.0,0.9244363057087772,0.0,0.0,0.0,0.0,1.0,1.0,0.0,0.3333333333333333,1.0,0.5,0.2,0.921875,0.6818181818181818,0.9504950495049505,1.0,0.85,1.0,0.5730337078651685,0.0,0.9166666666666666,1.0,0.5714285714285714,0.0,0.9444444444444444,0.0,0.0,0.0,0.0
41,0.2962761874285684,0.5354813137175047,0.43711415875174486,0.39039421829328685,0.3922348162500409,0.8154897494305239,0.7408781890927122,0.7602465533696504,0.7289857337973334,0.3595910331558459,0.17293233082706766,0.0,0.3260336983150842,0.29851224105461394,0.2126176368072499,0.1826596729404505,0.5424831409803252,0.44841171168370997,0.45384828869715693,0.6075743658588285,0.3594895310409496,0.3659659161587262,0.7855983017687269,0.15042916688492938,0.4338131805723598,0.7740672501151543,0.4750681851304366,0.0,0.9189592055397925,0.0,0.0,0.0,0.0,0.7142857142857143,0.5,0.0,0.6666666666666666,0.7142857142857143,0.5,0.3333333333333333,0.8405797101449275,0.9183673469387755,0.8990825688073395,0.75,0.7777777777777778,1.0,1.0,0.0,0.75,1.0,1.0,0.0,0.9714285714285714,0.0,0.0,0.0,0.0,0.43093463456485603,0.06793770139634801,0.0,0.1408058386595267,0.45340389016018307,0.1250256200040992,0.1520678140251734,0.6385304117751551,0.47202545519982986,0.6506387846270416,0.4771072839451374,0.2832940582772744,0.04535783663778484,0.36872864626126006,0.32448225210246806,0.5368569013108977,0.6009727139434252,0.32948277355820604,0.0,0.9294433128304954,0.0,0.0,0.0,0.0,1.0,1.0,0.0,0.4,1.0,0.6666666666666666,0.16666666666666666,0.9354838709677419,0.6923076923076923,0.9607843137254902,1.0,0.875,1.0,0.5930232558139535,0.0,0.9230769230769231,1.0,0.5,0.0,0.9714285714285714,0.0,0.0,0.0,0.0
42,0.2960052578690241,0.532856122175209,0.4306249892169852,0.39282898299647856,0.38715246413073673,0.8041002277904328,0.735788781920407,0.7782960962831298,0.7263594683044613,0.34341581278804423,0.1849624060150376,0.0,0.30053497325133743,0.28706214689265536,0.17636807249912861,0.1929445644348452,0.5139042232936448,0.4764243309607435,0.46943285799410656,0.5970748251254151,0.32096993676314195,0.3796492101007588,0.8172104333499671,0.10481849271501373,0.4188827707680025,0.7818056195301705,0.45793341800087445,0.0,0.9278557114228457,0.0,0.0,0.0,0.0,1.0,0.5,0.0,0.6666666666666666,0.7142857142857143,0.25,0.3333333333333333,0.8260869565217391,0.8979591836734694,0.8807339449541285,0.75,0.7037037037037037,1.0,1.0,0.0,0.75,1.0,1.0,0.0,0.9714285714285714,0.0,0.0,0.0,0.0,0.45681804654484853,0.07158351409978309,0.0,0.14202679394182832,0.44182608695652176,0.13782771535580524,0.15772658483268875,0.6697827054670434,0.45942422107992265,0.6371283125055393,0.4720524651703219,0.299378173130253,0.03676532591280884,0.3306021347569319,0.3182541125147687,0.572822636922315,0.5990329639302605,0.34957088366179273,0.0,0.9182990171531807,0.0,0.0,0.0,0.0,1.0,1.0,0.0,0.4,1.0,1.0,0.2,0.9193548387096774,0.6666666666666666,0.9411764705882353,1.0,0.8636363636363636,1.0,0.5795454545454546,0.0,0.9230769230769231,1.0,0.5714285714285714,0.0,0.9444444444444444,0.0,0.0,0.0,0.0
43,0.29592617289423845,0.5337401152455739,0.4331715551186319,0.4006103796152794,0.3914897976966393,0.8041002277904328,0.7359441575263068,0.7592133621465402,0.7261526479998532,0.39420108282249766,0.18796992481203006,0.0,0.2792360381980901,0.2745386064030132,0.20259672359707215,0.1838424354623059,0.5260067091881988,0.47656419979485903,0.4685635341076982,0.6002543630325726,0.3478999188098206,0.4024132354770494,0.8049172666714192,0.11293786621367796,0.37712865338238805,0.7632888070013818,0.4753180237763111,0.0,0.9194106033849878,0.0,0.0,0.0,0.0,0.8571428571428571,0.5,0.0,0.6666666666666666,0.6428571428571429,0.5,0.3333333333333333,0.8260869565217391,0.9183673469387755,0.8899082568807339,0.75,0.7037037037037037,1.0,1.0,0.0,0.6875,1.0,1.0,0.0,0.9714285714285714,0.0,0.0,0.0,0.0,0.44434357189690826,0.07293655845533631,0.0,0.13368279955957682,0.46060031595576617,0.13224503725612877,0.15966949531040645,0.658087297564983,0.45972617320875075,0.6328565128713963,0.5677301220278271,0.2884277188674684,0.03548627717689388,0.34313692385615396,0.3555408970976253,0.5815532625112643,0.6059088083659366,0.34926948672837144,0.0,0.9297855743642351,0.0,0.0,0.0,0.0,1.0,1.0,0.0,0.4,1.0,0.6666666666666666,0.25,0.9193548387096774,0.6716417910447762,0.9603960396039604,1.0,0.8636363636363636,1.0,0.5730337078651685,0.0,0.9166666666666666,1.0,0.5,0.0,0.9444444444444444,0.0,0.0,0.0,0.0
44,0.2956953329408873,0.5299433817506495,0.4369253188518854,0.38924786301468617,0.38943326656084865,0.806378132118451,0.7436391459502542,0.7850915875437763,0.7361590871088435,0.41746834310259967,0.19439507860560493,0.0,0.3106344682765862,0.29476459510357816,0.17619379574764726,0.18008845006685179,0.5192895779883555,0.4639371522705374,0.43285799410655545,0.5975694199109729,0.35023842468181454,0.3682050006219679,0.8048063747039581,0.1296405774109301,0.4333440331860046,0.7866421004145555,0.48002331827361494,0.0,0.9245570348618029,0.0,0.0,0.0,0.0,1.0,0.5,0.0,0.6666666666666666,0.7857142857142857,0.25,0.3333333333333333,0.8405797101449275,0.9183673469387755,0.8532110091743119,0.75,0.7037037037037037,1.0,1.0,0.0,0.8125,1.0,1.0,0.0,0.9714285714285714,0.0,0.0,0.0,0.0,0.3904745961329204,0.06605351170568562,0.0,0.14249346360258705,0.44133652897222614,0.11636740331491713,0.1572307277870067,0.6591397921735741,0.4579236397662254,0.6668825513800378,0.5240544291875279,0.2845767538663805,0.03797695722460291,0.3377387465845859,0.31397709148905323,0.5585673516587275,0.5870947780948125,0.34203655352480417,0.0,0.922536657798676,0.0,0.0,0.0,0.0,1.0,1.0,0.0,0.5,1.0,1.0,0.25,0.9206349206349206,0.6521739130434783,0.9587628865979382,1.0,0.8260869565217391,1.0,0.5795454545454546,0.0,0.9285714285714286,1.0,0.5714285714285714,0.0,0.9444444444444444,0.0,0.0,0.0,0.0
45,0.29559016629522145,0.5249031144431995,0.4315671726434387,0.3863218321540044,0.38411532109734253,0.8086560364464692,0.7400142375347516,0.7771384837546987,0.7377815851705768,0.36543022059152536,0.19849624060150375,0.0,0.2793360331983401,0.3016195856873823,0.21026490066225165,0.16604957317700297,0.49442798478121003,0.47124529885307553,0.4406104857602299,0.5932311170776514,0.3181625861930954,0.3478044532902102,0.8320699569897584,0.10661448316633117,0.4351136242047129,0.7821280515891295,0.504715704440882,0.0,0.9208888073176055,0.0,0.0,0.0,0.0,1.0,0.5,0.0,0.6666666666666666,0.7857142857142857,0.5,0.0,0.8260869565217391,0.8979591836734694,0.8807339449541285,0.75,0.6666666666666666,1.0,1.0,0.0,0.875,1.0,1.0,0.0,0.9714285714285714,0.0,0.0,0.0,0.0,0.4335961349579252,0.06773651800709088,0.0,0.12284520668425682,0.43937232524964337,0.1390617796219456,0.15582472734292058,0.6970652790635172,0.46135617589891253,0.6559874827203815,0.49185129641128983,0.28998754501253315,0.04175564881050164,0.29902221716172556,0.28555680269381867,0.5060982614689439,0.5999787993357125,0.33991895340521894,0.0,0.926777824925742,0.0,0.0,0.0,0.0,1.0,1.0,0.0,0.6666666666666666,1.0,1.0,0.0,0.9344262295081968,0.6666666666666666,0.9504950495049505,1.0,0.8571428571428571,1.0,0.5666666666666667,0.0,0.875,1.0,0.5,0.0,0.9714285714285714,0.0,0.0,0.0,0.0
46,0.2952861361857936,0.5373773783996796,0.4336853803255054,0.40451134550195955,0.39554459478467213,0.806378132118451,0.739132933036511,0.7573469339329227,0.7276452139784823,0.3546914850776321,0.18373205741626794,0.0,0.3184840757962102,0.28250470809792844,0.20320669222725687,0.19068188830607838,0.5334042908091535,0.47201069219531905,0.47987290729660675,0.6041687274782731,0.31066678864252306,0.3721855952232865,0.8211867024689304,0.1296555439980244,0.40539272574631474,0.7554122524182404,0.46636547229914016,0.0,0.922714240361912,0.0,0.0,0.0,0.0,1.0,0.5,0.0,0.6666666666666666,0.7857142857142857,0.25,0.3333333333333333,0.8260869565217391,0.8775510204081632,0.8899082568807339,0.75,0.7037037037037037,1.0,1.0,0.0,0.75,1.0,1.0,0.0,0.9714285714285714,0.0,0.0,0.0,0.0,0.46345884003741816,0.07305538946567375,0.0,0.14147067315166456,0.4599135420179661,0.14012738853503184,0.18732949378599575,0.6402651801661507,0.46613743012044034,0.627855191876904,0.5317529414691177,0.305074563176571,0.04194470924690181,0.3246111986072973,0.336970262753564,0.5969892368854843,0.6661521589016614,0.35018056185220503,0.0,0.9279154569852244,0.0,0.0,0.0,0.0,1.0,1.0,0.0,0.4,1.0,0.5,0.3333333333333333,0.9193548387096774,0.671875,0.941747572815534,1.0,0.9047619047619048,1.0,0.5666666666666667,0.0,0.9230769230769231,1.0,0.5,0.0,0.9714285714285714,0.0,0.0,0.0,0.0
47,0.2954177758724131,0.5378549523074856,0.4300969403482154,0.39978165028973267,0.3927995842723014,0.8086560364464692,0.7426051552587332,0.7907129070475971,0.7391184213443768,0.3509553000134234,0.19220779220779222,0.0,0.27618619069046546,0.2869303201506591,0.18621470895782502,0.17232335698858378,0.5258557921687306,0.4585755136294408,0.48451338269025135,0.5907016180315128,0.33850015437569325,0.3701952979226272,0.8286243851436447,0.12144637097679431,0.41555758578401114,0.7480423767848917,0.4684058212404489,0.0,0.9265089585110816,0.0,0.0,0.0,0.0,1.0,0.5,0.0,0.6666666666666666,0.7857142857142857,0.25,0.3333333333333333,0.8260869565217391,0.8775510204081632,0.8899082568807339,0.75,0.7037037037037037,1.0,1.0,0.0,0.8125,1.0,1.0,0.0,0.9714285714285714,0.0,0.0,0.0,0.0,0.4708689779378658,0.07049739269955876,0.0,0.1315144156369783,0.4631988568996443,0.1457111686894859,0.1648465171192444,0.6561835097596109,0.47286334117232287,0.6276109815863349,0.554198817383926,0.2864892330026615,0.059129743691635206,0.318848751584902,0.3073732457054111,0.5763058168203817,0.6077161995284961,0.36166347838667673,0.0,0.9210492576100517,0.0,0.0,0.0,0.0,1.0,1.0,0.0,0.5,1.0,1.0,0.3333333333333333,0.9047619047619048,0.671875,0.941747572815534,1.0,0.8636363636363636,1.0,0.5730337078651685,0.0,0.9285714285714286,1.0,0.5714285714285714,0.0,0.9444444444444444,0.0,0.0,0.0,0.0
48,0.29499521250397936,0.5350803358001707,0.4304381649024761,0.402587052113961,0.3932698733655981,0.8018223234624146,0.7363393985879596,0.7777466516480074,0.7319451066853696,0.34211821558011546,0.15775803144224196,0.0,0.3064846757662117,0.30397363465160077,0.22551411641687,0.16990640748740102,0.5371083769536473,0.5109641624965032,0.45414010399235977,0.5954779905320426,0.31498930805383707,0.32802587386490856,0.8154044784513145,0.1159910499809176,0.38842934393441814,0.7693689543988945,0.49201557327559287,0.0,0.9202166709656938,0.0,0.0,0.0,0.0,0.7142857142857143,0.5,0.0,0.6666666666666666,0.7857142857142857,0.5,0.3333333333333333,0.8260869565217391,0.9183673469387755,0.8715596330275229,0.75,0.6666666666666666,1.0,1.0,0.0,0.75,1.0,1.0,0.0,0.9714285714285714,0.0,0.0,0.0,0.0,0.4590124568512682,0.07779950111238455,0.0,0.15594393141519755,0.4677195015937409,0.13434385382059802,0.16570540147449722,0.629907250138954,0.43045531760293004,0.6410297031984514,0.5348878536703012,0.3138229999772142,0.03614457831325301,0.3293839090021918,0.33927985115464593,0.6160966057441253,0.622155175624837,0.3637651042869237,0.0,0.9291139430697842,0.0,0.0,0.0,0.0,1.0,1.0,0.0,0.4,1.0,1.0,0.25,0.9193548387096774,0.6521739130434783,0.9595959595959596,1.0,0.8571428571428571,1.0,0.5666666666666667,0.0,0.9230769230769231,1.0,0.5,0.0,0.9714285714285714,0.0,0.0,0.0,0.0
49,0.29491956079926257,0.5388707909352203,0.4353111915576005,0.4036502397407531,0.3967510788260624,0.8086560364464692,0.7429347836555671,0.7854542726231881,0.7349940818537402,0.36695154145599357,0.20150375939849624,0.0,0.27478626068696566,0.30551789077212804,0.2031195538515162,0.17977990332201996,0.5286835005335049,0.5063018680259845,0.47243059693573536,0.6070656397936833,0.30470331278802504,0.38014678442592365,0.8084341262109007,0.15245713943620867,0.38944994526613824,0.7524182404421925,0.4788990443671795,0.0,0.9229523403242128,0.0,0.0,0.0,0.0,1.0,0.5,0.0,0.6666666666666666,0.8571428571428571,0.25,0.3333333333333333,0.8260869565217391,0.9183673469387755,0.8715596330275229,0.75,0.7407407407407407,1.0,1.0,0.0,0.6875,1.0,1.0,0.0,0.9714285714285714,0.0,0.0,0.0,0.0,0.44772615602991755,0.07056683263117579,0.0,0.14946561148731338,0.45484621639050105,0.13251847640704947,0.16471918582736525,0.6494006153205716,0.44042408654772325,0.6364796058636578,0.530057004664018,0.3159542301535543,0.0374918722626394,0.3441631794225056,0.3583704198842548,0.5982980552815922,0.6402116402116402,0.36846236404120014,0.0,0.9265487629068763,0.0,0.0,0.0,0.0,1.0,1.0,0.0,0.4,1.0,1.0,0.3333333333333333,0.9047619047619048,0.6521739130434783,0.9595959595959596,1.0,0.8695652173913043,1.0,0.5862068965517241,0.0,0.9166666666666666,1.0,0.5714285714285714,0.0,0.9444444444444444,0.0,0.0,0.0,0.0
50,0.2948526265237634,0.5334575890512101,0.4340696646799832,0.40299875998248635,0.39525902146711644,0.7972665148063781,0.7248624312578178,0.7857762205801423,0.7233735114560849,0.4127477739496174,0.17799043062200956,0.0,0.3368831558422079,0.30745762711864405,0.19850121993726036,0.17427748637251878,0.5356203880950301,0.4900809685139713,0.4444918332530671,0.5898961350950328,0.32667040217726906,0.37168802089812164,0.8270639767443703,0.11852040319985632,0.3886762636114472,0.7472593274988485,0.4401324144823135,0.0,0.9252961368281116,0.0,0.0,0.0,0.0,0.8571428571428571,0.5,0.0,0.6666666666666666,0.8571428571428571,0.25,0.3333333333333333,0.8260869565217391,0.8979591836734694,0.8715596330275229,0.75,0.7037037037037037,1.0,1.0,0.0,0.5625,1.0,1.0,0.0,0.9714285714285714,0.0,0.0,0.0,0.0,0.4659544375410416,0.0809802214205747,0.0,0.14356941958578368,0.459227588534781,0.13591074518226837,0.19157716223855287,0.6402819406683905,0.4458279727991178,0.6563243881714145,0.510779923157869,0.29615691641008096,0.04102479611170607,0.32586924159626496,0.30320085764606786,0.5960994698308508,0.6761837279093031,0.3614787455969358,0.0,0.9235301252837512,0.0,0.0,0.0,0.0,1.0,1.0,0.0,0.25,1.0,1.0,0.3333333333333333,0.9047619047619048,0.6470588235294118,0.9595959595959596,1.0,0.8636363636363636,1.0,0.5666666666666667,0.0,0.9,1.0,0.8,0.0,0.918918918918919,0.0,0.0,0.0,0.0
51,0.2946788425033637,0.533609943917504,0.4344352811765132,0.3994941530842778,0.39331391000315186,0.806378132118451,0.7492498762346759,0.7637488117505381,0.7367824678684575,0.39910063090071146,0.17826384142173615,0.0,0.30693465326733665,0.30080979284369114,0.2185430463576159,0.19644142754293942,0.5160938439094392,0.48358872346377396,0.47015117256691347,0.6053698862431993,0.3237143935322302,0.3565120039805946,0.8285610183050954,0.11859523613532788,0.3795896194967777,0.7505757715338554,0.4699256730028523,0.0,0.9170643266731483,0.0,0.0,0.0,0.0,1.0,0.5,0.0,0.6666666666666666,0.7857142857142857,0.5,0.3333333333333333,0.8260869565217391,0.9183673469387755,0.8807339449541285,0.75,0.6666666666666666,1.0,1.0,0.0,0.6875,1.0,1.0,0.0,0.9714285714285714,0.0,0.0,0.0,0.0,0.4307480562128749,0.06712307613115767,0.0,0.14303021830805432,0.45191681991795163,0.11729492096155644,0.1845678117601585,0.6691566711752226,0.46057636802297186,0.6361580516898608,0.5239091086977791,0.29112140642434403,0.04678801730470982,0.31335843675764413,0.29936341827386237,0.6132927299565154,0.6542862878939972,0.35543762401184215,0.0,0.9327657320164983,0.0,0.0,0.0,0.0,1.0,1.0,0.0,0.4,1.0,0.6666666666666666,0.3333333333333333,0.9344262295081968,0.6617647058823529,0.96,1.0,0.8571428571428571,1.0,0.5730337078651685,0.0,0.9166666666666666,1.0,0.5,0.0,0.9444444444444444,0.0,0.0,0.0,0.0
52,0.2945854031959636,0.5259905263735063,0.43011267934990627,0.39688880755114764,0.3865021620150488,0.8018223234624146,0.7477387309821574,0.7605600446864972,0.7358773006336369,0.36471430489059914,0.19931647300068353,0.0,0.3174341282935853,0.2848964218455744,0.18943882886023006,0.17561452226679009,0.49559295826482497,0.47502952786497993,0.44348782538425746,0.5873807673284815,0.3409358597582591,0.3747978604304018,0.8288065648044737,0.09913118961917519,0.4264714355086957,0.7532473514509442,0.4614727988174304,0.0,0.9242594099089267,0.0,0.0,0.0,0.0,1.0,0.5,0.0,0.6666666666666666,0.7142857142857143,0.5,0.3333333333333333,0.8115942028985508,0.8775510204081632,0.8807339449541285,0.75,0.7037037037037037,1.0,1.0,0.0,0.75,1.0,1.0,0.0,0.9714285714285714,0.0,0.0,0.0,0.0,0.4405707799578401,0.07178376249323026,0.0,0.11942516411790155,0.4580910852713178,0.12469171207341555,0.166837656944648,0.6934427444152188,0.4676455738808482,0.6449712571189453,0.5539843531340379,0.2852366169020957,0.03417727262415209,0.3088247447022018,0.3251914768263943,0.5481154729036422,0.6322687905969687,0.34325492078732595,0.0,0.9254851511704723,0.0,0.0,0.0,0.0,1.0,1.0,0.0,0.4,1.0,0.6666666666666666,0.25,0.9333333333333333,0.6515151515151515,0.9504950495049505,1.0,0.8260869565217391,1.0,0.5730337078651685,0.0,0.9230769230769231,1.0,0.5714285714285714,0.0,0.9444444444444444,0.0,0.0,0.0,0.0
53,0.29439361044038304,0.5372359060238352,0.4347641655040749,0.4009405544363241,0.39331837528046254,0.8041002277904328,0.7478215332753182,0.7653067070187611,0.7388241520869282,0.3419392366548839,0.18209159261790842,0.0,0.30363481825908706,0.29777777777777775,0.23196235622168002,0.1628612568137406,0.5230307314709643,0.4674727255773475,0.49084148919671206,0.6010174521302905,0.29604112111059017,0.38636646349048387,0.8203866961322466,0.1364578578323892,0.3994255002181124,0.7646245969599264,0.4955341342049926,0.0,0.9242891724042144,0.0,0.0,0.0,0.0,1.0,0.5,0.0,0.6666666666666666,0.8571428571428571,0.5,0.3333333333333333,0.855072463768116,0.8571428571428571,0.8899082568807339,0.75,0.5925925925925926,1.0,1.0,0.0,0.6875,1.0,1.0,0.0,0.9714285714285714,0.0,0.0,0.0,0.0,0.47796853988804455,0.0692343676906284,0.0,0.1415914760672402,0.46579862133977495,0.12713726239373388,0.15828668532586965,0.6717104569674013,0.4617179345490268,0.6139947823334507,0.5341077483360542,0.32274291270850475,0.03971765427994169,0.3256807747940381,0.3256133709510375,0.5808934428191808,0.6287878787878788,0.34704441398617714,0.0,0.9249016566358503,0.0,0.0,0.0,0.0,1.0,1.0,0.0,0.4,1.0,0.6666666666666666,0.3333333333333333,0.921875,0.6885245901639344,0.9238095238095239,1.0,0.8421052631578947,1.0,0.5666666666666667,0.0,0.9166666666666666,1.0,0.5714285714285714,0.0,0.9444444444444444,0.0,0.0,0.0,0.0
54,0.29429789206857637,0.533432475611711,0.4348415137971323,0.3985393753276529,0.3944620863156337,0.8177676537585421,0.7441010423606377,0.7980962644804452,0.7456415198397204,0.3907781108774442,0.2077922077922078,0.0,0.30688465576721163,0.34303201506591335,0.1843848030672708,0.1918132263704618,0.5319533692886513,0.43987971280266064,0.46464137328686056,0.5938811559386703,0.34201077199281865,0.3424555292946884,0.8245926700409508,0.11312494855235686,0.4082652246557528,0.7489636112390603,0.47234077991297285,0.0,0.9203530824024286,0.0,0.0,0.0,0.0,0.8571428571428571,0.5,0.0,0.6666666666666666,0.9285714285714286,0.25,0.3333333333333333,0.855072463768116,0.8571428571428571,0.908256880733945,0.75,0.7037037037037037,1.0,1.0,0.0,0.8125,1.0,1.0,0.0,0.9714285714285714,0.0,0.0,0.0,0.0,0.46122362757783,0.0780367594208851,0.0,0.1375647145834734,0.4281651074232523,0.13351000063095464,0.18070829901652052,0.6549357985976418,0.4815963316020741,0.6401172891915142,0.5050230724860604,0.28324454861850984,0.041206406226612785,0.31853717195144715,0.30716245047241697,0.5728953720707298,0.6577669902912622,0.363463048110351,0.0,0.9285517676262162,0.0,0.0,0.0,0.0,1.0,1.0,0.0,0.5,1.0,1.0,0.3333333333333333,0.9076923076923077,0.711864406779661,0.9428571428571428,1.0,0.8636363636363636,1.0,0.5666666666666667,0.0,0.9285714285714286,1.0,0.6666666666666666,0.0,0.9444444444444444,0.0,0.0,0.0,0.0
55,0.29395852966350466,0.5315343181429114,0.431172121988208,0.39251713145952166,0.38685166624772965,0.8109339407744874,0.7543230066504977,0.7828269801260519,0.7460857320266439,0.36330484585440065,0.19863294600136705,0.0,0.30503474826258686,0.28785310734463276,0.1818577901707912,0.1888820322945593,0.5114604266450617,0.46187020172194077,0.47245304426613555,0.5952518900586448,0.32141019336984983,0.34755566612762784,0.8153252699031279,0.10320210130882804,0.395845164901191,0.7533855366190696,0.5309071224833961,0.0,0.9268661084545329,0.0,0.0,0.0,0.0,1.0,0.5,0.0,0.6666666666666666,0.8571428571428571,0.5,0.3333333333333333,0.8405797101449275,0.8775510204081632,0.8899082568807339,0.75,0.7037037037037037,1.0,1.0,0.0,0.6875,1.0,1.0,0.0,0.9714285714285714,0.0,0.0,0.0,0.0,0.4732608632296797,0.06579126103690287,0.0,0.13115917103792243,0.4480696508662387,0.12116813748258244,0.17167562514606216,0.6796158176189135,0.46853458299011125,0.6324359762343782,0.4972847259934361,0.29815265645138195,0.0371488213160309,0.3252248808060638,0.2906611587666238,0.5662114433717919,0.6170911148839842,0.3227725529410276,0.0,0.9190499260982585,0.0,0.0,0.0,0.0,1.0,1.0,0.0,0.4,1.0,1.0,0.3333333333333333,0.9354838709677419,0.6825396825396826,0.941747572815534,1.0,0.8636363636363636,1.0,0.5730337078651685,0.0,0.9166666666666666,1.0,0.5,0.0,0.9444444444444444,0.0,0.0,0.0,0.0
56,0.2939731216104894,0.5329461120000804,0.43072804625830163,0.400542860656109,0.39173524209892996,0.8041002277904328,0.7331814649559882,0.7822958925360055,0.7342613861760905,0.3069041120408072,0.18632946001367054,0.0,0.3350832458377081,0.30512241054613937,0.19205298013245034,0.1879049676025918,0.5177380451215412,0.43135548441239546,0.48181766237582546,0.6054829364798983,0.313439833502956,0.3541485259360617,0.8264857543426086,0.12993990915281634,0.452455616188054,0.75601105481345,0.4492098852824218,0.0,0.9216229488680331,0.0,0.0,0.0,0.0,0.5714285714285714,0.5,0.0,0.6666666666666666,0.9285714285714286,0.5,0.3333333333333333,0.8695652173913043,0.8367346938775511,0.8899082568807339,0.75,0.6296296296296297,1.0,1.0,0.0,0.75,1.0,1.0,0.0,0.9714285714285714,0.0,0.0,0.0,0.0,0.5033943708487761,0.06784807606152621,0.0,0.14391238995061198,0.4612143812804236,0.12462538874752616,0.15279113527075058,0.6813248457354699,0.4831941367709589,0.6137840676309414,0.5394581119532647,0.3056354675408666,0.03492951525635835,0.313473191512373,0.29493494581648944,0.5577346468756024,0.6448355793030291,0.3603507306889353,0.0,0.9263305105660575,0.0,0.0,0.0,0.0,1.0,1.0,0.0,0.4,1.0,1.0,0.2,0.9090909090909091,0.6949152542372882,0.9326923076923077,1.0,0.85,1.0,0.5604395604395604,0.0,0.9230769230769231,1.0,0.6666666666666666,0.0,0.9444444444444444,0.0,0.0,0.0,0.0
57,0.29400333318062355,0.5349292366058517,0.4352382849626235,0.39906089565662817,0.3938369602457046,0.806378132118451,0.750668739773532,0.7708899200472233,0.7445535733937184,0.3853192536578818,0.18947368421052632,0.0,0.2980350982450877,0.29314500941619587,0.20120250958522135,0.22102231821454282,0.49940824642366377,0.47131911851552544,0.48354610681664206,0.585317600508726,0.3313531315395259,0.36920014927229755,0.8071113434561857,0.12849563349821524,0.41839716206984534,0.7573468447719944,0.46900959796797903,0.0,0.9255863211571658,0.0,0.0,0.0,0.0,1.0,0.5,0.0,0.6666666666666666,0.7857142857142857,0.5,0.3333333333333333,0.8115942028985508,0.8775510204081632,0.8990825688073395,0.75,0.6666666666666666,1.0,1.0,0.0,0.75,1.0,1.0,0.0,0.9714285714285714,0.0,0.0,0.0,0.0,0.4555626091096651,0.06750109579700969,0.0,0.1306406013719345,0.45027480474399767,0.11741673023137554,0.1735513830002019,0.680140483470836,0.4641828109634539,0.6265385500149393,0.5225839010850366,0.2886105577689243,0.041751069097456676,0.33602202839288364,0.33642241379310345,0.5704634721131187,0.6491373524418651,0.351791988756149,0.0,0.9205042696673557,0.0,0.0,0.0,0.0,1.0,1.0,0.0,0.4,1.0,0.6666666666666666,0.3333333333333333,0.9333333333333333,0.6615384615384615,0.9423076923076923,1.0,0.8571428571428571,1.0,0.5730337078651685,0.0,0.9230769230769231,1.0,0.6666666666666666,0.0,0.918918918918919,0.0,0.0,0.0,0.0
58,0.29397485832973536,0.5293306138268739,0.4386566513959471,0.39297298484305554,0.39063240173184477,0.8018223234624146,0.7502744691616644,0.7753073046601826,0.7366908610786289,0.38945814130386147,0.21708817498291183,0.0,0.34188290585470726,0.3052919020715631,0.20956779365632625,0.18219685282320272,0.4994241324257131,0.48231824822055763,0.44417348929466405,0.611446336465767,0.34871753822227813,0.35775593979350667,0.7973528503196065,0.13969064064476058,0.38178720462233634,0.7514509442653156,0.5124607024629927,0.0,0.9237559276969781,0.0,0.0,0.0,0.0,1.0,0.5,0.0,0.6666666666666666,0.8571428571428571,0.5,0.3333333333333333,0.8260869565217391,0.9183673469387755,0.8532110091743119,0.75,0.7037037037037037,1.0,1.0,0.0,0.625,1.0,1.0,0.0,0.9714285714285714,0.0,0.0,0.0,0.0,0.4389751866048013,0.06413052257491317,0.0,0.1262415537421999,0.4600300803087488,0.11443117476328686,0.16172912767608527,0.6865841140885366,0.4543129002744739,0.6534953403468319,0.508693965365217,0.285548413073707,0.03998998859812564,0.34648149104238735,0.30175716525759366,0.5496753092856804,0.6318847315826168,0.3230438092238234,0.0,0.9265088533659707,0.0,0.0,0.0,0.0,1.0,1.0,0.0,0.4,1.0,1.0,0.3333333333333333,0.9344262295081968,0.6428571428571429,0.9587628865979382,1.0,0.8260869565217391,1.0,0.5795454545454546,0.0,0.9090909090909091,1.0,0.4,0.0,0.9714285714285714,0.0,0.0,0.0,0.0
59,0.29376521962375735,0.5350288532491977,0.4343987241429665,0.4023791106315191,0.3946536303746498,0.8109339407744874,0.7621246461449053,0.792121084006245,0.7574840105523275,0.3542887824958611,0.2127136021872864,0.0,0.2567371631418429,0.29585687382297554,0.20006971070059254,0.1955157873084439,0.5171264340426434,0.48267957604202283,0.4500648931915206,0.5936550554652724,0.36648789580212465,0.37803209354397316,0.8114915761709004,0.13175834948477524,0.4264302822291908,0.7550898203592814,0.46311756990277114,0.0,0.9280615686819182,0.0,0.0,0.0,0.0,1.0,0.5,0.0,0.6666666666666666,0.8571428571428571,0.5,0.3333333333333333,0.8260869565217391,0.8979591836734694,0.8623853211009175,0.75,0.7407407407407407,1.0,1.0,0.0,0.8125,1.0,1.0,0.0,0.9714285714285714,0.0,0.0,0.0,0.0,0.5025227683813029,0.07062134071619842,0.0,0.1365655168745512,0.44325940973985667,0.1247351551040365,0.1754175509827443,0.6740450849656963,0.4562528462092166,0.6522155716955689,0.5130929698568567,0.27573420286239103,0.04498090642668956,0.33750728877380587,0.3489505915928414,0.5616929932024415,0.6449874095058231,0.36115079880503964,0.0,0.9190915856722841,0.0,0.0,0.0,0.0,1.0,1.0,0.0,0.5,1.0,1.0,0.3333333333333333,0.9344262295081968,0.6376811594202898,0.9591836734693877,1.0,0.8695652173913043,1.0,0.5795454545454546,0.0,0.9285714285714286,1.0,0.5714285714285714,0.0,0.9444444444444444,0.0,0.0,0.0,0.0
60,0.2935652041409665,0.5318072175188006,0.4344954499094242,0.3983947960756821,0.39038106628332886,0.8018223234624146,0.7311229389154058,0.7645764715848009,0.7278182260074826,0.32831446597163183,0.19453178400546822,0.0,0.2995350232488376,0.29894538606403015,0.2233356570233531,0.2214851383317906,0.509818873099968,0.4677408075094023,0.4714714837277261,0.6032643255846817,0.3304325949982275,0.4024132354770494,0.8101529517065482,0.11281065022337632,0.44713038182012727,0.7746660525103639,0.40723699277549913,0.0,0.9176322942915534,0.0,0.0,0.0,0.0,0.5714285714285714,0.5,0.0,0.6666666666666666,0.8571428571428571,0.5,0.3333333333333333,0.8260869565217391,0.8775510204081632,0.8899082568807339,0.75,0.6666666666666666,1.0,1.0,0.0,0.75,1.0,1.0,0.0,0.9714285714285714,0.0,0.0,0.0,0.0,0.4896236487388229,0.0746864010916916,0.0,0.13397289682007246,0.4487222976028946,0.10431845007936831,0.18225287745429924,0.6698299283048141,0.4694901043190017,0.6259241699741273,0.5308050979173142,0.2970242072261911,0.03306553824767979,0.33595666897686627,0.33804996187827957,0.554184051332796,0.5803713161708882,0.37164408808496896,0.0,0.9311846251422013,0.0,0.0,0.0,0.0,1.0,1.0,0.0,0.4,1.0,0.6666666666666666,0.2,0.9344262295081968,0.6615384615384615,0.941747572815534,1.0,0.8571428571428571,1.0,0.5666666666666667,0.0,0.9230769230769231,1.0,0.6666666666666666,0.0,0.9444444444444444,0.0,0.0,0.0,0.0
61,0.2935920584564084,0.5328134293280606,0.43148612232424166,0.40322198079008076,0.3933647943045685,0.806378132118451,0.7471965175513099,0.7851478768145435,0.7444919338029217,0.359546288424538,0.1974025974025974,0.0,0.2838858057097145,0.3030508474576271,0.1910073196235622,0.1804484212691556,0.5022571361245038,0.45142277686258664,0.4858459378494641,0.5819826185261076,0.31812256286521284,0.3612389600696604,0.8364185062851983,0.125749264766409,0.41407606772183675,0.7760018424689084,0.4759634402781537,0.0,0.9223298081311138,0.0,0.0,0.0,0.0,0.8571428571428571,0.5,0.0,0.6666666666666666,0.9285714285714286,0.5,0.3333333333333333,0.8115942028985508,0.8775510204081632,0.8990825688073395,0.75,0.6666666666666666,1.0,1.0,0.0,0.6875,1.0,1.0,0.0,0.9714285714285714,0.0,0.0,0.0,0.0,0.5040617256845341,0.06517716091175807,0.0,0.13960807454943325,0.4666647333468666,0.13083442759937924,0.16594154922916865,0.686401366304104,0.48036200067802776,0.6164605601126854,0.6275944043156259,0.2991022470702075,0.037821364382277095,0.30535514448393225,0.2708662432702537,0.5788232316259377,0.6071647385302915,0.3486024489546959,0.0,0.9271542331722739,0.0,0.0,0.0,0.0,1.0,1.0,0.0,0.4,1.0,1.0,0.3333333333333333,0.9333333333333333,0.6825396825396826,0.9333333333333333,1.0,0.8571428571428571,1.0,0.5604395604395604,0.0,0.9166666666666666,1.0,0.5714285714285714,0.0,0.9444444444444444,0.0,0.0,0.0,0.0
62,0.2933006507629093,0.5355047529277038,0.43840336520584666,0.4006728039617264,0.39599002685977336,0.8041002277904328,0.7450716617390012,0.7811768836264319,0.7398911188213142,0.40514116962727637,0.18537252221462747,0.0,0.3382830858457077,0.3118832391713748,0.1965841756709655,0.16661524220919469,0.5151618651225472,0.47697215056102943,0.4661637104212752,0.6013566028403872,0.3468078537204542,0.36646349048389104,0.8234362252374277,0.10987719915289117,0.390042552491008,0.7694610778443114,0.49763694280777,0.0,0.9240014682831008,0.0,0.0,0.0,0.0,0.8571428571428571,0.5,0.0,0.6666666666666666,0.8571428571428571,0.5,0.3333333333333333,0.8260869565217391,0.8775510204081632,0.8807339449541285,0.75,0.7037037037037037,1.0,1.0,0.0,0.6875,1.0,1.0,0.0,0.9714285714285714,0.0,0.0,0.0,0.0,0.4819940911873519,0.07332107710608846,0.0,0.155816042189623,0.460373057570956,0.1375442019265943,0.169314381270903,0.6736254643526067,0.46018180114328555,0.6425415095029549,0.5127911600612144,0.27876281079093707,0.049631888404063546,0.3253720599051658,0.2999591419816139,0.5821815992825464,0.6331728764734867,0.35013037236691763,0.0,0.9253969357947658,0.0,0.0,0.0,0.0,1.0,1.0,0.0,0.4,1.0,1.0,0.3333333333333333,0.9344262295081968,0.6515151515151515,0.9504950495049505,1.0,0.8636363636363636,1.0,0.5666666666666667,0.0,0.9166666666666666,1.0,0.5,0.0,0.9444444444444444,0.0,0.0,0.0,0.0
63,0.2932780703367183,0.5395894538622168,0.43693045932191404,0.39959284911817855,0.39653882589313916,0.8018223234624146,0.7432240090976977,0.7518214375776253,0.7264626289306676,0.3727236117947112,0.17539302802460696,0.0,0.30113494325283735,0.2781920903954802,0.20538515162077378,0.18780211868764785,0.5166419109801399,0.49308814844745597,0.4852602665926585,0.6196990037447891,0.3258241946734668,0.3845005597711158,0.7968934407401247,0.15725393059993564,0.37580351778233206,0.7535697835099032,0.511898565509775,0.0,0.9236840016666997,0.0,0.0,0.0,0.0,1.0,0.5,0.0,0.6666666666666666,0.7142857142857143,0.5,0.3333333333333333,0.8260869565217391,0.9183673469387755,0.8807339449541285,0.75,0.6296296296296297,1.0,1.0,0.0,0.6875,1.0,1.0,0.0,0.9714285714285714,0.0,0.0,0.0,0.0,0.48811930503061735,0.06977376549923864,0.0,0.14204518654780435,0.47076069983109725,0.12525907424137747,0.17632290459636926,0.6678040232992697,0.44113424887989794,0.6235544926760962,0.4829412801198185,0.2998000841750842,0.061400023836955225,0.35896585066489695,0.3047759938505272,0.5768885744248045,0.6489745725732873,0.3289802908867094,0.0,0.9251709129933622,0.0,0.0,0.0,0.0,1.0,1.0,0.0,0.4,1.0,0.5,0.3333333333333333,0.9344262295081968,0.6617647058823529,0.9411764705882353,1.0,0.85,1.0,0.5795454545454546,0.0,0.9166666666666666,1.0,0.4444444444444444,0.0,0.9714285714285714,0.0,0.0,0.0,0.0
64,0.2931869391202073,0.5305649393782499,0.43575196572517627,0.384238737474694,0.38751864608824893,0.8018223234624146,0.736642781918866,0.7604681784080127,0.7256217125699002,0.41957134547407043,0.2076555023923445,0.0,0.31373431328433576,0.2879472693032015,0.2068665040083653,0.1570502931194076,0.5237032388910512,0.49167780437012404,0.43174379025214477,0.5864763654348901,0.32508662191677434,0.30886926234606293,0.8067469841345278,0.12211238410249119,0.42450430874836415,0.7935974205435283,0.5137307155795215,0.0,0.9224612591519673,0.0,0.0,0.0,0.0,1.0,0.5,0.0,0.6666666666666666,0.8571428571428571,0.5,0.0,0.8260869565217391,0.9183673469387755,0.8532110091743119,0.75,0.6666666666666666,1.0,1.0,0.0,0.75,1.0,1.0,0.0,0.9714285714285714,0.0,0.0,0.0,0.0,0.4315033822649671,0.06179569586265815,0.0,0.13270031932666485,0.4362215058058258,0.13368622592634305,0.16156165687986035,0.6569354217315638,0.4429533490143369,0.6609558977434965,0.5101596784305048,0.302384206691521,0.05161196449728741,0.32596179387639496,0.26385744777181297,0.5413836900500698,0.5462414000824324,0.33177362752611833,0.0,0.9246100110626344,0.0,0.0,0.0,0.0,1.0,1.0,0.0,0.4,1.0,1.0,0.0,0.9344262295081968,0.6428571428571429,0.9587628865979382,1.0,0.8571428571428571,1.0,0.5666666666666667,0.0,0.8571428571428571,1.0,0.5,0.0,0.9714285714285714,0.0,0.0,0.0,0.0
65,0.2931866289643594,0.5375581951640723,0.43722494935087974,0.40212030828657286,0.3961840201516052,0.8041002277904328,0.7487401922387534,0.765662679039512,0.7372507382408313,0.38585619043357644,0.18086124401913875,0.0,0.28948552572371383,0.2876082862523541,0.21802021610317185,0.18307106860022626,0.5364491078686016,0.4966470332266186,0.46321902880604693,0.6028545184766481,0.31227915699436243,0.36683667122776464,0.8214639323875833,0.12786703684025413,0.3739186975810102,0.7791340396130815,0.5197268430805105,0.0,0.9247504910811722,0.0,0.0,0.0,0.0,1.0,0.5,0.0,0.6666666666666666,0.7857142857142857,0.5,0.3333333333333333,0.8260869565217391,0.9183673469387755,0.8715596330275229,0.75,0.6666666666666666,1.0,1.0,0.0,0.6875,1.0,1.0,0.0,0.9714285714285714,0.0,0.0,0.0,0.0,0.47855160932297447,0.07725547445255475,0.0,0.1554779806659506,0.4806596796021779,0.1261851926568489,0.17630744849445326,0.641227945248833,0.4428389304990681,0.6394899721377841,0.5617502600634686,0.3109103536216044,0.04809903606204433,0.3254289515633041,0.30766876136629634,0.5889215851492721,0.6072518398851193,0.3443314895788791,0.0,0.9258090387876772,0.0,0.0,0.0,0.0,1.0,1.0,0.0,0.5,1.0,0.6666666666666666,0.3333333333333333,0.9344262295081968,0.6521739130434783,0.9595959595959596,1.0,0.8571428571428571,1.0,0.5730337078651685,0.0,0.9166666666666666,1.0,0.4444444444444444,0.0,0.9444444444444444,0.0,0.0,0.0,0.0
66,0.2929478437404543,0.5355574911506518,0.433166226110285,0.4003220053022557,0.3915138585335838,0.806378132118451,0.7444160239797534,0.7715208389577123,0.7285713318780423,0.34408698375766256,0.19316473000683526,0.0,0.27938603069846507,0.2907909604519774,0.19518996165911467,0.18049984572662758,0.5140339589770474,0.46519208653218536,0.4859500118358651,0.5943192256058786,0.3357385447517982,0.38400298544595096,0.8225966146266505,0.12567443183093743,0.3756965192556195,0.7632427452786734,0.5247444358851575,0.0,0.9226819976586838,0.0,0.0,0.0,0.0,1.0,0.5,0.0,0.6666666666666666,0.8571428571428571,0.5,0.3333333333333333,0.8405797101449275,0.8775510204081632,0.8990825688073395,0.75,0.7037037037037037,1.0,1.0,0.0,0.5,1.0,1.0,0.0,0.9714285714285714,0.0,0.0,0.0,0.0,0.4694176535221585,0.06457952468007312,0.0,0.12371590506553312,0.44552484274914883,0.1355603969983055,0.16694411414982163,0.6672119485464687,0.4714083231623292,0.6228923730453935,0.5605581990483426,0.2956056845698061,0.049273743016759776,0.32363334933030846,0.35886148980725674,0.5594421021668791,0.6357427869858809,0.3291370664437944,0.0,0.9262865921523419,0.0,0.0,0.0,0.0,1.0,1.0,0.0,0.2857142857142857,1.0,1.0,0.3333333333333333,0.9354838709677419,0.6935483870967742,0.9423076923076923,1.0,0.8636363636363636,1.0,0.5730337078651685,0.0,0.8888888888888888,1.0,0.4,0.0,0.9714285714285714,0.0,0.0,0.0,0.0
67,0.2929569866953373,0.5313045301714955,0.43366386799371487,0.3959539531864318,0.3906021989305846,0.8041002277904328,0.7521168727897822,0.7961264097184181,0.7550104124145869,0.3560561993825227,0.22392344497607655,0.0,0.2567871606419679,0.321713747645951,0.19902405019170444,0.17078062326442456,0.5125380271174055,0.488969788331831,0.43858002269221036,0.6003250194305094,0.34060995551692985,0.3597462370941659,0.8301847935429192,0.11932859890294917,0.4373441319538754,0.8003684937816674,0.4244550394536862,0.0,0.9252142899660708,0.0,0.0,0.0,0.0,0.8571428571428571,0.5,0.0,0.6666666666666666,0.9285714285714286,0.5,0.3333333333333333,0.8260869565217391,0.8979591836734694,0.8532110091743119,0.75,0.7037037037037037,1.0,1.0,0.0,0.75,1.0,1.0,0.0,0.9714285714285714,0.0,0.0,0.0,0.0,0.4805979163521063,0.07395367736692401,0.0,0.12967077358109472,0.4308448928121059,0.12585408860480493,0.1673385065000504,0.6670169768347352,0.44977538570402376,0.6593163871965249,0.5388928353967932,0.2804602463184061,0.04991284237413921,0.3082483868501079,0.3314969960293537,0.5600160197295617,0.5788912579957356,0.37,0.0,0.9248839677093044,0.0,0.0,0.0,0.0,1.0,1.0,0.0,0.4,1.0,1.0,0.3333333333333333,0.9344262295081968,0.6376811594202898,0.9587628865979382,1.0,0.8636363636363636,1.0,0.5604395604395604,0.0,0.9230769230769231,1.0,0.8,0.0,0.918918918918919,0.0,0.0,0.0,0.0
68,0.292773935094168,0.5339142350927669,0.43214346061345876,0.3973965800020265,0.39110767960798615,0.7995444191343963,0.735635949165131,0.751824609667747,0.7194585220358107,0.37802586245469594,0.21285030758714968,0.0,0.29483525823708817,0.26448210922787196,0.20416521436040433,0.1920189242003497,0.5340211972220678,0.47318403630373296,0.4649433919140635,0.6021338232176924,0.3099463687406374,0.3448190073392213,0.8191668844901742,0.1314964342106248,0.381614360848416,0.7468447719944726,0.499802211072016,0.0,0.9242321276215798,0.0,0.0,0.0,0.0,1.0,0.5,0.0,0.6666666666666666,0.6428571428571429,0.5,0.3333333333333333,0.855072463768116,0.8775510204081632,0.8899082568807339,0.75,0.6296296296296297,1.0,1.0,0.0,0.625,1.0,1.0,0.0,0.9714285714285714,0.0,0.0,0.0,0.0,0.4740223306962913,0.0758180755746007,0.0,0.1305830509975863,0.47353159349922447,0.125,0.16325638335082196,0.6485202952978701,0.4637728621095401,0.6397294390830804,0.5207964115037217,0.30313655096825426,0.040496121313056056,0.3279467771037536,0.27281054478272343,0.5945602831422636,0.6388746601520943,0.33574825174825174,0.0,0.9245348087133429,0.0,0.0,0.0,0.0,1.0,1.0,0.0,0.3333333333333333,1.0,0.6666666666666666,0.25,0.9076923076923077,0.6825396825396826,0.9509803921568627,1.0,0.85,1.0,0.5666666666666667,0.0,0.9090909090909091,1.0,0.4444444444444444,0.0,0.9714285714285714,0.0,0.0,0.0,0.0
69,0.29282864468897346,0.532805058181561,0.4341795446301796,0.3889209105798125,0.3886307249890225,0.8086560364464692,0.7618102758986854,0.8041897393128374,0.7647902448705911,0.40281444359926616,0.23622693096377306,0.0,0.26063696815159243,0.2966101694915254,0.18203206692227256,0.1754088244369022,0.5070414704083497,0.4854924937059025,0.45405847733635896,0.588398219458772,0.3265789202849661,0.33859932827466105,0.818533216104682,0.11324468124911136,0.428504407516235,0.7789958544449562,0.49130769711228167,0.0,0.9307476338816246,0.0,0.0,0.0,0.0,1.0,0.5,0.0,0.6666666666666666,0.8571428571428571,0.5,0.3333333333333333,0.8115942028985508,0.9183673469387755,0.8623853211009175,0.75,0.6666666666666666,1.0,1.0,0.0,0.875,1.0,1.0,0.0,0.9714285714285714,0.0,0.0,0.0,0.0,0.4407912453790976,0.07263861448568666,0.0,0.13319195687166255,0.4389142793445547,0.13473073202192842,0.16019349081857887,0.6789416586306654,0.4510679464456533,0.6506945459862553,0.4637626276689351,0.29545830746948065,0.050260349348203406,0.3224386256131198,0.31187272015332934,0.5327289285458471,0.6099249855741489,0.3378624096213043,0.0,0.9151029664581734,0.0,0.0,0.0,0.0,1.0,1.0,0.0,0.6666666666666666,1.0,1.0,0.3333333333333333,0.9333333333333333,0.6338028169014085,0.9591836734693877,1.0,0.8571428571428571,1.0,0.5730337078651685,0.0,0.9333333333333333,1.0,0.6666666666666666,0.0,0.918918918918919,0.0,0.0,0.0,0.0
70,0.2928976089128808,0.530712271556644,0.4375067056508104,0.39608781478750915,0.3917281296909388,0.7995444191343963,0.737338235337963,0.7956316479627434,0.7385389167754564,0.4129491252405029,0.24388243335611756,0.0,0.29478526073696315,0.303879472693032,0.19370860927152317,0.20600637663272653,0.5319851412927499,0.4725740527771734,0.4420511962386437,0.5935561365081609,0.30587542453315647,0.3404652319940291,0.8384383242639546,0.11771220749676348,0.3871289003020651,0.775863657300783,0.4889134100893173,0.0,0.9253457409869243,0.0,0.0,0.0,0.0,1.0,0.5,0.0,0.6666666666666666,0.8571428571428571,0.25,0.3333333333333333,0.8405797101449275,0.8979591836734694,0.8623853211009175,0.75,0.5925925925925926,1.0,1.0,0.0,0.75,1.0,1.0,0.0,0.9714285714285714,0.0,0.0,0.0,0.0,0.4169509137319569,0.07354274878390633,0.0,0.14196966048639537,0.45239430301670963,0.13012175134628892,0.17972991161559515,0.6498926150183719,0.45786420631425206,0.6560813389303821,0.5559776565891883,0.2955504729072748,0.046723228460711176,0.2968909083259708,0.3138906072276655,0.5915831310450652,0.5870216770056458,0.3592485504918384,0.0,0.9241469848779461,0.0,0.0,0.0,0.0,1.0,1.0,0.0,0.4,1.0,1.0,0.3333333333333333,0.90625,0.6470588235294118,0.9494949494949495,1.0,0.8888888888888888,1.0,0.5543478260869565,0.0,0.9230769230769231,1.0,0.8,0.0,0.918918918918919,0.0,0.0,0.0,0.0
71,0.29254427832391056,0.5299994684321973,0.43166941019765764,0.3983647850698795,0.3893170744929526,0.8086560364464692,0.7371036188953956,0.7854945387050598,0.7326049570194416,0.3875564902232762,0.2024606971975393,0.0,0.2902354882255887,0.2866101694915254,0.18037643778319973,0.20374370050395968,0.5287232155386281,0.46757374195754203,0.4418103976034414,0.6180597753126545,0.32358288831204474,0.35514367458639134,0.8266916965678937,0.11628289842925668,0.39283274484143643,0.7626439428834638,0.456809144094439,0.0,0.9289122800055557,0.0,0.0,0.0,0.0,1.0,0.5,0.0,0.6666666666666666,0.7142857142857143,0.25,0.3333333333333333,0.8405797101449275,0.8979591836734694,0.8899082568807339,0.75,0.7037037037037037,1.0,1.0,0.0,0.75,1.0,1.0,0.0,0.9714285714285714,0.0,0.0,0.0,0.0,0.47548858146684236,0.07138037401195296,0.0,0.1310857194472044,0.4766513201165085,0.1311787072243346,0.16111585539424994,0.6479637363029589,0.46713452834729413,0.6540876132930513,0.4789526708863532,0.2878739324391001,0.035157067740465724,0.31676211808053123,0.32715061686807867,0.6043737574552683,0.618698852808191,0.36414179971454175,0.0,0.9213688796609044,0.0,0.0,0.0,0.0,1.0,1.0,0.0,0.4,1.0,1.0,0.25,0.90625,0.676923076923077,0.9603960396039604,1.0,0.8636363636363636,1.0,0.5730337078651685,0.0,0.9230769230769231,1.0,0.6666666666666666,0.0,0.918918918918919,0.0,0.0,0.0,0.0
72,0.29240159802695787,0.5341921571565559,0.43804286523951663,0.39604736094588416,0.3967338022129132,0.8154897494305239,0.7552620911217635,0.8065972763319654,0.7557483520178425,0.44444941608125643,0.19644565960355434,0.0,0.26208689565521726,0.3269491525423729,0.18612757058208435,0.18507662244163325,0.5312199655273756,0.48997995213377676,0.4274869601417039,0.6117430933371016,0.3374309597594026,0.33660903097400174,0.8201886747617803,0.13296315974586734,0.41590327333185184,0.7640257945647168,0.48993358455997166,0.0,0.9261518085676304,0.0,0.0,0.0,0.0,1.0,0.5,0.0,0.6666666666666666,0.9285714285714286,0.25,0.3333333333333333,0.8260869565217391,0.9183673469387755,0.8715596330275229,0.75,0.7037037037037037,1.0,1.0,0.0,0.875,1.0,1.0,0.0,0.9714285714285714,0.0,0.0,0.0,0.0,0.42460512535533373,0.09134248665141113,0.0,0.14986562982446108,0.43441597437693924,0.14879832810867294,0.18485797935179002,0.6359495644897494,0.45435974665119866,0.666185407676187,0.4781100901219297,0.2835276652782382,0.05176074523231125,0.3253177839634556,0.32400889893869217,0.5643336572073129,0.631380609797876,0.35690777000894847,0.0,0.923125033991407,0.0,0.0,0.0,0.0,1.0,1.0,0.0,0.6666666666666666,1.0,1.0,0.3333333333333333,0.9193548387096774,0.6521739130434783,0.9595959595959596,1.0,0.8636363636363636,1.0,0.5795454545454546,0.0,0.9333333333333333,1.0,0.6666666666666666,0.0,0.9444444444444444,0.0,0.0,0.0,0.0
73,0.2925176121450148,0.537895970925334,0.4258438661378499,0.4048076368270323,0.389485507517581,0.7995444191343963,0.7175731410939099,0.7407648188015635,0.7099396110625039,0.28862588930153477,0.18304853041695146,0.0,0.32113394330283485,0.27143126177024485,0.20948065528058557,0.14810243751928417,0.5138168502823737,0.4795441830105989,0.5081075676072778,0.5939800748957819,0.30598405928026623,0.3704440850852096,0.8038875555449945,0.11506312158107027,0.4482991349580648,0.7315062183325657,0.45314484395494575,0.0,0.9195891783567134,0.0,0.0,0.0,0.0,0.8571428571428571,0.5,0.0,0.6666666666666666,0.6428571428571429,0.5,0.0,0.8260869565217391,0.8979591836734694,0.8990825688073395,0.75,0.5925925925925926,1.0,1.0,0.0,0.8125,1.0,1.0,0.0,0.9714285714285714,0.0,0.0,0.0,0.0,0.5445297990882998,0.0704773935470288,0.0,0.1299334452693545,0.4873702363642512,0.12439201076270309,0.15458107455316408,0.6774842205217003,0.4529348085356232,0.6075707516092667,0.49686746418270367,0.30896421127988405,0.03687058153499486,0.3460149806860295,0.33612416657558203,0.569196685163704,0.6761900706804054,0.3398391755796705,0.0,0.9271963869522162,0.0,0.0,0.0,0.0,1.0,1.0,0.0,0.5,1.0,0.5,0.0,0.9344262295081968,0.676923076923077,0.9158878504672897,1.0,0.8888888888888888,1.0,0.5795454545454546,0.0,0.8666666666666667,1.0,0.5,0.0,0.9714285714285714,0.0,0.0,0.0,0.0
74,0.2923535068635283,0.5335019561276583,0.4310031285774151,0.40536231475282647,0.3912111699074993,0.7995444191343963,0.7274727150557762,0.7387601410238069,0.7139360181232202,0.33489194147389145,0.17812713602187286,0.0,0.33773311334433276,0.27482109227871937,0.19553851516207738,0.15365627892625733,0.5330574464310772,0.48306810058123273,0.4420144642434433,0.6173532113332862,0.3467049365916134,0.37430028610523697,0.814026249712869,0.1169938113162365,0.4144052939578755,0.7434362045140488,0.4684058212404489,0.0,0.9295224111589515,0.0,0.0,0.0,0.0,1.0,0.5,0.0,0.6666666666666666,0.7142857142857143,0.5,0.0,0.8405797101449275,0.8979591836734694,0.8623853211009175,0.75,0.7037037037037037,1.0,1.0,0.0,0.6875,1.0,1.0,0.0,0.9714285714285714,0.0,0.0,0.0,0.0,0.5049929154577963,0.07749955391661215,0.0,0.1370210349094302,0.5016672969163601,0.14132762312633834,0.16759212518929834,0.6474581612832684,0.449732693824106,0.650662669422282,0.4648542243030432,0.2779328520682938,0.04366565084893339,0.33659325830920594,0.3931795890652114,0.5711287816055447,0.6586410936543563,0.3537310147479639,0.0,0.9188411269028315,0.0,0.0,0.0,0.0,1.0,1.0,0.0,0.3333333333333333,1.0,0.6666666666666666,0.0,0.9206349206349206,0.6567164179104478,0.9591836734693877,1.0,0.8260869565217391,1.0,0.5730337078651685,0.0,0.8461538461538461,1.0,0.5714285714285714,0.0,0.9444444444444444,0.0,0.0,0.0,0.0
75,0.2922356716203116,0.5286492025018008,0.4330258225657004,0.3911395431537639,0.3878483402163582,0.8154897494305239,0.7346575379229582,0.7956274232590022,0.7405366841331663,0.3929482303458768,0.20492139439507862,0.0,0.311784410779461,0.3255367231638418,0.19701986754966888,0.1999897151085056,0.5114842556481356,0.45483402231684955,0.4590744353476071,0.6023316611319155,0.2994030806527233,0.31906953601194177,0.8456304604392906,0.10112922899626584,0.4146439829790036,0.7453707968678028,0.48858029189481794,0.0,0.9207127125538205,0.0,0.0,0.0,0.0,1.0,0.5,0.0,0.6666666666666666,0.9285714285714286,0.5,0.3333333333333333,0.855072463768116,0.8775510204081632,0.8990825688073395,0.75,0.6296296296296297,0.5,1.0,0.0,0.8125,1.0,1.0,0.0,0.9714285714285714,0.0,0.0,0.0,0.0,0.44737646459500763,0.07737173531537112,0.0,0.13572454620641622,0.43893149154436034,0.1287218901224025,0.16970675510560307,0.6819844245338303,0.4707441140398496,0.6417521288279678,0.47016258907101416,0.3160534511479684,0.04215768453232089,0.28767905838731583,0.29571115973741796,0.5403799328520708,0.6308034148052859,0.33607825165411165,0.0,0.9291726842894366,0.0,0.0,0.0,0.0,1.0,1.0,0.0,0.5,1.0,1.0,0.3333333333333333,0.9365079365079365,0.6825396825396826,0.9423076923076923,1.0,0.8947368421052632,1.0,0.5604395604395604,0.0,0.9285714285714286,1.0,0.5714285714285714,0.0,0.9714285714285714,0.0,0.0,0.0,0.0
76,0.29227497234441785,0.5341427673922079,0.43466777111155513,0.3957878022763953,0.39179175769819935,0.8109339407744874,0.7464001509638805,0.7670558131412927,0.739756164704884,0.39283636851760706,0.1926179084073821,0.0,0.28268586570671467,0.296346516007533,0.20076681770651794,0.21618841921217732,0.5377597030376684,0.4414610076772449,0.46233746092123845,0.5877764431569279,0.3477226726434836,0.35613882323672097,0.8164896355614698,0.11477875642627833,0.40528572721960215,0.7765545831414095,0.4695509150340405,0.0,0.9267222563939761,0.0,0.0,0.0,0.0,0.8571428571428571,0.5,0.0,0.6666666666666666,0.7857142857142857,0.5,0.3333333333333333,0.8405797101449275,0.8775510204081632,0.8990825688073395,0.75,0.7037037037037037,1.0,1.0,0.0,0.75,1.0,1.0,0.0,0.9714285714285714,0.0,0.0,0.0,0.0,0.4579453876848447,0.0735808658415583,0.0,0.1364744502643076,0.4391972982779313,0.1174970676730073,0.162561385870616,0.639803812859897,0.47997718920288934,0.6439329128782604,0.5137789196734068,0.2800180490455186,0.04528916729941787,0.3268884378765777,0.33816169499746457,0.5771399102192947,0.608123218987844,0.36265839068630606,0.0,0.9211522816359736,0.0,0.0,0.0,0.0,1.0,1.0,0.0,0.4,1.0,0.6666666666666666,0.2,0.9354838709677419,0.6825396825396826,0.9514563106796117,1.0,0.8636363636363636,1.0,0.5730337078651685,0.0,0.9230769230769231,1.0,0.6666666666666666,0.0,0.9444444444444444,0.0,0.0,0.0,0.0
77,0.292216000009304,0.5339912496405639,0.4342868190792391,0.40014616343152726,0.3902583547424092,0.8018223234624146,0.7435909752097838,0.7602699999700566,0.730866086426822,0.3503512461407669,0.19630895420369104,0.0,0.3065346732663367,0.2869868173258004,0.23623213663297316,0.1859508382186568,0.5030461408929522,0.4464768594784447,0.5112501938633081,0.577220377305165,0.3098262987569898,0.39868142803831325,0.8190005465389825,0.11010169795930586,0.4038700544046355,0.7580377706126209,0.5005100872353272,0.0,0.9167766225520347,0.0,0.0,0.0,0.0,1.0,0.5,0.0,0.6666666666666666,0.7857142857142857,0.5,0.3333333333333333,0.8115942028985508,0.8775510204081632,0.908256880733945,0.75,0.5925925925925926,1.0,1.0,0.0,0.6875,1.0,1.0,0.0,0.9714285714285714,0.0,0.0,0.0,0.0,0.48035336339376095,0.06244292733834848,0.0,0.12874572142542157,0.4491173263387463,0.11354498240911376,0.1648281520649102,0.6876563093794676,0.483159058706794,0.5984902234803693,0.5534898846867844,0.3112178088171104,0.0385777392602222,0.32786147109277647,0.33157550762851284,0.5661916575318756,0.6483217774976363,0.32557320657105326,0.0,0.9314838241445873,0.0,0.0,0.0,0.0,1.0,1.0,0.0,0.4,1.0,0.6666666666666666,0.3333333333333333,0.9333333333333333,0.6935483870967742,0.9166666666666666,1.0,0.8421052631578947,1.0,0.5666666666666667,0.0,0.9166666666666666,1.0,0.4444444444444444,0.0,0.9714285714285714,0.0,0.0,0.0,0.0
78,0.2920724782281637,0.5395990806806914,0.43545124926385326,0.40136586335071517,0.39690239603007704,0.8132118451025057,0.7498681187007445,0.7728810381038103,0.7454890827111703,0.4012483780034901,0.19357484620642515,0.0,0.29653517324133793,0.29291902071563086,0.20433949111188568,0.21814254859611232,0.5195755260252428,0.46908898766046064,0.48593980850386503,0.614880237405497,0.33404041212592483,0.3585023012812539,0.7980340438340106,0.1331577253780934,0.4402413228310164,0.7228466144633809,0.4286190168849285,0.0,0.9264370324808032,0.0,0.0,0.0,0.0,0.8571428571428571,0.5,0.0,0.6666666666666666,0.7857142857142857,0.5,0.3333333333333333,0.855072463768116,0.9183673469387755,0.8807339449541285,0.75,0.6666666666666666,1.0,1.0,0.0,0.8125,1.0,1.0,0.0,0.9714285714285714,0.0,0.0,0.0,0.0,0.43299292629342606,0.06909339318825022,0.0,0.14926011677068654,0.4851679715524502,0.12454854472062885,0.1637521713954835,0.6770410698021032,0.4587024907678981,0.6225373321621283,0.48839401966506535,0.29004264529933627,0.04097067227726995,0.3526202134249845,0.3274447020720621,0.5900366235714601,0.6527598685578803,0.376596056049464,0.0,0.9226247227422948,0.0,0.0,0.0,0.0,1.0,1.0,0.0,0.5,1.0,0.6666666666666666,0.2,0.9365079365079365,0.6818181818181818,0.9504950495049505,1.0,0.8571428571428571,1.0,0.5795454545454546,0.0,0.9285714285714286,1.0,0.6666666666666666,0.0,0.9444444444444444,0.0,0.0,0.0,0.0
79,0.2920764966447341,0.5374104444283533,0.43370810388828707,0.39362091033272545,0.3920262664578029,0.8109339407744874,0.7468090442754242,0.7920534811663844,0.7471859718592068,0.3272853371515504,0.19699248120300752,0.0,0.30293485325733716,0.2954990583804143,0.20573370512373648,0.1806541190990435,0.5211932505672626,0.44644577751530784,0.4897415700071015,0.595873666360489,0.3268533659618749,0.3353650951610897,0.8116341515576361,0.13345705711997966,0.4467517716486827,0.7654537079686781,0.5045907851179446,0.0,0.9202861167880315,0.0,0.0,0.0,0.0,0.7142857142857143,0.5,0.0,0.6666666666666666,0.8571428571428571,0.5,0.3333333333333333,0.8405797101449275,0.8775510204081632,0.8899082568807339,0.75,0.6666666666666666,1.0,1.0,0.0,0.875,1.0,1.0,0.0,0.9714285714285714,0.0,0.0,0.0,0.0,0.46739512444487047,0.07700529043980121,0.0,0.1345547412835887,0.45005019360390075,0.1327299302900832,0.15215696465696466,0.6653619690793432,0.4761861347898338,0.6250026042751782,0.49596565513996704,0.3016946111260641,0.0455936818251002,0.3352955612637228,0.30211244939099796,0.5401110491959878,0.6191043886446613,0.3360836464992442,0.0,0.9287723900397489,0.0,0.0,0.0,0.0,1.0,1.0,0.0,0.6666666666666666,1.0,1.0,0.2,0.9354838709677419,0.6935483870967742,0.9326923076923077,1.0,0.8571428571428571,1.0,0.5666666666666667,0.0,0.9333333333333333,1.0,0.5,0.0,0.9714285714285714,0.0,0.0,0.0,0.0
80,0.29182922192311794,0.5307595685343671,0.43045302984356165,0.39862541119609507,0.3868992132200234,0.7972665148063781,0.7332341424778237,0.752509067917873,0.7202451630354484,0.30905185914358585,0.19986329460013671,0.0,0.33723313834308283,0.2805461393596987,0.20285813872429417,0.1849223490692173,0.49033733925351675,0.4495967115283001,0.4941371654327437,0.5785345863067901,0.3210957243650585,0.3608657793257868,0.8250283170559767,0.11971024687385412,0.4088989851601274,0.7569783509903271,0.506985072140909,0.0,0.9215113395107046,0.0,0.0,0.0,0.0,0.8571428571428571,0.5,0.0,0.6666666666666666,0.7142857142857143,0.5,0.3333333333333333,0.8115942028985508,0.8775510204081632,0.8990825688073395,0.75,0.6296296296296297,1.0,1.0,0.0,0.6875,1.0,1.0,0.0,0.9714285714285714,0.0,0.0,0.0,0.0,0.5433235004916421,0.06302810829453354,0.0,0.11334800947787656,0.48193199831775096,0.11242574974646255,0.16611234294161123,0.7076733779905768,0.4799348026244847,0.6160353117765284,0.5472237816451466,0.30162037907310235,0.04536427465636679,0.31292980943425136,0.286084732728866,0.5278985006747495,0.6242260796900521,0.3221884096321778,0.0,0.9239082323335306,0.0,0.0,0.0,0.0,1.0,1.0,0.0,0.3333333333333333,1.0,0.6666666666666666,0.2,0.9333333333333333,0.6825396825396826,0.9245283018867925,1.0,0.85,1.0,0.5666666666666667,0.0,0.9166666666666666,1.0,0.5,0.0,0.9714285714285714,0.0,0.0,0.0,0.0
81,0.29198897473041807,0.536407581077693,0.43165764210317076,0.4011097038036311,0.39416946439088213,0.8086560364464692,0.7462191008369644,0.779839385901683,0.7403438972936467,0.3434605575193521,0.19084073820915926,0.0,0.29798510074496276,0.3030885122410546,0.18429766469153014,0.1957214851383318,0.5055243572126421,0.4759386752867311,0.48288289023663566,0.6011728962057514,0.33925487998719256,0.3511630799850728,0.8124658413135946,0.13811166570631067,0.4052939578755031,0.7471672040534316,0.47036289063313275,0.0,0.9251051608166829,0.0,0.0,0.0,0.0,0.8571428571428571,0.5,0.0,0.6666666666666666,0.7857142857142857,0.5,0.3333333333333333,0.8260869565217391,0.8979591836734694,0.8899082568807339,0.75,0.7037037037037037,1.0,1.0,0.0,0.75,1.0,1.0,0.0,0.9714285714285714,0.0,0.0,0.0,0.0,0.5094070411786177,0.07433044033864011,0.0,0.1282409897794513,0.45664510271251846,0.12087786477681889,0.16953984587286738,0.6854299643162286,0.46129253340161774,0.6206395501327151,0.5526801257567491,0.28701965868193957,0.047949859020960016,0.3321019232014505,0.3103204761744628,0.5612135579312074,0.6313392752889893,0.347179321684877,0.0,0.923767138215248,0.0,0.0,0.0,0.0,1.0,1.0,0.0,0.4,1.0,1.0,0.2,0.9344262295081968,0.6666666666666666,0.9603960396039604,1.0,0.8636363636363636,1.0,0.5730337078651685,0.0,0.9230769230769231,1.0,0.5714285714285714,0.0,0.9444444444444444,0.0,0.0,0.0,0.0
82,0.2917048600622715,0.53333244041104,0.4346041535750807,0.4014583397280671,0.39610728954103824,0.806378132118451,0.7445587177855477,0.7622920899539785,0.7354355566819479,0.41867645084791266,0.1901572112098428,0.0,0.29138543072846357,0.29030131826741995,0.20599512025095854,0.1917618019129898,0.5437487258102522,0.5175574239268952,0.4198752744696308,0.5924115028615842,0.3339432126153529,0.33250404279139195,0.8211629399044745,0.12485126954075028,0.4037795171897248,0.7567019806540765,0.4675522058670442,0.0,0.9205093355026885,0.0,0.0,0.0,0.0,1.0,0.5,0.0,0.6666666666666666,0.7857142857142857,0.25,0.3333333333333333,0.855072463768116,0.9387755102040817,0.8348623853211009,0.75,0.7037037037037037,1.0,1.0,0.0,0.8125,1.0,1.0,0.0,0.9714285714285714,0.0,0.0,0.0,0.0,0.450896299151889,0.07488156761412576,0.0,0.14310268624465944,0.4638322200156466,0.12412055024677097,0.17539981185324552,0.6419165382535609,0.42214292731311737,0.6696108359314488,0.5616333748643543,0.2960473627120019,0.05421796718119308,0.3182874598959213,0.3002015258384914,0.5857601700278205,0.6453995442759488,0.37013168954889325,0.0,0.928667584136119,0.0,0.0,0.0,0.0,1.0,1.0,0.0,0.5,1.0,0.5,0.3333333333333333,0.921875,0.647887323943662,0.9680851063829787,1.0,0.8260869565217391,1.0,0.5795454545454546,0.0,0.9285714285714286,1.0,0.5714285714285714,0.0,0.9444444444444444,0.0,0.0,0.0,0.0
83,0.29187641658177255,0.5363134056795718,0.43129776489984933,0.40279764882819147,0.39509725212621966,0.8154897494305239,0.7475927772188322,0.8032589548356132,0.7510763759762424,0.35648127432994764,0.19330143540669856,0.0,0.2623368831558422,0.30892655367231636,0.1621645172533984,0.18759642085775996,0.5330892184351759,0.47051875796475306,0.4637312360724518,0.6059492687062814,0.3409530126130659,0.33685781813658416,0.8182163819119359,0.12190285188317082,0.4298871577075977,0.7940580377706126,0.4575170202577502,0.0,0.9198719220619457,0.0,0.0,0.0,0.0,1.0,0.5,0.0,0.6666666666666666,0.8571428571428571,0.25,0.3333333333333333,0.8260869565217391,0.8775510204081632,0.908256880733945,0.75,0.7037037037037037,1.0,1.0,0.0,0.8125,1.0,1.0,0.0,0.9714285714285714,0.0,0.0,0.0,0.0,0.4929769197450653,0.08171993295960238,0.0,0.13907811381769025,0.48119683191551776,0.14716115767831725,0.17881476398215773,0.6507593803430544,0.4627624208056615,0.635199047390106,0.5580063764721191,0.2887300757267639,0.03453112646961312,0.33059805863771796,0.31647659938220035,0.5729738031506428,0.5859619306594154,0.3643311890708933,0.0,0.9290799507009089,0.0,0.0,0.0,0.0,1.0,1.0,0.0,0.5,1.0,1.0,0.3333333333333333,0.9047619047619048,0.6935483870967742,0.9428571428571428,1.0,0.8636363636363636,1.0,0.5730337078651685,0.0,0.9285714285714286,1.0,0.8,0.0,0.918918918918919,0.0,0.0,0.0,0.0
84,0.29176926233935563,0.5402290094547915,0.440359788766263,0.4031390906067413,0.4004187284749045,0.8154897494305239,0.752394459115719,0.7994870612386369,0.7478995566602912,0.4106223992124927,0.1775803144224197,0.0,0.3102844857757112,0.2981732580037665,0.18124782154060648,0.20220096677980048,0.5428352806924178,0.49194588630217884,0.45961113061081227,0.6160672648908359,0.3211014419833274,0.36745863913422067,0.8181767776378427,0.14484662989875105,0.41107187831798314,0.7627821280515892,0.49114113801503195,0.0,0.9193287565229469,0.0,0.0,0.0,0.0,1.0,0.5,0.0,0.6666666666666666,0.8571428571428571,0.25,0.3333333333333333,0.855072463768116,0.9183673469387755,0.8623853211009175,0.75,0.7037037037037037,1.0,1.0,0.0,0.875,1.0,1.0,0.0,0.9714285714285714,0.0,0.0,0.0,0.0,0.466097821118391,0.06850904488159908,0.0,0.1436740363467994,0.45980716733461113,0.13733905579399142,0.1886303669944831,0.6447680836276382,0.4499928921742839,0.6476589773230502,0.550378104051205,0.30921704658077304,0.05370713792225737,0.32920921456891167,0.30778037494633403,0.5854413316141133,0.6365313653136532,0.34722324438098884,0.0,0.9305383659482597,0.0,0.0,0.0,0.0,1.0,1.0,0.0,0.6666666666666666,1.0,1.0,0.3333333333333333,0.921875,0.6617647058823529,0.9591836734693877,1.0,0.8636363636363636,1.0,0.5795454545454546,0.0,0.9333333333333333,1.0,0.5,0.0,0.9714285714285714,0.0,0.0,0.0,0.0
85,0.2917673960486135,0.5336965852837756,0.43241486239781696,0.3978176831374213,0.3923039533563261,0.8132118451025057,0.7292396026156577,0.7947527333280022,0.7361531256713465,0.3982728533715155,0.18195488721804512,0.0,0.31138443077846106,0.27367231638418077,0.19205298013245034,0.18682505399568033,0.5065119370067065,0.4416980076461629,0.4745284019949555,0.5952660213382321,0.3463847499685531,0.3257867894016669,0.8363630603014678,0.11702374449042513,0.450356798933307,0.7555964993090741,0.4679477837230122,0.0,0.9218412071668088,0.0,0.0,0.0,0.0,1.0,0.5,0.0,0.6666666666666666,0.7142857142857143,0.5,0.3333333333333333,0.8260869565217391,0.8775510204081632,0.908256880733945,0.75,0.7037037037037037,0.5,1.0,0.0,0.875,1.0,1.0,0.0,0.9714285714285714,0.0,0.0,0.0,0.0,0.4747453197503867,0.06890303877413677,0.0,0.13745916835878874,0.47505720823798625,0.1302985515814366,0.165958613128683,0.6812395172691307,0.4839287766629917,0.6331558956067145,0.529302372336148,0.28373916342330446,0.04948325051486009,0.3066641883375252,0.2927861301978993,0.5574266503667482,0.6207992733878293,0.3418403041825095,0.0,0.9279308743565033,0.0,0.0,0.0,0.0,1.0,1.0,0.0,0.6666666666666666,1.0,1.0,0.25,0.9193548387096774,0.6825396825396826,0.9519230769230769,1.0,0.8636363636363636,1.0,0.5666666666666667,0.0,0.9333333333333333,1.0,0.5,0.0,0.9714285714285714,0.0,0.0,0.0,0.0
86,0.29156357408718137,0.5348777540548787,0.43686299553997643,0.39641361560606125,0.3928008300011332,0.8041002277904328,0.735099596120365,0.7784663959718083,0.724310490654942,0.41630498008859457,0.1822282980177717,0.0,0.3582820858957052,0.2931261770244821,0.1786336702683862,0.17175768795639207,0.5067819990415445,0.47332779038324063,0.47834852949579215,0.6011870274853388,0.3303982892886139,0.3540241323547705,0.8169252825764957,0.11792173971608384,0.39595216342790357,0.7786273606632889,0.4878307759571943,0.0,0.9218759300779777,0.0,0.0,0.0,0.0,1.0,0.5,0.0,0.6666666666666666,0.8571428571428571,0.25,0.3333333333333333,0.8260869565217391,0.8979591836734694,0.8990825688073395,0.75,0.5925925925925926,1.0,1.0,0.0,0.6875,1.0,1.0,0.0,0.9714285714285714,0.0,0.0,0.0,0.0,0.45519704493749846,0.06957565634949632,0.0,0.14475597931480286,0.48425735797399044,0.14006559169171906,0.1751625760436333,0.6818309733725176,0.46517142235306247,0.6350111068971122,0.4834267013624535,0.2820645488802546,0.048896983025221635,0.3299676226308852,0.2954477276136193,0.5765252927147874,0.6201254631497853,0.32273215613894934,0.0,0.9252308764593135,0.0,0.0,0.0,0.0,1.0,1.0,0.0,0.4,1.0,1.0,0.3333333333333333,0.9193548387096774,0.6875,0.9245283018867925,1.0,0.8421052631578947,1.0,0.5730337078651685,0.0,0.9166666666666666,1.0,0.4444444444444444,0.0,0.9714285714285714,0.0,0.0,0.0,0.0
87,0.291518305835891,0.5412096892672275,0.43477510068925135,0.4092435831822335,0.39877501938951315,0.7881548974943052,0.7105515265244216,0.773215474290743,0.7085171936451476,0.32802362521813055,0.19712918660287082,0.0,0.2992850357482126,0.28459510357815443,0.17985360752875568,0.23470122390208784,0.5220828666820231,0.4891174276567308,0.5031120162600299,0.5947855578322617,0.3073391348100035,0.37778330638139074,0.8103984982059264,0.13825384828370663,0.3983637456068874,0.7526024873330263,0.48633174408194707,0.0,0.9221933966943788,0.0,0.0,0.0,0.0,0.7142857142857143,0.5,0.0,0.6666666666666666,0.7142857142857143,0.25,0.3333333333333333,0.8260869565217391,0.8775510204081632,0.8807339449541285,0.75,0.5555555555555556,1.0,1.0,0.0,0.75,1.0,1.0,0.0,0.9714285714285714,0.0,0.0,0.0,0.0,0.5237550903765092,0.07397147840361137,0.0,0.13882833155526694,0.47480206107829587,0.12908067542213883,0.1758766859344894,0.6634679766491143,0.45428990025837557,0.6086159056797535,0.5976485956890921,0.31381649619354535,0.04483715711459533,0.339153177820724,0.2980079038632148,0.6026871879163709,0.6437999921194688,0.35674032896043006,0.0,0.9270055522452063,0.0,0.0,0.0,0.0,1.0,1.0,0.0,0.4,1.0,1.0,0.2,0.9193548387096774,0.6515151515151515,0.9142857142857143,1.0,0.8333333333333334,1.0,0.5604395604395604,0.0,0.9230769230769231,1.0,0.5714285714285714,0.0,0.9444444444444444,0.0,0.0,0.0,0.0
88,0.29155646147221936,0.5307432447986927,0.4300775658334336,0.3954736847359409,0.3865938702677798,0.8041002277904328,0.7280486471674558,0.774294532627866,0.7284361959663098,0.34820349903798825,0.17771701982228297,0.0,0.3086345682715864,0.27832391713747645,0.19527710003485535,0.14290856731461482,0.48049331331697076,0.4418378764802785,0.5003367099560032,0.5948279516710238,0.30529222746972523,0.3636024381141933,0.8219867088056143,0.10538722302459759,0.4335251076158259,0.7855366190695532,0.5316982781953322,0.0,0.9258070596638822,0.0,0.0,0.0,0.0,0.8571428571428571,0.5,0.0,0.6666666666666666,0.8571428571428571,0.5,0.0,0.8115942028985508,0.8775510204081632,0.908256880733945,0.75,0.5925925925925926,1.0,1.0,0.0,0.8125,1.0,1.0,0.0,0.9714285714285714,0.0,0.0,0.0,0.0,0.517730024615794,0.07022851277618714,0.0,0.1303172961219363,0.465524301508804,0.1449078564500485,0.16853660015768088,0.7190152061426794,0.48361265739886283,0.5993185090307331,0.4969540270595736,0.2981794828837885,0.03495366218236173,0.3171694820456553,0.29834336073214135,0.5254064837905237,0.5927084419420985,0.33664201631932084,0.0,0.9189784040887471,0.0,0.0,0.0,0.0,1.0,1.0,0.0,0.6666666666666666,1.0,1.0,0.0,0.9333333333333333,0.6825396825396826,0.9166666666666666,1.0,0.8888888888888888,1.0,0.5666666666666667,0.0,0.8666666666666667,1.0,0.4444444444444444,0.0,0.9714285714285714,0.0,0.0,0.0,0.0
89,0.29143815652923094,0.5337493235067235,0.43942677300168037,0.389921203858816,0.39211097652815935,0.8041002277904328,0.7427006728518843,0.7983514569173624,0.7436785607480698,0.4412949125240503,0.20328092959671906,0.0,0.29538523073846307,0.29647834274952917,0.1929243638898571,0.22035380026740717,0.5190883552957312,0.49082305038386226,0.44771404549869803,0.5910125061824348,0.31884870038536745,0.3607413857444956,0.8150559608392938,0.12103478983170073,0.42697350551865476,0.7780746199907876,0.46440840290645624,0.0,0.9261890116867398,0.0,0.0,0.0,0.0,1.0,0.5,0.0,0.6666666666666666,0.7857142857142857,0.25,0.3333333333333333,0.8260869565217391,0.9183673469387755,0.8623853211009175,0.75,0.6296296296296297,1.0,1.0,0.0,0.875,1.0,1.0,0.0,0.9714285714285714,0.0,0.0,0.0,0.0,0.4278370640291515,0.07568585534687229,0.0,0.14015277316506145,0.4185743532477201,0.1125972638966587,0.15875662257789633,0.6644265506279781,0.451288169984139,0.6488241695845557,0.5198438840068115,0.30261230071303763,0.04681345644734293,0.32759120183629353,0.2902311225954637,0.5771952467844585,0.5772082692636255,0.3594205700842719,0.0,0.9195227952673504,0.0,0.0,0.0,0.0,1.0,1.0,0.0,0.6666666666666666,1.0,1.0,0.25,0.9193548387096774,0.6428571428571429,0.9494949494949495,1.0,0.85,1.0,0.5730337078651685,0.0,0.9333333333333333,1.0,0.6666666666666666,0.0,0.918918918918919,0.0,0.0,0.0,0.0
90,0.29154246210922485,0.5358010915137921,0.42997438044964453,0.4037930249162037,0.39093269912178447,0.806378132118451,0.7346088133875187,0.7896893155775848,0.7369271591765778,0.28493444896863396,0.17935748462064252,0.0,0.3606319684015799,0.2695291902071563,0.18499477169745557,0.1771058315334773,0.4867921131295159,0.46066966089578215,0.5001224399840012,0.584158835582562,0.32852862811467254,0.3230501306132604,0.8238797931072721,0.14337990436350848,0.45406059408874294,0.7734684477199447,0.4828548229268597,0.0,0.9220197821385345,0.0,0.0,0.0,0.0,0.5714285714285714,0.5,0.0,0.6666666666666666,0.7857142857142857,0.5,0.3333333333333333,0.8260869565217391,0.8775510204081632,0.8990825688073395,0.75,0.6666666666666666,1.0,1.0,0.0,0.875,1.0,1.0,0.0,0.9714285714285714,0.0,0.0,0.0,0.0,0.557935777806983,0.06787377133988619,0.0,0.1362254244650513,0.49784332823152916,0.12633896691263985,0.14670301584597034,0.7138497497641298,0.478243508143559,0.6164104137689926,0.5600899655854538,0.2901046636676209,0.04744678907463232,0.3132800828875717,0.3194877524136666,0.5294134582165752,0.6090678273485672,0.3331418064812687,0.0,0.9248181465375698,0.0,0.0,0.0,0.0,1.0,1.0,0.0,0.6666666666666666,1.0,1.0,0.16666666666666666,0.9344262295081968,0.6935483870967742,0.9245283018867925,1.0,0.8571428571428571,1.0,0.5666666666666667,0.0,0.9333333333333333,1.0,0.5,0.0,0.9714285714285714,0.0,0.0,0.0,0.0
91,0.29148893227699046,0.5398539820916063,0.43890877500261677,0.4021179736643139,0.39677221042227795,0.8109339407744874,0.7531027168188751,0.7728935257256161,0.7451603772119352,0.45440511879726164,0.22419685577580314,0.0,0.29618519074046296,0.30983050847457627,0.20015684907633322,0.19191607528540575,0.5171449677117008,0.4748818885400802,0.5061913818576594,0.5932593796368261,0.30366842388134796,0.3311357133971887,0.8145252635664441,0.12638534471791724,0.3862070668411566,0.7751727314601566,0.4783160875268056,0.0,0.9167791027599754,0.0,0.0,0.0,0.0,1.0,0.5,0.0,0.6666666666666666,0.7857142857142857,0.5,0.3333333333333333,0.8115942028985508,0.8775510204081632,0.9174311926605505,0.75,0.6296296296296297,1.0,1.0,0.0,0.8125,1.0,1.0,0.0,0.9714285714285714,0.0,0.0,0.0,0.0,0.43769933626411517,0.06921875659477483,0.0,0.1228077449313819,0.43460573239994715,0.12057109862999317,0.18416896960126333,0.6635514018691588,0.46643515426739685,0.6164635828410528,0.5761139547968328,0.31323759252160066,0.040139931843541726,0.33070696480773376,0.36742374798764305,0.5919688138672319,0.6239433486578674,0.3478063402670542,0.0,0.9312610538090608,0.0,0.0,0.0,0.0,1.0,1.0,0.0,0.5,1.0,0.6666666666666666,0.3333333333333333,0.9333333333333333,0.6935483870967742,0.9174311926605505,1.0,0.8947368421052632,1.0,0.5730337078651685,0.0,0.9285714285714286,1.0,0.5,0.0,0.9714285714285714,0.0,0.0,0.0,0.0
92,0.29136267908934316,0.5366499257688584,0.4360487444807839,0.3972505396377749,0.3922625753692594,0.7949886104783599,0.7153449758246406,0.7337974652363219,0.6989782250711449,0.39279162378629917,0.20929596719070404,0.0,0.30363481825908706,0.2950282485875706,0.2170616939700244,0.1463025815077651,0.5068561337177746,0.48227939576663664,0.48732950232227834,0.5794107256412068,0.3406499788448124,0.3517850478915288,0.8038162678516265,0.12990249268508056,0.3699268294690404,0.7666052510363888,0.5445233286835586,0.0,0.9216775134427271,0.0,0.0,0.0,0.0,0.8571428571428571,0.5,0.0,0.6666666666666666,0.7857142857142857,0.5,0.0,0.8115942028985508,0.8775510204081632,0.8899082568807339,0.75,0.7037037037037037,1.0,1.0,0.0,0.5625,1.0,1.0,0.0,0.9714285714285714,0.0,0.0,0.0,0.0,0.4576425815869044,0.07361992690902097,0.0,0.12172780116255763,0.4368290438613613,0.1142346143263322,0.16070722476416427,0.6843220944863876,0.4550173200637818,0.6313572876982501,0.5336022904737117,0.29105804648799694,0.046864642715100095,0.3459984520915516,0.3259906103286385,0.5885241393759247,0.6355443540688128,0.3230404387243398,0.0,0.9244288443551115,0.0,0.0,0.0,0.0,1.0,1.0,0.0,0.3333333333333333,1.0,0.6666666666666666,0.0,0.9333333333333333,0.6615384615384615,0.941747572815534,1.0,0.8636363636363636,1.0,0.5730337078651685,0.0,0.9,1.0,0.36363636363636365,0.0,0.9714285714285714,0.0,0.0,0.0,0.0
93,0.2914059704525022,0.5332901661212167,0.4387506734341852,0.3956932597020143,0.39352354622502833,0.8086560364464692,0.7511069266405119,0.7663628805074093,0.7391721028620492,0.4270213432368339,0.18838004101161995,0.0,0.2832358382080896,0.2845386064030132,0.2247298710352039,0.21238300935925125,0.5369654029352037,0.4670336928480403,0.4419042682578423,0.6101603900233166,0.34748825029445735,0.346436123896007,0.8063192579743206,0.12426757264407211,0.38422347876902313,0.7543067710732382,0.533551248152235,0.0,0.9245669556935654,0.0,0.0,0.0,0.0,1.0,0.5,0.0,0.6666666666666666,0.7142857142857143,0.5,0.3333333333333333,0.8405797101449275,0.9183673469387755,0.8715596330275229,0.75,0.7037037037037037,1.0,1.0,0.0,0.75,1.0,1.0,0.0,0.9714285714285714,0.0,0.0,0.0,0.0,0.44187984720453755,0.06447386890001404,0.0,0.14966184085385184,0.4588635466334619,0.12206550549034456,0.18632139312460524,0.6443717909613136,0.46175387109289473,0.6478828150944976,0.4654657568211464,0.2819361393188998,0.04592450901175733,0.3407910066017649,0.3393134450347364,0.568848703450965,0.6264249101063423,0.35358315626810893,0.0,0.9229165686670149,0.0,0.0,0.0,0.0,1.0,1.0,0.0,0.6666666666666666,1.0,0.5,0.3333333333333333,0.9354838709677419,0.6617647058823529,0.9595959595959596,1.0,0.8636363636363636,1.0,0.5795454545454546,0.0,0.9230769230769231,1.0,0.4,0.0,0.9714285714285714,0.0,0.0,0.0,0.0
94,0.2911022743711481,0.5402101743751672,0.4416098120199919,0.4024123399345693,0.40164227620741827,0.8109339407744874,0.750784153157587,0.8007657679124652,0.7488443723463561,0.4304219428162334,0.19822282980177716,0.0,0.3213339333033348,0.31606403013182677,0.19902405019170444,0.1607528540573897,0.5372910659772142,0.5057657041618748,0.4503424238219233,0.5913516568925317,0.3343034225662958,0.35725836546834183,0.8116341515576361,0.14288600698939619,0.4053433418109089,0.774251497005988,0.4867065020507589,0.0,0.9260228377547174,0.0,0.0,0.0,0.0,1.0,0.5,0.0,0.6666666666666666,0.8571428571428571,0.25,0.3333333333333333,0.8260869565217391,0.9183673469387755,0.8623853211009175,0.75,0.7037037037037037,1.0,1.0,0.0,0.875,1.0,1.0,0.0,0.9714285714285714,0.0,0.0,0.0,0.0,0.4504882103636406,0.08151562851360468,0.0,0.1633789211449489,0.45211605290805745,0.13936176703886755,0.16716577540106953,0.6417570601815249,0.442891505598405,0.6530638817948574,0.5393210640272194,0.30155291836218945,0.054573784821191046,0.33755101906358814,0.30435475643968374,0.5917737109623773,0.6388825541619156,0.3598731507566311,0.0,0.9238003572824759,0.0,0.0,0.0,0.0,1.0,1.0,0.0,0.6666666666666666,1.0,1.0,0.3333333333333333,0.9193548387096774,0.6428571428571429,0.9591836734693877,1.0,0.8636363636363636,1.0,0.5795454545454546,0.0,0.9333333333333333,1.0,0.5714285714285714,0.0,0.9444444444444444,0.0,0.0,0.0,0.0
95,0.29125641916613965,0.5352950557078872,0.4341012777804749,0.4027641118649896,0.3955157331393203,0.8109339407744874,0.7554883284056678,0.7941408374143557,0.7540804746875674,0.354333527227169,0.21161995898838004,0.0,0.27398630068496577,0.29627118644067796,0.19562565353781805,0.1779286228530289,0.511844338361253,0.47651369160476176,0.4657086418140708,0.6008196142160672,0.34949513430685314,0.3618609279761164,0.814050012277325,0.13422035306178956,0.4251380692527387,0.7372178719484108,0.5066103141720972,0.0,0.9205787813250262,0.0,0.0,0.0,0.0,0.8571428571428571,0.5,0.0,0.6666666666666666,0.8571428571428571,0.5,0.3333333333333333,0.8260869565217391,0.8775510204081632,0.8807339449541285,0.75,0.7037037037037037,1.0,1.0,0.0,0.875,1.0,1.0,0.0,0.9714285714285714,0.0,0.0,0.0,0.0,0.4901432859839693,0.0782292298362644,0.0,0.14184764320658505,0.47550249357714974,0.1348429335095201,0.14957634445789383,0.6743913457546824,0.46406220439668544,0.6437485190743227,0.5223282841312546,0.2839622597683742,0.039465472798806134,0.33528860991579695,0.30493548003196247,0.5751363990646922,0.6621571304455752,0.3467770667958785,0.0,0.9273593108203996,0.0,0.0,0.0,0.0,1.0,1.0,0.0,0.6666666666666666,1.0,1.0,0.25,0.9344262295081968,0.6515151515151515,0.9504950495049505,1.0,0.8636363636363636,1.0,0.5730337078651685,0.0,0.9333333333333333,1.0,0.5,0.0,0.9714285714285714,0.0,0.0,0.0,0.0
96,0.2911826448951459,0.5352603154499136,0.4343462525395884,0.39970889159893264,0.3931139107548439,0.8109339407744874,0.7506823920234229,0.7705770649107325,0.7445629271210666,0.34804689247841064,0.19726589200273412,0.0,0.3112344382780861,0.298060263653484,0.22385848727779714,0.18991052144399875,0.5047830104503417,0.43866363099493366,0.4942534834175448,0.5962410796297605,0.3383171905910874,0.33922129618111707,0.8239510808006401,0.1162305153744266,0.4307596072331004,0.7658682634730539,0.47854510628552394,0.0,0.9230217861465505,0.0,0.0,0.0,0.0,0.8571428571428571,0.5,0.0,0.6666666666666666,0.8571428571428571,0.5,0.3333333333333333,0.8115942028985508,0.8775510204081632,0.908256880733945,0.75,0.6666666666666666,1.0,1.0,0.0,0.8125,1.0,1.0,0.0,0.9714285714285714,0.0,0.0,0.0,0.0,0.5151836275126668,0.07534854576784503,0.0,0.12763209152604924,0.46014071403651585,0.12316026655160842,0.17582365263759284,0.6810799997142102,0.49372917377272846,0.6210673962823449,0.5131844608236639,0.286305287147205,0.047788448058320485,0.31784681948459087,0.30816237450894807,0.5432765171175286,0.6413253104991129,0.33920691843390743,0.0,0.9244984449059491,0.0,0.0,0.0,0.0,1.0,1.0,0.0,0.5,1.0,0.6666666666666666,0.25,0.9333333333333333,0.6935483870967742,0.9252336448598131,1.0,0.8571428571428571,1.0,0.5730337078651685,0.0,0.9285714285714286,1.0,0.5714285714285714,0.0,0.9714285714285714,0.0,0.0,0.0,0.0
97,0.29115587320690456,0.5313614539676932,0.4365065268631982,0.3918797748576224,0.39159950996977444,0.8018223234624146,0.7171694727175096,0.7448871289258726,0.7141368195757792,0.42225602935254375,0.23759398496240602,0.0,0.2938853057347133,0.30365348399246705,0.23544789125130708,0.17098632109431244,0.5168325430047314,0.48740014919342306,0.44130023100343646,0.5741256270755317,0.32665324932246226,0.30774972011444207,0.8196104523600187,0.11934356549004348,0.4257882910689153,0.7687701520036849,0.4811684120672066,0.0,0.9245520744459216,0.0,0.0,0.0,0.0,0.8571428571428571,0.5,0.0,0.3333333333333333,0.7857142857142857,0.75,0.3333333333333333,0.8260869565217391,0.8979591836734694,0.8623853211009175,0.75,0.6666666666666666,0.5,1.0,0.0,0.875,1.0,1.0,0.0,0.9714285714285714,0.0,0.0,0.0,0.0,0.4365242731919421,0.06504491017964072,0.0,0.12161966439759161,0.4300306707561008,0.11577684463107378,0.1598250336473755,0.6682677000920908,0.453493500296427,0.6614859904563808,0.586838456205223,0.29488337522775254,0.056878793452271474,0.3081851106160426,0.2603202585573674,0.5568748183472018,0.6013114281596772,0.35422414321623447,0.0,0.9222509760068085,0.0,0.0,0.0,0.0,1.0,0.5,0.0,0.5,1.0,0.75,0.25,0.9344262295081968,0.6376811594202898,0.9690721649484536,1.0,0.8571428571428571,1.0,0.5604395604395604,0.0,0.9333333333333333,1.0,0.5714285714285714,0.0,0.9444444444444444,0.0,0.0,0.0,0.0
98,0.2910300513633958,0.5304243041170554,0.43513943174093606,0.3940091090210961,0.38961542724458315,0.8018223234624146,0.7390594468519137,0.7686235261934393,0.7318758886382425,0.393261443465032,0.22501708817498292,0.0,0.28183590820458976,0.2924293785310734,0.2229871035203904,0.17700298261853337,0.5137506586071683,0.4520405308799304,0.46749626558048796,0.595605172048329,0.31607565552493455,0.3473068789650454,0.8353650325943176,0.11147862397198255,0.39282451418553543,0.734223859972363,0.554891632487352,0.0,0.9189170420048017,0.0,0.0,0.0,0.0,0.8571428571428571,0.5,0.0,0.6666666666666666,0.7142857142857143,0.5,0.3333333333333333,0.8260869565217391,0.8775510204081632,0.8899082568807339,0.75,0.6666666666666666,1.0,1.0,0.0,0.75,1.0,1.0,0.0,0.9714285714285714,0.0,0.0,0.0,0.0,0.46863419445999627,0.07260696956329951,0.0,0.12176260935306188,0.4347874782998264,0.12706688514821987,0.14285121394480182,0.6724506593197137,0.48420430568445233,0.6392573018313527,0.5437118641881346,0.3028880134565757,0.04493369383288271,0.30627867805076375,0.2733946301088293,0.5463443112744256,0.6665830301509639,0.31505408121047346,0.0,0.9293540425019565,0.0,0.0,0.0,0.0,1.0,1.0,0.0,0.6666666666666666,1.0,0.6666666666666666,0.2,0.9344262295081968,0.6615384615384615,0.9509803921568627,1.0,0.9,1.0,0.5604395604395604,0.0,0.9230769230769231,1.0,0.4,0.0,0.9714285714285714,0.0,0.0,0.0,0.0
99,0.2908284287664119,0.5318285639423747,0.4375096959905297,0.39236249244147703,0.3911416020507682,0.8132118451025057,0.7584183371970425,0.78706403608794,0.7588236626203237,0.42326278580697124,0.1774436090225564,0.0,0.3032848357582121,0.28418079096045196,0.21131056117113978,0.20554355651547876,0.5100439247956663,0.4470518757964753,0.46618003575247535,0.6086624743870558,0.32613866367825817,0.35962184351287474,0.8231273118995002,0.11607336620993632,0.4173847913940262,0.775541225241824,0.4954508546563678,0.0,0.9248720212702632,0.0,0.0,0.0,0.0,1.0,0.5,0.0,0.6666666666666666,0.7857142857142857,0.5,0.3333333333333333,0.8260869565217391,0.8775510204081632,0.8990825688073395,0.75,0.6666666666666666,1.0,1.0,0.0,0.875,1.0,1.0,0.0,0.9714285714285714,0.0,0.0,0.0,0.0,0.42721011629219824,0.06543987900176455,0.0,0.14453180843459615,0.4633951602997175,0.12562814070351758,0.17714057791171778,0.6837158788016454,0.4714790882158911,0.6341642839297116,0.4826805625595338,0.29302736552262654,0.040328655525486146,0.3203214341858264,0.2896869864037054,0.5569148994585809,0.6068699538638985,0.35533821113931613,0.0,0.9246518616968519,0.0,0.0,0.0,0.0,1.0,1.0,0.0,0.6666666666666666,1.0,0.6666666666666666,0.3333333333333333,0.9344262295081968,0.671875,0.9514563106796117,1.0,0.8571428571428571,1.0,0.5666666666666667,0.0,0.9333333333333333,1.0,0.6666666666666666,0.0,0.918918918918919,0.0,0.0,0.0,0.0
