epoch,train_loss,window_accuracy,window_balanced_accuracy,window_macro_precision,window_macro_f1,cell_accuracy,cell_balanced_accuracy,cell_macro_precision,cell_macro_f1,window_recall_AltBasket,window_recall_AltDTC,window_recall_ChC,window_recall_DTC,window_recall_ITC,window_recall_ITCperi,window_recall_L1,window_recall_L2IT,window_recall_L3IT,window_recall_L4IT,window_recall_L5ET,window_recall_L5IT,window_recall_L5NP,window_recall_L6CT,window_recall_L6IT,window_recall_MC,window_recall_NGC,window_recall_NMC,window_recall_OPC,window_recall_PV,window_recall_astrocyte,window_recall_microglia,window_recall_oligo,window_recall_thalamocortical,cell_recall_AltBasket,cell_recall_AltDTC,cell_recall_ChC,cell_recall_DTC,cell_recall_ITC,cell_recall_ITCperi,cell_recall_L1,cell_recall_L2IT,cell_recall_L3IT,cell_recall_L4IT,cell_recall_L5ET,cell_recall_L5IT,cell_recall_L5NP,cell_recall_L6CT,cell_recall_L6IT,cell_recall_MC,cell_recall_NGC,cell_recall_NMC,cell_recall_OPC,cell_recall_PV,cell_recall_astrocyte,cell_recall_microglia,cell_recall_oligo,cell_recall_thalamocortical,window_precision_AltBasket,window_precision_AltDTC,window_precision_ChC,window_precision_DTC,window_precision_ITC,window_precision_ITCperi,window_precision_L1,window_precision_L2IT,window_precision_L3IT,window_precision_L4IT,window_precision_L5ET,window_precision_L5IT,window_precision_L5NP,window_precision_L6CT,window_precision_L6IT,window_precision_MC,window_precision_NGC,window_precision_NMC,window_precision_OPC,window_precision_PV,window_precision_astrocyte,window_precision_microglia,window_precision_oligo,window_precision_thalamocortical,cell_precision_AltBasket,cell_precision_AltDTC,cell_precision_ChC,cell_precision_DTC,cell_precision_ITC,cell_precision_ITCperi,cell_precision_L1,cell_precision_L2IT,cell_precision_L3IT,cell_precision_L4IT,cell_precision_L5ET,cell_precision_L5IT,cell_precision_L5NP,cell_precision_L6CT,cell_precision_L6IT,cell_precision_MC,cell_precision_NGC,cell_precision_NMC,cell_precision_OPC,cell_precision_PV,cell_precision_astrocyte,cell_precision_microglia,cell_precision_oligo,cell_precision_thalamocortical
0,0.3388811046270658,0.5299986313175473,0.42037459963188195,0.3854482641486616,0.37775244465729085,0.7927107061503417,0.6968453826472406,0.7443390422316613,0.6891713015588391,0.29486777931898517,0.1872863978127136,0.0,0.21893905304734762,0.32293785310734463,0.15536772394562565,0.23290136789056876,0.4943459071039554,0.41132704441612533,0.5527879584357067,0.609906026990744,0.2940456723347322,0.3907202388356761,0.8381452526356644,0.06281476603482725,0.3990798126702717,0.7312759097190235,0.47379817201390767,0.0,0.896195857060656,0.0,0.0,0.0,0.0,0.8571428571428571,0.5,0.0,0.3333333333333333,0.7857142857142857,0.25,0.3333333333333333,0.8115942028985508,0.8367346938775511,0.944954128440367,0.75,0.48148148148148145,1.0,1.0,0.0,0.6875,1.0,1.0,0.0,0.9714285714285714,0.0,0.0,0.0,0.0,0.4246681273359969,0.06698611382749853,0.0,0.1051809862368794,0.36066125436419466,0.12845821325648416,0.19568786726581403,0.6916235428342823,0.4886073612553363,0.5751588191330343,0.46869739914209696,0.3007432618141202,0.0620701920796775,0.30590503833389227,0.31363024958900015,0.5586446067700532,0.6329386437029063,0.3169984259426932,0.0,0.9414086517919484,0.0,0.0,0.0,0.0,1.0,0.3333333333333333,0.0,0.5,0.9166666666666666,1.0,0.3333333333333333,0.9180327868852459,0.7068965517241379,0.8803418803418803,0.9,1.0,1.0,0.5483870967741935,0.0,0.9166666666666666,1.0,0.4444444444444444,0.0,1.0,0.0,0.0,0.0,0.0
1,0.3114730168936527,0.520503658400299,0.4259005181250383,0.3940234189908601,0.38052189548794046,0.8018223234624146,0.7387529909534566,0.7707827369084976,0.7385490166043247,0.2623383596581503,0.19644565960355434,0.0,0.2024398780060997,0.3632768361581921,0.21540606483095154,0.13581199218348247,0.4899481322033091,0.46559226680757154,0.45271571884514605,0.6211262629831131,0.27716154558657047,0.49222540116929964,0.8363076143177371,0.07993654167072012,0.39127715087615333,0.7779824965453708,0.4753804834377798,0.0,0.9308369213674874,0.0,0.0,0.0,0.0,1.0,0.5,0.0,0.3333333333333333,0.9285714285714286,0.5,0.3333333333333333,0.7971014492753623,0.8979591836734694,0.8807339449541285,0.75,0.5925925925925926,1.0,1.0,0.0,0.8125,1.0,1.0,0.0,0.9714285714285714,0.0,0.0,0.0,0.0,0.493996713990816,0.08002450297933954,0.0,0.12645616665105094,0.41207382722378877,0.13735622603767295,0.2374786440068339,0.6813893716675995,0.4677585560829378,0.6202370268479455,0.4889047084079508,0.30349037408045076,0.026086612564029877,0.3260968935505192,0.25079827197595794,0.5574591336569807,0.6168285735154481,0.3451387629239978,0.0,0.9208471756721611,0.0,0.0,0.0,0.0,1.0,0.5,0.0,0.5,0.8666666666666667,1.0,0.5,0.9482758620689655,0.6470588235294118,0.9230769230769231,1.0,0.8888888888888888,1.0,0.5604395604395604,0.0,0.9285714285714286,1.0,0.6666666666666666,0.0,0.9444444444444444,0.0,0.0,0.0,0.0
2,0.300351618683046,0.5252911170834591,0.43069309979278797,0.4048798642101183,0.3872226316239895,0.7972665148063781,0.7317402444315738,0.7481719274889179,0.7212642512409543,0.3648932838158307,0.18879015721120984,0.0,0.2976351182440878,0.3064030131826742,0.20102823283373997,0.15756453769412732,0.4936336846787453,0.5217029807602648,0.44104310703703403,0.5895145905461739,0.34040412125924824,0.3980594601318572,0.8528225966146267,0.07376282449431644,0.3862976040560672,0.7992630124366651,0.43228331702442174,0.0,0.9073741542490923,0.0,0.0,0.0,0.0,0.8571428571428571,0.5,0.0,0.6666666666666666,0.8571428571428571,0.5,0.3333333333333333,0.8115942028985508,0.9387755102040817,0.8440366972477065,0.75,0.7037037037037037,1.0,1.0,0.0,0.6875,1.0,0.75,0.0,0.9714285714285714,0.0,0.0,0.0,0.0,0.43894824662916815,0.07357485348961108,0.0,0.10485987564073207,0.44862957039651463,0.1356340760773708,0.21396648044692737,0.6856238209238441,0.436187042180318,0.6619023410224057,0.6225767457131345,0.29073009703048625,0.03723311420094246,0.2995720716960763,0.3511328013679111,0.5744394399295016,0.6231415643180349,0.346506233207056,0.0,0.9431791815120938,0.0,0.0,0.0,0.0,1.0,0.5,0.0,0.2857142857142857,1.0,1.0,0.3333333333333333,0.9333333333333333,0.6388888888888888,0.9787234042553191,1.0,0.8260869565217391,1.0,0.5543478260869565,0.0,0.9166666666666666,1.0,0.5,0.0,1.0,0.0,0.0,0.0,0.0
3,0.29210959414720905,0.5388318651039968,0.4338756844026049,0.3967269473636268,0.39055984605317456,0.8018223234624146,0.7084019331409971,0.7323808245019671,0.6920861138886816,0.344713409995973,0.22816131237183868,0.0,0.27003649817509123,0.3365725047080979,0.17323109097246428,0.1615242209194693,0.5384639824618538,0.44907220340036674,0.4903354039295072,0.6320921359429096,0.31044380153003465,0.38300783679562134,0.8124024744750453,0.12188788529607651,0.3857626114225043,0.7530631045601105,0.48897586975078594,0.0,0.9300159725391377,0.0,0.0,0.0,0.0,0.8571428571428571,0.5,0.0,0.6666666666666666,0.8571428571428571,0.25,0.0,0.8695652173913043,0.8571428571428571,0.908256880733945,0.8333333333333334,0.5555555555555556,1.0,1.0,0.0,0.625,1.0,1.0,0.0,0.9714285714285714,0.0,0.0,0.0,0.0,0.4,0.06585904822034568,0.0,0.10534014666874708,0.4273553323768532,0.1393327726380712,0.1655423210709392,0.668875718627077,0.48266185608338347,0.6403336486828606,0.5400999782655944,0.32735252978343704,0.03635955693063461,0.33865035131280047,0.3602025697162697,0.5271095516043052,0.6959094198271826,0.30276388387562525,0.0,0.9173363668611549,0.0,0.0,0.0,0.0,1.0,0.5,0.0,0.4,1.0,1.0,0.0,0.8823529411764706,0.7,0.9339622641509434,1.0,0.8823529411764706,1.0,0.5862068965517241,0.0,0.9090909090909091,1.0,0.4444444444444444,0.0,0.9444444444444444,0.0,0.0,0.0,0.0
4,0.2850540011056966,0.5378557894221355,0.4419892225912677,0.40237241722410905,0.39982679099788115,0.8223234624145785,0.7352528120305725,0.7454131697378823,0.7199512055565099,0.47919369994183186,0.13328776486671223,0.0,0.31248437578121097,0.37559322033898307,0.17950505402579295,0.15288491206417773,0.5394118472507949,0.46673841419824075,0.44969553257311706,0.6343248781177135,0.36491555077816784,0.4180868267197413,0.8156104206765994,0.107901609656442,0.4732380223380001,0.7282818977429756,0.4214569757031917,0.0,0.9031950038691244,0.0,0.0,0.0,0.0,1.0,0.0,0.0,0.6666666666666666,0.9285714285714286,0.25,0.3333333333333333,0.8405797101449275,0.8979591836734694,0.8807339449541285,0.75,0.7777777777777778,1.0,1.0,0.0,0.9375,1.0,1.0,0.0,0.9714285714285714,0.0,0.0,0.0,0.0,0.3911146008326638,0.06838745879217227,0.0,0.12573681775202689,0.44165910047168766,0.13304055799535003,0.15434534316270376,0.6493625294830114,0.4690235427322063,0.6594418443196917,0.566060101640626,0.3036298763082778,0.04175466494397098,0.34901653735734456,0.321960477838562,0.5475852610927515,0.7635950932096977,0.3155868046894487,0.0,0.9414028974117695,0.0,0.0,0.0,0.0,1.0,0.0,0.0,0.5,1.0,1.0,0.3333333333333333,0.9206349206349206,0.6666666666666666,0.96,1.0,0.875,1.0,0.5862068965517241,0.0,0.9375,1.0,0.6666666666666666,0.0,0.9714285714285714,0.0,0.0,0.0,0.0
5,0.2790071830987308,0.5412272686748768,0.44194746651353806,0.41249247737284,0.40485621128895477,0.8154897494305239,0.763843209074221,0.8140220459626497,0.7716692451235262,0.4050516801646606,0.18154477101845523,0.0,0.31328433578321085,0.30887005649717514,0.19283722551411642,0.2159827213822894,0.49822738693799956,0.5304137009293507,0.4575316915491923,0.6256058786123083,0.3702729590961589,0.37430028610523697,0.832442237166235,0.1094132349529675,0.462200712774801,0.7572086596038692,0.3965772105515188,0.0,0.923289648604139,0.0,0.0,0.0,0.0,0.8571428571428571,0.5,0.0,0.6666666666666666,0.8571428571428571,0.5,0.3333333333333333,0.8115942028985508,0.9795918367346939,0.8440366972477065,0.75,0.7407407407407407,1.0,1.0,0.0,0.9375,1.0,1.0,0.0,0.9714285714285714,0.0,0.0,0.0,0.0,0.4341518392403242,0.10427135678391959,0.0,0.14824102770351794,0.505268022181146,0.1513472849131446,0.19554893379271812,0.6898655287199565,0.42142175822886796,0.6555204383254052,0.48516696073381627,0.2989663593597799,0.06393965150871228,0.33048638211829523,0.3366024357114902,0.5771843811990585,0.7063246541204777,0.38778501628664497,0.0,0.9327725617838448,0.0,0.0,0.0,0.0,1.0,1.0,0.0,0.6666666666666666,1.0,1.0,0.3333333333333333,0.9491525423728814,0.64,0.968421052631579,1.0,0.8333333333333334,1.0,0.5795454545454546,0.0,0.9375,1.0,0.8,0.0,0.9444444444444444,0.0,0.0,0.0,0.0
6,0.2736940638714206,0.5301731697220654,0.43428636595352926,0.3990983026125009,0.3922243990846783,0.8086560364464692,0.7306556301798987,0.7735598312533076,0.7253419892308023,0.3920085909884111,0.18906356801093643,0.0,0.2742862856857157,0.36242937853107343,0.18543046357615894,0.15679317083204772,0.5199303134043438,0.43487163149224506,0.4311132243345387,0.6360347629477849,0.3807362005283079,0.36235850230128125,0.8244184112349405,0.11676182921627466,0.4444471879964114,0.7,0.4847910724323874,0.0,0.9216799936506677,0.0,0.0,0.0,0.0,1.0,0.5,0.0,0.6666666666666666,0.8571428571428571,0.25,0.0,0.8695652173913043,0.8367346938775511,0.8715596330275229,0.75,0.7037037037037037,1.0,1.0,0.0,0.875,1.0,1.0,0.0,0.9714285714285714,0.0,0.0,0.0,0.0,0.4369358136751284,0.06995447647951442,0.0,0.13700614354927326,0.4454448662160911,0.14911358699460445,0.13864132411786104,0.6994237152911342,0.4815310354321901,0.675080366329863,0.4563881565605354,0.26672060625966304,0.0432035595105673,0.316304823495089,0.3368305161582799,0.5513928031695462,0.7351489938080495,0.3164281734545504,0.0,0.928220486523076,0.0,0.0,0.0,0.0,1.0,1.0,0.0,0.6666666666666666,1.0,1.0,0.0,0.8823529411764706,0.7068965517241379,0.9595959595959596,1.0,0.7307692307692307,1.0,0.5730337078651685,0.0,0.9333333333333333,1.0,0.5,0.0,0.9714285714285714,0.0,0.0,0.0,0.0
7,0.2691215039382486,0.5408961898308149,0.4383322654612476,0.3968070346315185,0.39561567271071146,0.8177676537585421,0.7656924100383209,0.7944640452571643,0.7680033848245467,0.33191641684191686,0.1771701982228298,0.0,0.3263836808159592,0.3335593220338983,0.19492854653189265,0.167952278103466,0.5001337071839149,0.4850223790134585,0.4800055506126081,0.6311594714901434,0.3317476472000823,0.328896628933947,0.8214639323875833,0.13684698909684131,0.44878474365622195,0.8190695532012897,0.44075701109699983,0.0,0.9341827218794023,0.0,0.0,0.0,0.0,1.0,0.5,0.0,0.6666666666666666,0.8571428571428571,0.5,0.3333333333333333,0.8260869565217391,0.9183673469387755,0.8807339449541285,0.75,0.7037037037037037,1.0,1.0,0.0,0.875,1.0,1.0,0.0,0.9714285714285714,0.0,0.0,0.0,0.0,0.4412586996609363,0.06681445584368717,0.0,0.12970395390423206,0.4567302733367715,0.11768109842706087,0.17913558578323827,0.6958187370383059,0.45011123249936,0.6320637599221811,0.5534229601635586,0.31418607925317044,0.05884185694574264,0.32070518093376793,0.3186554680420994,0.5526321123791377,0.5786716131341729,0.35425033467202144,0.0,0.9218432214278897,0.0,0.0,0.0,0.0,1.0,1.0,0.0,0.6666666666666666,1.0,0.6666666666666666,0.3333333333333333,0.95,0.6818181818181818,0.9504950495049505,1.0,0.8260869565217391,1.0,0.5730337078651685,0.0,0.9333333333333333,1.0,0.8,0.0,0.918918918918919,0.0,0.0,0.0,0.0
8,0.26449842593262596,0.5493485364515296,0.4443406593987126,0.39677073665370943,0.4040279459706539,0.8291571753986332,0.7613828885570391,0.8065596579814979,0.7587196212482313,0.418542216653989,0.16363636363636364,0.0,0.2511874406279686,0.37195856873822974,0.16382014639247125,0.1703178031471768,0.5328879957425514,0.45293025207472104,0.49179652107192123,0.6362608634211828,0.3549668949902229,0.33897250901853465,0.8209332351147336,0.14626845567271068,0.4328748857996494,0.813081529249194,0.5044658657950074,0.0,0.9332303220301991,0.0,0.0,0.0,0.0,1.0,0.5,0.0,0.6666666666666666,0.9285714285714286,0.25,0.3333333333333333,0.855072463768116,0.8979591836734694,0.8990825688073395,0.75,0.7777777777777778,1.0,1.0,0.0,0.875,1.0,1.0,0.0,0.9714285714285714,0.0,0.0,0.0,0.0,0.4403954802259887,0.08165632034927349,0.0,0.15745761118249912,0.4498781404459832,0.14207980652962515,0.16499775818263338,0.6686055975417324,0.47602850201106595,0.6454790646100443,0.4673746055472513,0.30586525434166767,0.07105976843642432,0.35421415803989786,0.27813589469939526,0.5487697990358731,0.6255359863921471,0.34298737330841966,0.0,0.9213521388868483,0.0,0.0,0.0,0.0,1.0,1.0,0.0,0.6666666666666666,1.0,1.0,0.3333333333333333,0.921875,0.7096774193548387,0.9423076923076923,1.0,0.875,1.0,0.5930232558139535,0.0,0.9333333333333333,1.0,0.5714285714285714,0.0,0.9714285714285714,0.0,0.0,0.0,0.0
9,0.26064295773626456,0.5491229340533635,0.4430910569290447,0.40525602207340455,0.4050672054263165,0.8109339407744874,0.7477696953443433,0.7791206442818546,0.744710428620395,0.3817844198845586,0.1343814080656186,0.0,0.28203589820508973,0.36254237288135593,0.2137504356918787,0.14974802015838734,0.5098109300989433,0.5015579834022317,0.49531667061195506,0.6286158411644175,0.31939759173918514,0.3570095783057594,0.8279511124840593,0.13576939482605085,0.47660436060149636,0.789267618608936,0.4792113426745227,0.0,0.9308840453183594,0.0,0.0,0.0,0.0,1.0,0.5,0.0,0.6666666666666666,0.9285714285714286,0.5,0.0,0.8115942028985508,0.9183673469387755,0.8715596330275229,0.75,0.6666666666666666,1.0,1.0,0.0,0.875,1.0,1.0,0.0,0.9714285714285714,0.0,0.0,0.0,0.0,0.45893395008605853,0.08333333333333333,0.0,0.14878801466515443,0.46365606936416187,0.14214521643391087,0.1786064769381747,0.6904290642054459,0.4543688295232564,0.6312297801957745,0.5062939609842708,0.3326128765279936,0.06695439169485594,0.3247461755458624,0.33176074752683454,0.5505157579502781,0.6630165609038848,0.34376306828364894,0.0,0.9234541231583816,0.0,0.0,0.0,0.0,1.0,1.0,0.0,0.6666666666666666,1.0,1.0,0.0,0.9491525423728814,0.6521739130434783,0.9405940594059405,1.0,0.8181818181818182,1.0,0.5795454545454546,0.0,0.875,1.0,0.5714285714285714,0.0,0.9714285714285714,0.0,0.0,0.0,0.0
10,0.25699113794113243,0.5466726994729108,0.44693358246304915,0.4043059741055896,0.40573806497956644,0.8314350797266514,0.7686134042200944,0.7787645564046426,0.7642134057665176,0.37909973600608526,0.18810663021189336,0.0,0.3336833158342083,0.39258003766478344,0.23265946322760545,0.18883060783708733,0.5286173088582995,0.4334768283964815,0.5013652058216131,0.5849219246802798,0.38045031961486125,0.3424555292946884,0.813820307487584,0.16169152367339915,0.4296237767187667,0.8154767388300322,0.4150028106847661,0.0,0.9229424194924503,0.0,0.0,0.0,0.0,1.0,0.5,0.0,0.6666666666666666,1.0,0.5,0.3333333333333333,0.855072463768116,0.8571428571428571,0.8990825688073395,0.75,0.8148148148148148,1.0,1.0,0.0,0.9375,1.0,0.75,0.0,0.9714285714285714,0.0,0.0,0.0,0.0,0.44451731374606507,0.08460923568837238,0.0,0.11716994382022472,0.41677829537957095,0.12882991556091677,0.1632580473057087,0.6868349805804869,0.5062389400608013,0.6335584557581572,0.6050754297742954,0.2954392071892871,0.06763629216519666,0.3356769472033455,0.3088081864825851,0.5786276466023722,0.6229415904292751,0.35099489346715973,0.0,0.9305122126867911,0.0,0.0,0.0,0.0,1.0,0.5,0.0,0.5,1.0,1.0,0.3333333333333333,0.921875,0.7241379310344828,0.9333333333333333,1.0,0.8461538461538461,1.0,0.6,0.0,0.9375,1.0,0.75,0.0,0.9714285714285714,0.0,0.0,0.0,0.0
11,0.2536443295566498,0.5515166633949435,0.4499817033686226,0.40518668306274885,0.40865462015396425,0.8337129840546698,0.795771699097495,0.8342817070184064,0.7846965128763375,0.44102644413620296,0.144771018455229,0.0,0.2624868756562172,0.3569303201506591,0.2793656326246079,0.1618841921217731,0.5328403377364036,0.5012471637708638,0.4906537478879103,0.6498268918250547,0.3514562773730975,0.40179126757059336,0.7912933963833377,0.17833436852227402,0.4176646336946591,0.756748042376785,0.45868293393849807,0.0,0.9226671164110399,0.0,0.0,0.0,0.0,1.0,0.5,0.0,0.6666666666666666,0.8571428571428571,0.75,0.3333333333333333,0.8260869565217391,0.9183673469387755,0.8807339449541285,0.8333333333333334,0.8148148148148148,1.0,1.0,0.034482758620689655,0.9375,1.0,1.0,0.0,0.9714285714285714,0.0,0.0,0.0,0.0,0.4092296194806004,0.08648427929767252,0.0,0.12946979038224415,0.4557872207392444,0.11217242223855009,0.15707799012025347,0.6626659554291133,0.451403759219605,0.6424443227211394,0.5203747920650907,0.30952716652399415,0.06471259992386753,0.38492956444006043,0.3583609022556391,0.572438999627737,0.6732368971028152,0.37011961561723,0.0,0.9329243979446232,0.0,0.0,0.0,0.0,1.0,0.5,0.0,0.6666666666666666,1.0,0.75,0.3333333333333333,0.9344262295081968,0.6617647058823529,0.96,1.0,0.88,1.0,0.6219512195121951,1.0,0.9375,1.0,0.8,0.0,0.9714285714285714,0.0,0.0,0.0,0.0
12,0.2507518864997322,0.5484415227282906,0.44212204246785863,0.40630595028175087,0.40666288163600944,0.8382687927107062,0.7824218526659915,0.8742675952166081,0.7888613063948928,0.42426954226139874,0.14572795625427204,0.0,0.3043847807609619,0.34749529190207157,0.23004531195538516,0.1767458603311735,0.5189718579473697,0.4597915954371678,0.507391293700871,0.6246590828799548,0.3563162529016913,0.35999502425674834,0.8106282029956673,0.17878336613510337,0.4282081039038001,0.7188392445877476,0.44302637879702694,0.0,0.9229176174130439,0.0,0.0,0.0,0.0,1.0,0.5,0.0,0.6666666666666666,0.9285714285714286,0.5,0.3333333333333333,0.8405797101449275,0.8979591836734694,0.908256880733945,0.75,0.8148148148148148,1.0,1.0,0.034482758620689655,0.9375,1.0,1.0,0.0,0.9714285714285714,0.0,0.0,0.0,0.0,0.4307161189216198,0.07632822569096377,0.0,0.12280383257690368,0.4450662099905931,0.15036737483624765,0.18861815387992537,0.6972974126737365,0.46330893003954116,0.6386274031361168,0.47461776327091565,0.30414200028306354,0.08007969229917818,0.3483403450012934,0.32641545524100996,0.5576026494324942,0.7427891480247502,0.3348439786621347,0.0,0.9315424111110276,0.0,0.0,0.0,0.0,1.0,1.0,0.0,0.6666666666666666,1.0,1.0,0.3333333333333333,0.9354838709677419,0.7213114754098361,0.9519230769230769,1.0,0.8461538461538461,1.0,0.6,1.0,0.9375,1.0,0.8,0.0,0.9444444444444444,0.0,0.0,0.0,0.0
13,0.24824696242238672,0.5430308321882302,0.44688972613042743,0.391907768094671,0.40012260020097123,0.8200455580865603,0.768540529408393,0.7634277413197486,0.7575494139939222,0.4042910197324265,0.1699248120300752,0.0,0.2518874056297185,0.358060263653484,0.24607877309166956,0.21233158490177928,0.5137983166133162,0.4718785938519877,0.48574390452946314,0.595181233660708,0.3530457752518611,0.3395944769249907,0.8355392914003279,0.14869304278198922,0.43959933167074083,0.822201750345463,0.4859986258874477,0.0,0.9101668683902459,0.0,0.0,0.0,0.0,1.0,0.5,0.0,0.6666666666666666,0.8571428571428571,0.5,0.3333333333333333,0.8260869565217391,0.8979591836734694,0.8899082568807339,0.75,0.7037037037037037,1.0,1.0,0.0,0.9375,1.0,1.0,0.0,0.9714285714285714,0.0,0.0,0.0,0.0,0.3987862738607525,0.08218181818181818,0.0,0.12849418486023262,0.4235653181251114,0.12115491870093097,0.15567620555744072,0.6978434341073284,0.4683087458453186,0.6479529616724738,0.5167091961919718,0.30818950457689887,0.10371552313653978,0.32345167205313285,0.3185877599448444,0.5373293493898329,0.5561787249953263,0.32557393511673965,0.0,0.9406402993873837,0.0,0.0,0.0,0.0,1.0,0.5,0.0,0.6666666666666666,1.0,0.6666666666666666,0.3333333333333333,0.9344262295081968,0.676923076923077,0.9603960396039604,1.0,0.8260869565217391,1.0,0.5730337078651685,0.0,0.9375,1.0,0.6666666666666666,0.0,1.0,0.0,0.0,0.0,0.0
14,0.24605946950735913,0.5454714399502084,0.44574456868706197,0.4039567710418019,0.4072144711170584,0.8337129840546698,0.7810643536961215,0.8482102683686717,0.7798135215332904,0.39408922099422794,0.16896787423103213,0.0,0.2737863106844658,0.37354048964218456,0.21366329731613803,0.17299187493571944,0.5206028208244305,0.47231374133590276,0.46378837473165235,0.6239525189005865,0.4025546318425597,0.3708172658290832,0.8063984665225071,0.19388465251326414,0.4176481723828572,0.7549055734684477,0.475505402760717,0.0,0.9239915474513383,0.0,0.0,0.0,0.0,1.0,0.5,0.0,0.6666666666666666,0.8571428571428571,0.5,0.3333333333333333,0.8115942028985508,0.9183673469387755,0.8807339449541285,0.75,0.9259259259259259,1.0,1.0,0.06896551724137931,0.875,1.0,1.0,0.0,0.9714285714285714,0.0,0.0,0.0,0.0,0.4646531258243208,0.07217096811865001,0.0,0.1359956290667064,0.42949634056558833,0.13526783251503283,0.15187358916478555,0.6758056311694025,0.46832166054134017,0.6616659776526554,0.5156129574701637,0.29718458486345023,0.0859152088076779,0.3469372454804137,0.31965898435572226,0.5646392486758357,0.6742502159871642,0.34201383689238973,0.0,0.9297588416011341,0.0,0.0,0.0,0.0,1.0,1.0,0.0,0.6666666666666666,1.0,0.6666666666666666,0.3333333333333333,0.9333333333333333,0.6716417910447762,0.96,1.0,0.8620689655172413,1.0,0.6296296296296297,1.0,0.9333333333333333,1.0,0.6666666666666666,0.0,0.9444444444444444,0.0,0.0,0.0,0.0
15,0.24323631874180723,0.5468053821449305,0.43806202228385394,0.4011616253131949,0.40264604531217363,0.8314350797266514,0.7653846320495862,0.8476698916216792,0.7652334151664767,0.37185108953420737,0.1618591934381408,0.0,0.28663566821658915,0.337834274952919,0.1991111885674451,0.12161884192121773,0.5195887643602839,0.5054781960028596,0.47049196385571673,0.6279375397442238,0.3634575581195897,0.34817763403408386,0.7973686920292438,0.19389961910035844,0.43472678337736737,0.7693689543988945,0.4454414857071475,0.0,0.9302689537490824,0.0,0.0,0.0,0.0,1.0,0.5,0.0,0.6666666666666666,0.9285714285714286,0.5,0.0,0.8260869565217391,0.9387755102040817,0.8715596330275229,0.75,0.8518518518518519,1.0,1.0,0.034482758620689655,0.9375,1.0,1.0,0.0,0.9714285714285714,0.0,0.0,0.0,0.0,0.45228441590247354,0.08163265306122448,0.0,0.12623304562268803,0.4573825246679075,0.13933776449783522,0.1679806804460544,0.6763839151848954,0.44816551210992805,0.6473366202086679,0.47984968251911364,0.30900402976876223,0.0764963104673408,0.36390353937194314,0.33074635248465045,0.5260861770154784,0.685982997248347,0.32984906649399504,0.0,0.9222539685662018,0.0,0.0,0.0,0.0,1.0,1.0,0.0,0.6666666666666666,1.0,1.0,0.0,0.95,0.6764705882352942,0.95,1.0,0.8518518518518519,1.0,0.6144578313253012,1.0,0.9375,1.0,0.6666666666666666,0.0,0.9444444444444444,0.0,0.0,0.0,0.0
16,0.24156946105281746,0.5437670745228761,0.44269478986599936,0.3998845875614772,0.4055762793552177,0.8223234624145785,0.7946144486125001,0.8206212998322928,0.7945297024038235,0.38585619043357644,0.14135338345864662,0.0,0.29208539573021347,0.3708286252354049,0.23971767166260022,0.1590044225033426,0.5087783399657392,0.5001437540795076,0.45247696087634376,0.6160813961704232,0.3693295520817848,0.3028983704440851,0.8104697858992943,0.1588927718867628,0.4848432471583661,0.8106402579456472,0.4342195665299494,0.0,0.9308865255263001,0.0,0.0,0.0,0.0,1.0,0.5,0.0,0.6666666666666666,1.0,0.75,0.3333333333333333,0.8260869565217391,0.9183673469387755,0.8348623853211009,0.75,0.8148148148148148,1.0,1.0,0.0,0.9375,1.0,1.0,0.0,0.9714285714285714,0.0,0.0,0.0,0.0,0.4274773211718634,0.07638324591859348,0.0,0.1297069271758437,0.4154570005907672,0.1335631402631451,0.18345793283493533,0.6836888264280504,0.4468314051365358,0.673441680916267,0.5454192886542479,0.30077621169579205,0.12670413154334478,0.3207635301198776,0.30074218860655505,0.5344395855636805,0.6195085891298225,0.3555343413852474,0.0,0.9240272289720202,0.0,0.0,0.0,0.0,1.0,1.0,0.0,0.6666666666666666,0.9333333333333333,1.0,0.5,0.95,0.625,0.9680851063829787,1.0,0.8461538461538461,1.0,0.6,0.0,0.9375,1.0,0.8,0.0,0.9444444444444444,0.0,0.0,0.0,0.0
17,0.23952073928029763,0.5542644922334595,0.43775658574468507,0.408302050936382,0.4050889971371122,0.8291571753986332,0.7405972507928589,0.7939440830095479,0.7327417891571214,0.34650319924828854,0.15379357484620643,0.0,0.29468526573671316,0.3313559322033898,0.21802021610317185,0.1390517330042168,0.5278468377589087,0.45630264507506296,0.5552632867789306,0.6254504345368473,0.3210099600910245,0.3940788655305386,0.8000300992483109,0.17073134227836356,0.47578952566730043,0.7385076001842469,0.41656430222148194,0.0,0.9146337228913272,0.0,0.0,0.0,0.0,1.0,0.5,0.0,0.6666666666666666,0.8571428571428571,0.25,0.0,0.8260869565217391,0.8979591836734694,0.9357798165137615,0.75,0.7037037037037037,1.0,1.0,0.034482758620689655,0.9375,1.0,1.0,0.0,0.9714285714285714,0.0,0.0,0.0,0.0,0.4716774272140334,0.0785175879396985,0.0,0.13722294654498043,0.4849378496816691,0.1358601216333623,0.15562589928057555,0.6733621327316759,0.47462305363933577,0.5995945395048534,0.5289196940726577,0.34164151494499073,0.06332960179114025,0.36254289365245734,0.3295727038973796,0.5314559947044709,0.7073278334142145,0.33317791247585427,0.0,0.9400472097315266,0.0,0.0,0.0,0.0,1.0,0.5,0.0,0.6666666666666666,1.0,0.5,0.0,0.9193548387096774,0.7333333333333333,0.9107142857142857,1.0,0.9047619047619048,1.0,0.6071428571428571,1.0,0.8823529411764706,1.0,0.6666666666666666,0.0,1.0,0.0,0.0,0.0,0.0
18,0.2375764946893384,0.5511433102610583,0.44740159268215834,0.4054867415991727,0.4083800004840174,0.8314350797266514,0.7805962722612265,0.8508639687431733,0.7793486058182825,0.43849836681730725,0.13807245386192754,0.0,0.2975351232438378,0.3070621468926554,0.21549320320669224,0.20420652062120745,0.508812759636846,0.4990248034065832,0.4935351688447379,0.6523281283120187,0.37185102173838464,0.3521582286354024,0.7895904125973275,0.1834379747214344,0.4736577857889495,0.7748502994011977,0.43126314255376735,0.0,0.9218511279985714,0.0,0.0,0.0,0.0,1.0,0.5,0.0,0.6666666666666666,0.7857142857142857,0.5,0.3333333333333333,0.8260869565217391,0.9387755102040817,0.8715596330275229,0.8333333333333334,0.8518518518518519,1.0,1.0,0.034482758620689655,0.9375,1.0,1.0,0.0,0.9714285714285714,0.0,0.0,0.0,0.0,0.42677350520402385,0.08232800782523639,0.0,0.1492338942247411,0.48773556685611724,0.14053531852020232,0.1541297935103245,0.6891513899647129,0.4556390390646063,0.64228540470487,0.47173879719993866,0.3006082792537948,0.0615515067182676,0.3783873037081462,0.37160052148076284,0.5522416705051436,0.6505781799899447,0.351168073780219,0.0,0.9330750962740559,0.0,0.0,0.0,0.0,1.0,1.0,0.0,0.6666666666666666,1.0,0.6666666666666666,0.25,0.95,0.6764705882352942,0.95,1.0,0.8518518518518519,1.0,0.6219512195121951,1.0,0.9375,1.0,0.8,0.0,0.9444444444444444,0.0,0.0,0.0,0.0
19,0.23589763212073217,0.5410531488276837,0.44140942354171214,0.4048105511979583,0.40575601117449245,0.8132118451025057,0.7637647576868838,0.8607552528962189,0.7622604780362443,0.39030829119871135,0.1674641148325359,0.0,0.30443477826108695,0.3667608286252354,0.1998954339491112,0.1482567108917001,0.5438625754916055,0.48132362540018025,0.4277706127713066,0.6089168374196283,0.38246292124552594,0.35539246174897376,0.8110163248817812,0.16995307974945933,0.43877626608064396,0.7640257945647168,0.45564323041369115,0.0,0.9291057362249251,0.0,0.0,0.0,0.0,1.0,0.5,0.0,0.6666666666666666,0.9285714285714286,0.25,0.3333333333333333,0.8260869565217391,0.9183673469387755,0.8165137614678899,0.75,0.8148148148148148,1.0,1.0,0.034482758620689655,0.9375,1.0,1.0,0.0,0.9714285714285714,0.0,0.0,0.0,0.0,0.4604502626092006,0.08713899558969981,0.0,0.13539535711109135,0.44333910034602075,0.14934895833333334,0.14703182374541005,0.6603019081417477,0.4424906776391925,0.6768385807322358,0.5125307768249022,0.2895306359182119,0.11392455538719196,0.32246178265716824,0.33785070363868974,0.5565531497296056,0.6772138978483648,0.34804389312977096,0.0,0.9261448621814127,0.0,0.0,0.0,0.0,1.0,1.0,0.0,0.6666666666666666,1.0,1.0,0.3333333333333333,0.9193548387096774,0.6164383561643836,0.967391304347826,1.0,0.8148148148148148,1.0,0.6,1.0,0.9375,1.0,0.6666666666666666,0.0,0.9714285714285714,0.0,0.0,0.0,0.0
20,0.23446529730572938,0.5533302722840966,0.44833430966801163,0.4057748037085941,0.41489484699099705,0.8405466970387244,0.794940468768519,0.8676729001864515,0.7964599566652707,0.4541366504094143,0.17853725222146274,0.0,0.29088545572721364,0.3722033898305085,0.20625653537818056,0.15226781857451405,0.5147991347424217,0.5007420818698909,0.49302500224473306,0.6371228714760121,0.36572173495408755,0.3097400174151014,0.78099628511909,0.233748157238964,0.424026930706108,0.7675264854905574,0.4638462659532385,0.0,0.9244355046727117,0.0,0.0,0.0,0.0,1.0,0.5,0.0,0.6666666666666666,0.9285714285714286,0.5,0.3333333333333333,0.8115942028985508,0.8979591836734694,0.8899082568807339,0.9166666666666666,0.8518518518518519,1.0,1.0,0.10344827586206896,0.9375,1.0,1.0,0.0,0.9714285714285714,0.0,0.0,0.0,0.0,0.4122880064994415,0.08482722785138998,0.0,0.14951685855263158,0.4204927449895749,0.125803879883072,0.16847795163584636,0.6690305620359092,0.4434439738371393,0.6503137171512168,0.5591229832459045,0.314608510031331,0.13105952944891835,0.3693285038449869,0.31120542786262967,0.5717995959954716,0.6365268546107419,0.3542759914766403,0.0,0.9318241478018475,0.0,0.0,0.0,0.0,1.0,1.0,0.0,0.6666666666666666,1.0,1.0,0.3333333333333333,0.9180327868852459,0.6666666666666666,0.9603960396039604,1.0,0.8518518518518519,1.0,0.6455696202531646,1.0,0.9375,1.0,0.6666666666666666,0.0,0.9714285714285714,0.0,0.0,0.0,0.0
21,0.23270984718612553,0.5559437442212929,0.4452642504718837,0.4077570005441837,0.4131051492666535,0.8337129840546698,0.7697717717168701,0.8723631706567416,0.7738223821814536,0.42357599892612646,0.14340396445659603,0.0,0.2846357682115894,0.3617325800376648,0.19963401882188916,0.1794713565771881,0.5521550685613372,0.48629285425667484,0.4967226897615685,0.6369109022822017,0.35663643952475155,0.3244184600074636,0.7946914431005394,0.18412643772777273,0.4278953389795633,0.7815292491939199,0.4512502342237305,0.0,0.9296737038433303,0.0,0.0,0.0,0.0,1.0,0.5,0.0,0.6666666666666666,1.0,0.25,0.3333333333333333,0.8260869565217391,0.8979591836734694,0.8990825688073395,0.75,0.8518518518518519,1.0,1.0,0.034482758620689655,0.875,1.0,1.0,0.0,0.9714285714285714,0.0,0.0,0.0,0.0,0.4487343572241183,0.10725971370143149,0.0,0.15268465375744247,0.4640173934050006,0.13693962940824866,0.1694915254237288,0.6537060604730768,0.454302597383742,0.6420718325314425,0.4414095017971344,0.3154538236290718,0.13552980304526321,0.3650238670431062,0.3705516483185494,0.5666328788324668,0.6514994432285067,0.3405933748192847,0.0,0.9237239057736902,0.0,0.0,0.0,0.0,1.0,1.0,0.0,0.6666666666666666,1.0,1.0,0.3333333333333333,0.9047619047619048,0.6875,0.9514563106796117,1.0,0.8846153846153846,1.0,0.6219512195121951,1.0,0.9333333333333333,1.0,0.8,0.0,0.918918918918919,0.0,0.0,0.0,0.0
22,0.2314399307523492,0.5468250543392047,0.44172069012874754,0.4063952250504485,0.4087197184290336,0.8246013667425968,0.7464609449879552,0.8529409264292984,0.7494314917758957,0.4333303503512461,0.14340396445659603,0.0,0.2541372931353432,0.3353295668549906,0.17811084001394215,0.19227604648770955,0.5017699653949922,0.4958932956205514,0.47528548922936276,0.6300996255210909,0.3607702775331908,0.3076253265331509,0.8226282980459251,0.18602719428875036,0.43066907001818977,0.783371718102257,0.48860111178197413,0.0,0.9316429889481934,0.0,0.0,0.0,0.0,1.0,0.5,0.0,0.3333333333333333,0.9285714285714286,0.25,0.3333333333333333,0.8115942028985508,0.9183673469387755,0.8899082568807339,0.75,0.7777777777777778,1.0,1.0,0.034482758620689655,0.9375,1.0,1.0,0.0,0.9714285714285714,0.0,0.0,0.0,0.0,0.428441868695806,0.0945130191909181,0.0,0.14993215739484397,0.48772871699353565,0.1343587721028068,0.16163755836071245,0.6775980120492697,0.44567627494456763,0.6567624193170891,0.5247308031774052,0.3026703954027179,0.11323260073260073,0.32384058671472804,0.3380704999184029,0.5585146126422305,0.6477623309845744,0.34363194424107535,0.0,0.926011478044788,0.0,0.0,0.0,0.0,1.0,1.0,0.0,0.5,1.0,1.0,0.3333333333333333,0.9333333333333333,0.6818181818181818,0.9509803921568627,1.0,0.84,1.0,0.5930232558139535,1.0,0.8823529411764706,1.0,0.6666666666666666,0.0,0.9714285714285714,0.0,0.0,0.0,0.0
23,0.2303032947183443,0.5489174224067968,0.44485306613812803,0.4037676911969494,0.41164758970286386,0.835990888382688,0.7913672473179157,0.873289601161802,0.7931900436693081,0.42711083269944966,0.15570745044429254,0.0,0.25818709064546774,0.3874387947269303,0.17889508539560822,0.16455826391031575,0.508113775546677,0.49653436111024774,0.48019941392060994,0.643552603688264,0.38112499857059545,0.31110834680930466,0.7858676108325611,0.19921275751883918,0.43957463970303795,0.7920313219714418,0.477670671024963,0.0,0.9204671719676978,0.0,0.0,0.0,0.0,1.0,0.5,0.0,0.6666666666666666,1.0,0.5,0.3333333333333333,0.8260869565217391,0.9183673469387755,0.8715596330275229,0.8333333333333334,0.8518518518518519,1.0,1.0,0.034482758620689655,0.9375,1.0,1.0,0.0,0.9714285714285714,0.0,0.0,0.0,0.0,0.4394595092306984,0.09188447886414973,0.0,0.13275746825029563,0.42837213176196226,0.13019214915340224,0.17887087758524314,0.6924733976336613,0.44840531911161013,0.6465905718650737,0.5205518597261276,0.2918182494757533,0.13689107827038863,0.3646993523154172,0.34205352898094493,0.5095261264871156,0.6685198864740873,0.31534602432822484,0.0,0.9294064320309331,0.0,0.0,0.0,0.0,1.0,1.0,0.0,0.6666666666666666,1.0,1.0,0.3333333333333333,0.9344262295081968,0.6617647058823529,0.9595959595959596,1.0,0.8518518518518519,1.0,0.6296296296296297,1.0,0.9375,1.0,0.8,0.0,0.9444444444444444,0.0,0.0,0.0,0.0
24,0.22861516835085613,0.5465257858518416,0.4441785869233522,0.4006268949899485,0.4061155320098918,0.8223234624145785,0.7615884952546161,0.863718917913132,0.7630808069603674,0.4228377108595463,0.14354066985645933,0.0,0.2583870806459677,0.3435216572504708,0.18037643778319973,0.19561863622338785,0.5424407783081937,0.5006371802443043,0.45986009191161464,0.6329682752773264,0.33490377248453385,0.34544097524567735,0.8128618840545272,0.19177436373296616,0.4110224943825774,0.8016582220175035,0.49493035747746245,0.0,0.9224339768646204,0.0,0.0,0.0,0.0,1.0,0.5,0.0,0.6666666666666666,0.9285714285714286,0.25,0.3333333333333333,0.8405797101449275,0.9183673469387755,0.8623853211009175,0.75,0.7777777777777778,1.0,1.0,0.034482758620689655,0.875,1.0,1.0,0.0,0.9714285714285714,0.0,0.0,0.0,0.0,0.4259634888438134,0.08513743614692289,0.0,0.14779649383704635,0.4443605359317905,0.1194943139179126,0.17038430529427573,0.6564612771956807,0.4400383841764306,0.655956639818828,0.5540204578906356,0.31320984749641734,0.08914355418592707,0.33507143976595966,0.31577844864764953,0.5715430219516103,0.5986310322292161,0.3549119140041804,0.0,0.9333815184847778,0.0,0.0,0.0,0.0,1.0,1.0,0.0,0.6666666666666666,1.0,1.0,0.3333333333333333,0.90625,0.6521739130434783,0.9690721649484536,1.0,0.875,1.0,0.6,1.0,0.9333333333333333,1.0,0.6666666666666666,0.0,0.9444444444444444,0.0,0.0,0.0,0.0
25,0.22807978198962708,0.5484524052187402,0.4386553828891742,0.4013370131340534,0.40410900608444583,0.8337129840546698,0.7733956856045455,0.8724638848518724,0.7762431181909667,0.3740883260996018,0.13984962406015036,0.0,0.2584370781460927,0.3199623352165725,0.18421052631578946,0.18060269464157153,0.5141875236635239,0.47244583967923415,0.5048486233664465,0.6467038790362467,0.3505871993962195,0.33461873367334244,0.8051786548804347,0.1798983768736296,0.4293357037622328,0.8027637033625058,0.4705919093918511,0.0,0.9274861604396912,0.0,0.0,0.0,0.0,1.0,0.5,0.0,0.6666666666666666,0.9285714285714286,0.25,0.3333333333333333,0.8260869565217391,0.8979591836734694,0.8899082568807339,0.8333333333333334,0.8518518518518519,1.0,1.0,0.034482758620689655,0.9375,1.0,1.0,0.0,0.9714285714285714,0.0,0.0,0.0,0.0,0.45635917030567685,0.09184772849703716,0.0,0.13661592134475103,0.4793747531177699,0.1324312472592871,0.16734966167921472,0.6867525266455906,0.4644997650761879,0.6320746039856924,0.521236004965888,0.3113929064759893,0.09083541568177214,0.3338127748168435,0.2929813657026556,0.5427935193182173,0.6174011619668415,0.3390331338403156,0.0,0.9272745757332301,0.0,0.0,0.0,0.0,1.0,1.0,0.0,0.6666666666666666,1.0,1.0,0.3333333333333333,0.9193548387096774,0.6875,0.941747572815534,1.0,0.8518518518518519,1.0,0.6219512195121951,1.0,0.9375,1.0,0.8,0.0,0.9444444444444444,0.0,0.0,0.0,0.0
26,0.22653880420777853,0.5482523348173981,0.43849116987600456,0.40741401354668105,0.40846404402189584,0.8382687927107062,0.774639172012587,0.868900511698063,0.7726926081823743,0.40791534296836546,0.13984962406015036,0.0,0.26998650067496627,0.35480225988700564,0.16730568142209828,0.1628612568137406,0.52346759652732,0.48480092002610886,0.4686574047620991,0.6072776089874938,0.4080664158538119,0.3168304515487001,0.7963865060317309,0.19389961910035844,0.4382906573824868,0.7719484108705665,0.4528325456476026,0.0,0.9276622552034762,0.0,0.0,0.0,0.0,1.0,0.5,0.0,0.6666666666666666,0.9285714285714286,0.25,0.3333333333333333,0.8260869565217391,0.9387755102040817,0.8807339449541285,0.75,0.9259259259259259,1.0,1.0,0.034482758620689655,0.9375,1.0,1.0,0.0,0.9714285714285714,0.0,0.0,0.0,0.0,0.47620664437944005,0.09046692607003891,0.0,0.12958030379382335,0.45936654231585106,0.12788916272563777,0.1523841601308762,0.6722235066913285,0.45648269075291475,0.6572389319749306,0.5854927927191477,0.28851168074122885,0.10360397006182884,0.34816589848984864,0.32775086330116243,0.5629188777775429,0.6410266217870257,0.32838615191822806,0.0,0.9257565182094044,0.0,0.0,0.0,0.0,1.0,1.0,0.0,0.6666666666666666,1.0,1.0,0.3333333333333333,0.9344262295081968,0.6764705882352942,0.9696969696969697,1.0,0.8620689655172413,1.0,0.6219512195121951,1.0,0.9375,1.0,0.6666666666666666,0.0,0.9714285714285714,0.0,0.0,0.0,0.0
27,0.22587105758872586,0.5451077136347978,0.4385652778988332,0.40007880279343616,0.4042144046958348,0.8291571753986332,0.745185369877847,0.7806812018890101,0.7262164644961777,0.37802586245469594,0.13110047846889952,0.0,0.303884805759712,0.36192090395480225,0.18821889159986058,0.15576468168260824,0.5152148184627116,0.5196204892300997,0.45834183611000007,0.6434112908923904,0.3602728447437935,0.34158477422565,0.7778596266109038,0.19386220263262266,0.46901569586080316,0.7288346384154767,0.44598280277320895,0.0,0.92125835830076,0.0,0.0,0.0,0.0,1.0,0.0,0.0,0.6666666666666666,1.0,0.5,0.0,0.8260869565217391,0.9387755102040817,0.8532110091743119,0.8333333333333334,0.8518518518518519,1.0,1.0,0.034482758620689655,0.9375,1.0,1.0,0.0,0.9714285714285714,0.0,0.0,0.0,0.0,0.4209726443768997,0.0669879854708019,0.0,0.11132479806582779,0.4189392453076973,0.1256106071179344,0.16445868172440004,0.6886554740805753,0.4243312615210846,0.6702336226884663,0.49141950524543454,0.29895762659594155,0.11481373081908267,0.3699347931726832,0.33719477273910553,0.5102663980299977,0.720734262548966,0.33429048518235305,0.0,0.9322925555945987,0.0,0.0,0.0,0.0,1.0,0.0,0.0,0.5,1.0,1.0,0.0,0.9344262295081968,0.6571428571428571,0.9587628865979382,1.0,0.8518518518518519,1.0,0.6296296296296297,1.0,0.8823529411764706,1.0,0.6666666666666666,0.0,0.9714285714285714,0.0,0.0,0.0,0.0
28,0.22415155837480688,0.5401607846108191,0.4371067152718073,0.39442883852738664,0.40074683509474496,0.8246013667425968,0.7893516262546757,0.8712875316727577,0.7933651059194875,0.3903306635643653,0.16691729323308271,0.0,0.24588770561471926,0.3752165725047081,0.22481700941094457,0.16044430731255785,0.525628092806024,0.4838296086780841,0.43979830053302205,0.6330530629548505,0.3325481137577331,0.27901480283617364,0.814937148017014,0.18694015610150339,0.4673448727129065,0.7914785812989406,0.41808415398388543,0.0,0.9316504295720153,0.0,0.0,0.0,0.0,1.0,0.5,0.0,0.6666666666666666,0.9285714285714286,0.75,0.3333333333333333,0.8260869565217391,0.8979591836734694,0.8715596330275229,0.75,0.7407407407407407,1.0,1.0,0.034482758620689655,0.9375,1.0,1.0,0.0,0.9714285714285714,0.0,0.0,0.0,0.0,0.4380036653026385,0.08540253199972023,0.0,0.13115715923940582,0.4370352497312948,0.1279127416955875,0.1554713972493522,0.6726263683766505,0.43594545868267665,0.678560746074576,0.5384375,0.30710012619395854,0.10785209405202674,0.3122174005401633,0.30201658727664,0.5157829716496952,0.606166437365506,0.3269030409585205,0.0,0.9211276171045468,0.0,0.0,0.0,0.0,1.0,1.0,0.0,0.6666666666666666,1.0,1.0,0.3333333333333333,0.9193548387096774,0.6567164179104478,0.9693877551020408,1.0,0.8695652173913043,1.0,0.5862068965517241,1.0,0.9375,1.0,0.8,0.0,0.9444444444444444,0.0,0.0,0.0,0.0
29,0.22418129373904513,0.547775179466917,0.4421778136861046,0.40120025270964027,0.40657792636040013,0.8291571753986332,0.7662892324687315,0.8173098287213874,0.7689016390651413,0.406886214148284,0.167053998632946,0.0,0.25008749562521876,0.39305084745762714,0.195102823283374,0.1527306386917618,0.5166604446491974,0.47912457650825224,0.4981185055791819,0.6395534515650392,0.33522967672586307,0.33735539246174895,0.8027390315962899,0.20409186491158487,0.4127180094981769,0.7728696453247351,0.47654639711852764,0.0,0.9192816325720748,0.0,0.0,0.0,0.0,1.0,0.5,0.0,0.6666666666666666,1.0,0.25,0.3333333333333333,0.8260869565217391,0.9183673469387755,0.8990825688073395,0.75,0.7407407407407407,1.0,1.0,0.0,0.9375,1.0,1.0,0.0,0.9714285714285714,0.0,0.0,0.0,0.0,0.46683607988089737,0.09430467664763081,0.0,0.1286390289064911,0.4122259529922971,0.1329020003561465,0.1719645648775404,0.6691263960278572,0.45488045090039914,0.6397282748282062,0.48814107749555086,0.3234617485283652,0.09353014208856394,0.339030395482494,0.3165683907512304,0.5599928526757795,0.6696599616858238,0.3254051748649417,0.0,0.9352073797833097,0.0,0.0,0.0,0.0,1.0,1.0,0.0,0.6666666666666666,1.0,1.0,0.3333333333333333,0.9344262295081968,0.6923076923076923,0.9333333333333333,1.0,0.8695652173913043,1.0,0.6,0.0,0.9375,1.0,0.8,0.0,0.9444444444444444,0.0,0.0,0.0,0.0
30,0.22247257630095366,0.5470297288711216,0.4434103362187037,0.4088632284519661,0.41163449458058543,0.8337129840546698,0.7858052071304745,0.8624443604602334,0.7839476340327364,0.39549868003042643,0.15010252904989746,0.0,0.28678566071696415,0.3956497175141243,0.21976298361798535,0.13380643834207548,0.5334148814771864,0.4973735741149411,0.47047359785811654,0.6259167667632304,0.3457786824320461,0.3399676576688643,0.7922518198163946,0.21524945559039443,0.4130307744224137,0.7539843390142791,0.49559659386646127,0.0,0.9167418996408659,0.0,0.0,0.0,0.0,1.0,0.5,0.0,0.6666666666666666,1.0,0.5,0.3333333333333333,0.8260869565217391,0.9387755102040817,0.8623853211009175,0.75,0.8518518518518519,1.0,1.0,0.06896551724137931,0.875,1.0,1.0,0.0,0.9714285714285714,0.0,0.0,0.0,0.0,0.4842624298041364,0.0912490650710546,0.0,0.14595791241507416,0.43075062022020383,0.12241529948548685,0.18087029056026693,0.6473239961571704,0.439873689563583,0.6495454148459313,0.5837396873929203,0.31135640516078544,0.1171151868357902,0.34475853012039887,0.3156370020849336,0.5527199832582524,0.6959904757855351,0.3080307461373224,0.0,0.9379413772365439,0.0,0.0,0.0,0.0,1.0,1.0,0.0,0.6666666666666666,1.0,1.0,0.3333333333333333,0.95,0.6571428571428571,0.9591836734693877,1.0,0.8518518518518519,1.0,0.6296296296296297,1.0,0.9333333333333333,1.0,0.5714285714285714,0.0,0.9714285714285714,0.0,0.0,0.0,0.0
31,0.22189855366177835,0.5400347988559991,0.444382398240429,0.40380598724638844,0.40996842086175067,0.8200455580865603,0.7923136106860063,0.8550674539912992,0.7869315122117025,0.4729518099243814,0.1342447026657553,0.0,0.2791860406979651,0.36666666666666664,0.20669222725688394,0.15638177517227192,0.5142113526665978,0.507148851521462,0.416246969610396,0.6578393273510916,0.37843200036592756,0.32491603433262845,0.8045529073497611,0.21522700570975298,0.4445294945554211,0.746245969599263,0.4525410672274156,0.0,0.9208689656540804,0.0,0.0,0.0,0.0,1.0,0.5,0.0,0.6666666666666666,0.8571428571428571,0.75,0.3333333333333333,0.8260869565217391,0.9387755102040817,0.8073394495412844,0.75,0.8888888888888888,1.0,1.0,0.034482758620689655,0.9375,1.0,1.0,0.0,0.9714285714285714,0.0,0.0,0.0,0.0,0.41217415040262045,0.0910861701140896,0.0,0.14670029424127784,0.4475347661188369,0.1235030719566802,0.1663657749329832,0.6730606615098839,0.4304903748800364,0.6902624321077477,0.504918815145829,0.28634778620934315,0.14858638147789976,0.3386996738847726,0.3020891321016312,0.5390765361121093,0.6932095331821488,0.3395825521809774,0.0,0.9348196638761251,0.0,0.0,0.0,0.0,1.0,1.0,0.0,0.6666666666666666,1.0,0.75,0.3333333333333333,0.9344262295081968,0.6216216216216216,0.9887640449438202,1.0,0.8,1.0,0.6144578313253012,1.0,0.9375,1.0,0.8,0.0,0.9444444444444444,0.0,0.0,0.0,0.0
32,0.22155113583826666,0.5535412251758882,0.4435047007075486,0.40423712672680134,0.4103420244795498,0.8382687927107062,0.772799728323097,0.8582687463005368,0.7722371646267598,0.41330708309096603,0.1267259056732741,0.0,0.3111844407779611,0.3588135593220339,0.18238062042523528,0.18008845006685179,0.5379688687313174,0.5143210145152768,0.5002591646328025,0.6370946089168374,0.3294320118011641,0.33436994651076,0.7600535449785741,0.24608810829822422,0.37147419277842253,0.7543528327959466,0.5035497907601341,0.0,0.9216204686600925,0.0,0.0,0.0,0.0,1.0,0.5,0.0,0.6666666666666666,0.9285714285714286,0.25,0.3333333333333333,0.8260869565217391,0.9183673469387755,0.8990825688073395,0.9166666666666666,0.7777777777777778,1.0,1.0,0.1724137931034483,0.75,1.0,1.0,0.0,0.9714285714285714,0.0,0.0,0.0,0.0,0.44049691218197856,0.10481682496607869,0.0,0.151586741031199,0.4499468650371945,0.12274220032840723,0.15819668428423003,0.6604345776925452,0.4363208480006328,0.6359012004938938,0.516065521228008,0.3261296548913505,0.09052943553819211,0.4012041644018899,0.32807901431635655,0.5587703659684049,0.6668431125045808,0.2988434735333366,0.0,0.9293606846841439,0.0,0.0,0.0,0.0,1.0,1.0,0.0,0.6666666666666666,1.0,1.0,0.3333333333333333,0.9193548387096774,0.6818181818181818,0.9333333333333333,1.0,0.9130434782608695,1.0,0.6623376623376623,1.0,0.9230769230769231,1.0,0.4444444444444444,0.0,0.9714285714285714,0.0,0.0,0.0,0.0
33,0.2203346789015889,0.5500123683689533,0.44199136220822616,0.40834403423101817,0.41158185724652274,0.8314350797266514,0.7818455373993805,0.8781523260689927,0.7888391133659538,0.38726564946977493,0.14764183185235816,0.0,0.26528673566321687,0.3805838041431262,0.22316138027187174,0.1419829270801193,0.5198217590570069,0.4991918689584434,0.48750499963268007,0.6288419416378153,0.35974110624478267,0.32491603433262845,0.7987865250417825,0.21146290905553353,0.4333604944978065,0.7945186549976969,0.4305969061647686,0.0,0.9211789916466596,0.0,0.0,0.0,0.0,1.0,0.5,0.0,0.6666666666666666,0.9285714285714286,0.5,0.3333333333333333,0.8260869565217391,0.9387755102040817,0.8715596330275229,0.75,0.8148148148148148,1.0,1.0,0.034482758620689655,0.9375,1.0,1.0,0.0,0.9714285714285714,0.0,0.0,0.0,0.0,0.46503505896891706,0.09464551748313031,0.0,0.13822027716994895,0.45766243177752114,0.141203065556597,0.15758232977569772,0.6714041447233431,0.44755780658915,0.6353269382664174,0.5886321247635551,0.30564232105122535,0.09682680901542111,0.3473005224350917,0.3099994514837365,0.5546577896699569,0.6452083489189796,0.3591622672964712,0.0,0.9341254112131668,0.0,0.0,0.0,0.0,1.0,1.0,0.0,0.6666666666666666,0.9285714285714286,1.0,0.5,0.95,0.6666666666666666,0.9595959595959596,1.0,0.8461538461538461,1.0,0.6071428571428571,1.0,0.9375,1.0,0.8,0.0,0.9444444444444444,0.0,0.0,0.0,0.0
34,0.22003908686446008,0.5477362536356936,0.44205202393985626,0.4098283107242697,0.41269458875223664,0.8291571753986332,0.768409936605673,0.8707675914688613,0.7747732369738125,0.44764866436977047,0.15502392344497606,0.0,0.3134843257837108,0.3619774011299435,0.18673753921226907,0.1529363365216497,0.5345110156185877,0.466668479781183,0.4699940412541119,0.6361195506253091,0.36859197932509236,0.3291454160965294,0.8029291321119375,0.20859680762697277,0.42826571849510686,0.7544449562413634,0.40948554058837,0.0,0.9303756026905295,0.0,0.0,0.0,0.0,1.0,0.5,0.0,0.6666666666666666,0.9285714285714286,0.25,0.3333333333333333,0.8405797101449275,0.8979591836734694,0.8715596330275229,0.75,0.8148148148148148,1.0,1.0,0.06896551724137931,0.9375,1.0,1.0,0.0,0.9714285714285714,0.0,0.0,0.0,0.0,0.4542957042957043,0.09605285448077248,0.0,0.1431310779345295,0.44474524503679025,0.13547856871918068,0.18431980167338086,0.6704949666379931,0.45166639717522833,0.6563746836597433,0.5110636800217981,0.29020568202791946,0.1452011194644131,0.3357067397013482,0.31795006330485565,0.5606158553666473,0.7096005545446669,0.3446777189723459,0.0,0.9253288800195367,0.0,0.0,0.0,0.0,1.0,1.0,0.0,0.6666666666666666,1.0,1.0,0.3333333333333333,0.90625,0.676923076923077,0.9405940594059405,1.0,0.8461538461538461,1.0,0.6219512195121951,1.0,0.9375,1.0,0.8,0.0,0.9444444444444444,0.0,0.0,0.0,0.0
35,0.21907228869052933,0.5492953796712567,0.4401121102809227,0.40409815127283827,0.410099663806679,0.8314350797266514,0.747761518340157,0.8404029702414232,0.7428805803966924,0.3824555908541769,0.14996582365003416,0.0,0.31243437828108594,0.36986817325800375,0.18272917392819799,0.12892111488223798,0.5454564710305514,0.4361965001709508,0.4909986205095136,0.6268918250547587,0.34748825029445735,0.305883816395074,0.7990320715411607,0.21944009997680178,0.4175658658238475,0.7981114693689544,0.47585934084237264,0.0,0.9327193991944285,0.0,0.0,0.0,0.0,1.0,0.5,0.0,0.6666666666666666,0.9285714285714286,0.25,0.0,0.855072463768116,0.8775510204081632,0.8990825688073395,0.75,0.8518518518518519,1.0,1.0,0.034482758620689655,0.875,1.0,1.0,0.0,0.9714285714285714,0.0,0.0,0.0,0.0,0.46966866311335786,0.10447619047619047,0.0,0.14949403124327168,0.4473600291558471,0.12373871481678173,0.16717791411042945,0.6428214825077071,0.47131672299070126,0.6411331151874314,0.511755070022841,0.3068870968556381,0.1821211672344838,0.346520607047411,0.3033444020316751,0.5325069275337979,0.6452537891483261,0.3061057763134986,0.0,0.922085023121699,0.0,0.0,0.0,0.0,1.0,1.0,0.0,0.6666666666666666,1.0,1.0,0.0,0.9076923076923077,0.7049180327868853,0.9514563106796117,1.0,0.8846153846153846,1.0,0.6071428571428571,1.0,0.9333333333333333,1.0,0.5,0.0,0.9714285714285714,0.0,0.0,0.0,0.0
36,0.21849677046276567,0.5475822245400996,0.4406323149357398,0.4035523729661626,0.40908350716125574,0.826879271070615,0.7602825912332596,0.8237443928473052,0.7548682629453144,0.4428609781198264,0.1593984962406015,0.0,0.2784360781960902,0.34709981167608284,0.21967584524224468,0.1271212588707189,0.5211058775559916,0.48181316631958476,0.4767506877045768,0.6317105913940507,0.3649612917243193,0.32118422689389226,0.8007984221657202,0.20958460237519738,0.41589504267595084,0.7585444495624136,0.44354687597593223,0.0,0.930893966150122,0.0,0.0,0.0,0.0,1.0,0.5,0.0,0.6666666666666666,0.8571428571428571,0.5,0.0,0.8260869565217391,0.9183673469387755,0.8715596330275229,0.75,0.8518518518518519,1.0,1.0,0.034482758620689655,0.9375,1.0,1.0,0.0,0.9714285714285714,0.0,0.0,0.0,0.0,0.43409135764566564,0.0875704093128051,0.0,0.13698192104292214,0.44101741960183766,0.126530817104999,0.15863440929217737,0.6720973910667941,0.44742339455995844,0.6494634715890136,0.523840772466808,0.3008001734180317,0.15775646117187023,0.3513002626933715,0.31553272270479155,0.5434794299542888,0.6824416725374001,0.3123066774169904,0.0,0.922673949811202,0.0,0.0,0.0,0.0,1.0,1.0,0.0,0.6666666666666666,0.9230769230769231,0.6666666666666666,0.0,0.9344262295081968,0.6716417910447762,0.95,1.0,0.8518518518518519,1.0,0.6144578313253012,1.0,0.9375,1.0,0.6666666666666666,0.0,0.9444444444444444,0.0,0.0,0.0,0.0
37,0.21787613952283702,0.5469012317723517,0.4353144987436211,0.40991470393100327,0.40815843493202314,0.8337129840546698,0.7292525441481668,0.8481442463469112,0.7444327404989193,0.3780706071860038,0.14408749145591251,0.0,0.32513374331283434,0.35717514124293787,0.2068665040083653,0.15067366039288285,0.5112221366143223,0.4728382494638361,0.5005938339224058,0.6133823217692362,0.36899221260391774,0.28374175892523945,0.8047113244461342,0.19631672291608984,0.4583652271249496,0.7784431137724551,0.36869938164935145,0.0,0.9163475465783051,0.0,0.0,0.0,0.0,1.0,0.5,0.0,0.6666666666666666,0.9285714285714286,0.5,0.3333333333333333,0.8260869565217391,0.9183673469387755,0.908256880733945,0.75,0.8518518518518519,0.5,1.0,0.034482758620689655,0.9375,1.0,0.5,0.0,0.9714285714285714,0.0,0.0,0.0,0.0,0.47173603550791393,0.07768850888184566,0.0,0.13026321060854934,0.46443176531087005,0.12740152409573896,0.1570961342555359,0.6733014380762418,0.4561028078012802,0.6268789066692562,0.6524568971996332,0.29312028487207553,0.1033342393766422,0.3351941667491504,0.32546368091309474,0.543980463980464,0.6655377466230851,0.3366986082591832,0.0,0.9377782515774993,0.0,0.0,0.0,0.0,1.0,1.0,0.0,0.5,1.0,1.0,0.3333333333333333,0.9344262295081968,0.703125,0.9428571428571428,1.0,0.8846153846153846,1.0,0.6144578313253012,1.0,0.8823529411764706,1.0,0.5,0.0,0.9714285714285714,0.0,0.0,0.0,0.0
38,0.2172342965136779,0.5494799634515743,0.43972091383324874,0.4037647913032885,0.4093951949079075,0.835990888382688,0.7863607481727826,0.8732517224856617,0.7908214618361451,0.44491923575998926,0.13547505126452494,0.0,0.23328833558322085,0.36915254237288136,0.2093935169048449,0.12814974802015838,0.5145502540436494,0.4728771019177571,0.4995041180647952,0.6505334558044231,0.3522510263124793,0.3439482522701829,0.7886953560028198,0.22184972049898602,0.44528671489831023,0.7514970059880239,0.43326185172076365,0.0,0.9203431615706661,0.0,0.0,0.0,0.0,1.0,0.5,0.0,0.6666666666666666,0.9285714285714286,0.5,0.3333333333333333,0.8260869565217391,0.9183673469387755,0.8899082568807339,0.8333333333333334,0.8148148148148148,1.0,1.0,0.034482758620689655,0.9375,1.0,1.0,0.0,0.9714285714285714,0.0,0.0,0.0,0.0,0.44411442863842426,0.08765257385459048,0.0,0.13846519081251113,0.44485294117647056,0.13072570993363072,0.15760182140146725,0.6774744562697613,0.4537747139464393,0.6339481808387204,0.5309076231115212,0.3035669411225591,0.1084016152428745,0.35138511486748775,0.29290703763350556,0.5539956582288851,0.6872656809469649,0.3354233490756113,0.0,0.9353032063577681,0.0,0.0,0.0,0.0,1.0,1.0,0.0,0.6666666666666666,1.0,1.0,0.3333333333333333,0.9344262295081968,0.6923076923076923,0.941747572815534,1.0,0.8461538461538461,1.0,0.6219512195121951,1.0,0.9375,1.0,0.8,0.0,0.9444444444444444,0.0,0.0,0.0,0.0
39,0.2160522415956908,0.5473369499476594,0.44661160854323234,0.4104835328224407,0.41525927527709755,0.8337129840546698,0.7915189389833688,0.8669318287955123,0.7889749347304014,0.43652959863976015,0.16568694463431305,0.0,0.2863356832158392,0.36704331450094163,0.20120250958522135,0.1381260927697213,0.5192366246481912,0.49336788611568705,0.4587193593940037,0.6532183989260227,0.3877860238539034,0.346436123896007,0.7866121711855143,0.2289588493687842,0.4346527074742586,0.7659143251957623,0.4487102079906727,0.0,0.9204721323835791,0.0,0.0,0.0,0.0,1.0,0.5,0.0,0.6666666666666666,0.9285714285714286,0.5,0.3333333333333333,0.8260869565217391,0.9183673469387755,0.8623853211009175,0.9166666666666666,0.8518518518518519,1.0,1.0,0.034482758620689655,0.9375,1.0,1.0,0.0,0.9714285714285714,0.0,0.0,0.0,0.0,0.46039498832023784,0.096,0.0,0.14147727272727273,0.44760351836116025,0.14621327254305977,0.18077803203661327,0.6843317409525671,0.4351841697624368,0.6597198988066938,0.5317925060110673,0.28631796690307326,0.1490181390122532,0.3546864006343061,0.33485460375830406,0.5397209872757933,0.6825944170771757,0.326041572115821,0.0,0.9319741045060972,0.0,0.0,0.0,0.0,1.0,1.0,0.0,0.6666666666666666,1.0,1.0,0.3333333333333333,0.9344262295081968,0.6617647058823529,0.9591836734693877,1.0,0.8518518518518519,1.0,0.6219512195121951,1.0,0.9375,1.0,0.6666666666666666,0.0,0.9714285714285714,0.0,0.0,0.0,0.0
40,0.21596762207954864,0.5527095517711462,0.4419938535319959,0.4093401783609974,0.41380384649245394,0.8291571753986332,0.770947875308857,0.8650765476248568,0.7720815286815116,0.41916864289229944,0.16883116883116883,0.0,0.24688765561721915,0.3426365348399247,0.16869989543394912,0.15067366039288285,0.5351623417026088,0.4989548689895254,0.47752818160298427,0.6457853458630679,0.37948975974568033,0.3078741136957333,0.7836972966122504,0.2225830832666073,0.4310147575660304,0.7984339014279134,0.45256188711457185,0.0,0.9259062679815075,0.0,0.0,0.0,0.0,1.0,0.5,0.0,0.6666666666666666,0.8571428571428571,0.25,0.3333333333333333,0.8260869565217391,0.9183673469387755,0.8623853211009175,0.8333333333333334,0.8518518518518519,1.0,1.0,0.06896551724137931,0.9375,1.0,1.0,0.0,0.9714285714285714,0.0,0.0,0.0,0.0,0.4406604261724446,0.09326385742334994,0.0,0.1386455525606469,0.4646542036980284,0.13785246368555967,0.15902306648575304,0.6612599290733737,0.4442595616317042,0.6507379011738009,0.5698840254395809,0.29005064917471124,0.14572538860103626,0.36064970237769783,0.3378042270956605,0.5713740166501183,0.6259795601458957,0.34587172020939744,0.0,0.9304269588991932,0.0,0.0,0.0,0.0,1.0,1.0,0.0,0.6666666666666666,1.0,1.0,0.3333333333333333,0.9047619047619048,0.6521739130434783,0.9494949494949495,1.0,0.8518518518518519,1.0,0.6375,1.0,0.9375,1.0,0.6666666666666666,0.0,0.9714285714285714,0.0,0.0,0.0,0.0
41,0.21529336247051495,0.5478932126325623,0.4413530117955777,0.39573257796743205,0.40599540079546736,0.8382687927107062,0.7669136840373538,0.8387490061707158,0.7602566542493732,0.5099333303503513,0.14258373205741626,0.0,0.25263736813159343,0.3771939736346516,0.18638898570930637,0.11333950426822997,0.5113253956276427,0.46255400491095017,0.4930698969055335,0.6402034904260581,0.3675685256549532,0.3124766762035079,0.7935033148777416,0.19155734822009862,0.4172201782760068,0.8043298019345924,0.43879994170431597,0.0,0.929668743427449,0.0,0.0,0.0,0.0,1.0,0.5,0.0,0.6666666666666666,0.9285714285714286,0.5,0.0,0.8260869565217391,0.9387755102040817,0.8990825688073395,0.75,0.8518518518518519,1.0,1.0,0.034482758620689655,0.9375,1.0,1.0,0.0,0.9714285714285714,0.0,0.0,0.0,0.0,0.3974853077097466,0.07753493904252155,0.0,0.14116891099066883,0.4255332710121526,0.13018867924528302,0.157653791130186,0.6819146419403476,0.45693691757372923,0.636269315440766,0.5083026658289203,0.29203841331564695,0.1680267558528428,0.3549199668388496,0.31123323647063117,0.5334996211164436,0.59289691701752,0.3318062312064107,0.0,0.925776821681111,0.0,0.0,0.0,0.0,0.875,1.0,0.0,0.6666666666666666,1.0,1.0,0.0,0.95,0.7076923076923077,0.9514563106796117,1.0,0.8518518518518519,1.0,0.6144578313253012,1.0,0.9375,1.0,0.5714285714285714,0.0,0.9714285714285714,0.0,0.0,0.0,0.0
42,0.21474813025970227,0.5481058397536539,0.44334544151902483,0.3986226046749441,0.40669157672438616,0.8451025056947609,0.760714155808375,0.8177862216025801,0.758243360764891,0.46096022193386726,0.13110047846889952,0.0,0.2784360781960902,0.38331450094161956,0.23936911815963752,0.13894888408927286,0.5311378878501208,0.43909489323345663,0.5004020112808039,0.6317953790715749,0.3716051641528205,0.342828710038562,0.7818517374395044,0.21190442337481571,0.41684979876046324,0.7761860893597421,0.42601653099040204,0.0,0.9184160400007937,0.0,0.0,0.0,0.0,1.0,0.0,0.0,0.6666666666666666,0.9285714285714286,0.5,0.3333333333333333,0.855072463768116,0.8775510204081632,0.9174311926605505,0.75,0.8518518518518519,1.0,1.0,0.10344827586206896,0.9375,1.0,1.0,0.0,0.9714285714285714,0.0,0.0,0.0,0.0,0.43787057698438,0.0805408583186361,0.0,0.12435522408056629,0.430799839143226,0.1195907705703091,0.1539864364278794,0.6638647953696319,0.4873332844631684,0.6343582818530821,0.4851710779047433,0.28460639075849203,0.10333708286464192,0.3691522900920375,0.32155388755777115,0.5461132856726943,0.6538745101082613,0.34483804644578514,0.0,0.9338602455336877,0.0,0.0,0.0,0.0,1.0,0.0,0.0,0.5,0.9285714285714286,1.0,0.5,0.921875,0.7288135593220338,0.9523809523809523,1.0,0.8846153846153846,1.0,0.6219512195121951,1.0,0.9375,1.0,0.8,0.0,0.9444444444444444,0.0,0.0,0.0,0.0
43,0.21423552926459985,0.5502028119518207,0.44214595566263465,0.3968721885522619,0.40704463051186096,0.8337129840546698,0.7460089184811045,0.8359334981127392,0.7490766312411079,0.47151997852252897,0.1320574162679426,0.0,0.26123693815309235,0.35203389830508475,0.21592889508539562,0.11261956186362233,0.5270207656523455,0.4651299226059118,0.5086626288680831,0.6374478909065215,0.341982183901474,0.3123522826222167,0.780132911943857,0.1967956537031078,0.46387976657859864,0.7896361123906034,0.4797110199662718,0.0,0.9104793745907657,0.0,0.0,0.0,0.0,1.0,0.5,0.0,0.3333333333333333,0.9285714285714286,0.5,0.0,0.8405797101449275,0.9183673469387755,0.8990825688073395,0.75,0.8148148148148148,1.0,1.0,0.034482758620689655,0.9375,1.0,1.0,0.0,0.9714285714285714,0.0,0.0,0.0,0.0,0.4117290824200512,0.0940512121507156,0.0,0.14578276275773555,0.43102215868477484,0.12733158624942192,0.147118097541314,0.6657602606168244,0.44763724471100275,0.6301474101470562,0.5060580223922457,0.3143731144025481,0.09955594322416937,0.3713068556671882,0.3055810548577139,0.5219340081309095,0.662813176616146,0.32241408261502297,0.0,0.9390833207558754,0.0,0.0,0.0,0.0,1.0,1.0,0.0,0.5,1.0,1.0,0.0,0.9354838709677419,0.703125,0.9423076923076923,1.0,0.88,1.0,0.6144578313253012,1.0,0.8333333333333334,1.0,0.6666666666666666,0.0,0.9714285714285714,0.0,0.0,0.0,0.0
44,0.21345818494386407,0.543341401723368,0.43796380267450463,0.404484381653422,0.4090423708845432,0.8246013667425968,0.7588490809166855,0.8392972529570468,0.7613893903661647,0.39965994004206007,0.1446343130553657,0.0,0.2599870006499675,0.34779661016949154,0.22926106657371906,0.15298776097912167,0.5044838240784133,0.4763077735989805,0.4702368805557143,0.6343248781177135,0.3702500886230832,0.29307127752207984,0.8052103382997093,0.19880865966729278,0.4784562581792143,0.7929525564256104,0.40376007162041183,0.0,0.9211591499831346,0.0,0.0,0.0,0.0,1.0,0.5,0.0,0.3333333333333333,0.8571428571428571,0.75,0.3333333333333333,0.8260869565217391,0.9387755102040817,0.8623853211009175,0.75,0.8148148148148148,1.0,1.0,0.034482758620689655,0.9375,1.0,0.75,0.0,0.9714285714285714,0.0,0.0,0.0,0.0,0.48796743970062006,0.09318301920028184,0.0,0.14047599751465542,0.43600821587931154,0.1265755797171173,0.16669468257970527,0.6909144311729,0.44769131889159935,0.649352149825568,0.5288594083202752,0.285303914139189,0.17267663441805922,0.33413313787425103,0.2841846285500348,0.5214290839941157,0.6545129647935518,0.32961112244204227,0.0,0.9311451407483178,0.0,0.0,0.0,0.0,1.0,1.0,0.0,0.5,0.9230769230769231,0.75,0.5,0.95,0.6571428571428571,0.9690721649484536,1.0,0.8461538461538461,1.0,0.6071428571428571,1.0,0.8333333333333334,1.0,0.6,0.0,0.9714285714285714,0.0,0.0,0.0,0.0
45,0.21389256428520437,0.5459071581255162,0.43907844422755393,0.4037624347860459,0.40802988218712,0.8337129840546698,0.7412515423837868,0.8400047097963764,0.7453525009939407,0.4023446239205334,0.1371155160628845,0.0,0.24103794810259488,0.34214689265536724,0.1661728825374695,0.12706983441324693,0.5278044750867773,0.4854225592888447,0.44960982458431625,0.6504486681268989,0.38546467083671626,0.3298917775842766,0.7759586214544274,0.22268036608272032,0.4495913479345169,0.7839244587747581,0.49953155253898524,0.0,0.9271959761106371,0.0,0.0,0.0,0.0,1.0,0.5,0.0,0.3333333333333333,0.9285714285714286,0.25,0.0,0.8405797101449275,0.9183673469387755,0.8715596330275229,0.8333333333333334,0.8888888888888888,1.0,1.0,0.06896551724137931,0.9375,1.0,1.0,0.0,0.9714285714285714,0.0,0.0,0.0,0.0,0.4557180143425487,0.0844773856649541,0.0,0.15401571784550508,0.45521284858810857,0.14797858306820827,0.16045454545454546,0.6735879276089043,0.42949171886064724,0.6692435034855642,0.5413329569911441,0.2833194651067013,0.09302651887189561,0.37118401958146885,0.2799736557369337,0.552930458548436,0.6555350127108851,0.33563684689095613,0.0,0.9246046467914187,0.0,0.0,0.0,0.0,1.0,1.0,0.0,0.5,1.0,1.0,0.0,0.90625,0.6818181818181818,0.9595959595959596,1.0,0.8571428571428571,1.0,0.6375,1.0,0.8333333333333334,1.0,0.8,0.0,0.9444444444444444,0.0,0.0,0.0,0.0
46,0.21212304550975408,0.543894315949671,0.4408256680959821,0.4026482390879927,0.4073367045451906,0.8291571753986332,0.7795779637032353,0.8376148156414281,0.7703875751656354,0.40643876683520513,0.13807245386192754,0.0,0.27538623068846557,0.3805273069679849,0.22342279539909377,0.09498097295073538,0.5337961455263694,0.46750380754048426,0.45109951105633056,0.6446831060552533,0.3729716749190957,0.3254136086577933,0.7993568265887254,0.19590514177099624,0.47221742100628,0.7818516812528788,0.4522704086943849,0.0,0.9189641659556738,0.0,0.0,0.0,0.0,1.0,0.5,0.0,0.6666666666666666,0.9285714285714286,0.75,0.0,0.8260869565217391,0.8979591836734694,0.8715596330275229,0.8333333333333334,0.8148148148148148,1.0,1.0,0.034482758620689655,0.9375,1.0,1.0,0.0,0.9714285714285714,0.0,0.0,0.0,0.0,0.45314409717891796,0.09003387413086111,0.0,0.1374457254079952,0.4542103133570112,0.13968184789714536,0.16314813179047788,0.6523307696538871,0.4506751062753984,0.6614036819948477,0.55650296420991,0.28447948783923455,0.12395167022032694,0.33946092859137067,0.3231257251474981,0.512693802779143,0.655417406749556,0.3129529050754182,0.0,0.9370098652848693,0.0,0.0,0.0,0.0,1.0,1.0,0.0,0.6666666666666666,0.9285714285714286,1.0,0.0,0.9047619047619048,0.6567164179104478,0.979381443298969,1.0,0.8461538461538461,1.0,0.6144578313253012,1.0,0.9375,1.0,0.5714285714285714,0.0,0.9714285714285714,0.0,0.0,0.0,0.0
47,0.21196522759617714,0.5494247138846766,0.43753260899974233,0.40595896467981013,0.40971321213528256,0.8382687927107062,0.7890424641936569,0.8699349171605268,0.788770361071137,0.3587856279923039,0.13834586466165413,0.0,0.25028748562571873,0.331713747645951,0.2126176368072499,0.16394117042065207,0.5158873258827984,0.5008625244770459,0.4890089707694945,0.6377163852186816,0.346910770849295,0.3209354397313099,0.7758002043580543,0.21039279807829023,0.4533198350576557,0.7491017964071857,0.49082883970768876,0.0,0.9291305383043315,0.0,0.0,0.0,0.0,1.0,0.5,0.0,0.6666666666666666,0.9285714285714286,0.5,0.3333333333333333,0.8260869565217391,0.9387755102040817,0.8807339449541285,0.8333333333333334,0.8518518518518519,1.0,1.0,0.034482758620689655,0.9375,1.0,1.0,0.0,0.9714285714285714,0.0,0.0,0.0,0.0,0.4847211727368898,0.09911851126346718,0.0,0.1305617860309843,0.4516757699310203,0.1390154968094804,0.16148313240806403,0.6772140679904212,0.4349325236167341,0.6395695492384107,0.4993195321922128,0.31379262193765933,0.1581754644105205,0.36502819405260156,0.3018930730492113,0.5272998822414338,0.6961304682818252,0.3032076345303015,0.0,0.924122483515345,0.0,0.0,0.0,0.0,1.0,1.0,0.0,0.6666666666666666,1.0,1.0,0.3333333333333333,0.95,0.6666666666666666,0.96,1.0,0.8846153846153846,1.0,0.6219512195121951,1.0,0.9375,1.0,0.6666666666666666,0.0,0.9714285714285714,0.0,0.0,0.0,0.0
48,0.21201749816393425,0.5489249564386464,0.4377742754208913,0.4056338001587701,0.40917987923562593,0.8428246013667426,0.7808025729262427,0.8753889318781135,0.781666747246528,0.40019687681775473,0.14641148325358852,0.0,0.2624868756562172,0.3511676082862524,0.17296967584524225,0.13334361822482774,0.512225602410436,0.489595312839959,0.48637038911426916,0.6405002472973927,0.37705977198138346,0.34170916780694116,0.7733209767998163,0.22003876346057427,0.43790381655514127,0.7916167664670659,0.41310820095355083,0.0,0.9299118038056311,0.0,0.0,0.0,0.0,1.0,0.5,0.0,0.6666666666666666,0.9285714285714286,0.25,0.3333333333333333,0.8260869565217391,0.9387755102040817,0.8990825688073395,0.9166666666666666,0.8518518518518519,1.0,1.0,0.034482758620689655,0.9375,1.0,1.0,0.0,0.9714285714285714,0.0,0.0,0.0,0.0,0.47564348011061475,0.09400509084525586,0.0,0.14812933807347214,0.4513919147906076,0.1252365930599369,0.15411589895988112,0.6804601986549987,0.4421683491759389,0.6380377459510106,0.5775283189561805,0.2876917305041269,0.09995633505567281,0.36928983451536646,0.28925001967419534,0.5503444566274283,0.650639812220792,0.34364987270302566,0.0,0.9238694129793583,0.0,0.0,0.0,0.0,1.0,1.0,0.0,0.6666666666666666,1.0,1.0,0.3333333333333333,0.9344262295081968,0.7076923076923077,0.9514563106796117,1.0,0.8518518518518519,1.0,0.6296296296296297,1.0,0.9375,1.0,0.8,0.0,0.9444444444444444,0.0,0.0,0.0,0.0
49,0.21098255170823796,0.5521235715161695,0.43833088489356414,0.403620826880478,0.40812451363806934,0.8382687927107062,0.7622698965189486,0.8441388601721447,0.760588252133353,0.43171954002416213,0.1395762132604238,0.0,0.25398730063496827,0.3534839924670433,0.16826420355524574,0.11652782063149233,0.49282879390824774,0.4786466913250241,0.5380869976899656,0.6395110577262771,0.3507987512721701,0.32454285358875484,0.7798952862992974,0.20640420261765607,0.4300023868902113,0.80322432058959,0.4634715079844267,0.0,0.9189840076191987,0.0,0.0,0.0,0.0,1.0,0.5,0.0,0.6666666666666666,0.9285714285714286,0.5,0.0,0.8260869565217391,0.9387755102040817,0.926605504587156,0.75,0.7407407407407407,1.0,1.0,0.034482758620689655,0.9375,1.0,1.0,0.0,0.9714285714285714,0.0,0.0,0.0,0.0,0.4743492047884762,0.10147088054064798,0.0,0.13460519342872285,0.4375495361089095,0.13312650810065493,0.17192716236722305,0.6959355125755712,0.4446144684844001,0.6140936783857806,0.5169932027189125,0.30956693727830953,0.11504541846723697,0.36261287804015735,0.3185760981300315,0.5486662465868515,0.6349171673038413,0.31738405166882905,0.0,0.9337407388740487,0.0,0.0,0.0,0.0,1.0,1.0,0.0,0.6666666666666666,0.9285714285714286,1.0,0.0,0.95,0.71875,0.926605504587156,1.0,0.9090909090909091,1.0,0.6144578313253012,1.0,0.9375,1.0,0.5714285714285714,0.0,0.9714285714285714,0.0,0.0,0.0,0.0
50,0.21098468204145168,0.538246303406345,0.44112653017569853,0.39051678948286206,0.4011685418529727,0.8314350797266514,0.7871847783368828,0.8526931049274932,0.7823224325122076,0.4201082822497651,0.1822282980177717,0.0,0.27863606819659015,0.3724482109227872,0.1976298361798536,0.1591586958757585,0.5182172728500282,0.4736541509961769,0.4431837660906546,0.6508443439553452,0.35304005763359214,0.29754944644856324,0.7904458649177419,0.20868660714953866,0.4589413730380174,0.8130354675264855,0.40594615977181403,0.0,0.9165236413420901,0.0,0.0,0.0,0.0,1.0,0.5,0.0,0.6666666666666666,0.9285714285714286,0.5,0.3333333333333333,0.8405797101449275,0.9183673469387755,0.8532110091743119,0.8333333333333334,0.8518518518518519,1.0,1.0,0.034482758620689655,0.9375,1.0,1.0,0.0,0.9714285714285714,0.0,0.0,0.0,0.0,0.45603127959783374,0.0811666565182975,0.0,0.12737703419272262,0.42810139186527263,0.1403552200012377,0.16053737227034598,0.6865386841394502,0.4542595566618102,0.6687338533118609,0.4823328585790885,0.2823926495405963,0.1150940672665159,0.34743720972335373,0.25878324455745066,0.5178787034457137,0.5886217360856371,0.2980343003882486,0.0,0.9356263925460806,0.0,0.0,0.0,0.0,1.0,0.5,0.0,1.0,1.0,1.0,0.3333333333333333,0.9354838709677419,0.6617647058823529,0.96875,0.9090909090909091,0.8214285714285714,1.0,0.6144578313253012,1.0,0.9375,1.0,0.6666666666666666,0.0,1.0,0.0,0.0,0.0,0.0
51,0.21063194719598255,0.5430668281181789,0.43984292876434133,0.4080991636572975,0.4124012719781418,0.835990888382688,0.8001218905939834,0.867959430740311,0.7987222802648493,0.4491923575998926,0.13110047846889952,0.0,0.2743862806859657,0.3726177024482109,0.2097420704078076,0.15093078268024274,0.5237694305662566,0.49488701706399774,0.43406402794896704,0.6300148378435667,0.37721986529291357,0.29257370319691506,0.7978360224635442,0.2227701656052862,0.46696626254146195,0.7316904652233993,0.4375715683620995,0.0,0.9198396793587175,0.0,0.0,0.0,0.0,1.0,0.5,0.0,0.6666666666666666,0.9285714285714286,0.75,0.3333333333333333,0.8260869565217391,0.9183673469387755,0.8623853211009175,0.75,0.8888888888888888,1.0,1.0,0.06896551724137931,0.9375,1.0,1.0,0.0,0.9714285714285714,0.0,0.0,0.0,0.0,0.43651621880163494,0.1008094186902134,0.0,0.14039755429916345,0.42289524868018896,0.12655765287344234,0.17514023153120897,0.664765796433264,0.43839614524178283,0.6754039748136905,0.5767454496060853,0.2845319831631245,0.1555761344093134,0.34328500637316045,0.29413682712829026,0.5392138227299511,0.7155405405405405,0.3228616197615829,0.0,0.9330113207547169,0.0,0.0,0.0,0.0,1.0,1.0,0.0,0.6666666666666666,1.0,1.0,0.3333333333333333,0.9344262295081968,0.6521739130434783,0.9894736842105263,1.0,0.8571428571428571,1.0,0.6144578313253012,1.0,0.9375,1.0,0.6666666666666666,0.0,0.9714285714285714,0.0,0.0,0.0,0.0
52,0.21035083747684286,0.5439675634815431,0.43981856048270207,0.39985149012166826,0.4071920014377003,0.835990888382688,0.7902012556733484,0.8733006860909307,0.7943951335849698,0.41301624233746476,0.1546138072453862,0.0,0.24308784560771962,0.38310734463276835,0.18952596723597073,0.1486681065514759,0.5132105345374923,0.49729198396170704,0.4513770416867332,0.6357803999152123,0.3745726080343972,0.2976738400298545,0.7767269443718366,0.20705524915625864,0.4405376264434513,0.7995393827729157,0.4605983635568695,0.0,0.9303508006111232,0.0,0.0,0.0,0.0,1.0,0.5,0.0,0.6666666666666666,1.0,0.5,0.3333333333333333,0.8260869565217391,0.9183673469387755,0.8623853211009175,0.75,0.8888888888888888,1.0,1.0,0.06896551724137931,0.9375,1.0,1.0,0.0,0.9714285714285714,0.0,0.0,0.0,0.0,0.47294666188451095,0.0969317792252314,0.0,0.13525091799265607,0.42802137687258035,0.12984299444809266,0.17345653086938262,0.6779675837513028,0.4337578452237329,0.6615592137533348,0.5272897743920305,0.2791367519546646,0.11890683229813664,0.3623059359043516,0.29190711806471353,0.5453285787060621,0.6138774932805205,0.3254531010945039,0.0,0.9233863324742204,0.0,0.0,0.0,0.0,1.0,1.0,0.0,0.6666666666666666,1.0,1.0,0.3333333333333333,0.9193548387096774,0.6521739130434783,0.9791666666666666,1.0,0.8571428571428571,1.0,0.6296296296296297,1.0,0.9375,1.0,0.8,0.0,0.9444444444444444,0.0,0.0,0.0,0.0
53,0.20914004315036017,0.5495594893433212,0.43714451327397685,0.4025132567043593,0.4079408352673766,0.8314350797266514,0.7610222584355397,0.8166538407745845,0.756398509309489,0.4168866615955971,0.11920710868079289,0.0,0.2822358882055897,0.3387193973634652,0.19571279191355873,0.11909904350509103,0.5407118517518289,0.4370124017032916,0.4955431845823572,0.6414753055889211,0.34489245160036136,0.3244184600074636,0.7755942621327694,0.24808614767531487,0.4528671489831025,0.7686780285582681,0.4412150486144365,0.0,0.9262460564693744,0.0,0.0,0.0,0.0,1.0,0.5,0.0,0.6666666666666666,0.7857142857142857,0.5,0.0,0.855072463768116,0.8775510204081632,0.8899082568807339,0.8333333333333334,0.7777777777777778,1.0,1.0,0.10344827586206896,0.9375,1.0,1.0,0.0,0.9714285714285714,0.0,0.0,0.0,0.0,0.4622559599116866,0.07953301714702664,0.0,0.1412874806026931,0.45125194440262933,0.12970662970662972,0.1524486571879937,0.6548872349227015,0.47684252919855014,0.6348086821721638,0.5585235312211627,0.30908960477974146,0.10806779099158828,0.3507644471191735,0.27724627015454606,0.5295516010124828,0.67560017813044,0.32469701380483246,0.0,0.9286760482124251,0.0,0.0,0.0,0.0,1.0,1.0,0.0,0.6666666666666666,1.0,0.5,0.0,0.921875,0.6935483870967742,0.9326923076923077,1.0,0.875,1.0,0.6296296296296297,1.0,0.9375,1.0,0.5714285714285714,0.0,0.9714285714285714,0.0,0.0,0.0,0.0
54,0.20919516645757055,0.5452964829883654,0.4393387702321253,0.40599546512318324,0.4109218367253541,0.8337129840546698,0.7836076815849613,0.8676513405728854,0.7841889765148602,0.41856458901964294,0.13492822966507176,0.0,0.29303534823258837,0.3748587570621469,0.2027710003485535,0.14517124344338167,0.5225488560754691,0.4969967053119075,0.4705103298533169,0.6342400904401894,0.3492092533934064,0.29269809677820624,0.7982320652044769,0.20734709760459774,0.46501559709293233,0.7730538922155689,0.4210613978472237,0.0,0.9078553145895751,0.0,0.0,0.0,0.0,1.0,0.5,0.0,0.6666666666666666,0.9285714285714286,0.5,0.3333333333333333,0.8115942028985508,0.9387755102040817,0.8807339449541285,0.75,0.8518518518518519,1.0,1.0,0.034482758620689655,0.9375,1.0,1.0,0.0,0.9714285714285714,0.0,0.0,0.0,0.0,0.4822031495657105,0.08679212099894477,0.0,0.13264382383560402,0.4589578049342864,0.1407488054194641,0.16437638290439036,0.6688559479994849,0.43458423362822235,0.6537384105021407,0.5478291649883433,0.30618833721023503,0.16214167585446526,0.34171781221389574,0.28553762443578806,0.5317859227047683,0.6685388782664117,0.3006302770840766,0.0,0.9406479996710662,0.0,0.0,0.0,0.0,1.0,1.0,0.0,0.6666666666666666,1.0,1.0,0.3333333333333333,0.9491525423728814,0.6666666666666666,0.96,1.0,0.8518518518518519,1.0,0.6144578313253012,1.0,0.9375,1.0,0.6666666666666666,0.0,0.9714285714285714,0.0,0.0,0.0,0.0
55,0.20825239537835394,0.5493857880534532,0.4395092449396517,0.4086605658691141,0.41354320915208004,0.835990888382688,0.7692757399708383,0.8520272761918677,0.7718715308829543,0.3862365206496935,0.15844155844155844,0.0,0.26443677816109196,0.37380414312617705,0.18900313698152665,0.15226781857451405,0.5225700374115348,0.46636543064059927,0.4833134708470398,0.6369815586801385,0.36980411439810634,0.30476427416345314,0.7826913480502816,0.2324610307488532,0.448776513000321,0.7385536619069554,0.47234077991297285,0.0,0.9283542332189131,0.0,0.0,0.0,0.0,1.0,0.5,0.0,0.6666666666666666,0.9285714285714286,0.5,0.0,0.8260869565217391,0.8979591836734694,0.8990825688073395,0.8333333333333334,0.8518518518518519,1.0,1.0,0.034482758620689655,0.9375,1.0,1.0,0.0,0.9714285714285714,0.0,0.0,0.0,0.0,0.47785651018600533,0.09542236127120039,0.0,0.13613198805724286,0.44077544856990586,0.15151938526021655,0.1566252314202592,0.6680793016257713,0.45689674860496804,0.6488794520547945,0.5509031800738188,0.29729493691250486,0.17531305903398928,0.35474293755901076,0.29972694204031225,0.5286452526153518,0.6840151870653982,0.3091124615091152,0.0,0.9239498017841892,0.0,0.0,0.0,0.0,1.0,1.0,0.0,0.6666666666666666,1.0,1.0,0.0,0.9193548387096774,0.6984126984126984,0.9514563106796117,1.0,0.8518518518518519,1.0,0.6219512195121951,1.0,0.8823529411764706,1.0,0.8,0.0,0.9444444444444444,0.0,0.0,0.0,0.0
56,0.20852925480813586,0.5462579091638522,0.43652785558304474,0.40337535520655005,0.40596255943198334,0.8451025056947609,0.7812100039750385,0.8389746931682416,0.7726237479846383,0.4014497292943756,0.1268626110731374,0.0,0.25853707314634267,0.36851224105461394,0.18943882886023006,0.11179677054407076,0.5047803627833335,0.4781299536878749,0.4849460039670555,0.6464919098424362,0.362914384384041,0.32242816270680436,0.7788338917535981,0.21741961071906968,0.4203807501419788,0.7557346844771995,0.4983448189710812,0.0,0.9304996130875612,0.0,0.0,0.0,0.0,1.0,0.5,0.0,0.6666666666666666,1.0,0.5,0.0,0.8405797101449275,0.9183673469387755,0.8807339449541285,0.9166666666666666,0.8888888888888888,1.0,1.0,0.10344827586206896,0.875,1.0,1.0,0.0,0.9714285714285714,0.0,0.0,0.0,0.0,0.4783153405304545,0.09685836551508194,0.0,0.14750684618895482,0.42414652649832013,0.14050281134880113,0.17926939886204338,0.6844383972773388,0.44231308360828964,0.6378494011799252,0.5074032585428613,0.29372729586524443,0.09313355610649994,0.35317591448521596,0.3261342971959679,0.52440551973387,0.6887620167079468,0.3189255449554975,0.0,0.9238888191155864,0.0,0.0,0.0,0.0,1.0,1.0,0.0,0.6666666666666666,0.9333333333333333,1.0,0.0,0.9354838709677419,0.6818181818181818,0.96,1.0,0.8571428571428571,1.0,0.6623376623376623,1.0,0.9333333333333333,1.0,0.5,0.0,0.9714285714285714,0.0,0.0,0.0,0.0
57,0.20728540465265002,0.5431710488920997,0.4355403938981215,0.4049348373369377,0.4071075728722405,0.8314350797266514,0.7603492225039481,0.8364695640204353,0.7606320149297089,0.42872164302653365,0.12002734107997266,0.0,0.2633368331583421,0.3231261770244821,0.19945974207040781,0.14496554561349378,0.5230307314709643,0.4448567121499394,0.458852002710005,0.6469299795096446,0.3886551018307814,0.31085955964672224,0.8034519085299685,0.21183707373289132,0.4895100290542153,0.736803316444035,0.4241219212591868,0.0,0.9211814718546003,0.0,0.0,0.0,0.0,1.0,0.5,0.0,0.3333333333333333,0.8571428571428571,0.5,0.3333333333333333,0.8405797101449275,0.8775510204081632,0.8990825688073395,0.75,0.8518518518518519,1.0,1.0,0.034482758620689655,0.9375,1.0,1.0,0.0,0.9714285714285714,0.0,0.0,0.0,0.0,0.4632436483187081,0.07789903291633396,0.0,0.1575106911091839,0.44241033442487687,0.12122014510406186,0.1726587860599008,0.6723757658270932,0.46178820473730275,0.6552491855063848,0.5405277761379066,0.2791821881969287,0.12315198107628622,0.3277425233282498,0.30985792158322206,0.532988009248472,0.6876155268022182,0.3315484521988217,0.0,0.9318568994889267,0.0,0.0,0.0,0.0,1.0,1.0,0.0,0.5,1.0,0.6666666666666666,0.3333333333333333,0.9206349206349206,0.7049180327868853,0.9514563106796117,1.0,0.8518518518518519,1.0,0.6071428571428571,1.0,0.8823529411764706,1.0,0.6666666666666666,0.0,0.9714285714285714,0.0,0.0,0.0,0.0
58,0.20743329290914855,0.5413034461080238,0.43539213453912184,0.4007304443956496,0.4043275706265852,0.8246013667425968,0.7613794948165634,0.8443519019544959,0.7652545087697508,0.38256745268244663,0.1644565960355434,0.0,0.23873806309684517,0.37527306967984936,0.19240153363541304,0.11400802221536563,0.5100598107977156,0.5009713113480248,0.44092678905223287,0.6300148378435667,0.37255428878546354,0.3152133349919144,0.7942954003596068,0.2270880259819952,0.4368914458793221,0.7700138185168125,0.4435676958630884,0.0,0.9280169249389869,0.0,0.0,0.0,0.0,1.0,0.5,0.0,0.6666666666666666,0.9285714285714286,0.5,0.0,0.8115942028985508,0.9183673469387755,0.8623853211009175,0.75,0.8518518518518519,1.0,1.0,0.06896551724137931,0.875,1.0,1.0,0.0,0.9714285714285714,0.0,0.0,0.0,0.0,0.44676681907250165,0.0951815808212675,0.0,0.12738088886517634,0.43118035269934,0.134535705581282,0.13213732268446776,0.6863583407261727,0.4337727959307939,0.672662631998406,0.5370022403700224,0.28462909411774984,0.10815655811174185,0.33870945950510367,0.3023413370529043,0.5358794193066408,0.6771580183902459,0.34532782235189236,0.0,0.9239676115359826,0.0,0.0,0.0,0.0,1.0,1.0,0.0,0.6666666666666666,0.9285714285714286,1.0,0.0,0.9333333333333333,0.6428571428571429,0.9591836734693877,1.0,0.8518518518518519,1.0,0.6219512195121951,1.0,0.875,1.0,0.8,0.0,0.918918918918919,0.0,0.0,0.0,0.0
59,0.20672404947293266,0.5426227387963715,0.44370622179425645,0.39542647059914776,0.40629942702068633,0.8473804100227791,0.8153907269493003,0.8753533585579154,0.8191389966723244,0.4723925007830328,0.1345181134654819,0.0,0.2840357982100895,0.3853860640301318,0.21505751132798884,0.13596626555589839,0.5494226762088585,0.4748974295216486,0.4233199193528639,0.6386066558326856,0.38454985191368685,0.32976738400298544,0.756821836212564,0.24123893407966715,0.4205700552277011,0.7730078304928605,0.4395702775290958,0.0,0.927582888549376,0.0,0.0,0.0,0.0,1.0,0.5,0.0,0.6666666666666666,1.0,0.75,0.3333333333333333,0.8260869565217391,0.8979591836734694,0.8623853211009175,0.8333333333333334,0.9259259259259259,1.0,1.0,0.1724137931034483,0.9375,1.0,1.0,0.0,0.9714285714285714,0.0,0.0,0.0,0.0,0.4060655012596396,0.07941247679767573,0.0,0.1266694909585498,0.4023277760301982,0.11005574136008918,0.1585226932070268,0.6437315034837044,0.45241082697638957,0.6839904775093807,0.5448834657631696,0.2846146359216111,0.12843992248062017,0.36970771004712855,0.30478972846229485,0.5315067923193743,0.6303098591549295,0.33515358361774744,0.0,0.9250842854351305,0.0,0.0,0.0,0.0,1.0,1.0,0.0,0.6666666666666666,1.0,1.0,0.3333333333333333,0.9047619047619048,0.6470588235294118,0.9894736842105263,1.0,0.8620689655172413,1.0,0.6710526315789473,1.0,0.9375,1.0,0.8,0.0,0.9444444444444444,0.0,0.0,0.0,0.0
60,0.20692214034613396,0.5477647155337925,0.4387235991480304,0.4098688498140292,0.41395731570012484,0.8405466970387244,0.7865010092660438,0.8737120167944541,0.7953657218431455,0.41726699181171417,0.12973342447026656,0.0,0.24693765311734414,0.39282485875706213,0.1822934820494946,0.15483904144811272,0.5117198980118668,0.4804999533770553,0.4732713514925434,0.6159824772133117,0.3860478679001475,0.300410498818261,0.7761962470989869,0.23640472644820437,0.44660361984246527,0.7600644864117918,0.4598904873935583,0.0,0.9260377190023612,0.0,0.0,0.0,0.0,1.0,0.5,0.0,0.6666666666666666,0.9285714285714286,0.5,0.3333333333333333,0.8405797101449275,0.9183673469387755,0.8807339449541285,0.75,0.8888888888888888,1.0,1.0,0.10344827586206896,0.875,1.0,1.0,0.0,0.9714285714285714,0.0,0.0,0.0,0.0,0.4575697357768455,0.10285033055164192,0.0,0.13529653472127107,0.425199258005993,0.12890504652165877,0.16544865102478157,0.683896901671597,0.45041117642345707,0.6452995139107232,0.5887119646691787,0.28140420778874364,0.1393456811493855,0.3586318455300025,0.2938451664511808,0.5618883906843811,0.7019312574442743,0.3331975744411259,0.0,0.9238060598862844,0.0,0.0,0.0,0.0,1.0,1.0,0.0,0.6666666666666666,1.0,1.0,0.3333333333333333,0.9354838709677419,0.6923076923076923,0.96,1.0,0.8571428571428571,1.0,0.6296296296296297,1.0,0.9333333333333333,1.0,0.8,0.0,0.918918918918919,0.0,0.0,0.0,0.0
61,0.20640005691586918,0.5434113007966401,0.4360057429565829,0.40238312299417217,0.40581622561175085,0.826879271070615,0.7795779637032354,0.844069433652767,0.7766286745533167,0.3740435813682939,0.16855775803144224,0.0,0.28103594820258987,0.3425423728813559,0.20625653537818056,0.16255271006890878,0.5418662345674109,0.48851909986634756,0.46463933262046053,0.6259591606019925,0.35639058193918743,0.30389351909441475,0.8022400177427148,0.18754630287882304,0.4285126381721359,0.7636573007830493,0.43755074847494324,0.0,0.912339530546241,0.0,0.0,0.0,0.0,1.0,0.5,0.0,0.6666666666666666,0.9285714285714286,0.5,0.3333333333333333,0.8260869565217391,0.8979591836734694,0.8715596330275229,0.75,0.8148148148148148,1.0,1.0,0.034482758620689655,0.9375,1.0,1.0,0.0,0.9714285714285714,0.0,0.0,0.0,0.0,0.4494958999865573,0.08059877108118708,0.0,0.13268027853180692,0.4157390688212841,0.12576377450719942,0.155209663164097,0.6536631171469272,0.4398844112636046,0.6556720862058043,0.586663134891729,0.29997449360174405,0.15334881677233067,0.3314277486722536,0.30525443959952253,0.5427412797364636,0.6508459937973541,0.32685309029829857,0.0,0.937080145816934,0.0,0.0,0.0,0.0,1.0,0.5,0.0,0.6666666666666666,1.0,1.0,0.3333333333333333,0.9047619047619048,0.6666666666666666,0.9595959595959596,1.0,0.8461538461538461,1.0,0.6071428571428571,1.0,0.9375,1.0,0.8,0.0,0.9714285714285714,0.0,0.0,0.0,0.0
62,0.20603018775121598,0.5397891057062338,0.4423744141087438,0.39244033339531154,0.40335548118578834,0.8246013667425968,0.7692534794057455,0.8499786543259489,0.7705170352793868,0.47252673497695646,0.18660287081339713,0.0,0.22928853557322135,0.35500941619585685,0.19214011850819102,0.17679728478864548,0.5245955026728198,0.5025992291673143,0.4280726313985095,0.631526884759415,0.3542979336527576,0.305261848488618,0.7799190488637534,0.22324909639230417,0.3932854309159897,0.7679871027176416,0.5109824904749016,0.0,0.9285972935970952,0.0,0.0,0.0,0.0,1.0,0.5,0.0,0.3333333333333333,1.0,0.5,0.3333333333333333,0.8260869565217391,0.9183673469387755,0.8348623853211009,0.8333333333333334,0.8518518518518519,1.0,1.0,0.06896551724137931,0.875,1.0,1.0,0.0,0.9714285714285714,0.0,0.0,0.0,0.0,0.40501256016414505,0.09530126370173846,0.0,0.15124332168062793,0.3903060168122904,0.13454967049060287,0.16777278938122195,0.66928681693966,0.42514781134047386,0.6712521639515275,0.4886716528889472,0.2970950218868214,0.09825825825825826,0.36460045915722433,0.31108770685825715,0.5077140489193956,0.6482503888024883,0.31597852535630144,0.0,0.9223975245256244,0.0,0.0,0.0,0.0,1.0,1.0,0.0,0.5,1.0,1.0,0.3333333333333333,0.9193548387096774,0.6338028169014085,0.9680851063829787,1.0,0.8214285714285714,1.0,0.6375,1.0,0.875,1.0,0.6666666666666666,0.0,0.9444444444444444,0.0,0.0,0.0,0.0
63,0.20626112215362838,0.5482079677409498,0.4389665945717588,0.4078160151461946,0.4127100513160841,0.8451025056947609,0.7968462437097945,0.8690217616777918,0.7983529576368648,0.4217190925768491,0.1295967190704033,0.0,0.26028698565071745,0.3542749529190207,0.19283722551411642,0.14090301347320786,0.540319997034613,0.4574293662387716,0.4690941073717033,0.655620716455875,0.37967844114855515,0.30389351909441475,0.783776505160437,0.2443370176081897,0.4636740001810744,0.7706126209120221,0.41727217838479314,0.0,0.9160722434968948,0.0,0.0,0.0,0.0,1.0,0.5,0.0,0.6666666666666666,0.9285714285714286,0.5,0.3333333333333333,0.855072463768116,0.8979591836734694,0.8807339449541285,0.9166666666666666,0.8518518518518519,1.0,1.0,0.10344827586206896,0.9375,1.0,1.0,0.0,0.9714285714285714,0.0,0.0,0.0,0.0,0.4762867321929403,0.07360819939436292,0.0,0.14727432176299188,0.44687269876713304,0.1248378180177131,0.18532296246195468,0.665675040040187,0.4556502018274772,0.6516228704254897,0.5594679658012469,0.2903725146377832,0.14771146985912087,0.3539640351849931,0.27420302999764856,0.5446889563552685,0.6711867126695017,0.3343677010343677,0.0,0.9375750422013225,0.0,0.0,0.0,0.0,1.0,1.0,0.0,0.6666666666666666,1.0,1.0,0.3333333333333333,0.921875,0.6875,0.96,1.0,0.8518518518518519,1.0,0.6455696202531646,1.0,0.9375,1.0,0.6666666666666666,0.0,0.9714285714285714,0.0,0.0,0.0,0.0
64,0.20571874729123235,0.5512358114298798,0.43589672459507955,0.40543883596810276,0.4097440094207167,0.8428246013667426,0.778518709189177,0.8456149245995523,0.7798559944500076,0.41341894491923575,0.14395078605604922,0.0,0.2673366331683416,0.36427495291902073,0.1840362495643081,0.10495731770029826,0.5346725233060888,0.45857939887483296,0.4940800267735432,0.6522433406344944,0.36770003087513864,0.29568354272919517,0.7694714413579513,0.24626770734335596,0.4467929249281875,0.7541685859051128,0.42441339967937375,0.0,0.9240932359769043,0.0,0.0,0.0,0.0,1.0,0.5,0.0,0.6666666666666666,0.9285714285714286,0.5,0.0,0.8260869565217391,0.8775510204081632,0.8990825688073395,0.9166666666666666,0.8518518518518519,1.0,1.0,0.13793103448275862,0.9375,1.0,1.0,0.0,0.9714285714285714,0.0,0.0,0.0,0.0,0.49084920445188196,0.09252262542834548,0.0,0.13549057368741133,0.42627322211693147,0.1262025694651927,0.1576914162095341,0.660555290238589,0.4654696459416186,0.6342358531589067,0.5309009765467742,0.2873714737674664,0.11111630516080778,0.37613300654733556,0.30630974431527314,0.5518012523379686,0.6955099613440381,0.3211500590783773,0.0,0.9283158676293982,0.0,0.0,0.0,0.0,1.0,1.0,0.0,0.6666666666666666,0.9285714285714286,1.0,0.0,0.9047619047619048,0.6825396825396826,0.9514563106796117,1.0,0.8846153846153846,1.0,0.6538461538461539,1.0,0.9375,1.0,0.6666666666666666,0.0,0.9444444444444444,0.0,0.0,0.0,0.0
65,0.20568184120406735,0.5425666521148237,0.441667084763179,0.40492422328733574,0.41109273916996575,0.826879271070615,0.7739822697409884,0.8468643007237394,0.7740564169729497,0.381202738377556,0.14832535885167464,0.0,0.3049347532623369,0.3692090395480226,0.19771697455559428,0.14424560320888616,0.5345189586196123,0.4729353805986386,0.4330130847529569,0.6478061188440614,0.3848986266280918,0.31372061201641993,0.7810279685383646,0.23641220974175153,0.47212688379136936,0.7535237217871948,0.4566009452228769,0.0,0.9177885473918134,0.0,0.0,0.0,0.0,1.0,0.5,0.0,0.6666666666666666,0.9285714285714286,0.5,0.0,0.8405797101449275,0.8775510204081632,0.8348623853211009,0.9166666666666666,0.8888888888888888,1.0,1.0,0.06896551724137931,0.9375,1.0,1.0,0.0,0.9714285714285714,0.0,0.0,0.0,0.0,0.4608996726987476,0.09441350504698921,0.0,0.14383755483231922,0.42727312352889896,0.13509973206311401,0.15071731771532965,0.6675384966388805,0.4445799853907962,0.6704731089702067,0.5835582259789195,0.2745141216673599,0.14171723982917508,0.36116829173595494,0.29319177370257626,0.5119138986560051,0.6790502677348388,0.31430577849117175,0.0,0.9343839244907596,0.0,0.0,0.0,0.0,1.0,1.0,0.0,0.6666666666666666,1.0,1.0,0.0,0.8923076923076924,0.6417910447761194,0.978494623655914,1.0,0.8,1.0,0.6375,1.0,0.8823529411764706,1.0,0.8,0.0,0.9444444444444444,0.0,0.0,0.0,0.0
66,0.2052201205538275,0.5514455086496964,0.43918303443019524,0.41061589081926636,0.41387566670676507,0.8200455580865603,0.7424117961262261,0.833913695656895,0.7375096687961095,0.41140543201038077,0.13342447026657553,0.0,0.2875356232188391,0.3440677966101695,0.17697804112931334,0.12203023758099352,0.5277541694136212,0.5037453765579833,0.4802626745790105,0.6174803928495726,0.36179944882159887,0.32839905460878216,0.7763625850501786,0.2266764448369016,0.4378379713079335,0.7666052510363888,0.4731319356249089,0.0,0.929797714240362,0.0,0.0,0.0,0.0,1.0,0.5,0.0,0.6666666666666666,0.8571428571428571,0.25,0.0,0.8260869565217391,0.9183673469387755,0.8623853211009175,0.75,0.8518518518518519,1.0,1.0,0.034482758620689655,0.875,1.0,1.0,0.0,0.9714285714285714,0.0,0.0,0.0,0.0,0.4871774492661474,0.08499521031089437,0.0,0.14642156987549965,0.42231057278905276,0.13307561263268247,0.15712110176786068,0.6736056665495147,0.43784804184775816,0.643588074754292,0.6455787840732806,0.3028582915342497,0.1562684976914881,0.36671829868749906,0.30537437117538535,0.5089162712383285,0.6891796761770673,0.309432061110279,0.0,0.9206164832655146,0.0,0.0,0.0,0.0,1.0,1.0,0.0,0.6666666666666666,0.9230769230769231,1.0,0.0,0.9193548387096774,0.6521739130434783,0.9591836734693877,1.0,0.8518518518518519,1.0,0.6144578313253012,1.0,0.9333333333333333,1.0,0.5714285714285714,0.0,0.918918918918919,0.0,0.0,0.0,0.0
67,0.20419843525943732,0.5411381159646553,0.43763124869909864,0.40104164265397224,0.40491750723231673,0.8291571753986332,0.763318434643702,0.845863904061736,0.7657114208432886,0.47650901606335855,0.1593984962406015,0.0,0.29668516574171294,0.3503578154425612,0.19013593586615546,0.10290033940141932,0.5098983031102144,0.495838902185062,0.4537993127035565,0.6318660354695118,0.3599640933572711,0.32454285358875484,0.7850438419314213,0.21043769783957314,0.4126603949068701,0.7497005988023953,0.4399242156107514,0.0,0.9276994583225857,0.0,0.0,0.0,0.0,1.0,0.5,0.0,0.6666666666666666,0.9285714285714286,0.5,0.0,0.8260869565217391,0.9387755102040817,0.8623853211009175,0.75,0.8518518518518519,1.0,1.0,0.06896551724137931,0.875,1.0,1.0,0.0,0.9714285714285714,0.0,0.0,0.0,0.0,0.4436275020307846,0.08205489092188599,0.0,0.12382104999582673,0.44631033490068134,0.12180417550519147,0.14255182731352853,0.6898646663944233,0.4316390792312948,0.653148138901698,0.5168352308848176,0.2910929451909117,0.13740257004423848,0.3445577391733618,0.2989528517514485,0.546911304309884,0.7084221980413493,0.3166918961046747,0.0,0.9230611670755001,0.0,0.0,0.0,0.0,1.0,1.0,0.0,0.6666666666666666,1.0,1.0,0.0,0.95,0.6666666666666666,0.9494949494949495,1.0,0.8518518518518519,1.0,0.6219512195121951,1.0,0.9333333333333333,1.0,0.6666666666666666,0.0,0.918918918918919,0.0,0.0,0.0,0.0
68,0.2038518602357762,0.5490953092699147,0.4406167756198573,0.4073826133808949,0.413805396409489,0.8291571753986332,0.7527150384644926,0.8384320103100609,0.7453107072198795,0.38903306635643653,0.12946001367054,0.0,0.29163541822908856,0.3867231638418079,0.1754095503659812,0.12460146045459221,0.5327529647251324,0.4955086563267336,0.46009884988041694,0.6257754539673568,0.38788894098274423,0.300410498818261,0.7785883452542198,0.22619751404988364,0.4382248121352791,0.7917088899124827,0.4737773521267515,0.0,0.9233070100597234,0.0,0.0,0.0,0.0,1.0,0.5,0.0,0.6666666666666666,0.9285714285714286,0.25,0.0,0.8405797101449275,0.9183673469387755,0.8623853211009175,0.75,0.8888888888888888,1.0,1.0,0.034482758620689655,0.9375,1.0,1.0,0.0,0.9714285714285714,0.0,0.0,0.0,0.0,0.473982609643743,0.09908967249136759,0.0,0.1507079371641174,0.4102159451846821,0.1375187867194972,0.14676842934157128,0.6539930380631385,0.4440560292750525,0.6596652300994479,0.5724942146837145,0.28874654181740794,0.1980157428665136,0.37040833245406446,0.3126111777603111,0.5275031208512493,0.6391967274079583,0.3183191584601611,0.0,0.9295943465721099,0.0,0.0,0.0,0.0,1.0,1.0,0.0,0.6666666666666666,0.9285714285714286,1.0,0.0,0.90625,0.6617647058823529,0.9690721649484536,1.0,0.8571428571428571,1.0,0.6219512195121951,1.0,0.9375,1.0,0.5714285714285714,0.0,0.9714285714285714,0.0,0.0,0.0,0.0
69,0.20436800820335818,0.5416491744584601,0.4420822990561765,0.3985619403929707,0.4071218536162742,0.826879271070615,0.7402643791884365,0.7737549773972829,0.725292653746724,0.4234865094635107,0.13520164046479835,0.0,0.31503424828758564,0.3567231638418079,0.19902405019170444,0.13236655353286023,0.5340053112200185,0.45788005470425513,0.4401574578194255,0.6457994771426553,0.3716852108085856,0.3099888045776838,0.7845606697874835,0.2006046501186102,0.5054363482225899,0.794748963611239,0.43222085736295307,0.0,0.9185574118534098,0.0,0.0,0.0,0.0,1.0,0.0,0.0,0.6666666666666666,0.9285714285714286,0.75,0.0,0.8405797101449275,0.8979591836734694,0.8623853211009175,0.8333333333333334,0.8518518518518519,1.0,1.0,0.034482758620689655,0.9375,1.0,0.75,0.0,0.9714285714285714,0.0,0.0,0.0,0.0,0.4485863923975638,0.0880519943019943,0.0,0.14021852816164854,0.4482995290275247,0.13287567630461342,0.15443691126177475,0.6596274226359063,0.45488617327600184,0.6717440998586084,0.4957476351644537,0.2843389830508475,0.16022632289590433,0.34215344226052713,0.3039135659705689,0.5029772874331442,0.6510697709520396,0.30395314787701316,0.0,0.9310080442433384,0.0,0.0,0.0,0.0,1.0,0.0,0.0,0.5,1.0,1.0,0.0,0.9206349206349206,0.6567164179104478,0.9791666666666666,1.0,0.8518518518518519,1.0,0.6144578313253012,1.0,0.8333333333333334,1.0,0.6,0.0,0.9714285714285714,0.0,0.0,0.0,0.0
70,0.20342164086063275,0.5506548538628028,0.43867611138070417,0.40145994896141995,0.407837074072696,0.8291571753986332,0.7490953382341909,0.809355071874092,0.7407347088066868,0.39545393529911854,0.1320574162679426,0.0,0.2809359532023399,0.38207156308851226,0.1998954339491112,0.14059446672837603,0.5132873168807306,0.47535977372330834,0.5114399758385099,0.6110365293577333,0.3238516163706846,0.2928224903594974,0.7915547845923532,0.21450112623567885,0.46145172308781285,0.8175495163519115,0.4243093002435927,0.0,0.9279970832754618,0.0,0.0,0.0,0.0,1.0,0.0,0.0,0.6666666666666666,0.9285714285714286,0.5,0.3333333333333333,0.8405797101449275,0.9183673469387755,0.8990825688073395,0.75,0.7037037037037037,1.0,1.0,0.034482758620689655,0.9375,1.0,1.0,0.0,0.9714285714285714,0.0,0.0,0.0,0.0,0.4697191145598044,0.0775218682288741,0.0,0.12812093850468567,0.4152271796970937,0.13404230454598573,0.1453250411949184,0.6902661169148383,0.45426867755277833,0.6265459027171889,0.6033544498088355,0.3217178429835622,0.13903490638473806,0.3321026220464591,0.31366197953712316,0.5199243274322332,0.5985768244975044,0.3314036685312866,0.0,0.9254653161676498,0.0,0.0,0.0,0.0,1.0,0.0,0.0,0.5,0.9285714285714286,1.0,0.5,0.9354838709677419,0.6923076923076923,0.9245283018867925,1.0,0.9047619047619048,1.0,0.6071428571428571,1.0,0.9375,1.0,0.6666666666666666,0.0,0.9714285714285714,0.0,0.0,0.0,0.0
71,0.20342833137833535,0.5509943038533643,0.44066007276543756,0.40922955819480944,0.4128432250392146,0.826879271070615,0.7601545201271414,0.8404975368993264,0.7580282181974094,0.4706250838963712,0.1289131920710868,0.0,0.2742862856857157,0.33875706214689266,0.21026490066225165,0.1056772601049059,0.5314291312210246,0.4883947720138004,0.49055375523430933,0.6486116017805412,0.36867774359912636,0.31608409006095284,0.767815982700853,0.2065688350756935,0.426125747960855,0.7544449562413634,0.48506173096541816,0.0,0.9195891783567134,0.0,0.0,0.0,0.0,1.0,0.5,0.0,0.6666666666666666,0.9285714285714286,0.5,0.0,0.8260869565217391,0.8979591836734694,0.8807339449541285,0.75,0.8518518518518519,1.0,1.0,0.034482758620689655,0.875,1.0,1.0,0.0,0.9714285714285714,0.0,0.0,0.0,0.0,0.44032318834512496,0.10070482699700982,0.0,0.14175344306348672,0.4606048190920032,0.15116206226899706,0.16269495685218907,0.6601696504043916,0.444940376113634,0.6273199373695199,0.5770555695247674,0.2943383651875419,0.10974819677795535,0.38077430708315,0.3234287856774617,0.5203891887545357,0.7256335282651072,0.31272063462235405,0.0,0.9323702111073391,0.0,0.0,0.0,0.0,1.0,1.0,0.0,0.6666666666666666,1.0,1.0,0.0,0.9193548387096774,0.676923076923077,0.9504950495049505,1.0,0.8518518518518519,1.0,0.6144578313253012,1.0,0.9333333333333333,1.0,0.5714285714285714,0.0,0.9444444444444444,0.0,0.0,0.0,0.0
72,0.2026401361103138,0.549237618760409,0.4420880918844444,0.39824459976591187,0.4078779811796552,0.8314350797266514,0.747871829273022,0.8345250483685382,0.7492481410814651,0.48539084522797443,0.10157211209842788,0.0,0.24653767311634417,0.35135593220338984,0.2167131404670617,0.10691144708423327,0.5164009732823922,0.47918674043452586,0.4860622484878662,0.643863491839186,0.37846058845727226,0.32354770493842516,0.7771229871127692,0.2077586787496913,0.4128085467130876,0.8181483187471211,0.4782952676396494,0.0,0.9274489573205817,0.0,0.0,0.0,0.0,1.0,0.5,0.0,0.3333333333333333,1.0,0.5,0.0,0.8260869565217391,0.9387755102040817,0.8807339449541285,0.75,0.8518518518518519,1.0,1.0,0.034482758620689655,0.875,1.0,1.0,0.0,0.9714285714285714,0.0,0.0,0.0,0.0,0.4143621084797555,0.0857472590882862,0.0,0.14084144983005342,0.42136049505397716,0.12991694091835135,0.15412558380902958,0.6784943992207612,0.44970429303794235,0.6373929262411993,0.5485816798304758,0.28884243966085277,0.13482971333782592,0.3760814483453888,0.2960218367151098,0.5447722286185998,0.6090803099924559,0.3341381466990531,0.0,0.9241095369072949,0.0,0.0,0.0,0.0,1.0,1.0,0.0,0.5,1.0,1.0,0.0,0.95,0.6865671641791045,0.9504950495049505,1.0,0.8518518518518519,1.0,0.6219512195121951,1.0,0.875,1.0,0.6666666666666666,0.0,0.918918918918919,0.0,0.0,0.0,0.0
73,0.20287240635574244,0.5378264904093867,0.4340526077626008,0.39859354421996623,0.4031456701739087,0.8154897494305239,0.7475180673498687,0.8358654736231608,0.7512227654177173,0.43239071099378046,0.15598086124401914,0.0,0.2599870006499675,0.34977401129943503,0.18098640641338445,0.1257842229764476,0.509352883706522,0.4842608709166071,0.440206433813026,0.6304387762311877,0.38549897654632986,0.3310113198158975,0.7828260025821987,0.21553382074518637,0.4384141172210013,0.7631506218332565,0.4051341841727218,0.0,0.9222157185658446,0.0,0.0,0.0,0.0,1.0,0.5,0.0,0.6666666666666666,0.9285714285714286,0.5,0.0,0.8115942028985508,0.9183673469387755,0.8348623853211009,0.75,0.8518518518518519,1.0,1.0,0.034482758620689655,0.9375,1.0,0.75,0.0,0.9714285714285714,0.0,0.0,0.0,0.0,0.43862197308399337,0.08383541513592946,0.0,0.13430445787489023,0.4449688548155247,0.12097384821480575,0.155420002541619,0.665723105032944,0.4210773466664414,0.6610313359931849,0.5428825233030738,0.2760669377259681,0.13215793394586542,0.3516779526522363,0.315192768579214,0.5208981204404546,0.6569389373513085,0.32415458937198066,0.0,0.9287576932299576,0.0,0.0,0.0,0.0,1.0,1.0,0.0,0.6666666666666666,1.0,1.0,0.0,0.9333333333333333,0.625,0.9578947368421052,1.0,0.8214285714285714,1.0,0.6144578313253012,1.0,0.8823529411764706,1.0,0.6,0.0,0.9444444444444444,0.0,0.0,0.0,0.0
74,0.20300175830223294,0.5493656973018539,0.44486532758821823,0.4070458598911703,0.41505614839061244,0.8428246013667426,0.7927458107120597,0.8732568858207707,0.7970622812678764,0.4885900935164884,0.15297334244702665,0.0,0.28583570821458926,0.3595291902071563,0.19902405019170444,0.1271212588707189,0.5194987436820045,0.46498228328101204,0.49173530107992064,0.6426058079559104,0.3684661917231758,0.3347431272546337,0.759712948221372,0.24635750686592184,0.41244639785344495,0.7569322892676186,0.47334013449647105,0.0,0.9236815214587591,0.0,0.0,0.0,0.0,1.0,0.5,0.0,0.6666666666666666,1.0,0.5,0.3333333333333333,0.8260869565217391,0.9183673469387755,0.8899082568807339,0.8333333333333334,0.8518518518518519,1.0,1.0,0.10344827586206896,0.875,1.0,1.0,0.0,0.9714285714285714,0.0,0.0,0.0,0.0,0.44890030832476874,0.0977548702716869,0.0,0.15482315983317987,0.43554937032305163,0.125460038450975,0.1585835257890685,0.6821943146417445,0.4444935524126456,0.6317837282287518,0.5471477903045325,0.29101845621672395,0.14954984994998333,0.3769913174041043,0.30282208363228286,0.5386194591340986,0.6982960098584966,0.31708507670850766,0.0,0.9257525665564642,0.0,0.0,0.0,0.0,1.0,1.0,0.0,0.6666666666666666,0.9333333333333333,1.0,0.5,0.9344262295081968,0.6923076923076923,0.941747572815534,1.0,0.8518518518518519,1.0,0.6538461538461539,1.0,0.9333333333333333,1.0,0.6666666666666666,0.0,0.9444444444444444,0.0,0.0,0.0,0.0
75,0.20130875266889964,0.5459180406159657,0.438241203712104,0.4055242366313097,0.4107627834214402,0.8337129840546698,0.7859716104796723,0.8736407422711242,0.7925858020307628,0.44078034811400957,0.16390977443609023,0.0,0.2631868406579671,0.36365348399246705,0.1957999302892994,0.164044019335596,0.5160673672393571,0.4801813632549032,0.4812605604486201,0.6171271108598884,0.33649327036329746,0.3147157606667496,0.787919112230592,0.23288009518749392,0.41019942879248045,0.7405803777061262,0.4469821573567071,0.0,0.9325606658862279,0.0,0.0,0.0,0.0,1.0,0.5,0.0,0.6666666666666666,1.0,0.5,0.3333333333333333,0.8260869565217391,0.8979591836734694,0.8807339449541285,0.75,0.8148148148148148,1.0,1.0,0.06896551724137931,0.9375,1.0,1.0,0.0,0.9714285714285714,0.0,0.0,0.0,0.0,0.46869350080883054,0.09514362799555626,0.0,0.11904923445733541,0.41529561046949265,0.13361479455313077,0.16978922716627634,0.6746273202709391,0.44702252636756895,0.6401201879361494,0.5558652818084618,0.29903863742606857,0.16318369453044376,0.3508436556530572,0.28476784831902785,0.5438276791462523,0.697981332754504,0.3220672067206721,0.0,0.9185048929798076,0.0,0.0,0.0,0.0,1.0,1.0,0.0,0.6666666666666666,1.0,1.0,0.3333333333333333,0.9344262295081968,0.6567164179104478,0.9504950495049505,1.0,0.88,1.0,0.6219512195121951,1.0,0.9375,1.0,0.8,0.0,0.9444444444444444,0.0,0.0,0.0,0.0
76,0.20184775366601804,0.5363615397719449,0.43773357535645246,0.39621609520167556,0.40385653112956965,0.8223234624145785,0.7510049363498089,0.8337817247472684,0.7551085845057994,0.41527585126851313,0.17306903622693096,0.0,0.2689365531723414,0.3656497175141243,0.20285813872429417,0.13637766121567418,0.5112406702833798,0.5015152457029186,0.40695581549110676,0.6530912174097364,0.363520451920548,0.3017788282124642,0.7904617066273792,0.20003591980902635,0.515387211206861,0.7652233993551358,0.3801919593595803,0.0,0.9276349729161293,0.0,0.0,0.0,0.0,1.0,0.5,0.0,0.3333333333333333,0.9285714285714286,0.75,0.0,0.8260869565217391,0.9387755102040817,0.8256880733944955,0.8333333333333334,0.8888888888888888,1.0,1.0,0.034482758620689655,0.9375,1.0,0.75,0.0,0.9714285714285714,0.0,0.0,0.0,0.0,0.41461725747727224,0.0975421835272363,0.0,0.13202915981443755,0.44709512515255484,0.14516430753881648,0.1178090711207854,0.678531268009502,0.4183517042673935,0.6948028193059045,0.5077565370248297,0.2849619477038644,0.15248271527341295,0.3409021035875083,0.27886621599065264,0.5028548484240113,0.6639357365518344,0.33123526210774534,0.0,0.9229514507523974,0.0,0.0,0.0,0.0,1.0,1.0,0.0,0.5,1.0,1.0,0.0,0.9344262295081968,0.6216216216216216,0.989010989010989,1.0,0.8571428571428571,1.0,0.6219512195121951,1.0,0.7894736842105263,1.0,0.75,0.0,0.9444444444444444,0.0,0.0,0.0,0.0
77,0.20189231443444375,0.550399115337238,0.4404255830245682,0.4113107987109943,0.4161968120006566,0.8451025056947609,0.7802507807304079,0.8702857249826066,0.7886410209951744,0.38368607096514384,0.16308954203691045,0.0,0.3134843257837108,0.38638418079096043,0.20782502614151271,0.14943947341355548,0.508714795957542,0.45706415317191434,0.5151743953505457,0.6305094326291246,0.3686548731260506,0.2821246423684538,0.7719348272065522,0.24048312143140438,0.48210243874334346,0.7438968217411331,0.41333721971226917,0.0,0.9097551538721006,0.0,0.0,0.0,0.0,1.0,0.5,0.0,0.6666666666666666,0.9285714285714286,0.5,0.3333333333333333,0.8115942028985508,0.9183673469387755,0.926605504587156,0.9166666666666666,0.8148148148148148,1.0,1.0,0.06896551724137931,0.9375,1.0,0.75,0.0,0.9714285714285714,0.0,0.0,0.0,0.0,0.4830985915492958,0.08799881979789038,0.0,0.136738343437868,0.42379113048148226,0.13746397694524495,0.1675990541553723,0.6780021666484348,0.4633925370959038,0.6234463479143463,0.5965691059084649,0.2911267236786259,0.15408655479312452,0.3813384566623494,0.27327227735401416,0.5221290213312177,0.7102022867194371,0.33381534477830277,0.0,0.9395236375465208,0.0,0.0,0.0,0.0,1.0,1.0,0.0,0.6666666666666666,0.9285714285714286,1.0,0.5,0.9491525423728814,0.7142857142857143,0.9351851851851852,1.0,0.88,1.0,0.6375,1.0,0.8823529411764706,1.0,0.6,0.0,0.9714285714285714,0.0,0.0,0.0,0.0
78,0.20204844775645042,0.5421681855414395,0.4418658711652433,0.40132802282995506,0.4098273264918649,0.8382687927107062,0.7931835735961237,0.8701779647784396,0.795875999032192,0.5225513445791758,0.16008202323991796,0.0,0.24758762061896905,0.36404896421845573,0.18891599860578598,0.14563406356062944,0.5335684461636628,0.4480775805799894,0.45133826902513285,0.6392284321345297,0.3927031755651866,0.31832317452419456,0.77888141688251,0.23082967275557317,0.3603381153444118,0.7440810686319669,0.5000936894922029,0.0,0.9273026250520844,0.0,0.0,0.0,0.0,1.0,0.5,0.0,0.6666666666666666,1.0,0.5,0.3333333333333333,0.8260869565217391,0.8775510204081632,0.8807339449541285,0.9166666666666666,0.8888888888888888,1.0,1.0,0.10344827586206896,0.8125,1.0,1.0,0.0,0.9714285714285714,0.0,0.0,0.0,0.0,0.3923897522049559,0.09133452928788706,0.0,0.14974749765641537,0.39583503972479317,0.13334153391967526,0.14347958253115817,0.6590576108000628,0.4645564623329332,0.6642041154636203,0.5564987390047365,0.2694497079258222,0.17915149817978157,0.3650358788175767,0.2778918918918919,0.5482436916911902,0.6782265513477203,0.33268698060941826,0.0,0.9227733475495532,0.0,0.0,0.0,0.0,1.0,1.0,0.0,0.6666666666666666,0.9333333333333333,1.0,0.5,0.9047619047619048,0.671875,0.9696969696969697,1.0,0.8571428571428571,1.0,0.6455696202531646,1.0,0.9285714285714286,1.0,0.6666666666666666,0.0,0.918918918918919,0.0,0.0,0.0,0.0
79,0.2012538591735274,0.5556068055746813,0.44397682415766304,0.412446159229827,0.4180583437426104,0.8428246013667426,0.7935363169134075,0.869801356732774,0.7967330018866287,0.40498456306769876,0.1548872180451128,0.0,0.287685615719214,0.34397363465160075,0.1793307772743116,0.15355343001131339,0.511550447323341,0.48694557548254747,0.5225105910586161,0.6268070373772345,0.36413795469359284,0.3055106356512004,0.7617644496194029,0.22638459638856254,0.47367424710075146,0.7826347305389222,0.48851783223334927,0.0,0.9167294986011627,0.0,0.0,0.0,0.0,1.0,0.5,0.0,0.6666666666666666,1.0,0.5,0.3333333333333333,0.8260869565217391,0.8979591836734694,0.8990825688073395,0.8333333333333334,0.8148148148148148,1.0,1.0,0.10344827586206896,0.9375,1.0,1.0,0.0,0.9714285714285714,0.0,0.0,0.0,0.0,0.5185927920701312,0.07344742642292233,0.0,0.14749685986003946,0.42000091979396614,0.13848327837965144,0.16375102824239102,0.6876635001761798,0.4495312152536172,0.6254219569029951,0.5778154106689246,0.29647370993645694,0.19596265858134526,0.38494976584077173,0.3332745780637201,0.5111829599758398,0.6516203259827421,0.3160219803900442,0.0,0.9323404995951479,0.0,0.0,0.0,0.0,1.0,1.0,0.0,0.6666666666666666,1.0,1.0,0.3333333333333333,0.9344262295081968,0.6875,0.9333333333333333,1.0,0.88,1.0,0.6455696202531646,1.0,0.9375,1.0,0.6666666666666666,0.0,0.9714285714285714,0.0,0.0,0.0,0.0
80,0.20108091608387235,0.5487035396137302,0.4355616352565418,0.40814310048675856,0.4111304076563413,0.826879271070615,0.726475286456099,0.8375935683960409,0.7351992699104389,0.41590227750682357,0.12084757347915243,0.0,0.2995350232488376,0.36847457627118646,0.18482049494597422,0.08716445541499537,0.5454114606914118,0.43639076244055575,0.4870621750238758,0.64158835582562,0.35788288030737914,0.30153004104988185,0.7878795079564986,0.21312420022300216,0.48721367605784505,0.772639336711193,0.41262934354895797,0.0,0.9200132939145618,0.0,0.0,0.0,0.0,1.0,0.5,0.0,0.6666666666666666,0.9285714285714286,0.25,0.0,0.8260869565217391,0.8775510204081632,0.8990825688073395,0.8333333333333334,0.8518518518518519,1.0,1.0,0.034482758620689655,0.9375,1.0,0.5,0.0,0.9714285714285714,0.0,0.0,0.0,0.0,0.4985919270484109,0.12189740761169332,0.0,0.1409050284585352,0.4214721151153523,0.14454136568079595,0.15166428060128848,0.6503703376292077,0.45999983618239454,0.6387776731040979,0.5759336310127867,0.29115054538688745,0.1407747255938208,0.3453233164147393,0.2801991302807894,0.523710519331151,0.6979279354248148,0.3299537175773316,0.0,0.9333823163075561,0.0,0.0,0.0,0.0,1.0,1.0,0.0,0.6666666666666666,1.0,1.0,0.0,0.890625,0.6935483870967742,0.9514563106796117,1.0,0.8518518518518519,1.0,0.6219512195121951,1.0,0.7894736842105263,1.0,0.6666666666666666,0.0,0.9444444444444444,0.0,0.0,0.0,0.0
81,0.20012267860633212,0.5488768223462733,0.43952644938363145,0.40805526360005145,0.41356323937530076,0.8428246013667426,0.7754551717344964,0.8334486230439004,0.7689963696430893,0.38576670097096066,0.14613807245386193,0.0,0.2822358882055897,0.35826741996233524,0.20590798187521783,0.1066543247968734,0.5102822148264057,0.4799055108320642,0.4932780448783355,0.6348618667420335,0.36128486317739483,0.3082472944396069,0.7656694310449984,0.23609042811922384,0.44733614821765144,0.7725011515430678,0.4935978846994649,0.0,0.9234508621202802,0.0,0.0,0.0,0.0,1.0,0.5,0.0,0.3333333333333333,1.0,0.75,0.0,0.8405797101449275,0.8979591836734694,0.8899082568807339,0.9166666666666666,0.8518518518518519,1.0,1.0,0.06896551724137931,0.9375,1.0,1.0,0.0,0.9714285714285714,0.0,0.0,0.0,0.0,0.47547221839238935,0.08819404339575942,0.0,0.13505430881860375,0.428777497295348,0.12045674669929143,0.1341006077848183,0.6885047370000429,0.4365559019162938,0.6384073358053646,0.6179217385324256,0.2940275935878644,0.21776957553387818,0.37813383821590774,0.2910343809673164,0.48947648081270206,0.6801167930573015,0.3020358243942212,0.0,0.9289551225913978,0.0,0.0,0.0,0.0,1.0,1.0,0.0,0.5,1.0,1.0,0.0,0.9206349206349206,0.6984126984126984,0.9603960396039604,1.0,0.8518518518518519,1.0,0.6455696202531646,1.0,0.8823529411764706,1.0,0.5714285714285714,0.0,0.9714285714285714,0.0,0.0,0.0,0.0
82,0.20151845530034515,0.5479141404988115,0.43776730708063777,0.40164053578622677,0.4082897641129942,0.8382687927107062,0.7352881985941343,0.8151031264618469,0.7374301133428595,0.40735603382701685,0.11756664388243336,0.0,0.3089345532723364,0.3353295668549906,0.22159288950853956,0.13370358942713154,0.5188421222639671,0.4620838902185062,0.4902394926087063,0.6537271249911679,0.37041018193461334,0.2811294937181241,0.7661288406244802,0.2186244209801618,0.45231569503773755,0.7991248272685398,0.41441985384439217,0.0,0.9282823071886347,0.0,0.0,0.0,0.0,1.0,0.0,0.0,0.6666666666666666,0.9285714285714286,0.5,0.3333333333333333,0.8260869565217391,0.9183673469387755,0.8990825688073395,0.8333333333333334,0.8518518518518519,0.5,1.0,0.06896551724137931,0.9375,1.0,1.0,0.0,0.9714285714285714,0.0,0.0,0.0,0.0,0.4791578947368421,0.07529988617459067,0.0,0.14989932316052498,0.43695705521472394,0.13502176914091538,0.14375760256552028,0.668100861880864,0.44696531248825583,0.6316023325393445,0.524156450406762,0.2833735024079574,0.14730804327988528,0.36501586894253596,0.32536306129722026,0.5371945259042034,0.6188336008560728,0.33647750900147066,0.0,0.9250450441543934,0.0,0.0,0.0,0.0,1.0,0.0,0.0,0.5,0.9285714285714286,1.0,0.5,0.9344262295081968,0.703125,0.9423076923076923,1.0,0.8518518518518519,1.0,0.6296296296296297,1.0,0.9375,1.0,0.8,0.0,0.9444444444444444,0.0,0.0,0.0,0.0
83,0.20006748185791481,0.5465098806734923,0.43992626321753386,0.41065615561769364,0.41445959572900026,0.8451025056947609,0.7853436018586364,0.8694698770911851,0.7846886719471261,0.42189807150208064,0.14354066985645933,0.0,0.30443477826108695,0.3571374764595104,0.16974555594283722,0.12439576262470431,0.5284107908316586,0.46566220122462937,0.45938053530761,0.6459125273793542,0.3989639675696692,0.29070779947754694,0.7708496700963968,0.23627751045790274,0.4680280171526869,0.7827729157070474,0.43157544086111055,0.0,0.9189790472033176,0.0,0.0,0.0,0.0,1.0,0.5,0.0,0.6666666666666666,0.9285714285714286,0.25,0.3333333333333333,0.8405797101449275,0.9183673469387755,0.8807339449541285,0.9166666666666666,0.8888888888888888,1.0,1.0,0.10344827586206896,0.9375,1.0,1.0,0.0,0.9714285714285714,0.0,0.0,0.0,0.0,0.47169764126166236,0.09297795094306208,0.0,0.13747713982524667,0.4527202845615794,0.14986921064779196,0.16292853775173435,0.6713107944014827,0.45068738343059983,0.6522896914624817,0.557475820516886,0.27582853709442795,0.17243414742123514,0.3582817613860183,0.29658366131562386,0.549835621736608,0.6784031936127745,0.3285050950064183,0.0,0.9325043287428525,0.0,0.0,0.0,0.0,1.0,1.0,0.0,0.6666666666666666,1.0,1.0,0.3333333333333333,0.9206349206349206,0.6818181818181818,0.9696969696969697,1.0,0.8571428571428571,1.0,0.6455696202531646,1.0,0.9375,1.0,0.6666666666666666,0.0,0.9714285714285714,0.0,0.0,0.0,0.0
84,0.2000384477298717,0.5388515372982711,0.4337468222135954,0.40453384567724243,0.40716315991034907,0.8291571753986332,0.7448274016254197,0.8388084570437512,0.7508442635096056,0.372410398675556,0.151742993848257,0.0,0.24768761561921904,0.37410546139359696,0.20364238410596028,0.12609276972127945,0.4981108895896381,0.4568349236937805,0.45434008929956166,0.6105843284109376,0.3828517192878135,0.29742505286727206,0.786778509136706,0.21812304031250235,0.4612130340666848,0.7914785812989406,0.4408402906456247,0.0,0.9331807178713863,0.0,0.0,0.0,0.0,1.0,0.5,0.0,0.3333333333333333,0.9285714285714286,0.5,0.0,0.8260869565217391,0.9183673469387755,0.8807339449541285,0.75,0.8888888888888888,1.0,1.0,0.034482758620689655,0.875,1.0,1.0,0.0,0.9714285714285714,0.0,0.0,0.0,0.0,0.5144799876371504,0.09501797637390857,0.0,0.1280665925600393,0.41166718474769454,0.14734253830149424,0.15649731937707428,0.6847513148555934,0.4501625197646239,0.6403859982166997,0.5987307042097386,0.2741576898038397,0.16190411700975083,0.33771929824561403,0.27656223314420175,0.5198000055657078,0.6542415473652148,0.3146585032396124,0.0,0.9154636917724059,0.0,0.0,0.0,0.0,1.0,1.0,0.0,0.5,1.0,1.0,0.0,0.95,0.6818181818181818,0.96,1.0,0.8571428571428571,1.0,0.6071428571428571,1.0,0.8235294117647058,1.0,0.8,0.0,0.918918918918919,0.0,0.0,0.0,0.0
85,0.20028842543314873,0.5507201488055001,0.44245475354195274,0.41253212626079194,0.41856554081809133,0.8428246013667426,0.738714563769971,0.7672379595906698,0.7274901646200973,0.4510940086804779,0.12426520847573479,0.0,0.29513524323783813,0.36015065913370997,0.2207215057511328,0.10973979224519181,0.5191730806399941,0.4756084294284027,0.4750406092613604,0.6559598671659719,0.3840352662694828,0.2996641373305137,0.7624773265530816,0.24007902357985797,0.504876663621324,0.7631506218332565,0.399741833399263,0.0,0.9232722871485546,0.0,0.0,0.0,0.0,1.0,0.0,0.0,0.3333333333333333,1.0,0.75,0.0,0.8260869565217391,0.9387755102040817,0.8807339449541285,0.9166666666666666,0.8888888888888888,1.0,1.0,0.10344827586206896,0.9375,1.0,0.75,0.0,0.9714285714285714,0.0,0.0,0.0,0.0,0.45720051699507946,0.08847576406462916,0.0,0.16487445186157584,0.4426646914494699,0.1425436128306134,0.1528872331279553,0.6652541941612525,0.44580809864925397,0.6503847206933354,0.5648454611827696,0.28357137730567716,0.20514348973856766,0.36304870091910585,0.30644468005845776,0.5316294428121994,0.6973357464539753,0.33019192405585746,0.0,0.933274166334479,0.0,0.0,0.0,0.0,1.0,0.0,0.0,0.3333333333333333,1.0,1.0,0.0,0.95,0.6865671641791045,0.96,1.0,0.8571428571428571,1.0,0.6623376623376623,1.0,0.7894736842105263,1.0,0.6,0.0,0.9714285714285714,0.0,0.0,0.0,0.0
86,0.19924858885590457,0.5519707980925506,0.44183691229568056,0.4079582023073655,0.41391772021908646,0.8496583143507973,0.784142094271642,0.855602500259363,0.7926971330610324,0.3766387757841514,0.1572112098427888,0.0,0.2628368581570921,0.355969868173258,0.20773788776577204,0.12023038156947444,0.5444609482354623,0.4679467255151835,0.4919536523847228,0.6514661202571893,0.3349094901028028,0.3399676576688643,0.7611862272176413,0.26612088512396076,0.4342658666469131,0.7672961768770152,0.488288813474631,0.0,0.9245768765253278,0.0,0.0,0.0,0.0,1.0,0.5,0.0,0.6666666666666666,1.0,0.5,0.0,0.8405797101449275,0.8979591836734694,0.8990825688073395,0.9166666666666666,0.7777777777777778,1.0,1.0,0.20689655172413793,0.9375,1.0,1.0,0.0,0.9714285714285714,0.0,0.0,0.0,0.0,0.47175362887406824,0.10395010395010396,0.0,0.12969999013125433,0.4365761271249076,0.12506557549050468,0.14956499488229275,0.6475767595654228,0.4439587011732789,0.6393324369551784,0.5457354246818585,0.30205443425707246,0.14469504447268106,0.3798229318999249,0.308657726858482,0.5513385859683588,0.70719592443218,0.32855621865456275,0.0,0.9277130321604463,0.0,0.0,0.0,0.0,1.0,1.0,0.0,0.6666666666666666,1.0,1.0,0.0,0.9206349206349206,0.6984126984126984,0.9333333333333333,1.0,0.875,1.0,0.68,1.0,0.8823529411764706,1.0,0.8,0.0,0.9444444444444444,0.0,0.0,0.0,0.0
87,0.20001585941913705,0.5468237986672297,0.4387403723583112,0.40483999027195183,0.4112720800632412,0.835990888382688,0.733860815724145,0.868854071395146,0.7549478697797197,0.3879144480737393,0.16650717703349283,0.0,0.2886355682215889,0.3893596986817326,0.18900313698152665,0.1553018615653605,0.5206187068264798,0.46380505392720606,0.48752132496388023,0.6294919804988341,0.343886150785029,0.2688145291702948,0.7864537540891413,0.234803301629113,0.4689827732371993,0.7938277291570704,0.4042389290250047,0.0,0.9181605785829083,0.0,0.0,0.0,0.0,1.0,0.5,0.0,0.6666666666666666,1.0,0.25,0.3333333333333333,0.8260869565217391,0.8979591836734694,0.908256880733945,0.75,0.8148148148148148,0.5,1.0,0.10344827586206896,0.9375,1.0,0.75,0.0,0.9714285714285714,0.0,0.0,0.0,0.0,0.48643568522934494,0.08881435029896456,0.0,0.14802184559370274,0.4195669379223573,0.12964734010759116,0.18474337798984522,0.661685230676044,0.45291952801912205,0.6343781366670739,0.5755892081868927,0.2953380342551854,0.1407084255762469,0.348102752525164,0.2950491325403169,0.5175436206254485,0.6507570894536118,0.32483980525672984,0.0,0.9329793239714911,0.0,0.0,0.0,0.0,1.0,1.0,0.0,0.6666666666666666,1.0,1.0,0.3333333333333333,0.9193548387096774,0.6984126984126984,0.9428571428571428,1.0,0.88,1.0,0.6219512195121951,1.0,0.8823529411764706,1.0,0.75,0.0,0.9444444444444444,0.0,0.0,0.0,0.0
88,0.19927702615617393,0.5533126928764474,0.4404822085676203,0.4049638532497575,0.41469567677150354,0.8428246013667426,0.7536189557098036,0.8617965880102921,0.7706248694668001,0.4244485211866303,0.15748462064251537,0.0,0.22668866556672165,0.3724105461393597,0.19161728825374694,0.1482567108917001,0.5372222266350005,0.48813057532713766,0.4751956999077619,0.6434678160107398,0.3683975803039486,0.2856076626446075,0.7497405920046891,0.25281558919711744,0.4724067260920023,0.789590050667895,0.41271262309758283,0.0,0.9324862596480089,0.0,0.0,0.0,0.0,1.0,0.5,0.0,0.3333333333333333,1.0,0.5,0.3333333333333333,0.8260869565217391,0.9387755102040817,0.8807339449541285,0.9166666666666666,0.8518518518518519,0.5,1.0,0.13793103448275862,0.875,1.0,1.0,0.0,0.9714285714285714,0.0,0.0,0.0,0.0,0.46547916973354925,0.0980175274398026,0.0,0.14722691258605014,0.40114002880499827,0.12672160433354462,0.16579446776697912,0.65341190867227,0.44614619768825126,0.6457886723592364,0.5813671416168735,0.2844504092462276,0.13776551062042483,0.40317414342425845,0.3092979822023657,0.5279006668199586,0.6399850662684339,0.3370169503051735,0.0,0.9186649986072355,0.0,0.0,0.0,0.0,1.0,1.0,0.0,0.5,1.0,1.0,0.3333333333333333,0.9344262295081968,0.6764705882352942,0.96,1.0,0.8518518518518519,1.0,0.6623376623376623,1.0,0.875,1.0,0.8,0.0,0.918918918918919,0.0,0.0,0.0,0.0
89,0.19886537031792284,0.5485704383843855,0.4465582915072225,0.4072392996202882,0.4155163291310965,0.8405466970387244,0.8036919169930824,0.8733160786793221,0.8098012633899274,0.4664414515190836,0.15365686944634313,0.0,0.2925853707314634,0.3906026365348399,0.2151446497037295,0.1439370564640543,0.5227156590969867,0.48098949429645976,0.47656498706217504,0.6438917543983608,0.34994110853182997,0.3209354397313099,0.760307012332771,0.25558440780956515,0.4152201288920714,0.7426070935052971,0.482292685973642,0.0,0.9246314411000218,0.0,0.0,0.0,0.0,1.0,0.5,0.0,0.6666666666666666,1.0,0.75,0.3333333333333333,0.8260869565217391,0.8979591836734694,0.8807339449541285,0.75,0.8148148148148148,1.0,1.0,0.13793103448275862,0.9375,1.0,1.0,0.0,0.9714285714285714,0.0,0.0,0.0,0.0,0.4520108401084011,0.102349298852668,0.0,0.15482710268010688,0.41684587093273306,0.13403908794788275,0.17735394753516665,0.6680235233609442,0.4389973191869619,0.6493657440620186,0.5271591369236999,0.2952977390935145,0.12896775806048488,0.3669841221292328,0.30040547790980976,0.5554356682007354,0.6981941015980252,0.3342327004097651,0.0,0.929817954173037,0.0,0.0,0.0,0.0,1.0,1.0,0.0,0.6666666666666666,1.0,1.0,0.3333333333333333,0.9193548387096774,0.6666666666666666,0.96,1.0,0.8461538461538461,1.0,0.6455696202531646,1.0,0.9375,1.0,0.8,0.0,0.9444444444444444,0.0,0.0,0.0,0.0
90,0.19897067623567838,0.5470845598806944,0.439361670148518,0.4062165444345649,0.41164327215316443,0.826879271070615,0.7571744647100496,0.8304688755844218,0.756497788814309,0.37346189986129136,0.1543403964456596,0.0,0.2941352932353382,0.38274952919020716,0.1899616591146741,0.1140594466728376,0.5263800302363573,0.4955358530444783,0.4688900407317013,0.6547869709602204,0.33063842925590914,0.2941908197537007,0.7729962217522515,0.23125622048776107,0.51172456933093,0.7869184707508061,0.412733442984739,0.0,0.9137507688644616,0.0,0.0,0.0,0.0,1.0,0.5,0.0,0.6666666666666666,1.0,0.5,0.0,0.8260869565217391,0.8979591836734694,0.8623853211009175,0.8333333333333334,0.8148148148148148,1.0,1.0,0.06896551724137931,0.9375,1.0,0.75,0.0,0.9714285714285714,0.0,0.0,0.0,0.0,0.5055267859846764,0.1016842294875259,0.0,0.12601208070942038,0.43290449007412457,0.13704658326522914,0.17199131513647642,0.6624162437901289,0.4356720751494449,0.6552250212445605,0.5734298620134892,0.30319935404716714,0.16825554923164485,0.3548533716342745,0.28618658665333113,0.49854860955191327,0.661965282083075,0.30328157270710626,0.0,0.933698787058579,0.0,0.0,0.0,0.0,1.0,1.0,0.0,0.6666666666666666,0.9333333333333333,1.0,0.0,0.9047619047619048,0.6470588235294118,0.9591836734693877,1.0,0.8461538461538461,1.0,0.6375,1.0,0.8823529411764706,1.0,0.5,0.0,0.9714285714285714,0.0,0.0,0.0,0.0
91,0.19861052120204534,0.5449135030360056,0.4428238263919856,0.4014561104768083,0.410194244540726,0.8405466970387244,0.7726207046143149,0.8452733306086273,0.7715504354998516,0.47281757573045774,0.1548872180451128,0.0,0.2839358032098395,0.36536723163841806,0.21427326594632276,0.12223593541088142,0.508076708208562,0.4737901345849004,0.46820641748769476,0.643439553451565,0.3636290866676577,0.3035203383505411,0.7799824157023026,0.2090158720656135,0.47573191107599366,0.7923998157531091,0.4128791821948325,0.0,0.9266404095319352,0.0,0.0,0.0,0.0,1.0,0.5,0.0,0.6666666666666666,0.9285714285714286,0.5,0.0,0.8405797101449275,0.9183673469387755,0.8899082568807339,0.8333333333333334,0.8518518518518519,1.0,1.0,0.06896551724137931,0.9375,1.0,1.0,0.0,0.9714285714285714,0.0,0.0,0.0,0.0,0.46072682086721456,0.08309497616428309,0.0,0.14486875334812888,0.4198623614958449,0.1251781714518428,0.16621215299629397,0.6845336405891607,0.4407633642968157,0.6457294352069707,0.5272219906442499,0.28431184088765304,0.1472007722007722,0.35451933669832447,0.29794655714971463,0.5258561083008844,0.6620867490282107,0.3316553500351206,0.0,0.9244416072210634,0.0,0.0,0.0,0.0,1.0,1.0,0.0,0.6666666666666666,0.9285714285714286,1.0,0.0,0.9354838709677419,0.703125,0.9509803921568627,1.0,0.8518518518518519,1.0,0.6296296296296297,1.0,0.9375,1.0,0.6666666666666666,0.0,0.9444444444444444,0.0,0.0,0.0,0.0
92,0.19842599383481832,0.5491995300438355,0.4390820909651618,0.4092795135169199,0.41214360726573396,0.8337129840546698,0.7567224382031987,0.8471405051703838,0.7571782992290513,0.4142467224484317,0.13082706766917293,0.0,0.2672366381680916,0.36297551789077215,0.18177065179505053,0.11200246837395865,0.5500157536186989,0.4648734964100333,0.4695389726469076,0.6586165477283968,0.3787064460428364,0.3119791018783431,0.7741764291202307,0.2222613016440796,0.44639785344494104,0.7867802855826808,0.45224958880722865,0.0,0.9188227941030576,0.0,0.0,0.0,0.0,1.0,0.5,0.0,0.6666666666666666,1.0,0.25,0.0,0.855072463768116,0.8979591836734694,0.8715596330275229,0.75,0.8518518518518519,1.0,1.0,0.06896551724137931,0.9375,1.0,1.0,0.0,0.9714285714285714,0.0,0.0,0.0,0.0,0.4951728933222796,0.11333491236380862,0.0,0.14470585050220647,0.45022191076851203,0.14935204410395933,0.17625637290604515,0.6443224465742378,0.44804550441675933,0.6403726051187282,0.5139948828797035,0.2815551314150659,0.11061127282349828,0.36816649402015256,0.3242927489709238,0.5558447947199049,0.6743121076941297,0.3418418733476017,0.0,0.9346273973570416,0.0,0.0,0.0,0.0,1.0,1.0,0.0,0.6666666666666666,0.9333333333333333,1.0,0.0,0.8939393939393939,0.676923076923077,0.9693877551020408,1.0,0.8518518518518519,1.0,0.6296296296296297,1.0,0.8823529411764706,1.0,0.8,0.0,0.9444444444444444,0.0,0.0,0.0,0.0
93,0.1978320226385262,0.5492744518050076,0.44136671481769524,0.40313776488295566,0.41098579359076215,0.8428246013667426,0.7571889545653551,0.8076542113532209,0.7503509046519508,0.4140901158888541,0.1699248120300752,0.0,0.28828558572071394,0.3496421845574388,0.24250609968630185,0.11390517330042169,0.5193213499924542,0.4518734653280701,0.49704919638557166,0.6509715254716315,0.35307436334320574,0.2852344819007339,0.7722199779800236,0.24015385651532953,0.47404462661629504,0.7580377706126209,0.44094439008140573,0.0,0.9233218913073672,0.0,0.0,0.0,0.0,1.0,0.5,0.0,0.6666666666666666,0.8571428571428571,0.75,0.0,0.8405797101449275,0.9183673469387755,0.8990825688073395,0.8333333333333334,0.8518518518518519,0.5,1.0,0.10344827586206896,0.9375,1.0,1.0,0.0,0.9714285714285714,0.0,0.0,0.0,0.0,0.4721563225427923,0.07098395294386385,0.0,0.14229658695491226,0.4069438660324836,0.11621497473587505,0.14369120986052547,0.6661968195311492,0.4675803455845106,0.6329734983342256,0.5782246322237284,0.30086822642097777,0.14737450992994408,0.36605027502956805,0.2854576020920986,0.5208823210215968,0.6818162986286614,0.32644347852893124,0.0,0.9303248474973573,0.0,0.0,0.0,0.0,1.0,0.5,0.0,0.6666666666666666,1.0,0.75,0.0,0.9354838709677419,0.703125,0.9514563106796117,1.0,0.8846153846153846,1.0,0.6375,1.0,0.9375,1.0,0.5714285714285714,0.0,1.0,0.0,0.0,0.0,0.0
94,0.19834981419856137,0.5524245142328326,0.4394959178563946,0.40657450235519793,0.41300415630441667,0.8473804100227791,0.7719339490359738,0.847198807209712,0.7786224765315433,0.42690948140856416,0.1395762132604238,0.0,0.2668366581670916,0.3628436911487759,0.23405367723945625,0.12727553224313484,0.5194457903418402,0.45999751344294904,0.51874352088418,0.62065993075673,0.35314297476243295,0.29468839407886555,0.7662159700274853,0.2516032956424782,0.4221997250960929,0.7596038691847075,0.46261789261102204,0.0,0.9245123911188714,0.0,0.0,0.0,0.0,1.0,0.5,0.0,0.6666666666666666,0.9285714285714286,0.5,0.0,0.8405797101449275,0.8979591836734694,0.9174311926605505,0.75,0.7777777777777778,1.0,1.0,0.20689655172413793,0.9375,1.0,1.0,0.0,0.9714285714285714,0.0,0.0,0.0,0.0,0.4717662183544304,0.0909576837416481,0.0,0.13311550644750955,0.42951090106558476,0.11821662778926983,0.13483329701460012,0.6780768180608503,0.46358720550058535,0.6200209272886478,0.5917517717118913,0.29984562057615566,0.1672077922077922,0.37091115448176964,0.3133457595526561,0.5284433913670546,0.662928123492523,0.3171793590750125,0.0,0.9266428846655812,0.0,0.0,0.0,0.0,1.0,1.0,0.0,0.6666666666666666,1.0,1.0,0.0,0.9206349206349206,0.7096774193548387,0.9433962264150944,1.0,0.875,1.0,0.6538461538461539,1.0,0.9375,1.0,0.5714285714285714,0.0,0.9714285714285714,0.0,0.0,0.0,0.0
95,0.1982806035623813,0.5448063523608098,0.4356464923686058,0.40810774359829777,0.4094633540302464,0.8405466970387244,0.7865095935032037,0.8692683325311334,0.7895913896419187,0.3438185153698152,0.14381408065618592,0.0,0.25473726313684314,0.3489642184557439,0.21531892645521086,0.13514347423634682,0.5254639374515147,0.46008687408696736,0.47404680472455085,0.6230763795661697,0.37424670379306796,0.3031471576066675,0.7933211352169126,0.2202707455605361,0.4434842012559981,0.7645785352372179,0.49703316608023984,0.0,0.9210847437449156,0.0,0.0,0.0,0.0,1.0,0.5,0.0,0.6666666666666666,0.9285714285714286,0.5,0.3333333333333333,0.8405797101449275,0.9183673469387755,0.8899082568807339,0.75,0.8518518518518519,1.0,1.0,0.06896551724137931,0.9375,1.0,1.0,0.0,0.9714285714285714,0.0,0.0,0.0,0.0,0.5000813510787153,0.0863144076140466,0.0,0.14419947357993942,0.4231366459627329,0.12965683702382202,0.1524892654055936,0.6694698564335061,0.4561085240862924,0.6468265680601886,0.5591954241651764,0.27487086885314743,0.17218964177206247,0.3438478439989014,0.31796871624249234,0.5269324049444531,0.6942864313200602,0.319119357296582,0.0,0.9292457669316478,0.0,0.0,0.0,0.0,1.0,1.0,0.0,0.6666666666666666,1.0,1.0,0.3333333333333333,0.9508196721311475,0.703125,0.9509803921568627,1.0,0.8518518518518519,1.0,0.6144578313253012,1.0,0.9375,1.0,0.6666666666666666,0.0,0.9714285714285714,0.0,0.0,0.0,0.0
96,0.19767838706022284,0.5480648211358056,0.4396327029889815,0.4050766752322839,0.41283702721425186,0.8428246013667426,0.7953797150693529,0.8683652615421251,0.796927668930593,0.4571121750413889,0.12987012987012986,0.0,0.2644867756612169,0.3603578154425612,0.19449285465318927,0.1664095443793068,0.5143781556881154,0.4681642992571411,0.48527659192385864,0.6151204691584823,0.37812324897940514,0.3076253265331509,0.7647426910312161,0.24414993526951081,0.4542005152390594,0.7558268079226163,0.4304511669546751,0.0,0.9226001507966428,0.0,0.0,0.0,0.0,1.0,0.5,0.0,0.6666666666666666,1.0,0.5,0.3333333333333333,0.8405797101449275,0.8979591836734694,0.8807339449541285,0.8333333333333334,0.8518518518518519,1.0,1.0,0.10344827586206896,0.9375,1.0,1.0,0.0,0.9714285714285714,0.0,0.0,0.0,0.0,0.43073679772320017,0.09305514741894406,0.0,0.14506663741567488,0.4277411422823293,0.1288162982628268,0.15525596123398744,0.6855646638271444,0.45394372511273434,0.6384178819183437,0.5572282601738417,0.2799268574524552,0.15475594493116396,0.3707381509171687,0.3034807359589232,0.533807966878833,0.6806454289032686,0.32608867088308124,0.0,0.9261098828871893,0.0,0.0,0.0,0.0,1.0,1.0,0.0,0.6666666666666666,1.0,1.0,0.3333333333333333,0.9206349206349206,0.676923076923077,0.96,1.0,0.8518518518518519,1.0,0.6455696202531646,1.0,0.9375,1.0,0.6666666666666666,0.0,0.9714285714285714,0.0,0.0,0.0,0.0
97,0.19801465734238224,0.5493878808400781,0.44502737304502976,0.4007945754958259,0.41150203994496926,0.8451025056947609,0.7778805645426794,0.8644019421212894,0.7865545921594056,0.4739585663788089,0.17443609022556392,0.0,0.2511874406279686,0.353879472693032,0.19179156500522831,0.15633035071479995,0.5096255934083682,0.4590417430764927,0.495000367319952,0.643397159612803,0.3601985157062974,0.3055106356512004,0.7621763340699729,0.23073987323300732,0.46411845559972675,0.7938277291570704,0.4570798026274698,0.0,0.9281930197027719,0.0,0.0,0.0,0.0,1.0,0.5,0.0,0.3333333333333333,1.0,0.5,0.3333333333333333,0.8405797101449275,0.8979591836734694,0.8990825688073395,0.8333333333333334,0.8518518518518519,1.0,1.0,0.10344827586206896,0.9375,1.0,1.0,0.0,0.9714285714285714,0.0,0.0,0.0,0.0,0.431712585588523,0.08191564486101303,0.0,0.14262597586941092,0.4333717712177122,0.13603213844252163,0.1523046092184369,0.6951256947428864,0.45927192863112476,0.6314178319675972,0.5483758295494237,0.28765815993388216,0.11403101495032036,0.3726608005948693,0.29638957243924946,0.5249248298781453,0.652852488824911,0.3305279956640219,0.0,0.9231034865508183,0.0,0.0,0.0,0.0,1.0,1.0,0.0,0.5,1.0,1.0,0.3333333333333333,0.9206349206349206,0.6875,0.9607843137254902,1.0,0.8846153846153846,1.0,0.6455696202531646,1.0,0.8823529411764706,1.0,0.8,0.0,0.9444444444444444,0.0,0.0,0.0,0.0
98,0.19750324593953444,0.544803422459535,0.4450072808654666,0.40398577725028156,0.4131700200883853,0.835990888382688,0.7754258132730335,0.8564467585253085,0.7827925158716622,0.4698644234641371,0.16008202323991796,0.0,0.2725863706814659,0.3557815442561205,0.2100906239107703,0.13822894168466524,0.5286173088582995,0.4781027569701302,0.4490363973259108,0.6608351586236134,0.37326327345081134,0.3308869262346063,0.7653446759974336,0.2363298935127328,0.4697399935800884,0.7674343620451405,0.4258499718931523,0.0,0.9180564098494017,0.0,0.0,0.0,0.0,1.0,0.5,0.0,0.3333333333333333,0.9285714285714286,0.75,0.3333333333333333,0.8260869565217391,0.9183673469387755,0.8715596330275229,0.9166666666666666,0.8518518518518519,1.0,1.0,0.06896551724137931,0.9375,1.0,0.75,0.0,0.9714285714285714,0.0,0.0,0.0,0.0,0.4347880092745942,0.08791291291291291,0.0,0.15136455759460285,0.4425599700149925,0.14504000481260904,0.1699867197875166,0.6635646651001559,0.44164821321542264,0.6602693360218925,0.5256685513876868,0.282705848728142,0.14274981217129978,0.36645529293971296,0.2906833327197084,0.5214483458048954,0.6835282051282051,0.32810394610202115,0.0,0.9332662667886975,0.0,0.0,0.0,0.0,1.0,1.0,0.0,0.5,1.0,1.0,0.3333333333333333,0.9344262295081968,0.6617647058823529,0.9693877551020408,1.0,0.8518518518518519,1.0,0.6375,1.0,0.8333333333333334,1.0,0.75,0.0,0.9444444444444444,0.0,0.0,0.0,0.0
99,0.19660264802946026,0.5474332181324056,0.43697507190883716,0.40612158288373035,0.40852761641148383,0.835990888382688,0.747167709960796,0.783784030052554,0.7333207991418795,0.3829477828985637,0.1319207108680793,0.0,0.271786410679466,0.3442749529190207,0.21331474381317533,0.11359662655558984,0.5286861482005131,0.4633271687439779,0.4805748965382135,0.6331943757507242,0.3867053940010749,0.329518596840403,0.7697486712766042,0.21805569067057792,0.46103195963686344,0.7739751266697374,0.44125668838874893,0.0,0.9216353499077362,0.0,0.0,0.0,0.0,1.0,0.0,0.0,0.6666666666666666,1.0,0.5,0.0,0.8405797101449275,0.8979591836734694,0.8807339449541285,0.8333333333333334,0.8518518518518519,1.0,1.0,0.06896551724137931,0.9375,1.0,1.0,0.0,0.9714285714285714,0.0,0.0,0.0,0.0,0.48928081408643953,0.0973174667204518,0.0,0.13128532096797565,0.44150606192339276,0.13166245361157425,0.17888088104299943,0.6696177062374246,0.45303554672511975,0.6361880423154641,0.5703012638572464,0.2769229509404915,0.10540346968008912,0.3716181334964915,0.3011316075027128,0.5319266124743599,0.6528479291320227,0.3412003348573636,0.0,0.9300618963355267,0.0,0.0,0.0,0.0,1.0,0.0,0.0,0.5,0.9333333333333333,1.0,0.0,0.9206349206349206,0.6875,0.9504950495049505,1.0,0.8518518518518519,1.0,0.6375,1.0,0.8823529411764706,1.0,0.8,0.0,0.9444444444444444,0.0,0.0,0.0,0.0
