mean_distance_rank,root_id,n_presynaptic_points,mean_distance_um,cell_type,n_presynaptic_points_over_2um,fraction_presynaptic_points_over_2um
1,864691136335553971,311,0.4604582505302797,L2IT,10,0.03215434083601286
2,864691135878154067,2206,0.4638724186379371,PV,59,0.02674524025385313
3,864691135619865231,802,0.4657236238940992,DTC,18,0.022443890274314215
4,864691136288755395,5388,0.4713852032868174,thalamocortical,79,0.014662212323682257
5,864691134990847098,1546,0.4747068700235226,PV,43,0.0278137128072445
6,864691136053350131,3952,0.4754248666391681,thalamocortical,46,0.011639676113360324
7,864691135164772653,447,0.4769135944613941,L2IT,13,0.029082774049217
8,864691136033871035,5582,0.4809518580670768,thalamocortical,81,0.014510927982801862
9,864691135343506885,3186,0.4812435300357672,AltBasket,64,0.020087884494664157
10,864691135878586963,2888,0.484278575258572,thalamocortical,64,0.0221606648199446
11,864691135928029966,3196,0.4843120594860168,thalamocortical,60,0.01877346683354193
12,864691136484883756,3344,0.4858023256354354,PV,95,0.028409090909090908
13,864691136389921911,275,0.4865733733298562,L2IT,9,0.03272727272727273
14,864691136390675216,7356,0.4874449078668518,PV,227,0.030859162588363243
15,864691135739689073,306,0.4879958190481647,L2IT,9,0.029411764705882353
16,864691135466025285,1675,0.4889337655639649,PV,49,0.029253731343283584
17,864691135866947804,407,0.4900812438102553,L2IT,11,0.02702702702702703
18,864691135347725215,411,0.4915870897520488,L3IT,16,0.038929440389294405
19,864691134991067002,2109,0.4916156598674907,PV,58,0.027501185395922237
20,864691135891796617,9511,0.4919008970989588,PV,264,0.027757333613710442
21,864691135387277397,3085,0.4923220302872371,thalamocortical,78,0.025283630470016208
22,864691135990793216,2528,0.4937085961974874,NMC,70,0.027689873417721517
23,864691135943389556,10237,0.4939812871361542,PV,313,0.030575363876135585
24,864691135570381292,217,0.4963007127612417,ITC,10,0.04608294930875576
25,864691136025184569,143,0.4975655247614934,L2IT,2,0.013986013986013986
26,864691135343601093,3415,0.4977637284364044,PV,98,0.02869692532942899
27,864691135294194358,5402,0.4982688844489062,thalamocortical,109,0.020177711958533875
28,864691135015437462,5643,0.4990221386533795,PV,162,0.028708133971291867
29,864691136011600302,3155,0.5009804504213167,PV,125,0.039619651347068144
30,864691135271970725,9780,0.5019194143292363,PV,267,0.027300613496932514
31,864691135941956865,1856,0.5019756506558122,PV,52,0.028017241379310345
32,864691136905941426,6705,0.503583982930194,PV,191,0.0284862043251305
33,864691135727929663,2532,0.5037714760480522,L1,99,0.03909952606635071
34,864691135611702023,6747,0.5045744090611023,PV,198,0.029346376167185415
35,864691135389122689,5683,0.5045774228006901,PV,157,0.027626253739222242
36,864691136619344859,5830,0.5048271240633512,PV,173,0.02967409948542024
37,864691135592837899,6289,0.5054665609897463,PV,151,0.024010176498648433
38,864691135480800198,232,0.5060145498966349,L2IT,11,0.04741379310344827
39,864691135741641876,4924,0.5066930185832405,PV,143,0.029041429731925264
40,864691135866821340,3151,0.5068917765803505,thalamocortical,71,0.022532529355760077
41,864691136390677264,1770,0.5072616800340556,PV,60,0.03389830508474576
42,864691136288752835,993,0.5076978318059793,thalamocortical,31,0.03121852970795569
43,864691135448017554,6180,0.5081392129163527,PV,183,0.029611650485436892
44,864691135990520064,3350,0.5091376823402518,PV,111,0.03313432835820895
45,864691136058602712,2369,0.5093267617328301,thalamocortical,51,0.021528070915998312
46,864691135817803599,5351,0.5103809899198433,PV,153,0.028592786395066343
47,864691135686540471,6748,0.511127129395049,PV,192,0.02845287492590397
48,864691135700757026,1326,0.5113906280465795,PV,48,0.03619909502262444
49,864691136312445786,7553,0.5126151520170851,PV,178,0.023566794651132
50,864691135470255698,5448,0.512951312529183,thalamocortical,129,0.0236784140969163
51,864691135387551061,7196,0.513156109552903,PV,239,0.03321289605336298
52,864691136274933950,1453,0.5135329169531322,PV,56,0.038540949759119064
53,864691135755605197,5218,0.5136373954965219,thalamocortical,141,0.0270218474511307
54,864691135586022264,5155,0.5140847289831862,PV,197,0.038215324927255094
55,864691136381324501,6744,0.5141958613585181,PV,232,0.03440094899169632
56,864691135810308125,496,0.5154132665434191,L2IT,22,0.04435483870967742
57,864691135106209101,6047,0.515582144136525,PV,169,0.02794774268232181
58,864691135779297981,1187,0.5156683733200164,L4IT,49,0.041280539174389216
59,864691136091233847,3556,0.5160342359178112,thalamocortical,67,0.018841394825646795
60,864691136311213914,6462,0.5160501133196497,PV,173,0.02677189724543485
61,864691136137239691,435,0.5162405904660279,L2IT,17,0.03908045977011494
62,864691135499624723,4829,0.5171552071526916,PV,133,0.0275419341478567
63,864691135571440006,4266,0.5173337017887365,NMC,163,0.038209095171120484
64,864691135492613471,296,0.5174863589132155,L2IT,10,0.033783783783783786
65,864691136011549614,3976,0.5177347043994927,AltBasket,91,0.022887323943661973
66,864691135447888274,2140,0.5178303851992171,PV,63,0.029439252336448597
67,864691135258628527,4170,0.5181007166194687,PV,122,0.029256594724220625
68,864691135941898918,7522,0.519651008657812,NMC,265,0.035229992023398035
69,864691136372954248,1670,0.5198414324183663,NGC,56,0.033532934131736525
70,864691135409856713,4412,0.5199009727281759,PV,134,0.030371713508612876
71,864691135618332265,8244,0.5199388556043134,PV,247,0.029961183891314896
72,864691135281109665,2934,0.520127434125951,PV,98,0.033401499659168374
73,864691135447979922,1979,0.5202587853210511,AltBasket,53,0.026781202627589692
74,864691136389679223,293,0.5203941102792785,L2IT,12,0.040955631399317405
75,864691135646493679,713,0.5204228834336804,L5IT,25,0.03506311360448808
76,864691135739008132,290,0.520682205686898,L2IT,10,0.034482758620689655
77,864691135584316781,3138,0.5209913089544321,PV,121,0.03855959209687699
78,864691136196932172,6259,0.5215377889442109,PV,189,0.030196517015497682
79,864691135362357319,6652,0.5215543760611075,PV,203,0.030517137702946482
80,864691136138695549,7113,0.5217883708594001,PV,219,0.030788696752425137
81,864691135778116013,5369,0.5220848483495771,PV,145,0.027006891413671075
82,864691135102390816,433,0.5226750251382383,L5IT,14,0.03233256351039261
83,864691135993020097,271,0.5226983843447978,L2IT,7,0.025830258302583026
84,864691135274708753,5517,0.5230865697741444,PV,181,0.03280768533623346
85,864691135858363694,4295,0.5240545108923951,PV,132,0.030733410942956927
86,864691135477104960,7722,0.5242679508506125,thalamocortical,182,0.02356902356902357
87,864691135464595518,2257,0.5244910244297337,PV,72,0.03190075321222862
88,864691136090632503,770,0.5249595604363974,L5IT,30,0.03896103896103896
89,864691136011458734,5723,0.5254462925545844,PV,180,0.0314520356456404
90,864691135387529301,7036,0.5256800298880555,PV,226,0.03212052302444571
91,864691136100014453,838,0.5260225575021457,AltBasket,23,0.027446300715990454
92,864691135396720885,4823,0.5261334078609017,PV,173,0.03586979058677172
93,864691135868684566,671,0.5264293743252932,L6IT,27,0.040238450074515646
94,864691135388984961,5812,0.5264844314643455,PV,129,0.02219545767377839
95,864691136489623826,5090,0.5275249567826277,PV,172,0.03379174852652259
96,864691136391023120,6002,0.5278158109115784,PV,194,0.032322559146951015
97,864691135997140906,5129,0.528370824165664,AltBasket,134,0.02612595047767596
98,864691136126503206,282,0.5294983564606794,L2IT,14,0.04964539007092199
99,864691135727925311,214,0.529560664346285,L2IT,6,0.028037383177570093
100,864691136524172689,276,0.5299364672812863,L2IT,12,0.043478260869565216
101,864691134942595939,3347,0.5304548837577973,PV,127,0.03794442784583209
102,864691135499797523,2580,0.5314703104802805,PV,101,0.03914728682170543
103,864691135465932357,296,0.5317507715869595,L3IT,9,0.030405405405405407
104,864691136052688115,665,0.5319629609416302,L5IT,27,0.0406015037593985
105,864691135595810859,6366,0.5327487814960485,PV,220,0.03455859252277725
106,864691135464991645,8379,0.5328280932852926,thalamocortical,178,0.021243585153359588
107,864691136314120765,8802,0.533917146468428,PV,281,0.03192456259940923
108,864691136145494068,7287,0.5339248341688227,PV,235,0.03224921092356251
109,864691135886132080,856,0.5341267649926872,L4IT,38,0.04439252336448598
110,864691135659538306,3578,0.5342334657459035,thalamocortical,95,0.02655114589155953
111,864691135989836288,359,0.5343846852613359,L2IT,13,0.036211699164345405
112,864691135892202633,257,0.5345610761085837,L2IT,9,0.03501945525291829
113,864691136042989910,3855,0.5347175595571713,PV,146,0.037872892347600516
114,864691135351096279,402,0.5348811400494172,L4IT,17,0.04228855721393035
115,864691135577349150,707,0.5353462184760324,AltBasket,17,0.024045261669024046
116,864691135369668089,5952,0.5354171289583688,PV,191,0.03209005376344086
117,864691136137140093,5405,0.5359754434163873,MC,216,0.03996299722479186
118,864691136484415020,342,0.536031490370544,L6IT,16,0.04678362573099415
119,864691135447820946,230,0.5361139728546143,AltBasket,6,0.02608695652173913
120,864691135591041291,1053,0.5364171376169463,L2IT,38,0.03608736942070275
121,864691135496262032,3931,0.5371885345326037,PV,153,0.038921394047316205
122,864691135912137641,4131,0.5376481359648491,PV,145,0.03510045993706124
123,864691136523971473,2862,0.5377555077097618,AltBasket,85,0.0296995108315863
124,864691135573245165,2537,0.5379085626207472,PV,95,0.037445802128498226
125,864691135694246079,324,0.5379344315940952,L3IT,8,0.024691358024691357
126,864691135916843366,719,0.5381013803336152,L4IT,29,0.04033379694019471
127,864691136138622333,6525,0.5382247933919038,PV,216,0.03310344827586207
128,864691135616183499,5653,0.5390853366848433,PV,185,0.03272598620201663
129,864691136445968259,5668,0.5391930755988426,PV,228,0.04022582921665491
130,864691135274195217,420,0.5393745733261108,L2IT,14,0.03333333333333333
131,864691136312057178,4628,0.5397177107766876,PV,173,0.037381158167675024
132,864691135892233097,3988,0.5397490633866016,PV,144,0.03610832497492478
133,864691135584629613,482,0.5397544917822873,L2IT,17,0.035269709543568464
134,864691135700409211,924,0.5402062997363862,L6IT,48,0.05194805194805195
135,864691135778132576,823,0.5406916028343748,L5IT,32,0.038882138517618466
136,864691135258646703,587,0.5407916348195766,L3IT,27,0.04599659284497445
137,864691135853090503,6613,0.5408906986591911,PV,218,0.03296537123846968
138,864691135989817088,845,0.5412727464303463,L2IT,33,0.03905325443786982
139,864691136674327431,597,0.5424545313517253,L3IT,26,0.04355108877721943
140,864691135656578242,307,0.5432492103700918,L2IT,11,0.035830618892508145
141,864691136120663064,229,0.5434425563395804,L2IT,12,0.05240174672489083
142,864691136524014993,5954,0.5448672016161098,PV,175,0.029392005374538125
143,864691135587771772,484,0.5449320408687118,L4IT,14,0.028925619834710745
144,864691136742921308,4429,0.5449499207309526,PV,167,0.037706028448859785
145,864691135361314119,665,0.5449609539863759,L2IT,31,0.04661654135338346
146,864691135994158785,2906,0.545191452252151,DTC,110,0.03785271851342051
147,864691136005322698,1957,0.5457159134265898,PV,86,0.04394481349003577
148,864691134949248508,1104,0.5458182041783264,L5IT,57,0.051630434782608696
149,864691135478334888,2604,0.546453454114325,PV,100,0.03840245775729647
150,864691135309486662,7192,0.5465458810812108,PV,215,0.02989432703003337
151,864691135409940425,467,0.5468931928875614,L3IT,24,0.05139186295503212
152,864691135398817569,196,0.5469136199269976,L2IT,10,0.05102040816326531
153,864691135339600102,645,0.5474589001796043,L4IT,32,0.04961240310077519
154,864691135478434216,3454,0.5479029427778535,PV,135,0.0390851187029531
155,864691134919403530,422,0.5479374580157311,L4IT,14,0.03317535545023697
156,864691136138803837,4613,0.5479792102546618,PV,166,0.03598525905050943
157,864691136392682879,4549,0.5480512310748415,PV,134,0.029457023521653112
158,864691136814442867,295,0.5486830912961798,L2IT,13,0.04406779661016949
159,864691135941886118,245,0.5488131180120974,ITC,7,0.02857142857142857
160,864691136011684526,388,0.5489370561088484,L2IT,22,0.05670103092783505
161,864691135115058329,1921,0.5491825812422689,PV,93,0.048412285268089536
162,864691136484948012,477,0.5497199324361933,L2IT,17,0.03563941299790356
163,864691136196969548,558,0.5497374623479809,L2IT,24,0.043010752688172046
164,864691135853055175,332,0.5497433883942754,L2IT,15,0.045180722891566265
165,864691136392806271,4979,0.5497500787044678,PV,197,0.03956617794737899
166,864691134949263100,578,0.5497501406224129,L4IT,28,0.04844290657439446
167,864691136335899059,544,0.5497625280478421,AltBasket,14,0.025735294117647058
168,864691135764274742,502,0.5498911118678362,AltBasket,15,0.029880478087649404
169,864691135442591048,1141,0.5501302084525774,PV,35,0.03067484662576687
170,864691135493031519,737,0.5501603693916808,L4IT,34,0.04613297150610583
171,864691135689555680,916,0.5508410576961967,NGC,27,0.02947598253275109
172,864691135727686463,406,0.550867981257697,AltBasket,13,0.03201970443349754
173,864691135817949519,488,0.5509667619056389,L2IT,32,0.06557377049180328
174,864691135492600167,5572,0.5516050732493486,PV,215,0.03858578607322326
175,864691135617152361,1171,0.552207466001698,L5IT,51,0.04355251921434671
176,864691135209947769,948,0.552554051262417,L5IT,42,0.04430379746835443
177,864691135725779883,6442,0.5529687930589431,PV,225,0.03492704129152437
178,864691136523889553,6104,0.5529719813979312,PV,182,0.02981651376146789
179,864691135892048777,536,0.5536687238679003,L2IT,30,0.055970149253731345
180,864691135954640675,597,0.5537196967222383,L2IT,20,0.03350083752093802
181,864691136604001745,269,0.5548596827000046,L3IT,12,0.04460966542750929
182,864691135060651419,1003,0.5549518962358073,L2IT,43,0.04287138584247258
183,864691136364183266,2741,0.5550051933937115,PV,134,0.048887267420649395
184,864691136425681967,1045,0.5551681820426831,L4IT,44,0.042105263157894736
185,864691135702298491,375,0.5552239249776204,L6IT,21,0.056
186,864691136953976287,2396,0.555552176967487,PV,109,0.045492487479131885
187,864691135738047620,967,0.5556399308276645,L5IT,47,0.04860392967942089
188,864691135465001373,2408,0.5557036230615603,PV,99,0.04111295681063123
189,864691135492888039,3875,0.5558173555236324,PV,165,0.04258064516129032
190,864691135274830353,751,0.5558871234380771,L4IT,37,0.0492676431424767
191,864691135920851376,936,0.556530130912096,ITC,48,0.05128205128205128
192,864691136195891788,491,0.5572693373763634,L3IT,20,0.04073319755600815
193,864691136145537844,2305,0.557427981093235,AltBasket,54,0.023427331887201735
194,864691135976979567,360,0.5575949807590909,L2IT,18,0.05
195,864691135387558997,564,0.5577670064141564,L2IT,21,0.03723404255319149
196,864691136011485614,9496,0.559535654882272,PV,280,0.02948609941027801
197,864691135839950227,290,0.5596248734967462,L2IT,13,0.04482758620689655
198,864691134948788476,653,0.5600130605244892,L3IT,26,0.039816232771822356
199,864691135373601736,4541,0.5601575918086324,PV,154,0.033913234970270864
200,864691135469845388,775,0.5606361458120038,L4IT,40,0.05161290322580645
201,864691136452609023,446,0.5609065078170845,L6IT,19,0.042600896860986545
202,864691135134565280,2647,0.5611643789199149,PV,116,0.0438231960710238
203,864691135495529360,1598,0.5614684420670377,PV,77,0.04818523153942428
204,864691135540272498,448,0.5615415690626416,L2IT,23,0.05133928571428571
205,864691135566825495,2805,0.5618781705159342,PV,109,0.03885918003565062
206,864691135878468435,305,0.5619101586951585,L2IT,13,0.04262295081967213
207,864691135503782210,1854,0.5619170187916185,AltDTC,76,0.040992448759439054
208,864691135885917808,2580,0.5619269977983578,PV,130,0.050387596899224806
209,864691135782156880,643,0.5620032500864744,L3IT,21,0.03265940902021773
210,864691135442606920,504,0.5632939440712096,L2IT,31,0.061507936507936505
211,864691136620192653,3840,0.5633133778472742,MC,189,0.04921875
212,864691136336192947,3511,0.5635578284729447,PV,149,0.04243805183708345
213,864691137199860033,4536,0.563905211663961,PV,198,0.04365079365079365
214,864691136975088156,711,0.5643918995059157,L4IT,24,0.03375527426160337
215,864691135774177531,498,0.5644711400227375,L2IT,19,0.03815261044176707
216,864691136619529179,439,0.5644739714059851,L2IT,19,0.04328018223234624
217,864691136007059658,7234,0.5651484303069702,AltBasket,245,0.03386784628144871
218,864691135464302493,922,0.5658103787490447,L6IT,43,0.046637744034707156
219,864691135839248787,430,0.5664652162330095,L4IT,21,0.04883720930232558
220,864691135464263742,1067,0.5665762642929235,L5IT,50,0.046860356138706656
221,864691135584019053,5112,0.56695771280626,NMC,227,0.04440532081377152
222,864691136927176778,533,0.5670685827172943,L5IT,20,0.0375234521575985
223,864691136391024144,603,0.5672481996811445,NGC,26,0.04311774461028192
224,864691136380324821,492,0.5673035778340285,L2IT,26,0.052845528455284556
225,864691135994134977,940,0.5674956665039063,L4IT,44,0.04680851063829787
226,864691135977768259,4106,0.5679266224121153,PV,139,0.03385289819775938
227,864691136053263859,459,0.5681197228836857,AltBasket,12,0.026143790849673203
228,864691135689296608,7575,0.5681784407642729,PV,265,0.03498349834983498
229,864691135210178169,3426,0.5682692247639605,PV,150,0.043782837127845885
230,864691135694264511,618,0.5685436090327389,L4IT,31,0.05016181229773463
231,864691136040742142,5445,0.5688218287069498,PV,198,0.03636363636363636
232,864691135304641703,498,0.568941040383764,L2IT,26,0.05220883534136546
233,864691135760106830,520,0.569138742026916,L4IT,27,0.051923076923076926
234,864691134920000010,2394,0.5695074607431639,PV,110,0.04594820384294068
235,864691136034487739,1655,0.5696218807024538,PV,72,0.04350453172205438
236,864691135778954848,331,0.5701166671799028,L4IT,14,0.04229607250755287
237,864691135741889940,5490,0.5703476238511299,PV,235,0.042805100182149364
238,864691135857099310,938,0.5706946338966711,L6IT,46,0.04904051172707889
239,864691135447312274,1241,0.5710095714151042,L4IT,54,0.043513295729250605
240,864691135996891050,707,0.5719164323280691,AltBasket,23,0.03253182461103253
241,864691136331247338,472,0.5723278387118194,L2IT,29,0.0614406779661017
242,864691135858298670,1182,0.5723719585405792,L5IT,60,0.050761421319796954
243,864691135408808649,391,0.5724161637933053,L2IT,19,0.04859335038363171
244,864691135405480430,3079,0.5726722519646298,PV,136,0.0441701851250406
245,864691135891690121,3446,0.5726922189396477,PV,161,0.04672083575159605
246,864691136953677535,1048,0.5730548667707516,L4IT,62,0.05916030534351145
247,864691135455507818,719,0.5730960288651298,L4IT,32,0.04450625869262865
248,864691135732518585,451,0.5731186708505296,L2IT,29,0.06430155210643015
249,864691136603935441,8381,0.5731248505504386,PV,295,0.03519866364395657
250,864691135920776624,2191,0.5731824666096814,MC,101,0.046097672295755364
251,864691136967634382,1016,0.5731990789362764,L4IT,41,0.040354330708661415
252,864691135783909427,2856,0.5733342031437476,MC,122,0.042717086834733894
253,864691136239068732,796,0.5738446983164878,L3IT,42,0.052763819095477386
254,864691135272003237,471,0.5738994823058953,L2IT,19,0.040339702760084924
255,864691135495542672,5017,0.5741548313842676,PV,172,0.03428343631652382
256,864691135562001633,9176,0.5741918688685144,NMC,351,0.03825196163905841
257,864691135779683261,289,0.574197106292091,L2IT,13,0.04498269896193772
258,864691136663528670,492,0.5743433756867076,L3IT,29,0.05894308943089431
259,864691136118771108,1016,0.5748954729771051,L5IT,46,0.045275590551181105
260,864691135384843738,579,0.5750614429862594,L5IT,33,0.05699481865284974
261,864691136453186559,4445,0.5755634042836416,PV,174,0.0391451068616423
262,864691135347633055,314,0.5755999018249998,L2IT,14,0.044585987261146494
263,864691136489262866,582,0.5758175995554712,L6IT,19,0.03264604810996564
264,864691136111478712,231,0.5759385225370333,L2IT,12,0.05194805194805195
265,864691135641196091,3829,0.5759905153151498,MC,182,0.04753199268738574
266,864691136010068652,617,0.5759946086889728,L4IT,25,0.04051863857374392
267,864691136579969300,251,0.5759986467247465,L2IT,13,0.05179282868525897
268,864691136010651052,756,0.5762589473875742,L2IT,43,0.056878306878306875
269,864691136313301565,518,0.5765779671540131,L5IT,27,0.052123552123552123
270,864691136137064075,1310,0.5766987951875643,ITC,76,0.05801526717557252
271,864691134991010426,638,0.5767527087549431,L2IT,23,0.03605015673981191
272,864691135702887291,3821,0.5768961098308308,PV,148,0.038733315885893745
273,864691135720572977,9962,0.5771538895997769,NMC,410,0.04115639429833367
274,864691136025913913,3152,0.5783308956665436,L1,155,0.0491751269035533
275,864691135686414775,227,0.5783406148566023,L2IT,12,0.05286343612334802
276,864691135917047910,378,0.5789831906676922,L6IT,14,0.037037037037037035
277,864691136905758130,635,0.5791129066767655,L4IT,32,0.050393700787401574
278,864691135339982310,3782,0.5792043638506748,PV,155,0.040983606557377046
279,864691135546339880,1349,0.5794836812369287,L4IT,70,0.05189028910303929
280,864691135499964947,990,0.5794855746490787,L5IT,58,0.05858585858585859
281,864691135511861968,3895,0.5795145036442748,MC,192,0.049293966623876764
282,864691135343509701,5322,0.5796138991431515,MC,266,0.04998121007140173
283,864691136620914829,603,0.5797189036064085,L4IT,35,0.05804311774461028
284,864691135975633475,494,0.5797256384475029,L5IT,30,0.06072874493927125
285,864691135756630226,568,0.579825619341622,MC,21,0.03697183098591549
286,864691136991359893,295,0.5800184681391312,L3IT,16,0.05423728813559322
287,864691135496444816,3053,0.5800884904892688,PV,137,0.04487389452997052
288,864691136380268245,298,0.5807690973857905,L2IT,13,0.0436241610738255
289,864691135576872222,690,0.5808131351166878,L4IT,36,0.05217391304347826
290,864691135546161704,872,0.5811136633868612,L4IT,46,0.052752293577981654
291,864691135849088094,953,0.581271138318313,L5IT,53,0.055613850996852045
292,864691135756075981,760,0.581682376204039,L5IT,40,0.05263157894736842
293,864691135502748482,338,0.5822308237087092,L5IT,19,0.05621301775147929
294,864691134887444986,854,0.5822311727135188,NGC,35,0.040983606557377046
295,864691136111559352,404,0.5822691586749388,L2IT,17,0.04207920792079208
296,864691135869457430,7364,0.5823766956748943,PV,315,0.04277566539923954
297,864691135685250546,4724,0.5823956053263044,PV,229,0.04847586790855207
298,864691135749995049,311,0.5824741109375785,L2IT,15,0.04823151125401929
299,864691134942468707,518,0.5827576048530667,L3IT,21,0.04054054054054054
300,864691135562950369,1709,0.5827653924039123,ITCperi,92,0.053832650672908135
301,864691136275894285,561,0.5829203025831471,L4IT,23,0.040998217468805706
302,864691136111294392,651,0.5830641101128129,L4IT,32,0.04915514592933948
303,864691134941412707,384,0.5831385884185633,L3IT,17,0.044270833333333336
304,864691135464928318,352,0.5835991065718911,L2IT,19,0.05397727272727273
305,864691134886792442,212,0.5838570146920545,MC,10,0.04716981132075472
306,864691135214643256,1186,0.5839198394537374,L6IT,72,0.06070826306913996
307,864691136023980601,832,0.583952664063527,L5IT,42,0.05048076923076923
308,864691136135963787,388,0.5842960051310431,L3IT,23,0.059278350515463915
309,864691135701746978,678,0.5843229255338686,L4IT,39,0.05752212389380531
310,864691135577617694,281,0.5845516108448395,L2IT,14,0.0498220640569395
311,864691135586724220,908,0.5846905888712879,L5IT,50,0.05506607929515418
312,864691136968429774,249,0.5848421781608857,L4IT,18,0.07228915662650602
313,864691135920591792,5065,0.5851907384505276,PV,185,0.03652517275419546
314,864691135699522069,476,0.5855112720277129,L5IT,22,0.046218487394957986
315,864691136906067890,354,0.5855389448478397,L3IT,19,0.05367231638418079
316,864691135577651230,629,0.5856131872592556,L2IT,34,0.05405405405405406
317,864691136603811281,1081,0.5857724673776689,L2IT,54,0.04995374653098982
318,864691136453384959,424,0.5858657832145691,L3IT,16,0.03773584905660377
319,864691135738995588,340,0.5858862050449147,L2IT,16,0.047058823529411764
320,864691135448811860,1979,0.585909838571881,PV,96,0.04850934815563416
321,864691135570303724,867,0.5860647121284247,L4IT,43,0.049596309111880045
322,864691135778290109,3813,0.5861522923916492,PV,158,0.04143718856543404
323,864691135971464805,1474,0.586342759705625,PV,52,0.035278154681139755
324,864691136118430628,1258,0.5864618808552267,AltBasket,46,0.03656597774244833
325,864691135717457946,1739,0.5864969392066856,L4IT,93,0.053479010925819435
326,864691135464795710,429,0.5868347134445653,L2IT,21,0.04895104895104895
327,864691135492665959,2074,0.5869754261092256,MC,109,0.05255544840887175
328,864691135977010031,825,0.5869793013127645,L4IT,41,0.0496969696969697
329,864691135196385578,1236,0.5870401901257463,L4IT,58,0.04692556634304207
330,864691135214970752,1366,0.5870806518431813,AltBasket,66,0.048316251830161056
331,864691136268801012,5493,0.5871551032952657,PV,248,0.045148370653559075
332,864691136674749575,1289,0.5872774129146934,L2IT,49,0.03801396431342126
333,864691135493149927,903,0.5873262067311098,L4IT,39,0.04318936877076412
334,864691135891467401,295,0.5875179227538029,L5IT,22,0.07457627118644068
335,864691135619294351,962,0.5880583043485075,L4IT,57,0.059251559251559255
336,864691136381224149,299,0.5883623452074951,L2IT,17,0.056856187290969896
337,864691135155894884,980,0.5884450755878371,L2IT,51,0.05204081632653061
338,864691135067181124,458,0.5887220037701869,L5IT,18,0.039301310043668124
339,864691136119885080,782,0.588742727050391,L3IT,49,0.06265984654731457
340,864691134887552506,286,0.5893833199581067,L2IT,13,0.045454545454545456
341,864691136380757461,932,0.5895698864367899,L5IT,60,0.06437768240343347
342,864691135802453858,417,0.5895844297157489,L2IT,16,0.03836930455635491
343,864691136007128778,6444,0.5901713350757466,NMC,290,0.04500310366232154
344,864691136311059034,702,0.5902985228677081,L2IT,39,0.05555555555555555
345,864691136022090744,473,0.5905504420726042,L3IT,21,0.04439746300211417
346,864691135431441968,1880,0.5906170403967512,thalamocortical,65,0.034574468085106384
347,864691135361430087,403,0.5906649002094128,L5IT,19,0.04714640198511166
348,864691135350977751,4627,0.5907009904961208,MC,229,0.049492111519342984
349,864691135928376590,535,0.590859803158769,L3IT,20,0.037383177570093455
350,864691136021592568,7129,0.5910975861909897,PV,309,0.043344087529807826
351,864691135212863360,8136,0.5911522231071513,MC,419,0.05149950835791544
352,864691136034181307,303,0.5913100601297007,L4IT,12,0.039603960396039604
353,864691135480652998,707,0.5913412541169594,L5IT,31,0.04384724186704385
354,864691136674492295,570,0.5916549107534844,L4IT,27,0.04736842105263158
355,864691135466333509,4594,0.5918477696662475,PV,223,0.048541575968654764
356,864691135134585248,916,0.5919336793433111,AltBasket,30,0.03275109170305677
357,864691135760050254,350,0.5919491479056223,L3IT,20,0.05714285714285714
358,864691135760577870,1785,0.5922245500858424,AltBasket,51,0.02857142857142857
359,864691135360300632,682,0.5924885067478304,L6IT,27,0.039589442815249266
360,864691135739587697,452,0.5926571796467874,L3IT,28,0.061946902654867256
361,864691135996104618,4078,0.5928569864679517,PV,179,0.04389406571848946
362,864691135477839784,455,0.5929093649644118,L6IT,19,0.041758241758241756
363,864691135493051879,403,0.5930309943158928,L3IT,20,0.04962779156327544
364,864691135717386266,747,0.5932157511628137,L3IT,37,0.049531459170013385
365,864691135115194009,682,0.5933522562099691,ITC,43,0.06304985337243402
366,864691135719900721,706,0.5933580429290577,L4IT,37,0.05240793201133145
367,864691136311451226,574,0.5935368604294514,L6IT,32,0.05574912891986063
368,864691135496333968,779,0.59356463540289,L2IT,42,0.05391527599486521
369,864691135646806255,372,0.5936358865102133,L3IT,13,0.03494623655913978
370,864691136102330485,338,0.5936377748455521,L2IT,15,0.04437869822485207
371,864691135546797608,1466,0.5937002300455008,PV,80,0.054570259208731244
372,864691135280944545,479,0.5937248254668489,L4IT,30,0.06263048016701461
373,864691135784960307,350,0.5937391538674491,L2IT,20,0.05714285714285714
374,864691136674495623,502,0.5939047345925137,L5IT,19,0.037848605577689244
375,864691135955262472,528,0.594111807830406,L4IT,22,0.041666666666666664
376,864691136968542926,476,0.5942333053620923,L3IT,26,0.0546218487394958
377,864691135742677867,684,0.5943671363403922,ITC,39,0.05701754385964912
378,864691135503004765,517,0.5945054539582716,ITCperi,20,0.03868471953578337
379,864691135547082280,254,0.5948483143153153,L4IT,15,0.05905511811023622
380,864691135336847849,422,0.5950752014684452,L2IT,23,0.054502369668246446
381,864691135084038647,2462,0.5951192854657393,DTC,134,0.054427294882209584
382,864691135430356784,766,0.5951309898565705,L5IT,42,0.05483028720626632
383,864691136814060915,415,0.5951927568090968,AltBasket,14,0.033734939759036145
384,864691136390905207,8637,0.5953443573571554,MC,402,0.04654393886766238
385,864691135340055782,581,0.5953858900808836,L5IT,29,0.04991394148020654
386,864691135518791818,4928,0.595398166143662,PV,196,0.03977272727272727
387,864691135764678198,4771,0.5955766740204078,MC,242,0.050723118843009854
388,864691136139027581,517,0.5955922516872619,L4IT,33,0.06382978723404255
389,864691136372047496,313,0.5957728987745584,L4IT,20,0.06389776357827476
390,864691135947258916,440,0.5958095987406643,L2IT,30,0.06818181818181818
391,864691135466283333,583,0.5960413064187836,L4IT,27,0.04631217838765009
392,864691135528193883,731,0.596054298546996,ITC,48,0.06566347469220246
393,864691135743102827,1678,0.5961953619791015,L2IT,77,0.045887961859356376
394,864691135503443549,694,0.5963916294966376,L4IT,36,0.05187319884726225
395,864691136022214648,660,0.5965275908701347,L4IT,35,0.05303030303030303
396,864691136392254847,629,0.5966189929252588,L6IT,30,0.04769475357710652
397,864691136137210507,1048,0.5966656124755626,ITC,59,0.05629770992366412
398,864691135688823008,1429,0.5969126901486438,L6IT,74,0.05178446466060182
399,864691135356708303,861,0.5970622979628223,DTC,46,0.053426248548199766
400,864691135584068717,5461,0.5971037336402576,PV,257,0.04706097784288592
401,864691136299026971,494,0.5971197234319772,L2IT,25,0.05060728744939271
402,864691136026013497,324,0.5972264982859293,ITC,20,0.06172839506172839
403,864691135977801539,1431,0.5974443914838641,L3IT,80,0.055904961565338925
404,864691135885996912,469,0.5978559464655959,ITCperi,17,0.03624733475479744
405,864691136314114621,567,0.5979567296668966,L1,31,0.054673721340388004
406,864691135941975974,502,0.5980462229831285,L4IT,28,0.055776892430278883
407,864691135014696182,1194,0.5980896781141833,L6IT,71,0.059463986599664995
408,864691135106189901,5555,0.5986490950253931,PV,217,0.039063906390639065
409,864691136391042167,803,0.5990376673659233,L3IT,34,0.04234122042341221
410,864691135465100189,662,0.599048762468413,L4IT,26,0.03927492447129909
411,864691135336840425,2403,0.5990512802800286,PV,117,0.04868913857677903
412,864691135480892614,1293,0.5996419966565668,L4IT,62,0.04795050270688322
413,864691135970210661,1676,0.5996723396738275,L5IT,81,0.04832935560859188
414,864691135817952079,2440,0.5997787610108735,PV,141,0.05778688524590164
415,864691135274713617,91,0.6002685138157436,ITC,4,0.04395604395604396
416,864691135946994785,2968,0.6003652732198772,PV,152,0.05121293800539083
417,864691136314178365,266,0.6003670624897892,ITCperi,15,0.05639097744360902
418,864691135755707597,1572,0.600704297776744,AltBasket,78,0.04961832061068702
419,864691135196201514,1073,0.6009153777315365,AltBasket,47,0.04380242311276794
420,864691136211325884,685,0.6009535125398288,L2IT,46,0.06715328467153285
421,864691136452602367,205,0.6010164878845214,L2IT,11,0.05365853658536585
422,864691135801463650,336,0.6016624350888389,L3IT,20,0.05952380952380952
423,864691135184104194,1243,0.6016747980094781,L4IT,73,0.058728881737731296
424,864691136485007404,875,0.6018208766152517,L4IT,33,0.037714285714285714
425,864691135376096329,550,0.6018504065392234,ITC,33,0.06
426,864691135119630813,545,0.6022228326919976,ITCperi,35,0.06422018348623854
427,864691135698731541,457,0.602228749022703,L2IT,21,0.045951859956236324
428,864691136227297105,1160,0.6022432290208751,DTC,60,0.05172413793103448
429,864691135060882843,692,0.6022464546936785,L4IT,38,0.05491329479768786
430,864691135583352941,688,0.6024049408823945,L4IT,39,0.056686046511627904
431,864691135210443897,4381,0.6025513725002125,PV,212,0.04839077836110477
432,864691135742102635,660,0.6026921350652522,L4IT,36,0.05454545454545454
433,864691135446065810,4860,0.6029063106511355,MC,250,0.051440329218107
434,864691136484824108,1374,0.6029147684077856,AltBasket,47,0.03420669577874818
435,864691136445249923,520,0.6030843554203327,L2IT,36,0.06923076923076923
436,864691136438529438,282,0.6035280015282597,L2IT,11,0.03900709219858156
437,864691135014276342,3615,0.6036155772450554,PV,156,0.043153526970954356
438,864691136314457149,1395,0.6036356159387951,L5IT,80,0.05734767025089606
439,864691136330122730,393,0.6037215209844459,L5IT,20,0.05089058524173028
440,864691135257638575,299,0.6037484508501647,L3IT,17,0.056856187290969896
441,864691136123919654,5054,0.6037873712686102,PV,223,0.04412346656113969
442,864691135417313722,634,0.6037953883571203,L3IT,29,0.04574132492113565
443,864691136914542577,15305,0.6041868098538438,NMC,680,0.04442992486115648
444,864691136603171281,833,0.604231111968408,L4IT,44,0.05282112845138055
445,864691135954680867,1664,0.6043006044488686,L4IT,105,0.06310096153846154
446,864691136275166398,411,0.6045130214644755,L2IT,25,0.06082725060827251
447,864691135567047191,483,0.6049528900446606,L3IT,21,0.043478260869565216
448,864691136914541041,526,0.6052977335099484,L4IT,25,0.04752851711026616
449,864691135655472066,608,0.6054445993335623,L4IT,30,0.049342105263157895
450,864691135839932307,331,0.6056172499642271,L2IT,19,0.05740181268882175
451,864691136330880234,10012,0.6058453019514972,MC,468,0.046743907311226525
452,864691135939017525,509,0.605863744177378,L4IT,36,0.07072691552062868
453,864691136228538961,733,0.6059946456586517,L5IT,37,0.0504774897680764
454,864691136117770660,907,0.6060181482056404,L2IT,62,0.06835722160970231
455,864691136914445809,399,0.6062274813162055,L2IT,23,0.05764411027568922
456,864691135732210873,420,0.6062761149996804,L3IT,24,0.05714285714285714
457,864691135763941174,571,0.6063498852457558,L2IT,25,0.043782837127845885
458,864691135271081125,623,0.6063572854215031,L2IT,39,0.06260032102728733
459,864691135732257721,2586,0.6065865869780244,PV,159,0.06148491879350348
460,864691135990672896,4745,0.6068138360110927,DTC,260,0.0547945205479452
461,864691135694406335,525,0.6068219074866885,L4IT,26,0.049523809523809526
462,864691135857976366,798,0.6070272303368512,AltBasket,39,0.04887218045112782
463,864691135885406064,806,0.6070285703479209,L5IT,42,0.052109181141439205
464,864691136118805668,1318,0.6074173018436693,L6IT,78,0.05918057663125948
465,864691135892176009,1585,0.6080622885478408,DTC,89,0.05615141955835962
466,864691135499752723,5325,0.6081228104959407,PV,277,0.052018779342723004
467,864691135741780116,431,0.6087014252956948,L3IT,20,0.04640371229698376
468,864691135496381840,233,0.6087389416305804,L2IT,11,0.04721030042918455
469,864691136452920319,2599,0.6087750568177068,PV,149,0.05732974220854175
470,864691136968529870,668,0.6088234140430382,L3IT,41,0.061377245508982034
471,864691136034487483,4983,0.608870262641302,PV,237,0.047561709813365445
472,864691136904656818,388,0.6088883733061171,L2IT,22,0.05670103092783505
473,864691135655390658,379,0.6090512998273945,L2IT,27,0.0712401055408971
474,864691135257669039,569,0.6090640041974811,L3IT,21,0.03690685413005272
475,864691136314126653,1008,0.6090827569053286,ITCperi,70,0.06944444444444445
476,864691135570502278,443,0.6090955080157209,L3IT,27,0.060948081264108354
477,864691136968585678,397,0.6091528101231649,L2IT,24,0.060453400503778336
478,864691135764932662,620,0.6092315070675265,L2IT,38,0.06129032258064516
479,864691136086088556,590,0.6092783360626738,L3IT,32,0.05423728813559322
480,864691135101824288,193,0.6094476672948334,L6CT,9,0.046632124352331605
481,864691135727907391,349,0.609554161869694,L2IT,18,0.05157593123209169
482,864691136118882468,3021,0.6096752870762361,PV,168,0.05561072492552135
483,864691135384716762,6381,0.6096938130794657,MC,297,0.0465444287729196
484,864691135562410721,908,0.6098036651611328,L6IT,55,0.0605726872246696
485,864691135346975135,962,0.6098843345761051,L5IT,65,0.06756756756756757
486,864691135274038801,812,0.6100498944315417,L3IT,41,0.050492610837438424
487,864691135919645872,541,0.6101347412631163,L5IT,28,0.051756007393715345
488,864691135941708033,635,0.6101792324817087,L4IT,35,0.05511811023622047
489,864691135350976727,1956,0.610295711475891,L1,106,0.0541922290388548
490,864691136603306193,414,0.6105785886423599,L6IT,22,0.05314009661835749
491,864691135470556242,2604,0.6107172353644891,MC,136,0.05222734254992319
492,864691136108462553,710,0.6109570365852034,L4IT,36,0.05070422535211268
493,864691136021595384,3014,0.6110922771129849,PV,158,0.05242203052422031
494,864691136812081779,1068,0.6112924692068207,L2IT,54,0.05056179775280899
495,864691135867965317,541,0.6116022767297882,L5IT,35,0.06469500924214418
496,864691134966025503,315,0.6116161573016454,L4IT,18,0.05714285714285714
497,864691135955877896,176,0.611651338447224,L2IT,12,0.06818181818181818
498,864691136228367697,409,0.6119904404712482,L5IT,23,0.05623471882640587
499,864691135937286404,578,0.6122219633742599,L2IT,35,0.06055363321799308
500,864691135493546591,310,0.6124802145927183,L4IT,17,0.054838709677419356
501,864691135134114976,948,0.6126438217082607,L4IT,57,0.060126582278481014
502,864691135578360837,530,0.6126988647316987,L4IT,30,0.05660377358490566
503,864691135465343045,674,0.6127124211172675,L4IT,35,0.05192878338278932
504,864691136298111003,820,0.6127474924552732,L4IT,44,0.05365853658536585
505,864691135697271450,412,0.612839817102673,ITC,21,0.050970873786407765
506,864691136084313196,331,0.6128422826784254,L5ET,15,0.045317220543806644
507,864691136967478222,1012,0.6129597887088188,L5IT,60,0.05928853754940711
508,864691136110765496,2214,0.6129854719511755,MC,118,0.053297199638663056
509,864691135562052065,762,0.6130516850178637,L3IT,39,0.051181102362204724
510,864691135502885954,307,0.6130978721966572,L2IT,19,0.06188925081433225
511,864691135375767369,541,0.6134289728330377,L5IT,30,0.05545286506469501
512,864691136195796182,3503,0.613497068941474,PV,170,0.048529831572937485
513,864691135408560329,559,0.6135855208518041,L2IT,29,0.0518783542039356
514,864691135511802576,604,0.6137065401203584,L5IT,29,0.048013245033112585
515,864691135741874836,610,0.6138664232035151,L2IT,33,0.054098360655737705
516,864691135430859056,1538,0.6141089409430098,L3IT,98,0.06371911573472042
517,864691135478095016,3894,0.614274118010056,PV,203,0.05213148433487417
518,864691136665051614,363,0.6144458034925225,L2IT,24,0.06611570247933884
519,864691136925825354,2052,0.6144909517481545,PV,112,0.05458089668615984
520,864691136034011579,722,0.6146555832072969,L2IT,46,0.06371191135734072
521,864691135662774512,474,0.6148994746952621,L3IT,30,0.06329113924050633
522,864691136484972332,1074,0.6149433979730589,L3IT,68,0.0633147113594041
523,864691135233242713,671,0.6150366260340957,L5IT,48,0.07153502235469449
524,864691135739131780,9892,0.6150709232770138,NMC,516,0.05216336433481601
525,864691135294480310,879,0.6155356056497636,L4IT,55,0.06257110352673492
526,864691136438216350,3920,0.6156589331729072,PV,235,0.05994897959183673
527,864691135325071004,509,0.6157513271099458,L2IT,30,0.05893909626719057
528,864691136120658712,1095,0.6157914200473593,L2IT,58,0.052968036529680365
529,864691136392785279,371,0.6159080377049202,L4IT,22,0.05929919137466307
530,864691135480718022,484,0.6162330659046646,L2IT,26,0.05371900826446281
531,864691135778542509,501,0.6163842598007111,L4IT,30,0.059880239520958084
532,864691136091634487,314,0.6164637063020354,L2IT,20,0.06369426751592357
533,864691135695057855,176,0.6165036321553318,L4IT,10,0.056818181818181816
534,864691135455977578,781,0.6165829747648154,L6CT,36,0.046094750320102434
535,864691135772053835,487,0.6166442200114349,L2IT,30,0.061601642710472276
536,864691135106309709,1057,0.6168552242304315,NGC,50,0.04730368968779565
537,864691136034433723,1659,0.6169221516379827,MC,85,0.05123568414707655
538,864691135465585221,184,0.6170033511493517,L6IT,8,0.043478260869565216
539,864691136118618136,278,0.6171404209411402,L3IT,12,0.04316546762589928
540,864691135060094107,650,0.6174361820455698,L4IT,30,0.046153846153846156
541,864691135646017007,435,0.6175167400535496,L4IT,22,0.05057471264367816
542,864691135740860820,469,0.6178780124883916,L2IT,27,0.057569296375266525
543,864691135885921648,481,0.6179452507986596,L3IT,24,0.0498960498960499
544,864691136905560754,864,0.6180306898510015,L5IT,57,0.06597222222222222
545,864691136664950750,390,0.6180365792690179,L2IT,26,0.06666666666666667
546,864691135698211994,816,0.6181281516294854,L3IT,39,0.04779411764705882
547,864691135464678206,2581,0.6181299287935691,MC,161,0.06237892289810151
548,864691135993770945,363,0.6181396829168987,AltBasket,19,0.05234159779614325
549,864691137199765313,1284,0.6184333803765127,L5IT,74,0.05763239875389408
550,864691135134695328,1032,0.618493141117022,L2IT,60,0.05813953488372093
551,864691135816565839,880,0.6190124576438557,L3IT,43,0.048863636363636366
552,864691135948823905,1174,0.6190567006951093,L1,69,0.05877342419080068
553,864691135585989240,1572,0.6191496029967873,PV,79,0.05025445292620865
554,864691135576991518,760,0.6191850226201508,L4IT,47,0.06184210526315789
555,864691135566979927,3755,0.61927315140888,MC,221,0.05885486018641811
556,864691135742824555,507,0.6192932851272221,ITCperi,28,0.055226824457593686
557,864691135763433270,644,0.6193401139300803,L3IT,39,0.06055900621118013
558,864691135875414414,2970,0.6193861538614087,PV,145,0.04882154882154882
559,864691136043508822,350,0.6195625407954625,L3IT,21,0.06
560,864691136381325781,1580,0.61958247119807,L5IT,98,0.0620253164556962
561,864691135455400554,320,0.619637054130435,L3IT,23,0.071875
562,864691135134052512,466,0.6196778859805652,L3IT,25,0.0536480686695279
563,864691135778638013,357,0.6199153056532062,L2IT,19,0.05322128851540616
564,864691135387690069,481,0.6204774548021027,L2IT,28,0.058212058212058215
565,864691135801267554,389,0.6206529276928742,L2IT,16,0.04113110539845758
566,864691135361291591,3368,0.6207265561057382,MC,224,0.0665083135391924
567,864691135405733870,1029,0.6207283296334848,L4IT,50,0.04859086491739553
568,864691135369651193,523,0.6207973163086871,ITC,35,0.06692160611854685
569,864691135492749415,283,0.6210018792708434,L2IT,18,0.0636042402826855
570,864691136524282001,474,0.6213327856425997,NGC,24,0.05063291139240506
571,864691136273370302,812,0.6214237363890475,NGC,38,0.046798029556650245
572,864691136288644291,433,0.6214492396559506,L4IT,25,0.057736720554272515
573,864691135656664770,869,0.6217311662733211,L4IT,60,0.06904487917146145
574,864691136021865976,577,0.6218993079517702,L3IT,29,0.05025996533795494
575,864691135324623260,1092,0.6219673028114514,L4IT,61,0.055860805860805864
576,864691135703016059,11600,0.6220148504035226,MC,631,0.05439655172413793
577,864691135850033758,219,0.6220376852723561,L2IT,17,0.0776255707762557
578,864691136093003700,2096,0.6221718645168625,L5IT,122,0.05820610687022901
579,864691136196979020,1049,0.6226145658920331,L5IT,55,0.052430886558627265
580,864691135499707667,775,0.622756402130127,L4IT,41,0.05290322580645161
581,864691135375484489,685,0.6228113287097347,L4IT,44,0.06423357664233577
582,864691135164804909,665,0.6228449512739826,ITC,38,0.05714285714285714
583,864691135660772080,1153,0.6229399746367958,MC,61,0.05290546400693842
584,864691135996158378,569,0.622946685489326,L4IT,43,0.07557117750439367
585,864691136288604355,323,0.6233408214108493,L3IT,17,0.05263157894736842
586,864691135375430985,10066,0.6233848352959018,MC,459,0.04559904629445659
587,864691136067404440,9658,0.6234737837931265,NMC,516,0.053427210602609236
588,864691135994235841,1128,0.6237944857516187,L5IT,70,0.06205673758865248
589,864691135866751870,911,0.6239956459009818,L5IT,63,0.06915477497255763
590,864691135996177834,450,0.6240314240180121,L3IT,27,0.06
591,864691136195824204,479,0.6240772752065001,L4IT,31,0.06471816283924843
592,864691135738953860,410,0.6241171048187627,L2IT,25,0.06097560975609756
593,864691136085781356,516,0.624505551726319,L4IT,27,0.05232558139534884
594,864691135698922005,325,0.6249081627126841,L3IT,18,0.055384615384615386
595,864691135276504549,294,0.6250393851922482,L2IT,22,0.07482993197278912
596,864691135842486243,402,0.6251314185128283,L3IT,31,0.07711442786069651
597,864691135280481697,309,0.6253240186203646,L5IT,25,0.08090614886731391
598,864691135782145872,488,0.6253712887216787,L2IT,39,0.07991803278688525
599,864691136312076122,7120,0.6257175668408362,NMC,358,0.050280898876404495
600,864691134950156796,737,0.6258036314137431,L2IT,51,0.06919945725915876
601,864691136436788382,619,0.6258776278149139,ITC,41,0.06623586429725363
602,864691136927688266,909,0.6260285300516059,L4IT,54,0.0594059405940594
603,864691135938629892,709,0.6260450166021652,L3IT,40,0.056417489421720736
604,864691135948215076,417,0.6261350667939769,ITC,25,0.05995203836930456
605,864691136966189518,2639,0.6263608925412125,MC,154,0.058355437665782495
606,864691135102151968,284,0.6263880840086602,L3IT,18,0.06338028169014084
607,864691135772920651,320,0.6264130763411522,L4IT,15,0.046875
608,864691135810098717,1500,0.6267180898666381,PV,94,0.06266666666666666
609,864691135431654960,482,0.626778557781362,L2IT,33,0.06846473029045644
610,864691135526405723,2369,0.626868621735595,NMC,144,0.060785141409877584
611,864691135518173395,611,0.6269499273721598,L4IT,40,0.06546644844517185
612,864691135994804394,550,0.6272252885645085,AltBasket,23,0.04181818181818182
613,864691136058745048,1982,0.6273710814080493,L4IT,128,0.06458123107971746
614,864691135502902338,695,0.6276460838427647,L5IT,45,0.06474820143884892
615,864691136010027182,318,0.6278230840095185,L5IT,29,0.09119496855345911
616,864691135685087474,401,0.627871656727018,L2IT,25,0.06234413965087282
617,864691135136735001,1337,0.6278742797012729,L4IT,83,0.06207928197456993
618,864691136905458866,417,0.6279228547459884,L5ET,27,0.06474820143884892
619,864691136009893294,1059,0.6279597056553654,L2IT,61,0.05760151085930123
620,864691136578982164,672,0.6279879463286627,L4IT,45,0.06696428571428571
621,864691135860969064,1212,0.6281566169033742,L4IT,64,0.052805280528052806
622,864691135778811325,696,0.6281824211197338,L2IT,27,0.03879310344827586
623,864691135465900101,513,0.6282613784462853,ITC,30,0.05847953216374269
624,864691135162908461,430,0.6285161914204442,L6IT,24,0.05581395348837209
625,864691135843236323,1504,0.6286065928517504,L5IT,97,0.06449468085106383
626,864691136314250813,593,0.628775457945079,ITC,44,0.07419898819561552
627,864691135977654851,1021,0.6288374334852795,L4IT,61,0.059745347698334964
628,864691135975824495,827,0.628866240149686,L3IT,44,0.053204353083434096
629,864691135060727707,318,0.6288781032682215,L2IT,16,0.050314465408805034
630,864691135725748139,564,0.6289040959067379,L4IT,41,0.0726950354609929
631,864691135584625773,670,0.629116483694048,L3IT,40,0.05970149253731343
632,864691136813553523,2343,0.629132795342817,PV,116,0.04950917626973965
633,864691135323181212,1461,0.6292711357048814,MC,74,0.05065023956194387
634,864691135388368001,622,0.6293899471184832,L4IT,40,0.06430868167202572
635,864691136006393034,7530,0.6294374392375212,NMC,411,0.05458167330677291
636,864691135941789606,4023,0.6295054584695663,PV,241,0.059905543127019636
637,864691135717299738,825,0.6295886183351458,L4IT,51,0.06181818181818182
638,864691135919956656,338,0.6299012286620732,L2IT,27,0.07988165680473373
639,864691135293678006,1558,0.6303194771963764,L4IT,103,0.06611039794608473
640,864691136523335057,597,0.630417529241923,L4IT,43,0.07202680067001675
641,864691135885140848,328,0.6306283124946966,L2IT,16,0.04878048780487805
642,864691135517531786,423,0.6308129272979484,L2IT,24,0.05673758865248227
643,864691135573327085,276,0.630824602002683,L3IT,18,0.06521739130434782
644,864691136954023903,581,0.6308564828554243,L2IT,36,0.06196213425129088
645,864691136953958879,251,0.631154348874947,L2IT,20,0.0796812749003984
646,864691135868919318,559,0.6313487009925365,L5IT,41,0.07334525939177101
647,864691135132887456,557,0.6313887399950833,L1,31,0.05565529622980251
648,864691135183999490,603,0.6314029724665147,L2IT,35,0.05804311774461028
649,864691135662059248,686,0.631517925978402,L4IT,41,0.0597667638483965
650,864691136438469534,228,0.6317633171248854,L2IT,15,0.06578947368421052
651,864691135464633245,483,0.6318907371031325,L6IT,34,0.07039337474120083
652,864691135810492189,976,0.6319454770869897,L4IT,54,0.055327868852459015
653,864691136311529306,547,0.6323234668431813,L4IT,38,0.06946983546617916
654,864691135498973715,524,0.6328859502923397,L2IT,34,0.0648854961832061
655,864691135810297885,1174,0.6331581813480825,ITC,85,0.07240204429301533
656,864691136364187874,15883,0.6331872648862269,MC,769,0.04841654599257067
657,864691136314078013,6347,0.6331884244104736,L1,372,0.058610367102568145
658,864691135464787525,340,0.6332050887051751,L4IT,23,0.06764705882352941
659,864691135732557241,803,0.6332452354929962,L4IT,56,0.06973848069738481
660,864691135868466710,868,0.63328940397913,L4IT,64,0.07373271889400922
661,864691136905203378,471,0.6333347515908015,L4IT,31,0.06581740976645435
662,864691135773209163,841,0.6333359417546802,L4IT,48,0.057074910820451845
663,864691135351066583,291,0.6334025157915357,L2IT,22,0.07560137457044673
664,864691135389004929,2302,0.6334699131520699,PV,130,0.05647263249348393
665,864691136814627955,633,0.6338682317146193,L4IT,34,0.053712480252764615
666,864691136445557123,736,0.6339208777235902,L4IT,45,0.06114130434782609
667,864691135398746401,5361,0.6339488405129109,MC,279,0.05204252937884723
668,864691135662408944,1261,0.6339704310759772,L5IT,78,0.061855670103092786
669,864691135503163202,1061,0.6343484292421332,L4IT,71,0.06691800188501414
670,864691135571192966,583,0.6343526627359014,L5IT,40,0.0686106346483705
671,864691136195284556,4605,0.6344604134102986,MC,286,0.06210640608034745
672,864691136381346005,592,0.6345359920102197,L4IT,33,0.05574324324324324
673,864691135359413848,335,0.634537456284708,ITC,14,0.041791044776119404
674,864691135351022807,476,0.6347922336033412,L2IT,33,0.06932773109243698
675,864691136026254649,725,0.6352140146216031,L4IT,46,0.06344827586206897
676,864691135886221168,387,0.6352986551526288,L2IT,17,0.04392764857881137
677,864691135579134981,420,0.6355909053802491,ITC,22,0.05238095238095238
678,864691135361778503,715,0.63573186284312,AltBasket,25,0.03496503496503497
679,864691135866396798,290,0.63578558332509,L4IT,17,0.05862068965517241
680,864691135117980637,406,0.635974205740567,L5IT,25,0.06157635467980296
681,864691136136383883,449,0.6361454430051263,L4IT,28,0.062360801781737196
682,864691136298913563,5688,0.6362578134828479,MC,316,0.05555555555555555
683,864691135448698196,416,0.6363246284906681,L4IT,26,0.0625
684,864691136363161570,127,0.6363554825820322,L6IT,7,0.05511811023622047
685,864691135857993774,552,0.6363876545256462,L4IT,27,0.04891304347826087
686,864691136011686318,297,0.6364470546863698,L2IT,22,0.07407407407407407
687,864691136336107187,990,0.6365288234084544,L5IT,61,0.06161616161616162
688,864691135430346544,631,0.6367749166292169,L5IT,41,0.06497622820919176
689,864691136336039091,730,0.6368082568547497,L4IT,39,0.05342465753424658
690,864691135875763086,469,0.636876269383217,PV,30,0.06396588486140725
691,864691136196127208,940,0.63690691074209,L2IT,70,0.07446808510638298
692,864691136041000190,678,0.6369085769146945,L6IT,38,0.05604719764011799
693,864691135867644805,541,0.6372106834242393,L4IT,33,0.06099815157116451
694,864691135586240120,405,0.6373171962596753,L2IT,31,0.07654320987654321
695,864691136336204979,298,0.6376945537208711,NGC,18,0.06040268456375839
696,864691135616363211,406,0.6378214742139054,L2IT,26,0.06403940886699508
697,864691135271915173,2768,0.6379020292187013,MC,166,0.05997109826589595
698,864691135738969220,528,0.6380198615319802,L2IT,32,0.06060606060606061
699,864691136025333561,1156,0.6380699397436888,L4IT,79,0.06833910034602077
700,864691135892214409,389,0.6380998580265781,L2IT,26,0.06683804627249357
701,864691136927761226,675,0.6381687258628562,L4IT,45,0.06666666666666667
702,864691135976105839,1160,0.638185366400357,L4IT,78,0.06724137931034482
703,864691136453183487,2137,0.6383019632242191,MC,115,0.05381375760411792
704,864691136335276211,552,0.6384681179903556,L4IT,33,0.059782608695652176
705,864691135571546917,3266,0.6385099182511427,NMC,190,0.058175137783221066
706,864691135339088102,1612,0.6386600055635419,L4IT,98,0.060794044665012405
707,864691135939949365,1127,0.6389864557058068,L4IT,73,0.064773735581189
708,864691135472556082,769,0.639002002820237,DTC,41,0.053315994798439535
709,864691136275031565,350,0.639032821382795,L5IT,22,0.06285714285714286
710,864691135325263004,454,0.639055167517473,L3IT,25,0.05506607929515418
711,864691135014734486,498,0.6393604516944732,L4IT,35,0.07028112449799197
712,864691135447653010,674,0.6395145195301633,L5IT,53,0.07863501483679525
713,864691136043380566,296,0.6396208023509464,L2IT,16,0.05405405405405406
714,864691136420303511,422,0.6396548984084649,L4IT,22,0.052132701421800945
715,864691136579408916,1195,0.6398540868463876,L4IT,63,0.052719665271966525
716,864691135493620831,250,0.6398598076782226,L2IT,15,0.06
717,864691135587666812,262,0.6398889948575551,L2IT,16,0.061068702290076333
718,864691135858273326,561,0.6401775680718788,L4IT,32,0.0570409982174688
719,864691136927187786,816,0.6401905063998465,L5IT,61,0.07475490196078431
720,864691135503836253,1133,0.640299180333002,L4IT,72,0.06354810238305383
721,864691135566945559,1505,0.6403503098484685,L2IT,67,0.04451827242524917
722,864691135118918109,2178,0.6403801212179431,MC,136,0.06244260789715335
723,864691135384292843,663,0.6405271867015603,L4IT,44,0.06636500754147813
724,864691136814655859,804,0.6405960492328625,L4IT,59,0.07338308457711443
725,864691135368949241,704,0.6410263865305619,L3IT,43,0.061079545454545456
726,864691135060772763,5921,0.6410865765764713,MC,338,0.05708495186623881
727,864691135838916755,363,0.641187317073181,L3IT,19,0.05234159779614325
728,864691135565962775,297,0.6413962261572429,L2IT,15,0.050505050505050504
729,864691136034412219,3341,0.6414660680160591,MC,201,0.06016162825501347
730,864691135866427006,876,0.6415021227962894,L5IT,58,0.06621004566210045
731,864691136137237899,310,0.6415172359712662,L3IT,18,0.05806451612903226
732,864691136390788215,585,0.6415814842289329,L3IT,35,0.05982905982905983
733,864691135576881950,734,0.6418114301528203,L3IT,39,0.05313351498637602
734,864691135741960340,3987,0.6419115082379837,PV,210,0.0526711813393529
735,864691135977134403,458,0.6419951402172771,L4IT,35,0.07641921397379912
736,864691135867905302,532,0.6420104839998977,L5IT,31,0.05827067669172932
737,864691135342523057,690,0.6421690579732259,L3IT,43,0.06231884057971015
738,864691135396115189,494,0.642343907846613,L6IT,31,0.06275303643724696
739,864691135343818161,288,0.6426206566625171,L2IT,18,0.0625
740,864691135939776309,9319,0.6426915468094572,MC,486,0.052151518403262154
741,864691135447994514,472,0.6427147464348099,L2IT,24,0.05084745762711865
742,864691135778414176,746,0.6427461005305477,L4IT,45,0.06032171581769437
743,864691136380264405,181,0.6427658349558794,L6CT,7,0.03867403314917127
744,864691135764583990,1625,0.6428670287722074,L2IT,119,0.07323076923076922
745,864691135396940021,1061,0.6428892535462232,L4IT,66,0.06220546654099906
746,864691135778187360,647,0.6432781657081852,L4IT,41,0.0633693972179289
747,864691135341516741,3172,0.6433068600407464,MC,217,0.06841109709962169
748,864691135927381774,384,0.6434467747211456,L2IT,23,0.059895833333333336
749,864691136954050527,887,0.6434636896105468,L4IT,52,0.058624577226606536
750,864691135066958404,714,0.6437325287987204,L4IT,41,0.05742296918767507
751,864691136177129478,371,0.6437516234621525,L5IT,22,0.05929919137466307
752,864691135360017752,278,0.6437823189934381,L2IT,13,0.046762589928057555
753,864691136052637171,774,0.643783612790958,L4IT,49,0.06330749354005168
754,864691135777400237,475,0.6437978469647859,L6IT,28,0.05894736842105263
755,864691135952122147,736,0.6438795352707739,L2IT,56,0.07608695652173914
756,864691136904488114,732,0.6439020371932149,L5IT,45,0.06147540983606557
757,864691136110256824,284,0.6439160156921602,L2IT,18,0.06338028169014084
758,864691136438372254,702,0.6440267783814346,ITC,54,0.07692307692307693
759,864691135656579010,1100,0.6440770127140392,L5IT,65,0.05909090909090909
760,864691136484732972,985,0.6443052601809429,L4IT,61,0.06192893401015229
761,864691134966710559,856,0.6443260605312953,L4IT,56,0.06542056074766354
762,864691135499765267,9456,0.6443712457124957,MC,521,0.05509729272419628
763,864691135817195343,403,0.6443767897556201,L6IT,23,0.05707196029776675
764,864691135119636189,2544,0.6444649867351699,PV,136,0.05345911949685535
765,864691135584646253,544,0.6447468226587071,L2IT,37,0.06801470588235294
766,864691136311106650,1172,0.6450498628095556,L5IT,74,0.06313993174061433
767,864691135465795653,2352,0.6451409048953024,PV,122,0.05187074829931973
768,864691135113360025,2158,0.6452379098800292,PV,117,0.05421686746987952
769,864691135257404079,266,0.645504153861139,L2IT,13,0.04887218045112782
770,864691135474179378,1155,0.6456333584740048,MC,83,0.07186147186147186
771,864691134966621471,5542,0.6456841258686057,MC,316,0.05701912666907254
772,864691135875777166,2302,0.6458187182643536,PV,157,0.0682015638575152
773,864691135993150913,880,0.645859182284095,L3IT,60,0.06818181818181818
774,864691135970497125,393,0.6459082127830758,L5IT,22,0.05597964376590331
775,864691136177726726,481,0.6460281667332639,L2IT,38,0.079002079002079
776,864691136177731846,476,0.6461421002299845,L2IT,27,0.05672268907563025
777,864691135294520844,313,0.6462909027075234,L4IT,22,0.07028753993610223
778,864691135015605910,1531,0.6463780019250591,L3IT,113,0.07380796864794252
779,864691136108378073,427,0.6468076433096892,L4IT,31,0.07259953161592506
780,864691135417045946,746,0.6468213796385491,L2IT,55,0.07372654155495978
781,864691135757002450,222,0.6468656591810621,L2IT,12,0.05405405405405406
782,864691135577644574,582,0.6468705786806611,L3IT,35,0.06013745704467354
783,864691135809568029,622,0.6469607809134235,L4IT,42,0.06752411575562701
784,864691135503448898,889,0.6470313578070349,L6IT,56,0.06299212598425197
785,864691135430290480,606,0.6470541445540123,L4IT,41,0.06765676567656766
786,864691135215381304,416,0.6471502544054618,L4IT,26,0.0625
787,864691135757083346,721,0.6471923318828525,L4IT,63,0.08737864077669903
788,864691135113733529,431,0.6472014338677002,L4IT,27,0.06264501160092807
789,864691136975332380,1127,0.6472688381936345,L4IT,78,0.06921029281277728
790,864691135215023416,610,0.647484939468884,L4IT,41,0.06721311475409836
791,864691135585713528,926,0.647546949510183,L5IT,68,0.0734341252699784
792,864691136210743740,646,0.6475764072583556,L5IT,44,0.06811145510835913
793,864691135342958789,1598,0.6476471800147666,L4IT,109,0.06821026282853566
794,864691135763495478,670,0.6477198560629318,L2IT,51,0.07611940298507462
795,864691136438717086,657,0.647744147222336,L4IT,44,0.0669710806697108
796,864691135573296677,375,0.6477927075703939,L3IT,24,0.064
797,864691135662825456,777,0.6478687886271237,L4IT,69,0.0888030888030888
798,864691135778288573,1158,0.6480298711582375,L6IT,85,0.07340241796200346
799,864691136596901026,833,0.6483833343350158,L4IT,60,0.07202881152460984
800,864691135448303762,387,0.6483851104953184,L2IT,25,0.06459948320413436
801,864691135808925981,1176,0.6484135744587904,L6IT,84,0.07142857142857142
802,864691135779780797,15701,0.64847199239695,MC,891,0.05674797783580664
803,864691135941829121,2869,0.6485099977205422,PV,147,0.0512373649355176
804,864691135404765166,1802,0.6485387791703464,MC,101,0.0560488346281909
805,864691135741998484,1397,0.6486395637372945,L4IT,93,0.06657122405153901
806,864691136138583677,550,0.6487591018746116,L2IT,45,0.08181818181818182
807,864691136052101363,1004,0.6488164873788081,AltBasket,55,0.054780876494023904
808,864691137055712630,650,0.6488310983745869,L4IT,30,0.046153846153846156
809,864691135701340194,1787,0.6488445808376488,PV,99,0.055400111919418016
810,864691135060869787,666,0.649324049442738,L4IT,40,0.06006006006006006
811,864691135325487004,586,0.6493398414195194,L3IT,29,0.04948805460750853
812,864691136210975676,1316,0.6495220498719839,L4IT,91,0.06914893617021277
813,864691135839577235,2551,0.6495274544210818,MC,149,0.05840846726773814
814,864691135702061947,192,0.6495463038285574,L6IT,6,0.03125
815,864691136137293195,355,0.6496174543568787,L2IT,20,0.056338028169014086
816,864691136925601354,631,0.6496514343588174,L3IT,35,0.0554675118858954
817,864691136117695908,602,0.6497966951072414,L4IT,41,0.0681063122923588
818,864691135511324169,381,0.6498367824504382,ITC,30,0.07874015748031496
819,864691136177778950,445,0.6498765401518747,L2IT,28,0.06292134831460675
820,864691135470787666,326,0.6500139505819309,L3IT,21,0.06441717791411043
821,864691135272206865,504,0.6500593589449686,L3IT,37,0.07341269841269842
822,864691135742609771,740,0.6502205423715952,L5IT,49,0.06621621621621622
823,864691135115049881,509,0.6507745417012213,L2IT,34,0.06679764243614932
824,864691135360346200,661,0.6510236085265559,L4IT,45,0.0680786686838124
825,864691135701624699,594,0.6512027598037463,L2IT,37,0.06228956228956229
826,864691136420195223,595,0.651225086910985,L5IT,43,0.07226890756302522
827,864691136380266965,616,0.6512510629938795,L4IT,37,0.060064935064935064
828,864691135209116537,232,0.6513257630118009,L2IT,17,0.07327586206896551
829,864691135751110185,536,0.6513754734850642,L4IT,31,0.05783582089552239
830,864691134949221372,617,0.6515881596260752,L2IT,40,0.06482982171799027
831,864691135742668395,1770,0.6518346577919135,MC,114,0.06440677966101695
832,864691136314404669,559,0.6520169791424637,L2IT,39,0.06976744186046512
833,864691136968773070,925,0.6520810069769782,L4IT,52,0.05621621621621622
834,864691135336113129,914,0.6522308267889712,L4IT,71,0.07768052516411379
835,864691135518989962,1092,0.6523995254921825,L2IT,81,0.07417582417582418
836,864691135773208651,889,0.6524346124672649,L4IT,61,0.0686164229471316
837,864691135875919502,8040,0.6525281860288696,MC,437,0.05435323383084577
838,864691135929072340,1121,0.6525979947592934,L5IT,74,0.06601248884924175
839,864691135686399415,434,0.6527278450293474,ITC,33,0.07603686635944701
840,864691135431579440,823,0.6527834698061752,AltDTC,62,0.07533414337788578
841,864691135398762529,962,0.6529535858824446,ITC,58,0.060291060291060294
842,864691136025504569,1799,0.6529894857761792,L4IT,112,0.0622568093385214
843,864691135511316745,542,0.6530439695590536,L2IT,34,0.06273062730627306
844,864691135993185985,2240,0.6531199247615678,PV,123,0.054910714285714285
845,864691136521831825,1909,0.653213224686772,L5IT,123,0.0644316396018858
846,864691135727867967,402,0.6532626887316727,L3IT,26,0.06467661691542288
847,864691136239108156,128,0.6532818477749824,L4IT,9,0.0703125
848,864691136991606421,1271,0.6534542960730432,L4IT,80,0.06294256490952006
849,864691136312150874,544,0.6535204992574805,L3IT,40,0.07352941176470588
850,864691135137137433,581,0.6535609025873128,L4IT,46,0.07917383820998279
851,864691135409760457,1443,0.6536008432008951,L1,102,0.07068607068607069
852,864691135067961412,501,0.6536781172761899,L2IT,31,0.06187624750499002
853,864691135727961663,1260,0.6537021175657,L4IT,92,0.07301587301587302
854,864691137198691137,629,0.6537551752493758,L2IT,40,0.06359300476947535
855,864691135577574430,285,0.6537656025401333,L2IT,23,0.08070175438596491
856,864691135569282284,3873,0.6538177673099517,MC,265,0.06842241156726052
857,864691135782156368,523,0.6539368991742399,L5IT,42,0.08030592734225621
858,864691135375590217,791,0.6539444410611043,L4IT,54,0.06826801517067003
859,864691136904761266,846,0.6540167756858447,L2IT,43,0.0508274231678487
860,864691136239387708,379,0.6541014928691934,L6IT,19,0.05013192612137203
861,864691135235206489,3706,0.6542230712954443,MC,195,0.0526173772261198
862,864691136086206316,541,0.6542354514709021,L5IT,42,0.07763401109057301
863,864691136138779517,2408,0.6542409842762836,L2IT,138,0.057308970099667775
864,864691135940881830,1684,0.6542720102301119,MC,96,0.057007125890736345
865,864691135164887085,325,0.6543583981323242,L2IT,23,0.07076923076923076
866,864691135577202181,2808,0.6544718648928863,MC,198,0.07051282051282051
867,864691136742067804,723,0.6545243438507017,L3IT,44,0.06085753803596127
868,864691135456535658,12217,0.6545604508280451,MC,691,0.056560530408447246
869,864691135849699166,665,0.6547586432722278,L5IT,44,0.06616541353383458
870,864691136268801268,332,0.6548125760411643,L2IT,18,0.05421686746987952
871,864691136954028511,444,0.65483216148239,L4IT,29,0.06531531531531531
872,864691135810495005,3952,0.6549050180057765,PV,248,0.06275303643724696
873,864691135849300318,1127,0.654927252054426,L5IT,83,0.07364685004436557
874,864691135014258070,2566,0.6549848158681011,PV,139,0.05416991426344505
875,864691135695146943,433,0.6549926400746263,L3IT,31,0.07159353348729793
876,864691135060020123,452,0.6550080386642861,L4IT,25,0.05530973451327434
877,864691135562798817,1413,0.6550230774822087,L3IT,96,0.06794055201698514
878,864691135865774206,542,0.6552186178791567,L4IT,33,0.06088560885608856
879,864691136227484753,218,0.6553816106778766,L2IT,18,0.08256880733944955
880,864691135763975990,2091,0.6555408231433302,PV,149,0.07125777140124342
881,864691135417478842,1022,0.6555765383285552,L3IT,65,0.06360078277886497
882,864691136953197279,656,0.655580065230044,L4IT,48,0.07317073170731707
883,864691136108938168,1163,0.6557295103589728,L2IT,87,0.07480653482373173
884,864691135861182824,375,0.6561083439331055,L6IT,25,0.06666666666666667
885,864691136042982742,483,0.6561870467223488,L2IT,28,0.057971014492753624
886,864691135271463077,576,0.6561971150537332,L3IT,40,0.06944444444444445
887,864691135277501669,940,0.6563978684557245,L4IT,66,0.07021276595744681
888,864691136091074615,796,0.6565345260342162,L4IT,60,0.07537688442211055
889,864691136968109774,1514,0.6565384156165381,MC,80,0.052840158520475564
890,864691137055367798,329,0.6567345262081066,L3IT,24,0.0729483282674772
891,864691135214986368,479,0.656769053680165,L3IT,22,0.04592901878914405
892,864691136991901845,595,0.6567763846902286,L6IT,40,0.06722689075630252
893,864691135405700334,514,0.6568671471042855,L4IT,39,0.07587548638132295
894,864691135774368763,346,0.6568990949178707,L3IT,20,0.057803468208092484
895,864691135360482392,466,0.6569331747554403,L4IT,34,0.07296137339055794
896,864691135853091015,664,0.6571005394832198,L4IT,42,0.06325301204819277
897,864691135750649129,1340,0.6571883363424842,L4IT,95,0.0708955223880597
898,864691135375888840,888,0.6572196763872027,L4IT,52,0.05855855855855856
899,864691136033227451,471,0.6573834823276333,L3IT,30,0.06369426751592357
900,864691136238652476,1815,0.6574497404744802,MC,112,0.06170798898071626
901,864691135861093992,399,0.6575047675015634,L2IT,27,0.06766917293233082
902,864691135277309669,401,0.6577560238636045,L2IT,33,0.08229426433915212
903,864691135868060950,325,0.6578433526024452,L4IT,26,0.08
904,864691135566824983,619,0.6580396121430282,ITC,41,0.06623586429725363
905,864691135659824514,450,0.6580727323977154,ITC,33,0.07333333333333333
906,864691135497743635,1016,0.6582038198850286,L2IT,68,0.06692913385826772
907,864691136595955362,8724,0.6584263872567911,NMC,515,0.05903255387436956
908,864691135750958889,676,0.6586991916111941,L3IT,41,0.060650887573964495
909,864691136058895576,772,0.6587037368734883,L4IT,62,0.08031088082901554
910,864691135583172717,387,0.6590251456070932,L4IT,26,0.06718346253229975
911,864691135545730856,1199,0.6591937264155308,ITCperi,93,0.07756463719766472
912,864691136210344892,1053,0.6592379535338139,L6IT,69,0.06552706552706553
913,864691135587519868,482,0.6596293738472017,L5IT,26,0.05394190871369295
914,864691135577749022,891,0.6596727138395128,L2IT,51,0.05723905723905724
915,864691135539491442,918,0.6597980737332945,L4IT,63,0.06862745098039216
916,864691135490326074,319,0.6598679286992661,L2IT,22,0.06896551724137931
917,864691135389168001,446,0.6599651813977503,L2IT,31,0.06950672645739911
918,864691135732578745,1199,0.6600156882288457,L3IT,72,0.060050041701417846
919,864691136118878116,9557,0.6600710508694418,MC,535,0.05597991001360259
920,864691136381294805,683,0.6600763247868328,L5IT,53,0.07759882869692533
921,864691137056216950,6592,0.6600791613147097,MC,405,0.061438106796116505
922,864691135591854347,299,0.6601013488067831,L5IT,26,0.08695652173913043
923,864691135727790911,315,0.6601550489758687,L3IT,21,0.06666666666666667
924,864691135309628742,675,0.660476974057798,L5IT,50,0.07407407407407407
925,864691136424990255,799,0.6605404271494612,L6IT,55,0.0688360450563204
926,864691136058646488,325,0.6605774014516977,L2IT,22,0.06769230769230769
927,864691135583223405,608,0.660674792151702,L4IT,49,0.0805921052631579
928,864691136925094628,1161,0.6607836421306128,L4IT,88,0.07579672695951765
929,864691134989909114,2370,0.6608050985601884,DTC,165,0.06962025316455696
930,864691135480702662,10729,0.6608066619530297,MC,587,0.05471152949948737
931,864691135209194617,599,0.6612292285275977,L2IT,47,0.07846410684474124
932,864691135610877191,544,0.6612300446945077,L2IT,42,0.07720588235294118
933,864691135594721579,449,0.6614147288825837,L2IT,29,0.0645879732739421
934,864691135210387321,205,0.6614546008226349,L2IT,14,0.06829268292682927
935,864691135367033849,416,0.6615220360068175,L5IT,27,0.06490384615384616
936,864691135464995134,364,0.6615383152804531,L4IT,21,0.057692307692307696
937,864691135773910603,1017,0.6616458376056442,L5IT,63,0.061946902654867256
938,864691136013367715,2626,0.6617856606638167,L3IT,161,0.06130997715156131
939,864691135274860561,938,0.6617868184982333,L4IT,66,0.07036247334754797
940,864691135349839831,657,0.6618078396011887,L3IT,43,0.0654490106544901
941,864691135464671550,692,0.6618081651312767,L2IT,51,0.07369942196531792
942,864691135398925345,632,0.6619156258860721,L3IT,48,0.0759493670886076
943,864691135409937097,759,0.6619308310220993,L2IT,53,0.06982872200263504
944,864691135855890478,1274,0.6621242652006762,L2IT,101,0.07927786499215071
945,864691136010650796,513,0.6621347027085214,ITC,35,0.0682261208576998
946,864691135431089968,701,0.6621661908507517,L6IT,51,0.07275320970042796
947,864691135442598728,4189,0.6622285087605484,PV,277,0.06612556696108857
948,864691136125433894,1447,0.6622902177996526,L3IT,91,0.06288873531444368
949,864691135498997267,511,0.6623381063084313,L5IT,29,0.05675146771037182
950,864691135215254584,780,0.6624714153827765,L4IT,50,0.0641025641025641
951,864691136211068860,6937,0.6624887892154069,PV,395,0.056941040795733026
952,864691135396115445,1301,0.6626927761529429,L4IT,96,0.07378939277478862
953,864691135570791558,930,0.6627976704669255,L4IT,69,0.07419354838709677
954,864691137198844737,160,0.6628929294586181,L6IT,10,0.0625
955,864691135114295961,1389,0.6629709055401423,MC,109,0.07847372210223182
956,864691135577221406,1028,0.6631331261883451,L6IT,75,0.07295719844357977
957,864691135082864887,1156,0.6632550955346711,L5IT,82,0.07093425605536333
958,864691135777381805,639,0.6634069312906041,L6IT,36,0.056338028169014086
959,864691135562474977,555,0.6636322650600124,L4IT,43,0.07747747747747748
960,864691136107670745,1582,0.6636823393849446,PV,101,0.0638432364096081
961,864691135528046939,6977,0.6637132259011866,MC,452,0.06478429124265443
962,864691134884807418,580,0.6637579062856477,L2IT,37,0.06379310344827586
963,864691136108370905,925,0.6638075802076184,ITC,70,0.07567567567567568
964,864691136925029092,621,0.6640149827855797,L4IT,40,0.0644122383252818
965,864691135124690471,4851,0.6642180957961294,PV,334,0.06885178313749743
966,864691136033332155,965,0.6642209008607222,L4IT,59,0.061139896373056994
967,864691135726077611,754,0.6643933748047928,L4IT,54,0.07161803713527852
968,864691136011733934,4903,0.6644091197731008,MC,315,0.06424637976748929
969,864691135527555163,495,0.6644653240165325,L4IT,30,0.06060606060606061
970,864691135546902056,826,0.6649346343864829,L3IT,54,0.06537530266343826
971,864691135325165724,616,0.6649816914162078,ITC,46,0.07467532467532467
972,864691135464143934,720,0.6650155662139257,L3IT,53,0.07361111111111111
973,864691135572576237,401,0.6651209455761232,L2IT,33,0.08229426433915212
974,864691136309871706,940,0.6652825661801278,L2IT,69,0.07340425531914893
975,864691136445062787,930,0.6653327202089371,L4IT,62,0.06666666666666667
976,864691135295330828,590,0.665423713134507,L4IT,44,0.07457627118644068
977,864691137055405174,1168,0.66551401110218,L4IT,81,0.06934931506849315
978,864691135569902316,739,0.6655546130127449,L4IT,51,0.06901217861975643
979,864691135848030814,537,0.6656107217444165,L3IT,42,0.0782122905027933
980,864691136108410329,328,0.6657595650161184,L2IT,25,0.07621951219512195
981,864691136101341045,738,0.6659950188168988,L4IT,55,0.07452574525745258
982,864691136364362466,590,0.6660461586839062,L3IT,46,0.07796610169491526
983,864691135477670312,1113,0.6662229384964689,L4IT,77,0.06918238993710692
984,864691135779377341,649,0.6662407513796273,L4IT,48,0.07395993836671803
985,864691136331249642,535,0.666554724955336,L2IT,36,0.06728971962616823
986,864691136042515798,303,0.66660444760716,L6IT,21,0.06930693069306931
987,864691137056393846,361,0.6666767164320166,L3IT,23,0.06371191135734072
988,864691135940996774,287,0.6669199703761509,L4IT,22,0.07665505226480836
989,864691136138131325,750,0.6669859500605265,L3IT,55,0.07333333333333333
990,864691135398243105,477,0.6672002470868189,L5IT,32,0.06708595387840671
991,864691135209715833,331,0.6672137117990915,L6IT,21,0.0634441087613293
992,864691136274695358,453,0.6673578928553768,L6IT,35,0.0772626931567329
993,864691135398868257,679,0.6674754326529636,L4IT,50,0.07363770250368189
994,864691135741659499,553,0.6677919779634389,L4IT,36,0.0650994575045208
995,864691135324705692,728,0.6678586033621987,L4IT,51,0.07005494505494506
996,864691136913993713,1016,0.6678879693361718,L4IT,66,0.06496062992125984
997,864691134942472035,1140,0.667944665262992,L2IT,75,0.06578947368421052
998,864691134966114591,563,0.6680967355934807,L3IT,37,0.06571936056838366
999,864691135431648048,789,0.668437612299079,L4IT,53,0.06717363751584284
1000,864691135441799752,2245,0.6684800897356131,L2IT,146,0.06503340757238307
1001,864691135584008045,868,0.6685595429987402,L3IT,52,0.059907834101382486
1002,864691135157994084,417,0.6687863898974814,L4IT,28,0.0671462829736211
1003,864691136040834558,377,0.6688678532911548,L3IT,21,0.05570291777188329
1004,864691136392622207,1937,0.6690071530029462,PV,111,0.05730511099638617
1005,864691135584504429,420,0.6690622162864323,L2IT,28,0.06666666666666667
1006,864691135346571423,1268,0.6691272853315817,L4IT,93,0.07334384858044164
1007,864691135955909640,387,0.6691577296096841,L4IT,32,0.082687338501292
1008,864691135693735103,264,0.6691725198138844,NGC,13,0.04924242424242424
1009,864691135942163201,559,0.669249909218394,L5IT,34,0.06082289803220036
1010,864691136742470492,511,0.6693204366381621,L5IT,32,0.06262230919765166
1011,864691135839843475,421,0.6693348218550875,ITC,34,0.08076009501187649
1012,864691135271077541,330,0.6694302895054672,L3IT,19,0.05757575757575758
1013,864691135939008565,537,0.6694985525141881,L2IT,36,0.0670391061452514
1014,864691135499616019,4719,0.6695307825714583,PV,301,0.06378470014833651
1015,864691136924515300,252,0.6696269424529303,L2IT,17,0.06746031746031746
1016,864691135397960481,472,0.669713626998966,L2IT,31,0.06567796610169492
1017,864691135755384269,585,0.6697363879668407,L4IT,34,0.05811965811965812
1018,864691136364308962,205,0.6698073568390637,L2IT,16,0.07804878048780488
1019,864691135504081986,347,0.6698133776634502,L2IT,27,0.07780979827089338
1020,864691135686283703,762,0.6699794271173752,L4IT,46,0.06036745406824147
1021,864691135495698832,489,0.6700592107948351,L3IT,30,0.06134969325153374
1022,864691135886314096,568,0.6701885277620504,L4IT,38,0.06690140845070422
1023,864691136453419007,657,0.6702300878202534,L3IT,47,0.0715372907153729
1024,864691136813937267,635,0.670345192249929,L2IT,43,0.06771653543307087
1025,864691134965778719,607,0.670488933126459,L2IT,46,0.0757825370675453
1026,864691135773074683,113,0.6705076293945312,L6IT,9,0.07964601769911504
1027,864691135578103301,329,0.6706428755322488,L2IT,26,0.0790273556231003
1028,864691136664127454,983,0.6711537809536877,L4IT,66,0.0671414038657172
1029,864691135385422677,383,0.6711588385260759,L4IT,26,0.06788511749347259
1030,864691136424704815,546,0.6711664473145872,L4IT,44,0.08058608058608059
1031,864691135954480163,5341,0.6711673940902478,MC,325,0.060850028084628346
1032,864691135741458324,873,0.6711725582415569,L2IT,43,0.049255441008018326
1033,864691135014099446,1358,0.671250744207267,L4IT,90,0.0662739322533137
1034,864691135885194352,1720,0.6713212127419405,PV,103,0.05988372093023256
1035,864691135939477508,452,0.67161287897667,L2IT,26,0.05752212389380531
1036,864691136107486169,954,0.671644823094334,L4IT,68,0.07127882599580712
1037,864691135520064650,292,0.6716660110656529,L3IT,21,0.07191780821917808
1038,864691136438666398,675,0.6718923465870045,L4IT,54,0.08
1039,864691135014355094,556,0.6721733956559957,L4IT,43,0.07733812949640288
1040,864691135562004193,536,0.6723894111291686,L4IT,36,0.06716417910447761
1041,864691136101464181,772,0.6728473583947809,L4IT,50,0.06476683937823834
1042,864691135572346349,410,0.6728485056900397,L5IT,32,0.07804878048780488
1043,864691136619693275,350,0.6730966502053397,L4IT,26,0.07428571428571429
1044,864691135014966262,613,0.6732442320532744,L6IT,40,0.06525285481239804
1045,864691136311381338,360,0.6734617222574022,L4IT,22,0.06111111111111111
1046,864691135849426270,565,0.6734658918920872,L5IT,41,0.07256637168141593
1047,864691135742664043,726,0.6735128651282676,L3IT,44,0.06060606060606061
1048,864691136619096795,819,0.6735372277191125,L5IT,56,0.06837606837606838
1049,864691136066631832,648,0.6735620843731327,L3IT,40,0.06172839506172839
1050,864691135477469864,854,0.6735898243973351,L3IT,66,0.07728337236533958
1051,864691135877606483,205,0.6736332643090225,L4IT,15,0.07317073170731707
1052,864691135375745736,297,0.6737656315633344,L2IT,19,0.06397306397306397
1053,864691135994226881,414,0.67379802477187,L2IT,34,0.0821256038647343
1054,864691135686494647,491,0.6739913869477095,L2IT,37,0.07535641547861507
1055,864691134919972106,316,0.6740252149678484,L2IT,24,0.0759493670886076
1056,864691135066892868,732,0.6741905669384315,L2IT,53,0.07240437158469945
1057,864691135135019168,872,0.6746708238365453,L3IT,66,0.07568807339449542
1058,864691135977045871,1057,0.6751007662496142,L4IT,82,0.07757805108798486
1059,864691136380816597,1203,0.6751624341649208,L4IT,95,0.07896924355777224
1060,864691135101431072,417,0.6753278688847019,L2IT,25,0.05995203836930456
1061,864691136107964377,200,0.6754718263244629,L6CT,12,0.06
1062,864691136579629844,663,0.6754938707883902,L4IT,53,0.07993966817496229
1063,864691136010028974,925,0.675879655419427,L5IT,60,0.06486486486486487
1064,864691136006493898,511,0.6759104248464924,L4IT,33,0.06457925636007827
1065,864691135015154934,591,0.6761259753942086,L4IT,46,0.077834179357022
1066,864691135755197133,328,0.6761649266452324,L5IT,20,0.06097560975609756
1067,864691136330407914,515,0.6764162727948532,L2IT,32,0.062135922330097085
1068,864691136954019039,418,0.6766433262072111,L4IT,26,0.06220095693779904
1069,864691135787537348,533,0.6767575528644039,L4IT,36,0.0675422138836773
1070,864691135942924148,1010,0.6767733438095244,L4IT,76,0.07524752475247524
1071,864691136814345075,4837,0.6770472110934017,MC,325,0.06719040727723796
1072,864691135646481135,534,0.6770526613599799,L4IT,38,0.07116104868913857
1073,864691135732038329,1310,0.6770773128262003,L4IT,99,0.07557251908396946
1074,864691136452447743,461,0.6772354780101983,L2IT,33,0.07158351409978309
1075,864691135562780385,1112,0.6773941709737984,L2IT,73,0.06564748201438848
1076,864691135619463567,1420,0.6777081964586822,L4IT,97,0.06830985915492958
1077,864691135342585541,1029,0.6777088938954968,L4IT,81,0.07871720116618076
1078,864691135942120449,571,0.6777188031986591,L6IT,44,0.07705779334500876
1079,864691135214977920,783,0.6778449890263388,L4IT,57,0.07279693486590039
1080,864691135059143323,354,0.6781221510677015,L5IT,25,0.07062146892655367
1081,864691136389688695,927,0.6782251658557945,L2IT,77,0.08306364617044229
1082,864691136010928046,849,0.6783751463468841,L6IT,67,0.07891637220259129
1083,864691135760319822,799,0.6784064708943659,L4IT,60,0.07509386733416772
1084,864691135779705021,632,0.6785982682252233,L4IT,42,0.06645569620253164
1085,864691136239980604,830,0.6788273545552449,L4IT,59,0.07108433734939759
1086,864691136288598467,294,0.6789154820734141,L2IT,24,0.08163265306122448
1087,864691134942169955,1083,0.6792712749470634,L3IT,76,0.07017543859649122
1088,864691135489677882,554,0.6793084080210662,L3IT,41,0.0740072202166065
1089,864691136363473634,876,0.6795906214626957,L4IT,72,0.0821917808219178
1090,864691135405138670,715,0.6799449869062517,L4IT,50,0.06993006993006994
1091,864691135774179147,499,0.679990126024984,L2IT,33,0.06613226452905811
1092,864691135294361782,285,0.6800441105357388,L3IT,19,0.06666666666666667
1093,864691136195834070,663,0.6801785234462802,L4IT,43,0.06485671191553545
1094,864691135839979667,8281,0.6803843227156607,NMC,474,0.05723946383287043
1095,864691136067382936,524,0.6805316984307676,L4IT,40,0.07633587786259542
1096,864691135928395278,525,0.6805741545976912,L4IT,36,0.06857142857142857
1097,864691136381243349,607,0.6805816093206013,L4IT,45,0.07413509060955518
1098,864691135772774651,4855,0.6805905960911948,MC,315,0.06488156539649846
1099,864691135196475434,9057,0.6805931465894007,NMC,565,0.062382687424091865
1100,864691135938816260,272,0.6807161415324491,L3IT,18,0.0661764705882353
1101,864691135196592938,504,0.6807882598543924,L4IT,46,0.09126984126984126
1102,864691137022180974,7796,0.6808571928451465,MC,532,0.06824012314007183
1103,864691135496440208,399,0.6812088081245136,L3IT,27,0.06766917293233082
1104,864691136445215875,1342,0.6812115870076391,L2IT,84,0.06259314456035768
1105,864691135102381856,818,0.6812884518966115,L3IT,61,0.0745721271393643
1106,864691135742097044,862,0.6814340843523738,L4IT,66,0.0765661252900232
1107,864691135350717399,829,0.6815754046054743,L5IT,50,0.06031363088057901
1108,864691136814508659,536,0.6819745695270709,L4IT,38,0.0708955223880597
1109,864691135386963541,862,0.6824670570400088,L4IT,76,0.08816705336426914
1110,864691135646147567,698,0.6826009006828155,L4IT,47,0.0673352435530086
1111,864691135511486985,864,0.6826172298281281,L4IT,60,0.06944444444444445
1112,864691135360809560,900,0.6826705121061537,L4IT,68,0.07555555555555556
1113,864691135577208606,558,0.6830954397263065,L6IT,37,0.06630824372759857
1114,864691136953873631,445,0.6832728275427657,L5IT,28,0.06292134831460675
1115,864691135685620210,898,0.683333569154973,L3IT,54,0.060133630289532294
1116,864691137199828801,402,0.6834314800566109,L5IT,29,0.07213930348258707
1117,864691135809954845,743,0.6834478177729076,L4IT,57,0.07671601615074024
1118,864691136579434260,604,0.6836367068322289,L6IT,40,0.06622516556291391
1119,864691135305643175,716,0.6837037169813445,L4IT,54,0.07541899441340782
1120,864691135346954143,11072,0.6837192348660417,MC,715,0.06457731213872832
1121,864691135478268840,827,0.6837338179942342,L4IT,68,0.08222490931076179
1122,864691134966495519,584,0.6839227024431097,L3IT,31,0.053082191780821915
1123,864691135271967397,14866,0.6840485877617362,NMC,841,0.05657204358939863
1124,864691136314473021,527,0.6841020103758608,L5IT,33,0.06261859582542695
1125,864691135773731403,679,0.6842439725423597,L6IT,52,0.07658321060382917
1126,864691135258563503,1327,0.6843547367535773,L4IT,107,0.08063300678221552
1127,864691135342848433,596,0.6844095417317128,L4IT,37,0.06208053691275168
1128,864691135741619051,413,0.6845081443140062,L4IT,32,0.0774818401937046
1129,864691135350542039,1022,0.6846744625069157,L5IT,77,0.07534246575342465
1130,864691136042688854,202,0.684775133944974,L6CT,11,0.054455445544554455
1131,864691135764631862,868,0.6848049491957036,L3IT,58,0.06682027649769585
1132,864691135976155459,584,0.6849073017198746,L1,36,0.06164383561643835
1133,864691135587758716,661,0.6849283551030008,L3IT,47,0.07110438729198185
1134,864691136196517452,1134,0.6849355332174418,L4IT,89,0.07848324514991181
1135,864691136674744199,495,0.6849860638165715,L4IT,37,0.07474747474747474
1136,864691136239859772,889,0.6849900425974242,L4IT,71,0.0798650168728909
1137,864691135878407251,1951,0.6850648840137288,PV,111,0.05689390056381343
1138,864691134887026938,778,0.6852504233799128,L4IT,57,0.07326478149100257
1139,864691134949350652,431,0.6852804782716968,L3IT,26,0.060324825986078884
1140,864691135801604706,1061,0.685374680061592,L3IT,81,0.0763430725730443
1141,864691135375361480,738,0.6855109752820436,MC,43,0.058265582655826556
1142,864691135703164283,628,0.6856802422818105,L4IT,48,0.07643312101910828
1143,864691135455701354,562,0.6857497336296,L4IT,51,0.09074733096085409
1144,864691136425073455,851,0.6857676827893554,L5IT,63,0.07403055229142186
1145,864691136381353685,430,0.6857809969170149,L3IT,29,0.06744186046511629
1146,864691136579129876,493,0.6860383998027438,L4IT,35,0.07099391480730223
1147,864691135409859785,1120,0.6860746837513788,L5IT,76,0.06785714285714285
1148,864691135294190518,646,0.6862463833658319,L3IT,43,0.06656346749226007
1149,864691135591664907,507,0.6863318398379715,L4IT,34,0.0670611439842209
1150,864691135763795510,827,0.6866491990971595,L4IT,59,0.07134220072551391
1151,864691135616235979,574,0.6870062085028725,ITC,42,0.07317073170731707
1152,864691135943593332,179,0.687139364487632,L2IT,19,0.10614525139664804
1153,864691135493079783,561,0.6871744549661184,L2IT,38,0.0677361853832442
1154,864691135340141542,810,0.6872025330060795,DTC,61,0.07530864197530865
1155,864691135920571056,904,0.6872365726432969,L4IT,63,0.06969026548672566
1156,864691135360096071,338,0.687478638677202,L5IT,29,0.08579881656804733
1157,864691135059845275,608,0.6878351863936374,L4IT,49,0.0805921052631579
1158,864691136991390869,711,0.6879022272917455,L5IT,49,0.06891701828410689
1159,864691136381301461,642,0.6879638243226618,L4IT,47,0.07320872274143302
1160,864691135468948364,1458,0.6880222328942172,L3IT,104,0.07133058984910837
1161,864691135386899029,684,0.6881433071839181,L4IT,47,0.06871345029239766
1162,864691135562975969,316,0.6883425687657128,L3IT,23,0.07278481012658228
1163,864691135990701056,320,0.6885186978816986,L4IT,25,0.078125
1164,864691135492568551,609,0.6885256880461093,L4IT,50,0.08210180623973727
1165,864691135970180709,243,0.6885736790409794,L2IT,20,0.0823045267489712
1166,864691135717275162,931,0.6885820834142437,L3IT,68,0.07303974221267455
1167,864691135726881195,1117,0.6886365883621448,L4IT,86,0.07699194270367055
1168,864691136484876588,1511,0.6886785505182454,MC,100,0.06618133686300463
1169,864691136364166370,1395,0.688809423390597,ITC,102,0.07311827956989247
1170,864691135468854156,493,0.6888960086056475,L2IT,41,0.08316430020283976
1171,864691136137168779,1336,0.6889993717656164,ITC,95,0.07110778443113773
1172,864691136177799686,359,0.6891596224474044,L4IT,26,0.07242339832869081
1173,864691135015652246,310,0.689572914874169,L2IT,23,0.07419354838709677
1174,864691135478316200,833,0.6899165796231823,L4IT,70,0.08403361344537816
1175,864691135774221643,9411,0.6899338801839681,MC,590,0.06269259377324407
1176,864691136313406781,1075,0.69002543354478,L4IT,71,0.06604651162790698
1177,864691135782241616,314,0.6900787173957582,L3IT,19,0.06050955414012739
1178,864691135477469352,799,0.6900895816483098,L4IT,50,0.0625782227784731
1179,864691136953413599,1036,0.690113846290986,L4IT,70,0.06756756756756757
1180,864691135810982860,1266,0.6902077820402751,L4IT,103,0.08135860979462875
1181,864691135540440178,156,0.6903452684940435,L2IT,13,0.08333333333333333
1182,864691135720061233,463,0.6904625008255565,L5IT,35,0.0755939524838013
1183,864691135975539779,1442,0.6905960495111516,L2IT,109,0.07558945908460471
1184,864691135294187190,390,0.6906708728790284,L4IT,34,0.08717948717948718
1185,864691136967703758,1015,0.6906750934920287,L4IT,70,0.06896551724137931
1186,864691135764890678,2044,0.6906967549202727,MC,141,0.06898238747553816
1187,864691136620797837,497,0.6908000439081634,L4IT,39,0.07847082494969819
1188,864691135573191405,392,0.6909611216905166,L2IT,35,0.08928571428571429
1189,864691136111294648,681,0.6909876209152602,L4IT,55,0.08076358296622614
1190,864691136603221201,818,0.6909923535372634,L4IT,69,0.0843520782396088
1191,864691135890695049,718,0.6910014274724678,L4IT,67,0.09331476323119778
1192,864691135465955397,783,0.6910869333016308,L3IT,55,0.070242656449553
1193,864691135988557315,288,0.6912161722448137,L4IT,22,0.0763888888888889
1194,864691135852138183,136,0.6912274889384998,L2IT,9,0.0661764705882353
1195,864691135756844242,8990,0.6913292012983753,NMC,598,0.06651835372636263
1196,864691135592830731,656,0.6915566299950204,L4IT,59,0.0899390243902439
1197,864691136211371452,680,0.6917137132476359,L4IT,50,0.07352941176470588
1198,864691135741963627,455,0.69182788840493,L4IT,31,0.06813186813186813
1199,864691135662802416,695,0.6919100609100123,L4IT,43,0.0618705035971223
1200,864691135840033171,377,0.692011526143203,NGC,22,0.058355437665782495
1201,864691136177629702,486,0.6922059762330702,L2IT,30,0.06172839506172839
1202,864691135102434592,368,0.6922081242022307,L3IT,28,0.07608695652173914
1203,864691135750642473,1351,0.6924850650648997,L6IT,105,0.07772020725388601
1204,864691135886208112,379,0.6924896522260279,L3IT,35,0.09234828496042216
1205,864691136052366067,291,0.6925342140591022,L2IT,23,0.07903780068728522
1206,864691136042462038,392,0.6925477512126066,L3IT,32,0.08163265306122448
1207,864691135339729894,457,0.6926969595977983,L4IT,36,0.0787746170678337
1208,864691135890948233,946,0.692817569930256,L4IT,58,0.0613107822410148
1209,864691135970206821,629,0.6930342712766225,L2IT,49,0.07790143084260731
1210,864691136118667428,840,0.6930578580481666,L3IT,67,0.07976190476190476
1211,864691136298045979,749,0.6931530187680661,L5IT,49,0.06542056074766354
1212,864691135567059223,670,0.693435207087958,L4IT,58,0.08656716417910448
1213,864691135611140359,784,0.6934834226929412,L4IT,58,0.07397959183673469
1214,864691135492614239,1621,0.6935756840261686,MC,128,0.07896360271437385
1215,864691134949081852,605,0.6935917903679462,L4IT,45,0.0743801652892562
1216,864691136391034487,697,0.6937631346758674,L4IT,52,0.0746054519368723
1217,864691135947629348,648,0.6938421427614895,L4IT,52,0.08024691358024691
1218,864691135777789357,520,0.6939251030261699,L2IT,31,0.05961538461538462
1219,864691134989865338,741,0.6940564207985656,L2IT,54,0.0728744939271255
1220,864691134886037498,8845,0.6941422449096843,NMC,535,0.060486150367439234
1221,864691135577956101,324,0.6950997998155193,ITC,21,0.06481481481481481
1222,864691136298624539,759,0.6951074818094728,L4IT,54,0.07114624505928854
1223,864691135405224174,948,0.6951330318682304,L4IT,65,0.06856540084388185
1224,864691135336669673,1124,0.6951802073678937,DTC,81,0.07206405693950178
1225,864691136092725684,1078,0.6953077255011932,L3IT,75,0.06957328385899815
1226,864691135849640798,628,0.6953720565844493,L3IT,39,0.06210191082802548
1227,864691136239793212,638,0.69539674801961,NGC,49,0.0768025078369906
1228,864691136145208372,628,0.6954603526668184,L6IT,38,0.06050955414012739
1229,864691135853088967,649,0.6956068019484887,L4IT,63,0.0970724191063174
1230,864691135275949029,566,0.6957936083082596,L2IT,41,0.07243816254416961
1231,864691136489055762,882,0.6958318636812051,L4IT,68,0.07709750566893424
1232,864691136814180211,361,0.6959231345897897,L2IT,24,0.0664819944598338
1233,864691135336055529,916,0.6960148514660165,L4IT,66,0.07205240174672489
1234,864691136111251896,346,0.6960442519435993,L2IT,28,0.08092485549132948
1235,864691135566902039,938,0.6964964078565651,ITC,84,0.08955223880597014
1236,864691136034199739,446,0.6968143206711842,ITC,37,0.08295964125560538
1237,864691135843242211,1397,0.6968701292507633,L4IT,104,0.0744452397995705
1238,864691135740865684,481,0.6969773510875424,L3IT,36,0.07484407484407485
1239,864691135763362102,473,0.6970974198194185,L4IT,38,0.080338266384778
1240,864691135476311616,881,0.6971623753126579,L4IT,62,0.07037457434733257
1241,864691135717163802,414,0.6971933360813896,L2IT,32,0.07729468599033816
1242,864691135778467517,903,0.6974088018888387,L3IT,74,0.08194905869324474
1243,864691135464162366,562,0.6974379496964696,L3IT,52,0.09252669039145907
1244,864691135210446457,14043,0.6974520977379921,MC,938,0.06679484440646585
1245,864691136438585502,936,0.6975875048229836,L3IT,67,0.07158119658119658
1246,864691135646292719,842,0.6977127714587503,L6IT,61,0.07244655581947744
1247,864691135584471405,149,0.6978711289271412,ITCperi,10,0.06711409395973154
1248,864691135308347974,248,0.6981424201996096,DTC,20,0.08064516129032258
1249,864691136912172017,504,0.6984525262439062,L4IT,30,0.05952380952380952
1250,864691135571356038,5414,0.6986762062519469,MC,376,0.069449575175471
1251,864691135463999294,1744,0.698688080455185,PV,107,0.06135321100917431
1252,864691136196265704,516,0.6988963587542837,L4IT,44,0.08527131782945736
1253,864691135701629474,360,0.6990648955980937,L2IT,26,0.07222222222222222
1254,864691135849634142,438,0.699118204256171,L6IT,32,0.0730593607305936
1255,864691135591726603,218,0.6992286103624816,L4IT,12,0.05504587155963303
1256,864691135346685855,602,0.699398414941325,L4IT,46,0.07641196013289037
1257,864691135938404612,244,0.6995568437107275,ITC,21,0.0860655737704918
1258,864691135405626862,486,0.6997424427668253,L2IT,41,0.08436213991769548
1259,864691135583277677,537,0.6997547302317131,L4IT,39,0.07262569832402235
1260,864691135339729126,725,0.699869067766913,L4IT,61,0.08413793103448276
1261,864691136118359716,832,0.699976685585884,L5IT,73,0.08774038461538461
1262,864691136620636045,444,0.7000108971810556,L3IT,38,0.08558558558558559
1263,864691135885623408,520,0.7000860357064468,L6CT,39,0.075
1264,864691135810466333,541,0.7002223333686646,L4IT,40,0.07393715341959335
1265,864691135210358137,905,0.7002450459885993,L4IT,84,0.09281767955801105
1266,864691135990004992,688,0.7003195912533029,L4IT,42,0.061046511627906974
1267,864691135234382937,371,0.7007392455766787,L3IT,24,0.0646900269541779
1268,864691135489836346,347,0.7008738214674188,L4IT,31,0.0893371757925072
1269,864691135336954857,794,0.7009565504564146,L4IT,58,0.07304785894206549
1270,864691135919756208,385,0.7010644352504186,L2IT,33,0.08571428571428572
1271,864691135698016410,822,0.7011422918324343,L4IT,69,0.08394160583941605
1272,864691134887460346,559,0.7012476278656498,L3IT,50,0.08944543828264759
1273,864691136390183696,271,0.7012708963907953,L4IT,19,0.07011070110701106
1274,864691136438426526,388,0.7013037941037994,L2IT,27,0.06958762886597938
1275,864691136725093373,596,0.7013803207154242,L4IT,45,0.07550335570469799
1276,864691135773694795,820,0.7013941901788479,L4IT,66,0.08048780487804878
1277,864691135810473245,478,0.701479644248675,L4IT,25,0.05230125523012552
1278,864691136381347029,296,0.7015196879747752,L4IT,25,0.08445945945945946
1279,864691134966714655,397,0.7015274400687037,L4IT,34,0.08564231738035265
1280,864691136118370724,1211,0.7018668931194025,L3IT,85,0.07018992568125516
1281,864691137199038273,398,0.7018739349614436,L4IT,29,0.0728643216080402
1282,864691135726140843,1541,0.7020805680796668,L3IT,116,0.07527579493835172
1283,864691136380264149,600,0.7021701463635762,L5IT,48,0.08
1284,864691135742189163,629,0.7025174891922167,L4IT,49,0.07790143084260731
1285,864691136927566154,788,0.7026486232655909,L4IT,54,0.06852791878172589
1286,864691135741684075,450,0.7026884282684326,L3IT,31,0.06888888888888889
1287,864691135102353696,282,0.7027442934563819,L2IT,21,0.07446808510638298
1288,864691135342541509,668,0.7027904079402992,L4IT,57,0.08532934131736528
1289,864691136006519498,690,0.7028198991250301,L4IT,54,0.0782608695652174
1290,864691135977309763,730,0.7028331675333519,L4IT,52,0.07123287671232877
1291,864691136125440038,905,0.7028403432435093,L4IT,74,0.08176795580110498
1292,864691136101516661,690,0.703032309042889,L4IT,57,0.08260869565217391
1293,864691135490505018,466,0.7034486448099685,L4IT,39,0.08369098712446352
1294,864691135757092306,480,0.7034890218257903,L3IT,34,0.07083333333333333
1295,864691136106969561,251,0.7036171942327126,L4IT,20,0.0796812749003984
1296,864691135309722950,463,0.7036789116746148,L2IT,38,0.08207343412526998
1297,864691135273918993,303,0.7036809653732249,L2IT,25,0.08250825082508251
1298,864691135476495936,2389,0.7036937298557159,L3IT,178,0.07450816241105065
1299,864691136145572404,1529,0.7037328217483331,ITC,127,0.08306082406801832
1300,864691136136838027,339,0.7039410346602268,L6IT,18,0.05309734513274336
1301,864691136363009250,527,0.7040048820054057,L4IT,45,0.08538899430740038
1302,864691135886300016,1023,0.7041701344949642,L4IT,73,0.07135874877810362
1303,864691135858282030,12255,0.7045026853594863,MC,819,0.06682986536107711
1304,864691135939462453,397,0.7045443025584185,L6IT,33,0.08312342569269521
1305,864691135749141801,902,0.7046629338148164,L2IT,81,0.08980044345898004
1306,864691135728030015,515,0.7051335908686073,L4IT,45,0.08737864077669903
1307,864691135954582563,3516,0.705155875738706,DTC,273,0.07764505119453925
1308,864691136145574196,815,0.7056267173205416,L2IT,58,0.07116564417177915
1309,864691135774307659,627,0.705649145038124,L2IT,49,0.07814992025518341
1310,864691135868957462,418,0.705726847178628,L5IT,32,0.07655502392344497
1311,864691135464946757,1843,0.7057775631768511,PV,128,0.0694519804666305
1312,864691136058804696,337,0.706000516636789,ITC,25,0.07418397626112759
1313,864691135476041792,530,0.7060238838555678,L4IT,41,0.07735849056603773
1314,864691136229366097,2907,0.7065288536063904,PV,235,0.08083935328517372
1315,864691135347733151,692,0.7067163409635511,L4IT,51,0.07369942196531792
1316,864691136013554851,725,0.7068108830103381,L4IT,54,0.07448275862068965
1317,864691135384344043,540,0.7068954278239498,L3IT,42,0.07777777777777778
1318,864691135619317391,765,0.7069495013392828,L4IT,62,0.08104575163398693
1319,864691135927494158,300,0.7071700457000732,L3IT,17,0.056666666666666664
1320,864691135955477512,492,0.7076077253837896,L6IT,37,0.07520325203252033
1321,864691136034084795,502,0.7076369952699577,L3IT,43,0.08565737051792828
1322,864691136275890189,266,0.7077145011586354,AltBasket,15,0.05639097744360902
1323,864691135293096118,642,0.7080957973099943,NGC,46,0.07165109034267912
1324,864691135659566210,376,0.7081093383139753,L4IT,27,0.07180851063829788
1325,864691135756460754,126,0.7081975077674503,L6IT,8,0.06349206349206349
1326,864691135384285931,920,0.7084274633500887,L4IT,70,0.07608695652173914
1327,864691134949095932,126,0.7085801132747105,L6IT,6,0.047619047619047616
1328,864691136195400150,716,0.7088971788417028,L2IT,55,0.07681564245810056
1329,864691135162585389,618,0.7091014395840346,ITC,49,0.07928802588996764
1330,864691136311267930,436,0.7091062344717324,L3IT,31,0.07110091743119266
1331,864691135763491126,254,0.7092931115608516,L6IT,20,0.07874015748031496
1332,864691135662070512,1020,0.7095554842406628,L4IT,87,0.08529411764705883
1333,864691136580010516,9522,0.7097187868464622,MC,605,0.0635370720436883
1334,864691135617440105,717,0.7099564034742624,L4IT,53,0.07391910739191074
1335,864691135741197716,627,0.7100617991908315,L4IT,43,0.0685805422647528
1336,864691135874782350,502,0.7100751829869243,L2IT,41,0.08167330677290836
1337,864691135640672571,1094,0.7101818641082025,L4IT,94,0.08592321755027423
1338,864691135938555908,291,0.7105219913495775,L4IT,28,0.09621993127147767
1339,864691136238679567,1079,0.7105974744102046,L3IT,87,0.08063021316033364
1340,864691135656674242,617,0.7108277210068664,L5IT,45,0.07293354943273905
1341,864691135942611316,302,0.711054253281347,L2IT,20,0.06622516556291391
1342,864691135274816017,384,0.7110730038682619,L3IT,31,0.08072916666666667
1343,864691136488414994,334,0.7111701986689767,L4IT,26,0.07784431137724551
1344,864691135939049988,371,0.7111706882487089,L3IT,28,0.07547169811320754
1345,864691135890141321,712,0.7112081420984161,L3IT,45,0.06320224719101124
1346,864691135271038885,293,0.7112197139075999,L3IT,27,0.09215017064846416
1347,864691136974813212,984,0.711245491605464,L5IT,80,0.08130081300813008
1348,864691136487168530,2317,0.711282928251119,DTC,174,0.07509710832973673
1349,864691135810531357,833,0.7113438275761965,ITCperi,74,0.08883553421368548
1350,864691135953985800,405,0.7114031883145555,L4IT,33,0.08148148148148149
1351,864691135731889337,1080,0.711424271551768,L3IT,79,0.07314814814814814
1352,864691135646778863,212,0.7114337677505781,L6IT,16,0.07547169811320754
1353,864691135779629245,279,0.7114761355957251,L2IT,23,0.08243727598566308
1354,864691135911276969,532,0.7115087641701663,L4IT,46,0.08646616541353383
1355,864691135684284914,1655,0.7117598107214061,PV,107,0.06465256797583081
1356,864691135276234469,407,0.711762144177786,L3IT,28,0.0687960687960688
1357,864691135867532933,674,0.7118165005845203,L6IT,52,0.0771513353115727
1358,864691136299034139,318,0.7118451520212041,L4IT,22,0.06918238993710692
1359,864691135519106442,306,0.7119325174069873,L3IT,20,0.06535947712418301
1360,864691136196383190,3578,0.7119877800083213,PV,279,0.07797652319731693
1361,864691136975639836,151,0.712038713114151,ITC,10,0.06622516556291391
1362,864691136904594610,410,0.7122618005613001,L3IT,31,0.07560975609756097
1363,864691135325426076,4200,0.7123655335730598,DTC,361,0.08595238095238095
1364,864691135990009600,655,0.7124628509463244,L4IT,55,0.08396946564885496
1365,864691135335855337,333,0.7124981635726608,L4IT,24,0.07207207207207207
1366,864691135474086450,2568,0.7125816521507186,PV,157,0.06113707165109034
1367,864691134886499066,875,0.7129838139822824,L4IT,71,0.08114285714285714
1368,864691135756319186,1007,0.7133885762651249,L4IT,98,0.09731876861966236
1369,864691135503287618,1235,0.7137955857744102,L3IT,105,0.08502024291497975
1370,864691135440543560,599,0.7138456931138079,L3IT,50,0.08347245409015025
1371,864691136453442303,776,0.7138869652293393,L4IT,57,0.07345360824742268
1372,864691136196338764,637,0.7139063446817443,L4IT,49,0.07692307692307693
1373,864691135448256146,823,0.7141439924831089,L4IT,64,0.07776427703523693
1374,864691136034464443,204,0.7142608988705804,L5IT,19,0.09313725490196079
1375,864691136596107938,503,0.7146235990050298,L3IT,43,0.08548707753479125
1376,864691135594101291,2127,0.7146938188814702,PV,141,0.06629055007052186
1377,864691136052738803,680,0.7147637780133416,L4IT,57,0.0838235294117647
1378,864691135430749232,643,0.7148314907732499,L4IT,54,0.08398133748055987
1379,864691135917058150,819,0.7149544130006261,L6IT,61,0.07448107448107448
1380,864691135689417440,1063,0.7150955201325726,L5IT,101,0.09501411100658513
1381,864691135742756203,299,0.7152420317353213,L2IT,20,0.06688963210702341
1382,864691135014681590,389,0.7152448823825865,L6IT,32,0.08226221079691516
1383,864691135742247787,755,0.7152905743428413,L4IT,64,0.0847682119205298
1384,864691135510406921,297,0.7158891509213431,L3IT,19,0.06397306397306397
1385,864691136239460668,531,0.7160471956572739,L6IT,42,0.07909604519774012
1386,864691135779716797,520,0.7165858288068038,L4IT,50,0.09615384615384616
1387,864691135701272610,544,0.7166862512265935,L6IT,33,0.06066176470588235
1388,864691135592678411,385,0.7167338678929712,ITC,36,0.09350649350649351
1389,864691135503182685,660,0.7169866197643857,L5ET,47,0.07121212121212121
1390,864691135595040043,303,0.7172146872215145,L5IT,24,0.07920792079207921
1391,864691136136240011,678,0.7172158235870632,L4IT,56,0.08259587020648967
1392,864691135927533070,359,0.7172894179256514,L6IT,28,0.07799442896935933
1393,864691135773073147,498,0.7172956189228349,L2IT,35,0.07028112449799197
1394,864691135335635177,652,0.717367057577964,L3IT,46,0.0705521472392638
1395,864691136619199963,231,0.7175365269153149,AltBasket,17,0.0735930735930736
1396,864691135992790209,546,0.7176452365078769,ITC,46,0.08424908424908426
1397,864691136229186129,917,0.7177551992992538,L2IT,82,0.08942202835332606
1398,864691134918921738,471,0.7179247743238056,L3IT,27,0.05732484076433121
1399,864691135725842603,723,0.7180487325201391,L4IT,44,0.06085753803596127
1400,864691136101340021,385,0.7180834780903605,L4IT,32,0.08311688311688312
1401,864691135375107272,746,0.7181457782213554,L4IT,66,0.08847184986595175
1402,864691135343923633,188,0.7181833075665414,AltDTC,14,0.07446808510638298
1403,864691135388828033,291,0.7183428083793405,L6IT,22,0.07560137457044673
1404,864691135196576298,928,0.7183689436131511,L5IT,81,0.08728448275862069
1405,864691136976001308,441,0.7184865082894323,L2IT,40,0.09070294784580499
1406,864691135493686111,811,0.719356981213966,L2IT,50,0.06165228113440197
1407,864691135518283475,688,0.7198581735810567,L3IT,48,0.06976744186046512
1408,864691135726939455,304,0.7198645599892265,L3IT,21,0.06907894736842106
1409,864691135397846049,423,0.719903192948506,L2IT,37,0.08747044917257683
1410,864691135810905036,761,0.7199075634564113,L4IT,68,0.08935611038107753
1411,864691135764015926,535,0.720020974282238,L3IT,43,0.08037383177570094
1412,864691136618553563,657,0.7203171921574725,L3IT,54,0.0821917808219178
1413,864691136025992761,618,0.7206681548368583,ITC,55,0.0889967637540453
1414,864691135976028015,374,0.7207598467434154,L6CT,36,0.0962566844919786
1415,864691135325413788,300,0.7208617488098145,L4IT,24,0.08
1416,864691135099901728,360,0.720875869984097,L6IT,30,0.08333333333333333
1417,864691135388660865,692,0.7208905437557683,L6IT,59,0.08526011560693642
1418,864691135293605558,1175,0.7209728402742427,L4IT,102,0.08680851063829788
1419,864691135778331232,456,0.721128544983111,L6IT,34,0.07456140350877193
1420,864691135479833030,1084,0.721145669187567,L4IT,87,0.08025830258302583
1421,864691135566966807,504,0.7211607223086888,L3IT,43,0.08531746031746032
1422,864691135388675969,401,0.7212233309472291,L6IT,33,0.08229426433915212
1423,864691136107283417,917,0.7213385288421564,L4IT,80,0.08724100327153762
1424,864691136927732810,625,0.7215487546142578,L3IT,40,0.064
1425,864691135124209447,657,0.7217377810398375,L6IT,57,0.0867579908675799
1426,864691136363303138,578,0.721762976913716,L4IT,44,0.07612456747404844
1427,864691135493624415,524,0.7219091844631516,L4IT,42,0.08015267175572519
1428,864691135214931072,643,0.7220927197351056,L4IT,42,0.06531881804043546
1429,864691135342594225,395,0.7223757458940336,L2IT,32,0.0810126582278481
1430,864691135271696549,838,0.7226779841716647,L6IT,70,0.08353221957040573
1431,864691136446104451,339,0.7227012535702866,ITC,30,0.08849557522123894
1432,864691135694415551,445,0.7228118504984994,L4IT,36,0.08089887640449438
1433,864691135726340523,641,0.7228167030227352,L6IT,51,0.07956318252730109
1434,864691135969582181,939,0.7228855345079058,MC,67,0.07135250266240682
1435,864691134966069023,605,0.7230435001436344,L4IT,53,0.08760330578512397
1436,864691135416233914,143,0.7231222374122459,L2IT,12,0.08391608391608392
1437,864691135466236229,690,0.7232095063472139,L4IT,51,0.07391304347826087
1438,864691136238090767,407,0.7235456783988259,L5IT,28,0.0687960687960688
1439,864691134886335738,274,0.7235535054450488,L4IT,22,0.08029197080291971
1440,864691136489147922,646,0.7236601973022839,L4IT,53,0.08204334365325078
1441,864691135396794101,919,0.7236914760352997,L3IT,78,0.08487486398258977
1442,864691135741965931,411,0.7237702569706306,L4IT,30,0.072992700729927
1443,864691136814025587,2694,0.7238114640817167,PV,182,0.06755753526354863
1444,864691135578146565,336,0.7238516279175168,L5IT,25,0.0744047619047619
1445,864691136210847932,818,0.7239061092199498,L4IT,61,0.0745721271393643
1446,864691136111556792,918,0.7240361062924586,L4IT,77,0.08387799564270153
1447,864691136110366904,301,0.7246702274119735,L4IT,25,0.08305647840531562
1448,864691135742793835,315,0.724696848769415,MC,18,0.05714285714285714
1449,864691136043283030,747,0.7247114084236115,L4IT,69,0.09236947791164658
1450,864691135577816862,1234,0.7253098666609976,L4IT,98,0.07941653160453808
1451,864691136389607287,536,0.7254336267442846,L4IT,41,0.07649253731343283
1452,864691135409962953,565,0.7254611286872256,L3IT,42,0.0743362831858407
1453,864691135294442678,345,0.7256345290916554,L2IT,23,0.06666666666666667
1454,864691135928366606,377,0.7256359034469968,L2IT,29,0.07692307692307693
1455,864691135448130450,520,0.7257342940257145,L3IT,44,0.08461538461538462
1456,864691135582973549,1205,0.7257919629836973,L4IT,90,0.07468879668049792
1457,864691135195825450,464,0.7260534644784599,L3IT,41,0.08836206896551724
1458,864691136274655166,835,0.7260540598658031,L4IT,67,0.08023952095808383
1459,864691135783308368,602,0.7261242345195276,L4IT,51,0.08471760797342193
1460,864691136990522517,744,0.7261721207839187,L3IT,67,0.09005376344086022
1461,864691135646775791,411,0.7265825220372556,L3IT,28,0.0681265206812652
1462,864691135808684573,539,0.7267414605347698,L3IT,30,0.055658627087198514
1463,864691135727799359,789,0.7267430908676941,L4IT,61,0.07731305449936629
1464,864691137198382657,354,0.7268638406473364,L2IT,28,0.07909604519774012
1465,864691136523118481,788,0.7270920388371811,L4IT,63,0.0799492385786802
1466,864691136210885820,1153,0.727118990197558,L4IT,100,0.08673026886383348
1467,864691135456493418,951,0.727231497222066,ITCperi,91,0.09568874868559411
1468,864691135493665631,805,0.7273402322709931,L4IT,69,0.08571428571428572
1469,864691136975624220,616,0.727437570801029,L4IT,43,0.0698051948051948
1470,864691136523288465,417,0.7276639684956137,L4IT,31,0.07434052757793765
1471,864691137199050049,540,0.7278655508606522,L4IT,49,0.09074074074074075
1472,864691135852637127,595,0.7281770147051131,L6IT,49,0.08235294117647059
1473,864691135717457178,882,0.7282318548604744,L4IT,76,0.08616780045351474
1474,864691135562842337,1258,0.7284314895047671,L3IT,102,0.08108108108108109
1475,864691136619882637,463,0.7289366979907964,L5IT,36,0.07775377969762419
1476,864691136742244188,507,0.7290540733939327,L4IT,44,0.08678500986193294
1477,864691136041575422,466,0.7291514669099078,L3IT,37,0.07939914163090128
1478,864691135741524587,256,0.7292491237670183,L2IT,22,0.0859375
1479,864691135947139108,283,0.7295980531133106,L2IT,21,0.07420494699646643
1480,864691135118298333,2815,0.7297100252371698,MC,228,0.08099467140319716
1481,864691135164887853,430,0.729988176159526,L3IT,40,0.09302325581395349
1482,864691135640297787,308,0.7301077750069754,L4IT,18,0.05844155844155844
1483,864691136742623580,446,0.7301463240037585,L6IT,35,0.07847533632286996
1484,864691135741910164,961,0.7302094774057664,L6IT,84,0.08740894901144641
1485,864691135561699041,2309,0.7302342482608549,MC,180,0.0779558250324816
1486,864691135593659947,676,0.7305013570108357,L4IT,52,0.07692307692307693
1487,864691135569592300,879,0.7305899459266012,L4IT,78,0.08873720136518772
1488,864691135751149353,619,0.7307685693053706,L4IT,53,0.08562197092084006
1489,864691135741982868,580,0.7313731586193216,L4IT,49,0.08448275862068966
1490,864691135920800688,684,0.7313963032047651,L4IT,67,0.097953216374269
1491,864691136196240342,698,0.7314557165675997,ITC,54,0.07736389684813753
1492,864691135732318393,371,0.7319999712406785,L2IT,29,0.07816711590296496
1493,864691135809509917,596,0.7320136346496992,L6IT,50,0.08389261744966443
1494,864691135473954354,618,0.732133939847977,L6IT,51,0.0825242718446602
1495,864691136026155577,550,0.7323742669677734,L4IT,59,0.10727272727272727
1496,864691135778815421,455,0.7324482227870397,L3IT,38,0.08351648351648351
1497,864691135124603687,699,0.7325177818593038,L4IT,49,0.07010014306151645
1498,864691135810773452,391,0.7325908484300384,L4IT,27,0.06905370843989769
1499,864691135324725404,418,0.7326086252568441,L4IT,30,0.07177033492822966
1500,864691135868386070,686,0.7327176912213206,L4IT,57,0.08309037900874636
1501,864691136177029382,563,0.7327516587276018,L6IT,43,0.0763765541740675
1502,864691136022520056,124,0.7328507542148713,L5ET,10,0.08064516129032258
1503,864691135309733190,272,0.7331339292245752,L1,21,0.07720588235294118
1504,864691135954393891,530,0.7332005454441287,L4IT,37,0.06981132075471698
1505,864691135611337735,541,0.7332281687695966,L6IT,50,0.09242144177449169
1506,864691135802341986,652,0.7332729438184961,L4IT,58,0.08895705521472393
1507,864691135448215698,650,0.7333145734112079,L4IT,56,0.08615384615384615
1508,864691136438496158,515,0.7333396060091778,L3IT,38,0.07378640776699029
1509,864691135492991839,505,0.7333584277615689,L4IT,44,0.08712871287128712
1510,864691136086632812,686,0.7333664667168442,NGC,49,0.07142857142857142
1511,864691135886130288,658,0.7334380487279689,L4IT,49,0.07446808510638298
1512,864691135511977680,694,0.7335770413896192,L3IT,55,0.0792507204610951
1513,864691135137299481,838,0.733621458372239,L4IT,66,0.07875894988066826
1514,864691135165079085,431,0.7336528693550978,L4IT,36,0.08352668213457076
1515,864691136488999186,519,0.7336684817202059,L4IT,41,0.0789980732177264
1516,864691135778465376,382,0.7337881175136067,L6IT,25,0.06544502617801047
1517,864691136118337956,567,0.7344449783069537,L4IT,49,0.08641975308641975
1518,864691136421324951,1062,0.7345244328109108,L4IT,100,0.09416195856873823
1519,864691135765006134,506,0.7346907164758374,L4IT,45,0.08893280632411067
1520,864691135387753601,747,0.734938835736419,MC,65,0.08701472556894244
1521,864691136011768494,298,0.7352373171172686,L4IT,31,0.1040268456375839
1522,864691135465113157,371,0.7353808664594378,L4IT,39,0.10512129380053908
1523,864691135280682401,524,0.7357115964088731,L4IT,46,0.08778625954198473
1524,864691135470235986,147,0.7357220512961044,AltBasket,12,0.08163265306122448
1525,864691135490483514,479,0.7360662559079229,L4IT,36,0.07515657620041753
1526,864691135868210454,569,0.7362272474962714,L3IT,41,0.07205623901581722
1527,864691135387513685,645,0.7363818829499473,L4IT,47,0.07286821705426356
1528,864691135976425327,376,0.7364714642382683,L6IT,30,0.0797872340425532
1529,864691135209369465,1063,0.7367370691128979,L4IT,66,0.062088428974600186
1530,864691135816693327,438,0.7368049813797485,L3IT,34,0.0776255707762557
1531,864691136420279191,266,0.7369539721782943,L2IT,24,0.09022556390977443
1532,864691136380312021,385,0.737122969253342,L2IT,30,0.07792207792207792
1533,864691136034271675,683,0.7371763758792012,L2IT,46,0.06734992679355783
1534,864691135811335116,420,0.737407926377796,L6IT,35,0.08333333333333333
1535,864691135725838763,433,0.7377695705510727,L6IT,35,0.08083140877598152
1536,864691136274712254,485,0.7378986306573927,L6IT,46,0.09484536082474226
1537,864691136914414321,1320,0.737967647746115,L2IT,105,0.07954545454545454
1538,864691135473540914,537,0.7381980941246786,L4IT,41,0.07635009310986965
1539,864691136066069400,250,0.7382949725341796,L2IT,26,0.104
1540,864691135990564864,204,0.7383162933050418,NGC,15,0.07352941176470588
1541,864691135277186789,315,0.7384159351772732,L3IT,32,0.10158730158730159
1542,864691135430186032,362,0.7387302268539345,L5IT,33,0.09116022099447514
1543,864691135753932237,724,0.7389426658430153,L4IT,72,0.09944751381215469
1544,864691135807579933,629,0.7391602979426544,L4IT,60,0.09538950715421304
1545,864691135774053371,397,0.7392803538872553,L2IT,31,0.07808564231738035
1546,864691134919869706,501,0.7395668363742486,L4IT,44,0.08782435129740519
1547,864691135466158917,397,0.7403642069146376,L2IT,34,0.08564231738035265
1548,864691135504168285,525,0.7405960393051875,L4IT,53,0.10095238095238095
1549,864691135772987899,352,0.74061205497655,L4IT,32,0.09090909090909091
1550,864691136904366770,878,0.7408427617023094,ITCperi,91,0.10364464692482915
1551,864691135988742147,1193,0.7409395813794069,L4IT,111,0.09304274937133278
1552,864691135499821331,947,0.7409617038110493,L4IT,89,0.09398099260823653
1553,864691136125457446,718,0.7423678161652972,L4IT,57,0.07938718662952646
1554,864691135271343525,1475,0.7424669087633037,ITC,130,0.08813559322033898
1555,864691135405337326,864,0.7425721888012355,L3IT,80,0.09259259259259259
1556,864691135499231763,561,0.7430992915923582,L4IT,48,0.0855614973262032
1557,864691135476528704,449,0.7435661645647147,L2IT,45,0.10022271714922049
1558,864691135742826603,1103,0.7436712701880489,ITCperi,102,0.09247506799637353
1559,864691136195391208,350,0.74394808165414,L2IT,27,0.07714285714285714
1560,864691136524089489,176,0.7441612967577848,L2IT,16,0.09090909090909091
1561,864691135209432185,424,0.7444215905531397,L3IT,35,0.08254716981132075
1562,864691135274860817,407,0.7451857759067995,L4IT,39,0.09582309582309582
1563,864691135209280633,1363,0.7452419231328034,L4IT,128,0.09391049156272928
1564,864691135775906989,313,0.7453673954680324,L5IT,22,0.07028753993610223
1565,864691136523081105,582,0.7454581635596417,L4IT,55,0.09450171821305842
1566,864691135339103718,565,0.7455852069078294,L3IT,41,0.07256637168141593
1567,864691135067066948,629,0.7458161646565497,L4IT,51,0.08108108108108109
1568,864691135357351375,429,0.7459141753403457,L4IT,37,0.08624708624708624
1569,864691135478429352,631,0.7465274326366781,L4IT,56,0.08874801901743265
1570,864691135060768923,241,0.7468913321593985,ITC,20,0.08298755186721991
1571,864691135101595680,1311,0.7469128444709457,L4IT,113,0.08619374523264683
1572,864691135611019015,515,0.7472223952654495,L4IT,48,0.09320388349514563
1573,864691135573276197,661,0.7476061409331306,L6IT,63,0.09531013615733737
1574,864691135430004016,426,0.7476758771278489,L4IT,33,0.07746478873239436
1575,864691135395833333,229,0.7479616879958774,ITC,19,0.08296943231441048
1576,864691136138335101,632,0.7479930136233945,L6IT,48,0.0759493670886076
1577,864691136041321982,814,0.7480672530143794,MC,77,0.0945945945945946
1578,864691135258509487,377,0.7481453004022491,L3IT,33,0.08753315649867374
1579,864691135499283987,673,0.7484307920957568,L6IT,59,0.08766716196136701
1580,864691136373008520,302,0.7484604637954408,L3IT,28,0.09271523178807947
1581,864691135374981320,883,0.7486236658755137,L4IT,83,0.09399773499433749
1582,864691135504327861,404,0.7487217719011968,L3IT,36,0.0891089108910891
1583,864691135741090196,466,0.7487640750786777,L4IT,34,0.07296137339055794
1584,864691135276505573,483,0.7488804345772627,L3IT,34,0.07039337474120083
1585,864691134991032954,932,0.74909962839937,L4IT,76,0.0815450643776824
1586,864691135341198789,417,0.74961389416299,L3IT,26,0.06235011990407674
1587,864691136390828919,5792,0.7499825631248358,MC,439,0.07579419889502763
1588,864691135742365803,565,0.7501256691721688,L6IT,47,0.0831858407079646
1589,864691135662059760,434,0.750684788901685,L4IT,37,0.08525345622119816
1590,864691136091532855,468,0.7510081765019995,L3IT,40,0.08547008547008547
1591,864691136118686884,415,0.7510416703741234,L3IT,37,0.0891566265060241
1592,864691136085904236,461,0.7514261367988173,L4IT,43,0.09327548806941431
1593,864691135569866988,818,0.7518726867125495,L4IT,65,0.07946210268948656
1594,864691135463695429,291,0.75193745401389,L2IT,19,0.06529209621993128
1595,864691135212078784,404,0.7520026179115371,L5IT,36,0.0891089108910891
1596,864691135782265424,551,0.7520086817040417,L2IT,41,0.07441016333938294
1597,864691135518844554,300,0.7526280226357778,L4IT,19,0.06333333333333334
1598,864691136136778621,320,0.752827530503273,L2IT,24,0.075
1599,864691135941549825,208,0.7531477686441862,L6IT,20,0.09615384615384616
1600,864691135375655880,571,0.7531574645434912,ITCperi,50,0.08756567425569177
1601,864691135997332650,400,0.7532870451021194,L3IT,40,0.1
1602,864691135356087247,653,0.75356014731321,MC,52,0.07963246554364471
1603,864691136336179123,220,0.7536769199371338,L2IT,17,0.07727272727272727
1604,864691135587532924,370,0.754287133026123,L5IT,30,0.08108108108108109
1605,864691135101521952,405,0.7546186677673716,L4IT,35,0.08641975308641975
1606,864691134966324767,304,0.7546580102945629,L4IT,32,0.10526315789473684
1607,864691135384262362,219,0.7548610960381216,L6CT,13,0.0593607305936073
1608,864691135510593289,668,0.75505148245189,L4IT,56,0.08383233532934131
1609,864691135469753426,687,0.7550832862076627,L2IT,68,0.09898107714701601
1610,864691137055840886,520,0.7560458037816561,L6IT,48,0.09230769230769231
1611,864691136118921124,420,0.7567542545136952,L4IT,29,0.06904761904761905
1612,864691136488446226,658,0.7573727681238238,L2IT,60,0.0911854103343465
1613,864691135757040082,805,0.7580276257745968,L4IT,77,0.09565217391304348
1614,864691136424439855,601,0.759066703091842,L4IT,60,0.09983361064891846
1615,864691135970226021,474,0.7597843580286211,L2IT,46,0.0970464135021097
1616,864691136331214058,471,0.7603118137270528,L2IT,49,0.1040339702760085
1617,864691136421279639,441,0.7604991581802195,L2IT,38,0.08616780045351474
1618,864691135725920939,293,0.7612370903483836,L4IT,30,0.10238907849829351
1619,864691135518453642,108,0.7619933281651249,L2IT,6,0.05555555555555555
1620,864691135695042751,1125,0.7620235567016601,L6IT,102,0.09066666666666667
1621,864691135685980087,220,0.7620805116480047,AltDTC,16,0.07272727272727272
1622,864691135388545921,215,0.7623473138143849,L6IT,12,0.05581395348837209
1623,864691136390474359,817,0.7624258627687265,L4IT,87,0.10648714810281518
1624,864691135014256630,144,0.7626922568745083,L6CT,14,0.09722222222222222
1625,864691135570301676,602,0.763565120709695,L4IT,49,0.08139534883720931
1626,864691136239902780,527,0.7635719839454377,L4IT,51,0.0967741935483871
1627,864691135995711402,782,0.7636402140151509,ITCperi,71,0.0907928388746803
1628,864691135724393131,362,0.7639254130474112,L5IT,33,0.09116022099447514
1629,864691135462420637,430,0.7640332648255104,L4IT,45,0.10465116279069768
1630,864691136012173475,987,0.764307111927562,ITCperi,86,0.08713272543059777
1631,864691135778419901,625,0.7643650074829101,L3IT,54,0.0864
1632,864691135157619556,566,0.7644570217065172,L4IT,48,0.08480565371024736
1633,864691136023889209,1090,0.7645120149034973,L4IT,103,0.0944954128440367
1634,864691135295165196,559,0.7645809790282002,L4IT,54,0.09660107334525939
1635,864691135480311494,973,0.7645832543838673,L6IT,96,0.0986639260020555
1636,864691135215078712,1006,0.7649291029184998,ITC,87,0.08648111332007952
1637,864691135594982187,756,0.7654051342716923,L4IT,68,0.08994708994708994
1638,864691135502873666,704,0.7655207965319807,L3IT,71,0.10085227272727272
1639,864691135655894978,317,0.765638339803798,L4IT,27,0.08517350157728706
1640,864691136137834877,1896,0.765647071205614,L3IT,154,0.08122362869198312
1641,864691135720638769,565,0.7658517970718114,L2IT,42,0.0743362831858407
1642,864691135102351392,200,0.765925391998291,L4IT,19,0.095
1643,864691135212492992,388,0.7662430217978881,L6IT,31,0.07989690721649484
1644,864691136391027728,801,0.7662504753131842,L4IT,72,0.0898876404494382
1645,864691136274546622,784,0.7665959645388077,L4IT,74,0.09438775510204081
1646,864691135271282085,679,0.7667156277236602,L4IT,50,0.07363770250368189
1647,864691135741930603,462,0.7668944081228016,L3IT,46,0.09956709956709957
1648,864691135136360217,509,0.7680181022374242,L3IT,45,0.08840864440078586
1649,864691135134155168,464,0.7682182858976825,L2IT,42,0.09051724137931035
1650,864691135562519009,543,0.7683810397617066,L6IT,51,0.09392265193370165
1651,864691135801163874,466,0.7684547832718223,L2IT,44,0.0944206008583691
1652,864691135801133666,390,0.7692568993201623,L2IT,37,0.09487179487179487
1653,864691135211568576,400,0.7694871381092072,L4IT,41,0.1025
1654,864691135448212882,638,0.7695943565787192,L4IT,66,0.10344827586206896
1655,864691135731679929,291,0.7698004617068366,L3IT,22,0.07560137457044673
1656,864691135102433056,760,0.7699521032232988,L4IT,62,0.08157894736842106
1657,864691136275771917,280,0.7701166674477713,L6IT,23,0.08214285714285714
1658,864691136229363025,790,0.7701273187552826,L4IT,69,0.08734177215189873
1659,864691135778618029,1288,0.7702650785238847,ITC,148,0.11490683229813664
1660,864691135694421439,357,0.7704208150804878,L6IT,36,0.10084033613445378
1661,864691136314491965,444,0.7708372667243889,L3IT,33,0.07432432432432433
1662,864691135878061395,365,0.7708795085645702,L5IT,32,0.08767123287671233
1663,864691135303514791,452,0.7711853371236176,L1,43,0.09513274336283185
1664,864691136274488254,505,0.7712770001099841,L4IT,44,0.08712871287128712
1665,864691135465583685,306,0.7715672354854011,L6IT,24,0.0784313725490196
1666,864691135809608652,678,0.7716628968961823,L5IT,63,0.09292035398230089
1667,864691135470154834,1320,0.7717880032308174,L6IT,115,0.08712121212121213
1668,864691136053465587,268,0.772231254492233,L2IT,25,0.09328358208955224
1669,864691135405713902,1282,0.7723533558540523,L3IT,111,0.08658346333853355
1670,864691135593133067,845,0.7725750052683452,L4IT,75,0.08875739644970414
1671,864691135838788755,478,0.7727772429637829,L4IT,47,0.09832635983263599
1672,864691135503466818,453,0.7733366894669353,AltBasket,36,0.07947019867549669
1673,864691135941300993,574,0.7739560474103336,L4IT,55,0.09581881533101046
1674,864691135404860654,276,0.7740212123428566,L2IT,25,0.09057971014492754
1675,864691135473383730,571,0.7742562879371977,L4IT,55,0.09632224168126094
1676,864691135915343462,1094,0.7748156080211103,L4IT,112,0.10237659963436929
1677,864691136675427975,807,0.7748918160789519,L5IT,89,0.11028500619578686
1678,864691136725343485,326,0.7752881126052763,L4IT,37,0.11349693251533742
1679,864691135868916246,530,0.7753320840151805,L4IT,52,0.09811320754716982
1680,864691135520105354,659,0.7767227403990958,L3IT,52,0.07890743550834597
1681,864691136012739747,423,0.777096563316688,L4IT,40,0.09456264775413711
1682,864691136391623039,479,0.7773183430888707,L5IT,47,0.09812108559498957
1683,864691136314485053,973,0.7778264546173818,L5NP,93,0.09558067831449127
1684,864691135468161164,114,0.7781903599186948,L3IT,10,0.08771929824561403
1685,864691135375351369,429,0.7783239229286745,L4IT,44,0.10256410256410256
1686,864691136195526120,852,0.7785474200315878,L4IT,85,0.09976525821596244
1687,864691135778572973,530,0.7788029331117305,L4IT,56,0.10566037735849057
1688,864691135455819114,892,0.7788994947912447,L4IT,88,0.09865470852017937
1689,864691135157198692,608,0.779852384322568,L4IT,61,0.10032894736842106
1690,864691135398892065,274,0.7809400325413168,L3IT,29,0.10583941605839416
1691,864691135782542416,640,0.7812602361500264,L3IT,61,0.0953125
1692,864691135157210468,1115,0.7820074031744302,L4IT,104,0.09327354260089686
1693,864691135134016928,474,0.7832596696620249,L3IT,37,0.07805907172995781
1694,864691135885911920,399,0.7833755043909365,L3IT,43,0.10776942355889724
1695,864691135304679079,855,0.7836253591794019,L4IT,85,0.09941520467836257
1696,864691135571515270,573,0.7836356663196291,L4IT,51,0.08900523560209424
1697,864691136974876956,750,0.7836499380391438,L5ET,69,0.092
1698,864691136034482107,1553,0.7840945153687742,ITC,140,0.0901481004507405
1699,864691136913135089,1249,0.7842222264505941,PV,124,0.09927942353883107
1700,864691136124845606,83,0.7842871789587549,L2IT,3,0.03614457831325301
1701,864691135324963484,294,0.7851133238085273,L5ET,23,0.0782312925170068
1702,864691135214246528,769,0.7851864608422368,AltDTC,77,0.10013003901170352
1703,864691135990134784,300,0.7852462790807089,L3IT,26,0.08666666666666667
1704,864691135640398651,345,0.7858115751404694,L3IT,30,0.08695652173913043
1705,864691135210134905,425,0.7859194584117216,L2IT,40,0.09411764705882353
1706,864691135408788169,228,0.7862343276676379,L4IT,17,0.07456140350877193
1707,864691136335689907,869,0.7864954093257084,L4IT,78,0.08975834292289989
1708,864691136927801674,708,0.7872741022972064,L4IT,58,0.08192090395480225
1709,864691135782702387,819,0.787278944832938,L3IT,77,0.09401709401709402
1710,864691135387988609,356,0.7879637461137236,L3IT,35,0.09831460674157304
1711,864691136274786494,315,0.7880673299032545,L6CT,24,0.0761904761904762
1712,864691135765013302,352,0.7881275968714194,L4IT,34,0.09659090909090909
1713,864691136275364365,279,0.7881684658638466,L4IT,25,0.08960573476702509
1714,864691135361548615,381,0.7883635921328087,L6IT,33,0.08661417322834646
1715,864691135275621605,544,0.7885185267714893,L2IT,50,0.09191176470588236
1716,864691135572530981,477,0.7887473195713771,L5ET,47,0.09853249475890985
1717,864691134941495395,385,0.788764116371452,L4IT,40,0.1038961038961039
1718,864691135397982753,453,0.7895944534790174,L5IT,49,0.10816777041942605
1719,864691136991202453,1140,0.789597058717828,L5ET,109,0.0956140350877193
1720,864691136138756221,879,0.7900528430092456,ITC,103,0.11717861205915814
1721,864691136372630152,758,0.7900819815683491,L6IT,73,0.09630606860158311
1722,864691135782506832,695,0.790347874489105,L4IT,57,0.08201438848920864
1723,864691136089194039,582,0.7906648015681002,L5ET,58,0.09965635738831616
1724,864691135308295238,455,0.7908401902754228,L6IT,55,0.12087912087912088
1725,864691135659140738,149,0.7912691042599261,L6IT,10,0.06711409395973154
1726,864691135480916422,439,0.7914454638539794,L4IT,48,0.10933940774487472
1727,864691136102207349,377,0.7917789187949911,ITC,39,0.10344827586206896
1728,864691135464714565,407,0.7923272092477109,L5ET,36,0.08845208845208845
1729,864691135478400936,617,0.7925323902791671,L4IT,49,0.07941653160453808
1730,864691136086630764,519,0.7925970569823748,L3IT,41,0.0789980732177264
1731,864691135272069285,329,0.7935717238452297,L5ET,36,0.1094224924012158
1732,864691135389195393,617,0.7937999041385744,L4IT,63,0.10210696920583469
1733,864691136618795227,137,0.7951563546674966,L5IT,12,0.08759124087591241
1734,864691136372039560,409,0.7952898176608284,L6IT,40,0.097799511002445
1735,864691135276132325,306,0.795514584809347,L3IT,26,0.08496732026143791
1736,864691136211385020,664,0.7955954537219312,L3IT,60,0.09036144578313253
1737,864691135309290822,331,0.7960131548740352,L3IT,31,0.09365558912386707
1738,864691135398805281,396,0.7960590247915248,L2IT,45,0.11363636363636363
1739,864691136378815445,446,0.796171017001028,L4IT,49,0.10986547085201794
1740,864691135717271834,558,0.7962636641943327,L4IT,63,0.11290322580645161
1741,864691135295103500,340,0.7963762695536895,L4IT,34,0.1
1742,864691135616048587,730,0.7968109232549798,L4IT,59,0.08082191780821918
1743,864691135888577417,494,0.7974769051663788,L6IT,49,0.09919028340080972
1744,864691136675875719,907,0.7978166791417501,L3IT,80,0.08820286659316427
1745,864691136275807757,521,0.7987717155339393,L6IT,54,0.1036468330134357
1746,864691135325309084,406,0.799186353570722,L6IT,44,0.10837438423645321
1747,864691135731705273,577,0.7992416999393774,L2IT,49,0.08492201039861352
1748,864691134919927050,200,0.7995477131652832,L6IT,18,0.09
1749,864691136273494206,242,0.7998503313301023,L2IT,23,0.09504132231404959
1750,864691135430275120,227,0.8000413050042375,L4IT,25,0.11013215859030837
1751,864691135271590309,793,0.8001831720022655,L6IT,75,0.09457755359394704
1752,864691136903387826,1472,0.8004508330251859,DTC,150,0.10190217391304347
1753,864691136675339655,291,0.8008911257871647,AltBasket,22,0.07560137457044673
1754,864691135739733140,105,0.8010287530081613,L3IT,8,0.0761904761904762
1755,864691135474504498,299,0.8012914260685643,L4IT,27,0.0903010033444816
1756,864691135566168599,266,0.8013803891203457,L5ET,25,0.09398496240601503
1757,864691135989943040,430,0.8022512330254843,L3IT,40,0.09302325581395349
1758,864691135592283403,359,0.8039187056985074,L6IT,39,0.10863509749303621
1759,864691135157025636,211,0.8039916903599743,L6IT,19,0.09004739336492891
1760,864691135619756943,317,0.8049549510606833,L3IT,27,0.08517350157728706
1761,864691135211926464,605,0.8054348249829505,L4IT,59,0.09752066115702479
1762,864691136125411622,1437,0.8055006066430502,L3IT,157,0.10925539318023661
1763,864691135587371132,315,0.8055139544169108,L4IT,34,0.10793650793650794
1764,864691134990435194,492,0.8055479441309363,L6IT,42,0.08536585365853659
1765,864691135774127611,223,0.8060789509931487,ITC,25,0.11210762331838565
1766,864691135954940424,277,0.806413813057359,ITC,31,0.11191335740072202
1767,864691135570135020,486,0.8069350029588236,L6IT,54,0.1111111111111111
1768,864691136334080435,148,0.807007767754632,L2IT,13,0.08783783783783784
1769,864691135504203357,1138,0.8084121177301256,L4IT,119,0.10456942003514938
1770,864691136314448701,781,0.8085323098960515,L4IT,78,0.0998719590268886
1771,864691135384404954,463,0.8097285057463347,L5NP,52,0.11231101511879049
1772,864691135939925813,230,0.8118675093775211,L6CT,28,0.12173913043478261
1773,864691135476581440,262,0.8121494214880557,L6CT,23,0.08778625954198473
1774,864691136144827444,280,0.8135524127960204,L2IT,29,0.10357142857142858
1775,864691135465098653,157,0.8138807715640707,L6CT,13,0.08280254777070063
1776,864691136120159768,398,0.8138807715794548,L4IT,35,0.08793969849246232
1777,864691135382556378,422,0.8143229405461895,L5ET,51,0.12085308056872038
1778,864691135119709149,1708,0.8144128256151213,L3IT,169,0.09894613583138173
1779,864691135842794979,305,0.8145975228106389,L6IT,36,0.1180327868852459
1780,864691136144674612,1323,0.8159270953728409,L3IT,128,0.09674981103552532
1781,864691135294441654,885,0.81641827149472,L4IT,94,0.10621468926553672
1782,864691136523216017,710,0.8164631079928976,L4IT,67,0.09436619718309859
1783,864691136228491601,366,0.8174205416747129,L3IT,42,0.11475409836065574
1784,864691136137794941,494,0.8178953824834786,L5ET,46,0.0931174089068826
1785,864691135885663600,1586,0.8180788011346459,L5NP,148,0.09331651954602774
1786,864691136451224831,215,0.8185734302077182,L2IT,14,0.06511627906976744
1787,864691135809456669,1010,0.8189951801413357,L6IT,102,0.100990099009901
1788,864691135456207722,511,0.8193732411408844,L5ET,43,0.08414872798434442
1789,864691135496339088,387,0.8197930092429622,L2IT,41,0.10594315245478036
1790,864691134941824611,407,0.82053003758236,L4IT,45,0.11056511056511056
1791,864691135014600950,661,0.8205687282291014,L5NP,70,0.1059001512859304
1792,864691136196202472,375,0.8208763488972981,L4IT,39,0.104
1793,864691136523472529,532,0.8209063286655828,L4IT,63,0.11842105263157894
1794,864691136125956134,912,0.8209182710584841,L6IT,107,0.11732456140350878
1795,864691137055290998,387,0.8215933355188493,AltDTC,26,0.06718346253229975
1796,864691135469422674,966,0.8217337060458418,L3IT,103,0.10662525879917184
1797,864691136975144988,370,0.821867642309859,L3IT,30,0.08108108108108109
1798,864691134887444730,383,0.8227940490563296,L5ET,48,0.12532637075718014
1799,864691135305383591,145,0.8231924711030104,L1,11,0.07586206896551724
1800,864691135214653240,114,0.8233044234493323,L6CT,10,0.08771929824561403
1801,864691136010639022,1052,0.824038866623273,L3IT,111,0.10551330798479087
1802,864691135386940245,165,0.8260612835739598,ITC,19,0.11515151515151516
1803,864691135501703746,238,0.82636413098183,L2IT,22,0.09243697478991597
1804,864691135503344477,389,0.8264322163500946,L4IT,39,0.10025706940874037
1805,864691135431591728,146,0.8273289555327533,L6CT,11,0.07534246575342465
1806,864691135976063855,801,0.8295322794301084,L4IT,95,0.11860174781523096
1807,864691135586414716,353,0.8306186637013898,L4IT,41,0.11614730878186968
1808,864691135308553030,469,0.8311130535638155,L6IT,57,0.12153518123667377
1809,864691135867984005,307,0.8311745848391654,L4IT,35,0.11400651465798045
1810,864691136026198585,615,0.8311894006744633,L4IT,61,0.0991869918699187
1811,864691136602371025,371,0.8314523282835103,L2IT,32,0.0862533692722372
1812,864691136452081151,137,0.8316647934461162,L2IT,10,0.072992700729927
1813,864691135587622268,89,0.8336613015592768,ITC,12,0.1348314606741573
1814,864691135396485877,966,0.8338085905750346,L6IT,115,0.11904761904761904
1815,864691135779020221,425,0.833962302569221,L4IT,45,0.10588235294117647
1816,864691135688387040,539,0.83420242731381,L3IT,57,0.10575139146567718
1817,864691135839999379,274,0.8353705410226417,ITCperi,27,0.09854014598540146
1818,864691135919749808,178,0.8355498449346992,L6CT,18,0.10112359550561797
1819,864691136034526651,407,0.835725823704675,ITC,48,0.11793611793611794
1820,864691135764946742,319,0.8362974467023413,L6IT,31,0.09717868338557993
1821,864691135417948090,220,0.8363620886629278,AltBasket,17,0.07727272727272727
1822,864691135293398284,307,0.8374005655419167,AltDTC,35,0.11400651465798045
1823,864691135572385061,195,0.838450120309683,L2IT,23,0.11794871794871795
1824,864691135430486576,432,0.8399137791704249,L4IT,57,0.13194444444444445
1825,864691136742708828,74,0.8402849599477408,L6CT,7,0.0945945945945946
1826,864691135779305405,346,0.843022008487944,L6IT,34,0.09826589595375723
1827,864691135700648226,168,0.843363466716948,L2IT,17,0.10119047619047619
1828,864691135273655569,649,0.8436815204150137,L5ET,63,0.0970724191063174
1829,864691135585503864,98,0.8450924399239677,L6CT,6,0.061224489795918366
1830,864691135852558279,265,0.8463456320708652,L6CT,33,0.12452830188679245
1831,864691134886569210,435,0.8480793270900332,L4IT,43,0.09885057471264368
1832,864691136176327430,100,0.8481301009368897,L2IT,7,0.07
1833,864691137054934902,156,0.8486371158208602,L4IT,15,0.09615384615384616
1834,864691135688186080,287,0.8488546148293525,L5ET,31,0.10801393728222997
1835,864691135686055351,498,0.8493576881799353,L6IT,53,0.10642570281124498
1836,864691135274355473,368,0.8501892147271529,L6CT,44,0.11956521739130435
1837,864691135941435393,399,0.851384194663294,L4IT,42,0.10526315789473684
1838,864691135384176619,325,0.8516377380136344,L4IT,41,0.12615384615384614
1839,864691135517376211,530,0.8519920299098177,L5ET,60,0.11320754716981132
1840,864691135866576604,492,0.8529030439252775,L3IT,51,0.10365853658536585
1841,864691135359010904,82,0.8533234395283024,L2IT,7,0.08536585365853659
1842,864691135417443514,725,0.8540343670285981,L4IT,94,0.1296551724137931
1843,864691135465571653,917,0.8554289722421827,L6IT,107,0.11668484187568157
1844,864691135778773856,200,0.8556873607444764,ITC,20,0.1
1845,864691136298125851,323,0.8562946477718766,L3IT,37,0.11455108359133127
1846,864691136380718037,790,0.8569119093882887,L6IT,103,0.13037974683544304
1847,864691135573315053,298,0.8579107802730278,L6IT,30,0.10067114093959731
1848,864691135585415544,160,0.8580026951313018,L5IT,17,0.10625
1849,864691135083619831,514,0.8581512368866442,L6IT,53,0.10311284046692606
1850,864691135773776459,611,0.8584245827607749,L6IT,69,0.11292962356792144
1851,864691136438410654,239,0.8593532818590747,ITC,30,0.12552301255230125
1852,864691135592789259,161,0.8603602968061933,ITC,17,0.10559006211180125
1853,864691135778544480,135,0.8608822045785409,ITC,14,0.1037037037037037
1854,864691135134945184,465,0.8609396259923134,L4IT,49,0.1053763440860215
1855,864691135618339945,151,0.8610663049963136,ITC,13,0.08609271523178808
1856,864691135940685057,176,0.8638863169496709,L2IT,17,0.09659090909090909
1857,864691136724880893,108,0.8639578975748132,L3IT,10,0.09259259259259259
1858,864691135877954899,372,0.8640260315146497,L6IT,52,0.13978494623655913
1859,864691135491167207,225,0.8643117886182997,L2IT,19,0.08444444444444445
1860,864691135877951571,464,0.8644583567175372,L4IT,54,0.11637931034482758
1861,864691135802215266,240,0.865089307419459,L6CT,24,0.1
1862,864691136177127174,216,0.8652037562794155,L5NP,24,0.1111111111111111
1863,864691135105879117,412,0.8669918536213995,L5ET,38,0.09223300970873786
1864,864691135853198023,263,0.8673855528088124,L5ET,31,0.11787072243346007
1865,864691135358995288,128,0.8678988846540451,L2IT,14,0.109375
1866,864691136195798504,201,0.8683789405822754,L5ET,23,0.11442786069651742
1867,864691135115269785,170,0.8686308445649988,L6CT,15,0.08823529411764706
1868,864691135342823877,211,0.8688686638782375,L6CT,23,0.10900473933649289
1869,864691135566155351,206,0.8700257519101633,L5ET,23,0.11165048543689321
1870,864691136275919117,242,0.8707849839659761,L2IT,27,0.1115702479338843
1871,864691135927647956,328,0.8728320727406479,L3IT,31,0.09451219512195122
1872,864691136927119946,186,0.8749732658017065,L6CT,25,0.13440860215053763
1873,864691135504315317,224,0.8760554197856357,L3IT,23,0.10267857142857142
1874,864691135763549238,500,0.876686657453537,L6IT,53,0.106
1875,864691135660029314,300,0.8768869823074341,L5ET,26,0.08666666666666667
1876,864691135257521583,145,0.876912538383747,L2IT,15,0.10344827586206896
1877,864691135503367517,191,0.8781853039327092,L6CT,24,0.1256544502617801
1878,864691135447540882,247,0.8826588883650931,L6CT,36,0.145748987854251
1879,864691135750307881,269,0.8843411335998309,L5ET,31,0.11524163568773234
1880,864691136195652328,364,0.8843749070534339,L6CT,45,0.12362637362637363
1881,864691135578670597,680,0.8846253130688386,L6IT,75,0.11029411764705882
1882,864691135294767884,180,0.8850782440609402,L6CT,19,0.10555555555555556
1883,864691136578820884,399,0.8886566981647845,L5ET,38,0.09523809523809523
1884,864691136489080850,302,0.8895035833901916,L4IT,40,0.13245033112582782
1885,864691135684657079,109,0.8919471998302215,L2IT,9,0.08256880733944955
1886,864691135503350082,183,0.8934847189272688,L6CT,21,0.11475409836065574
1887,864691136419797655,257,0.8946596093085026,L5ET,29,0.11284046692607004
1888,864691135387535957,499,0.8968948151353365,L4IT,71,0.14228456913827656
1889,864691135946676260,183,0.8976829595722136,L2IT,21,0.11475409836065574
1890,864691135591533579,170,0.8977870262145996,L6CT,24,0.1411764705882353
1891,864691136033116347,217,0.8978573364398447,L6CT,24,0.11059907834101383
1892,864691135585046648,132,0.8985516610001073,L2IT,15,0.11363636363636363
1893,864691135566649431,359,0.8986354116689528,L6CT,42,0.116991643454039
1894,864691135659358850,148,0.8995939881092793,L2IT,19,0.12837837837837837
1895,864691135700814114,194,0.9023791831105026,L6CT,27,0.13917525773195877
1896,864691135279678881,412,0.9030896055536364,L6IT,52,0.1262135922330097
1897,864691136488591378,82,0.903496531602813,L6IT,8,0.0975609756097561
1898,864691135347627423,266,0.9041180001739272,ITC,35,0.13157894736842105
1899,864691135989149187,580,0.9070008118136176,L6IT,66,0.11379310344827587
1900,864691135885361520,141,0.907246867727726,L6CT,19,0.1347517730496454
1901,864691136362774498,176,0.9077331102544612,L5ET,15,0.08522727272727272
1902,864691137021264750,124,0.9095925425560244,L5ET,15,0.12096774193548387
1903,864691136579127060,676,0.9096934300766896,L5ET,83,0.1227810650887574
1904,864691135877825107,150,0.9111632367960611,L5IT,16,0.10666666666666667
1905,864691135102274592,1214,0.9116600567285076,L3IT,134,0.11037891268533773
1906,864691135519105162,128,0.9128722823560238,L4IT,11,0.0859375
1907,864691135335937513,493,0.9152932962568489,L3IT,57,0.11561866125760649
1908,864691135742895723,1824,0.9163476843551586,ITC,228,0.125
1909,864691136523628945,208,0.9179210157027612,L6IT,23,0.11057692307692307
1910,864691135279848865,226,0.9204143789679604,L6CT,26,0.11504424778761062
1911,864691135510191369,481,0.9208419185408436,L6CT,61,0.12681912681912683
1912,864691135082074359,471,0.921248022561367,AltDTC,57,0.12101910828025478
1913,864691136488621842,338,0.9218281863850248,L6CT,49,0.14497041420118342
1914,864691135719761713,147,0.9238455144142618,L2IT,17,0.11564625850340136
1915,864691136330101226,309,0.9275975868570766,L5ET,33,0.10679611650485436
1916,864691135585266808,262,0.9297048877395746,L5ET,31,0.1183206106870229
1917,864691135646353391,177,0.9309427020401604,L6CT,19,0.10734463276836158
1918,864691135684809458,111,0.931552577869312,L6CT,14,0.12612612612612611
1919,864691135119409885,175,0.933626458391462,L6CT,22,0.12571428571428572
1920,864691135782544435,1025,0.934039829765878,L5ET,127,0.12390243902439024
1921,864691136143696692,140,0.9348135573795864,L2IT,20,0.14285714285714285
1922,864691135477448360,241,0.9353746972459976,L6IT,25,0.1037344398340249
1923,864691135577135390,268,0.9359710120016068,L6CT,37,0.13805970149253732
1924,864691135470860370,2596,0.9393844367748784,ITC,350,0.13482280431432975
1925,864691135448127572,208,0.9401609751261196,L5NP,24,0.11538461538461539
1926,864691136903144370,1019,0.9407833410745982,L6IT,148,0.1452404317958783
1927,864691135994077377,142,0.9465492972253076,L6CT,16,0.11267605633802817
1928,864691136111478968,211,0.9512805701341674,L6CT,24,0.11374407582938388
1929,864691135431109168,245,0.9524367837866958,L6CT,36,0.1469387755102041
1930,864691135764644150,151,0.9556015915270673,ITC,18,0.11920529801324503
1931,864691136195901772,314,0.9559454032387704,L6CT,46,0.1464968152866242
1932,864691135617409385,222,0.9559475151611878,L5ET,24,0.10810810810810811
1933,864691136452543231,169,0.9568915981315296,L6CT,27,0.15976331360946747
1934,864691136675220103,153,0.9580024045059105,L6CT,19,0.12418300653594772
1935,864691135492371303,335,0.9609490944022564,L6CT,50,0.14925373134328357
1936,864691136967985870,341,0.9610010075890772,L6CT,50,0.1466275659824047
1937,864691136195906774,190,0.9610503001965977,L6CT,23,0.12105263157894737
1938,864691135809384221,155,0.963116411221412,L6CT,15,0.0967741935483871
1939,864691135502730562,86,0.9632656869222952,L2IT,10,0.11627906976744186
1940,864691135491204327,123,0.9635626860827936,L2IT,11,0.08943089430894309
1941,864691135874914702,252,0.9640938504234192,L3IT,36,0.14285714285714285
1942,864691136211175612,283,0.9651920853469902,L6CT,45,0.15901060070671377
1943,864691135774389755,420,0.9654101051603046,L5ET,55,0.13095238095238096
1944,864691135465503813,342,0.9666033096536558,L5ET,51,0.14912280701754385
1945,864691135493079135,242,0.9679012339725968,L6CT,34,0.14049586776859505
1946,864691136905506482,307,0.9710792580210036,L6CT,41,0.13355048859934854
1947,864691135276188133,211,0.9721915094095384,L6CT,29,0.13744075829383887
1948,864691135654715586,98,0.9750263961091332,L2IT,13,0.1326530612244898
1949,864691135510846217,404,0.975906514177228,L6CT,60,0.1485148514851485
1950,864691135015048342,245,0.9759417949754364,L6IT,24,0.09795918367346938
1951,864691135503293250,173,0.9763448977608212,L6CT,29,0.1676300578034682
1952,864691135810803660,80,0.9766288066387177,L6CT,8,0.1
1953,864691135404763374,93,0.9771676351075532,L2IT,14,0.15053763440860216
1954,864691136420378007,140,0.9780930848257882,L5ET,17,0.12142857142857143
1955,864691135619527311,143,0.9789029134470266,L6CT,19,0.13286713286713286
1956,864691135480585158,45,0.9796648574829102,L1,5,0.1111111111111111
1957,864691135640929595,230,0.9808038921190344,L6CT,32,0.1391304347826087
1958,864691136975300636,96,0.98100071088473,L4IT,13,0.13541666666666666
1959,864691136814271603,211,0.98314829512682,L5NP,27,0.12796208530805686
1960,864691136904967346,217,0.9838907587780932,L6CT,32,0.14746543778801843
1961,864691135868415766,313,0.987180186335652,L5NP,46,0.14696485623003194
1962,864691135989136899,121,0.9875142246593128,L6CT,14,0.11570247933884298
1963,864691135343097029,204,0.98831653063905,L6CT,24,0.11764705882352941
1964,864691135518510218,101,0.9892968073174504,NGC,10,0.09900990099009901
1965,864691136903681458,58,0.9912040711764633,L2IT,7,0.1206896551724138
1966,864691135015425942,229,0.9912875845963256,ITC,37,0.1615720524017467
1967,864691135429763120,290,0.9931210142201392,L2IT,34,0.11724137931034483
1968,864691136228250961,240,0.9951293485323588,L5ET,29,0.12083333333333333
1969,864691135369002233,356,0.9963198262975456,L6CT,55,0.1544943820224719
1970,864691135742327147,159,0.9967055570734372,L6CT,17,0.1069182389937107
1971,864691136953631711,106,0.9977058471103885,L6IT,10,0.09433962264150944
1972,864691135939209988,59,0.9982729181839248,L6CT,5,0.0847457627118644
1973,864691135343081925,312,1.001415704935025,L6CT,49,0.15705128205128205
1974,864691136228723281,141,1.0018339979022952,L5NP,26,0.18439716312056736
1975,864691135948123745,360,1.0091282067510818,L5ET,52,0.14444444444444443
1976,864691135276189669,195,1.0113207449888573,L6CT,31,0.15897435897435896
1977,864691135811658700,245,1.012289890554,L5ET,31,0.12653061224489795
1978,864691136596060322,132,1.0152046995162964,L6CT,27,0.20454545454545456
1979,864691135324437916,827,1.015461764505149,L6IT,122,0.1475211608222491
1980,864691135498992403,171,1.015636685376976,L3IT,24,0.14035087719298245
1981,864691135397023777,301,1.0170398394309008,L5ET,40,0.132890365448505
1982,864691136725353725,281,1.0192585674027954,L6CT,43,0.15302491103202848
1983,864691136372759688,416,1.0206277768520209,L5NP,78,0.1875
1984,864691135970293605,114,1.021019448999773,L6CT,15,0.13157894736842105
1985,864691135428676144,116,1.0213283800585515,L2IT,12,0.10344827586206896
1986,864691135124538151,526,1.0226654843885183,L5ET,66,0.12547528517110265
1987,864691135083577335,367,1.0275553678153972,L6CT,61,0.16621253405994552
1988,864691135565770007,558,1.0281866748358617,AltDTC,100,0.17921146953405018
1989,864691137055253878,202,1.0290327483828705,L6CT,36,0.1782178217821782
1990,864691136437631902,155,1.029248028589064,L5ET,16,0.1032258064516129
1991,864691135868142870,285,1.0310329777500085,L6CT,48,0.16842105263157894
1992,864691134941063523,190,1.0360836833351537,L5ET,26,0.1368421052631579
1993,864691135697613077,268,1.037982667054703,L5ET,46,0.17164179104477612
1994,864691135469807954,146,1.0394504181587534,L6CT,23,0.15753424657534246
1995,864691135993274305,224,1.0397000385352544,L6CT,41,0.18303571428571427
1996,864691135369087481,187,1.0401168960836482,L6CT,17,0.09090909090909091
1997,864691135465643333,51,1.0418450682396982,L6CT,5,0.09803921568627451
1998,864691136484364844,268,1.043719779911326,L6CT,54,0.20149253731343283
1999,864691134919529994,171,1.044363902755648,L6CT,25,0.14619883040935672
2000,864691136925008100,2586,1.0480819159476036,ITC,431,0.16666666666666666
2001,864691135839499155,164,1.049429189030717,L6CT,35,0.21341463414634146
2002,864691134886828794,75,1.0496745653279622,L2IT,8,0.10666666666666667
2003,864691135993615041,310,1.0497267344320973,L6CT,51,0.16451612903225807
2004,864691136424640047,260,1.0512694451258733,L6CT,52,0.2
2005,864691135234582361,168,1.0517445321764265,L6CT,26,0.15476190476190477
2006,864691135948238177,222,1.051838276476473,L6CT,32,0.14414414414414414
2007,864691135920381616,213,1.0519866300770937,L6CT,33,0.15492957746478872
2008,864691136991166101,82,1.05231242938158,L5ET,10,0.12195121951219512
2009,864691136596815778,132,1.0546790480469213,L2IT,19,0.14393939393939395
2010,864691135942730612,365,1.0554211539177043,L6CT,62,0.16986301369863013
2011,864691135183646466,430,1.0566383364566536,L6CT,83,0.1930232558139535
2012,864691135362104647,222,1.057496632722047,L5ET,36,0.16216216216216217
2013,864691135210061689,165,1.0607987815394546,L6CT,27,0.16363636363636364
2014,864691135122469671,118,1.0613119514594644,L2IT,16,0.13559322033898305
2015,864691135618505065,250,1.063966061141968,L5ET,29,0.116
2016,864691135211756736,143,1.0641786012449466,L6CT,20,0.13986013986013987
2017,864691135477841320,162,1.0655028038966805,L6CT,30,0.18518518518518517
2018,864691135431616048,982,1.0671017243993255,L5ET,147,0.14969450101832993
2019,864691135258642863,271,1.0673847075458822,L5ET,37,0.13653136531365315
2020,864691136596177570,168,1.0696121930167788,L6CT,34,0.20238095238095238
2021,864691135562048225,151,1.0696211552651511,L6CT,25,0.16556291390728478
2022,864691135396312821,187,1.0698536526889086,L6CT,35,0.18716577540106952
2023,864691135591725067,66,1.0704100086327757,L6CT,6,0.09090909090909091
2024,864691135756148685,359,1.0708130449013458,L5ET,55,0.1532033426183844
2025,864691135739004292,177,1.07158418385996,L6CT,25,0.14124293785310735
2026,864691135123833127,404,1.0728838672449093,L6CT,69,0.1707920792079208
2027,864691135527713115,476,1.0752501844398117,L6CT,81,0.17016806722689076
2028,864691135993767617,472,1.0752629537824858,L6CT,101,0.21398305084745764
2029,864691135774294603,258,1.0846147152508876,L5ET,40,0.15503875968992248
2030,864691135469215372,125,1.0893996126708985,L6CT,18,0.144
2031,864691136021849848,399,1.0896377124738574,L6CT,72,0.18045112781954886
2032,864691136392355711,185,1.0909016480729388,L6CT,32,0.17297297297297298
2033,864691135885298544,381,1.09110273292121,L6CT,66,0.1732283464566929
2034,864691135779049056,313,1.0936137299461486,L5ET,45,0.14376996805111822
2035,864691135479404742,1178,1.0939297639688126,L5NP,220,0.1867572156196944
2036,864691136619939213,223,1.0942237232362209,L6CT,36,0.16143497757847533
2037,864691135838738579,239,1.0995393489534386,L6CT,48,0.200836820083682
2038,864691135779049568,196,1.1000855562832892,L6CT,29,0.14795918367346939
2039,864691135640544571,344,1.1002570912061735,L5ET,52,0.1511627906976744
2040,864691135447582354,209,1.1004191280164215,L6CT,36,0.1722488038277512
2041,864691136523033233,96,1.106494616429011,L6CT,19,0.19791666666666666
2042,864691136111402424,83,1.107247437534562,L6CT,17,0.20481927710843373
2043,864691135727278655,104,1.1146082044014562,L6CT,16,0.15384615384615385
2044,864691136125840678,355,1.1167684455441755,L6CT,74,0.2084507042253521
2045,864691135778335328,73,1.1177457937998314,L6CT,12,0.1643835616438356
2046,864691137055244406,136,1.117919702277464,L6CT,24,0.17647058823529413
2047,864691135928151310,191,1.1206055753618012,L6CT,34,0.17801047120418848
2048,864691135716679194,477,1.1207013177371876,L6CT,88,0.18448637316561844
2049,864691135809375005,211,1.1266385787674602,L6CT,44,0.20853080568720378
2050,864691136084684396,130,1.129120206979605,L2IT,20,0.15384615384615385
2051,864691135977666883,254,1.1298804444440709,L5ET,41,0.16141732283464566
2052,864691136013161891,246,1.1308545673029209,L6IT,38,0.15447154471544716
2053,864691136227020113,206,1.131392551033242,L6CT,36,0.17475728155339806
2054,864691136310966106,88,1.1330101855884898,L6CT,19,0.2159090909090909
2055,864691135989177347,158,1.134301595349855,L6CT,29,0.18354430379746836
2056,864691135361780551,130,1.1351734204512376,L6CT,21,0.16153846153846155
2057,864691135214611512,225,1.1371527570258246,L6CT,39,0.17333333333333334
2058,864691136968094158,545,1.1411002217004058,L6CT,108,0.1981651376146789
2059,864691135214123064,161,1.1428849592031158,L5ET,24,0.14906832298136646
2060,864691135124146727,202,1.1429382368408807,L6CT,36,0.1782178217821782
2061,864691136926764362,101,1.1449086427594175,L6CT,22,0.21782178217821782
2062,864691135619541903,52,1.14703918999892,L6CT,11,0.21153846153846154
2063,864691136021997560,221,1.1500914719870727,L6CT,45,0.20361990950226244
2064,864691136134678667,203,1.1525133647824743,L6CT,36,0.17733990147783252
2065,864691136136766845,74,1.1527423397270409,L2IT,11,0.14864864864864866
2066,864691135731966649,260,1.152969759970445,L6CT,44,0.16923076923076924
2067,864691135868334870,247,1.154175408984968,L6CT,45,0.18218623481781376
2068,864691135955060232,291,1.1564394339073156,L6CT,61,0.20962199312714777
2069,864691135686442423,227,1.1565495080821842,L6CT,52,0.2290748898678414
2070,864691135594817067,233,1.1569483606886966,L6CT,47,0.2017167381974249
2071,864691135473453362,101,1.1577541759604275,L6CT,14,0.13861386138613863
2072,864691135927648212,68,1.158677594128777,L2IT,12,0.17647058823529413
2073,864691135970293349,176,1.159199816161936,L6CT,29,0.16477272727272727
2074,864691135431088176,139,1.161085820589134,L6CT,25,0.17985611510791366
2075,864691136913691121,217,1.164548360798216,L6CT,44,0.20276497695852536
2076,864691135343499441,172,1.1681843783799992,L6CT,40,0.23255813953488372
2077,864691135801376610,213,1.1699527648782506,L6CT,49,0.2300469483568075
2078,864691136372012168,111,1.1708658253437765,L6CT,21,0.1891891891891892
2079,864691135760635214,278,1.171696738057857,L6CT,60,0.2158273381294964
2080,864691135455875690,47,1.1721684750496073,L6CT,7,0.14893617021276595
2081,864691135257689519,228,1.1752707284124273,L6CT,48,0.21052631578947367
2082,864691135476769344,346,1.1754201786338938,L6CT,63,0.18208092485549132
2083,864691135851792071,67,1.1795878909666146,L2IT,13,0.19402985074626866
2084,864691136664680926,203,1.1823090373823797,L6CT,45,0.22167487684729065
2085,864691135136312089,95,1.185092347235429,L6CT,17,0.17894736842105263
2086,864691135952121379,116,1.1895252840107884,L3IT,14,0.1206896551724138
2087,864691136579193108,406,1.1932885477131812,L6CT,90,0.22167487684729065
2088,864691135885635952,149,1.199077828477693,L6CT,29,0.19463087248322147
2089,864691135583913069,321,1.2005849417689434,L6CT,68,0.2118380062305296
2090,864691135702946683,85,1.201294632092644,L6CT,18,0.21176470588235294
2091,864691135510267401,114,1.205494037393938,L6CT,17,0.14912280701754385
2092,864691135773240571,401,1.2083876993174565,L6CT,92,0.22942643391521197
2093,864691135938925109,129,1.2101841311787451,L6CT,23,0.17829457364341086
2094,864691135866223998,172,1.2127921117072882,L6CT,33,0.19186046511627908
2095,864691135183693826,297,1.2136659498182611,L6CT,64,0.21548821548821548
2096,864691135938990901,48,1.2149936494827271,L6CT,7,0.14583333333333334
2097,864691135865648254,96,1.2154650256236397,L6IT,15,0.15625
2098,864691135868435734,161,1.2166352923967825,L6CT,39,0.2422360248447205
2099,864691136025624889,70,1.2183469146728516,L6CT,8,0.11428571428571428
2100,864691135014246390,99,1.2186919994932233,L6CT,23,0.23232323232323232
2101,864691135118894813,61,1.2193867395119589,L4IT,10,0.16393442622950818
2102,864691135817419343,242,1.2194582237606204,L6CT,59,0.24380165289256198
2103,864691135699301397,213,1.2195735376743084,L5ET,38,0.1784037558685446
2104,864691135866910428,177,1.2202445087756142,L6CT,37,0.20903954802259886
2105,864691136389885047,58,1.2253623103437754,L6CT,7,0.1206896551724138
2106,864691135519178378,292,1.2325557732386132,L6CT,66,0.22602739726027396
2107,864691135875460494,119,1.2335043565125026,L6CT,23,0.19327731092436976
2108,864691135566122071,256,1.235557867437601,L6CT,52,0.203125
2109,864691135782330192,152,1.2381699367322418,L6CT,24,0.15789473684210525
2110,864691135864188286,181,1.2387577807178811,L2IT,38,0.20994475138121546
2111,864691136579217172,39,1.2395756147335737,L6CT,6,0.15384615384615385
2112,864691136619828877,149,1.2406430688128376,L6CT,27,0.18120805369127516
2113,864691136967869902,147,1.2411881840245254,L6CT,29,0.19727891156462585
2114,864691135592276491,182,1.2416732598608666,L6CT,44,0.24175824175824176
2115,864691135539591282,167,1.243670508516049,L6CT,39,0.23353293413173654
2116,864691135271103653,167,1.248704446529914,L6CT,37,0.2215568862275449
2117,864691135492276839,224,1.2505932797193526,L6CT,55,0.24553571428571427
2118,864691135417307322,233,1.2534813822472044,L6CT,55,0.23605150214592274
2119,864691135361432391,187,1.2539679100730203,L6CT,48,0.25668449197860965
2120,864691135731707065,135,1.2561441718772606,L6CT,30,0.2222222222222222
2121,864691135778604640,144,1.2598342096540665,L6CT,25,0.1736111111111111
2122,864691136194355176,95,1.2605568757308157,L2IT,18,0.18947368421052632
2123,864691135970292837,141,1.262005228840713,L6CT,33,0.23404255319148937
2124,864691136311179354,109,1.2639166302462237,L6CT,19,0.1743119266055046
2125,864691135941293057,228,1.267044747620298,L6CT,53,0.2324561403508772
2126,864691136177632518,298,1.2718404061618267,L6CT,67,0.22483221476510068
2127,864691135430131760,164,1.2728347551764512,L6CT,35,0.21341463414634146
2128,864691135773724747,197,1.2732434640487438,L6CT,48,0.2436548223350254
2129,864691135698820373,213,1.2783116915707295,L6CT,42,0.19718309859154928
2130,864691135948150625,128,1.2846761073768138,L6CT,24,0.1875
2131,864691135786943684,283,1.28499199320655,L6CT,69,0.24381625441696114
2132,864691135491891559,114,1.291375183640865,L6CT,30,0.2631578947368421
2133,864691135763447862,139,1.2950510746249193,L6CT,28,0.2014388489208633
2134,864691137021162094,128,1.2974596851170064,L6CT,31,0.2421875
2135,864691136120038424,104,1.2989095034232507,L6CT,28,0.2692307692307692
2136,864691136117811876,277,1.3028671320285177,L6CT,67,0.24187725631768953
2137,864691136195537366,104,1.3064477298443136,L6CT,21,0.20192307692307693
2138,864691135773640699,166,1.308659875203328,L6CT,36,0.21686746987951808
2139,864691135787093956,178,1.313511551310507,L6CT,43,0.24157303370786518
2140,864691135867561349,88,1.315260980606079,L6CT,17,0.19318181818181818
2141,864691135566657623,74,1.3173294107591784,L6CT,14,0.1891891891891892
2142,864691135787242948,191,1.3174393036727503,L6CT,39,0.20418848167539266
2143,864691135939114293,54,1.322200091114751,L6CT,10,0.18518518518518517
2144,864691136057790424,341,1.3240507422304573,L6CT,91,0.2668621700879765
2145,864691135569363948,168,1.3274983594758172,L6CT,48,0.2857142857142857
2146,864691135866279900,234,1.328042916876638,L6CT,54,0.23076923076923078
2147,864691136579358228,278,1.3297934872195016,L6CT,75,0.2697841726618705
2148,864691135655521986,92,1.330654816420182,L6CT,20,0.21739130434782608
2149,864691135455123562,161,1.3327540191982103,L2IT,28,0.17391304347826086
2150,864691136335213235,381,1.3366550309989709,L6CT,102,0.2677165354330709
2151,864691135742733163,24,1.3420965671539309,ITCperi,3,0.125
2152,864691135955962888,196,1.343103908577744,L5ET,36,0.1836734693877551
2153,864691135989998080,102,1.3446913841845942,L6CT,27,0.2647058823529412
2154,864691135659857026,74,1.3499555982641274,L6CT,17,0.22972972972972974
2155,864691136058023640,188,1.352091686329943,L6CT,55,0.2925531914893617
2156,864691135738266500,143,1.3521141643924313,L6CT,33,0.23076923076923078
2157,864691136380400341,128,1.3572478181123733,L6CT,28,0.21875
2158,864691135417827770,130,1.3589683970524713,L6CT,34,0.26153846153846155
2159,864691136275729677,90,1.3654110158284505,L6CT,15,0.16666666666666666
2160,864691135476793920,199,1.3676859827856322,L6CT,50,0.25125628140703515
2161,864691135782278224,52,1.3683344584978543,L6CT,9,0.17307692307692307
2162,864691135067448132,122,1.368741789833444,L6CT,31,0.2540983606557377
2163,864691135784641843,98,1.369022735517852,L6CT,17,0.17346938775510204
2164,864691135492274791,130,1.3907557514777549,L6CT,31,0.23846153846153847
2165,864691135809663773,213,1.397566340665862,L6CT,54,0.2535211267605634
2166,864691134989919098,186,1.399888289502872,L6CT,45,0.24193548387096775
2167,864691135270320293,50,1.403289925842285,L2IT,12,0.24
2168,864691135943149428,49,1.4049889686740176,L6CT,8,0.16326530612244897
2169,864691136742372956,131,1.4214697375406744,L6CT,29,0.22137404580152673
2170,864691135164434989,197,1.4250194771665,L6CT,44,0.2233502538071066
2171,864691135566274391,299,1.4299581227254707,L6CT,76,0.25418060200668896
2172,864691136138988157,148,1.4353013135033683,L6CT,40,0.2702702702702703
2173,864691135133991072,52,1.4481413204486553,L6CT,10,0.19230769230769232
2174,864691135947876644,132,1.4487449965621486,L6CT,33,0.25
2175,864691136287879619,101,1.4690859227699808,L6CT,28,0.27722772277227725
2176,864691135350420951,181,1.4707677107331505,L6CT,56,0.30939226519337015
2177,864691135778675552,150,1.4749470575459798,L6CT,43,0.2866666666666667
2178,864691135720245297,58,1.4899193162589237,L6CT,10,0.1724137931034483
2179,864691135212086720,132,1.492863925962737,L6CT,22,0.16666666666666666
2180,864691136033794747,86,1.495665688492531,L6CT,16,0.18604651162790697
2181,864691136118346148,61,1.5032999897941213,L6CT,12,0.19672131147540983
2182,864691136090728503,122,1.5050461412023326,L6CT,33,0.27049180327868855
2183,864691135356320463,58,1.522756018539955,L6CT,14,0.2413793103448276
2184,864691135209715577,67,1.5270800323486329,L6CT,15,0.22388059701492538
2185,864691135948010081,203,1.5380202480560454,L6CT,66,0.3251231527093596
2186,864691135763364662,93,1.5560806628811743,L6CT,29,0.3118279569892473
2187,864691135849610334,80,1.566878867340088,L6CT,17,0.2125
2188,864691136524297617,15,1.5687928288777668,L4IT,2,0.13333333333333333
2189,864691135688407776,109,1.572196110051706,L6CT,36,0.3302752293577982
2190,864691135586773628,61,1.5754656051885887,L6CT,11,0.18032786885245902
2191,864691135855860782,49,1.58837532603984,L2IT,14,0.2857142857142857
2192,864691135059954075,147,1.6171061604817707,L6CT,36,0.24489795918367346
2193,864691135479744454,57,1.6253271031965288,L6IT,8,0.14035087719298245
2194,864691135456165738,39,1.6731134149600295,L6CT,10,0.2564102564102564
2195,864691135503439170,64,1.675370291352272,L6CT,19,0.296875
2196,864691135492308071,70,1.7917514994757515,L6CT,17,0.24285714285714285
2197,864691135868946966,54,1.8052386015432853,L6CT,13,0.24074074074074073
2198,864691135473961522,75,1.827203305765788,L6CT,22,0.29333333333333333
2199,864691135764062006,83,1.8787260653943905,L6CT,31,0.37349397590361444
2200,864691135572712485,36,1.9193317188686796,L6CT,9,0.25
2201,864691136390099728,47,1.969540925046231,L6CT,13,0.2765957446808511
2202,864691135732377785,64,2.0164037255048752,L6CT,23,0.359375
2203,864691136390601335,33,2.0687781667998344,L6IT,12,0.36363636363636365
2204,864691135694189759,25,2.079903275146484,L6CT,8,0.32
2205,864691135655473858,29,2.0944643783569337,L6CT,7,0.2413793103448276
2206,864691135947366692,59,2.122710490598517,L6CT,20,0.3389830508474576
2207,864691134949041148,63,2.15486217389788,L6CT,19,0.30158730158730157
2208,864691136125985318,29,2.175233218752105,L6CT,9,0.3103448275862069
2209,864691135801393250,28,3.3016423372541155,L6CT,13,0.4642857142857143
