epoch,train_loss,window_accuracy,window_balanced_accuracy,window_macro_precision,window_macro_f1,cell_accuracy,cell_balanced_accuracy,cell_macro_precision,cell_macro_f1,window_recall_AltBasket,window_recall_AltDTC,window_recall_ChC,window_recall_DTC,window_recall_ITC,window_recall_ITCperi,window_recall_L1,window_recall_L2IT,window_recall_L3IT,window_recall_L4IT,window_recall_L5ET,window_recall_L5IT,window_recall_L5NP,window_recall_L6CT,window_recall_L6IT,window_recall_MC,window_recall_NGC,window_recall_NMC,window_recall_OPC,window_recall_PV,window_recall_astrocyte,window_recall_microglia,window_recall_oligo,window_recall_thalamocortical,cell_recall_AltBasket,cell_recall_AltDTC,cell_recall_ChC,cell_recall_DTC,cell_recall_ITC,cell_recall_ITCperi,cell_recall_L1,cell_recall_L2IT,cell_recall_L3IT,cell_recall_L4IT,cell_recall_L5ET,cell_recall_L5IT,cell_recall_L5NP,cell_recall_L6CT,cell_recall_L6IT,cell_recall_MC,cell_recall_NGC,cell_recall_NMC,cell_recall_OPC,cell_recall_PV,cell_recall_astrocyte,cell_recall_microglia,cell_recall_oligo,cell_recall_thalamocortical,window_precision_AltBasket,window_precision_AltDTC,window_precision_ChC,window_precision_DTC,window_precision_ITC,window_precision_ITCperi,window_precision_L1,window_precision_L2IT,window_precision_L3IT,window_precision_L4IT,window_precision_L5ET,window_precision_L5IT,window_precision_L5NP,window_precision_L6CT,window_precision_L6IT,window_precision_MC,window_precision_NGC,window_precision_NMC,window_precision_OPC,window_precision_PV,window_precision_astrocyte,window_precision_microglia,window_precision_oligo,window_precision_thalamocortical,cell_precision_AltBasket,cell_precision_AltDTC,cell_precision_ChC,cell_precision_DTC,cell_precision_ITC,cell_precision_ITCperi,cell_precision_L1,cell_precision_L2IT,cell_precision_L3IT,cell_precision_L4IT,cell_precision_L5ET,cell_precision_L5IT,cell_precision_L5NP,cell_precision_L6CT,cell_precision_L6IT,cell_precision_MC,cell_precision_NGC,cell_precision_NMC,cell_precision_OPC,cell_precision_PV,cell_precision_astrocyte,cell_precision_microglia,cell_precision_oligo,cell_precision_thalamocortical
0,0.33890679071064395,0.5232167469808414,0.4165790902051344,0.395011970497561,0.37119406742265054,0.7676537585421412,0.6251768976068319,0.6214665256769718,0.5929462593753667,0.14696406998075975,0.13998632946001366,0.0,0.3335333233338333,0.2804519774011299,0.2226385500174277,0.13977167540882443,0.5074465634606067,0.5304564386286638,0.461247745063628,0.5928637038083798,0.23819025946551706,0.46361487747232244,0.808948981774113,0.10799140917900786,0.4270475814217635,0.7735605711653616,0.4079448689388104,0.0,0.9157646977122562,0.0,0.0,0.0,0.0,0.42857142857142855,0.0,0.0,0.6666666666666666,0.7142857142857143,0.5,0.0,0.8115942028985508,0.8979591836734694,0.8807339449541285,0.75,0.4444444444444444,1.0,1.0,0.0,0.6875,1.0,0.5,0.0,0.9714285714285714,0.0,0.0,0.0,0.0,0.4755664953304858,0.0680896336192566,0.0,0.11143033724756543,0.4026932749249615,0.11553766844532876,0.15113434163701067,0.673744230437977,0.41845888847001417,0.5910403112775349,0.598436653068211,0.3672952980488622,0.028806838822374572,0.3412615406206456,0.39706691613471273,0.5559960994009794,0.5666565441846341,0.31653769729083536,0.0,0.930462699994708,0.0,0.0,0.0,0.0,1.0,0.0,0.0,0.2222222222222222,1.0,0.5,0.0,0.9333333333333333,0.6470588235294118,0.897196261682243,1.0,0.9230769230769231,0.5,0.5730337078651685,0.0,0.7333333333333333,1.0,0.2857142857142857,0.0,0.9714285714285714,0.0,0.0,0.0,0.0
1,0.31197694945049953,0.5166303289149027,0.43501528216876556,0.40334321743366963,0.3867776227366461,0.7949886104783599,0.736423277064917,0.7591939685021587,0.7304618650284782,0.4062150431786657,0.24743677375256323,0.0,0.27913604319784013,0.3200376647834275,0.15937608922969676,0.19849840584181838,0.5395548212692386,0.4405868274640226,0.3975340587222163,0.5659718787536211,0.3233084426351359,0.5011817390222665,0.8135589192785685,0.08435168486354214,0.3941414191296904,0.7823583602026716,0.45218712914576004,0.0,0.924839778567035,0.0,0.0,0.0,0.0,1.0,0.5,0.0,0.6666666666666666,0.8571428571428571,0.25,0.3333333333333333,0.855072463768116,0.8367346938775511,0.8440366972477065,0.75,0.7037037037037037,1.0,1.0,0.0,0.6875,1.0,1.0,0.0,0.9714285714285714,0.0,0.0,0.0,0.0,0.4082426477201187,0.05719702954653184,0.0,0.1240363466708138,0.42967308032666685,0.09425405823241433,0.18286039130228812,0.6471213997650123,0.49352412784625027,0.6666484153899328,0.7616285703419161,0.31035977935728204,0.02303588887427745,0.31303640220412543,0.29532592747851605,0.5722155173443904,0.5959440019648433,0.3580802585155142,0.0,0.9269940709251594,0.0,0.0,0.0,0.0,1.0,1.0,0.0,0.3333333333333333,1.0,0.5,0.3333333333333333,0.855072463768116,0.640625,0.968421052631579,1.0,0.8260869565217391,1.0,0.5730337078651685,0.0,0.9166666666666666,1.0,0.8,0.0,0.918918918918919,0.0,0.0,0.0,0.0
2,0.30077632146000544,0.5357705368290683,0.44333565863595314,0.4040445386358323,0.39560744207821674,0.7995444191343963,0.7176140737655401,0.7098547078657975,0.7031336834666101,0.3990111414380957,0.24593301435406698,0.0,0.2617369131543423,0.30730696798493407,0.2831997211571976,0.193355960094621,0.49435914543899645,0.4957883939949647,0.5014386698120138,0.6564685932311171,0.2977449713547325,0.4468217439980097,0.8121331654112112,0.12512815140199504,0.3952114043968164,0.7446798710271764,0.4106930940434303,0.0,0.9090309331534356,0.0,0.0,0.0,0.0,1.0,0.5,0.0,0.3333333333333333,0.7857142857142857,0.5,0.3333333333333333,0.8260869565217391,0.9183673469387755,0.8807339449541285,0.75,0.5555555555555556,1.0,1.0,0.0,0.8125,1.0,0.75,0.0,0.9714285714285714,0.0,0.0,0.0,0.0,0.4335196888672824,0.08205619412515965,0.0,0.11709051868751258,0.4896477224989498,0.11552680221811461,0.20430341230167354,0.6955972640300421,0.4529410929535871,0.6194379951952043,0.47896690380451595,0.3230980182907913,0.03674717899927365,0.3465852240460802,0.32841009525680054,0.6048928584925863,0.6699958557811853,0.33203164450429223,0.0,0.94195322539193,0.0,0.0,0.0,0.0,1.0,0.3333333333333333,0.0,0.25,1.0,0.5,0.3333333333333333,0.9344262295081968,0.6617647058823529,0.9230769230769231,1.0,0.8333333333333334,1.0,0.5795454545454546,0.0,0.9285714285714286,1.0,0.5,0.0,1.0,0.0,0.0,0.0,0.0
3,0.2920658335764362,0.5357579801093189,0.4330831134894511,0.39599554120684105,0.39399846089717117,0.8109339407744874,0.7492844596312822,0.7751295755584972,0.7496567290770506,0.3449147612868585,0.23417634996582365,0.0,0.2137393130343483,0.32499058380414314,0.2079121645172534,0.14697109945490075,0.5431026950602477,0.48604419855158054,0.43020920911933,0.596763936974493,0.3337831193038228,0.3730563502923249,0.8172896418981537,0.14189072894762442,0.41818316501642017,0.7747581759557808,0.46709416834960754,0.0,0.9406163812774063,0.0,0.0,0.0,0.0,1.0,0.5,0.0,0.3333333333333333,0.9285714285714286,0.5,0.3333333333333333,0.8405797101449275,0.8979591836734694,0.8532110091743119,0.75,0.7037037037037037,1.0,1.0,0.0,0.875,1.0,1.0,0.0,0.9714285714285714,0.0,0.0,0.0,0.0,0.4371632734078149,0.09138924455825864,0.0,0.12056177557178713,0.4179968511565944,0.15477426050856252,0.15754368557411388,0.6342058397951991,0.44773074596738116,0.6661463500951105,0.5040702809806871,0.2986698045635936,0.04457756109162257,0.34786390484667046,0.29375038730866954,0.574186038627143,0.6942094184654752,0.33700860735154947,0.0,0.9060717118529066,0.0,0.0,0.0,0.0,1.0,0.5,0.0,0.5,1.0,1.0,0.3333333333333333,0.9206349206349206,0.6470588235294118,0.96875,1.0,0.8636363636363636,1.0,0.5666666666666667,0.0,0.9333333333333333,1.0,0.8,0.0,0.918918918918919,0.0,0.0,0.0,0.0
4,0.28512294643967123,0.5410108745378603,0.4332076386710733,0.4094549055796405,0.39585301906771064,0.806378132118451,0.7380673833598502,0.7843098081938876,0.7451889518898218,0.28790997360060855,0.14381408065618592,0.0,0.2713364331783411,0.31171374764595106,0.24058905542000697,0.2007610819705852,0.4865511754317683,0.4734288067634352,0.5215331118530068,0.5846675616477072,0.3368363274594335,0.42455529294688393,0.8316976768132817,0.10909145333043979,0.41158217898384325,0.7844311377245509,0.44148570714746727,0.0,0.9357526935058236,0.0,0.0,0.0,0.0,0.5714285714285714,0.5,0.0,0.6666666666666666,0.8571428571428571,0.5,0.3333333333333333,0.8260869565217391,0.8775510204081632,0.8899082568807339,0.75,0.6666666666666666,1.0,1.0,0.0,0.875,1.0,1.0,0.0,0.9714285714285714,0.0,0.0,0.0,0.0,0.5071127398825709,0.07035848047084002,0.0,0.13532653417450066,0.4738213150888844,0.12230343300110742,0.1553398058252427,0.7251554755816523,0.4715673374613003,0.5978259598268066,0.6403850916295195,0.31242774259925116,0.04333032869094926,0.3277266598416939,0.2790528512088207,0.577863548118702,0.651018769830651,0.3611205722070845,0.0,0.9184516549939507,0.0,0.0,0.0,0.0,1.0,1.0,0.0,0.6666666666666666,1.0,0.6666666666666666,0.2,0.9344262295081968,0.6825396825396826,0.9238095238095239,1.0,0.8181818181818182,1.0,0.5730337078651685,0.0,0.9333333333333333,1.0,0.8,0.0,0.918918918918919,0.0,0.0,0.0,0.0
5,0.27894677434724985,0.544953684539204,0.4442319115193844,0.40107594287761583,0.40303911668883785,0.8337129840546698,0.7847319241065056,0.8381625230176845,0.7755813105284989,0.4180500246096022,0.19781271360218727,0.0,0.27463626818659065,0.40167608286252354,0.20860927152317882,0.18214542836573075,0.5372063406329513,0.49082305038386226,0.46566374715327036,0.642012294213241,0.3743095975940262,0.3388481154372434,0.8156262623862367,0.1316610666686622,0.40823230203214894,0.7431598341777983,0.44737773521267515,0.0,0.9183242723069902,0.0,0.0,0.0,0.0,1.0,0.5,0.0,0.6666666666666666,0.9285714285714286,0.5,0.3333333333333333,0.8405797101449275,0.9183673469387755,0.8715596330275229,0.8333333333333334,0.8518518518518519,1.0,1.0,0.034482758620689655,0.875,1.0,1.0,0.0,0.9714285714285714,0.0,0.0,0.0,0.0,0.40952923643376876,0.07266244852867329,0.0,0.11434935570497741,0.3985090243264452,0.13853364967305132,0.16246215943491424,0.6616275088451568,0.4538465407358975,0.6503531182133757,0.5395083719273246,0.3098380905954347,0.08373293987458502,0.3390370704499883,0.3754427894669455,0.5594355902954015,0.6545498803196884,0.3594994311717861,0.0,0.9364497657996702,0.0,0.0,0.0,0.0,1.0,0.5,0.0,0.6666666666666666,0.9285714285714286,1.0,0.3333333333333333,0.9206349206349206,0.6617647058823529,0.9693877551020408,1.0,0.8846153846153846,1.0,0.6219512195121951,1.0,0.9333333333333333,1.0,0.6666666666666666,0.0,1.0,0.0,0.0,0.0,0.0
6,0.27386561297778095,0.5581918156137787,0.4446734868823208,0.4109475694324966,0.4074282749320601,0.8223234624145785,0.7211060997622801,0.7937891716378465,0.7088676564649413,0.42140587945769387,0.13834586466165413,0.0,0.3373331333433328,0.32713747645951036,0.19998257232485186,0.15982721382289417,0.5433542234260281,0.46345538184191715,0.5762678660343322,0.609058150215502,0.30918020789260026,0.45913670854583905,0.7649644749661384,0.15505384229707178,0.4037877478456258,0.7109626900046062,0.5062771959775978,0.0,0.9185921347645787,0.0,0.0,0.0,0.0,0.8571428571428571,0.0,0.0,0.6666666666666666,0.9285714285714286,0.25,0.3333333333333333,0.8260869565217391,0.8571428571428571,0.9541284403669725,0.8333333333333334,0.5925925925925926,1.0,1.0,0.034482758620689655,0.875,1.0,1.0,0.0,0.9714285714285714,0.0,0.0,0.0,0.0,0.4314542914080216,0.07586206896551724,0.0,0.1451623313754599,0.4791074826929972,0.1374251497005988,0.16242487588189183,0.6529970662542877,0.46579718067866765,0.5924589421035406,0.5007551992564192,0.3511135640542822,0.06082227898162643,0.4181557605961283,0.3934525844062132,0.5558085786146421,0.7187092568448501,0.32307651427584466,0.0,0.93247312369395,0.0,0.0,0.0,0.0,1.0,0.0,0.0,0.4,1.0,1.0,0.3333333333333333,0.9047619047619048,0.7368421052631579,0.8739495798319328,1.0,0.9411764705882353,1.0,0.6219512195121951,1.0,0.9333333333333333,1.0,0.5714285714285714,0.0,0.9714285714285714,0.0,0.0,0.0,0.0
7,0.2689841264813244,0.5434351585641642,0.4404250941856561,0.41283971005804543,0.40727244606075824,0.8246013667425968,0.7703617727332566,0.8706084208217045,0.7716303446524875,0.427379301087297,0.1699248120300752,0.0,0.2926853657317134,0.3518079096045198,0.17471244336005576,0.16085570297233365,0.5096706037475078,0.5262992260591179,0.4460100890546817,0.637772910337031,0.402783336573317,0.37566861549944025,0.8039509223835436,0.16944421578825272,0.40156547075236426,0.6959926301243666,0.4552268326705669,0.0,0.9259013075656263,0.0,0.0,0.0,0.0,1.0,0.5,0.0,0.6666666666666666,0.9285714285714286,0.25,0.3333333333333333,0.8115942028985508,0.9591836734693877,0.8348623853211009,0.75,0.8888888888888888,1.0,1.0,0.034482758620689655,0.9375,1.0,1.0,0.0,0.9714285714285714,0.0,0.0,0.0,0.0,0.44875378796777,0.07752759932638932,0.0,0.14800394407503856,0.47417316039292334,0.16327361563517914,0.17094764455131709,0.6727476698224976,0.43445533122724866,0.6600578635194067,0.5096608810542839,0.28485703772295523,0.06601814405946005,0.3648552951791421,0.35097264202123535,0.5736170713068015,0.7416314911161284,0.3596217105263158,0.0,0.9299398915407245,0.0,0.0,0.0,0.0,1.0,1.0,0.0,0.6666666666666666,1.0,1.0,0.3333333333333333,0.9333333333333333,0.6351351351351351,0.978494623655914,1.0,0.8275862068965517,1.0,0.6144578313253012,1.0,0.9375,1.0,0.8,0.0,0.9444444444444444,0.0,0.0,0.0,0.0
8,0.26451577895603173,0.5418304097801778,0.43981813791078067,0.3945226391995855,0.39753861384581934,0.8154897494305239,0.7701603147870267,0.809798758370187,0.7751113625458498,0.40670723522305247,0.17634996582365003,0.0,0.27348632568371584,0.3709039548022599,0.20442662948762635,0.2186053687133601,0.5523642342549863,0.4796801665993224,0.45479923923956606,0.595336677736169,0.31689327493739206,0.38761039930339597,0.8067786675538025,0.13793954995472607,0.44325374289077096,0.7485951174573929,0.4060502592075951,0.0,0.9369456735252684,0.0,0.0,0.0,0.0,1.0,0.5,0.0,0.6666666666666666,0.9285714285714286,0.5,0.3333333333333333,0.8405797101449275,0.8571428571428571,0.8623853211009175,0.75,0.7777777777777778,1.0,1.0,0.0,0.875,1.0,1.0,0.0,0.9714285714285714,0.0,0.0,0.0,0.0,0.38612179010641234,0.062490917017875305,0.0,0.13862138874809934,0.44036758787228336,0.15010557297331883,0.15754363858725864,0.66079743058591,0.4388293334849864,0.6572067210436608,0.46910597169485674,0.34195037079996543,0.0565660966488763,0.34339589563434936,0.3168870016675549,0.5277165338899178,0.7037630450785952,0.33664750660245457,0.0,0.9132907031561642,0.0,0.0,0.0,0.0,1.0,1.0,0.0,0.6666666666666666,1.0,1.0,0.3333333333333333,0.8787878787878788,0.6461538461538462,0.9591836734693877,1.0,0.84,1.0,0.6,0.0,0.9333333333333333,1.0,0.8,0.0,0.918918918918919,0.0,0.0,0.0,0.0
9,0.2609096905546619,0.5403097910185132,0.44601145216263266,0.4018248845009744,0.4017050114173364,0.8132118451025057,0.745740886842113,0.7361347833316846,0.7266907658724517,0.4310931137858517,0.14996582365003416,0.0,0.2888855557222139,0.3815630885122411,0.18760892296967585,0.12511570502931194,0.4985821743171005,0.5106183756566065,0.4508525904219282,0.6266798558609482,0.3745668904161283,0.3961935564124891,0.8120381151533873,0.1632106322634718,0.38102175362354623,0.798710271764164,0.5265557660677479,0.0,0.9249439473005416,0.0,0.0,0.0,0.0,1.0,0.0,0.0,0.6666666666666666,0.9285714285714286,0.5,0.3333333333333333,0.8260869565217391,0.9387755102040817,0.8348623853211009,0.8333333333333334,0.7777777777777778,1.0,1.0,0.0,0.8125,1.0,1.0,0.0,0.9714285714285714,0.0,0.0,0.0,0.0,0.42676795641292553,0.08779511804721889,0.0,0.13102932172256615,0.45407888839085614,0.18792004887841493,0.15900921508398144,0.7211654456397275,0.4236810037459945,0.6627509681754505,0.4806012527906019,0.29529278660001534,0.07269531874101294,0.34217254315581486,0.3737084696972293,0.5409134991762383,0.6291042339367994,0.31860268830072686,0.0,0.9255591625219645,0.0,0.0,0.0,0.0,1.0,0.0,0.0,0.5,1.0,1.0,0.3333333333333333,0.9344262295081968,0.6301369863013698,0.9680851063829787,1.0,0.84,1.0,0.6,0.0,0.9285714285714286,1.0,0.5714285714285714,0.0,0.9444444444444444,0.0,0.0,0.0,0.0
10,0.25733955200283526,0.5456242133738274,0.4371574534411413,0.4100136889070942,0.4048065005602377,0.8223234624145785,0.7501661369240371,0.8089833369245133,0.7384282652962013,0.34650319924828854,0.14627477785372522,0.0,0.33258337083145845,0.35621468926553673,0.2390205646566748,0.15190784737221022,0.5478340760039291,0.4852904609455133,0.4851786399366577,0.6184978449798629,0.3647039989022173,0.3123522826222167,0.8273332858082044,0.1665257313048619,0.37507098940714584,0.7645324735145095,0.44109012929149927,0.0,0.9079197999960317,0.0,0.0,0.0,0.0,1.0,0.5,0.0,0.6666666666666666,0.8571428571428571,0.5,0.3333333333333333,0.8405797101449275,0.8979591836734694,0.8990825688073395,0.75,0.8148148148148148,1.0,1.0,0.034482758620689655,0.6875,1.0,0.75,0.0,0.9714285714285714,0.0,0.0,0.0,0.0,0.4769207082371055,0.08224442736356649,0.0,0.10889565530563468,0.4589459892269617,0.14599744517777305,0.18468271334792122,0.6667719346865645,0.4522417295152303,0.6525921981532922,0.5677372490011934,0.30277398040555936,0.09695729399953665,0.3321598819552435,0.3239155749636099,0.5709667719139979,0.6974535675266829,0.31642147711149277,0.0,0.9425678024363302,0.0,0.0,0.0,0.0,1.0,0.5,0.0,0.2857142857142857,1.0,1.0,0.3333333333333333,0.9206349206349206,0.6984126984126984,0.9607843137254902,1.0,0.8461538461538461,1.0,0.6,1.0,0.9166666666666666,1.0,0.5,0.0,1.0,0.0,0.0,0.0,0.0
11,0.2539636071619433,0.5564527099284727,0.4444455569395369,0.4092459195930073,0.4122312658201171,0.8405466970387244,0.7675798030730302,0.8414952026294611,0.7668265858538688,0.46791802765224394,0.14641148325358852,0.0,0.2618869056547173,0.3718267419962335,0.18726036946671315,0.15087935822277074,0.5189983346174518,0.46052590681627453,0.5456741953652384,0.6432275842577545,0.3719425036306876,0.34929717626570467,0.7901844767087264,0.16746862629180354,0.4257882910689153,0.7613542146476279,0.46311756990277114,0.0,0.9162582590924423,0.0,0.0,0.0,0.0,1.0,0.5,0.0,0.6666666666666666,0.8571428571428571,0.25,0.3333333333333333,0.8260869565217391,0.9183673469387755,0.9357798165137615,0.8333333333333334,0.8148148148148148,1.0,1.0,0.034482758620689655,0.875,1.0,1.0,0.0,0.9714285714285714,0.0,0.0,0.0,0.0,0.44451765105948865,0.08265164377218706,0.0,0.14759918845807032,0.4621831035370678,0.1348349855690802,0.16721759945286674,0.6885588531805552,0.46364045295417655,0.6148370245015083,0.48896766569986033,0.3035359332568101,0.09280190362879238,0.3816738402678144,0.3408367474375181,0.5782049849111434,0.7203434149742874,0.32029258880617434,0.0,0.9337289712067293,0.0,0.0,0.0,0.0,1.0,1.0,0.0,0.6666666666666666,1.0,0.5,0.3333333333333333,0.9193548387096774,0.7377049180327869,0.9357798165137615,1.0,0.88,1.0,0.6296296296296297,1.0,0.9333333333333333,1.0,0.6666666666666666,0.0,0.9444444444444444,0.0,0.0,0.0,0.0
12,0.2512535010192965,0.5516418120351136,0.4477071252569476,0.4056807772375405,0.4111345789147309,0.8382687927107062,0.7786708897435726,0.8628325912786335,0.7893707623799718,0.3985636941250168,0.13069036226930963,0.0,0.27748612569371534,0.3567984934086629,0.2567967933077727,0.19618430525557956,0.536700636234382,0.4545931371025394,0.497081847047972,0.6220871899950541,0.32593282942057655,0.3480532404527926,0.8017172413246838,0.23024597585889503,0.4570400915248936,0.7544449562413634,0.4880181549416002,0.0,0.9262931804202464,0.0,0.0,0.0,0.0,1.0,0.5,0.0,0.6666666666666666,0.8571428571428571,0.5,0.3333333333333333,0.8405797101449275,0.8979591836734694,0.908256880733945,0.75,0.7777777777777778,1.0,1.0,0.13793103448275862,0.875,1.0,1.0,0.0,0.9714285714285714,0.0,0.0,0.0,0.0,0.44037672418055074,0.06364423140936024,0.0,0.16985462892119357,0.46561808798230525,0.12009454337992584,0.15791216523862742,0.6562072079946392,0.47833481188345484,0.6325203125365159,0.471019997646077,0.33339571770292953,0.09624711912214923,0.3392207200262754,0.3343948006216648,0.5862931835459076,0.6796265560165975,0.35260846019616104,0.0,0.9248847218713937,0.0,0.0,0.0,0.0,1.0,1.0,0.0,1.0,1.0,0.6666666666666666,0.3333333333333333,0.9354838709677419,0.7096774193548387,0.9519230769230769,0.9,0.875,1.0,0.6144578313253012,1.0,0.9333333333333333,1.0,0.6666666666666666,0.0,0.9444444444444444,0.0,0.0,0.0,0.0
13,0.24841341596501834,0.5496817080822164,0.4460496074568618,0.4034602427307157,0.4060166136205662,0.8246013667425968,0.7736712587967853,0.8523100564198351,0.7770797843234337,0.41422435008277775,0.1572112098427888,0.0,0.3311834408279586,0.35627118644067796,0.2247298710352039,0.15021084027563508,0.5260623101953713,0.472403101979921,0.4948432360071505,0.6278810146258744,0.3504385413212272,0.33934568976240825,0.8009409975524558,0.17243004991356797,0.4144382165814794,0.7649009672961768,0.49805334055089423,0.0,0.9333245699319431,0.0,0.0,0.0,0.0,1.0,0.5,0.0,0.6666666666666666,0.8571428571428571,0.5,0.3333333333333333,0.8260869565217391,0.8979591836734694,0.8899082568807339,0.8333333333333334,0.7407407407407407,1.0,1.0,0.034482758620689655,0.875,1.0,1.0,0.0,0.9714285714285714,0.0,0.0,0.0,0.0,0.4777201537786722,0.07675877719930584,0.0,0.13779331003494757,0.44099958040001863,0.12788852524050381,0.16954957046668215,0.6749657742493266,0.465836819763076,0.6363791438348975,0.4639690910040203,0.31959348830418505,0.07167630057803469,0.35354584264241584,0.35753409778577744,0.550865907425033,0.6686800354352903,0.351148623853211,0.0,0.9173793271574842,0.0,0.0,0.0,0.0,1.0,1.0,0.0,0.6666666666666666,1.0,0.6666666666666666,0.3333333333333333,0.9344262295081968,0.676923076923077,0.941747572815534,1.0,0.8695652173913043,1.0,0.6,1.0,0.9333333333333333,1.0,0.8,0.0,0.918918918918919,0.0,0.0,0.0,0.0
14,0.2459031325963141,0.5495151222668729,0.4503934251512546,0.40783668539926815,0.4126606680939323,0.8200455580865603,0.7640413494849931,0.864392728201568,0.7644465762263319,0.439795964025236,0.14572795625427204,0.0,0.2982850857457127,0.37745762711864406,0.21549320320669224,0.1861051115910727,0.5598941992263518,0.48541090355266836,0.4561011844027786,0.6372217904331238,0.3340346945076559,0.39320811046150017,0.7955389745661352,0.20326121932785057,0.4560194901931735,0.7614463380930446,0.4371135308446628,0.0,0.9249662691720074,0.0,0.0,0.0,0.0,1.0,0.5,0.0,0.6666666666666666,0.9285714285714286,0.25,0.3333333333333333,0.8405797101449275,0.9183673469387755,0.8440366972477065,0.75,0.7777777777777778,1.0,1.0,0.034482758620689655,0.9375,1.0,1.0,0.0,0.9714285714285714,0.0,0.0,0.0,0.0,0.42939210589545884,0.08539613874869822,0.0,0.16074796572721883,0.4412425149700599,0.13700831024930749,0.17413270461434827,0.6333376261257349,0.4355998270668303,0.6554927941719897,0.5020150516565729,0.31599785808168496,0.07262325966089234,0.3626398226445887,0.3626144768109364,0.5817714075707461,0.70138741567313,0.35800763931519,0.0,0.9316534182034384,0.0,0.0,0.0,0.0,1.0,1.0,0.0,0.6666666666666666,1.0,1.0,0.3333333333333333,0.90625,0.6338028169014085,0.968421052631579,1.0,0.875,1.0,0.6,1.0,0.9375,1.0,0.6666666666666666,0.0,0.9714285714285714,0.0,0.0,0.0,0.0
15,0.24340677180781348,0.5530783007744566,0.44735636384609745,0.4093915936986408,0.41359678755960805,0.8314350797266514,0.7699320476194831,0.8059535584884917,0.7738299799713316,0.40507405253031453,0.1645933014354067,0.0,0.2758862056897155,0.4152542372881356,0.23780062739630534,0.1890363056669752,0.5392662255653431,0.4737007739408821,0.4868213763886735,0.6192185402388186,0.3658017816098526,0.3210598333126011,0.8138519909068587,0.16519370505346814,0.49746084265455115,0.7637494242284661,0.3940163644313048,0.0,0.9246289608920812,0.0,0.0,0.0,0.0,1.0,0.5,0.0,0.6666666666666666,0.9285714285714286,0.5,0.3333333333333333,0.8260869565217391,0.8979591836734694,0.8990825688073395,0.8333333333333334,0.8148148148148148,1.0,1.0,0.0,0.9375,1.0,0.75,0.0,0.9714285714285714,0.0,0.0,0.0,0.0,0.4687516180810853,0.0712636874815034,0.0,0.1510043237918012,0.4339611501446537,0.13399783953648237,0.1743419492530235,0.6539542081790832,0.47372286029560323,0.6500538169134978,0.5365964168942334,0.30753331154223307,0.106109192567012,0.33683893048689334,0.3440778091244915,0.555412607976475,0.6737505079236082,0.36783284742468414,0.0,0.9298456089591699,0.0,0.0,0.0,0.0,1.0,1.0,0.0,0.6666666666666666,1.0,1.0,0.3333333333333333,0.9344262295081968,0.6875,0.9514563106796117,1.0,0.88,1.0,0.6,0.0,0.8823529411764706,1.0,0.6,0.0,0.9714285714285714,0.0,0.0,0.0,0.0
16,0.24146054504370199,0.5555578343676583,0.4404169925037968,0.408917372945798,0.4079641600142851,0.8291571753986332,0.7579156526915787,0.84777081727091,0.7650090043243013,0.39245603830149,0.14736842105263157,0.0,0.28383580820958954,0.3322222222222222,0.2144475426978041,0.1687750694230176,0.5681602156260012,0.46000528393373324,0.5162110538817556,0.6028686497562354,0.31326258733661905,0.3449434009205125,0.8224857226591894,0.17733160718695512,0.45641456167641997,0.7633809304467987,0.43863338260706625,0.0,0.9247033671303002,0.0,0.0,0.0,0.0,1.0,0.5,0.0,0.6666666666666666,0.8571428571428571,0.25,0.3333333333333333,0.8840579710144928,0.8367346938775511,0.9174311926605505,0.75,0.7037037037037037,1.0,1.0,0.034482758620689655,0.9375,1.0,1.0,0.0,0.9714285714285714,0.0,0.0,0.0,0.0,0.4614615667911822,0.07523204689789936,0.0,0.15744952296427778,0.4662860465730976,0.12542683859130524,0.16687004270896888,0.6442024808770729,0.4747884669366804,0.6290584092627223,0.5925936215135015,0.334109827118334,0.06483971286272126,0.3430393128510076,0.3483264982140495,0.5494966110428475,0.6599108067213506,0.3382027161524384,0.0,0.9292181849449074,0.0,0.0,0.0,0.0,1.0,1.0,0.0,0.6666666666666666,1.0,0.5,0.3333333333333333,0.8840579710144928,0.7192982456140351,0.9174311926605505,1.0,0.95,1.0,0.6071428571428571,1.0,0.9375,1.0,0.8,0.0,0.9444444444444444,0.0,0.0,0.0,0.0
17,0.2395382781520389,0.551079689547661,0.43488995646250866,0.40534561689324483,0.40508989238801546,0.8314350797266514,0.719553892026078,0.7771824954296976,0.7130096342918361,0.3200143183140185,0.11797676008202324,0.0,0.28738563071846407,0.3497175141242938,0.20128964796096202,0.14578833693304535,0.5345136632855959,0.47349097068970875,0.4992816854271931,0.6453472761958595,0.3741495042824961,0.32902102251523824,0.8068816386664449,0.17689757616122007,0.4702420635900475,0.7580838323353294,0.4187503903728842,0.0,0.9191873846703308,0.0,0.0,0.0,0.0,0.8571428571428571,0.0,0.0,0.6666666666666666,0.9285714285714286,0.5,0.0,0.8405797101449275,0.9183673469387755,0.8990825688073395,0.8333333333333334,0.8148148148148148,1.0,1.0,0.034482758620689655,0.9375,1.0,0.75,0.0,0.9714285714285714,0.0,0.0,0.0,0.0,0.4741447891805887,0.08288513253937764,0.0,0.1266079295154185,0.4405903008446427,0.12683248229286773,0.16577008537013216,0.6765766490384938,0.44999169205206313,0.6419337826882057,0.5297481643022028,0.297230637857185,0.10803414614222114,0.3546182739738426,0.3365892554569919,0.544720408065977,0.6771167612935077,0.3282897528808801,0.0,0.934540860583809,0.0,0.0,0.0,0.0,1.0,0.0,0.0,0.5,1.0,1.0,0.0,0.9354838709677419,0.703125,0.9514563106796117,1.0,0.88,1.0,0.6144578313253012,1.0,0.8333333333333334,1.0,0.6,0.0,0.9714285714285714,0.0,0.0,0.0,0.0
18,0.23763491321262817,0.5481363944383777,0.44053885520486513,0.4029578401013653,0.4054985483349855,0.8291571753986332,0.7213931822586608,0.7753530115241155,0.7119492175248621,0.3963935746565842,0.12235133287764867,0.0,0.3241837908104595,0.3228248587570621,0.19118159637504356,0.1421886249100072,0.5369415739321297,0.4909512634818015,0.46008660588201683,0.6195435596693281,0.39412686251415113,0.3726831695484513,0.801416248841575,0.18093107138313716,0.4868186045745985,0.7725011515430678,0.3922258541358706,0.0,0.9223496497946387,0.0,0.0,0.0,0.0,1.0,0.0,0.0,0.6666666666666666,0.8571428571428571,0.5,0.0,0.8260869565217391,0.9591836734693877,0.8807339449541285,0.75,0.8518518518518519,1.0,1.0,0.034482758620689655,0.9375,1.0,0.75,0.0,0.9714285714285714,0.0,0.0,0.0,0.0,0.4344244207429202,0.07868823632846844,0.0,0.1479790948718534,0.4730393509575584,0.15467042650687346,0.1283062645011601,0.6610686077327536,0.4497175985735792,0.6675124348649929,0.5121190529033163,0.297387312763167,0.09194414607948442,0.3587096408223753,0.3329110786770578,0.531797052714865,0.6671838325973665,0.3306770111109161,0.0,0.9351055590758678,0.0,0.0,0.0,0.0,1.0,0.0,0.0,0.5,1.0,1.0,0.0,0.9344262295081968,0.6811594202898551,0.9696969696969697,1.0,0.8518518518518519,1.0,0.6144578313253012,1.0,0.8333333333333334,1.0,0.6,0.0,0.9714285714285714,0.0,0.0,0.0,0.0
19,0.23600919956985267,0.5480715180530052,0.4419098743586472,0.39618059770503583,0.40357216980752186,0.8291571753986332,0.7365727170182919,0.7840348278016289,0.7291722590760189,0.40820618372186673,0.11674641148325358,0.0,0.327983600819959,0.3124105461393597,0.21470895782502614,0.1505708114779389,0.5454114606914118,0.47917119945295744,0.4628966035148438,0.6367413269271532,0.3736463538748299,0.34656051747729816,0.8001805954898653,0.18410398784713128,0.46801155584088494,0.8043298019345924,0.396493931002894,0.0,0.9262038929343837,0.0,0.0,0.0,0.0,1.0,0.0,0.0,0.6666666666666666,0.8571428571428571,0.5,0.3333333333333333,0.855072463768116,0.8979591836734694,0.8899082568807339,0.75,0.8148148148148148,1.0,1.0,0.034482758620689655,0.9375,1.0,0.75,0.0,0.9714285714285714,0.0,0.0,0.0,0.0,0.4262187857693476,0.07156624486717506,0.0,0.15286386726942255,0.46444369785542305,0.1362681119345205,0.17564487102579485,0.6681121017620902,0.45816105532585155,0.6594625709725529,0.44092061100075347,0.31077167436264463,0.12359700102036289,0.3544519646747997,0.3098020450309777,0.5099410799322016,0.6114573849709364,0.3289800995024876,0.0,0.9285875914133037,0.0,0.0,0.0,0.0,1.0,0.0,0.0,0.5,1.0,0.6666666666666666,0.3333333333333333,0.921875,0.7096774193548387,0.9509803921568627,1.0,0.8461538461538461,1.0,0.6071428571428571,1.0,0.8823529411764706,1.0,0.75,0.0,0.9444444444444444,0.0,0.0,0.0,0.0
20,0.23454330310755625,0.5490701958304156,0.43767649666701197,0.3997237142814183,0.40317648266546113,0.8291571753986332,0.7615015618986247,0.7858186921160656,0.7571105401304584,0.3533267707727415,0.16117566643882433,0.0,0.26783660816959154,0.3606967984934087,0.17845939351690485,0.14162295587781548,0.5337961455263694,0.45256115376247164,0.49492282199675125,0.6371370027555995,0.36801449987993,0.3298917775842766,0.8184144032824022,0.1664583816629375,0.421376659505996,0.8141870105941962,0.44304719868418313,0.0,0.9352516915018155,0.0,0.0,0.0,0.0,1.0,0.5,0.0,0.6666666666666666,0.9285714285714286,0.5,0.0,0.8405797101449275,0.8775510204081632,0.8990825688073395,0.8333333333333334,0.8148148148148148,1.0,1.0,0.0,0.875,1.0,1.0,0.0,0.9714285714285714,0.0,0.0,0.0,0.0,0.44472291056544266,0.07256724318335693,0.0,0.1501485509277426,0.43893663343646155,0.14598332026516503,0.169905607995558,0.6801337260101138,0.4793478216139028,0.6332045324003969,0.5339720738538792,0.2980633868039862,0.1248587570621469,0.3288991599581093,0.30989565193162344,0.5516632005430859,0.5813135133357451,0.33358937781191705,0.0,0.9178213893668964,0.0,0.0,0.0,0.0,1.0,1.0,0.0,0.6666666666666666,1.0,1.0,0.0,0.9354838709677419,0.7049180327868853,0.9423076923076923,1.0,0.8461538461538461,1.0,0.6,0.0,0.9333333333333333,1.0,0.5714285714285714,0.0,0.9444444444444444,0.0,0.0,0.0,0.0
21,0.23290841819445024,0.5539221123416231,0.44199392167143714,0.41543030690279825,0.4113397010009255,0.8405466970387244,0.7797097428278424,0.8375841240695393,0.771075221715481,0.40543201038077764,0.1397129186602871,0.0,0.29938503074846257,0.277834274952919,0.21967584524224468,0.13910315746168878,0.5020294367617973,0.47720526528455537,0.5324853684219119,0.6472832614993288,0.372428501183547,0.3954471949247419,0.7803309333143232,0.2027448720730968,0.41108010897388414,0.735513588208199,0.48576960712872935,0.0,0.9324292148653743,0.0,0.0,0.0,0.0,1.0,0.5,0.0,0.6666666666666666,0.7142857142857143,0.5,0.3333333333333333,0.8260869565217391,0.9183673469387755,0.926605504587156,0.9166666666666666,0.8518518518518519,1.0,1.0,0.034482758620689655,0.875,1.0,1.0,0.0,0.9714285714285714,0.0,0.0,0.0,0.0,0.49940750130900874,0.08703057140424082,0.0,0.15912412638516116,0.4893200663349917,0.13160367508874504,0.17013648657148248,0.7000886132033673,0.4593563588084597,0.6132854181454096,0.5338142575780531,0.3043500607419867,0.07622769998081719,0.3811978114673539,0.318030285244747,0.5398584013403231,0.7490032365495567,0.34393195654417075,0.0,0.9219789975524939,0.0,0.0,0.0,0.0,1.0,1.0,0.0,0.6666666666666666,1.0,0.5,0.3333333333333333,0.9344262295081968,0.7258064516129032,0.9528301886792453,1.0,0.8846153846153846,1.0,0.6296296296296297,1.0,0.9333333333333333,1.0,0.5714285714285714,0.0,0.9444444444444444,0.0,0.0,0.0,0.0
22,0.2317810656111883,0.5502362965378194,0.4408388122425801,0.40754454338172597,0.40625323784339834,0.8132118451025057,0.7309463454283246,0.8273600497387061,0.7247706320276698,0.4027696988679583,0.14859876965140123,0.0,0.3312334383280836,0.32753295668549903,0.17697804112931334,0.1128766841509822,0.5521709545633865,0.46939980729182856,0.4878927262486838,0.6403306719423444,0.34988964996740957,0.328274661027491,0.8169490451409516,0.1819712491861918,0.39371342502284007,0.7685398433901428,0.5217671920218192,0.0,0.9242098057501141,0.0,0.0,0.0,0.0,1.0,0.5,0.0,0.6666666666666666,0.7857142857142857,0.25,0.0,0.8405797101449275,0.8571428571428571,0.8899082568807339,0.8333333333333334,0.7777777777777778,1.0,1.0,0.034482758620689655,0.75,1.0,1.0,0.0,0.9714285714285714,0.0,0.0,0.0,0.0,0.4444636464633996,0.09017753442840551,0.0,0.16108247422680413,0.4730328827481165,0.16797618063022082,0.13973771326712503,0.6458335913983823,0.46049351659157955,0.6436064682335649,0.5177800123408826,0.31785317307792194,0.07583551251472744,0.3380276612480336,0.3549460654804478,0.5724560500712055,0.6778937959614838,0.32262674116223383,0.0,0.9319787610265338,0.0,0.0,0.0,0.0,1.0,1.0,0.0,0.6666666666666666,1.0,1.0,0.0,0.8787878787878788,0.6885245901639344,0.9509803921568627,1.0,0.84,1.0,0.6,1.0,0.9230769230769231,1.0,0.4,0.0,0.9444444444444444,0.0,0.0,0.0,0.0
23,0.22992497503620332,0.5502819192862426,0.4465626232287361,0.41068132925242334,0.41399520311261695,0.8405466970387244,0.7892235143205729,0.8687547729077045,0.7888072766551963,0.4578057183766612,0.12508544087491455,0.0,0.2614369281535923,0.3550470809792844,0.18604043220634367,0.1918132263704618,0.5270975479955837,0.47919451092531007,0.4706613391669183,0.6698650462799407,0.40114809774840193,0.35029232491603435,0.7975667133997101,0.2011135140798168,0.41607611710577214,0.7744818056195302,0.4469196976952385,0.0,0.9264816762237346,0.0,0.0,0.0,0.0,1.0,0.5,0.0,0.6666666666666666,0.9285714285714286,0.5,0.3333333333333333,0.8405797101449275,0.9183673469387755,0.8899082568807339,0.8333333333333334,0.8518518518518519,1.0,1.0,0.034482758620689655,0.9375,1.0,1.0,0.0,0.9714285714285714,0.0,0.0,0.0,0.0,0.42256225994300584,0.06790856464301617,0.0,0.17058689198447133,0.47879418935392115,0.15747160348133943,0.17946497305619707,0.6680626585591752,0.4507189972409509,0.6547409180072843,0.5170033155920076,0.2856503063737964,0.10175248419150858,0.35854505314508517,0.31886998410099426,0.6011868659840404,0.6634835451029911,0.3619410534835098,0.0,0.9335202623003259,0.0,0.0,0.0,0.0,1.0,1.0,0.0,0.6666666666666666,1.0,1.0,0.3333333333333333,0.9354838709677419,0.6923076923076923,0.9603960396039604,1.0,0.8518518518518519,1.0,0.6219512195121951,1.0,0.9375,1.0,0.6666666666666666,0.0,0.9714285714285714,0.0,0.0,0.0,0.0
24,0.22873825570539388,0.5408472186237919,0.4336434018751675,0.40272192117065075,0.40313803300292456,0.8291571753986332,0.7600444310227156,0.7913693333220873,0.760835892084611,0.4000178978925232,0.13738892686261106,0.0,0.2914354282285886,0.3519020715630885,0.18473335657023354,0.12537282731667182,0.5050716061542372,0.4791168060174681,0.46111102041482666,0.6003674132692716,0.3414790334938078,0.3423311357133972,0.8366402902201205,0.17495191983895952,0.47676074306361477,0.7136342699216951,0.45312402406778957,0.0,0.93014246314411,0.0,0.0,0.0,0.0,1.0,0.5,0.0,0.6666666666666666,0.9285714285714286,0.5,0.0,0.8405797101449275,0.9183673469387755,0.8899082568807339,0.75,0.7777777777777778,1.0,1.0,0.0,0.9375,1.0,1.0,0.0,0.9714285714285714,0.0,0.0,0.0,0.0,0.44136160548986697,0.07992047713717694,0.0,0.13168120001807257,0.43942244379644435,0.14296311281947535,0.13992194674012856,0.6901128717169525,0.4518297866103881,0.6567717295261126,0.5505805816183713,0.30695695078327373,0.13314625768058444,0.30886399457276614,0.280754635411663,0.5157691348790825,0.7257354318905752,0.3306292346489229,0.0,0.9225731857318573,0.0,0.0,0.0,0.0,1.0,1.0,0.0,0.6666666666666666,0.9285714285714286,1.0,0.0,0.9354838709677419,0.703125,0.9509803921568627,1.0,0.84,1.0,0.5930232558139535,0.0,0.8823529411764706,1.0,0.8,0.0,0.9444444444444444,0.0,0.0,0.0,0.0
25,0.22777968628407805,0.5497210524707649,0.4453102124097837,0.3993840688575446,0.4068147344125109,0.826879271070615,0.7519193481559857,0.7969313081063042,0.7363949124294114,0.42751353528122066,0.11961722488038277,0.0,0.30278486075696215,0.35523540489642186,0.20956779365632625,0.1828139463128664,0.5146588083909863,0.47431464271283375,0.5046527193920447,0.6569490567370876,0.3429255909158481,0.31844756810548575,0.8024538808228184,0.19511939594854488,0.4209980493345515,0.7898664210041455,0.4772126335075264,0.0,0.920452290720054,0.0,0.0,0.0,0.0,1.0,0.0,0.0,0.6666666666666666,0.9285714285714286,0.5,0.3333333333333333,0.8260869565217391,0.8979591836734694,0.8899082568807339,0.8333333333333334,0.7777777777777778,1.0,1.0,0.034482758620689655,0.875,1.0,1.0,0.0,0.9714285714285714,0.0,0.0,0.0,0.0,0.43295722312851187,0.07417139950834958,0.0,0.14113918150461452,0.45148396361895643,0.13309352517985612,0.16618362004487658,0.6911261706500175,0.46097177854807164,0.6376716673456864,0.4859866818595218,0.310660250798962,0.09658554989624599,0.34849777435311763,0.3282019006860092,0.5348739935166789,0.6356997219647822,0.32297655281253523,0.0,0.9366322840190093,0.0,0.0,0.0,0.0,1.0,0.0,0.0,0.5,1.0,1.0,0.3333333333333333,0.9344262295081968,0.676923076923077,0.941747572815534,1.0,0.875,1.0,0.6071428571428571,1.0,0.9333333333333333,1.0,0.5714285714285714,0.0,0.9714285714285714,0.0,0.0,0.0,0.0
26,0.226859027928817,0.5526028196532755,0.4436041826864975,0.4045714576225541,0.4117751881935712,0.8382687927107062,0.7694907685109901,0.8753495497183895,0.7772029557649134,0.4604232851581726,0.14066985645933014,0.0,0.28363581820908956,0.32007532956685497,0.17906936214708957,0.15190784737221022,0.5374658119997564,0.48899309980418365,0.48008921793500886,0.6453472761958595,0.348294434470377,0.3150889414106232,0.7917448851080009,0.21480794127111225,0.4735754792299398,0.7857669276830953,0.44221440319793465,0.0,0.9257053711383162,0.0,0.0,0.0,0.0,1.0,0.5,0.0,0.6666666666666666,0.8571428571428571,0.25,0.3333333333333333,0.8260869565217391,0.9387755102040817,0.8990825688073395,0.75,0.8518518518518519,1.0,1.0,0.06896551724137931,0.9375,1.0,1.0,0.0,0.9714285714285714,0.0,0.0,0.0,0.0,0.43724902798138826,0.0827835880933226,0.0,0.1435366748475571,0.46258947769521785,0.1456001133626187,0.16070942821391654,0.6567919449189833,0.44237109416189235,0.6562608964899703,0.5282896639481751,0.31068495945325647,0.12255067976196236,0.3618510125326711,0.31130029280989047,0.5486445510283867,0.6516540606616242,0.33086688994469976,0.0,0.9285518813004409,0.0,0.0,0.0,0.0,1.0,1.0,0.0,0.6666666666666666,1.0,1.0,0.3333333333333333,0.9193548387096774,0.696969696969697,0.9514563106796117,1.0,0.8846153846153846,1.0,0.6219512195121951,1.0,0.9375,1.0,0.8,0.0,0.9444444444444444,0.0,0.0,0.0,0.0
27,0.22535031238935316,0.5545248348895992,0.4431310689037391,0.41025339875155464,0.4143457910782652,0.8314350797266514,0.7405741358724087,0.8041924338107003,0.737092939494167,0.44789476039196385,0.10868079289131921,0.0,0.28783560821958903,0.33962335216572503,0.18394911118856744,0.2001954129383935,0.5131284568602376,0.46838575824449075,0.5220187904562114,0.6462234155302763,0.3645210351176114,0.3351163079985073,0.803578642207067,0.19434113341964065,0.479583858037647,0.7695071395670198,0.39249651266890134,0.0,0.9192791523641342,0.0,0.0,0.0,0.0,1.0,0.0,0.0,0.6666666666666666,0.9285714285714286,0.5,0.3333333333333333,0.8260869565217391,0.9183673469387755,0.8990825688073395,0.75,0.8148148148148148,1.0,1.0,0.034482758620689655,0.9375,1.0,0.75,0.0,0.9714285714285714,0.0,0.0,0.0,0.0,0.4713249835201055,0.07212192688015967,0.0,0.15142428785607195,0.465369529314616,0.15479944269267434,0.18926539938742767,0.6927955044290811,0.4544563525123175,0.6258100659795529,0.5112410423816923,0.3064830928092761,0.12563540549363428,0.35481930449806415,0.3190300111789492,0.5470660031921886,0.6731404625674914,0.33716666964748804,0.0,0.9326116931871936,0.0,0.0,0.0,0.0,1.0,0.0,0.0,0.5,1.0,1.0,0.3333333333333333,0.9344262295081968,0.6923076923076923,0.9514563106796117,1.0,0.88,1.0,0.6071428571428571,1.0,0.8823529411764706,1.0,0.75,0.0,0.9444444444444444,0.0,0.0,0.0,0.0
28,0.22400378935529447,0.5516459976083634,0.4413723572234321,0.4032389958206172,0.4078986941996286,0.835990888382688,0.7792696800756159,0.8666063250433386,0.7844083003983414,0.4058123405968947,0.13615857826384142,0.0,0.2697365131743413,0.342165725047081,0.2064308121296619,0.1279440501902705,0.5215639239484129,0.47852624871786903,0.49374943881674,0.6316399349961139,0.370438770025958,0.3260355765642493,0.7912062669803325,0.20941248662361278,0.4231627118365063,0.8075541225241823,0.46842664112760507,0.0,0.9347382884581044,0.0,0.0,0.0,0.0,1.0,0.5,0.0,0.6666666666666666,0.9285714285714286,0.5,0.3333333333333333,0.8260869565217391,0.9183673469387755,0.8990825688073395,0.75,0.8518518518518519,1.0,1.0,0.06896551724137931,0.8125,1.0,1.0,0.0,0.9714285714285714,0.0,0.0,0.0,0.0,0.45266021161908565,0.08040687817873578,0.0,0.15112891478514204,0.4397782833906182,0.13972279563550574,0.1527129879695556,0.6892702811455764,0.45845554844185044,0.6418687691336343,0.5147463580353544,0.29512729525484105,0.10402031987935072,0.3505049370846287,0.3470324164785833,0.5506549423243758,0.6334730452377512,0.33813252378304454,0.0,0.9186054163934746,0.0,0.0,0.0,0.0,1.0,1.0,0.0,0.6666666666666666,1.0,1.0,0.3333333333333333,0.9344262295081968,0.6923076923076923,0.9514563106796117,1.0,0.8846153846153846,1.0,0.6219512195121951,1.0,0.9285714285714286,1.0,0.6666666666666666,0.0,0.918918918918919,0.0,0.0,0.0,0.0
29,0.22333621845729362,0.5506531796335028,0.43681571881648396,0.4110287685207133,0.4105854468369175,0.8382687927107062,0.768204329908096,0.8233199716916939,0.7618657715820822,0.40968275985502706,0.1520164046479836,0.0,0.28288585570721464,0.3853860640301318,0.2258626699198327,0.12043607939936234,0.5308492921462253,0.4407461225250987,0.5211964018970034,0.643439553451565,0.36405219041955883,0.3210598333126011,0.8011310980681036,0.18943957614625348,0.4382165814793781,0.6971902349147858,0.42447585934084237,0.0,0.9146163614357428,0.0,0.0,0.0,0.0,1.0,0.5,0.0,0.6666666666666666,0.9285714285714286,0.5,0.0,0.855072463768116,0.8775510204081632,0.908256880733945,0.8333333333333334,0.8148148148148148,1.0,1.0,0.034482758620689655,0.9375,1.0,1.0,0.0,0.9714285714285714,0.0,0.0,0.0,0.0,0.469875808272606,0.08266428783823966,0.0,0.12742956239724332,0.42755364268850676,0.13373922914194314,0.16964867801521188,0.6809504240295887,0.4740515083514068,0.6198458424544833,0.5414858067048008,0.29859033398673807,0.13845080999892714,0.33950863860197983,0.31661163640002,0.5446361897357734,0.7649466821650579,0.32746546739479604,0.0,0.9410632851955157,0.0,0.0,0.0,0.0,1.0,0.5,0.0,0.6666666666666666,0.9285714285714286,1.0,0.0,0.9076923076923077,0.7166666666666667,0.9519230769230769,1.0,0.88,1.0,0.6144578313253012,1.0,0.8823529411764706,1.0,0.8,0.0,0.9714285714285714,0.0,0.0,0.0,0.0
30,0.2228594080419762,0.5470360072309963,0.4392338192348058,0.4035642020453945,0.40823558395348936,0.826879271070615,0.7199980041851659,0.7719511440074772,0.7098167914048743,0.45351022417110387,0.12207792207792208,0.0,0.30773461326933654,0.3781732580037665,0.23082955733705124,0.11498508690733313,0.5196734897045469,0.45780623504180523,0.4961145711743627,0.630142019359853,0.37110201374515434,0.3175768130364473,0.8066994590056159,0.18705240550471072,0.452990608821617,0.746890833717181,0.3998875726093565,0.0,0.9129620627393401,0.0,0.0,0.0,0.0,1.0,0.0,0.0,0.6666666666666666,0.9285714285714286,0.5,0.0,0.8260869565217391,0.9183673469387755,0.8990825688073395,0.75,0.7777777777777778,1.0,1.0,0.034482758620689655,0.9375,1.0,0.75,0.0,0.9714285714285714,0.0,0.0,0.0,0.0,0.42318531972192647,0.078526204713331,0.0,0.12862038701049025,0.43608842946490617,0.14951741265451263,0.13424591738712777,0.6663226577405403,0.474857138251485,0.6403752999528505,0.5662044796586927,0.29380610291022174,0.12939685757729347,0.33653862040479143,0.31280581661640117,0.5246365759496687,0.6952662721893491,0.33359965262700825,0.0,0.9401624919865041,0.0,0.0,0.0,0.0,1.0,0.0,0.0,0.5,0.9285714285714286,1.0,0.0,0.95,0.6923076923076923,0.9514563106796117,1.0,0.875,1.0,0.5930232558139535,1.0,0.8333333333333334,1.0,0.6,0.0,0.9714285714285714,0.0,0.0,0.0,0.0
31,0.22171369220582354,0.5464349589123202,0.4387063676031071,0.40827081231566614,0.4092544549562832,0.8428246013667426,0.7935245100811961,0.8752686401715741,0.7959559812277688,0.39802675734932214,0.1598086124401914,0.0,0.27233638318084097,0.34037664783427496,0.19484140815615197,0.17134629229661627,0.5410216287917902,0.4625773163833028,0.4574582275587916,0.6412068112767612,0.3789580212466695,0.31595969647966166,0.8090915571608488,0.19352545442300065,0.44423319094298624,0.7343620451404883,0.44841872957048573,0.0,0.9331658366237425,0.0,0.0,0.0,0.0,1.0,0.5,0.0,0.6666666666666666,0.9285714285714286,0.5,0.3333333333333333,0.855072463768116,0.8979591836734694,0.8899082568807339,0.9166666666666666,0.8518518518518519,1.0,1.0,0.034482758620689655,0.9375,1.0,1.0,0.0,0.9714285714285714,0.0,0.0,0.0,0.0,0.4612413149434823,0.09354993597951344,0.0,0.1482257537825188,0.45565471688599807,0.14527970892079786,0.1730909090909091,0.6560260690895081,0.46515262209963315,0.6559176280916531,0.48185158440234477,0.28980760822037605,0.11194852130988585,0.3414277883252667,0.33150453141223674,0.5420771942511073,0.7410178944922148,0.33810555398574615,0.0,0.9169952863987989,0.0,0.0,0.0,0.0,1.0,1.0,0.0,0.6666666666666666,1.0,1.0,0.3333333333333333,0.9365079365079365,0.7096774193548387,0.9603960396039604,1.0,0.8518518518518519,1.0,0.6144578313253012,1.0,0.9375,1.0,0.8,0.0,0.9444444444444444,0.0,0.0,0.0,0.0
32,0.22078006442365067,0.5466040560716134,0.4443560644356644,0.3980692232478443,0.4080342372151816,0.8405466970387244,0.7911000773623812,0.8480797608226119,0.7849803351885836,0.47509955702716006,0.15762132604237866,0.0,0.29548522573871305,0.37160075329566855,0.18063785291042175,0.15987863828036614,0.5119979030477295,0.4912581978677773,0.4675860549020888,0.6251536776655127,0.38168532516095094,0.3241696728448812,0.7862874161379496,0.20953221932036728,0.43998617249808636,0.7941040994933211,0.4014282442589161,0.0,0.9248968233496696,0.0,0.0,0.0,0.0,1.0,0.5,0.0,0.6666666666666666,0.9285714285714286,0.5,0.3333333333333333,0.8260869565217391,0.9387755102040817,0.8807339449541285,0.8333333333333334,0.8888888888888888,1.0,1.0,0.034482758620689655,0.9375,1.0,1.0,0.0,0.9714285714285714,0.0,0.0,0.0,0.0,0.4199659850492426,0.07507487954160698,0.0,0.13641399686086234,0.4053326759926871,0.13159398209864787,0.17025354580800614,0.6827416006439859,0.4412963660984769,0.6564654110393592,0.4970562459270578,0.29038488307349664,0.13891998507383121,0.3684411733048284,0.3142113295627974,0.5535684698865049,0.6078555814117481,0.3476496997890409,0.0,0.9280202072990158,0.0,0.0,0.0,0.0,1.0,0.5,0.0,0.6666666666666666,1.0,1.0,0.3333333333333333,0.95,0.696969696969697,0.96,1.0,0.8275862068965517,1.0,0.6219512195121951,1.0,0.9375,1.0,0.8,0.0,0.9714285714285714,0.0,0.0,0.0,0.0
33,0.22029477220585944,0.5540970693034662,0.4431312264340296,0.40616963424413344,0.41309580308831906,0.835990888382688,0.7330065831036416,0.7820372207524985,0.713720227093591,0.45037809297955167,0.10704032809295967,0.0,0.32858357082145895,0.3392090395480226,0.17654234925060996,0.1336007405121876,0.5268883823019347,0.49230721412364403,0.49835930421438424,0.6389882003815446,0.37509291129687017,0.32902102251523824,0.7797368692029244,0.21050504748149756,0.46112249685177414,0.7831874712114233,0.4277029418500552,0.0,0.9180960931764519,0.0,0.0,0.0,0.0,1.0,0.0,0.0,0.6666666666666666,1.0,0.25,0.0,0.8405797101449275,0.9183673469387755,0.8899082568807339,0.8333333333333334,0.8518518518518519,1.0,1.0,0.034482758620689655,0.9375,1.0,1.0,0.0,0.9714285714285714,0.0,0.0,0.0,0.0,0.4424201134016087,0.07089180624717066,0.0,0.15121951219512195,0.4593608936267884,0.13938768489852082,0.13966240189226964,0.6678961711953604,0.44948794443478784,0.6382493838711448,0.5255951273944579,0.3030077688378151,0.14641572100747302,0.37715268705150357,0.32039819128216224,0.5575126130698271,0.6593632450459533,0.32846726999456366,0.0,0.9345648809478726,0.0,0.0,0.0,0.0,1.0,0.0,0.0,0.5,1.0,1.0,0.0,0.9206349206349206,0.703125,0.9509803921568627,1.0,0.8518518518518519,1.0,0.6296296296296297,1.0,0.8823529411764706,1.0,0.6666666666666666,0.0,0.9714285714285714,0.0,0.0,0.0,0.0
34,0.2192745085361835,0.553371290901945,0.44190128261257894,0.40555015263462385,0.41135782446941566,0.8382687927107062,0.7331983806289153,0.8584413001718518,0.7451143352769413,0.4050069354333527,0.18181818181818182,0.0,0.3102844857757112,0.34743879472693034,0.16869989543394912,0.1169906407487401,0.5115716286594068,0.47317626581294875,0.5095074647576913,0.6630537695188299,0.37492138274880216,0.2803831322303769,0.7753566364882098,0.22767172287867335,0.45186300896318427,0.7838323353293413,0.448543648893423,0.0,0.9241031568086668,0.0,0.0,0.0,0.0,1.0,0.5,0.0,0.6666666666666666,0.9285714285714286,0.25,0.0,0.8260869565217391,0.9387755102040817,0.8899082568807339,0.8333333333333334,0.8518518518518519,0.5,1.0,0.10344827586206896,0.9375,1.0,1.0,0.0,0.9714285714285714,0.0,0.0,0.0,0.0,0.4543241479696833,0.08779457389926727,0.0,0.16512785035787458,0.4552947854199057,0.15409105380452084,0.14287508635307417,0.6753844164106221,0.4574953231707775,0.6345886485346184,0.5217096411932798,0.28708965613863036,0.10363218390804597,0.37733550742235533,0.32052592210200276,0.5698330980652662,0.6253491106864618,0.334820110342684,0.0,0.9326316316441596,0.0,0.0,0.0,0.0,1.0,1.0,0.0,1.0,1.0,1.0,0.0,0.9344262295081968,0.696969696969697,0.941747572815534,0.9090909090909091,0.8518518518518519,1.0,0.6375,1.0,0.9375,1.0,0.5714285714285714,0.0,0.9714285714285714,0.0,0.0,0.0,0.0
35,0.21852857866324532,0.5520737631944965,0.4421533415652069,0.41155469136145895,0.41262739356479783,0.8428246013667426,0.7726930152706302,0.8460060787480141,0.7727675070966853,0.3798380240726654,0.16650717703349283,0.0,0.3006349682515874,0.34709981167608284,0.19823980481003833,0.10099763447495629,0.501534323031261,0.4911222142790539,0.5154866173097487,0.6353140676888293,0.35593889009594165,0.35340216444831446,0.7867230631529755,0.24117158443774275,0.42271825641785393,0.7841087056655919,0.4557889696237846,0.0,0.9221338717038037,0.0,0.0,0.0,0.0,1.0,0.5,0.0,0.6666666666666666,0.9285714285714286,0.5,0.0,0.8260869565217391,0.9183673469387755,0.908256880733945,0.8333333333333334,0.8148148148148148,1.0,1.0,0.10344827586206896,0.9375,1.0,1.0,0.0,0.9714285714285714,0.0,0.0,0.0,0.0,0.4856824098177761,0.07741197406889538,0.0,0.134999214207135,0.4657468475981098,0.151525243106434,0.16739111906588255,0.6876978594870902,0.4389436766442114,0.63004319891454,0.560573566084788,0.31209830246758846,0.1519413841052519,0.35293135244809415,0.3338962505568736,0.5489418554938008,0.6577666151468315,0.3175100436554555,0.0,0.9328835316375024,0.0,0.0,0.0,0.0,1.0,1.0,0.0,0.6666666666666666,1.0,1.0,0.0,0.9193548387096774,0.6923076923076923,0.9519230769230769,1.0,0.88,1.0,0.6375,1.0,0.9375,1.0,0.5714285714285714,0.0,0.9714285714285714,0.0,0.0,0.0,0.0
36,0.21780352248963245,0.5461164367880078,0.44825562440046723,0.3939579005517831,0.4052418131113208,0.826879271070615,0.7544677440575563,0.8508949682455814,0.7623413486354054,0.4062821602756275,0.16049213943950785,0.0,0.3151842407879606,0.4187570621468927,0.22168002788428023,0.18502519798416125,0.5121700014032635,0.4953143940571286,0.48057897787101356,0.6281495089380343,0.3285858042973619,0.30849608160218933,0.8041885480281032,0.20041008448638414,0.47886779097426274,0.8263012436665131,0.3882908954633466,0.0,0.909827079902379,0.0,0.0,0.0,0.0,1.0,0.5,0.0,0.6666666666666666,0.9285714285714286,0.5,0.3333333333333333,0.8260869565217391,0.9183673469387755,0.8899082568807339,0.8333333333333334,0.7407407407407407,1.0,1.0,0.034482758620689655,0.9375,1.0,0.5,0.0,0.9714285714285714,0.0,0.0,0.0,0.0,0.4457207373045677,0.07732332213660015,0.0,0.13099492976477434,0.37002030152760673,0.1162546268793127,0.1748809176630699,0.6721707373856359,0.4456446127010428,0.649765478424015,0.5561101936646149,0.32423115765005894,0.10861948142957253,0.3438817779373461,0.32514629822985214,0.5267155531414086,0.5441006976038824,0.3398757130100414,0.0,0.9397856734786941,0.0,0.0,0.0,0.0,1.0,1.0,0.0,0.5,0.9285714285714286,1.0,0.3333333333333333,0.9344262295081968,0.6716417910447762,0.9509803921568627,1.0,0.8695652173913043,1.0,0.6071428571428571,1.0,0.8823529411764706,1.0,0.6666666666666666,0.0,0.9714285714285714,0.0,0.0,0.0,0.0
37,0.21706643250579002,0.5444509971918989,0.44127549419251805,0.40657265244710594,0.40753627532522074,0.826879271070615,0.7545334968948454,0.7805528731737226,0.7500905349263529,0.42382209494831985,0.1345181134654819,0.0,0.319934003299835,0.3497551789077213,0.18360055768560474,0.11801912989817957,0.5208225771861125,0.4395261554719796,0.4757732084989674,0.6261004733978662,0.38218275795034823,0.32802587386490856,0.8128064380707966,0.20388981598581168,0.3810135229676453,0.8001842468908337,0.5085465636776249,0.0,0.9344381832972877,0.0,0.0,0.0,0.0,1.0,0.5,0.0,0.6666666666666666,0.9285714285714286,0.5,0.0,0.8405797101449275,0.8979591836734694,0.8990825688073395,0.75,0.8148148148148148,1.0,1.0,0.0,0.8125,1.0,1.0,0.0,0.9714285714285714,0.0,0.0,0.0,0.0,0.49590324860605745,0.09042455430986951,0.0,0.1401353393338151,0.46363931397758196,0.1549606530852394,0.1509173406983626,0.6847135975049428,0.47685025164602635,0.6441796273834226,0.5644076433121019,0.2841831376933902,0.10359864854246877,0.33118174072448425,0.2841766012703777,0.550832936696811,0.6452715251467201,0.3345248366818686,0.0,0.9184067474343661,0.0,0.0,0.0,0.0,1.0,1.0,0.0,0.6666666666666666,0.9285714285714286,1.0,0.0,0.9354838709677419,0.7096774193548387,0.9514563106796117,1.0,0.8461538461538461,1.0,0.5930232558139535,0.0,0.9285714285714286,1.0,0.5714285714285714,0.0,0.918918918918919,0.0,0.0,0.0,0.0
38,0.2168505629770186,0.548983554464144,0.44384463153886455,0.4016454550367577,0.4109377369693165,0.835990888382688,0.7555968116093703,0.8404530558299601,0.7623093834280611,0.3918519844288335,0.1570745044429255,0.0,0.2615869206539673,0.36538606403013185,0.21697455559428372,0.16594672426205903,0.5260729008634042,0.4771392161128897,0.47818935751659064,0.6395393202854518,0.375710414069915,0.3358626694862545,0.7898280382418871,0.19285195800375662,0.48015177329481384,0.7992630124366651,0.4129208219691449,0.0,0.9228531320065875,0.0,0.0,0.0,0.0,1.0,0.5,0.0,0.3333333333333333,0.9285714285714286,0.5,0.3333333333333333,0.8260869565217391,0.9387755102040817,0.8990825688073395,0.8333333333333334,0.8148148148148148,1.0,1.0,0.034482758620689655,0.9375,1.0,0.75,0.0,0.9714285714285714,0.0,0.0,0.0,0.0,0.46627089766797997,0.08485967503692762,0.0,0.15024552738132843,0.409532252617359,0.12595477768222976,0.15245429205839278,0.6579020562233039,0.44644467064126797,0.6497813542449442,0.5369902348153158,0.2969196914721046,0.17029328287606432,0.36151283231880854,0.3068999190206259,0.5474568318318318,0.6116751269035533,0.32361387592598634,0.0,0.9308108919436141,0.0,0.0,0.0,0.0,1.0,1.0,0.0,0.5,1.0,0.6666666666666666,0.3333333333333333,0.95,0.696969696969697,0.9514563106796117,1.0,0.88,1.0,0.6219512195121951,1.0,0.8333333333333334,1.0,0.75,0.0,0.9444444444444444,0.0,0.0,0.0,0.0
39,0.21573053361326786,0.550725590050725,0.43951696836409504,0.4102573862305121,0.4128026632134778,0.8428246013667426,0.7700273300997582,0.8687023017179379,0.7806844316278149,0.44183184929974495,0.1598086124401914,0.0,0.24663766811659418,0.36860640301318265,0.18421052631578946,0.14547979018821353,0.5312173178603673,0.49982516395735554,0.47475083463255763,0.6269907440118703,0.36548731260506123,0.3751710411742754,0.7766794192429247,0.22515733624682896,0.46772348288435106,0.7183786273606633,0.3770065166246799,0.0,0.926342784579059,0.0,0.0,0.0,0.0,1.0,0.5,0.0,0.6666666666666666,1.0,0.25,0.3333333333333333,0.8405797101449275,0.8979591836734694,0.8899082568807339,0.8333333333333334,0.8518518518518519,1.0,1.0,0.13793103448275862,0.9375,1.0,0.75,0.0,0.9714285714285714,0.0,0.0,0.0,0.0,0.42771749723864594,0.10276019690576653,0.0,0.14680236883611583,0.4245677967939958,0.12542272322752893,0.15066304521489055,0.6723771607048304,0.42316143335504286,0.6436863977688378,0.5987961725845851,0.2988298871960769,0.10252923579004623,0.3704354330530181,0.322929635512815,0.5580849496685489,0.7375390144708219,0.3503531005127213,0.0,0.9279769033149309,0.0,0.0,0.0,0.0,1.0,1.0,0.0,0.6666666666666666,1.0,1.0,0.3333333333333333,0.90625,0.6875,0.9603960396039604,1.0,0.8518518518518519,1.0,0.6538461538461539,1.0,0.8823529411764706,1.0,0.75,0.0,0.9444444444444444,0.0,0.0,0.0,0.0
40,0.21556723260798014,0.5531649421407282,0.4422713263631628,0.4074124982569641,0.41218195079916065,0.8473804100227791,0.7793802580689841,0.8484760117544679,0.7794873074039737,0.41780392858740883,0.11565276828434723,0.0,0.30218489075546223,0.3178907721280603,0.2100906239107703,0.12604134526380747,0.49766078619824144,0.4970005905572996,0.513856124856133,0.6523563908711933,0.3671854452309346,0.3423311357133972,0.7671427100412677,0.22827038636244584,0.4387515741129411,0.7737908797789037,0.46624055297620287,0.0,0.9266329689081133,0.0,0.0,0.0,0.0,1.0,0.5,0.0,0.6666666666666666,0.9285714285714286,0.5,0.0,0.8260869565217391,0.9183673469387755,0.908256880733945,0.9166666666666666,0.8518518518518519,1.0,1.0,0.10344827586206896,0.9375,1.0,1.0,0.0,0.9714285714285714,0.0,0.0,0.0,0.0,0.456847203874945,0.08235981308411215,0.0,0.1478943891159126,0.45113183846914506,0.15026488002492988,0.14954240390482001,0.6855973562690127,0.44029573334434763,0.6322989539024011,0.5579337934035121,0.3015745554099808,0.11549437636394158,0.38026863925305565,0.3295485237081771,0.5269156254942274,0.6715033777031618,0.32640032648777856,0.0,0.927553178811893,0.0,0.0,0.0,0.0,1.0,1.0,0.0,0.6666666666666666,1.0,1.0,0.0,0.95,0.7142857142857143,0.9339622641509434,1.0,0.8518518518518519,1.0,0.6623376623376623,1.0,0.8823529411764706,1.0,0.6666666666666666,0.0,0.9444444444444444,0.0,0.0,0.0,0.0
41,0.21449940352966576,0.5481815986294759,0.43789244273220784,0.39509931708424256,0.403296797375285,0.8451025056947609,0.7732782738512903,0.8282784586089948,0.7664188005981861,0.4054543827464316,0.14764183185235816,0.0,0.27158642067896605,0.3415442561205273,0.19240153363541304,0.140645891185848,0.5360016521442131,0.4437338762316228,0.4881131182198859,0.6323323676958948,0.3605187023293577,0.29953974374922254,0.788782485405825,0.2164467825579394,0.4570153995571907,0.7863657300783049,0.44808561137598635,0.0,0.9258541836147542,0.0,0.0,0.0,0.0,1.0,0.5,0.0,0.6666666666666666,0.9285714285714286,0.5,0.0,0.8840579710144928,0.8775510204081632,0.8990825688073395,0.8333333333333334,0.8518518518518519,1.0,1.0,0.06896551724137931,0.9375,1.0,1.0,0.0,0.9714285714285714,0.0,0.0,0.0,0.0,0.43246790435737126,0.08497246262785209,0.0,0.13249103636674064,0.4204279388923662,0.1196683106606688,0.12828330206378988,0.6739742719028404,0.4749567502827866,0.6362429710649934,0.5401552371410292,0.3001728085918718,0.11834086888146256,0.34280334324741135,0.3551920620886138,0.500009004952724,0.60110559487342,0.3235661129068631,0.0,0.92695772661356,0.0,0.0,0.0,0.0,1.0,1.0,0.0,0.6666666666666666,1.0,0.6666666666666666,0.0,0.9242424242424242,0.7288135593220338,0.9607843137254902,1.0,0.8518518518518519,1.0,0.6296296296296297,1.0,0.9375,1.0,0.5714285714285714,0.0,0.9714285714285714,0.0,0.0,0.0,0.0
42,0.21358793235299983,0.5400297761680993,0.439281360902936,0.3968859947867322,0.4021928047004943,0.8314350797266514,0.7770589262631277,0.8407230545289885,0.7707285710602817,0.4126806568526556,0.13861927546138073,0.0,0.3049847507624619,0.3739924670433145,0.23161380271871732,0.11143679934176695,0.5291521375939591,0.4481514002424393,0.4502934478283228,0.6418709814173673,0.37083900330478337,0.32765269312103495,0.7930518261530785,0.1912729830653067,0.4265455114118044,0.746890833717181,0.47929462222314756,0.0,0.9287213039941269,0.0,0.0,0.0,0.0,1.0,0.5,0.0,0.6666666666666666,1.0,0.75,0.0,0.8405797101449275,0.8571428571428571,0.8899082568807339,0.75,0.8518518518518519,1.0,1.0,0.034482758620689655,0.875,1.0,1.0,0.0,0.9714285714285714,0.0,0.0,0.0,0.0,0.47178883830374957,0.06849037487335359,0.0,0.12815126050420167,0.4243738781092401,0.12645701508159285,0.16038783213677743,0.6627601964510149,0.4597146387150771,0.6633039546935684,0.5089242697560812,0.2881687274795289,0.11786817022419116,0.3396821734882206,0.297029702970297,0.5102695890195151,0.676922434666444,0.3157844199668043,0.0,0.9238704297215211,0.0,0.0,0.0,0.0,1.0,1.0,0.0,0.6666666666666666,1.0,1.0,0.0,0.8923076923076924,0.6885245901639344,0.97,1.0,0.8518518518518519,1.0,0.6144578313253012,1.0,0.9333333333333333,1.0,0.5714285714285714,0.0,0.9444444444444444,0.0,0.0,0.0,0.0
43,0.21417538669629646,0.5510721555158112,0.43885196173614244,0.40081808084405357,0.40777224898306397,0.8405466970387244,0.7746732497703084,0.8535852664940928,0.7754139231671027,0.4083404179157904,0.12822966507177033,0.0,0.28138593070346485,0.3408097928436912,0.2086964098989195,0.14897665329630772,0.5307036704607735,0.460898890373916,0.4926576822927295,0.6259450293224051,0.3764308339718007,0.3076253265331509,0.7865408834921465,0.1956731596710344,0.4707441336000066,0.7654076462459696,0.4404863525639691,0.0,0.9297828329927181,0.0,0.0,0.0,0.0,1.0,0.5,0.0,0.6666666666666666,1.0,0.5,0.0,0.8405797101449275,0.9183673469387755,0.8899082568807339,0.8333333333333334,0.8518518518518519,1.0,1.0,0.034482758620689655,0.9375,1.0,1.0,0.0,0.9714285714285714,0.0,0.0,0.0,0.0,0.4251077209735647,0.08809166040571,0.0,0.15432708127673578,0.44612350548502405,0.11762683561711114,0.15168333420597938,0.6636317284580086,0.4681230565245529,0.640503870827386,0.5514472455648927,0.2998902235158538,0.11958413926499033,0.35795522135186675,0.3128200220127291,0.527114207771142,0.643222110397151,0.3222548855345529,0.0,0.925218606005711,0.0,0.0,0.0,0.0,1.0,1.0,0.0,0.6666666666666666,1.0,1.0,0.0,0.9354838709677419,0.703125,0.9509803921568627,1.0,0.8518518518518519,1.0,0.6296296296296297,1.0,0.8823529411764706,1.0,0.8,0.0,0.9444444444444444,0.0,0.0,0.0,0.0
44,0.21253796908599049,0.5461603853071311,0.4353051922191574,0.40357261534080097,0.40817842405311777,0.8405466970387244,0.7606699420251919,0.8487203299505082,0.7666499882715034,0.39460378540426866,0.13807245386192754,0.0,0.2886855657217139,0.3706779661016949,0.2027710003485535,0.1318008845006685,0.513292612214747,0.4506301868025985,0.4876947816078819,0.6103440966579524,0.3816910427792199,0.30028610523696975,0.7871191058939081,0.19544117757107257,0.5013950961752142,0.7390142791340396,0.419125148341696,0.0,0.9228481715907062,0.0,0.0,0.0,0.0,1.0,0.5,0.0,0.6666666666666666,1.0,0.5,0.0,0.8405797101449275,0.8979591836734694,0.908256880733945,0.8333333333333334,0.8518518518518519,1.0,1.0,0.034482758620689655,0.9375,1.0,0.75,0.0,0.9714285714285714,0.0,0.0,0.0,0.0,0.4723620782003214,0.08425794610828398,0.0,0.13033860045146728,0.4080308464105806,0.12513443751344375,0.14556710399273015,0.6847315868850374,0.4608870839558763,0.6370617980972487,0.5718087219000715,0.2896169647854022,0.13991769547325103,0.3538382655077748,0.27580708183287045,0.5084890068613211,0.7098800938011592,0.3367232583423936,0.0,0.9298545060151842,0.0,0.0,0.0,0.0,1.0,1.0,0.0,0.6666666666666666,1.0,1.0,0.0,0.9354838709677419,0.7213114754098361,0.9519230769230769,1.0,0.8518518518518519,1.0,0.6219512195121951,1.0,0.8333333333333334,1.0,0.75,0.0,0.9444444444444444,0.0,0.0,0.0,0.0
45,0.21277062283149167,0.5488538016933993,0.4434614009783845,0.40878227243871174,0.4147306524328991,0.8405466970387244,0.7803802703472695,0.8415950459006014,0.7705348101964543,0.4318090294867779,0.14135338345864662,0.0,0.335683215839208,0.3877401129943503,0.17471244336005576,0.15473619253316878,0.5409448464485519,0.4793188387778572,0.4754915965357647,0.6543912951317742,0.37967844114855515,0.30899365592735417,0.7768615989037537,0.21655903196114673,0.4361095335687301,0.740350069092584,0.44104848951718684,0.0,0.9065234429254548,0.0,0.0,0.0,0.0,1.0,0.5,0.0,0.6666666666666666,1.0,0.25,0.3333333333333333,0.855072463768116,0.8979591836734694,0.8807339449541285,0.8333333333333334,0.8518518518518519,1.0,1.0,0.06896551724137931,0.9375,1.0,1.0,0.0,0.9714285714285714,0.0,0.0,0.0,0.0,0.45245909325331707,0.08334004997179012,0.0,0.15937143942271173,0.4326147251638931,0.1416460614623808,0.163523721536873,0.6611588968927377,0.44021523870014667,0.6485884638723577,0.5479912431217088,0.29026970319534906,0.12297029702970297,0.3687378516672118,0.30073679944298376,0.5443617983068957,0.7075318043755777,0.3468579100763009,0.0,0.9457058064048726,0.0,0.0,0.0,0.0,1.0,0.5,0.0,0.6666666666666666,1.0,1.0,0.3333333333333333,0.9076923076923077,0.6875,0.96,1.0,0.8518518518518519,1.0,0.6375,1.0,0.9375,1.0,0.6666666666666666,0.0,1.0,0.0,0.0,0.0,0.0
46,0.21189494714176094,0.5436389959814312,0.4418911669184424,0.4006361626276108,0.4080467619041761,0.8473804100227791,0.7940692319242082,0.8772971107547503,0.7994662006377893,0.42791623786299166,0.1572112098427888,0.0,0.3161341932903355,0.36638418079096047,0.21209480655280585,0.1456854880181014,0.5141451609913924,0.4806631336835234,0.4669412043196826,0.6458842648201795,0.3569909318574255,0.3158353028983704,0.7792378553493493,0.2224334173956642,0.44901520202144907,0.7379087977890373,0.4412775082759051,0.0,0.9182821087719995,0.0,0.0,0.0,0.0,1.0,0.5,0.0,0.6666666666666666,1.0,0.5,0.3333333333333333,0.8405797101449275,0.9183673469387755,0.908256880733945,0.8333333333333334,0.8148148148148148,1.0,1.0,0.06896551724137931,0.9375,1.0,1.0,0.0,0.9714285714285714,0.0,0.0,0.0,0.0,0.4631459150564192,0.08397838469402658,0.0,0.15132948806931049,0.4185941433397164,0.12767519932857743,0.17102324177482645,0.6786610469220715,0.43928047693613276,0.6427128889188498,0.4836869675644214,0.2918489641762022,0.11117922669352366,0.3661162530190877,0.29788641351733264,0.5382202052091555,0.6878193293546864,0.32572113537520553,0.0,0.9325716473474487,0.0,0.0,0.0,0.0,1.0,1.0,0.0,0.6666666666666666,1.0,1.0,0.3333333333333333,0.9354838709677419,0.703125,0.9611650485436893,1.0,0.88,1.0,0.6296296296296297,1.0,0.9375,1.0,0.8,0.0,0.9444444444444444,0.0,0.0,0.0,0.0
47,0.21227648319256276,0.5447573811537868,0.443582092605188,0.405696437721966,0.4101344977309637,0.8428246013667426,0.7804134352331324,0.8419718293852728,0.7727537674720696,0.4670007606604322,0.14354066985645933,0.0,0.31148442577871105,0.3678719397363465,0.17052980132450332,0.09760362028180603,0.5014707790230638,0.4923732632953097,0.4487915173579084,0.6457146894651311,0.40750608926345644,0.3332504042791392,0.7694714413579513,0.22430424078245317,0.440084940368898,0.750852141870106,0.4847910724323874,0.0,0.9278358697593206,0.0,0.0,0.0,0.0,1.0,0.5,0.0,0.6666666666666666,1.0,0.5,0.0,0.8260869565217391,0.9183673469387755,0.8899082568807339,0.9166666666666666,0.8518518518518519,1.0,1.0,0.06896551724137931,0.9375,1.0,1.0,0.0,0.9714285714285714,0.0,0.0,0.0,0.0,0.4480937660999485,0.07577397705130981,0.0,0.1559800706041411,0.46499559618177055,0.14928674956137006,0.14263169760276545,0.6912016407741125,0.43993348700288826,0.6671135850029576,0.51162217843067,0.2752983892772992,0.12048030221262818,0.36522187007733403,0.3393103760556046,0.5205568806892859,0.6916875291721475,0.31828806539360555,0.0,0.92505971780555,0.0,0.0,0.0,0.0,1.0,1.0,0.0,0.6666666666666666,0.9333333333333333,1.0,0.0,0.9344262295081968,0.6923076923076923,0.9509803921568627,1.0,0.8518518518518519,1.0,0.6455696202531646,1.0,0.9375,1.0,0.5714285714285714,0.0,0.9714285714285714,0.0,0.0,0.0,0.0
48,0.21064658365371652,0.5405102799771803,0.4412745955100936,0.3973923589714275,0.4050687928248804,0.826879271070615,0.7642744657608485,0.8402968501918414,0.7604469962307417,0.4055214998433934,0.1521531100478469,0.0,0.30383480825958703,0.35717514124293787,0.22237713489020564,0.11297953306592616,0.5023577474708161,0.45803157927454696,0.4546747585891649,0.644245036388045,0.3756703907420325,0.30949123025251896,0.7905171526111098,0.22488793767913134,0.4499123435146547,0.8164900967296177,0.4322624971372655,0.0,0.9303607214428857,0.0,0.0,0.0,0.0,1.0,0.5,0.0,0.6666666666666666,0.9285714285714286,0.5,0.0,0.8260869565217391,0.8979591836734694,0.8715596330275229,0.8333333333333334,0.8518518518518519,1.0,1.0,0.034482758620689655,0.875,1.0,1.0,0.0,0.9714285714285714,0.0,0.0,0.0,0.0,0.4608812835312365,0.07930174563591022,0.0,0.14072667484889886,0.421429206292774,0.14295317051310777,0.13175412293853073,0.7004171434899775,0.4437443303936071,0.6560904363394366,0.5469246733927564,0.2791175833372274,0.14414831981460025,0.33810899900737523,0.29480953922520775,0.5379369390647142,0.5983863889545286,0.3128220581588067,0.0,0.9235098465469997,0.0,0.0,0.0,0.0,1.0,1.0,0.0,0.6666666666666666,1.0,1.0,0.0,0.9193548387096774,0.6567164179104478,0.9595959595959596,1.0,0.8518518518518519,1.0,0.6219512195121951,1.0,0.9333333333333333,1.0,0.5714285714285714,0.0,0.9444444444444444,0.0,0.0,0.0,0.0
49,0.21151341603377494,0.5508235324647711,0.444298314478375,0.39951561970374866,0.4098099745091416,0.8382687927107062,0.7857044405241377,0.8478025531536317,0.7843455217218808,0.42883350485480337,0.1596719070403281,0.0,0.2713364331783411,0.3594350282485876,0.20294527710003485,0.1353491720662347,0.523835622241462,0.4829593137102539,0.4934045661951367,0.6455027202713206,0.35823737264005306,0.3168304515487001,0.7747942557960855,0.21533177181941315,0.43920426018749437,0.8031782588668817,0.46472070121379944,0.0,0.9217990436318181,0.0,0.0,0.0,0.0,1.0,0.5,0.0,0.6666666666666666,0.9285714285714286,0.5,0.3333333333333333,0.8260869565217391,0.9183673469387755,0.8899082568807339,0.75,0.8518518518518519,1.0,1.0,0.06896551724137931,0.9375,1.0,1.0,0.0,0.9714285714285714,0.0,0.0,0.0,0.0,0.4221840447557376,0.07811663991439273,0.0,0.1483922126216778,0.42467125025031704,0.12563383320746574,0.14553497373513963,0.6684166962279768,0.44049369766510627,0.6407303370786517,0.5503361364786391,0.3009033584186185,0.13395392868412748,0.3708265568786228,0.31313252225390126,0.5539557142708842,0.5991272677295217,0.3424043933792511,0.0,0.9324675911174447,0.0,0.0,0.0,0.0,1.0,0.5,0.0,0.6666666666666666,1.0,1.0,0.3333333333333333,0.9344262295081968,0.6923076923076923,0.9509803921568627,1.0,0.8518518518518519,1.0,0.6219512195121951,1.0,0.9375,1.0,0.8,0.0,0.9714285714285714,0.0,0.0,0.0,0.0
50,0.2103923274814343,0.5518741113504794,0.4381856416329193,0.4071478101926998,0.40873803333416076,0.8473804100227791,0.7846641999020785,0.8483161722625324,0.7792578846610636,0.3931048369054544,0.12139439507860561,0.0,0.2703864806759662,0.29109227871939736,0.22812826768909028,0.1316466111282526,0.5385434124721002,0.4334457464333447,0.5167314238137606,0.6497279728679431,0.3812565037907809,0.323423311357134,0.7801487536534942,0.19990122052517753,0.45269430520918214,0.774573929064947,0.4825425246195166,0.0,0.9185995753884005,0.0,0.0,0.0,0.0,1.0,0.5,0.0,0.6666666666666666,0.7857142857142857,0.5,0.3333333333333333,0.855072463768116,0.8979591836734694,0.9357798165137615,0.9166666666666666,0.8518518518518519,1.0,1.0,0.034482758620689655,0.875,1.0,1.0,0.0,0.9714285714285714,0.0,0.0,0.0,0.0,0.44493682104783366,0.08677807094693639,0.0,0.15126849598612627,0.4767883031555569,0.1282704556589907,0.15853356452811493,0.650331875383671,0.4819217776702636,0.6237394264544321,0.5546066439892886,0.29077834806535874,0.11407511407511407,0.3577465811888201,0.33032435172934005,0.5570962644842395,0.6683890456695417,0.3201508412299362,0.0,0.9329246022050323,0.0,0.0,0.0,0.0,1.0,1.0,0.0,0.6666666666666666,1.0,0.6666666666666666,0.3333333333333333,0.9365079365079365,0.7586206896551724,0.9444444444444444,1.0,0.8846153846153846,1.0,0.6296296296296297,1.0,0.9333333333333333,1.0,0.5714285714285714,0.0,0.9444444444444444,0.0,0.0,0.0,0.0
51,0.20964195902731508,0.5503200080028161,0.4388138319901072,0.4079782845303148,0.4123808706702372,0.8428246013667426,0.7697923649407183,0.8506532338297571,0.7747034575765347,0.39898876907244174,0.14025974025974025,0.0,0.29233538323083846,0.3446327683615819,0.20163820146392472,0.11966471253728274,0.5323822913439823,0.4766302489665247,0.48892326278069365,0.6238394686638875,0.3581973493121705,0.32317452419455156,0.7826517437761883,0.24134370018932733,0.4460439352411994,0.7444956241363427,0.463992005163332,0.0,0.9194552471279192,0.0,0.0,0.0,0.0,1.0,0.5,0.0,0.6666666666666666,0.9285714285714286,0.5,0.0,0.8405797101449275,0.8979591836734694,0.908256880733945,0.75,0.8518518518518519,1.0,1.0,0.10344827586206896,0.9375,1.0,1.0,0.0,0.9714285714285714,0.0,0.0,0.0,0.0,0.4507063610402082,0.089984213295913,0.0,0.1521348840839903,0.45152853512299834,0.14001331155079566,0.16791744840525327,0.6606757373935843,0.4543020508528556,0.6347730247296274,0.5718319710884574,0.2957801006581494,0.13233496332518338,0.3730063156146305,0.2868055740824729,0.5378690883827105,0.685860986166511,0.32880390681479515,0.0,0.9292806489375303,0.0,0.0,0.0,0.0,1.0,1.0,0.0,0.6666666666666666,1.0,1.0,0.0,0.9206349206349206,0.7096774193548387,0.9519230769230769,1.0,0.8846153846153846,1.0,0.6296296296296297,1.0,0.9375,1.0,0.6666666666666666,0.0,0.9444444444444444,0.0,0.0,0.0,0.0
52,0.20957937976288904,0.5464437486161449,0.4383728654223968,0.40334298270928953,0.40772596900510893,0.8246013667425968,0.7495236384476957,0.8181482146169806,0.7395737387355469,0.4441809476934091,0.1397129186602871,0.0,0.24668766561671918,0.3483992467043315,0.1566747995817358,0.12727553224313484,0.5494173808748422,0.49865959033972584,0.4469283889346905,0.6455875079488448,0.3602842799803314,0.31608409006095284,0.7886795142931825,0.20900838877206637,0.41878400289719087,0.7780285582680793,0.4940559222169016,0.0,0.9222628425167166,0.0,0.0,0.0,0.0,1.0,0.5,0.0,0.6666666666666666,0.9285714285714286,0.25,0.0,0.8405797101449275,0.8979591836734694,0.8623853211009175,0.75,0.8518518518518519,1.0,1.0,0.034482758620689655,0.9375,1.0,1.0,0.0,0.9714285714285714,0.0,0.0,0.0,0.0,0.44828286933550093,0.06918026128748392,0.0,0.15162876459741856,0.4543222003929273,0.1430276032137459,0.15136688887529814,0.6372217854861691,0.4378635444065761,0.6642594788706336,0.49931690256298156,0.29922691916841576,0.13312028499580889,0.34463423498260737,0.32103079274950863,0.5701910685269233,0.6583131966638086,0.34402771938472243,0.0,0.9331591732666807,0.0,0.0,0.0,0.0,1.0,0.5,0.0,0.6666666666666666,1.0,1.0,0.0,0.8923076923076924,0.6567164179104478,0.9690721649484536,1.0,0.8518518518518519,1.0,0.6144578313253012,1.0,0.9375,1.0,0.6666666666666666,0.0,0.9714285714285714,0.0,0.0,0.0,0.0
53,0.20936471502924334,0.5481091882122537,0.4414207713322342,0.40646653737533306,0.41301646466833253,0.8405466970387244,0.7616226787463485,0.849170808016547,0.7669834942425228,0.41120408071949527,0.1345181134654819,0.0,0.311984400779961,0.39048964218455745,0.18717323109097248,0.13468065411909905,0.5049577564728839,0.4738833804743108,0.48207478634222795,0.6195152971101533,0.3772141476746447,0.3210598333126011,0.7778517057560852,0.2233314126213229,0.5130908582104908,0.7604790419161677,0.40219858008369597,0.0,0.9198669616460644,0.0,0.0,0.0,0.0,1.0,0.5,0.0,0.6666666666666666,1.0,0.5,0.0,0.8260869565217391,0.9387755102040817,0.8990825688073395,0.8333333333333334,0.8518518518518519,1.0,1.0,0.034482758620689655,0.9375,1.0,0.75,0.0,0.9714285714285714,0.0,0.0,0.0,0.0,0.45844557517709267,0.08718766613503455,0.0,0.1440742536538062,0.4074874717500246,0.1338567956627407,0.1681648902016181,0.6782893215968703,0.4515484145641671,0.6446343686384945,0.5899292192588207,0.2873444570751615,0.1424707440936189,0.3619132908779999,0.30307092371435534,0.5102393268727082,0.6841254713462893,0.3310597751576638,0.0,0.9325557069795276,0.0,0.0,0.0,0.0,1.0,1.0,0.0,0.6666666666666666,1.0,1.0,0.0,0.95,0.7076923076923077,0.9514563106796117,1.0,0.8518518518518519,1.0,0.6296296296296297,1.0,0.8333333333333334,1.0,0.75,0.0,0.9444444444444444,0.0,0.0,0.0,0.0
54,0.20865886324346386,0.545507435880157,0.43745511782862745,0.40260364360270556,0.4042294806268742,0.8291571753986332,0.7580591285103067,0.8515015637463785,0.7646452468802004,0.37290259071994275,0.14654818865345182,0.0,0.3008849557522124,0.33858757062146894,0.21505751132798884,0.13195515787308443,0.5158290772086176,0.4725701675317813,0.49769404696797787,0.6299583127252173,0.31395441914716005,0.3194427167558154,0.7989687047026115,0.20907573841399077,0.4646040642978839,0.7649930907415937,0.4634715079844267,0.0,0.9176942994900692,0.0,0.0,0.0,0.0,1.0,0.5,0.0,0.6666666666666666,0.9285714285714286,0.5,0.0,0.8260869565217391,0.9183673469387755,0.908256880733945,0.75,0.7037037037037037,1.0,1.0,0.034482758620689655,0.9375,1.0,1.0,0.0,0.9714285714285714,0.0,0.0,0.0,0.0,0.47859419415970367,0.0786154297447932,0.0,0.12843880055490342,0.4486338116032439,0.14028306712897176,0.1641294614302162,0.6725606282903254,0.45748674164065145,0.6331628546950856,0.5652499175817209,0.31920335771006036,0.07449956483899042,0.3390098810244001,0.28668322114595307,0.5360531039001738,0.6850354726942749,0.30951586440866496,0.0,0.9297102122965669,0.0,0.0,0.0,0.0,1.0,1.0,0.0,0.6666666666666666,1.0,1.0,0.0,0.9344262295081968,0.703125,0.9252336448598131,1.0,0.8636363636363636,1.0,0.6071428571428571,1.0,0.8823529411764706,1.0,0.8,0.0,0.9444444444444444,0.0,0.0,0.0,0.0
55,0.20798584473053133,0.5358324833131658,0.4361211395276718,0.39709412158213436,0.40275584859599955,0.826879271070615,0.7861527181845153,0.8762037362419189,0.7915296543378328,0.4441809476934091,0.1546138072453862,0.0,0.2545872706364682,0.35903954802259885,0.1636458696409899,0.12398436696492852,0.487541402892841,0.5045573928449321,0.42242202613685526,0.6422383946866389,0.3888838065615387,0.31670605796740886,0.7929013299115241,0.21030299855572435,0.42906409211750085,0.7760479041916167,0.4494597239282963,0.0,0.9300035714994345,0.0,0.0,0.0,0.0,1.0,0.5,0.0,0.6666666666666666,1.0,0.5,0.3333333333333333,0.8115942028985508,0.9591836734693877,0.8256880733944955,0.75,0.8888888888888888,1.0,1.0,0.06896551724137931,0.875,1.0,1.0,0.0,0.9714285714285714,0.0,0.0,0.0,0.0,0.42305561474536546,0.07865637387857292,0.0,0.13177030768832648,0.4165028181937344,0.14256433614210887,0.1450923752783294,0.6905267263168158,0.4181801203034636,0.6821640539266894,0.4918880891823151,0.27033633552469455,0.16046892726585152,0.35235748605220085,0.3141368864644929,0.5271353887535013,0.6628112828986191,0.3210254732553125,0.0,0.9190215926080243,0.0,0.0,0.0,0.0,1.0,1.0,0.0,0.6666666666666666,0.9333333333333333,1.0,0.5,0.9655172413793104,0.618421052631579,0.9782608695652174,1.0,0.8275862068965517,1.0,0.6296296296296297,1.0,0.9333333333333333,1.0,0.8,0.0,0.918918918918919,0.0,0.0,0.0,0.0
56,0.20775982789414385,0.5499047991364325,0.44093856637860646,0.40366305888718934,0.40918862174616216,0.8473804100227791,0.7671830756705873,0.8499280339268932,0.7658343197179387,0.4725491073426104,0.12412850307587149,0.0,0.3249337533123344,0.32593220338983053,0.1947542697804113,0.10418595083821866,0.5537489641002831,0.4737435116401952,0.4715245410541266,0.6248427895145905,0.3689178835664216,0.3495459634282871,0.7626991104880039,0.2260328815918462,0.4516901651892639,0.7488714877936434,0.43773812745934915,0.0,0.9210549812496279,0.0,0.0,0.0,0.0,1.0,0.5,0.0,0.6666666666666666,1.0,0.25,0.0,0.8405797101449275,0.9183673469387755,0.8990825688073395,0.8333333333333334,0.8888888888888888,1.0,1.0,0.10344827586206896,0.9375,1.0,1.0,0.0,0.9714285714285714,0.0,0.0,0.0,0.0,0.41759588770264927,0.08445725978978699,0.0,0.14358940368087317,0.4691642495052726,0.14202198640147423,0.13902422287792493,0.6308680294762624,0.4509310108910708,0.6543831527434,0.5531342648769687,0.2963931022444348,0.09906924270201664,0.3840003190365097,0.3207633328377546,0.5275609474736599,0.6890734932609985,0.3319073027499763,0.0,0.9319978517183743,0.0,0.0,0.0,0.0,1.0,1.0,0.0,0.6666666666666666,1.0,1.0,0.0,0.90625,0.6923076923076923,0.9702970297029703,1.0,0.8888888888888888,1.0,0.6538461538461539,1.0,0.8823529411764706,1.0,0.6666666666666666,0.0,0.9714285714285714,0.0,0.0,0.0,0.0
57,0.20711830463755934,0.5417182364170823,0.43852927023203836,0.39742124189899786,0.40465371792585186,0.8314350797266514,0.7672952728491159,0.8516854642238532,0.7693201108556579,0.43004161260011636,0.13752563226247436,0.0,0.2689365531723414,0.37749529190207154,0.20895782502614152,0.12892111488223798,0.5090404589995525,0.48329733005936654,0.45389318335795736,0.6229209354907087,0.36587611064734876,0.328274661027491,0.7961251178227154,0.20518442576946966,0.44955019465501206,0.7716259788116075,0.4281609793674918,0.0,0.9276994583225857,0.0,0.0,0.0,0.0,1.0,0.5,0.0,0.6666666666666666,1.0,0.5,0.0,0.8260869565217391,0.9387755102040817,0.8715596330275229,0.75,0.8148148148148148,1.0,1.0,0.034482758620689655,0.9375,1.0,1.0,0.0,0.9714285714285714,0.0,0.0,0.0,0.0,0.43653623418799536,0.09814634146341464,0.0,0.12454271822181061,0.4231313195280012,0.13065271875340526,0.13972801248467284,0.6826784458821273,0.43384230130718043,0.6619308797314469,0.5350220291051208,0.2959833115940018,0.12414733969986358,0.3427497732279383,0.2970349586714188,0.51977008650305,0.6590086546026751,0.32299356054656825,0.0,0.9256836686712698,0.0,0.0,0.0,0.0,1.0,1.0,0.0,0.6666666666666666,1.0,1.0,0.0,0.95,0.6666666666666666,0.9595959595959596,1.0,0.8461538461538461,1.0,0.6144578313253012,1.0,0.8823529411764706,1.0,0.8,0.0,0.9444444444444444,0.0,0.0,0.0,0.0
58,0.20740705836592202,0.5479212559733362,0.44052847648005167,0.4040071387651674,0.4100058948253437,0.8337129840546698,0.7662857162443024,0.8476851687306918,0.7703923400357344,0.3874893731263144,0.13506493506493505,0.0,0.28373581320933955,0.3615254237288136,0.1944057162774486,0.13421783400185128,0.5058473725876445,0.4722127249557082,0.47652621440057463,0.6391436444570056,0.34329151848505984,0.29493718124144797,0.7938835159090369,0.23112900449745943,0.502226392421212,0.7871948410870566,0.4533738627136641,0.0,0.9333072084763586,0.0,0.0,0.0,0.0,1.0,0.5,0.0,0.6666666666666666,0.9285714285714286,0.5,0.0,0.8260869565217391,0.9183673469387755,0.8899082568807339,0.8333333333333334,0.8148148148148148,1.0,1.0,0.06896551724137931,0.875,1.0,1.0,0.0,0.9714285714285714,0.0,0.0,0.0,0.0,0.46935125467454336,0.0867579908675799,0.0,0.1561811977102598,0.4422966154413289,0.12486707337549673,0.17876712328767122,0.6921343592864699,0.44725589337101557,0.6465586461627063,0.5347039143130741,0.2979598723617542,0.13126280241377403,0.3371003057301704,0.305514614966121,0.5187102587643239,0.6412276752213718,0.34171295860402345,0.0,0.9197659412213293,0.0,0.0,0.0,0.0,1.0,1.0,0.0,0.6666666666666666,0.9285714285714286,1.0,0.0,0.9344262295081968,0.6818181818181818,0.9509803921568627,1.0,0.88,1.0,0.6219512195121951,1.0,0.875,1.0,0.8,0.0,0.918918918918919,0.0,0.0,0.0,0.0
59,0.20678613499222112,0.5540422382938933,0.4423524347974131,0.40588318206091767,0.4129286461425644,0.8405466970387244,0.7926446953892506,0.8762882180599781,0.7983046767593994,0.40209852789834,0.13848257006151743,0.0,0.27633618319084047,0.3584557438794727,0.22046009062391078,0.144554149953718,0.5051245594944015,0.48673965747676623,0.5320037711515072,0.6502508302126757,0.3360587313748585,0.3216818012190571,0.7792616179138052,0.22632473004018527,0.4525296920911627,0.7904652233993551,0.42512127584268494,0.0,0.9163946705291771,0.0,0.0,0.0,0.0,1.0,0.5,0.0,0.6666666666666666,1.0,0.5,0.3333333333333333,0.8260869565217391,0.8979591836734694,0.908256880733945,0.9166666666666666,0.7407407407407407,1.0,1.0,0.06896551724137931,0.9375,1.0,1.0,0.0,0.9714285714285714,0.0,0.0,0.0,0.0,0.468852715604946,0.09050299294201733,0.0,0.13554541887384736,0.4461268018281964,0.13418903150525088,0.1492592789252907,0.6848067597302139,0.4452622974125675,0.6127293025442153,0.5432511245174315,0.3131563384108818,0.1492899203325251,0.3693008205767311,0.32133788076796393,0.5418876032406221,0.622497098084736,0.3392367629712083,0.0,0.9386651288278721,0.0,0.0,0.0,0.0,1.0,1.0,0.0,0.6666666666666666,1.0,1.0,0.3333333333333333,0.9344262295081968,0.676923076923077,0.9252336448598131,1.0,0.9090909090909091,1.0,0.6455696202531646,1.0,0.9375,1.0,0.8,0.0,0.9444444444444444,0.0,0.0,0.0,0.0
60,0.20659698280179564,0.5467547367086075,0.44014787356998814,0.40598127997607514,0.41030730525691794,0.8291571753986332,0.7447582319081871,0.8333581041723374,0.7551064996919999,0.42048861246588215,0.13506493506493505,0.0,0.3018849057547123,0.37572504708097926,0.20355524573021958,0.11750488532345983,0.5344130519392837,0.4542551207534268,0.46598413177807346,0.6430721401822935,0.3660590744319546,0.3264087573081229,0.7903587355147368,0.216139967522506,0.46896631192539734,0.7960386918470751,0.37494534779621497,0.0,0.9317967618405127,0.0,0.0,0.0,0.0,1.0,0.5,0.0,0.6666666666666666,1.0,0.5,0.0,0.8405797101449275,0.8571428571428571,0.8807339449541285,0.8333333333333334,0.8148148148148148,1.0,1.0,0.10344827586206896,0.9375,1.0,0.5,0.0,0.9714285714285714,0.0,0.0,0.0,0.0,0.45131468363549043,0.09334845049130763,0.0,0.13244422996775537,0.44373026110938124,0.1474189069796794,0.17921568627450982,0.6552152855325006,0.44045040327593415,0.6511624591150311,0.5416919615755454,0.29331616828467105,0.1516324761629587,0.33603647899561523,0.3420940424019898,0.5323156262262,0.6400266646915044,0.3552141067871161,0.0,0.9210351480621618,0.0,0.0,0.0,0.0,1.0,1.0,0.0,0.6666666666666666,0.9333333333333333,1.0,0.0,0.8787878787878788,0.6774193548387096,0.96,1.0,0.8461538461538461,1.0,0.6375,1.0,0.7894736842105263,1.0,0.6666666666666666,0.0,0.9444444444444444,0.0,0.0,0.0,0.0
61,0.20600781722256656,0.5549521819184072,0.4433184422038491,0.40622122416444495,0.41461949975407875,0.8451025056947609,0.7763326353698776,0.8439893344813925,0.7793428681039737,0.39863081122197863,0.15010252904989746,0.0,0.24828758562071895,0.38122410546139357,0.20285813872429417,0.15581610614008023,0.5373810866554936,0.4511780064028844,0.5104502526345003,0.6372924468310606,0.3647554574666377,0.3181987809429033,0.7809883642642714,0.2369435235835996,0.4305703021473781,0.7783509903270383,0.46994649289000856,0.0,0.9267569793051449,0.0,0.0,0.0,0.0,1.0,0.5,0.0,0.3333333333333333,1.0,0.5,0.3333333333333333,0.8405797101449275,0.8979591836734694,0.908256880733945,0.8333333333333334,0.8148148148148148,1.0,1.0,0.10344827586206896,0.9375,1.0,1.0,0.0,0.9714285714285714,0.0,0.0,0.0,0.0,0.466073764059639,0.09212955193824467,0.0,0.16527990414697463,0.41885824246311737,0.14246374150908758,0.15567200986436497,0.6699145129880846,0.46615979960820836,0.6339759121645596,0.5254095113824359,0.3010774509294961,0.14459329602622803,0.3664804510803106,0.3046687065796817,0.5522967936739197,0.6353587005564747,0.34416406190439885,0.0,0.9274056240847832,0.0,0.0,0.0,0.0,1.0,0.5,0.0,0.5,0.9333333333333333,1.0,0.5,0.9354838709677419,0.7096774193548387,0.9339622641509434,1.0,0.88,1.0,0.6455696202531646,1.0,0.8823529411764706,1.0,0.8,0.0,0.9714285714285714,0.0,0.0,0.0,0.0
62,0.20598612779302544,0.5511759577324071,0.44309372620469295,0.4067348907881147,0.41294216340299134,0.8382687927107062,0.7843986766752518,0.8822308659519443,0.7926690531067977,0.4299968678688085,0.13998632946001366,0.0,0.3143842807859607,0.36195856873822974,0.19118159637504356,0.1414172580479276,0.5310346288368004,0.48630839523824326,0.4973206050167743,0.6342118278810146,0.34011824034580157,0.34133598706306756,0.7898280382418871,0.21582566919352544,0.41885807880029957,0.7756333486872409,0.44363015552455703,0.0,0.9226571955792774,0.0,0.0,0.0,0.0,1.0,0.5,0.0,0.6666666666666666,0.9285714285714286,0.5,0.3333333333333333,0.8260869565217391,0.9387755102040817,0.908256880733945,0.8333333333333334,0.7407407407407407,1.0,1.0,0.034482758620689655,0.9375,1.0,1.0,0.0,0.9714285714285714,0.0,0.0,0.0,0.0,0.44752834889514986,0.09167412712623098,0.0,0.1571449992502624,0.4562178072111847,0.14540393664258733,0.16906430591417682,0.6570904385145871,0.43440748260364065,0.6378543198890255,0.5555486785913226,0.3120593419506463,0.13717256548690263,0.36023554487816334,0.2920282297668108,0.5634099086631608,0.6336167971101746,0.33949397743929643,0.0,0.9312772242527412,0.0,0.0,0.0,0.0,1.0,1.0,0.0,0.6666666666666666,0.9285714285714286,1.0,0.5,0.95,0.6865671641791045,0.9428571428571428,1.0,0.9090909090909091,1.0,0.6144578313253012,1.0,0.9375,1.0,0.8,0.0,0.9444444444444444,0.0,0.0,0.0,0.0
63,0.20562391946438432,0.5390151932123396,0.4368633943901126,0.3973907138061656,0.4029572180028859,0.835990888382688,0.7921619430985953,0.8768652986025579,0.7947297565046199,0.44288335048548033,0.1268626110731374,0.0,0.29148542572871355,0.35097928436911485,0.19623562216800278,0.13956597757893655,0.5188421222639671,0.48217449414104996,0.43594552236978507,0.6495866600720696,0.3920284966094524,0.31906953601194177,0.7712219502728734,0.20757907970455958,0.40177946780578944,0.7643482266236757,0.44271408048968375,0.0,0.9302391912537947,0.0,0.0,0.0,0.0,1.0,0.5,0.0,0.6666666666666666,0.9285714285714286,0.5,0.3333333333333333,0.8260869565217391,0.9183673469387755,0.8623853211009175,0.9166666666666666,0.9259259259259259,1.0,1.0,0.034482758620689655,0.875,1.0,1.0,0.0,0.9714285714285714,0.0,0.0,0.0,0.0,0.4201099297553108,0.07861741782446628,0.0,0.16312255176273083,0.4307838106465109,0.146538261322228,0.17016740861496019,0.6647962818468637,0.4322991232378544,0.6651897059052483,0.4782753454303313,0.26904061212477925,0.0917349164908265,0.3729754991342721,0.3011900367000369,0.549879469213959,0.6609838677554272,0.3382701516043334,0.0,0.9190584591408415,0.0,0.0,0.0,0.0,1.0,1.0,0.0,0.6666666666666666,0.9285714285714286,1.0,0.5,0.9344262295081968,0.6716417910447762,0.9591836734693877,1.0,0.8333333333333334,1.0,0.6375,1.0,0.9333333333333333,1.0,0.8,0.0,0.918918918918919,0.0,0.0,0.0,0.0
64,0.20549208788938053,0.5519980043186745,0.44039177696348114,0.4035410795798253,0.41021745665880727,0.8291571753986332,0.7782772678670801,0.8541450656521685,0.780432305042365,0.4084522797440601,0.11319207108680793,0.0,0.24138793060346983,0.36112994350282485,0.2390205646566748,0.20050395968322535,0.5385884228112399,0.5040173437354303,0.4999081700119991,0.6369956899597259,0.3287230271358163,0.3585023012812539,0.7822319384707997,0.21959724914129206,0.42830687177461174,0.7538922155688623,0.394828340030397,0.0,0.9177736661441696,0.0,0.0,0.0,0.0,1.0,0.5,0.0,0.6666666666666666,0.8571428571428571,0.5,0.3333333333333333,0.8260869565217391,0.9183673469387755,0.8899082568807339,0.8333333333333334,0.7407407407407407,1.0,1.0,0.034482758620689655,0.9375,1.0,1.0,0.0,0.9714285714285714,0.0,0.0,0.0,0.0,0.43359616206716384,0.09487796493640427,0.0,0.14314091731151235,0.4441973592772759,0.12743913770674595,0.1566996222168636,0.6457388284516172,0.439414006266407,0.6403802971169255,0.6026981495347096,0.3168374123080145,0.12419201930535206,0.36667693918545113,0.31117119983033775,0.5433643103268246,0.6291612208810641,0.310285022415655,0.0,0.9338688632985315,0.0,0.0,0.0,0.0,1.0,1.0,0.0,0.6666666666666666,1.0,0.6666666666666666,0.3333333333333333,0.9193548387096774,0.6716417910447762,0.9509803921568627,1.0,0.8695652173913043,1.0,0.6144578313253012,1.0,0.9375,1.0,0.8,0.0,0.9444444444444444,0.0,0.0,0.0,0.0
65,0.2053047940043309,0.5489383502730458,0.4395364037329663,0.40336000633609875,0.4108311869012655,0.8314350797266514,0.7688804748311432,0.828567923833205,0.7620972336012488,0.4079377153340194,0.14805194805194805,0.0,0.2817859107044648,0.36809792843691147,0.20704078075984664,0.11297953306592616,0.5203645307936912,0.4872058869238181,0.47850770147499366,0.6286299724440048,0.3588205697034843,0.31160592113446944,0.7803546958787793,0.21444874318084875,0.4868186045745985,0.7784431137724551,0.4152110095563282,0.0,0.9253507014028056,0.0,0.0,0.0,0.0,1.0,0.5,0.0,0.6666666666666666,0.9285714285714286,0.5,0.0,0.8260869565217391,0.9183673469387755,0.8715596330275229,0.8333333333333334,0.8518518518518519,1.0,1.0,0.034482758620689655,0.9375,1.0,1.0,0.0,0.9714285714285714,0.0,0.0,0.0,0.0,0.446835101820766,0.08053242117787031,0.0,0.1541955076468496,0.42476529902642557,0.1268417680973735,0.14478713589033873,0.6693082052294972,0.4404493040213272,0.6393410440558183,0.5829434812805493,0.29054301177320263,0.16480263157894737,0.3594023033791893,0.29945870255810064,0.5442457925780064,0.6242842894610469,0.33783371730586803,0.0,0.9299103971686004,0.0,0.0,0.0,0.0,1.0,1.0,0.0,0.6666666666666666,1.0,0.6666666666666666,0.0,0.9344262295081968,0.6521739130434783,0.9595959595959596,1.0,0.8846153846153846,1.0,0.6296296296296297,1.0,0.8823529411764706,1.0,0.6666666666666666,0.0,0.9714285714285714,0.0,0.0,0.0,0.0
66,0.20490121849560466,0.5441341492968865,0.4435999556606778,0.40563147130979244,0.4123991362574439,0.8246013667425968,0.7645552879662739,0.837256874001612,0.7605663431245665,0.4231285516130476,0.14053315105946684,0.0,0.31008449577521124,0.38785310734463274,0.2272568839316835,0.11179677054407076,0.5322393173255386,0.47054983992788985,0.4453346284762752,0.6497844979862927,0.3761621059131608,0.28958825724592613,0.7909290370616797,0.20867164056244433,0.4822588212054619,0.7722708429295255,0.45039661885032584,0.0,0.9159606341395663,0.0,0.0,0.0,0.0,1.0,0.5,0.0,0.6666666666666666,0.9285714285714286,0.5,0.0,0.8260869565217391,0.8775510204081632,0.8715596330275229,0.8333333333333334,0.8148148148148148,1.0,1.0,0.034482758620689655,0.9375,1.0,1.0,0.0,0.9714285714285714,0.0,0.0,0.0,0.0,0.45311451844753237,0.08423467715503113,0.0,0.14081692891038303,0.4181471179420543,0.15035166609016487,0.16200909158655638,0.669399471198993,0.4520993848175357,0.65979749238858,0.5415125892079045,0.2820723895763126,0.17023765996343693,0.34231392889342926,0.30371846817409487,0.5288797422080208,0.6822658093920404,0.32559714634036213,0.0,0.9347984012838328,0.0,0.0,0.0,0.0,1.0,1.0,0.0,0.6666666666666666,0.9285714285714286,1.0,0.0,0.9047619047619048,0.6515151515151515,0.9693877551020408,1.0,0.8148148148148148,1.0,0.6144578313253012,1.0,0.8823529411764706,1.0,0.6666666666666666,0.0,0.9714285714285714,0.0,0.0,0.0,0.0
67,0.20373491088681017,0.5455610112177549,0.4420342473298699,0.4019114391233025,0.41010655465851265,0.8405466970387244,0.7671486491963937,0.8106166787702737,0.7562706064463964,0.4240458186048593,0.12412850307587149,0.0,0.30033498325083746,0.3537853107344633,0.2056465667479958,0.14131440913298365,0.5074465634606067,0.4728887576539334,0.4702572872197145,0.6261004733978662,0.3790952440851239,0.3241696728448812,0.7678318244104904,0.2241470916179629,0.4733203288970098,0.79355135882082,0.44142324748599865,0.0,0.92712901049624,0.0,0.0,0.0,0.0,1.0,0.0,0.0,0.6666666666666666,1.0,0.5,0.3333333333333333,0.8260869565217391,0.9387755102040817,0.8807339449541285,0.8333333333333334,0.8518518518518519,1.0,1.0,0.06896551724137931,0.9375,1.0,1.0,0.0,0.9714285714285714,0.0,0.0,0.0,0.0,0.463015438733633,0.07715183957855383,0.0,0.12866261137765592,0.4410687453042825,0.13367318040215237,0.17172853393325835,0.6853544455887401,0.43993277067934144,0.6510130630325219,0.5456874361090241,0.29026411525984686,0.15316797931115553,0.3683054711246201,0.29304204903437886,0.4952931347808487,0.6425960462513988,0.32858072714874625,0.0,0.9258683165692858,0.0,0.0,0.0,0.0,1.0,0.0,0.0,0.5,1.0,1.0,0.3333333333333333,0.95,0.6764705882352942,0.96,1.0,0.8518518518518519,1.0,0.6375,1.0,0.9375,1.0,0.8,0.0,0.9444444444444444,0.0,0.0,0.0,0.0
68,0.20420847451496393,0.5488337109418,0.44011673258951933,0.40172611662471325,0.4087530487087473,0.8405466970387244,0.7619885854245807,0.8599646448798677,0.7715633296305402,0.3966844154100855,0.14285714285714285,0.0,0.2445877706114694,0.3461016949152542,0.20224817009410945,0.16029003394014193,0.486572356767834,0.48844528020389766,0.49654719245116685,0.6560446548434961,0.3618966483321708,0.3241696728448812,0.7799744948474839,0.22468588875335813,0.49039893989151995,0.7897742975587287,0.4031354750057255,0.0,0.9276870572828826,0.0,0.0,0.0,0.0,1.0,0.5,0.0,0.3333333333333333,0.9285714285714286,0.5,0.3333333333333333,0.8115942028985508,0.9387755102040817,0.908256880733945,0.9166666666666666,0.8518518518518519,1.0,1.0,0.034482758620689655,0.9375,1.0,0.75,0.0,0.9714285714285714,0.0,0.0,0.0,0.0,0.4695336705240579,0.07897521160822249,0.0,0.1366137004663632,0.42745499372005397,0.12759758108851016,0.15720986533514905,0.701706020710511,0.43937524682922735,0.6310223388640218,0.5311602576570599,0.2994526160411413,0.12823540990060034,0.3587325180238764,0.3160226925870181,0.5276759303540748,0.6246721072573593,0.34761143924025634,0.0,0.9280184990373355,0.0,0.0,0.0,0.0,1.0,1.0,0.0,0.5,1.0,1.0,0.3333333333333333,0.9655172413793104,0.6865671641791045,0.9519230769230769,1.0,0.8846153846153846,1.0,0.6296296296296297,1.0,0.8333333333333334,1.0,0.75,0.0,0.9444444444444444,0.0,0.0,0.0,0.0
69,0.20372627942215957,0.5470640505717702,0.44061025757307454,0.3974673622483815,0.4055601258840792,0.8382687927107062,0.7665518852824842,0.846218468517654,0.7643654763329581,0.450243858785628,0.1522898154477102,0.0,0.2715364231788411,0.3545762711864407,0.1925758103868944,0.13354931605471562,0.5704822195922064,0.4446935318434712,0.4674391269212874,0.6231187734049318,0.3517478759048131,0.36198532155740765,0.7917052808339076,0.18648367519512687,0.44947611875190335,0.7687701520036849,0.4376340280235681,0.0,0.9226770372428025,0.0,0.0,0.0,0.0,1.0,0.5,0.0,0.6666666666666666,0.9285714285714286,0.5,0.0,0.8695652173913043,0.8979591836734694,0.8899082568807339,0.75,0.8518518518518519,1.0,1.0,0.034482758620689655,0.9375,1.0,1.0,0.0,0.9714285714285714,0.0,0.0,0.0,0.0,0.4014321903736062,0.0771094344846681,0.0,0.13275158270391826,0.41956545961002784,0.12205224498812614,0.150997150997151,0.6302276197328934,0.46069351365493366,0.6536504629959907,0.6015935167878631,0.30563628685694416,0.12591406689455237,0.34887381805870177,0.3043887185625817,0.5238369304556355,0.6508091245856892,0.31484504890433324,0.0,0.9300353498232509,0.0,0.0,0.0,0.0,1.0,1.0,0.0,0.6666666666666666,1.0,1.0,0.0,0.9230769230769231,0.7096774193548387,0.9603960396039604,1.0,0.8846153846153846,1.0,0.6071428571428571,1.0,0.9375,1.0,0.5714285714285714,0.0,0.9714285714285714,0.0,0.0,0.0,0.0
70,0.20315093258571096,0.5484825413461389,0.4403047814078538,0.40476488889354156,0.40890552785220113,0.8291571753986332,0.7658328521320369,0.8513816212085673,0.7687640990873191,0.36824913866392234,0.13096377306903623,0.0,0.2913354332283386,0.3714124293785311,0.20538515162077378,0.1283554458500463,0.531863348610372,0.4879168868305722,0.47773632957578627,0.6403448032219318,0.33663049320175187,0.34444582659534767,0.7932656892331821,0.20159992816038194,0.4581841526951283,0.7900506678949792,0.4401115945951573,0.0,0.9276349729161293,0.0,0.0,0.0,0.0,1.0,0.5,0.0,0.6666666666666666,1.0,0.5,0.0,0.8405797101449275,0.8979591836734694,0.8715596330275229,0.75,0.8148148148148148,1.0,1.0,0.034482758620689655,0.9375,1.0,1.0,0.0,0.9714285714285714,0.0,0.0,0.0,0.0,0.4892839095151749,0.08012043154637451,0.0,0.14505489034378033,0.42675379755052584,0.13128725004177574,0.154867531178259,0.6646043903326662,0.42359234860980405,0.6364985889300337,0.5631516808550301,0.3144497556546586,0.13474452554744526,0.33869822245069126,0.32033674597795453,0.5601134957288176,0.6157380815623205,0.35582749798007,0.0,0.9306448562783661,0.0,0.0,0.0,0.0,1.0,1.0,0.0,0.6666666666666666,1.0,1.0,0.0,0.9206349206349206,0.6567164179104478,0.9595959595959596,1.0,0.88,1.0,0.6144578313253012,1.0,0.8823529411764706,1.0,0.8,0.0,0.9444444444444444,0.0,0.0,0.0,0.0
71,0.20267256847641535,0.5496603616586422,0.43927194920369056,0.40067195955507673,0.4077550051080657,0.8382687927107062,0.759864789046126,0.8491455817844706,0.756884294618483,0.39339567765895567,0.14025974025974025,0.0,0.27473626318684063,0.3951035781544256,0.18272917392819799,0.11493366244986115,0.5344024612712508,0.46948528269045475,0.4871560456782767,0.6351586236133682,0.35197658063557047,0.3072521457892773,0.7842675981591933,0.21066967993953498,0.4528342263594986,0.7907415937356057,0.45907851179446607,0.0,0.922714240361912,0.0,0.0,0.0,0.0,1.0,0.5,0.0,0.6666666666666666,1.0,0.25,0.0,0.8260869565217391,0.8979591836734694,0.908256880733945,0.8333333333333334,0.8518518518518519,1.0,1.0,0.034482758620689655,0.9375,1.0,1.0,0.0,0.9714285714285714,0.0,0.0,0.0,0.0,0.4843143195527033,0.07538020718536478,0.0,0.13759515224358973,0.4199779801821639,0.1433552091878589,0.15803988120492152,0.6587069255295888,0.444872323506023,0.6410642691608461,0.5538823645393043,0.30073277967757694,0.11447905079718206,0.3626517718157678,0.3007049775688955,0.5384893952295661,0.6144897447829044,0.3324738770525173,0.0,0.9308850427746069,0.0,0.0,0.0,0.0,1.0,1.0,0.0,0.6666666666666666,1.0,1.0,0.0,0.9047619047619048,0.6984126984126984,0.9519230769230769,1.0,0.8846153846153846,1.0,0.6296296296296297,1.0,0.9375,1.0,0.6666666666666666,0.0,0.9444444444444444,0.0,0.0,0.0,0.0
72,0.20285324144909966,0.5389394343365176,0.4410606733223081,0.40174604476027553,0.4086076113661325,0.835990888382688,0.8052286507065685,0.8469984982824977,0.7972974381144664,0.4245156382835921,0.15625427204374573,0.0,0.28088595570221486,0.37804143126177026,0.2302195887068665,0.1681579759333539,0.5073485997813028,0.4957417710502595,0.42930723457052133,0.6365293577333427,0.36569314686274285,0.2938176390098271,0.7839428431116287,0.22519475271456474,0.4781188012872746,0.7380009212344542,0.4264953883949949,0.0,0.9208268021190896,0.0,0.0,0.0,0.0,1.0,0.5,0.0,0.6666666666666666,1.0,0.75,0.3333333333333333,0.8260869565217391,0.9387755102040817,0.8532110091743119,0.8333333333333334,0.8148148148148148,1.0,1.0,0.06896551724137931,0.9375,1.0,1.0,0.0,0.9714285714285714,0.0,0.0,0.0,0.0,0.4391954448662161,0.07786103542234332,0.0,0.12816535109732172,0.40951467798200697,0.11655710945427274,0.14557271958331477,0.682403678023383,0.43144362315802287,0.6697782220835535,0.6271179361521434,0.2903795514392082,0.15613432046536224,0.34133337012039716,0.3003113586012814,0.4917005950516755,0.6746957510422369,0.31928490157265543,0.0,0.929979159569565,0.0,0.0,0.0,0.0,1.0,0.5,0.0,0.6666666666666666,1.0,1.0,0.3333333333333333,0.9344262295081968,0.647887323943662,0.9789473684210527,1.0,0.8461538461538461,1.0,0.6296296296296297,1.0,0.9375,1.0,0.8,0.0,0.9714285714285714,0.0,0.0,0.0,0.0
73,0.203242113484596,0.5417496282164561,0.44029447833135144,0.3933224489992702,0.40383374319757426,0.8314350797266514,0.7735101044607728,0.8670215195539706,0.7815153216510189,0.4300192402344624,0.12617908407382092,0.0,0.3227338633068347,0.37274952919020715,0.18978738236319276,0.1437827830916384,0.5136182752567575,0.47345988872657196,0.4463019043498845,0.634649897548223,0.3668824114626811,0.3033959447692499,0.7878557453920427,0.20650148543376912,0.4865552235857675,0.7942883463841548,0.39807624242676604,0.0,0.928463362368301,0.0,0.0,0.0,0.0,1.0,0.5,0.0,0.6666666666666666,0.9285714285714286,0.5,0.3333333333333333,0.8260869565217391,0.9183673469387755,0.8715596330275229,0.8333333333333334,0.8518518518518519,1.0,1.0,0.034482758620689655,0.9375,1.0,0.75,0.0,0.9714285714285714,0.0,0.0,0.0,0.0,0.410328117328096,0.07628729647078271,0.0,0.14770829042813666,0.40545301841571585,0.12182570757355408,0.16547316091613895,0.6820847661441741,0.44495928725307626,0.6629543518656049,0.5326572970408587,0.2847310969116081,0.12864602563426342,0.3501855385547004,0.29191173359285744,0.5135165656109384,0.614956670589494,0.3217176221164039,0.0,0.9244075355404594,0.0,0.0,0.0,0.0,1.0,1.0,0.0,0.6666666666666666,1.0,1.0,0.3333333333333333,0.9344262295081968,0.6617647058823529,0.9595959595959596,1.0,0.8518518518518519,1.0,0.6219512195121951,1.0,0.8823529411764706,1.0,0.75,0.0,0.9444444444444444,0.0,0.0,0.0,0.0
74,0.20172401509857366,0.542205018586038,0.44077970754736334,0.3995599284700299,0.40570578582878836,0.8496583143507973,0.7855205440621899,0.8170403375637979,0.7694727502919336,0.396885766700971,0.1472317156527683,0.0,0.31953402329883507,0.3625235404896422,0.21680027884280237,0.11704206520621208,0.49119783103118686,0.4726478724396233,0.46940020733170623,0.64582773970183,0.39120515957872587,0.33038935190944146,0.7712219502728734,0.2207122598798183,0.4557890318279464,0.7558268079226163,0.4468988778080823,0.0,0.9229002559574595,0.0,0.0,0.0,0.0,1.0,0.5,0.0,0.6666666666666666,1.0,0.5,0.0,0.8260869565217391,0.9387755102040817,0.8899082568807339,0.9166666666666666,0.8888888888888888,1.0,1.0,0.10344827586206896,0.9375,1.0,1.0,0.0,0.9714285714285714,0.0,0.0,0.0,0.0,0.4665719846404713,0.07853288610179379,0.0,0.13735224586288416,0.43631995285477915,0.1290188757519187,0.15582637272353828,0.7140256481310425,0.4481611511639473,0.6435361854989424,0.5044593580290521,0.2761762141565487,0.12061214295445256,0.37198374008588414,0.2923439854095631,0.5141496295471004,0.6597643842225885,0.3130742977159359,0.0,0.930169657610095,0.0,0.0,0.0,0.0,1.0,0.5,0.0,0.6666666666666666,0.9333333333333333,1.0,0.0,0.95,0.6865671641791045,0.9797979797979798,1.0,0.8275862068965517,1.0,0.6538461538461539,1.0,0.9375,1.0,0.5714285714285714,0.0,1.0,0.0,0.0,0.0,0.0
75,0.2015545359927723,0.5466827448487104,0.43876515532946614,0.40402977107173543,0.4089654789130763,0.8428246013667426,0.7956751840524964,0.8743199973926943,0.8012853474882963,0.41447044610497114,0.15393028024606972,0.0,0.3010849457527124,0.33674199623352163,0.1837748344370861,0.14090301347320786,0.5187944642578193,0.46688993876853263,0.46932674334130553,0.6402600155444076,0.3757733078708733,0.29978853091180496,0.7713328422403346,0.2254042849338851,0.4661843502308699,0.7451865499769691,0.45543503154212905,0.0,0.9324912200638902,0.0,0.0,0.0,0.0,1.0,0.5,0.0,0.6666666666666666,1.0,0.5,0.3333333333333333,0.855072463768116,0.8979591836734694,0.8715596330275229,0.8333333333333334,0.8518518518518519,1.0,1.0,0.10344827586206896,0.9375,1.0,1.0,0.0,0.9714285714285714,0.0,0.0,0.0,0.0,0.4672854764667306,0.08254526794223298,0.0,0.12936071489946727,0.45765401448644777,0.10410188064563898,0.14755775755291076,0.6875662322532651,0.46011471279683275,0.6430109150282941,0.5658478100685641,0.28331012720979054,0.12151464730499673,0.36823735389432366,0.2886369734370808,0.5054390019721402,0.6963371067016744,0.34151405867016377,0.0,0.9225018279606829,0.0,0.0,0.0,0.0,1.0,1.0,0.0,0.6666666666666666,1.0,1.0,0.3333333333333333,0.921875,0.676923076923077,0.9595959595959596,1.0,0.8518518518518519,1.0,0.6455696202531646,1.0,0.9375,1.0,0.8,0.0,0.9444444444444444,0.0,0.0,0.0,0.0
76,0.2023968568210701,0.5515886552548407,0.4389846303440274,0.4089511108930062,0.41381436704986224,0.8473804100227791,0.7804672277813028,0.8595333332046066,0.7823613129782281,0.4363506197145286,0.1573479152426521,0.0,0.26348682565871706,0.34412429378531073,0.19457999302892995,0.12316157564537694,0.5386810911565274,0.4699359711559382,0.4926882922887298,0.6550554652723805,0.3771912772015689,0.30675457146411245,0.7686555933116301,0.21523448900330014,0.3939109607644633,0.7522339935513588,0.4816472694717995,0.0,0.9306831484751682,0.0,0.0,0.0,0.0,1.0,0.5,0.0,0.6666666666666666,1.0,0.5,0.0,0.855072463768116,0.9183673469387755,0.8899082568807339,0.9166666666666666,0.8518518518518519,1.0,1.0,0.10344827586206896,0.875,1.0,1.0,0.0,0.9714285714285714,0.0,0.0,0.0,0.0,0.4506886033829374,0.10714950660956991,0.0,0.14122628363168613,0.430865361942938,0.13301167500595665,0.15727607039663777,0.6620276518688928,0.4477588734396517,0.6323946576422486,0.5089984737183076,0.2867462966826622,0.19804047542563444,0.3836789562123159,0.31785781382961087,0.5537313432835821,0.7026806075470075,0.3218956976679468,0.0,0.9250916477865241,0.0,0.0,0.0,0.0,1.0,1.0,0.0,1.0,1.0,1.0,0.0,0.9365079365079365,0.703125,0.9603960396039604,0.9166666666666666,0.8518518518518519,1.0,0.6538461538461539,1.0,0.9333333333333333,1.0,0.5714285714285714,0.0,0.9444444444444444,0.0,0.0,0.0,0.0
77,0.20141690021057998,0.5511064772164599,0.4429142081179587,0.4066595751198827,0.4145914264689148,0.8428246013667426,0.793191768288827,0.8760848950686685,0.795886064705007,0.459863976016824,0.1492822966507177,0.0,0.287685615719214,0.38239171374764597,0.19684559079818753,0.16316980355857247,0.5418609392333945,0.4744312000745967,0.4850174272910562,0.6481452695541581,0.3521481091836385,0.33436994651076,0.7824458015509034,0.20668108447890085,0.4498053449879421,0.754398894518655,0.37786013199808455,0.0,0.9260526002500049,0.0,0.0,0.0,0.0,1.0,0.5,0.0,0.6666666666666666,1.0,0.5,0.3333333333333333,0.8405797101449275,0.9183673469387755,0.8899082568807339,0.8333333333333334,0.8518518518518519,1.0,1.0,0.034482758620689655,0.9375,1.0,1.0,0.0,0.9714285714285714,0.0,0.0,0.0,0.0,0.4152021977134085,0.09553805774278215,0.0,0.14431903686982694,0.4332842541023835,0.1262434335531463,0.17942773128251527,0.6492151911583702,0.4391107818776138,0.6499846853942417,0.5478761527067705,0.2994675807745606,0.1620448517000241,0.3664683143266284,0.2809549967447917,0.5585650040883074,0.6716974941557643,0.37182192538567127,0.0,0.9286506625810816,0.0,0.0,0.0,0.0,1.0,1.0,0.0,0.6666666666666666,1.0,1.0,0.3333333333333333,0.9206349206349206,0.6923076923076923,0.9603960396039604,1.0,0.8846153846153846,1.0,0.6296296296296297,1.0,0.9375,1.0,0.8,0.0,0.9444444444444444,0.0,0.0,0.0,0.0
78,0.20094053807735074,0.5485708569417105,0.44198772045846624,0.39772060438090023,0.4078671556100865,0.8496583143507973,0.801357346559834,0.877635261553214,0.8060307982293486,0.4522126269631751,0.13643198906356802,0.0,0.2853357332133393,0.3325612052730697,0.20704078075984664,0.1490280777537797,0.53014501272204,0.4658953159481553,0.4880457762286852,0.6561718363597824,0.3645724936820318,0.33760417962433137,0.7452415464676948,0.2268635271755805,0.44946788809600235,0.7628742514970059,0.44456705044658656,0.0,0.9217196769777178,0.0,0.0,0.0,0.0,1.0,0.5,0.0,0.6666666666666666,1.0,0.5,0.3333333333333333,0.8260869565217391,0.9183673469387755,0.8990825688073395,0.9166666666666666,0.8518518518518519,1.0,1.0,0.10344827586206896,0.9375,1.0,1.0,0.0,0.9714285714285714,0.0,0.0,0.0,0.0,0.4187226814161125,0.07827450980392157,0.0,0.14984902192464225,0.45318996047836574,0.11632802937576499,0.15468374699759807,0.6587976336967895,0.4433508829010027,0.6368565128937081,0.5261166126583426,0.3005392106032183,0.11417753470761464,0.3883101660778552,0.3049592596318278,0.5271851408491495,0.6415649815998451,0.31385777699385603,0.0,0.9322072162465885,0.0,0.0,0.0,0.0,1.0,1.0,0.0,0.6666666666666666,1.0,1.0,0.3333333333333333,0.9344262295081968,0.6818181818181818,0.9607843137254902,1.0,0.8846153846153846,1.0,0.6538461538461539,1.0,0.9375,1.0,0.8,0.0,0.9444444444444444,0.0,0.0,0.0,0.0
79,0.20071063335450914,0.5440336955388905,0.4359756776933453,0.400422541212429,0.407927819218573,0.8428246013667426,0.7915884033046523,0.876140216067598,0.7991809283575999,0.42357599892612646,0.12084757347915243,0.0,0.295885205739713,0.3334839924670433,0.18473335657023354,0.14712537282731666,0.5157258181952972,0.4792605600969757,0.47155923238292696,0.6146965307708613,0.35918077965442713,0.28884189575817887,0.7754358450363963,0.2361652610546954,0.470892285406224,0.7796867802855827,0.4352813807749162,0.0,0.9151843290541479,0.0,0.0,0.0,0.0,1.0,0.5,0.0,0.6666666666666666,1.0,0.5,0.3333333333333333,0.8260869565217391,0.9183673469387755,0.8899082568807339,0.75,0.8518518518518519,1.0,1.0,0.10344827586206896,0.9375,1.0,1.0,0.0,0.9714285714285714,0.0,0.0,0.0,0.0,0.4067851234342436,0.0916632102861883,0.0,0.13583987513198365,0.4429214607303652,0.1317670458076947,0.1447068939355622,0.6806214118740543,0.4337753584201032,0.6542663884413816,0.5601426787024995,0.29212762098743045,0.19601553266925545,0.3592639891961717,0.29776293318991953,0.4988012101238895,0.6539561118837892,0.29220534179373575,0.0,0.9349835552154545,0.0,0.0,0.0,0.0,1.0,1.0,0.0,0.6666666666666666,1.0,1.0,0.3333333333333333,0.9344262295081968,0.6716417910447762,0.9603960396039604,1.0,0.8846153846153846,1.0,0.6375,1.0,0.9375,1.0,0.8,0.0,0.9444444444444444,0.0,0.0,0.0,0.0
80,0.20003839600266726,0.5530824863477064,0.4429222797174792,0.4049410449399022,0.4124503548297163,0.8428246013667426,0.7730471426601981,0.8461126030720835,0.7733965962642696,0.3880039375363551,0.131784005468216,0.0,0.29643517824108795,0.37265536723163845,0.2031195538515162,0.12449861153964825,0.5201897847711489,0.4664936437385385,0.5206066493073979,0.6234579241150286,0.3325138080481195,0.32703072521457893,0.7714912593367076,0.2329848612971541,0.43001061754611225,0.7882081989866421,0.5171659969602965,0.0,0.925950911724439,0.0,0.0,0.0,0.0,1.0,0.5,0.0,0.6666666666666666,1.0,0.5,0.0,0.8260869565217391,0.9183673469387755,0.908256880733945,0.8333333333333334,0.7777777777777778,1.0,1.0,0.13793103448275862,0.875,1.0,1.0,0.0,0.9714285714285714,0.0,0.0,0.0,0.0,0.4725741845826862,0.08151530525959749,0.0,0.13893380199179847,0.4395086955556049,0.13524019494082154,0.13894628099173553,0.6645526376317463,0.45675635577907037,0.6215761852088277,0.5744287481283771,0.31904236818573317,0.15144009216589863,0.3636160005973158,0.3112777444511098,0.5193804614726963,0.6433324561073724,0.32861489615028444,0.0,0.9282023997175632,0.0,0.0,0.0,0.0,1.0,1.0,0.0,0.6666666666666666,1.0,1.0,0.0,0.9344262295081968,0.6818181818181818,0.9339622641509434,1.0,0.9545454545454546,1.0,0.6538461538461539,1.0,0.9333333333333333,1.0,0.5,0.0,0.9714285714285714,0.0,0.0,0.0,0.0
81,0.20109647206429773,0.5465860581066392,0.4404350054053554,0.3957287038744035,0.40580209716528975,0.8428246013667426,0.793831785896551,0.8685504211986109,0.7964258593722001,0.40610318135039597,0.14381408065618592,0.0,0.29638518074096293,0.354256120527307,0.1998954339491112,0.1486681065514759,0.534698999976171,0.44426226960494825,0.4868458643854737,0.6163498904825832,0.34079291930153577,0.3128498569473815,0.7689961900688322,0.238642231218804,0.4611060355399722,0.759649930907416,0.49459723928296306,0.0,0.9199165658048771,0.0,0.0,0.0,0.0,1.0,0.5,0.0,0.6666666666666666,1.0,0.5,0.3333333333333333,0.8405797101449275,0.8979591836734694,0.8899082568807339,0.8333333333333334,0.8148148148148148,1.0,1.0,0.10344827586206896,0.9375,1.0,1.0,0.0,0.9714285714285714,0.0,0.0,0.0,0.0,0.43355307155823064,0.07041499330655958,0.0,0.1492822966507177,0.40893478260869565,0.12021800649827062,0.15685529813900495,0.6547815514306558,0.47101905974139385,0.6378146003432733,0.5611723685395571,0.3039314670338076,0.10147266491829736,0.3655446364697466,0.27385849356359543,0.5298534989076258,0.6270007223510626,0.3265609105655294,0.0,0.9308482471132393,0.0,0.0,0.0,0.0,1.0,1.0,0.0,0.6666666666666666,1.0,1.0,0.3333333333333333,0.9354838709677419,0.6984126984126984,0.9326923076923077,1.0,0.8461538461538461,1.0,0.6455696202531646,1.0,0.9375,1.0,0.6666666666666666,0.0,0.9714285714285714,0.0,0.0,0.0,0.0
82,0.2003858208071658,0.5484423598429405,0.44191986157748214,0.40934092900951036,0.41422797437121767,0.8428246013667426,0.7931363324774541,0.8747416956273272,0.7993679008476113,0.4086983757662535,0.14272043745727955,0.0,0.27653617319134044,0.3690960451977401,0.22455559428372254,0.15381055229867324,0.5291733189300248,0.4808457402169521,0.4596315372748125,0.6231752985232812,0.39732301112648516,0.32591118298295807,0.7640773392264493,0.24081238634747926,0.4565133295472316,0.7408106863196684,0.4326164352189211,0.0,0.9282500644854065,0.0,0.0,0.0,0.0,1.0,0.5,0.0,0.6666666666666666,1.0,0.5,0.3333333333333333,0.8260869565217391,0.9183673469387755,0.8807339449541285,0.75,0.8888888888888888,1.0,1.0,0.10344827586206896,0.9375,1.0,1.0,0.0,0.9714285714285714,0.0,0.0,0.0,0.0,0.46038306451612904,0.07607111629262606,0.0,0.1440814837970199,0.4112771225920175,0.1245107986664734,0.15707383678185063,0.6617640728833145,0.44345311677003946,0.6515737097894007,0.6188377934634652,0.2836135825646886,0.12402366863905326,0.37904233498628653,0.30786009490280114,0.5494848424806816,0.6928146807960713,0.35668429003021146,0.0,0.9255871122190567,0.0,0.0,0.0,0.0,1.0,1.0,0.0,0.6666666666666666,1.0,1.0,0.3333333333333333,0.9193548387096774,0.6716417910447762,0.9696969696969697,1.0,0.8571428571428571,1.0,0.6455696202531646,1.0,0.9375,1.0,0.8,0.0,0.9444444444444444,0.0,0.0,0.0,0.0
83,0.20009440715705007,0.5480175241580824,0.4358541270465555,0.4058237454003464,0.4094975433344417,0.8382687927107062,0.7704095268189108,0.8240341631679216,0.7627974585437536,0.3539979417423598,0.1598086124401914,0.0,0.2926353682315884,0.37698681732580036,0.1965841756709655,0.1336007405121876,0.5211085252229998,0.45786839896807885,0.4963329224791648,0.6331237193527874,0.36079886562453545,0.30028610523696975,0.7764734770176397,0.21611003434831738,0.47268656839263523,0.7381851681252879,0.4359684370510712,0.0,0.9228184090954186,0.0,0.0,0.0,0.0,1.0,0.5,0.0,0.6666666666666666,0.9285714285714286,0.5,0.0,0.8260869565217391,0.9183673469387755,0.8990825688073395,0.8333333333333334,0.8518518518518519,1.0,1.0,0.034482758620689655,0.9375,1.0,1.0,0.0,0.9714285714285714,0.0,0.0,0.0,0.0,0.49033157731639293,0.09346765811145759,0.0,0.1335600027382881,0.41607083471898904,0.11770844203276636,0.16903057905009758,0.6751718649230896,0.4532719985845827,0.6230381244892784,0.5799290669980325,0.29928904445487875,0.13322295805739515,0.3619122511666371,0.2760925056644901,0.5313115800575441,0.6878406798575046,0.33401390927072033,0.0,0.9295643397140901,0.0,0.0,0.0,0.0,1.0,0.5,0.0,0.6666666666666666,0.9285714285714286,1.0,0.0,0.9344262295081968,0.6818181818181818,0.9607843137254902,1.0,0.8846153846153846,1.0,0.6219512195121951,1.0,0.8823529411764706,1.0,0.8,0.0,0.9714285714285714,0.0,0.0,0.0,0.0
84,0.19971760972481564,0.5431626777456,0.44368776978008706,0.39770355677023833,0.4069953645891289,0.835990888382688,0.7635131370205088,0.8278622728062142,0.7634198807500012,0.46019956150163316,0.1446343130553657,0.0,0.30458477076146195,0.35097928436911485,0.21505751132798884,0.1839967088347218,0.5247225906892142,0.4606735461411743,0.4714510770637259,0.6532042676464354,0.37540738030166154,0.3541485259360617,0.7656694310449984,0.2322365319424385,0.4450068725976773,0.7730538922155689,0.3614124211446774,0.0,0.9099411694676481,0.0,0.0,0.0,0.0,1.0,0.5,0.0,0.6666666666666666,0.8571428571428571,0.5,0.3333333333333333,0.8405797101449275,0.9183673469387755,0.8807339449541285,0.9166666666666666,0.8518518518518519,1.0,1.0,0.06896551724137931,0.9375,1.0,0.5,0.0,0.9714285714285714,0.0,0.0,0.0,0.0,0.41265446958754615,0.09854694485842026,0.0,0.15375684611695817,0.43711886668543015,0.11399538106235566,0.13763655947068779,0.6529487348444913,0.4570527671023772,0.6401334419488731,0.5490894836249599,0.28912001972733997,0.09235110938108214,0.3684918765200552,0.30014700762118457,0.5398817726119866,0.6351182592242195,0.337428321508407,0.0,0.9431921599679159,0.0,0.0,0.0,0.0,1.0,1.0,0.0,0.5,1.0,0.5,0.3333333333333333,0.9354838709677419,0.6818181818181818,0.96,1.0,0.8518518518518519,1.0,0.6455696202531646,1.0,0.8823529411764706,1.0,0.6666666666666666,0.0,0.9444444444444444,0.0,0.0,0.0,0.0
85,0.20009415758015459,0.5430412961213549,0.43939873143951647,0.4072321324743966,0.41181939579764165,0.835990888382688,0.7698998428229884,0.8524989687569101,0.7721691111896093,0.42397870150789746,0.1595352016404648,0.0,0.2685865706714664,0.3836723163841808,0.17802370163820147,0.1384860639720251,0.5100359817946416,0.4793227240232493,0.4590723946812071,0.648258319790857,0.3628857962926963,0.3311357133971887,0.7903349729502808,0.22009114651540437,0.46258755360214654,0.7506218332565638,0.41995794382794444,0.0,0.9225902299648803,0.0,0.0,0.0,0.0,1.0,0.5,0.0,0.6666666666666666,0.9285714285714286,0.5,0.0,0.8260869565217391,0.9183673469387755,0.8899082568807339,0.8333333333333334,0.8518518518518519,1.0,1.0,0.034482758620689655,0.9375,1.0,1.0,0.0,0.9714285714285714,0.0,0.0,0.0,0.0,0.4420883196864721,0.09529642332190102,0.0,0.15086921111017496,0.44996355765620516,0.1445859872611465,0.18083534783776525,0.6827141854679227,0.43633264130323296,0.654457755616196,0.5244960726249958,0.2872128120771657,0.1514823877539407,0.33787540677179806,0.2771223970602092,0.5222599080053896,0.7158042695247299,0.3449095448172087,0.0,0.931872156642684,0.0,0.0,0.0,0.0,1.0,1.0,0.0,0.6666666666666666,1.0,1.0,0.0,0.9344262295081968,0.6923076923076923,0.9509803921568627,1.0,0.8518518518518519,1.0,0.6219512195121951,1.0,0.8823529411764706,1.0,0.8,0.0,0.9444444444444444,0.0,0.0,0.0,0.0
86,0.1988256573543559,0.544626791268392,0.4390143511658871,0.400677020931129,0.40731550725241705,0.835990888382688,0.7474963438298025,0.779765389736776,0.7285746079429011,0.43335272271690006,0.11592617908407382,0.0,0.3072846357682116,0.3708286252354049,0.22159288950853956,0.12686413658335904,0.512482426110233,0.46623721754266,0.47846484748059326,0.6447396311736028,0.35407494654026916,0.30700335862669487,0.7787546832054115,0.2180257574963893,0.42746734487271293,0.7366190695532013,0.4752347442276863,0.0,0.927305105260025,0.0,0.0,0.0,0.0,1.0,0.0,0.0,0.6666666666666666,1.0,0.5,0.0,0.8260869565217391,0.9183673469387755,0.8807339449541285,0.8333333333333334,0.8518518518518519,1.0,1.0,0.06896551724137931,0.9375,1.0,1.0,0.0,0.9714285714285714,0.0,0.0,0.0,0.0,0.47141570736693517,0.08105524756260753,0.0,0.14859408621648412,0.43467991169977926,0.12173288654858784,0.14197744014732966,0.6852166525063721,0.4515682327042842,0.6359890631526981,0.481779495464673,0.29232359660882534,0.15014905396361866,0.3523565819795217,0.31038597164072573,0.5236434030368413,0.6937359014402221,0.31054937280618217,0.0,0.9250337719146325,0.0,0.0,0.0,0.0,1.0,0.0,0.0,0.5,1.0,1.0,0.0,0.9344262295081968,0.6716417910447762,0.96,1.0,0.8518518518518519,1.0,0.6375,1.0,0.9375,1.0,0.5714285714285714,0.0,0.9714285714285714,0.0,0.0,0.0,0.0
87,0.19896814488284004,0.5412398253946263,0.4359158010485835,0.40295513606029276,0.40642515137022,0.8405466970387244,0.765862111249014,0.8500917634945534,0.763663661412687,0.43207749787462524,0.13834586466165413,0.0,0.30113494325283735,0.33045197740112997,0.1793307772743116,0.10922554767047207,0.5202506811123379,0.5041261306064091,0.4299173938241272,0.6493464283190843,0.37323468535946663,0.3011568603060082,0.7874993069252033,0.21419431120024546,0.4517560104364717,0.7653615845232612,0.43095084424642416,0.0,0.9281235738804341,0.0,0.0,0.0,0.0,1.0,0.5,0.0,0.6666666666666666,0.9285714285714286,0.25,0.0,0.8260869565217391,0.9591836734693877,0.8715596330275229,0.9166666666666666,0.8888888888888888,1.0,1.0,0.06896551724137931,0.9375,1.0,1.0,0.0,0.9714285714285714,0.0,0.0,0.0,0.0,0.4670729642796682,0.09581518651770499,0.0,0.14358595370348295,0.44527621996092065,0.1268256609354779,0.1618162425719945,0.6472432852634838,0.42603056818741486,0.6658123115625534,0.5578473267615209,0.29213432862538713,0.1153516295025729,0.35549778844125335,0.28329225927135604,0.5289344601952414,0.6819338422391857,0.3326957695769577,0.0,0.9260266514890931,0.0,0.0,0.0,0.0,1.0,1.0,0.0,0.6666666666666666,0.9285714285714286,1.0,0.0,0.9344262295081968,0.6811594202898551,0.9693877551020408,1.0,0.8571428571428571,1.0,0.6375,1.0,0.8823529411764706,1.0,0.8,0.0,0.9444444444444444,0.0,0.0,0.0,0.0
88,0.19895804752484103,0.5545591565902479,0.4384662084372166,0.41665614307533744,0.41869345396791896,0.8496583143507973,0.7978101758902668,0.8773492393590433,0.8081324627473712,0.3976016824018972,0.14818865345181134,0.0,0.2908354582270887,0.3449340866290019,0.16852561868246776,0.1472796461997326,0.5266924549433267,0.4796568551269698,0.5009856418712094,0.6323041051367201,0.36587611064734876,0.30426669983828836,0.7650436835143248,0.25181282786179854,0.45155847469484844,0.736480884385076,0.4492515250567342,0.0,0.931097343201254,0.0,0.0,0.0,0.0,1.0,0.5,0.0,0.6666666666666666,0.9285714285714286,0.5,0.3333333333333333,0.8405797101449275,0.8979591836734694,0.8899082568807339,0.8333333333333334,0.8888888888888888,1.0,1.0,0.1724137931034483,0.9375,1.0,1.0,0.0,0.9714285714285714,0.0,0.0,0.0,0.0,0.48393421195948155,0.0991584339553604,0.0,0.1566910893222713,0.45871421773648224,0.1437597561882108,0.16412607449856734,0.6557932075770263,0.4406766351003566,0.6329678206142986,0.5871430820911191,0.3054900463073471,0.16537083361503618,0.37673132354834055,0.3003096804133832,0.5483558220889555,0.722699331043211,0.33475023270245113,0.0,0.9231387765941751,0.0,0.0,0.0,0.0,1.0,1.0,0.0,0.6666666666666666,1.0,1.0,0.3333333333333333,0.9206349206349206,0.6875,0.9509803921568627,1.0,0.8888888888888888,1.0,0.6623376623376623,1.0,0.9375,1.0,0.8,0.0,0.9444444444444444,0.0,0.0,0.0,0.0
89,0.1983098592608283,0.5503258678053659,0.4403373009776313,0.4068031770419057,0.41385288228849193,0.8382687927107062,0.762676838678802,0.8379002898566706,0.7664825752486135,0.41623786299163273,0.11305536568694463,0.0,0.2968851557422129,0.35879472693032016,0.20250958522133147,0.12038465494189036,0.534871098331705,0.47614847853790443,0.4798014839726061,0.638620787112273,0.36930668160870905,0.31222788904092547,0.7680219249261381,0.23540944840643263,0.48047276887495166,0.7801934592353754,0.4266411276050884,0.0,0.9164889184309213,0.0,0.0,0.0,0.0,1.0,0.5,0.0,0.6666666666666666,1.0,0.5,0.0,0.8260869565217391,0.8979591836734694,0.8899082568807339,0.8333333333333334,0.8518518518518519,1.0,1.0,0.10344827586206896,0.9375,1.0,0.75,0.0,0.9714285714285714,0.0,0.0,0.0,0.0,0.4736868905466303,0.08087228632896538,0.0,0.15750663129973475,0.4336800892308393,0.1218348623853211,0.16451159522136333,0.6580004234320799,0.4313378360780366,0.6409962813927874,0.5488729109988341,0.2935714350644038,0.1725085910652921,0.37807992700587617,0.3126416219439475,0.5352600838063102,0.6568425951060612,0.32776711452335255,0.0,0.934486011324467,0.0,0.0,0.0,0.0,1.0,1.0,0.0,0.6666666666666666,0.9333333333333333,1.0,0.0,0.9193548387096774,0.676923076923077,0.9509803921568627,1.0,0.8846153846153846,1.0,0.6455696202531646,1.0,0.8333333333333334,1.0,0.6,0.0,0.9714285714285714,0.0,0.0,0.0,0.0
90,0.19900384781887057,0.55135426315285,0.44207279464506766,0.4035635055113938,0.41201312061777334,0.8405466970387244,0.7581468586437281,0.8505203560027188,0.7711661557683542,0.4278491207660298,0.14367737525632263,0.0,0.3009849507524624,0.38785310734463274,0.20355524573021958,0.1316466111282526,0.5306560124546256,0.45247179311845337,0.5058281432384559,0.6454885889917332,0.35075872794428753,0.3247916407513372,0.7701922391464486,0.2472480187980334,0.48252220219429287,0.7765545831414095,0.362453415502488,0.0,0.9127785273517331,0.0,0.0,0.0,0.0,1.0,0.5,0.0,0.6666666666666666,0.9285714285714286,0.5,0.0,0.855072463768116,0.8775510204081632,0.908256880733945,0.8333333333333334,0.8148148148148148,1.0,1.0,0.10344827586206896,0.9375,1.0,0.75,0.0,0.9714285714285714,0.0,0.0,0.0,0.0,0.4766105919003115,0.07230822153422772,0.0,0.14880363852086217,0.3988419156806166,0.11630570077172019,0.1644398766700925,0.6766440582978566,0.4541533589932574,0.6214421276158337,0.549219059986293,0.303222171147259,0.13457375528296053,0.36692414802851286,0.3028081237627392,0.5437202055239191,0.6506251929607904,0.3446712467085074,0.0,0.9388297058193283,0.0,0.0,0.0,0.0,1.0,1.0,0.0,0.6666666666666666,1.0,1.0,0.0,0.921875,0.7049180327868853,0.9339622641509434,1.0,0.9166666666666666,1.0,0.6375,1.0,0.8333333333333334,1.0,0.75,0.0,0.9444444444444444,0.0,0.0,0.0,0.0
91,0.19740572877221188,0.5446929233257393,0.4397514309455952,0.4018065447571936,0.40832722060973786,0.8405466970387244,0.7723166513940115,0.8454197960276839,0.7722370116862127,0.46923799722582665,0.1367053998632946,0.0,0.2770861456927154,0.3135593220338983,0.191878703380969,0.1203332304844184,0.5138036119473326,0.47574829826251824,0.47393048673974975,0.6440189359146471,0.37986712255142996,0.3214330140564747,0.7679031121038582,0.22443894006630197,0.41950830061647615,0.760202671579917,0.5068393329308155,0.0,0.9190311315700709,0.0,0.0,0.0,0.0,1.0,0.5,0.0,0.6666666666666666,0.9285714285714286,0.5,0.0,0.8260869565217391,0.9183673469387755,0.8899082568807339,0.8333333333333334,0.8888888888888888,1.0,1.0,0.10344827586206896,0.875,1.0,1.0,0.0,0.9714285714285714,0.0,0.0,0.0,0.0,0.43139513358974885,0.07239032865209208,0.0,0.1445864857813723,0.4520525629887055,0.1239655463604121,0.1572474968080102,0.6778430187677487,0.4413662348522531,0.6442300490711435,0.5724657706318301,0.2842255220298523,0.14550368827073595,0.3720217195264683,0.2856734643336794,0.5146408449282094,0.6648404769577828,0.3134730037729046,0.0,0.9345964583065348,0.0,0.0,0.0,0.0,1.0,1.0,0.0,0.6666666666666666,1.0,1.0,0.0,0.9344262295081968,0.6818181818181818,0.9509803921568627,1.0,0.8888888888888888,1.0,0.6455696202531646,1.0,0.9333333333333333,1.0,0.5714285714285714,0.0,0.9444444444444444,0.0,0.0,0.0,0.0
92,0.1977858329585362,0.5530297481247586,0.4420906954561765,0.4096910386488588,0.4167194324932283,0.8519362186788155,0.7882573206090906,0.8723871850856932,0.8034568541241994,0.47322027831222874,0.12563226247436773,0.0,0.28783560821958903,0.39487758945386064,0.19457999302892995,0.146456854880181,0.5176797964473604,0.4786700027973767,0.5021284150552204,0.6411361548788242,0.3609761117908724,0.3361114566488369,0.7587307622238592,0.2407375534120077,0.4429656699342371,0.7464302164900968,0.3788178468072703,0.0,0.9306459453560586,0.0,0.0,0.0,0.0,1.0,0.5,0.0,0.6666666666666666,1.0,0.5,0.3333333333333333,0.8405797101449275,0.8979591836734694,0.8990825688073395,0.8333333333333334,0.8518518518518519,1.0,1.0,0.20689655172413793,0.9375,1.0,0.75,0.0,0.9714285714285714,0.0,0.0,0.0,0.0,0.43357589422978376,0.09613976357359556,0.0,0.1567127613240418,0.42984829848298484,0.12872542802790107,0.15575608422203993,0.6810298886446835,0.43452744144379274,0.6238141596061312,0.5505466635925688,0.290557145881465,0.152002700270027,0.3851712158010712,0.31343167247997816,0.566617184127686,0.6991543705237725,0.35271881360860713,0.0,0.9241092098393278,0.0,0.0,0.0,0.0,1.0,1.0,0.0,0.6666666666666666,1.0,1.0,0.3333333333333333,0.9206349206349206,0.6984126984126984,0.9514563106796117,1.0,0.8846153846153846,1.0,0.6710526315789473,1.0,0.8823529411764706,1.0,0.75,0.0,0.9444444444444444,0.0,0.0,0.0,0.0
93,0.19754411846570555,0.5448126307206845,0.44189181505072495,0.40331872746637015,0.4086169238508311,0.8246013667425968,0.7363551082650371,0.7605132912081253,0.7223803332615323,0.4416081256432055,0.10526315789473684,0.0,0.28528573571321436,0.33693032015065916,0.21732310909724642,0.12439576262470431,0.5456947610612909,0.5063446057252976,0.4167367295464007,0.6416448809439694,0.3799586044437329,0.3632292573703197,0.7655823016419933,0.2248430379178484,0.4934607438866803,0.7438046982957163,0.435656138743728,0.0,0.9262907002123058,0.0,0.0,0.0,0.0,1.0,0.0,0.0,0.3333333333333333,0.8571428571428571,0.75,0.0,0.8260869565217391,0.9183673469387755,0.8348623853211009,0.8333333333333334,0.8888888888888888,1.0,1.0,0.10344827586206896,0.9375,1.0,1.0,0.0,0.9714285714285714,0.0,0.0,0.0,0.0,0.4384495779653487,0.07423117709437964,0.0,0.16003814438772648,0.4688540056081134,0.12625930238444794,0.15327588391838803,0.6452808686232396,0.4235938439536509,0.6737133808392716,0.5664491822502776,0.2894564904914148,0.09295514595867953,0.38238831479166335,0.3228357455221395,0.503392107472712,0.6701805353807844,0.34087576971948,0.0,0.9275076180329457,0.0,0.0,0.0,0.0,1.0,0.0,0.0,0.3333333333333333,1.0,0.75,0.0,0.9193548387096774,0.625,0.9891304347826086,1.0,0.8571428571428571,1.0,0.6375,1.0,0.8333333333333334,1.0,0.8,0.0,0.9444444444444444,0.0,0.0,0.0,0.0
94,0.19797446348144654,0.5503158224295662,0.4401397673457173,0.40577982427878595,0.4126313630756584,0.8473804100227791,0.7802668115804102,0.8563549626398959,0.7846016006817687,0.4094142914671797,0.15283663704716335,0.0,0.2616869156542173,0.3669114877589454,0.2140989891948414,0.12347012239020878,0.5117675560180147,0.48356152674602926,0.4896007640255002,0.6351586236133682,0.3786492698601471,0.30949123025251896,0.7625327725368122,0.23438423719047227,0.448776513000321,0.7568862275449102,0.4556015906393787,0.0,0.9276870572828826,0.0,0.0,0.0,0.0,1.0,0.5,0.0,0.6666666666666666,1.0,0.5,0.0,0.8260869565217391,0.9183673469387755,0.8990825688073395,0.8333333333333334,0.8888888888888888,1.0,1.0,0.10344827586206896,0.9375,1.0,1.0,0.0,0.9714285714285714,0.0,0.0,0.0,0.0,0.44457401064062385,0.08287006152249649,0.0,0.14626648781578358,0.41419703218674264,0.13104,0.15920694914130362,0.6810422282120395,0.44870214146658016,0.6360300940039977,0.5609049954450726,0.2783919893729717,0.1487682372638125,0.38303976063247774,0.32395225683670514,0.5286606294479241,0.6735530414822102,0.33789355032966356,0.0,0.9249433712177414,0.0,0.0,0.0,0.0,1.0,1.0,0.0,0.6666666666666666,1.0,1.0,0.0,0.9344262295081968,0.6923076923076923,0.9514563106796117,1.0,0.8888888888888888,1.0,0.6538461538461539,1.0,0.8823529411764706,1.0,0.8,0.0,0.9444444444444444,0.0,0.0,0.0,0.0
95,0.19698260497711748,0.5474620985878295,0.4447054392889128,0.39931285948577144,0.4115499901612785,0.835990888382688,0.7632053998597585,0.8295104981277838,0.7614096971666164,0.48272853371515506,0.14107997265892003,0.0,0.26123693815309235,0.3783239171374765,0.19179156500522831,0.09487812403579142,0.5203512924586501,0.47105103658347064,0.45574406778277515,0.645092913163287,0.3861336321741815,0.31558651573578805,0.7547148888308026,0.24502548061452806,0.47473600171197644,0.806540764624597,0.4513751535466678,0.0,0.928307109268041,0.0,0.0,0.0,0.0,1.0,0.5,0.0,0.3333333333333333,1.0,0.5,0.0,0.8260869565217391,0.8979591836734694,0.8623853211009175,0.9166666666666666,0.8888888888888888,1.0,1.0,0.10344827586206896,0.9375,1.0,1.0,0.0,0.9714285714285714,0.0,0.0,0.0,0.0,0.41944325648302944,0.07656354328956154,0.0,0.1476656115758535,0.4184423753879481,0.12918941128132888,0.1403575503993914,0.6748829878197445,0.43739785776389223,0.6573759827628329,0.5361001503194288,0.2811222578362403,0.16685300887865834,0.38528289069323585,0.3056351569573699,0.5240591666515236,0.6271714602958559,0.33590530197390844,0.0,0.9241835003740824,0.0,0.0,0.0,0.0,0.875,1.0,0.0,0.5,0.9333333333333333,1.0,0.0,0.9193548387096774,0.6470588235294118,0.9591836734693877,1.0,0.8571428571428571,1.0,0.6623376623376623,1.0,0.8333333333333334,1.0,0.8,0.0,0.9444444444444444,0.0,0.0,0.0,0.0
96,0.1977987279416691,0.5481125366708537,0.4386821345890912,0.39861164681794176,0.40652696787854276,0.8451025056947609,0.7809536807623474,0.868578371519548,0.7843373436855071,0.3997270571390219,0.13137388926862612,0.0,0.256337183140843,0.3728060263653484,0.19039735099337748,0.1394631286639926,0.5493988472057846,0.4586648742734591,0.4742896440261532,0.6409948420829507,0.3628343377282759,0.3000373180743874,0.7647664535956721,0.237489804012542,0.39860243462801553,0.7933210502072777,0.498719576939893,0.0,0.927054604258021,0.0,0.0,0.0,0.0,1.0,0.5,0.0,0.6666666666666666,1.0,0.25,0.3333333333333333,0.8405797101449275,0.8979591836734694,0.8990825688073395,0.8333333333333334,0.8518518518518519,1.0,1.0,0.13793103448275862,0.875,1.0,1.0,0.0,0.9714285714285714,0.0,0.0,0.0,0.0,0.46139345108976343,0.06679177092021128,0.0,0.14469970648001806,0.4095667645963504,0.13557113606750637,0.16981840951784596,0.6346045629702123,0.44686746486283924,0.6441268415976588,0.5743007989060938,0.28927838811140993,0.09732477908243554,0.38810103787312383,0.3054210896072525,0.5523884478510813,0.5983948301021472,0.32929176289453427,0.0,0.927068400192467,0.0,0.0,0.0,0.0,1.0,1.0,0.0,0.6666666666666666,1.0,1.0,0.3333333333333333,0.8923076923076924,0.6984126984126984,0.9607843137254902,1.0,0.8846153846153846,1.0,0.6538461538461539,1.0,0.9333333333333333,1.0,0.6666666666666666,0.0,0.9444444444444444,0.0,0.0,0.0,0.0
97,0.19627810574139554,0.5464345403549952,0.44122126503222825,0.40228521730240746,0.40793127779431315,0.8405466970387244,0.7700859609626352,0.844247288352884,0.7683989720428624,0.3754306680388384,0.12358168147641832,0.0,0.3400329983500825,0.32717514124293784,0.19039735099337748,0.13025815077650932,0.5184026095406032,0.4544416125322475,0.4841154527422475,0.6182152193881156,0.3900216125970566,0.33038935190944146,0.763562483663237,0.21798085773510636,0.45342683358436836,0.7889451865499769,0.5131269388519915,0.0,0.9224786206075517,0.0,0.0,0.0,0.0,1.0,0.5,0.0,0.6666666666666666,0.8571428571428571,0.5,0.0,0.8405797101449275,0.8979591836734694,0.8990825688073395,0.8333333333333334,0.8888888888888888,1.0,1.0,0.06896551724137931,0.9375,1.0,1.0,0.0,0.9714285714285714,0.0,0.0,0.0,0.0,0.4886578725139047,0.07133275467529393,0.0,0.1469406274306456,0.4280223705930178,0.13811630847029077,0.15486671557838103,0.6858315790211112,0.4511759056035364,0.6386993078159453,0.5549382246238932,0.28676405675249605,0.13793103448275862,0.3742545889368575,0.32020446300978345,0.4978581885878504,0.642436517760024,0.3001875715573311,0.0,0.9229158240302133,0.0,0.0,0.0,0.0,1.0,1.0,0.0,0.6666666666666666,1.0,1.0,0.0,0.9206349206349206,0.7096774193548387,0.9514563106796117,1.0,0.8571428571428571,1.0,0.6375,1.0,0.9375,1.0,0.5714285714285714,0.0,0.9444444444444444,0.0,0.0,0.0,0.0
98,0.1968327074080768,0.5439319861089195,0.44215961023767536,0.3937295688284925,0.40362700486363595,0.8496583143507973,0.8016528155429775,0.8776724486275482,0.8062237247563441,0.45693319611615735,0.14149008885850992,0.0,0.28128593570321486,0.3631450094161959,0.20634367375392124,0.14203435153759128,0.5432218400756174,0.45697090728250395,0.4554338864899722,0.6323464989754822,0.3597811295726652,0.3541485259360617,0.7643862525643768,0.22586076584026163,0.4120924796497033,0.7637033625057578,0.4677395848514501,0.0,0.9319554951487132,0.0,0.0,0.0,0.0,1.0,0.5,0.0,0.6666666666666666,1.0,0.5,0.3333333333333333,0.8405797101449275,0.9183673469387755,0.8899082568807339,0.9166666666666666,0.8518518518518519,1.0,1.0,0.10344827586206896,0.9375,1.0,1.0,0.0,0.9714285714285714,0.0,0.0,0.0,0.0,0.44094216196377295,0.0680786686838124,0.0,0.144197252409268,0.37942976328683026,0.11507994362637897,0.14993757125020357,0.6494961869758873,0.4499605958820784,0.6573639346580031,0.5191002633319026,0.2925356342572361,0.10106496272630458,0.3667182209589098,0.3341304107162626,0.5309944745521842,0.6512687563830623,0.3166723049165539,0.0,0.9201611323342149,0.0,0.0,0.0,0.0,1.0,1.0,0.0,0.6666666666666666,1.0,1.0,0.3333333333333333,0.9354838709677419,0.6818181818181818,0.9603960396039604,1.0,0.8846153846153846,1.0,0.6538461538461539,1.0,0.9375,1.0,0.8,0.0,0.9444444444444444,0.0,0.0,0.0,0.0
99,0.19668458180660098,0.5476630061038215,0.4295926221357062,0.411427719901235,0.408803762098224,0.8428246013667426,0.7521329144333896,0.7826406469399166,0.7382786028797997,0.3487404358136829,0.12235133287764867,0.0,0.31393430328483574,0.33314500941619585,0.176803764377832,0.09420960608865576,0.5227792031051839,0.5000466229447051,0.4791892840526002,0.6579241150286158,0.370353005751924,0.28809553427043166,0.74098012657526,0.2358734126063563,0.4583981497485535,0.7099493321050208,0.4589952322458412,0.0,0.920898728149368,0.0,0.0,0.0,0.0,1.0,0.0,0.0,0.6666666666666666,1.0,0.5,0.0,0.8405797101449275,0.9183673469387755,0.8807339449541285,0.8333333333333334,0.8518518518518519,1.0,1.0,0.13793103448275862,0.9375,1.0,1.0,0.0,0.9714285714285714,0.0,0.0,0.0,0.0,0.5343113731404675,0.08402966857572058,0.0,0.141782956238992,0.47954674835316763,0.13311901325285397,0.1491249491249491,0.6712390704252166,0.42712685638430264,0.6355280821028018,0.5364133878679648,0.2780453464513526,0.14226044226044227,0.3981884273881175,0.2945409011904984,0.5230957077110924,0.7382765723044499,0.30782334296764824,0.0,0.9312461124821927,0.0,0.0,0.0,0.0,1.0,0.0,0.0,0.5,0.9333333333333333,1.0,0.0,0.9354838709677419,0.6716417910447762,0.96,1.0,0.8846153846153846,1.0,0.6538461538461539,1.0,0.9375,1.0,0.6666666666666666,0.0,0.9444444444444444,0.0,0.0,0.0,0.0
