window_row,root_id,split,source_cell_type,cell_type,UMAP1,UMAP2,UMAP3
1946,864691135941898918,train,MartFam,MartFam,4.4819846,5.5247183,4.9539757
6073,864691136007059658,test,BipFam,BipFam,5.8604107,6.3055987,1.2270821
1367,864691136925008100,train,BipFam,BipFam,5.9708424,8.578817,2.3662584
347,864691136138335101,train,L6IT,pyramidal,6.290987,8.440691,4.8555884
164,864691135134585248,train,BipFam,BipFam,2.422028,8.268973,3.082875
804,864691135398746401,train,MartFam,MartFam,3.5914207,4.4141355,1.9539535
226,864691136524282001,train,NglFam,NglFam,4.275928,4.4246984,2.4064472
196,864691134887444986,test,NglFam,NglFam,6.021543,6.6811876,1.3483164
8387,864691135210446457,train,MartFam,MartFam,4.2027903,4.8805804,0.754044
452,864691135134052512,train,L3IT,pyramidal,3.6367304,8.395992,4.328906
230,864691135309733190,train,NglFam,NglFam,7.1029024,4.087232,2.607721
83,864691135977666883,train,L5ET,pyramidal,2.9556959,5.959579,5.939196
741,864691135447979922,train,BipFam,BipFam,4.7556615,8.211719,3.044465
260,864691136053350131,test,thalamocortical,thalamocortical,1.5169892,6.1054435,4.01087
3057,864691136742921308,test,BasketFam,BasketFam,2.6644187,5.852356,5.7421746
2593,864691136118294692,train,thalamocortical,thalamocortical,3.030861,7.254826,3.3969371
131,864691135106309709,train,NglFam,NglFam,4.957396,8.341565,2.7332714
566,864691134887444986,test,NglFam,NglFam,7.448807,6.5619025,3.4860659
2124,864691135774221643,train,MartFam,MartFam,4.261231,8.455438,3.6266766
129,864691135700814114,train,L6CT,pyramidal,4.6274495,9.445177,4.849097
403,864691135336669673,train,MartFam,MartFam,7.435699,9.310484,2.1935532
763,864691135210178169,test,BasketFam,BasketFam,1.8694894,6.7145033,5.447983
810,864691135941829121,test,BasketFam,BasketFam,1.9621644,6.114734,5.5701246
5233,864691136268801012,test,BasketFam,BasketFam,2.531087,5.6539207,5.764714
3365,864691135477104960,train,thalamocortical,thalamocortical,6.019455,8.559344,3.4004316
449,864691135132887456,test,NglFam,NglFam,4.8693447,6.5696483,2.920979
351,864691135293096118,train,NglFam,NglFam,2.2515197,7.03314,2.2113483
339,864691135689015264,train,thalamocortical,thalamocortical,2.959033,7.7365656,4.230303
126,864691135466333509,train,BasketFam,BasketFam,1.9188238,5.170999,6.1524634
376,864691136363473634,test,L4IT,pyramidal,7.96637,5.507439,2.8630714
2771,864691135928029966,train,thalamocortical,thalamocortical,4.3809705,6.76306,0.9348096
5070,864691135387551061,train,BasketFam,BasketFam,1.1525604,5.9630117,5.2337394
42,864691135939949365,train,L4IT,pyramidal,5.658333,7.7132673,3.7517378
391,864691136091532855,train,L3IT,pyramidal,4.867016,6.378907,1.1310127
546,864691136239793212,test,NglFam,NglFam,6.6994104,7.639395,2.0611207
1519,864691135571356038,test,MartFam,MartFam,2.854046,4.334657,1.1301343
4531,864691135271970725,train,BasketFam,BasketFam,6.1793995,7.3750925,2.2206051
6317,864691135528046939,train,MartFam,MartFam,1.8496249,5.16567,2.1464283
1675,864691135431441968,train,thalamocortical,thalamocortical,2.939649,7.2400827,0.6780661
3665,864691136053350131,test,thalamocortical,thalamocortical,4.3759427,6.885183,0.7381511
146,864691135717275162,train,L3IT,pyramidal,6.5793166,7.3767943,4.2656646
758,864691135387277397,test,thalamocortical,thalamocortical,4.656023,7.016979,3.477022
715,864691136227297105,train,MartFam,MartFam,5.8165126,7.7438726,4.6512213
1632,864691136145537844,train,BipFam,BipFam,4.6592846,6.165374,0.87061715
559,864691136523971473,train,BipFam,BipFam,2.6464672,5.6838064,2.683288
683,864691135431579440,train,BipFam,BipFam,5.0281525,5.2982445,1.3921056
2143,864691136925008100,train,BipFam,BipFam,3.1833842,6.9876413,3.0866091
4199,864691135689015264,train,thalamocortical,thalamocortical,1.9571227,6.5036263,2.483042
400,864691135134585248,train,BipFam,BipFam,5.59237,6.361713,1.2404319
398,864691136579629844,train,L4IT,pyramidal,4.387652,9.324392,4.8703613
4474,864691136033871035,train,thalamocortical,thalamocortical,3.061158,7.312915,0.7695527
504,864691135782542416,train,L3IT,pyramidal,5.5371623,7.3819027,1.1618156
2894,864691136042989910,test,BasketFam,BasketFam,1.4321203,4.9384956,5.335424
1418,864691135464991645,train,thalamocortical,thalamocortical,2.995291,7.421985,3.19608
333,864691137056216950,train,MartFam,MartFam,3.4072158,5.890975,2.7361705
1764,864691136123919654,train,BasketFam,BasketFam,3.563861,7.03099,6.316816
646,864691135465343045,train,L4IT,pyramidal,3.8487854,8.7253685,4.6529007
2620,864691135928029966,train,thalamocortical,thalamocortical,4.243251,6.527019,2.6309767
375,864691135309486662,train,BasketFam,BasketFam,1.058872,5.2995925,5.3129644
107,864691135489677882,train,L3IT,pyramidal,6.0581293,9.6053295,2.516433
6100,864691135464991645,train,thalamocortical,thalamocortical,3.9188995,6.579121,1.81815
112,864691135504315317,test,L3IT,pyramidal,6.7270103,9.641768,2.7419176
688,864691135755707597,train,BipFam,BipFam,4.8494267,4.195124,1.2811965
1898,864691135387277397,test,thalamocortical,thalamocortical,4.333375,6.722551,1.011793
940,864691135106309709,train,NglFam,NglFam,6.259564,7.1002746,4.748533
2413,864691135866821340,train,thalamocortical,thalamocortical,4.3533874,5.4036126,4.414173
404,864691135689555680,train,NglFam,NglFam,7.227507,5.0271554,2.5731974
3627,864691135702887291,train,BasketFam,BasketFam,3.089641,5.744248,6.7606554
259,864691135343506885,train,BipFam,BipFam,6.3684025,8.736152,1.454001
3691,864691137056216950,train,MartFam,MartFam,2.9139633,5.9005923,2.2719395
1983,864691136118294692,train,thalamocortical,thalamocortical,6.345687,7.273525,2.1045146
829,864691135106309709,train,NglFam,NglFam,6.55812,8.935303,2.897625
453,864691134887444986,test,NglFam,NglFam,6.1006722,6.5088377,4.0386877
1143,864691135503782210,test,BipFam,BipFam,3.6375418,8.805803,4.6643867
895,864691134989909114,test,MartFam,MartFam,7.230556,5.2509108,2.3778982
2580,864691135343506885,train,BipFam,BipFam,4.1370544,4.9232993,3.384487
1143,864691135387277397,test,thalamocortical,thalamocortical,4.891266,9.102075,4.610969
3537,864691135941789606,train,BasketFam,BasketFam,2.1103914,5.9497747,5.3548727
505,864691136967703758,train,L4IT,pyramidal,6.857706,9.132844,3.8348773
3022,864691135511861968,test,MartFam,MartFam,6.6791844,3.9121928,2.188634
306,864691136991202453,train,L5ET,pyramidal,6.795612,8.09063,3.77108
240,864691136579358228,train,L6CT,pyramidal,6.5999513,9.364668,3.8119547
3603,864691135478095016,train,BasketFam,BasketFam,1.898878,7.2395935,5.3697762
1406,864691135387277397,test,thalamocortical,thalamocortical,4.4750695,5.448471,4.3157196
3264,864691136620192653,train,MartFam,MartFam,6.613408,3.8176978,2.7014246
466,864691134966710559,train,L4IT,pyramidal,7.0151567,9.138794,3.7944014
57,864691136674327431,train,L3IT,pyramidal,6.5357957,7.1893015,2.0821824
3227,864691135584019053,test,MartFam,MartFam,3.479176,4.0499134,0.5102217
1346,864691136034412219,train,MartFam,MartFam,4.669125,7.105814,4.0389333
443,864691135303514791,train,NglFam,NglFam,6.0018826,4.4592,2.5944037
268,864691135717457946,test,L4IT,pyramidal,6.2908263,7.9197874,1.3308301
767,864691135135019168,train,L3IT,pyramidal,4.418074,9.447142,4.848438
1408,864691135339982310,train,BasketFam,BasketFam,3.8641167,6.019972,5.3671703
882,864691136107486169,train,L4IT,pyramidal,6.3476562,7.2473893,1.7253186
24,864691135293096118,train,NglFam,NglFam,2.1316967,7.9235296,2.8104177
850,864691135294194358,train,thalamocortical,thalamocortical,3.6292624,7.185444,1.0379766
212,864691136991606421,train,L4IT,pyramidal,4.2787604,8.168961,3.3792362
829,864691136372954248,test,NglFam,NglFam,6.042952,5.152435,2.6543384
2178,864691135595810859,train,BasketFam,BasketFam,5.1225257,6.095941,2.9108825
458,864691135866821340,train,thalamocortical,thalamocortical,4.3016677,7.3025074,3.806661
317,864691136489623826,train,BasketFam,BasketFam,0.6766066,6.0367246,4.428122
1019,864691136118294692,train,thalamocortical,thalamocortical,2.4606154,7.203225,1.1940053
49,864691135592283403,train,L6IT,pyramidal,4.4010572,9.471456,4.9836664
266,864691135545730856,train,BipFam,BipFam,4.666242,9.068982,4.5620093
218,864691134941495395,train,L4IT,pyramidal,6.281618,7.2945104,1.6543373
125,864691135132887456,test,NglFam,NglFam,4.514314,6.7876234,3.905404
12,864691136053350131,test,thalamocortical,thalamocortical,3.9897552,6.8619924,1.1992898
161,864691135840033171,train,NglFam,NglFam,4.8813953,7.532079,1.52253
110,864691135857976366,train,BipFam,BipFam,4.839842,5.486154,1.3845793
1096,864691136011549614,train,BipFam,BipFam,7.5620418,5.9721923,2.6533084
990,864691136137210507,train,BipFam,BipFam,3.8559937,7.8075113,3.5137653
126,864691136118294692,train,thalamocortical,thalamocortical,7.297467,8.871024,3.1703012
2501,864691135997428394,test,thalamocortical,thalamocortical,3.1315272,6.857319,3.7368913
676,864691135858282030,train,MartFam,MartFam,2.6307538,7.890376,2.7077098
3567,864691135477104960,train,thalamocortical,thalamocortical,3.6314273,6.0892353,1.2197466
1704,864691135866821340,train,thalamocortical,thalamocortical,6.2320538,8.588172,1.5148742
2423,864691136021595384,train,BasketFam,BasketFam,1.696058,5.1350055,6.274572
644,864691135106309709,train,NglFam,NglFam,6.308803,7.0703025,4.740304
255,864691136273370302,train,NglFam,NglFam,6.628558,7.491253,4.5565853
3314,864691135779780797,test,MartFam,MartFam,3.4712138,4.0605636,1.5658402
815,864691136011549614,train,BipFam,BipFam,3.6606028,5.1118007,1.9462212
1096,864691136118294692,train,thalamocortical,thalamocortical,1.82179,6.9550767,3.0348294
174,864691135430275120,train,L4IT,pyramidal,6.4421353,8.282431,2.8720448
266,864691134887444986,test,NglFam,NglFam,3.8913217,8.921597,4.4423823
4937,864691135755605197,train,thalamocortical,thalamocortical,2.921166,7.0603867,0.9296442
4218,864691136619344859,test,BasketFam,BasketFam,3.887593,5.441708,5.2696223
978,864691136012173475,test,BipFam,BipFam,7.8506656,5.390493,2.7533317
2696,864691135339982310,train,BasketFam,BasketFam,2.4880505,5.9685616,5.3150997
839,864691135503782210,test,BipFam,BipFam,4.3000927,9.33641,3.629391
3443,864691135464991645,train,thalamocortical,thalamocortical,3.4887283,6.6463184,1.3351449
180,864691135309733190,train,NglFam,NglFam,7.532595,3.8862221,2.533613
1973,864691135447979922,train,BipFam,BipFam,4.997563,5.8759,0.95924467
4904,864691136390675216,train,BasketFam,BasketFam,6.72761,4.8067923,2.4060369
795,864691136005322698,test,BasketFam,BasketFam,6.971615,7.706317,3.2480536
2310,864691136011549614,train,BipFam,BipFam,6.79322,7.571299,2.1142285
409,864691137056216950,train,MartFam,MartFam,3.7748854,8.064714,2.6919286
2103,864691135470860370,test,BipFam,BipFam,3.2281053,6.3979316,2.8200388
716,864691134887444986,test,NglFam,NglFam,2.4465795,5.20064,1.5767775
1179,864691136145572404,train,BipFam,BipFam,4.2525415,7.547205,2.6162846
317,864691136145574196,test,L2IT,pyramidal,6.2730007,4.829278,1.6925107
4009,864691135325426076,train,MartFam,MartFam,5.0604525,9.200778,4.432054
4812,864691136007059658,test,BipFam,BipFam,4.500032,4.8731194,0.63128364
3609,864691135997428394,test,thalamocortical,thalamocortical,2.9157255,6.838802,0.94136053
418,864691136488999186,train,L4IT,pyramidal,6.134835,9.205425,3.8179386
227,864691135275949029,train,L2IT,pyramidal,6.391904,7.9052815,2.7762558
176,864691136273370302,train,NglFam,NglFam,6.203975,8.207625,4.993609
230,864691136034526651,train,BipFam,BipFam,4.913719,9.40194,4.6876473
141,864691135510406921,test,L3IT,pyramidal,5.062531,6.6919217,0.8397232
187,864691136239793212,test,NglFam,NglFam,6.260652,7.993299,1.1315346
665,864691135499616019,train,BasketFam,BasketFam,2.6210692,5.3438935,6.087353
2453,864691136288755395,train,thalamocortical,thalamocortical,3.312468,6.2596483,2.055113
840,864691136489055762,train,L4IT,pyramidal,6.675085,8.173014,2.754682
785,864691135562001633,train,MartFam,MartFam,1.6190714,6.562805,4.6424065
26,864691136336204979,train,NglFam,NglFam,4.1475005,5.6929555,1.9624772
94,864691134920000010,train,BasketFam,BasketFam,2.1838565,6.689412,5.3464665
256,864691136364166370,train,BipFam,BipFam,7.535041,5.639914,2.6005325
394,864691136391024144,train,NglFam,NglFam,2.225601,5.7659655,3.2323456
837,864691136010028974,train,L5IT,pyramidal,7.4989176,9.531473,2.9125378
17,864691135518283475,train,L3IT,pyramidal,6.826983,7.3170843,3.9337025
3095,864691135928029966,train,thalamocortical,thalamocortical,6.787728,8.930733,1.763662
805,864691135689555680,train,NglFam,NglFam,6.39693,4.3124666,2.6980064
134,864691135941886118,train,BipFam,BipFam,3.4017274,6.376272,3.3924017
6867,864691136914542577,train,MartFam,MartFam,3.2283175,5.3756523,1.0606126
465,864691135408560329,train,L2IT,pyramidal,7.526994,7.887207,3.1637464
1560,864691136595955362,train,MartFam,MartFam,2.665834,7.9632006,5.0817437
249,864691134887444986,test,NglFam,NglFam,7.8070173,4.7618823,2.7134178
366,864691136288752835,train,thalamocortical,thalamocortical,2.3155231,8.208336,3.0820065
7659,864691135346954143,train,MartFam,MartFam,5.888909,6.614397,1.6390561
2725,864691135464991645,train,thalamocortical,thalamocortical,4.640604,5.440282,4.6271453
2933,864691136484883756,train,BasketFam,BasketFam,3.866238,6.735594,6.399547
259,864691135891467401,test,L5IT,pyramidal,6.0771384,7.5640817,2.8217072
0,864691135741090196,train,L4IT,pyramidal,6.475543,7.891383,2.4573019
613,864691135293096118,train,NglFam,NglFam,4.6186953,9.4029875,4.3699484
171,864691136336204979,train,NglFam,NglFam,3.821159,6.4675093,3.0018015
301,864691135857976366,train,BipFam,BipFam,3.928664,5.852682,3.2360919
869,864691135990520064,train,BasketFam,BasketFam,5.5170374,8.034605,4.454149
178,864691135866821340,train,thalamocortical,thalamocortical,3.4099777,6.9976144,3.5574915
320,864691136273370302,train,NglFam,NglFam,6.231795,8.39907,4.9621005
3671,864691135309486662,train,BasketFam,BasketFam,2.2036889,4.987608,6.261359
7008,864691136006393034,train,MartFam,MartFam,4.189768,7.8694763,3.399917
559,864691136391024144,train,NglFam,NglFam,3.3499002,6.66477,2.6278207
581,864691135619463567,train,L4IT,pyramidal,4.885171,7.6562457,3.703536
180,864691135060768923,test,BipFam,BipFam,5.221529,8.900186,4.373616
1353,864691135659538306,train,thalamocortical,thalamocortical,1.1352679,6.680764,2.4716992
177,864691136273370302,train,NglFam,NglFam,5.521985,7.2584825,1.1108594
2539,864691135464991645,train,thalamocortical,thalamocortical,4.4231744,7.494543,2.171415
304,864691135755197133,train,L5IT,pyramidal,5.6969514,7.4053645,4.029063
788,864691136595955362,train,MartFam,MartFam,3.0789304,7.6617856,4.0475163
479,864691135689555680,train,NglFam,NglFam,3.2298298,4.935148,2.3856661
5021,864691135456535658,train,MartFam,MartFam,4.28269,6.702532,0.895383
670,864691135764631862,train,L3IT,pyramidal,2.3435903,6.467164,2.5538435
2606,864691135464991645,train,thalamocortical,thalamocortical,4.0524697,5.4300265,3.206074
3104,864691135782873936,test,thalamocortical,thalamocortical,4.5574985,9.262551,4.180667
158,864691136438372254,train,BipFam,BipFam,6.771317,5.207216,2.1919467
915,864691135106309709,train,NglFam,NglFam,6.388285,9.027347,1.5766287
7225,864691135875919502,test,MartFam,MartFam,3.845324,4.0077004,0.6569129
1239,864691135783317840,train,thalamocortical,thalamocortical,2.909783,7.266496,0.6906415
9319,864691135271967397,train,MartFam,MartFam,3.6753392,4.491679,0.5471732
653,864691136107486169,train,L4IT,pyramidal,4.394235,9.033061,4.4691434
529,864691135742677867,train,BipFam,BipFam,3.5916939,6.87143,2.818597
853,864691135885663600,train,L5NP,pyramidal,3.4994934,8.9270115,4.849634
115,864691136239793212,test,NglFam,NglFam,5.913745,8.552943,3.3680992
229,864691135376096329,train,BipFam,BipFam,6.0858297,9.578615,2.4216967
543,864691136053350131,test,thalamocortical,thalamocortical,2.781778,7.1885395,2.556131
941,864691135685030130,train,thalamocortical,thalamocortical,3.2420154,7.1956253,3.6225154
715,864691136041321982,train,MartFam,MartFam,6.725271,3.231784,2.0756106
263,864691135699522069,train,L5IT,pyramidal,7.366129,5.8458004,2.8342512
1169,864691135562842337,test,L3IT,pyramidal,2.9166536,7.2066154,2.711892
108,864691135106309709,train,NglFam,NglFam,6.3501835,9.687415,2.0994115
69,864691135728030015,train,L4IT,pyramidal,4.400562,5.530384,3.0994184
33,864691135303514791,train,NglFam,NglFam,6.8217826,4.845918,2.4240234
210,864691135941886118,train,BipFam,BipFam,5.23463,7.4712076,2.151962
3500,864691136007059658,test,BipFam,BipFam,5.7254705,4.237548,1.5194889
96,864691136011549614,train,BipFam,BipFam,4.458132,7.7789464,4.040106
293,864691135611140359,test,L4IT,pyramidal,6.3313675,8.391558,3.2576582
242,864691136025992761,train,BipFam,BipFam,2.5499108,7.133789,2.522113
1808,864691135369668089,train,BasketFam,BasketFam,1.5706073,6.5799246,5.9564214
4825,864691136033871035,train,thalamocortical,thalamocortical,3.0745091,7.063988,0.9380653
4804,864691136145494068,train,BasketFam,BasketFam,2.9775865,5.9701924,5.5297017
2254,864691135470255698,train,thalamocortical,thalamocortical,3.958723,6.981563,0.6957684
177,864691135359413848,train,BipFam,BipFam,5.0880256,6.2730904,1.1092548
198,864691135742824555,train,BipFam,BipFam,4.586963,8.330574,4.1083035
2888,864691135659538306,train,thalamocortical,thalamocortical,1.5331868,7.5375915,2.4665928
158,864691135885623408,train,L6CT,pyramidal,5.6501174,7.005857,4.52005
243,864691136484883756,train,BasketFam,BasketFam,7.0832286,8.358903,2.8666878
1294,864691135346954143,train,MartFam,MartFam,2.5241845,7.8738647,3.9381561
438,864691136053350131,test,thalamocortical,thalamocortical,6.6364136,7.3779483,1.7252617
207,864691135954940424,train,BipFam,BipFam,6.4273553,9.642348,2.496205
359,864691136022214648,train,L4IT,pyramidal,6.81441,9.467656,3.606468
10761,864691135210446457,train,MartFam,MartFam,4.520146,6.183157,1.2017438
100,864691136273370302,train,NglFam,NglFam,7.235837,9.806464,2.5270262
491,864691135948823905,test,MartFam,MartFam,6.446988,7.1436744,4.695892
138,864691135990701056,train,L4IT,pyramidal,7.5101366,7.7543216,2.9635005
1411,864691136145572404,train,BipFam,BipFam,2.4425282,6.4911366,1.8331552
200,864691135479833030,train,L4IT,pyramidal,5.1685576,4.8715553,0.6064576
420,864691135119335645,train,thalamocortical,thalamocortical,4.098885,7.424226,3.1215773
752,864691135464946757,test,BasketFam,BasketFam,2.5440466,5.449517,6.46034
423,864691136925825354,test,BasketFam,BasketFam,2.1676698,7.991525,5.764764
1080,864691135976105839,train,L4IT,pyramidal,2.7619119,7.5037227,2.6566777
1670,864691135470860370,test,BipFam,BipFam,3.3532796,6.9231,2.2543817
1334,864691136925008100,train,BipFam,BipFam,4.033414,7.7275343,2.1083379
774,864691135343601093,train,BasketFam,BasketFam,6.538542,7.4122963,4.7228556
5,864691135689555680,train,NglFam,NglFam,4.5450015,6.8829074,3.2808678
975,864691136120465944,train,thalamocortical,thalamocortical,3.5015702,6.382611,1.230625
4438,864691135294194358,train,thalamocortical,thalamocortical,4.154392,6.258061,1.3578506
127,864691134887444986,test,NglFam,NglFam,2.9047954,5.4722676,2.934904
78,864691134887444986,test,NglFam,NglFam,2.6790164,5.382312,2.4748333
14685,864691135779780797,test,MartFam,MartFam,4.5826416,4.467447,0.580114
420,864691135132887456,test,NglFam,NglFam,7.761969,4.4538217,2.5256422
2760,864691135212863360,train,MartFam,MartFam,7.804203,6.015928,2.7674336
348,864691136391024144,train,NglFam,NglFam,2.0351021,5.7088895,2.0190246
523,864691135741197716,train,L4IT,pyramidal,6.5689287,7.0531335,1.5489066
3195,864691135941789606,train,BasketFam,BasketFam,1.5566461,5.8621063,5.361614
237,864691136118805668,train,L6IT,pyramidal,4.4840016,9.318647,4.209349
881,864691135685030130,train,thalamocortical,thalamocortical,4.0757504,6.2368326,3.2211356
843,864691135689555680,train,NglFam,NglFam,3.7787788,5.949448,1.6050471
3362,864691135258628527,test,BasketFam,BasketFam,2.8612099,5.6049123,5.7930875
130,864691135303514791,train,NglFam,NglFam,7.1414456,3.9204137,2.972078
683,864691135398762529,train,BipFam,BipFam,3.552816,7.88745,4.118035
2263,864691136007059658,test,BipFam,BipFam,3.8133829,6.683341,3.2545633
1097,864691136445968259,train,BasketFam,BasketFam,7.4544706,9.758345,2.7103536
152,864691135106309709,train,NglFam,NglFam,6.2453313,8.753417,2.8221984
449,864691136007059658,test,BipFam,BipFam,4.911117,5.6352334,4.183762
2957,864691135772774651,test,MartFam,MartFam,2.927414,5.120363,1.3673741
652,864691136052101363,train,BipFam,BipFam,5.2692556,9.548884,4.5651913
244,864691135294187190,train,L4IT,pyramidal,7.466296,9.291779,2.4110124
178,864691135778773856,train,BipFam,BipFam,6.937219,8.191056,2.7632244
1917,864691135119335645,train,thalamocortical,thalamocortical,3.6778681,6.9439335,3.4913304
1513,864691135778290109,train,BasketFam,BasketFam,2.0776024,7.441198,5.7893167
3764,864691135343509701,train,MartFam,MartFam,6.061771,7.2920685,4.846171
299,864691135778618029,train,BipFam,BipFam,3.5425735,9.040503,4.980291
5,864691136391024144,train,NglFam,NglFam,3.526418,8.710482,4.6675315
605,864691135566902039,train,BipFam,BipFam,5.8453383,4.5531363,1.5331463
244,864691135566824983,test,BipFam,BipFam,4.1642323,5.788224,1.7163979
405,864691135773208651,train,L4IT,pyramidal,6.0280104,7.8931537,2.802777
4021,864691135271970725,train,BasketFam,BasketFam,3.3557062,5.136504,6.0384073
669,864691135448256146,train,L4IT,pyramidal,6.5681424,6.3311486,2.2313817
4896,864691135362357319,train,BasketFam,BasketFam,3.9761724,5.8908854,5.0393696
2609,864691136021595384,train,BasketFam,BasketFam,1.5391662,5.652267,4.8960176
8116,864691135618332265,train,BasketFam,BasketFam,1.7485254,5.9804068,5.972283
116,864691136372954248,test,NglFam,NglFam,4.8111296,4.430249,0.7720161
678,864691135134585248,train,BipFam,BipFam,7.059527,9.7788105,1.9105009
5135,864691135464991645,train,thalamocortical,thalamocortical,2.3430703,6.9202323,3.3082113
63,864691135689555680,train,NglFam,NglFam,7.8902807,6.109392,2.8378086
3108,864691136053350131,test,thalamocortical,thalamocortical,2.0901492,6.95506,1.7153695
220,864691136298045979,test,L5IT,pyramidal,6.3067784,6.549118,2.9070463
662,864691135447979922,train,BipFam,BipFam,5.8325424,5.46679,2.5030017
498,864691135689555680,train,NglFam,NglFam,5.6307535,4.071633,1.622875
225,864691135969582181,train,MartFam,MartFam,7.740776,5.124133,2.4290197
22,864691134989909114,test,MartFam,MartFam,4.1336784,8.067818,2.2906594
293,864691135570791558,test,L4IT,pyramidal,6.5193677,9.459627,3.687089
589,864691135866821340,train,thalamocortical,thalamocortical,4.324407,5.4858327,0.69663185
5598,864691135774221643,train,MartFam,MartFam,3.3693798,6.1252503,2.651967
139,864691135809456669,test,L6IT,pyramidal,2.8489475,6.9751363,2.7737072
432,864691135689555680,train,NglFam,NglFam,4.457807,4.7340565,2.397508
22,864691135584471405,train,BipFam,BipFam,7.877945,5.0140076,2.8278866
986,864691136975332380,train,L4IT,pyramidal,6.3617787,6.566555,1.816271
5286,864691135387529301,test,BasketFam,BasketFam,7.0095305,7.817964,3.2210863
242,864691137199860033,test,BasketFam,BasketFam,1.4339652,7.3144283,5.1494875
700,864691136596901026,train,L4IT,pyramidal,7.382006,9.218341,2.9768646
3281,864691136033871035,train,thalamocortical,thalamocortical,3.2611356,7.1767054,0.88156235
983,864691135470860370,test,BipFam,BipFam,2.3200119,6.247176,2.2170038
7424,864691135346954143,train,MartFam,MartFam,3.5856555,5.3096066,1.8758166
45,864691135305383591,train,NglFam,NglFam,6.55579,3.8741245,2.7624688
319,864691135545730856,train,BipFam,BipFam,7.5517473,8.127331,2.6350243
60,864691135840033171,train,NglFam,NglFam,5.600737,8.362045,1.9971653
438,864691136086632812,train,NglFam,NglFam,5.9189034,4.3887086,1.7724378
547,864691134965778719,train,L2IT,pyramidal,4.866887,8.551579,3.663883
3242,864691136033871035,train,thalamocortical,thalamocortical,3.5991185,6.8612623,1.1683052
365,864691135659566210,train,L4IT,pyramidal,5.5231037,9.094023,4.119792
26,864691135492614239,train,MartFam,MartFam,5.999193,7.348575,1.7960286
388,864691136107283417,train,L4IT,pyramidal,3.5634367,6.05719,2.9916458
23,864691136034199739,train,BipFam,BipFam,6.690584,7.805945,2.61645
5047,864691135464991645,train,thalamocortical,thalamocortical,4.0347223,6.059461,2.0418007
690,864691135545730856,train,BipFam,BipFam,6.5012946,9.412417,3.6949527
5300,864691136196932172,train,BasketFam,BasketFam,2.3542197,4.929136,6.241574
988,864691135388984961,train,BasketFam,BasketFam,2.2009084,6.6599226,4.058057
397,864691135369651193,train,BipFam,BipFam,3.4190137,5.9986835,2.9760234
494,864691136052101363,train,BipFam,BipFam,3.8085968,9.350941,5.109414
6246,864691136007059658,test,BipFam,BipFam,4.69162,5.546563,0.95820343
6637,864691136118878116,train,MartFam,MartFam,4.6466146,6.4050074,1.7399486
6146,864691136914542577,train,MartFam,MartFam,2.336202,7.3591213,2.6105862
1047,864691136372954248,test,NglFam,NglFam,3.4346735,4.606826,1.0820113
1442,864691135891690121,train,BasketFam,BasketFam,2.1783226,5.923818,4.6643367
250,864691135455701354,train,L4IT,pyramidal,6.5239635,6.9399056,1.6987615
185,864691135727686463,train,BipFam,BipFam,2.379048,7.340619,2.5978005
849,864691135689555680,train,NglFam,NglFam,3.4876316,6.6224623,2.0449526
9591,864691135346954143,train,MartFam,MartFam,2.889473,6.5331807,3.2955904
52,864691136523335057,test,L4IT,pyramidal,6.630755,7.245149,1.7843702
131,864691136125433894,train,L3IT,pyramidal,6.9036,8.181618,4.2798285
3604,864691135990672896,train,MartFam,MartFam,4.3842673,5.031386,2.846082
957,864691136372954248,test,NglFam,NglFam,4.2238283,4.49821,0.9794123
662,864691135773910603,train,L5IT,pyramidal,6.7242017,5.427404,2.3845015
5073,864691136381324501,train,BasketFam,BasketFam,1.911543,4.5533915,5.7645226
753,864691135477104960,train,thalamocortical,thalamocortical,4.073117,8.168586,3.3631287
5281,864691136033871035,train,thalamocortical,thalamocortical,3.536284,6.96188,0.67226857
325,864691135727961663,train,L4IT,pyramidal,7.1460958,9.519536,3.284844
3889,864691135720572977,train,MartFam,MartFam,2.005117,4.9785004,2.3588085
2308,864691135689015264,train,thalamocortical,thalamocortical,1.6796173,7.858864,2.5550451
2212,864691136007059658,test,BipFam,BipFam,4.4526854,6.627203,1.8023959
337,864691136273370302,train,NglFam,NglFam,5.83497,9.0300255,4.091384
49,864691135106309709,train,NglFam,NglFam,6.848333,9.642641,1.6433651
67,864691136239793212,test,NglFam,NglFam,6.253885,7.8589916,1.1040348
703,864691136967703758,train,L4IT,pyramidal,3.4709854,6.880223,2.1544597
512,864691135398762529,train,BipFam,BipFam,5.1649446,7.1056933,1.0866709
120,864691136210885820,test,L4IT,pyramidal,6.815081,9.188896,3.8709004
963,864691136619344859,test,BasketFam,BasketFam,1.1784693,5.805274,5.279376
1908,864691135689015264,train,thalamocortical,thalamocortical,2.6983104,7.6365175,3.6247153
3678,864691135778081453,train,thalamocortical,thalamocortical,5.489789,8.531638,3.6925676
3376,864691135409856713,train,BasketFam,BasketFam,2.9027317,4.7730675,4.9727
3122,864691135659538306,train,thalamocortical,thalamocortical,6.108165,9.0074215,1.576389
1487,864691135720572977,train,MartFam,MartFam,3.698299,4.2325993,0.8986101
295,864691135336840425,train,BasketFam,BasketFam,2.1648057,5.359872,5.200519
1009,864691135119709149,train,L3IT,pyramidal,4.7729774,9.205748,4.103932
538,864691135562001633,train,MartFam,MartFam,1.6359221,5.189293,5.124334
716,864691136033871035,train,thalamocortical,thalamocortical,3.2983446,6.796671,0.9702992
741,864691135689555680,train,NglFam,NglFam,6.3358054,3.7688398,2.0282135
0,864691136380312021,train,L2IT,pyramidal,6.1206994,8.640283,3.3195374
249,864691136239793212,test,NglFam,NglFam,6.67454,8.553989,1.9761904
2251,864691135810495005,train,BasketFam,BasketFam,3.7345512,5.5318108,5.497936
633,864691136372954248,test,NglFam,NglFam,5.9659944,5.834743,2.1870985
1317,864691135323181212,test,MartFam,MartFam,7.4132614,4.0540786,2.6973386
2173,864691135464678206,train,MartFam,MartFam,7.4605126,9.346955,2.7332184
402,864691136925008100,train,BipFam,BipFam,2.6224372,7.715526,3.981184
40,864691135271696549,test,L6IT,pyramidal,6.2551565,8.535947,1.6914846
1016,864691135396720885,train,BasketFam,BasketFam,2.1453283,5.670773,4.730456
1652,864691135946994785,train,BasketFam,BasketFam,5.522678,9.448962,4.11026
5966,864691135720572977,train,MartFam,MartFam,6.336858,4.604851,2.2591672
343,864691136372954248,test,NglFam,NglFam,3.0360067,6.2129464,2.4897792
38,864691135693735103,train,NglFam,NglFam,5.2927866,9.565412,4.500975
563,864691135689555680,train,NglFam,NglFam,7.0657244,4.1943345,2.329617
5790,864691135689015264,train,thalamocortical,thalamocortical,4.461129,7.9430847,1.571213
1071,864691135843242211,train,L4IT,pyramidal,6.8834195,8.302057,2.0940588
438,864691135659824514,train,BipFam,BipFam,6.6499057,7.1624217,4.3817515
5434,864691136118878116,train,MartFam,MartFam,1.9727421,4.962126,2.1062336
5237,864691136138622333,train,BasketFam,BasketFam,4.7262325,5.5543804,4.575958
2115,864691135387277397,test,thalamocortical,thalamocortical,2.3651218,6.6539626,2.7109108
991,864691135101595680,test,L4IT,pyramidal,5.0062485,5.046111,0.4527039
2918,864691135782873936,test,thalamocortical,thalamocortical,2.9484143,7.0885744,2.9464324
275,864691135727686463,train,BipFam,BipFam,2.341631,7.5846114,2.5452366
279,864691135742824555,train,BipFam,BipFam,3.215891,7.3470225,2.871858
2490,864691136288755395,train,thalamocortical,thalamocortical,3.515554,5.6793246,2.1603174
1741,864691135739131780,train,MartFam,MartFam,4.224809,5.348748,3.6934104
3995,864691135196475434,train,MartFam,MartFam,3.6634662,5.7429338,2.1527143
1025,864691135755605197,train,thalamocortical,thalamocortical,2.4007096,7.0666103,1.3264725
225,864691135941886118,train,BipFam,BipFam,5.566648,7.507356,2.1712844
258,864691136086632812,train,NglFam,NglFam,5.679172,4.9519787,1.4868103
1590,864691135562950369,train,BipFam,BipFam,6.0404425,6.646631,3.6368833
187,864691136364166370,train,BipFam,BipFam,6.2511525,7.637898,1.3121445
4491,864691136033871035,train,thalamocortical,thalamocortical,2.0477395,6.8502207,1.9837545
75,864691136664127454,test,L4IT,pyramidal,4.008227,7.7366176,2.3212264
448,864691136331214058,test,L2IT,pyramidal,5.9930778,8.244258,1.3227403
6,864691136025504569,train,L4IT,pyramidal,3.8979652,7.4966755,3.0508044
203,864691136011733934,train,MartFam,MartFam,3.147729,7.735413,3.9978862
188,864691136814442867,train,L2IT,pyramidal,7.6821923,7.687354,3.2409232
253,864691135499231763,train,L4IT,pyramidal,5.191344,6.279529,2.2968078
234,864691135503782210,test,BipFam,BipFam,6.230341,8.224435,1.6004571
508,864691135456493418,test,BipFam,BipFam,7.333555,6.36867,2.9777734
917,864691135561699041,train,MartFam,MartFam,3.9277654,7.6158705,4.045101
2128,864691135577202181,train,MartFam,MartFam,3.7730405,7.0366592,2.181465
298,864691136026013497,train,BipFam,BipFam,6.4309025,8.309899,1.1679857
816,864691136372954248,test,NglFam,NglFam,4.451247,4.9409537,1.9323003
475,864691136484876588,train,MartFam,MartFam,5.634771,6.3654523,1.0440445
1890,864691135577202181,train,MartFam,MartFam,2.6024225,7.866854,2.899092
201,864691135659824514,train,BipFam,BipFam,3.4142468,5.7518735,6.163824
3521,864691135702887291,train,BasketFam,BasketFam,2.050494,7.7616315,5.9174075
5438,864691135616183499,train,BasketFam,BasketFam,4.654411,5.946908,2.3419907
2069,864691135689015264,train,thalamocortical,thalamocortical,2.2412422,7.3030405,2.186
1147,864691136033871035,train,thalamocortical,thalamocortical,4.073682,6.26635,1.2992733
1132,864691135214970752,train,BipFam,BipFam,7.100701,9.271216,2.1002085
1596,864691135470255698,train,thalamocortical,thalamocortical,3.8498447,7.28158,0.82489985
1564,864691135783317840,train,thalamocortical,thalamocortical,4.065316,5.6475325,3.0941672
366,864691135992790209,train,BipFam,BipFam,5.180704,9.536394,4.6147103
1935,864691137022180974,test,MartFam,MartFam,2.9203157,8.77349,3.9073172
1303,864691134966249759,train,thalamocortical,thalamocortical,2.5425642,7.3310843,2.96027
2889,864691136091233847,train,thalamocortical,thalamocortical,3.3334427,6.9843783,1.1510545
3187,864691136336192947,train,BasketFam,BasketFam,1.3704416,5.804598,5.003909
667,864691136364166370,train,BipFam,BipFam,5.1613293,8.591725,3.1583786
26,864691135137299481,test,L4IT,pyramidal,6.885245,8.003281,3.7420397
5878,864691135720572977,train,MartFam,MartFam,6.5835853,4.411029,2.4314222
4549,864691135210446457,train,MartFam,MartFam,2.3991337,4.414703,1.526901
55,864691136391024144,train,NglFam,NglFam,6.2143784,6.680026,1.3019767
261,864691135503004765,train,BipFam,BipFam,6.290953,7.0021086,1.323613
384,864691136372954248,test,NglFam,NglFam,6.5152307,7.7118406,1.7523228
2137,864691136120465944,train,thalamocortical,thalamocortical,1.9722035,6.746938,3.1752694
3387,864691135892233097,train,BasketFam,BasketFam,2.0412645,6.841443,5.4396605
1492,864691135480702662,train,MartFam,MartFam,2.4640708,4.4196568,1.0662521
231,864691135464671550,train,L2IT,pyramidal,7.5138817,4.21653,3.0604854
4921,864691136288755395,train,thalamocortical,thalamocortical,4.755749,6.301862,1.0171217
3216,864691135362357319,train,BasketFam,BasketFam,1.8068427,4.682958,5.716917
835,864691135659538306,train,thalamocortical,thalamocortical,7.1563826,7.688088,3.1822224
2,864691135990564864,train,NglFam,NglFam,6.981473,4.0000305,2.4960926
41,864691136026013497,train,BipFam,BipFam,5.0747166,7.397209,1.8747857
1228,864691135573245165,train,BasketFam,BasketFam,6.5552754,7.0054145,3.286953
505,864691136100014453,train,BipFam,BipFam,5.383124,9.317671,4.2525945
353,864691135946994785,train,BasketFam,BasketFam,2.481106,5.6021357,5.443091
208,864691136372039560,train,L6IT,pyramidal,6.9054337,9.350396,3.7434394
422,864691135742097044,train,L4IT,pyramidal,4.3206053,8.17106,3.4246752
3555,864691136445968259,train,BasketFam,BasketFam,1.910758,5.1029162,2.5678127
112,864691135573276197,train,L6IT,pyramidal,6.297452,9.421163,3.9341602
953,864691136145537844,train,BipFam,BipFam,6.433129,9.017177,1.5640906
500,864691135689555680,train,NglFam,NglFam,7.4156857,4.935962,2.4717836
174,864691135258646703,test,L3IT,pyramidal,7.6225615,7.5060477,2.5571742
118,864691136228538961,train,L5IT,pyramidal,6.210498,8.461458,4.283587
1974,864691135659538306,train,thalamocortical,thalamocortical,4.5948467,6.3413754,0.8823349
70,864691136091233847,train,thalamocortical,thalamocortical,3.4338744,6.4691434,1.8105097
1393,864691136813553523,train,BasketFam,BasketFam,2.5230124,7.6836185,5.562062
4788,864691135739131780,train,MartFam,MartFam,3.441801,6.201632,3.3231359
2222,864691136288755395,train,thalamocortical,thalamocortical,6.151991,8.134198,2.5353937
662,864691135685250546,train,BasketFam,BasketFam,2.8335426,5.71923,6.0185776
188,864691135499624723,train,BasketFam,BasketFam,1.9824766,4.80738,5.7358823
461,864691135954393891,train,L4IT,pyramidal,6.4272823,8.4327,1.7338797
409,864691136273370302,train,NglFam,NglFam,7.490938,9.997458,2.6192276
2996,864691135373601736,train,BasketFam,BasketFam,7.6013875,9.998133,3.240711
52,864691135106309709,train,NglFam,NglFam,7.1487694,9.692588,2.985557
671,864691136364166370,train,BipFam,BipFam,5.2248454,4.7989283,0.6354925
53,864691135858273326,train,L4IT,pyramidal,2.656986,7.195172,2.3371344
124,864691136033227451,train,L3IT,pyramidal,4.848629,5.5383844,1.1178973
241,864691136913135089,train,MartFam,MartFam,3.7104166,6.769801,6.473398
3874,864691136007059658,test,BipFam,BipFam,5.4252276,6.2257423,1.1303285
5558,864691136067404440,test,MartFam,MartFam,2.004663,6.8064513,2.6515296
149,864691136314473021,train,L5IT,pyramidal,4.3843784,7.1340346,1.118853
659,864691135447979922,train,BipFam,BipFam,2.518167,5.840812,2.9870343
368,864691136390675216,train,BasketFam,BasketFam,2.1365063,4.66549,5.4978156
9677,864691135210446457,train,MartFam,MartFam,3.896344,4.7606955,1.2026156
2439,864691135946994785,train,BasketFam,BasketFam,3.5048616,6.0848365,5.810263
250,864691135547082280,train,L4IT,pyramidal,4.1479807,6.9522514,1.2688556
217,864691136100014453,train,BipFam,BipFam,4.3467946,7.230987,2.3994057
2220,864691136925008100,train,BipFam,BipFam,3.7518494,6.2558637,4.887477
1486,864691135499624723,train,BasketFam,BasketFam,2.4508777,5.361843,5.216291
849,864691135562798817,train,L3IT,pyramidal,7.5638356,9.856111,2.5738401
1807,864691135659538306,train,thalamocortical,thalamocortical,5.2592273,6.768969,0.9483396
530,864691136391024144,train,NglFam,NglFam,4.9442596,4.4886546,1.1589723
359,864691135431441968,train,thalamocortical,thalamocortical,2.7591128,6.9636807,2.4804263
5489,864691135106209101,train,BasketFam,BasketFam,1.3930577,5.711354,4.9773183
1773,864691135387277397,test,thalamocortical,thalamocortical,2.3819134,6.916744,1.5214878
466,864691136391024144,train,NglFam,NglFam,1.9060774,4.9965754,2.4262946
172,864691135465001373,train,BasketFam,BasketFam,1.9242332,6.2262034,4.894973
3075,864691135466333509,train,BasketFam,BasketFam,1.9637746,5.0484095,6.0410905
1293,864691135782873936,test,thalamocortical,thalamocortical,2.3618248,7.721943,4.0749106
5211,864691135384716762,train,MartFam,MartFam,3.350047,4.971269,3.101056
2596,864691135477104960,train,thalamocortical,thalamocortical,4.037376,9.103335,4.2740507
361,864691135303514791,train,NglFam,NglFam,6.991889,4.0327654,3.0843198
1784,864691135477104960,train,thalamocortical,thalamocortical,1.2178029,6.8243074,2.5892856
1036,864691137056216950,train,MartFam,MartFam,2.2819064,6.2983656,1.9523735
4151,864691135456535658,train,MartFam,MartFam,5.582939,6.428747,1.0284328
1,864691135919956656,train,L2IT,pyramidal,4.556225,6.487088,2.678559
4142,864691136145494068,train,BasketFam,BasketFam,1.8282037,5.799235,4.900169
327,864691136391024144,train,NglFam,NglFam,2.8355167,8.193086,3.842699
7063,864691135839979667,train,MartFam,MartFam,5.517907,5.890807,2.7349164
150,864691136336204979,train,NglFam,NglFam,6.9791193,3.280391,2.2541049
474,864691136025992761,train,BipFam,BipFam,7.204791,9.334139,2.9465456
1076,864691135404765166,train,MartFam,MartFam,4.918743,5.520759,0.6473525
3876,864691135584019053,test,MartFam,MartFam,3.0183554,4.6160936,1.1295682
516,864691136053350131,test,thalamocortical,thalamocortical,2.4788444,6.324705,2.6255286
3714,864691135858282030,train,MartFam,MartFam,2.8422832,4.2651854,0.79264534
2899,864691136118294692,train,thalamocortical,thalamocortical,2.9348981,7.4402957,3.40855
2912,864691135689015264,train,thalamocortical,thalamocortical,2.3913326,6.1035132,2.3864026
476,864691136145572404,train,BipFam,BipFam,5.7973633,6.623134,1.3128892
91,864691135511861968,test,MartFam,MartFam,3.2993267,7.126958,6.3036003
775,864691136273370302,train,NglFam,NglFam,7.084623,9.522489,2.8169825
617,864691134887444986,test,NglFam,NglFam,6.0914845,4.906087,2.6311216
89,864691135493031519,train,L4IT,pyramidal,5.8781376,7.848171,3.1111085
762,864691136108370905,train,BipFam,BipFam,6.1648965,8.708878,1.7625067
238,864691135783317840,train,thalamocortical,thalamocortical,2.0973516,8.067085,2.9175677
93,864691136674744199,train,L4IT,pyramidal,6.4268985,7.9469247,3.7880921
0,864691135938404612,train,BipFam,BipFam,7.50999,7.969859,3.3079805
905,864691134949248508,test,L5IT,pyramidal,6.5348434,7.4868,4.7128706
2264,864691135756844242,test,MartFam,MartFam,5.0410676,4.476171,1.0079744
3254,864691136814345075,train,MartFam,MartFam,7.8014936,5.999752,2.8198686
1864,864691135464991645,train,thalamocortical,thalamocortical,3.529117,6.4987755,0.97707146
588,864691136391024144,train,NglFam,NglFam,5.2971263,6.8950357,1.6613587
82,864691135689555680,train,NglFam,NglFam,1.9933766,5.8198113,1.9249204
88,864691136033871035,train,thalamocortical,thalamocortical,3.3291757,6.6759224,1.2051542
4821,864691135015437462,test,BasketFam,BasketFam,1.0824815,5.44069,5.280707
693,864691136033871035,train,thalamocortical,thalamocortical,6.3199205,7.4653664,2.3360913
930,864691135106309709,train,NglFam,NglFam,7.117251,9.8217125,2.2291737
2715,864691136914542577,train,MartFam,MartFam,1.9359467,5.14523,2.766915
1554,864691135350977751,train,MartFam,MartFam,7.2420144,5.1407423,2.3960147
3245,864691136053350131,test,thalamocortical,thalamocortical,2.495735,7.2583213,1.0631269
1155,864691135448017554,train,BasketFam,BasketFam,2.420346,6.906859,3.6840987
267,864691135303514791,train,NglFam,NglFam,6.869698,3.7969956,2.8148158
643,864691136288755395,train,thalamocortical,thalamocortical,2.675375,6.8956304,2.2003233
79,864691135106309709,train,NglFam,NglFam,3.958848,9.461064,5.151756
70,864691135293096118,train,NglFam,NglFam,2.6061385,8.242748,3.1119668
3943,864691135106209101,train,BasketFam,BasketFam,0.672055,6.0546355,4.4150777
2996,864691135659538306,train,thalamocortical,thalamocortical,3.0140123,6.9481177,3.3086584
25,864691135875460494,train,L6CT,pyramidal,4.079122,9.229223,4.878659
4403,864691135778081453,train,thalamocortical,thalamocortical,1.5475969,7.384372,2.6607738
655,864691135479833030,train,L4IT,pyramidal,6.6726375,6.8121147,2.628225
348,864691135996891050,test,BipFam,BipFam,5.580609,8.871498,4.8593497
2095,864691136091233847,train,thalamocortical,thalamocortical,5.1090307,8.559534,3.9023235
1930,864691135739131780,train,MartFam,MartFam,3.4407535,4.510274,1.2676818
1749,864691135920776624,train,MartFam,MartFam,3.2406323,6.2480755,2.341706
377,864691136033871035,train,thalamocortical,thalamocortical,3.1859503,5.916084,3.0374916
479,864691136391024144,train,NglFam,NglFam,3.1617677,5.1320243,2.5899978
4557,864691135271967397,train,MartFam,MartFam,4.083346,9.269455,4.2931952
16,864691135587622268,test,BipFam,BipFam,7.420664,9.276097,3.3789408
1449,864691135853090503,test,BasketFam,BasketFam,1.3678222,5.7564106,5.0598483
14904,864691136914542577,train,MartFam,MartFam,4.3727236,6.273649,3.6799932
179,864691136488621842,train,L6CT,pyramidal,5.7212696,8.98113,3.8739045
784,864691136273370302,train,NglFam,NglFam,7.209202,9.937014,2.2123456
1726,864691136523971473,train,BipFam,BipFam,5.2240305,7.686229,3.7655864
3031,864691135294194358,train,thalamocortical,thalamocortical,1.2825606,6.653778,3.1418571
316,864691136211371452,train,L4IT,pyramidal,4.487355,5.966718,2.9878135
1245,864691134966621471,train,MartFam,MartFam,3.9411004,4.7091475,0.6477937
565,864691135447979922,train,BipFam,BipFam,5.707246,5.279001,1.5965613
1337,864691136238652476,train,MartFam,MartFam,3.9690077,8.3072605,3.6796463
881,864691135783317840,train,thalamocortical,thalamocortical,3.4985244,6.9721193,1.0704235
2284,864691136312445786,train,BasketFam,BasketFam,2.8826606,5.189897,5.9083333
1104,864691135997140906,train,BipFam,BipFam,6.4968038,6.9721346,1.7818677
522,864691135990672896,train,MartFam,MartFam,6.547073,8.544705,1.2697766
7837,864691135739131780,train,MartFam,MartFam,5.323484,4.754849,0.685494
772,864691135773694795,train,L4IT,pyramidal,3.8278275,6.1753316,2.8142915
141,864691136229366097,test,BasketFam,BasketFam,2.6542704,5.6862903,5.668942
1642,864691136372954248,test,NglFam,NglFam,4.998792,6.4844713,1.5781724
82,864691136239793212,test,NglFam,NglFam,6.9988527,9.877506,1.8445424
9,864691136391024144,train,NglFam,NglFam,3.254243,7.999731,4.0402856
1588,864691135235206489,train,MartFam,MartFam,5.714645,5.2339597,1.3976572
162,864691136268801268,test,L2IT,pyramidal,7.0590525,6.0182323,2.3767514
11,864691135885996912,train,BipFam,BipFam,5.1042614,6.815803,2.7810535
1648,864691135586022264,train,BasketFam,BasketFam,1.87973,7.4626307,5.4054112
195,864691136273370302,train,NglFam,NglFam,5.4379554,8.598284,4.7672124
2440,864691136040742142,test,BasketFam,BasketFam,2.7547824,5.080031,6.4405155
474,864691135369651193,train,BipFam,BipFam,3.253331,7.0692897,2.9098153
193,864691136118294692,train,thalamocortical,thalamocortical,7.5174017,6.100722,2.790537
410,864691136372954248,test,NglFam,NglFam,2.4274628,6.294349,2.9956427
519,864691136453442303,train,L4IT,pyramidal,4.0098014,9.568311,5.2245755
740,864691135566902039,train,BipFam,BipFam,4.050905,6.2750793,3.2292988
316,864691136524014993,train,BasketFam,BasketFam,2.016444,6.022579,4.516455
401,864691136239793212,test,NglFam,NglFam,5.92147,7.01844,4.733745
565,864691134887444986,test,NglFam,NglFam,3.7682405,5.631186,1.9966714
237,864691136298913563,train,MartFam,MartFam,3.3017025,4.3666687,2.1068013
1069,864691136145537844,train,BipFam,BipFam,3.877541,5.20577,0.7046908
3665,864691137056216950,train,MartFam,MartFam,6.7497196,9.406185,1.5034317
184,864691136239980604,train,L4IT,pyramidal,5.532094,7.4660616,3.1987934
708,864691135431579440,train,BipFam,BipFam,3.597514,4.9125204,6.0271916
580,864691135839979667,train,MartFam,MartFam,2.5721445,4.2537,1.1203038
4245,864691136381324501,train,BasketFam,BasketFam,6.2272224,6.4531984,3.9279163
481,864691134887444986,test,NglFam,NglFam,5.047084,4.811173,1.3022648
89,864691135339729894,train,L4IT,pyramidal,7.444426,6.3753777,2.9727046
2599,864691135839979667,train,MartFam,MartFam,4.0519357,4.9201164,3.460544
132,864691135686399415,train,BipFam,BipFam,6.211456,5.726577,1.8231304
273,864691135993770945,test,BipFam,BipFam,4.8938255,9.188631,4.7078176
187,864691135717163802,train,L2IT,pyramidal,7.611648,7.3954797,3.086252
967,864691136288755395,train,thalamocortical,thalamocortical,7.1516323,5.4496965,2.6525853
605,864691135562950369,train,BipFam,BipFam,5.1797423,5.3516355,1.5857935
3606,864691135764678198,test,MartFam,MartFam,5.4159336,4.5915256,1.5346777
1692,864691135997428394,test,thalamocortical,thalamocortical,1.4590756,6.697971,3.8691988
3492,864691135755605197,train,thalamocortical,thalamocortical,3.7187152,6.7811217,1.3071502
2506,864691135659538306,train,thalamocortical,thalamocortical,4.2114005,6.947533,2.2490444
1624,864691135928029966,train,thalamocortical,thalamocortical,4.7935476,7.7146935,4.3613095
52,864691135840033171,train,NglFam,NglFam,4.3125463,8.186319,4.0409703
696,864691135448017554,train,BasketFam,BasketFam,1.4725096,5.6246967,4.7871346
905,864691135778081453,train,thalamocortical,thalamocortical,1.7106513,6.8414497,2.1000683
3513,864691136033871035,train,thalamocortical,thalamocortical,3.9443834,6.089005,1.5445431
1268,864691135409856713,train,BasketFam,BasketFam,6.364145,6.2147155,2.2445438
538,864691135115194009,train,BipFam,BipFam,5.9687023,7.692408,4.8392773
3775,864691135477104960,train,thalamocortical,thalamocortical,1.6772308,7.087609,3.2807713
534,864691135155894884,train,L2IT,pyramidal,5.8739014,8.339369,4.690442
8456,864691135196475434,train,MartFam,MartFam,2.7590868,4.25702,1.1040083
3433,864691136091233847,train,thalamocortical,thalamocortical,3.1411614,7.3453336,1.0450238
741,864691136445062787,test,L4IT,pyramidal,7.379594,7.8789907,3.1077337
97,864691135447653010,train,L5IT,pyramidal,6.810015,5.8661385,2.289779
2276,864691136011733934,train,MartFam,MartFam,3.074161,8.71557,5.312175
1905,864691136058602712,train,thalamocortical,thalamocortical,3.0378368,7.068678,3.4282553
311,864691134991032954,train,L4IT,pyramidal,4.656758,7.093012,1.0026975
4428,864691136298913563,train,MartFam,MartFam,6.7441926,4.1829777,2.7091343
161,864691135764890678,train,MartFam,MartFam,3.2494283,5.1912665,3.1096404
1921,864691136007059658,test,BipFam,BipFam,4.1578836,8.9619465,4.652024
1620,864691135689015264,train,thalamocortical,thalamocortical,2.1818295,7.9549704,4.0826597
4366,864691135499616019,train,BasketFam,BasketFam,1.6200345,5.778616,5.245835
1861,864691135561699041,train,MartFam,MartFam,2.4185524,5.1374097,2.3420994
815,864691135689555680,train,NglFam,NglFam,6.704022,3.567205,2.1768134
3516,864691136742921308,test,BasketFam,BasketFam,2.346973,5.987654,5.550479
452,864691135865774206,train,L4IT,pyramidal,5.3571,6.698796,0.94865894
916,864691136595955362,train,MartFam,MartFam,2.0396323,5.889461,2.6830676
5902,864691135499765267,train,MartFam,MartFam,2.801941,8.009985,4.1004815
1924,864691135480702662,train,MartFam,MartFam,4.0607486,7.382723,1.7450755
4118,864691136453186559,train,BasketFam,BasketFam,3.8548288,6.1851153,5.6936126
2000,864691136033871035,train,thalamocortical,thalamocortical,3.4287295,8.614515,4.5921397
3075,864691135584068717,train,BasketFam,BasketFam,2.2349033,4.612716,6.18397
116,864691136108378073,train,L4IT,pyramidal,3.4130638,5.5198264,3.0722063
1792,864691135878586963,test,thalamocortical,thalamocortical,5.9137664,9.174864,3.8378277
3063,864691136053350131,test,thalamocortical,thalamocortical,2.4241889,8.210086,3.3436325
352,864691135948215076,test,BipFam,BipFam,5.1705527,5.979493,2.4814095
103,864691136523889553,train,BasketFam,BasketFam,2.4821572,4.6653247,6.1388216
438,864691135875919502,test,MartFam,MartFam,7.795615,5.437943,2.5125897
4171,864691135294194358,train,thalamocortical,thalamocortical,2.6706438,7.086621,0.9914475
394,864691136012173475,test,BipFam,BipFam,7.1558933,5.0428767,3.182156
624,864691136058745048,train,L4IT,pyramidal,7.553935,10.026913,3.1348839
666,864691136438216350,train,BasketFam,BasketFam,4.1511955,6.014302,5.461475
1499,864691135732257721,train,BasketFam,BasketFam,3.0359042,5.3018537,5.944201
1239,864691134989909114,test,MartFam,MartFam,7.885512,4.581395,2.645142
557,864691136117695908,train,L4IT,pyramidal,6.291795,7.7397447,2.4820774
163,864691135503004765,train,BipFam,BipFam,7.926311,4.999432,2.783053
4866,864691135464991645,train,thalamocortical,thalamocortical,1.6689495,6.849586,2.978402
2680,864691136007059658,test,BipFam,BipFam,6.299286,7.1976757,1.6145651
180,864691136524282001,train,NglFam,NglFam,7.1267457,4.4348497,2.6424701
182,864691135763362102,test,L4IT,pyramidal,6.330489,7.5854254,3.277411
158,864691135701340194,train,BasketFam,BasketFam,1.6879845,5.1481056,5.6326303
1019,864691136137168779,train,BipFam,BipFam,5.8644104,8.956893,2.9613917
1390,864691136058602712,train,thalamocortical,thalamocortical,3.5004065,6.1055274,3.5732174
149,864691136336204979,train,NglFam,NglFam,6.1591682,6.1458254,1.4135126
141,864691136117695908,train,L4IT,pyramidal,3.8818777,8.288494,4.234548
940,864691136195284556,train,MartFam,MartFam,4.5125413,5.038711,0.36838394
764,864691137056216950,train,MartFam,MartFam,1.7921829,5.4189672,2.8136005
442,864691136968773070,train,L4IT,pyramidal,4.23211,9.354291,4.7584915
324,864691136674492295,test,L4IT,pyramidal,5.998061,6.744689,1.3719763
183,864691135700757026,train,BasketFam,BasketFam,3.310232,7.5312395,5.094148
652,864691136390677264,test,BasketFam,BasketFam,2.7962308,7.501867,5.678428
1169,864691135685030130,train,thalamocortical,thalamocortical,3.7000172,6.967122,1.2506462
703,864691136273370302,train,NglFam,NglFam,7.061487,8.827275,2.331656
225,864691134887444986,test,NglFam,NglFam,7.0983877,4.453947,2.6973193
9549,864691135739131780,train,MartFam,MartFam,4.3522778,5.064115,0.54234314
217,864691135938404612,train,BipFam,BipFam,5.8078485,6.709597,1.7921131
920,864691135405713902,train,L3IT,pyramidal,6.141725,8.8403635,3.020329
1265,864691136372954248,test,NglFam,NglFam,4.1690564,7.9572144,3.3910382
4564,864691136011485614,test,BasketFam,BasketFam,5.0924134,8.863071,4.446952
832,864691135755707597,train,BipFam,BipFam,4.3898926,6.4939785,2.388998
1995,864691135725779883,train,BasketFam,BasketFam,2.2419364,8.0753145,5.956175
5816,864691135477104960,train,thalamocortical,thalamocortical,1.7305093,6.5999575,2.4953754
528,864691134887444986,test,NglFam,NglFam,5.9168105,4.4079013,1.6614314
1173,864691135990520064,train,BasketFam,BasketFam,3.0612378,4.625974,4.808073
299,864691135465900101,train,BipFam,BipFam,2.9238293,6.204623,2.503425
376,864691134966495519,train,L3IT,pyramidal,6.829551,7.92005,1.6865684
776,864691136005322698,test,BasketFam,BasketFam,2.0884638,4.999332,5.25424
793,864691136372954248,test,NglFam,NglFam,3.7001836,5.5970483,1.923461
2574,864691135271967397,train,MartFam,MartFam,1.9574771,5.9663153,2.1186244
1255,864691136011458734,test,BasketFam,BasketFam,0.78956,6.0753574,4.5024505
1223,864691135274708753,train,BasketFam,BasketFam,1.5852295,6.5755672,4.930161
591,864691135689555680,train,NglFam,NglFam,3.7540464,5.0817995,1.9688334
5010,864691135997140906,train,BipFam,BipFam,4.9960794,7.500041,3.6563585
473,864691136524282001,train,NglFam,NglFam,3.6597579,6.2058787,2.7059264
16,864691136524282001,train,NglFam,NglFam,4.1868434,4.3761497,2.5458648
2771,864691136523971473,train,BipFam,BipFam,6.3506074,6.994403,4.685982
2,864691136086632812,train,NglFam,NglFam,5.230496,5.8368487,2.245215
1935,864691136145537844,train,BipFam,BipFam,3.0169861,7.4389763,3.7210457
487,864691135992790209,train,BipFam,BipFam,3.986097,7.534155,2.6218112
773,864691136273370302,train,NglFam,NglFam,5.4961796,7.2007775,1.0651635
123,864691135132887456,test,NglFam,NglFam,7.2046895,3.5282035,2.373676
929,864691136007059658,test,BipFam,BipFam,7.2406983,8.659312,2.1126812
2400,864691135997140906,train,BipFam,BipFam,6.7839513,7.3347583,4.0197086
203,864691135014681590,test,L6IT,pyramidal,4.7946634,9.172606,4.5949697
5904,864691136390675216,train,BasketFam,BasketFam,2.2579215,4.773803,5.202719
320,864691135157994084,test,L4IT,pyramidal,2.8650498,6.4795184,2.7163925
634,864691136603221201,train,L4IT,pyramidal,5.8030105,6.5169578,1.1892585
1939,864691135755605197,train,thalamocortical,thalamocortical,1.0488664,7.279325,2.6100078
49,864691136968585678,train,L2IT,pyramidal,7.0454836,6.8269873,2.6293776
1412,864691135339982310,train,BasketFam,BasketFam,2.5867746,5.0184126,6.268933
1632,864691135470255698,train,thalamocortical,thalamocortical,2.0917625,6.9509444,3.0738099
3349,864691136067404440,test,MartFam,MartFam,4.655083,4.055263,0.94029367
8630,864691135703016059,train,MartFam,MartFam,4.190044,4.554652,0.48510215
6998,864691135739131780,train,MartFam,MartFam,5.9358535,7.706699,4.4795437
535,864691136392622207,train,BasketFam,BasketFam,1.8431555,7.656116,5.5311694
618,864691136389688695,test,L2IT,pyramidal,7.472146,8.814129,3.2449481
518,864691135689555680,train,NglFam,NglFam,2.8294508,5.1028266,2.5891798
35,864691135782873936,test,thalamocortical,thalamocortical,5.056841,8.068672,2.9625146
1522,864691136927366986,train,thalamocortical,thalamocortical,6.505157,8.942744,3.442304
346,864691135874782350,train,L2IT,pyramidal,7.3618073,6.5937743,2.8026965
752,864691136009893294,train,L2IT,pyramidal,7.0109487,6.3022084,2.6360097
358,864691135106309709,train,NglFam,NglFam,6.553494,7.361192,4.707031
598,864691136372954248,test,NglFam,NglFam,4.6561685,5.0632973,3.384825
3849,864691135477104960,train,thalamocortical,thalamocortical,2.956894,8.643104,4.0521173
331,864691136927566154,test,L4IT,pyramidal,6.4404244,7.497043,1.2732171
632,864691135271967397,train,MartFam,MartFam,3.6081154,4.240367,0.7938515
32,864691135839999379,train,BipFam,BipFam,7.1786766,3.775029,2.303153
664,864691135405480430,train,BasketFam,BasketFam,2.3601174,4.8923416,6.371138
5570,864691135875919502,test,MartFam,MartFam,2.3674963,4.367496,1.3481427
1351,864691135928029966,train,thalamocortical,thalamocortical,3.8315594,8.9001465,4.3889217
4644,864691135997140906,train,BipFam,BipFam,3.7004752,7.4474206,2.980087
119,864691135305383591,train,NglFam,NglFam,7.1883564,4.61059,3.1338012
452,864691135499964947,test,L5IT,pyramidal,6.2968645,8.614265,3.1613245
173,864691135347627423,train,BipFam,BipFam,6.9046407,7.178839,4.1090055
6794,864691135477104960,train,thalamocortical,thalamocortical,2.1652467,6.4339247,2.7672248
1134,864691135060784027,test,thalamocortical,thalamocortical,3.8404553,8.324783,3.1685107
298,864691135755707597,train,BipFam,BipFam,4.9711137,7.957561,3.0561798
184,864691135939776309,train,MartFam,MartFam,4.7583575,4.470489,0.9409316
3461,864691136011549614,train,BipFam,BipFam,7.03596,7.865196,1.7325168
1993,864691135212863360,train,MartFam,MartFam,5.1136956,6.819936,3.8508427
4987,864691135477104960,train,thalamocortical,thalamocortical,2.2451818,7.0887294,3.4005356
2224,864691135659538306,train,thalamocortical,thalamocortical,4.192345,6.8740354,1.4721521
75,864691136102207349,train,BipFam,BipFam,6.3150806,9.374549,2.216612
32,864691135465585221,train,L6IT,pyramidal,7.4134774,9.444615,3.4101267
729,864691136674749575,train,L2IT,pyramidal,5.0770006,7.4791803,3.4479613
887,864691135689555680,train,NglFam,NglFam,4.8125553,4.4472914,2.126632
57,864691135470860370,test,BipFam,BipFam,4.508844,5.752375,2.0735478
6511,864691136138695549,train,BasketFam,BasketFam,2.630722,7.7131395,5.6171794
270,864691135778331232,train,L6IT,pyramidal,4.973386,9.443306,4.6706696
5086,864691135343509701,train,MartFam,MartFam,5.883165,7.807507,4.9311066
4956,864691136381324501,train,BasketFam,BasketFam,1.6983232,4.8153667,5.2256026
559,864691135468948364,train,L3IT,pyramidal,7.4392734,9.560152,2.793613
788,864691135891796617,train,BasketFam,BasketFam,1.5742369,6.077987,4.0581136
105,864691136273370302,train,NglFam,NglFam,3.6058905,8.530368,4.551629
711,864691136372954248,test,NglFam,NglFam,2.6333506,7.235233,3.623086
11,864691136924515300,test,L2IT,pyramidal,6.2061944,8.444766,3.241523
773,864691136288755395,train,thalamocortical,thalamocortical,1.1431433,7.2252097,2.4540012
6393,864691135756844242,test,MartFam,MartFam,3.7341344,4.4610357,0.5989081
35,864691136814271603,train,L5NP,pyramidal,4.2936926,9.310924,4.314678
445,864691136925008100,train,BipFam,BipFam,1.2627131,6.0367193,5.4069257
450,864691135384716762,train,MartFam,MartFam,4.936143,6.2525625,1.0974429
545,864691135689015264,train,thalamocortical,thalamocortical,5.533848,7.411487,4.532179
192,864691136137210507,train,BipFam,BipFam,4.204453,6.0974445,2.7064435
302,864691136372954248,test,NglFam,NglFam,5.494909,5.099202,1.1802188
575,864691135742677867,train,BipFam,BipFam,6.9249763,7.449912,3.6928134
2354,864691135343509701,train,MartFam,MartFam,4.059331,8.460687,3.617503
3998,864691136523889553,train,BasketFam,BasketFam,2.3964157,5.3131266,6.0167437
342,864691135857099310,train,L6IT,pyramidal,6.506173,6.393431,2.6718094
719,864691136118294692,train,thalamocortical,thalamocortical,1.9957967,6.8955674,3.130265
3038,864691136312076122,train,MartFam,MartFam,7.50986,9.742856,2.7689142
6507,864691135456535658,train,MartFam,MartFam,3.6306124,4.1169205,0.46703032
979,864691136011549614,train,BipFam,BipFam,6.336301,6.9481916,1.6170701
3382,864691135470255698,train,thalamocortical,thalamocortical,6.294323,7.5743375,2.1838765
5880,864691135212863360,train,MartFam,MartFam,3.274714,6.0546646,5.0503745
580,864691136314126653,train,BipFam,BipFam,4.2652097,5.601965,3.3619964
445,864691135060784027,test,thalamocortical,thalamocortical,3.0790226,7.3945117,1.0276613
177,864691135562950369,train,BipFam,BipFam,6.872655,7.6393647,3.3966227
37,864691135990564864,train,NglFam,NglFam,6.892486,3.2573164,2.1924875
206,864691136118430628,train,BipFam,BipFam,6.9895177,8.652894,2.1404421
866,864691135214970752,train,BipFam,BipFam,4.429827,5.169771,2.5059018
4113,864691136603935441,train,BasketFam,BasketFam,3.0158963,5.5881276,6.3192163
457,864691135810297885,train,BipFam,BipFam,6.231257,7.304345,4.771963
8225,864691135562001633,train,MartFam,MartFam,0.85125935,5.637931,4.292024
5060,864691136603935441,train,BasketFam,BasketFam,2.5130887,5.146437,6.3023815
3380,864691135778081453,train,thalamocortical,thalamocortical,1.3359054,7.443316,2.4172397
814,864691136372954248,test,NglFam,NglFam,3.6916683,6.1742992,3.3979075
4178,864691137056216950,train,MartFam,MartFam,3.187561,7.5397644,2.4546764
962,864691136425681967,train,L4IT,pyramidal,6.4546614,7.74915,2.130662
99,864691136906067890,train,L3IT,pyramidal,7.032502,9.371857,3.4948995
6493,864691136118878116,train,MartFam,MartFam,3.9414265,4.293121,0.71850365
1423,864691135990793216,train,MartFam,MartFam,5.4098597,5.2523866,2.8813531
1426,864691136372954248,test,NglFam,NglFam,2.6109374,5.3868575,2.6898992
296,864691135510593289,train,L4IT,pyramidal,7.335337,9.022456,3.1582801
925,864691135810982860,train,L4IT,pyramidal,4.9255123,6.4179835,1.4389321
1690,864691136336192947,train,BasketFam,BasketFam,2.8914046,7.064329,4.5456233
92,864691135465343045,train,L4IT,pyramidal,3.1560645,6.414863,3.9068518
2943,864691135997428394,test,thalamocortical,thalamocortical,0.8394268,7.0953994,2.7975326
600,864691136091233847,train,thalamocortical,thalamocortical,4.737014,7.583827,2.111149
239,864691135446065810,train,MartFam,MartFam,6.474399,3.7897844,2.5755572
492,864691136007059658,test,BipFam,BipFam,5.4522204,5.8691916,2.7051554
824,864691135271915173,train,MartFam,MartFam,6.9829946,9.317694,2.4807258
978,864691136288755395,train,thalamocortical,thalamocortical,1.54721,6.7633085,2.3846183
270,864691135293096118,train,NglFam,NglFam,5.214523,7.302824,2.018814
1107,864691136372954248,test,NglFam,NglFam,4.4390097,6.526738,2.247702
2137,864691136620192653,train,MartFam,MartFam,6.1122727,4.3085275,1.7876759
1991,864691136390675216,train,BasketFam,BasketFam,5.2735105,4.3314247,1.4493692
4013,864691135470255698,train,thalamocortical,thalamocortical,1.604795,6.8456864,3.0276015
155,864691135686540471,train,BasketFam,BasketFam,0.69326824,6.153185,4.501058
14335,864691136914542577,train,MartFam,MartFam,3.0869143,4.267977,0.65786225
88,864691135866751870,train,L5IT,pyramidal,6.150554,8.029585,1.2225353
106,864691135566824983,test,BipFam,BipFam,3.716659,4.635214,1.1911926
3116,864691135496262032,train,BasketFam,BasketFam,3.5754073,5.6356697,6.321488
126,864691136086632812,train,NglFam,NglFam,7.3494463,3.7059417,2.0036623
753,864691136145537844,train,BipFam,BipFam,4.761021,5.690642,1.0918032
2470,864691135571356038,test,MartFam,MartFam,4.246059,5.005362,3.7363236
5029,864691135779780797,test,MartFam,MartFam,5.3728385,5.309243,1.7838387
1456,864691136523971473,train,BipFam,BipFam,6.9521184,3.804754,2.5981278
14,864691135784641843,train,L6CT,pyramidal,7.2830353,9.363499,3.7306268
2176,864691136118878116,train,MartFam,MartFam,3.9031572,7.385081,2.0201008
643,864691136100014453,train,BipFam,BipFam,7.3827543,9.8901615,2.629597
3607,864691136011549614,train,BipFam,BipFam,5.0734906,7.246989,1.1025313
3926,864691135689015264,train,thalamocortical,thalamocortical,5.9752293,7.991156,4.924159
333,864691136372954248,test,NglFam,NglFam,5.939798,7.394746,1.7935035
253,864691136042982742,test,L2IT,pyramidal,7.548802,9.590735,2.9005458
2371,864691136053350131,test,thalamocortical,thalamocortical,2.6689382,7.091978,0.9478213
546,864691136118882468,train,BasketFam,BasketFam,1.8891028,6.480736,4.91805
1975,864691135465795653,train,BasketFam,BasketFam,2.4277701,8.071563,5.5280724
1143,864691135571356038,test,MartFam,MartFam,6.394786,3.8776796,2.717606
396,864691135584068717,train,BasketFam,BasketFam,1.7269502,7.506103,4.442123
2073,864691135878586963,test,thalamocortical,thalamocortical,2.3350878,8.07924,2.613339
741,864691134887444986,test,NglFam,NglFam,5.9311967,5.567771,2.6692123
3716,864691135528046939,train,MartFam,MartFam,2.644812,5.643636,2.2514768
7592,864691135196475434,train,MartFam,MartFam,3.006627,5.9800797,2.9496617
197,864691135591854347,train,L5IT,pyramidal,7.140974,9.23764,3.9744883
7459,864691136580010516,test,MartFam,MartFam,5.040044,5.27918,0.6660243
1443,864691136091233847,train,thalamocortical,thalamocortical,1.8613584,7.005255,2.957044
4284,864691135274708753,train,BasketFam,BasketFam,3.7725327,6.7012,5.714461
7439,864691135477104960,train,thalamocortical,thalamocortical,3.324025,4.73158,2.0982292
209,864691135739689073,train,L2IT,pyramidal,5.09621,8.484729,3.622707
188,864691135343509701,train,MartFam,MartFam,6.859614,8.159448,3.4004867
819,864691135456493418,test,BipFam,BipFam,7.331552,9.455577,3.1811974
109,864691135611019015,train,L4IT,pyramidal,7.281076,5.273393,2.562472
196,864691136106969561,train,L4IT,pyramidal,5.6209946,9.041098,4.3838973
5317,864691135741889940,train,BasketFam,BasketFam,4.2461376,5.7051535,3.3986402
6372,864691135346954143,train,MartFam,MartFam,2.2835693,5.362728,1.8918716
662,864691136619096795,train,L5IT,pyramidal,7.442008,8.958037,3.3252988
1194,864691135499752723,train,BasketFam,BasketFam,2.093647,6.830912,4.60463
3341,864691135477104960,train,thalamocortical,thalamocortical,3.380499,7.3106594,0.9416763
4428,864691136312445786,train,BasketFam,BasketFam,1.5292326,5.286287,5.4260697
552,864691136391024144,train,NglFam,NglFam,2.9505806,5.1169543,2.7257082
1118,864691135474179378,test,MartFam,MartFam,2.1416857,6.2753577,1.9867676
5992,864691135686540471,train,BasketFam,BasketFam,3.0982819,5.536671,6.150951
515,864691136288752835,train,thalamocortical,thalamocortical,1.084598,6.7460303,2.498059
208,864691135343506885,train,BipFam,BipFam,2.355691,7.18816,2.6227205
6,864691136086632812,train,NglFam,NglFam,5.2442226,4.1964293,1.3929685
226,864691135214931072,train,L4IT,pyramidal,4.312747,7.387992,3.404519
51,864691135763795510,test,L4IT,pyramidal,6.2146688,6.974655,4.5499363
495,864691135546339880,train,L4IT,pyramidal,6.3669405,7.45171,2.66122
1316,864691136372954248,test,NglFam,NglFam,4.509837,7.260844,2.9145808
3725,864691135611702023,train,BasketFam,BasketFam,2.3922548,5.4075418,6.4747133
2857,864691135343506885,train,BipFam,BipFam,4.010881,7.178305,3.6834168
879,864691136118430628,train,BipFam,BipFam,4.8945847,8.276071,4.1191187
428,864691134887444986,test,NglFam,NglFam,4.542678,4.026385,0.9399087
3145,864691136034412219,train,MartFam,MartFam,2.921486,5.1159773,2.465466
344,864691136927732810,train,L3IT,pyramidal,3.6688597,9.158658,5.107422
5036,864691136390828919,train,MartFam,MartFam,4.371761,5.3129797,3.6651366
2258,864691135592837899,train,BasketFam,BasketFam,1.3044417,6.8585544,5.000661
1967,864691136523971473,train,BipFam,BipFam,5.9188023,7.704258,0.96850044
4929,864691134886037498,train,MartFam,MartFam,0.66216636,6.169706,4.0691214
1769,864691135115058329,train,BasketFam,BasketFam,2.1336079,7.915962,5.910857
229,864691135689555680,train,NglFam,NglFam,3.0753152,6.223833,2.467029
200,864691135303514791,train,NglFam,NglFam,7.1357718,5.034823,2.7261994
4582,864691136011733934,train,MartFam,MartFam,4.202849,8.006586,2.3407
154,864691135783317840,train,thalamocortical,thalamocortical,3.4357061,8.75017,4.7325954
2047,864691135561699041,train,MartFam,MartFam,2.571026,6.91028,3.1836092
191,864691136363303138,train,L4IT,pyramidal,5.404832,7.174165,1.1068597
3902,864691136007059658,test,BipFam,BipFam,5.464778,8.114152,1.8874665
201,864691135592678411,train,BipFam,BipFam,7.2071757,4.7798405,3.1038175
379,864691135751110185,train,L4IT,pyramidal,4.058035,7.7267647,2.0875206
171,864691136239793212,test,NglFam,NglFam,4.8813887,4.8145823,0.4577433
4013,864691135442598728,train,BasketFam,BasketFam,1.7643303,5.547707,5.8095737
541,864691136991606421,train,L4IT,pyramidal,4.149316,6.8887615,1.185869
2767,864691135866821340,train,thalamocortical,thalamocortical,3.2957191,4.4511805,1.8763312
2079,864691136927366986,train,thalamocortical,thalamocortical,1.7973158,7.9020314,3.7817464
403,864691136086632812,train,NglFam,NglFam,7.625796,7.5638657,3.109511
251,864691135566979927,train,MartFam,MartFam,7.5186357,3.7293437,2.1126623
1448,864691135592837899,train,BasketFam,BasketFam,1.5342371,5.6322446,4.7688656
6880,864691136595955362,train,MartFam,MartFam,4.1189203,7.828938,2.2659497
950,864691135928029966,train,thalamocortical,thalamocortical,3.308665,6.690693,1.3818296
2643,864691135373601736,train,BasketFam,BasketFam,3.5017989,6.794532,6.485832
139,864691135528193883,test,BipFam,BipFam,7.242065,7.741232,2.1382573
1842,864691135720572977,train,MartFam,MartFam,3.476469,4.487234,1.1282953
1127,864691135214970752,train,BipFam,BipFam,5.6505795,7.0201707,2.6822562
12,864691135689555680,train,NglFam,NglFam,7.272097,5.9532933,2.8060234
855,864691135782873936,test,thalamocortical,thalamocortical,2.796035,6.851778,2.7412922
18,864691135578146565,test,L5IT,pyramidal,6.8381352,9.306498,3.507101
372,864691135303514791,train,NglFam,NglFam,7.3247414,3.5014427,2.3083184
529,864691135398868257,train,L4IT,pyramidal,6.548966,7.1697273,1.5599674
4497,864691135477104960,train,thalamocortical,thalamocortical,4.62057,6.812571,2.7056646
707,864691135293678006,train,L4IT,pyramidal,4.4221797,8.198632,3.2478287
2041,864691135839577235,train,MartFam,MartFam,7.2302456,3.2817287,2.0606687
12483,864691135271967397,train,MartFam,MartFam,1.8073623,5.2124753,2.4866498
2464,864691135210178169,test,BasketFam,BasketFam,3.2931933,5.9447083,6.1624775
166,864691135662774512,train,L3IT,pyramidal,3.047852,7.804807,3.6344266
417,864691136438216350,train,BasketFam,BasketFam,3.3461208,5.9838595,5.742735
1441,864691136007059658,test,BipFam,BipFam,4.123061,6.6595073,2.7289958
67,864691135293605558,train,L4IT,pyramidal,6.401721,8.619672,1.5501497
1026,864691136137168779,train,BipFam,BipFam,2.3406818,7.4787917,4.100187
399,864691135214970752,train,BipFam,BipFam,3.0846376,7.426428,2.8338943
201,864691135293096118,train,NglFam,NglFam,3.429862,9.103494,4.1683025
412,864691135339729126,train,L4IT,pyramidal,6.396009,7.3146844,2.7180939
866,864691136137210507,train,BipFam,BipFam,3.5475137,6.7076664,2.9337502
296,864691135839843475,train,BipFam,BipFam,6.0889072,7.1532764,4.864505
982,864691135685030130,train,thalamocortical,thalamocortical,3.7378144,6.432577,5.903786
1276,864691136372954248,test,NglFam,NglFam,5.0628924,6.4586773,1.3819313
257,864691135303514791,train,NglFam,NglFam,7.433914,3.5308907,2.0637982
1511,864691136007059658,test,BipFam,BipFam,2.8774784,6.7693105,3.2254148
87,864691135990564864,train,NglFam,NglFam,6.953576,3.3349457,2.1626875
2937,864691135343601093,train,BasketFam,BasketFam,6.1787353,6.580993,1.8577465
863,864691136905560754,train,L5IT,pyramidal,5.1171236,9.35678,4.450327
224,864691135577202181,train,MartFam,MartFam,7.195868,3.6985605,2.2854965
1381,864691136392806271,train,BasketFam,BasketFam,4.6035943,5.9346194,2.446136
388,864691135662059760,train,L4IT,pyramidal,5.0367823,6.7001305,2.8273673
30,864691135518173395,train,L4IT,pyramidal,6.6715097,8.844239,3.5459666
502,864691136145208372,test,L6IT,pyramidal,5.363561,8.911252,3.0724492
785,864691135106309709,train,NglFam,NglFam,6.2743077,8.515666,2.633786
1046,864691136137210507,train,BipFam,BipFam,5.0020914,7.172259,3.8667107
37,864691136273370302,train,NglFam,NglFam,6.557415,9.088303,3.0184112
787,864691135271915173,train,MartFam,MartFam,7.9827375,5.479052,2.858971
5114,864691135997140906,train,BipFam,BipFam,4.7188745,5.5001884,2.0948641
779,864691135258628527,test,BasketFam,BasketFam,2.3415217,4.8062325,6.3810406
58,864691136991359893,test,L3IT,pyramidal,5.642271,9.002401,3.257926
178,864691135134585248,train,BipFam,BipFam,2.1082647,7.78628,2.6910784
368,864691136914542577,train,MartFam,MartFam,3.5871372,5.3210053,2.086418
217,864691136058602712,train,thalamocortical,thalamocortical,3.1121118,8.250302,4.2484765
2922,864691135778081453,train,thalamocortical,thalamocortical,1.6892422,7.7040105,2.7225213
17,864691136335276211,train,L4IT,pyramidal,5.0133038,8.284147,3.645299
1184,864691136011733934,train,MartFam,MartFam,5.6909857,4.961908,1.4353139
1319,864691136372954248,test,NglFam,NglFam,5.322844,6.2752185,1.5187584
4891,864691135480702662,train,MartFam,MartFam,4.4592056,5.570953,0.76081043
28,864691136953197279,train,L4IT,pyramidal,6.081911,8.666735,3.8293178
384,864691135303514791,train,NglFam,NglFam,6.569899,3.7351255,2.6535513
307,864691136446104451,train,BipFam,BipFam,4.319041,5.243049,2.8779035
787,864691135470255698,train,thalamocortical,thalamocortical,1.6592087,7.2405753,2.2817373
2601,864691136523971473,train,BipFam,BipFam,3.4304817,5.390811,2.4206154
8183,864691135456535658,train,MartFam,MartFam,4.954719,5.6428556,4.246782
808,864691135404765166,train,MartFam,MartFam,6.2049036,7.575916,1.6998198
1620,864691135778081453,train,thalamocortical,thalamocortical,4.9540854,8.03156,1.8153827
320,864691135928029966,train,thalamocortical,thalamocortical,3.5743403,6.693984,3.3152447
2628,864691135571356038,test,MartFam,MartFam,6.198051,7.0822206,4.808426
998,864691135689015264,train,thalamocortical,thalamocortical,1.621142,7.278467,2.3222818
4525,864691135875919502,test,MartFam,MartFam,2.923282,4.3948574,1.2316825
231,864691136336204979,train,NglFam,NglFam,7.2865953,4.849201,3.1606982
125,864691136238652476,train,MartFam,MartFam,7.194752,8.855388,2.249918
1380,864691135463999294,train,BasketFam,BasketFam,3.0085886,7.323278,5.5798664
2305,864691136298913563,train,MartFam,MartFam,4.119274,4.74956,1.8398813
596,864691136391042167,train,L3IT,pyramidal,6.4502788,7.942029,2.6923792
9,864691136239793212,test,NglFam,NglFam,7.3098974,9.839916,2.463271
589,864691135293096118,train,NglFam,NglFam,4.1939683,8.456297,3.6807296
203,864691135343506885,train,BipFam,BipFam,4.709909,5.2315607,0.713918
959,864691135274708753,train,BasketFam,BasketFam,2.8170717,4.819777,6.225754
187,864691136381324501,train,BasketFam,BasketFam,6.2615685,7.5598235,2.16905
6048,864691136390675216,train,BasketFam,BasketFam,1.2366965,5.333425,5.101639
707,864691135689555680,train,NglFam,NglFam,3.0625954,7.449011,3.0910275
556,864691136107486169,train,L4IT,pyramidal,4.5040374,5.047437,2.6072898
554,864691135640672571,train,L4IT,pyramidal,6.1881337,8.395422,3.816648
89,864691134966249759,train,thalamocortical,thalamocortical,4.3529925,7.1088,2.3993812
60,864691136298111003,test,L4IT,pyramidal,6.1084857,8.865844,4.3968215
2106,864691135783909427,train,MartFam,MartFam,4.334685,9.618258,5.006351
4284,864691136312445786,train,BasketFam,BasketFam,2.257103,5.16213,5.5165386
1212,864691135492665959,train,MartFam,MartFam,3.4319835,8.206621,4.338847
434,864691135717299738,train,L4IT,pyramidal,7.4326334,5.978718,3.0137136
789,864691136012173475,test,BipFam,BipFam,2.6616204,5.896119,2.8031752
140,864691136391024144,train,NglFam,NglFam,6.2885227,6.8610253,1.9376123
8699,864691135456535658,train,MartFam,MartFam,4.832227,6.0624385,0.9941064
3261,864691135294194358,train,thalamocortical,thalamocortical,5.7799473,6.3081493,3.210351
103,864691135990520064,train,BasketFam,BasketFam,6.3899674,3.7982385,2.144728
7689,864691135756844242,test,MartFam,MartFam,1.8979731,5.530491,1.8428857
257,864691135569866988,test,L4IT,pyramidal,5.8861747,6.6295433,1.55288
168,864691135778618029,train,BipFam,BipFam,4.5170717,7.885928,3.6222703
621,864691136007059658,test,BipFam,BipFam,4.4041967,4.5752935,0.5096065
130,864691136273370302,train,NglFam,NglFam,6.021034,8.046812,4.7886925
2233,864691135492600167,train,BasketFam,BasketFam,1.8807658,7.774426,5.522009
179,864691135741982868,train,L4IT,pyramidal,6.738203,5.218727,2.2907732
1122,864691135465001373,train,BasketFam,BasketFam,1.6869484,7.3841095,5.269102
1033,864691135464991645,train,thalamocortical,thalamocortical,2.18066,7.8310027,3.9114666
1061,864691135571356038,test,MartFam,MartFam,7.1621776,3.9195855,2.0891354
1038,864691135496262032,train,BasketFam,BasketFam,1.9171073,4.6833167,5.4994025
4532,864691136288755395,train,thalamocortical,thalamocortical,3.083826,8.014785,2.8611898
21,864691136372954248,test,NglFam,NglFam,6.7196074,8.437238,2.9412692
67,864691135209432185,train,L3IT,pyramidal,5.1872053,8.659401,2.9266803
1242,864691135384716762,train,MartFam,MartFam,5.240786,7.731831,2.1791487
94,864691135540272498,train,L2IT,pyramidal,6.2383547,6.55019,4.0812254
380,864691136363473634,test,L4IT,pyramidal,4.79668,6.760559,2.5573785
969,864691135801604706,train,L3IT,pyramidal,5.3420634,8.925261,4.546304
312,864691136364183266,train,BasketFam,BasketFam,2.6580336,8.435854,5.6777143
1469,864691135480702662,train,MartFam,MartFam,2.3282542,5.3833885,1.590514
1965,864691135878586963,test,thalamocortical,thalamocortical,2.4606922,6.656863,2.409895
242,864691135717457946,test,L4IT,pyramidal,5.936658,8.720693,3.8572443
1606,864691135014276342,test,BasketFam,BasketFam,3.7414372,6.676268,6.4230933
549,864691135132887456,test,NglFam,NglFam,7.3225584,3.96784,2.6947033
107,864691136145572404,train,BipFam,BipFam,3.501505,8.9331455,4.874854
1201,864691136372954248,test,NglFam,NglFam,5.1611342,7.589471,1.806265
99,864691135996104618,train,BasketFam,BasketFam,7.2690735,9.535594,3.3850827
1023,864691135343506885,train,BipFam,BipFam,6.6527076,6.7771006,3.009929
4706,864691135779780797,test,MartFam,MartFam,2.032996,5.7010584,2.569238
39,864691135990564864,train,NglFam,NglFam,7.0164075,3.35426,2.0948381
1655,864691135496444816,train,BasketFam,BasketFam,2.833032,4.7799673,5.925837
335,864691135942120449,train,L6IT,pyramidal,7.5697484,9.942636,2.5632
25,864691135941886118,train,BipFam,BipFam,6.1908865,6.877553,2.6617887
19,864691136239460668,train,L6IT,pyramidal,5.9823785,8.948179,4.4851484
5466,864691135703016059,train,MartFam,MartFam,7.3442,4.9754996,3.13551
2468,864691135341516741,test,MartFam,MartFam,6.734499,4.197468,2.2594817
134,864691135570135020,train,L6IT,pyramidal,5.6803627,8.747409,4.621894
5226,864691136298913563,train,MartFam,MartFam,5.8660583,4.4033723,1.5819756
4753,864691135398746401,train,MartFam,MartFam,2.1536753,5.713383,2.6863704
176,864691135689555680,train,NglFam,NglFam,6.940475,3.9019434,2.2192624
2817,864691135689015264,train,thalamocortical,thalamocortical,4.718648,6.1642327,0.8872238
501,864691136273370302,train,NglFam,NglFam,7.3710523,9.588699,2.699536
963,864691135398746401,train,MartFam,MartFam,2.9554985,5.231274,2.5827625
231,864691136372954248,test,NglFam,NglFam,4.4806914,6.4323606,1.3739154
178,864691134887552506,train,L2IT,pyramidal,6.9404373,8.416358,3.7338538
1359,864691135584019053,test,MartFam,MartFam,3.55343,5.446534,1.8740368
152,864691136485007404,train,L4IT,pyramidal,5.8720636,6.619844,1.6081879
4044,864691137056216950,train,MartFam,MartFam,2.3068883,5.2415032,1.6237637
3589,864691135409856713,train,BasketFam,BasketFam,1.5794795,5.077147,5.234464
432,864691135584629613,train,L2IT,pyramidal,7.855036,6.1365857,2.8163714
6914,864691135309486662,train,BasketFam,BasketFam,3.3460965,5.606299,5.4146433
10106,864691135858282030,train,MartFam,MartFam,4.1447973,4.8491154,0.34008694
143,864691136273370302,train,NglFam,NglFam,2.2550719,5.1621537,2.2607336
443,864691136034199739,train,BipFam,BipFam,5.8547196,6.7808995,3.792609
6658,864691135941898918,train,MartFam,MartFam,6.3355165,6.396898,3.937672
52,864691135988742147,train,L4IT,pyramidal,4.563537,7.0086503,0.89337677
4767,864691135997428394,test,thalamocortical,thalamocortical,4.0583897,5.776296,1.6013359
473,864691135742824555,train,BipFam,BipFam,4.9359174,6.7793226,2.8779376
7601,864691135464991645,train,thalamocortical,thalamocortical,6.255282,7.253197,2.0018113
250,864691135106309709,train,NglFam,NglFam,6.917367,9.637464,1.7233413
6916,864691135309486662,train,BasketFam,BasketFam,3.1509519,5.690817,6.036721
1453,864691136372954248,test,NglFam,NglFam,5.363145,6.3149166,2.062912
157,864691135840033171,train,NglFam,NglFam,4.0878234,9.177171,4.8310995
3579,864691135106189901,test,BasketFam,BasketFam,1.9493622,8.00922,5.5165467
490,864691136086632812,train,NglFam,NglFam,5.9451475,4.369017,1.7889432
434,864691136196240342,test,BipFam,BipFam,5.570041,6.49518,1.8647196
361,864691135689555680,train,NglFam,NglFam,6.775352,3.3327057,2.126057
645,864691136090632503,train,L5IT,pyramidal,7.6583695,5.7902327,3.0649314
3924,864691135689015264,train,thalamocortical,thalamocortical,2.5472686,8.192084,3.0917928
114,864691134941495395,train,L4IT,pyramidal,5.8056874,9.003303,3.893365
7691,864691136390905207,train,MartFam,MartFam,4.8604693,5.2431245,0.45095336
595,864691136372954248,test,NglFam,NglFam,4.698672,5.6476107,1.3792125
177,864691136314178365,train,BipFam,BipFam,6.032946,5.6974726,2.5457819
185,864691135119335645,train,thalamocortical,thalamocortical,1.7827449,7.703355,2.4994757
4312,864691136033871035,train,thalamocortical,thalamocortical,5.1008563,7.3541017,4.318555
392,864691135132887456,test,NglFam,NglFam,3.2291446,5.57745,2.1168554
12756,864691135271967397,train,MartFam,MartFam,2.7821739,4.196062,0.75418675
1572,864691136925008100,train,BipFam,BipFam,2.7229083,7.4677215,3.6290975
3024,864691135659538306,train,thalamocortical,thalamocortical,1.1211076,6.7286997,2.4947069
177,864691136145537844,train,BipFam,BipFam,2.8791006,6.8024616,2.7292182
2990,864691135853090503,test,BasketFam,BasketFam,2.208661,4.9601035,6.2605853
502,864691136445968259,train,BasketFam,BasketFam,4.343138,7.7644935,4.094887
545,864691135350977751,train,MartFam,MartFam,7.7646255,5.1030784,2.5447152
9799,864691135720572977,train,MartFam,MartFam,5.0235734,4.296282,1.4202222
3766,864691135764678198,test,MartFam,MartFam,7.7356014,7.5487323,2.6365387
212,864691135640672571,train,L4IT,pyramidal,3.5755157,9.1875,4.370289
450,864691135878586963,test,thalamocortical,thalamocortical,2.1990542,7.863817,3.724395
763,864691135106309709,train,NglFam,NglFam,5.508488,8.710956,4.780909
1642,864691135689015264,train,thalamocortical,thalamocortical,3.4940002,5.958568,2.0727546
4637,864691135464991645,train,thalamocortical,thalamocortical,4.1481442,8.480154,3.5382543
265,864691136489147922,train,L4IT,pyramidal,4.5997868,8.288399,3.5056994
63,864691136273370302,train,NglFam,NglFam,3.355421,7.7591085,3.7601833
843,864691135810297885,train,BipFam,BipFam,6.1481056,9.12112,3.2057173
162,864691135115194009,train,BipFam,BipFam,5.5014186,8.651318,3.3004193
64,864691137055712630,train,L4IT,pyramidal,5.8493533,8.09151,2.8421018
6566,864691135779780797,test,MartFam,MartFam,4.5271435,6.8090487,0.90541816
1302,864691135891796617,train,BasketFam,BasketFam,2.1832988,4.7587953,5.8078566
1265,864691136145537844,train,BipFam,BipFam,5.4705815,4.512473,1.4928439
1988,864691135685030130,train,thalamocortical,thalamocortical,5.0958924,8.086844,1.9783288
86,864691134887444986,test,NglFam,NglFam,4.7821326,6.991325,3.9441423
958,864691135447312274,train,L4IT,pyramidal,5.8683195,6.547487,1.5946811
2793,864691135343506885,train,BipFam,BipFam,6.760829,8.799928,2.2802687
1700,864691135997428394,test,thalamocortical,thalamocortical,2.1061096,7.1319866,2.0313566
6911,864691135477104960,train,thalamocortical,thalamocortical,3.9290948,5.3181114,3.1859004
257,864691136488621842,train,L6CT,pyramidal,7.3240614,9.484406,2.5912032
943,864691135731889337,train,L3IT,pyramidal,5.000468,7.7859254,2.3561344
19,864691136136383883,test,L4IT,pyramidal,7.320299,9.347701,3.398343
3,864691135928029966,train,thalamocortical,thalamocortical,6.367438,6.29664,3.5853472
53,864691135584471405,train,BipFam,BipFam,5.5076933,6.0176897,1.6637796
3797,864691136138695549,train,BasketFam,BasketFam,3.2963066,6.2280097,5.812984
2261,864691135518791818,train,BasketFam,BasketFam,2.4077857,8.243951,5.8318367
2245,864691135878586963,test,thalamocortical,thalamocortical,4.0380373,8.074053,3.2641466
593,864691136523889553,train,BasketFam,BasketFam,3.6783097,5.8464923,5.3864594
3116,864691135464991645,train,thalamocortical,thalamocortical,2.104105,8.118478,4.1596365
1956,864691135611702023,train,BasketFam,BasketFam,1.79608,7.169194,5.967992
7491,864691135756844242,test,MartFam,MartFam,4.2562013,6.7108073,0.8754131
2691,864691135689015264,train,thalamocortical,thalamocortical,4.04761,8.047516,3.283214
5552,864691135997428394,test,thalamocortical,thalamocortical,1.9388778,6.8812265,4.1446033
991,864691135764890678,train,MartFam,MartFam,6.186526,4.162231,2.8409286
1294,864691136007128778,test,MartFam,MartFam,4.628756,5.801244,3.130111
672,864691136372954248,test,NglFam,NglFam,3.3697114,6.1957016,2.3705971
415,864691135132887456,test,NglFam,NglFam,7.375888,3.9907734,2.6304994
1695,864691135720572977,train,MartFam,MartFam,5.4557586,4.6538386,1.4899057
170,864691136100014453,train,BipFam,BipFam,3.5838442,8.638275,4.536935
14162,864691135779780797,test,MartFam,MartFam,6.1846313,9.154752,1.6646979
240,864691136010639022,train,L3IT,pyramidal,6.2107863,6.7713146,4.537872
4291,864691136580010516,test,MartFam,MartFam,3.6530735,7.607467,2.0706744
202,864691135839932307,train,L2IT,pyramidal,7.047649,6.219681,3.1551394
612,864691135756844242,test,MartFam,MartFam,1.7327799,6.1196356,3.916491
438,864691136052101363,train,BipFam,BipFam,5.232824,4.8159075,0.7325038
401,864691136925029092,train,L4IT,pyramidal,6.768898,7.5913653,2.1880186
328,864691136273370302,train,NglFam,NglFam,6.8941383,9.715363,3.2176604
673,864691135447979922,train,BipFam,BipFam,5.953129,5.4381013,1.4195673
2075,864691135271915173,train,MartFam,MartFam,3.2257454,7.190399,2.512675
253,864691135867644805,train,L4IT,pyramidal,6.4224367,6.6615515,2.1207507
149,864691135773209163,test,L4IT,pyramidal,6.9802485,7.57332,4.1622114
1953,864691135885917808,train,BasketFam,BasketFam,2.8712296,5.5183754,6.2376876
1395,864691135474086450,train,BasketFam,BasketFam,1.8352491,7.171819,5.9286637
322,864691135132887456,test,NglFam,NglFam,3.7043269,6.3489804,3.6510186
2788,864691135853090503,test,BasketFam,BasketFam,2.6097813,6.047369,5.321871
1956,864691135993185985,test,BasketFam,BasketFam,1.7960128,6.0722194,5.9198365
1704,864691136523971473,train,BipFam,BipFam,4.580959,6.149556,2.3296251
2714,864691135997428394,test,thalamocortical,thalamocortical,2.365915,7.1795344,1.2800286
3323,864691136288755395,train,thalamocortical,thalamocortical,6.203824,7.22507,1.7087383
4055,864691135571356038,test,MartFam,MartFam,6.6763644,3.4150887,2.3236208
4226,864691135210443897,train,BasketFam,BasketFam,2.5477078,5.658664,5.3940005
826,864691136314485053,train,L5NP,pyramidal,6.2813,9.364954,2.7056434
190,864691135503004765,train,BipFam,BipFam,6.2070737,6.660407,3.1625414
125,864691135274708753,train,BasketFam,BasketFam,3.6328695,6.1580777,5.43399
290,864691136211068860,train,BasketFam,BasketFam,2.1455731,6.77282,5.773778
1070,864691135119335645,train,thalamocortical,thalamocortical,1.1786536,7.186303,2.5470817
8283,864691135756844242,test,MartFam,MartFam,6.9427047,9.8579445,1.9299835
2267,864691135084038647,train,MartFam,MartFam,3.1690156,6.2929716,2.0894058
9,864691135369651193,train,BipFam,BipFam,3.6314843,5.7531767,2.3845084
4564,864691135106209101,train,BasketFam,BasketFam,3.4668994,6.1431613,6.1251264
1505,864691135685030130,train,thalamocortical,thalamocortical,2.1851292,7.896832,3.9228516
467,864691136026254649,train,L4IT,pyramidal,3.9389274,9.145941,4.8663893
5194,864691135212863360,train,MartFam,MartFam,7.2764087,8.195182,2.390822
467,864691136034487739,train,BasketFam,BasketFam,6.5087986,4.797967,2.4733818
3566,864691135584068717,train,BasketFam,BasketFam,2.6479747,4.972873,6.3100867
500,864691135773208651,train,L4IT,pyramidal,7.346699,9.096183,3.12926
2271,864691135492888039,test,BasketFam,BasketFam,3.1774075,6.4942174,6.24761
2126,864691135996104618,train,BasketFam,BasketFam,2.6438398,5.691593,5.468276
536,864691135755605197,train,thalamocortical,thalamocortical,2.6613834,7.46384,2.8339167
824,864691135470860370,test,BipFam,BipFam,1.825455,6.165696,4.2877173
2750,864691135997140906,train,BipFam,BipFam,4.192,4.537269,2.609977
371,864691135447653010,train,L5IT,pyramidal,4.5704346,9.482318,4.8237934
714,864691134966710559,train,L4IT,pyramidal,4.6090612,8.891174,4.3929043
900,864691135106309709,train,NglFam,NglFam,5.0880055,8.392671,2.8435495
747,864691135689555680,train,NglFam,NglFam,7.455911,3.5456986,2.2906203
1191,864691135546797608,train,BasketFam,BasketFam,1.629733,5.749597,4.4743986
185,864691135774127611,train,BipFam,BipFam,6.631866,9.379929,3.6264338
1091,864691136118430628,train,BipFam,BipFam,5.488917,5.0609612,1.3571856
553,864691135470255698,train,thalamocortical,thalamocortical,3.4429169,7.325522,3.0901625
1472,864691136196383190,train,BasketFam,BasketFam,2.4456112,5.8140583,5.6211267
3750,864691135779780797,test,MartFam,MartFam,3.9510689,4.823677,0.8534706
373,864691134887444986,test,NglFam,NglFam,5.4608197,6.460137,1.3353162
1387,864691135196475434,train,MartFam,MartFam,2.777369,4.368209,1.1121786
1303,864691135783317840,train,thalamocortical,thalamocortical,3.5883808,6.99486,0.68101203
2363,864691135271967397,train,MartFam,MartFam,3.6950874,4.288442,0.45736456
4905,864691135470255698,train,thalamocortical,thalamocortical,0.820701,7.063065,2.794667
3731,864691135739131780,train,MartFam,MartFam,5.862863,7.247649,4.199158
1895,864691135464991645,train,thalamocortical,thalamocortical,3.6961873,8.804821,4.349154
2623,864691135928029966,train,thalamocortical,thalamocortical,3.6224914,6.7120795,3.4277844
8,864691136524282001,train,NglFam,NglFam,6.8690476,4.0986,2.3634057
2983,864691136330880234,train,MartFam,MartFam,3.2328734,4.3520164,1.8864202
1394,864691135853090503,test,BasketFam,BasketFam,3.2021544,5.665378,6.520216
999,864691136092725684,test,L3IT,pyramidal,5.2269855,8.9916315,4.5779104
24,864691135917047910,train,L6IT,pyramidal,7.524011,8.094559,3.2111714
593,864691136424439855,train,L4IT,pyramidal,4.6123314,9.131703,4.069657
3187,864691136814345075,train,MartFam,MartFam,7.262722,3.9967356,2.9937468
2078,864691135755605197,train,thalamocortical,thalamocortical,3.346429,8.463849,3.8854737
4010,864691135616183499,train,BasketFam,BasketFam,3.1585183,6.089375,5.8214483
46,864691136118430628,train,BipFam,BipFam,4.731457,6.576895,1.5967195
228,864691135839999379,train,BipFam,BipFam,6.189694,6.5458703,1.4512558
855,864691136372954248,test,NglFam,NglFam,2.6123857,5.122542,2.3519175
8,864691135384292843,train,L4IT,pyramidal,5.952164,6.617804,1.5191938
626,864691135689555680,train,NglFam,NglFam,6.1338177,5.57164,2.3562038
3529,864691135464991645,train,thalamocortical,thalamocortical,3.0636652,7.259003,0.67312634
25,864691135309722950,test,L2IT,pyramidal,6.6815753,7.479139,1.751226
644,864691135271343525,train,BipFam,BipFam,2.6132293,8.1799965,3.8396823
2424,864691136011549614,train,BipFam,BipFam,6.0123787,6.0673695,2.3410163
505,864691135470255698,train,thalamocortical,thalamocortical,2.6907098,6.7500253,2.677211
780,864691134887444986,test,NglFam,NglFam,5.149082,7.3696613,2.3182411
26,864691135369651193,train,BipFam,BipFam,1.8560469,5.992818,4.281398
239,864691135492665959,train,MartFam,MartFam,7.1045656,4.031372,3.051343
2671,864691135782873936,test,thalamocortical,thalamocortical,2.291245,6.8759885,2.5288568
2679,864691135477104960,train,thalamocortical,thalamocortical,3.962962,7.245038,1.120217
4,864691135309733190,train,NglFam,NglFam,6.785927,4.329826,3.1709347
295,864691135466158917,test,L2IT,pyramidal,6.8608575,7.7025185,2.164944
9625,864691135720572977,train,MartFam,MartFam,3.60627,4.0198126,0.8013864
392,864691136086632812,train,NglFam,NglFam,6.409368,8.783199,1.4786448
254,864691135920591792,train,BasketFam,BasketFam,3.1637228,5.0882587,6.3571424
228,864691135866821340,train,thalamocortical,thalamocortical,2.6274958,6.562134,1.6118485
165,864691135990564864,train,NglFam,NglFam,6.8830247,3.2641883,2.1234627
1636,864691136438216350,train,BasketFam,BasketFam,2.5519779,5.490558,5.722686
5078,864691136033871035,train,thalamocortical,thalamocortical,2.3308365,6.4163737,2.7859302
1328,864691136372954248,test,NglFam,NglFam,2.8574426,4.8037157,4.9083514
255,864691136372039560,train,L6IT,pyramidal,5.1343384,8.836121,4.101843
627,864691135339982310,train,BasketFam,BasketFam,3.8235652,6.3936625,4.5357914
1725,864691135778081453,train,thalamocortical,thalamocortical,2.1556954,7.0538597,1.417208
61,864691136239793212,test,NglFam,NglFam,5.86877,7.8742986,1.1048752
4369,864691136007059658,test,BipFam,BipFam,6.3778005,6.3620343,3.9076781
4000,864691136033871035,train,thalamocortical,thalamocortical,4.369068,5.416394,4.3678026
3498,864691136390828919,train,MartFam,MartFam,4.410155,4.9630737,0.38201272
2125,864691135210446457,train,MartFam,MartFam,4.6913013,7.138914,0.72174627
883,864691135971464805,train,BasketFam,BasketFam,1.7199444,6.425175,5.9319267
3236,864691135362357319,train,BasketFam,BasketFam,1.6841223,4.7839255,5.5794697
678,864691135546339880,train,L4IT,pyramidal,6.915074,8.223815,4.37797
1555,864691135518791818,train,BasketFam,BasketFam,3.6965616,6.6380734,6.3504725
260,864691136086632812,train,NglFam,NglFam,5.9581904,6.1188407,1.9633723
438,864691136391024144,train,NglFam,NglFam,4.69273,5.1448464,0.41443428
911,864691135214970752,train,BipFam,BipFam,3.6211867,7.1732526,3.7078035
3439,864691135562001633,train,MartFam,MartFam,1.5334862,4.896974,5.378731
8412,864691135858282030,train,MartFam,MartFam,2.7622435,4.733389,1.2381278
3166,864691135015437462,test,BasketFam,BasketFam,2.1461658,4.6490693,5.5139956
456,864691135741458324,train,L2IT,pyramidal,6.121828,6.0313373,2.5131643
1353,864691135726140843,train,L3IT,pyramidal,2.2627828,8.082459,2.8905993
1942,864691136392806271,train,BasketFam,BasketFam,3.3723578,5.821792,6.431876
2918,864691136523889553,train,BasketFam,BasketFam,3.2009819,5.190007,6.1703134
948,864691136052101363,train,BipFam,BipFam,5.898465,8.200886,4.8617206
25,864691135305383591,train,NglFam,NglFam,6.545688,3.8607783,2.752671
2448,864691135339982310,train,BasketFam,BasketFam,0.7683135,6.0741463,4.4852824
3667,864691135778081453,train,thalamocortical,thalamocortical,1.6462067,7.7047095,2.7355535
815,864691136012173475,test,BipFam,BipFam,4.9985404,6.483036,1.9589244
1068,864691136042989910,test,BasketFam,BasketFam,0.67768645,6.060478,4.4322004
1291,864691135772774651,test,MartFam,MartFam,2.0559897,5.827704,2.0025322
291,864691135689555680,train,NglFam,NglFam,7.5414915,5.53002,2.6084325
274,864691136664127454,test,L4IT,pyramidal,4.7571926,9.083996,4.41339
1538,864691135350977751,train,MartFam,MartFam,6.898309,6.1781225,2.2303467
4139,864691135858282030,train,MartFam,MartFam,2.2469368,5.278037,1.5913141
2013,864691135866821340,train,thalamocortical,thalamocortical,2.5637164,8.552146,4.3291044
534,864691135592830731,train,L4IT,pyramidal,6.389656,7.592004,2.6824296
3356,864691135210446457,train,MartFam,MartFam,2.4129786,5.127723,2.1048102
29,864691136595955362,train,MartFam,MartFam,0.79785657,6.092868,2.7090342
658,864691135503182685,train,L5ET,pyramidal,2.1943166,6.859434,3.8920574
388,864691135479833030,train,L4IT,pyramidal,4.8916335,9.205751,4.197098
1323,864691135271343525,train,BipFam,BipFam,3.49726,7.567013,3.448037
5095,864691135369668089,train,BasketFam,BasketFam,2.927671,5.070176,6.4821014
4994,864691136033871035,train,thalamocortical,thalamocortical,5.2066417,6.8084145,2.779484
4761,864691135997140906,train,BipFam,BipFam,4.08423,7.212458,2.8624134
182,864691135816693327,train,L3IT,pyramidal,6.5444818,7.853282,1.459681
1987,864691135573245165,train,BasketFam,BasketFam,5.7706385,4.737838,1.7577302
993,864691135387277397,test,thalamocortical,thalamocortical,3.3666942,6.313098,3.2257204
225,864691135343506885,train,BipFam,BipFam,3.9508696,7.6289706,4.089572
182,864691135271970725,train,BasketFam,BasketFam,1.9313825,4.734358,5.732177
1000,864691136523971473,train,BipFam,BipFam,4.358748,4.571108,2.2655885
841,864691136927366986,train,thalamocortical,thalamocortical,3.0504432,7.206591,1.631131
3094,864691135470255698,train,thalamocortical,thalamocortical,2.890977,7.037136,1.4334763
4642,864691135464991645,train,thalamocortical,thalamocortical,3.3801112,6.450189,1.6151814
322,864691135742895723,test,BipFam,BipFam,2.028919,5.532521,4.243907
4371,864691136288755395,train,thalamocortical,thalamocortical,3.542422,5.2140303,3.2703676
424,864691136006493898,test,L4IT,pyramidal,6.1274796,7.473177,1.1589255
1817,864691136058602712,train,thalamocortical,thalamocortical,1.7456747,6.559725,2.7628584
1416,864691135755605197,train,thalamocortical,thalamocortical,3.4909081,8.494452,3.2710838
2951,864691135920591792,train,BasketFam,BasketFam,1.5386817,5.7553787,5.571968
3530,864691135396720885,train,BasketFam,BasketFam,3.2347655,5.1340423,5.977497
580,864691136273370302,train,NglFam,NglFam,6.205578,9.174509,1.6940534
4511,864691135778081453,train,thalamocortical,thalamocortical,3.5344903,8.827721,3.8637426
3258,864691135477104960,train,thalamocortical,thalamocortical,2.081188,8.1512,4.200466
728,864691134887444986,test,NglFam,NglFam,3.6800637,4.7537894,2.8779693
318,864691136436788382,train,BipFam,BipFam,4.915877,7.3136883,4.0148873
58,864691134887444986,test,NglFam,NglFam,6.9079294,4.8477225,3.2379053
691,864691134887444986,test,NglFam,NglFam,7.1490626,3.4731889,2.1999154
2027,864691135562001633,train,MartFam,MartFam,1.9421533,6.701936,4.549559
2978,864691135470255698,train,thalamocortical,thalamocortical,4.5808535,5.5830874,1.0236701
861,864691135878407251,train,BasketFam,BasketFam,1.7667344,7.8171587,5.651301
160,864691135954940424,train,BipFam,BipFam,4.289963,6.742802,2.5853477
2586,864691135409856713,train,BasketFam,BasketFam,2.2903993,6.453136,4.5611744
769,864691135469845388,train,L4IT,pyramidal,6.668634,6.1092257,2.2289524
123,864691136620914829,train,L4IT,pyramidal,6.502073,8.956524,3.726808
3346,864691135470255698,train,thalamocortical,thalamocortical,2.102521,6.488892,2.8706994
1077,864691135571546917,train,MartFam,MartFam,4.0147657,7.791538,2.2853143
2621,864691135997140906,train,BipFam,BipFam,3.7655447,5.67058,1.963047
47,864691135211926464,train,L4IT,pyramidal,7.016104,9.373327,3.3822885
244,864691136314178365,train,BipFam,BipFam,7.307587,5.5215135,3.2823095
1291,864691135689015264,train,thalamocortical,thalamocortical,3.1873262,8.393808,4.480591
1238,864691135997428394,test,thalamocortical,thalamocortical,6.2418323,5.022998,2.211418
179,864691136022214648,train,L4IT,pyramidal,6.253728,7.52382,2.7778974
875,864691136125433894,train,L3IT,pyramidal,6.3053236,6.455964,3.8760743
44,864691135920776624,train,MartFam,MartFam,3.065729,6.30366,2.4355848
1200,864691136372954248,test,NglFam,NglFam,4.6914105,4.5369496,1.0509875
59,864691136239793212,test,NglFam,NglFam,5.808636,8.20388,4.869634
887,864691134966249759,train,thalamocortical,thalamocortical,1.5395974,7.406683,2.3994079
4742,864691135480702662,train,MartFam,MartFam,2.4898846,7.5285306,3.690404
247,864691135493051879,train,L3IT,pyramidal,6.5021505,5.725647,1.7878503
193,864691136314178365,train,BipFam,BipFam,6.3138447,5.1676226,2.4920466
2422,864691135878586963,test,thalamocortical,thalamocortical,4.303419,8.5455,3.5699015
5025,864691135755605197,train,thalamocortical,thalamocortical,3.6254418,7.0080705,1.3811805
399,864691136391024144,train,NglFam,NglFam,3.1159887,5.3603296,2.8648717
4450,864691136196932172,train,BasketFam,BasketFam,3.5082588,6.0205126,6.007491
7,864691134887444986,test,NglFam,NglFam,3.1534638,5.0372357,5.578165
2307,864691135336840425,train,BasketFam,BasketFam,2.488923,5.7374816,5.627856
5836,864691135853090503,test,BasketFam,BasketFam,2.1253781,5.40816,6.047008
718,864691134887026938,train,L4IT,pyramidal,4.713384,6.2353683,0.9593031
218,864691136336204979,train,NglFam,NglFam,7.110278,3.6744285,2.3232765
8111,864691135456535658,train,MartFam,MartFam,5.872596,8.3619175,2.3397083
146,864691136228538961,train,L5IT,pyramidal,4.8593493,9.220114,4.673154
399,864691135741641876,test,BasketFam,BasketFam,3.587088,6.08212,4.6711116
621,864691136195834070,train,L4IT,pyramidal,5.298501,6.46017,0.84799033
2888,864691135106209101,train,BasketFam,BasketFam,1.950113,5.763772,5.202259
2720,864691135586022264,train,BasketFam,BasketFam,3.212968,7.3411207,5.202672
32,864691135840033171,train,NglFam,NglFam,4.3968377,6.808151,0.9826342
6123,864691135939776309,train,MartFam,MartFam,7.2116427,5.359355,2.4858544
396,864691134887444986,test,NglFam,NglFam,5.461894,6.5993414,1.4748788
2253,864691135685030130,train,thalamocortical,thalamocortical,2.4661977,6.0633726,2.7539518
192,864691135309733190,train,NglFam,NglFam,6.9490414,3.4289365,2.317589
127,864691135839843475,train,BipFam,BipFam,5.668844,7.614953,4.6245117
2283,864691135448017554,train,BasketFam,BasketFam,1.4894773,5.676303,4.834255
1287,864691135764890678,train,MartFam,MartFam,7.690217,5.0263577,2.5129862
240,864691135726140843,train,L3IT,pyramidal,4.01274,6.340835,1.9607853
8615,864691136390905207,train,MartFam,MartFam,7.0859656,5.246416,2.4882247
255,864691136975624220,train,L4IT,pyramidal,2.1565063,6.2761426,2.095514
35,864691135545730856,train,BipFam,BipFam,4.456721,9.390244,4.1782656
2000,864691135212863360,train,MartFam,MartFam,4.3654757,4.7724776,0.55541396
1623,864691136523889553,train,BasketFam,BasketFam,3.5935156,5.5649767,5.551012
447,864691135293096118,train,NglFam,NglFam,3.0353577,6.9846053,2.2692099
4854,864691135387529301,test,BasketFam,BasketFam,1.791097,5.38732,5.234154
810,864691136273370302,train,NglFam,NglFam,7.126481,9.9397745,1.9722329
4257,864691135470255698,train,thalamocortical,thalamocortical,4.697293,7.864137,1.9499502
311,864691136108370905,train,BipFam,BipFam,6.9013505,9.384087,3.448648
770,864691136010028974,train,L5IT,pyramidal,7.432409,5.115088,2.4706492
1799,864691135503782210,test,BipFam,BipFam,3.9351234,9.247482,4.962317
262,864691135742895723,test,BipFam,BipFam,3.313896,5.242963,1.684085
3543,864691135464991645,train,thalamocortical,thalamocortical,1.9246858,6.9834456,2.2565665
3538,864691136011549614,train,BipFam,BipFam,5.4954367,6.03802,2.8042264
5307,864691135477104960,train,thalamocortical,thalamocortical,3.5555923,7.495912,1.0567069
280,864691136299026971,test,L2IT,pyramidal,7.334515,7.80186,3.1422246
220,864691136314126653,train,BipFam,BipFam,7.1560993,5.366794,2.4046066
610,864691135336954857,train,L4IT,pyramidal,6.6507115,7.6562066,3.5551155
820,864691135756319186,train,L4IT,pyramidal,5.5526757,7.476268,4.1794357
667,864691136108370905,train,BipFam,BipFam,6.7849407,6.799832,2.6892433
28,864691136314178365,train,BipFam,BipFam,4.9074335,6.52424,1.2575806
1278,864691135398746401,train,MartFam,MartFam,6.0332866,5.9731207,2.2088988
554,864691135878586963,test,thalamocortical,thalamocortical,2.0931158,7.0427856,1.6264497
2129,864691135470255698,train,thalamocortical,thalamocortical,2.0877602,5.628448,3.064296
7,864691135786943684,train,L6CT,pyramidal,6.9577894,9.016317,1.7932076
121,864691136372630152,train,L6IT,pyramidal,6.7973433,8.6921425,1.827125
163,864691135693735103,train,NglFam,NglFam,6.957454,9.904248,1.8549544
3746,864691136118294692,train,thalamocortical,thalamocortical,2.9519606,6.840918,3.2883139
166,864691135659538306,train,thalamocortical,thalamocortical,5.6518135,6.2393627,1.3748242
2558,864691136011549614,train,BipFam,BipFam,6.017863,5.2083855,1.3391241
3155,864691135997428394,test,thalamocortical,thalamocortical,1.3853915,6.733218,3.8139045
253,864691135132887456,test,NglFam,NglFam,3.4076655,5.3388886,2.019975
544,864691135810098717,test,BasketFam,BasketFam,2.8713377,5.9048414,6.564943
1734,864691135196475434,train,MartFam,MartFam,2.116987,5.4557643,2.5338337
2287,864691135997140906,train,BipFam,BipFam,4.7989483,6.85325,1.7109828
1168,864691135928029966,train,thalamocortical,thalamocortical,5.2372103,7.57266,3.8568249
2619,864691135396720885,train,BasketFam,BasketFam,2.2696092,4.838873,6.298335
255,864691135303514791,train,NglFam,NglFam,7.2299438,3.8435276,2.962942
342,864691135942163201,train,L5IT,pyramidal,7.536998,10.05276,2.8525395
385,864691135335635177,train,L3IT,pyramidal,6.9473567,9.451381,3.3263776
271,864691136524282001,train,NglFam,NglFam,5.2007647,3.8864443,1.2867336
4636,864691135346954143,train,MartFam,MartFam,1.5511022,5.4208035,2.046637
5729,864691136138622333,train,BasketFam,BasketFam,2.3338957,6.051886,5.413133
3551,864691135659538306,train,thalamocortical,thalamocortical,4.663763,5.9169846,2.401773
1588,864691136372954248,test,NglFam,NglFam,3.9606645,4.0568657,1.7819395
1635,864691136372954248,test,NglFam,NglFam,4.0449753,4.8613005,2.054053
758,864691134990847098,train,BasketFam,BasketFam,7.322798,9.775625,3.1562612
2112,864691135928029966,train,thalamocortical,thalamocortical,2.1726618,7.005174,3.2524254
936,864691136195284556,train,MartFam,MartFam,7.3368945,9.076813,2.3668451
4901,864691136445968259,train,BasketFam,BasketFam,1.6229243,6.667217,5.960059
3337,864691136288755395,train,thalamocortical,thalamocortical,0.87762505,6.831508,2.533284
962,864691136033871035,train,thalamocortical,thalamocortical,5.683986,8.559125,3.8723571
2933,864691136381324501,train,BasketFam,BasketFam,1.7107378,5.713612,5.486621
2008,864691135212863360,train,MartFam,MartFam,6.2974243,8.664329,1.4601437
50,864691136021849848,train,L6CT,pyramidal,4.1561236,7.4654155,2.9268186
4764,864691136007059658,test,BipFam,BipFam,6.3387036,7.334091,1.3271858
2996,864691135997428394,test,thalamocortical,thalamocortical,4.3120017,5.382791,3.023979
5027,864691135611702023,train,BasketFam,BasketFam,3.5339437,6.007323,6.0031123
229,864691136524282001,train,NglFam,NglFam,2.6199775,5.5764236,2.3859437
52,864691135351159255,train,thalamocortical,thalamocortical,2.9790735,6.6739807,2.127741
3023,864691135106189901,test,BasketFam,BasketFam,2.4713533,6.084013,6.133409
626,864691135866821340,train,thalamocortical,thalamocortical,0.7125656,5.902464,4.407239
1202,864691136288755395,train,thalamocortical,thalamocortical,2.6364558,6.431389,2.3997326
519,864691135689015264,train,thalamocortical,thalamocortical,1.3675623,6.727352,2.4538713
2081,864691135783317840,train,thalamocortical,thalamocortical,2.9257152,8.583407,3.5475683
78,864691136100014453,train,BipFam,BipFam,6.424779,6.340964,3.9224606
563,864691136043283030,test,L4IT,pyramidal,7.10457,7.9962535,2.5868053
352,864691135132887456,test,NglFam,NglFam,7.488831,4.406531,2.9024339
300,864691135060651419,train,L2IT,pyramidal,6.0880637,6.7284727,1.2605654
932,864691136005322698,test,BasketFam,BasketFam,2.2708378,4.88034,5.4223237
344,864691134887444986,test,NglFam,NglFam,7.867445,4.790572,2.747783
163,864691136524282001,train,NglFam,NglFam,6.82953,4.105385,2.9155488
172,864691135476769344,train,L6CT,pyramidal,5.6311955,8.997929,4.112325
251,864691136524282001,train,NglFam,NglFam,6.901468,3.2221909,2.0486882
2264,864691135755605197,train,thalamocortical,thalamocortical,1.6085322,6.4965644,2.4679444
554,864691136210975676,test,L4IT,pyramidal,4.5499253,9.428092,4.873554
2218,864691135343601093,train,BasketFam,BasketFam,3.4118602,5.5031595,6.0933323
794,864691135857976366,train,BipFam,BipFam,4.5322742,5.164551,2.8437614
680,864691136086632812,train,NglFam,NglFam,6.0334234,4.4373355,1.6069467
321,864691136086632812,train,NglFam,NglFam,4.667746,5.6480556,1.0105602
350,864691135398762529,train,BipFam,BipFam,4.8356833,5.0642033,1.5589405
892,864691135566902039,train,BipFam,BipFam,6.3753223,7.4293017,2.8242908
1158,864691136137064075,train,BipFam,BipFam,4.48493,9.560149,4.931961
5774,864691136390905207,train,MartFam,MartFam,4.1701035,4.725908,0.5491634
3911,864691135755605197,train,thalamocortical,thalamocortical,1.7338341,7.9160094,2.6150315
96,864691135616235979,train,BipFam,BipFam,6.781588,9.175719,3.3880928
417,864691135886314096,test,L4IT,pyramidal,7.057294,8.259273,3.6269355
325,864691136524282001,train,NglFam,NglFam,6.016089,3.6572156,2.1563597
594,864691134966621471,train,MartFam,MartFam,6.339287,9.001099,1.615986
100,864691136118337956,train,L4IT,pyramidal,6.8444324,7.6980596,2.3314843
2548,864691135772774651,test,MartFam,MartFam,2.1382682,5.0552106,1.8193314
348,864691135446065810,train,MartFam,MartFam,4.2980585,9.26113,4.3036146
9159,864691135739131780,train,MartFam,MartFam,4.4101267,4.861099,0.5157892
187,864691136196202472,test,L4IT,pyramidal,2.7203877,6.51001,2.5492911
115,864691136424990255,train,L6IT,pyramidal,7.530353,9.667047,2.867265
1214,864691135577202181,train,MartFam,MartFam,7.841065,7.410168,2.8033135
683,864691135351159255,train,thalamocortical,thalamocortical,2.8286953,6.554075,2.1302648
3675,864691135196475434,train,MartFam,MartFam,2.2298083,4.9087954,2.3081405
4721,864691135990672896,train,MartFam,MartFam,4.9017816,5.637402,4.144033
461,864691134887444986,test,NglFam,NglFam,5.0425754,4.339537,1.1139182
253,864691135616048587,train,L4IT,pyramidal,5.634397,8.660105,3.9982188
559,864691135954640675,train,L2IT,pyramidal,6.053721,6.325561,2.4204903
204,864691135336669673,train,MartFam,MartFam,3.3747554,6.302707,2.2671444
2145,864691135387277397,test,thalamocortical,thalamocortical,2.8781667,5.9622836,2.7251325
14,864691135693735103,train,NglFam,NglFam,6.9522214,9.778831,3.1194715
1510,864691136011485614,test,BasketFam,BasketFam,1.9601316,7.4668164,5.7480884
3728,864691135755605197,train,thalamocortical,thalamocortical,2.9073288,8.128323,4.107916
1843,864691135503782210,test,BipFam,BipFam,6.5286946,9.593036,3.5007155
46,864691136086632812,train,NglFam,NglFam,5.7633467,6.6587896,1.2914922
286,864691136052101363,train,BipFam,BipFam,5.878995,8.19261,4.7881055
433,864691135132887456,test,NglFam,NglFam,7.4279957,6.7608643,3.4971979
273,864691135499821331,train,L4IT,pyramidal,6.135372,9.479566,2.29044
119,864691135592789259,train,BipFam,BipFam,6.6949887,4.6439424,2.4615731
9019,864691135779780797,test,MartFam,MartFam,4.377775,4.47812,0.84108025
46,864691135778811325,train,L2IT,pyramidal,5.683014,6.8175273,1.813071
2246,864691136145537844,train,BipFam,BipFam,4.8429003,7.5017323,2.2040555
1325,864691136025504569,train,L4IT,pyramidal,7.0246024,5.16071,2.4311793
1579,864691136034433723,train,MartFam,MartFam,2.0417879,6.358051,2.6143098
4,864691136336204979,train,NglFam,NglFam,7.6773663,4.487781,2.5439594
571,864691135496444816,train,BasketFam,BasketFam,1.562851,5.1457505,5.17594
253,864691136273370302,train,NglFam,NglFam,7.241539,9.78498,2.3224661
1429,864691135106189901,test,BasketFam,BasketFam,1.9063628,5.914331,5.2543287
2755,864691135703016059,train,MartFam,MartFam,4.5714912,6.6896057,1.2857292
194,864691136273370302,train,NglFam,NglFam,6.633786,7.4324756,4.594946
205,864691135693735103,train,NglFam,NglFam,6.9885974,9.624083,2.2587762
1525,864691135993185985,test,BasketFam,BasketFam,3.5230947,6.0076227,5.9681897
28,864691135839843475,train,BipFam,BipFam,3.056062,7.404117,3.9034638
251,864691136229363025,train,L4IT,pyramidal,5.3893204,8.316965,3.1899347
92,864691136273370302,train,NglFam,NglFam,7.1595516,9.196026,2.7204027
505,864691135694264511,train,L4IT,pyramidal,3.3858492,7.9075475,3.0708244
8,864691135779716797,test,L4IT,pyramidal,3.5811455,6.920306,2.6870766
163,864691134887444986,test,NglFam,NglFam,4.531437,8.316194,3.833258
3216,864691136390675216,train,BasketFam,BasketFam,7.8313565,5.5470853,2.4989796
705,864691136118430628,train,BipFam,BipFam,6.0876026,7.351985,4.567412
1039,864691136523971473,train,BipFam,BipFam,4.4392657,7.7019043,1.8456087
328,864691136372954248,test,NglFam,NglFam,5.03714,5.148051,1.9017124
46,864691135511324169,train,BipFam,BipFam,6.3430843,7.953017,1.8866488
481,864691136273370302,train,NglFam,NglFam,6.320248,7.7968464,1.0769577
116,864691135477670312,train,L4IT,pyramidal,7.852774,3.9211376,2.4519756
93,864691135376096329,train,BipFam,BipFam,4.8861175,9.171204,4.566869
2355,864691135362357319,train,BasketFam,BasketFam,2.3027134,6.1354275,4.2785215
301,864691136489147922,train,L4IT,pyramidal,6.688141,6.173924,2.6678782
443,864691136925008100,train,BipFam,BipFam,3.073622,8.120388,4.160883
4585,864691135477104960,train,thalamocortical,thalamocortical,1.0324533,7.062769,2.5577056
1283,864691135456535658,train,MartFam,MartFam,4.1231833,4.960869,3.6753137
1038,864691136118430628,train,BipFam,BipFam,4.2609043,8.043849,2.2881744
317,864691135562950369,train,BipFam,BipFam,6.9594307,7.84401,2.30206
36,864691135106309709,train,NglFam,NglFam,6.6375484,9.400004,1.6217129
169,864691134887444986,test,NglFam,NglFam,4.4679084,4.9912496,1.6998053
6592,864691136390905207,train,MartFam,MartFam,7.523524,5.066412,2.5613017
2,864691135719900721,test,L4IT,pyramidal,4.064946,7.5716996,3.0875723
122,864691135474086450,train,BasketFam,BasketFam,3.0369036,7.3897038,5.8117266
2931,864691135210178169,test,BasketFam,BasketFam,1.5355581,6.4236608,5.9203787
2534,864691135611702023,train,BasketFam,BasketFam,3.6550186,5.7569304,5.1422386
1429,864691135892176009,train,MartFam,MartFam,4.548176,6.9860086,2.1898453
68,864691135346954143,train,MartFam,MartFam,2.7499003,4.6892886,1.6607304
227,864691135015425942,test,BipFam,BipFam,4.265367,9.607963,4.769116
11438,864691135456535658,train,MartFam,MartFam,3.2041442,4.089445,0.7024182
7663,864691135756844242,test,MartFam,MartFam,3.0814776,7.941679,4.083741
308,864691135456493418,test,BipFam,BipFam,5.179859,9.312313,4.4896145
250,864691135756075981,train,L5IT,pyramidal,6.185605,9.25304,3.148019
2814,864691135274708753,train,BasketFam,BasketFam,3.3944905,5.882028,5.6030307
6063,864691136196932172,train,BasketFam,BasketFam,3.158061,5.455094,6.6139326
179,864691136905941426,train,BasketFam,BasketFam,2.9615111,5.0310555,5.9372745
375,864691135132887456,test,NglFam,NglFam,3.2197082,5.8877144,2.6391938
1128,864691136118430628,train,BipFam,BipFam,6.250129,8.131356,4.5643435
4771,864691135106189901,test,BasketFam,BasketFam,4.073993,6.362084,5.684178
425,864691135275949029,train,L2IT,pyramidal,7.588304,5.9757023,2.7647092
1969,864691135566825495,train,BasketFam,BasketFam,3.581212,6.1369615,5.792185
1164,864691136120465944,train,thalamocortical,thalamocortical,2.519081,7.6904883,3.7079086
1722,864691135727929663,train,BasketFam,BasketFam,5.2329054,7.6319222,3.9304285
413,864691135293096118,train,NglFam,NglFam,2.68182,8.098,3.0243914
2164,864691136619344859,test,BasketFam,BasketFam,1.9779315,4.6117506,5.5814767
494,864691135742826603,train,BipFam,BipFam,4.444885,5.5549507,3.2788298
2974,864691136312445786,train,BasketFam,BasketFam,1.6968933,5.0293,5.384409
2569,864691135499765267,train,MartFam,MartFam,2.0205717,5.6571856,4.5545363
2834,864691135235206489,train,MartFam,MartFam,4.326861,5.104956,0.38907498
1765,864691135119335645,train,thalamocortical,thalamocortical,6.16127,7.1987906,1.846307
652,864691136814025587,train,BasketFam,BasketFam,3.574461,5.777437,5.543874
1812,864691135431441968,train,thalamocortical,thalamocortical,4.7881303,7.7557197,4.121996
318,864691135997140906,train,BipFam,BipFam,6.0853205,7.124777,1.2842253
1467,864691135134565280,train,BasketFam,BasketFam,3.8475392,6.685066,6.2848573
4722,864691136330880234,train,MartFam,MartFam,4.0626106,4.532707,0.7816874
106,864691135778544480,train,BipFam,BipFam,6.472842,8.165484,4.8831625
1535,864691135866821340,train,thalamocortical,thalamocortical,3.6553874,7.834646,4.3422747
582,864691136372954248,test,NglFam,NglFam,6.2347317,8.324139,2.572312
465,864691135376096329,train,BipFam,BipFam,7.2881584,9.219558,3.7742867
1860,864691135755605197,train,thalamocortical,thalamocortical,6.2889843,6.2066336,2.2593808
130,864691135765013302,test,L4IT,pyramidal,7.4566274,6.0421233,2.6155965
731,864691136905941426,train,BasketFam,BasketFam,3.733547,5.6517267,6.071335
300,864691135448256146,train,L4IT,pyramidal,5.5071,7.3192787,2.8541627
103,864691135446065810,train,MartFam,MartFam,6.6043463,8.221568,3.5163789
337,864691136137064075,train,BipFam,BipFam,5.162271,8.593469,3.9287002
1710,864691136145537844,train,BipFam,BipFam,4.946079,8.046208,3.1220176
2840,864691135783317840,train,thalamocortical,thalamocortical,7.4549727,9.101774,3.5528944
27,864691135493031519,train,L4IT,pyramidal,7.3097463,5.1461,2.6126027
2498,864691136312076122,train,MartFam,MartFam,6.173834,7.1492243,4.835891
3181,864691135196475434,train,MartFam,MartFam,2.8833234,6.4961386,3.4606636
5873,864691136021592568,train,BasketFam,BasketFam,1.8644125,7.7465367,5.828789
4412,864691135997428394,test,thalamocortical,thalamocortical,2.2379055,6.399117,4.653155
2633,864691136288755395,train,thalamocortical,thalamocortical,2.1548083,6.9352207,1.7397885
762,864691136239068732,train,L3IT,pyramidal,6.676047,8.129135,1.8429111
214,864691136523971473,train,BipFam,BipFam,3.2388985,7.577202,3.7317798
487,864691136239793212,test,NglFam,NglFam,7.2307854,10.000886,2.2688003
3531,864691136489623826,train,BasketFam,BasketFam,1.6244128,4.8279076,5.341005
1518,864691135387277397,test,thalamocortical,thalamocortical,1.7352045,7.90754,2.510904
55,864691135977666883,train,L5ET,pyramidal,3.4607003,6.249121,5.5836654
682,864691136453186559,train,BasketFam,BasketFam,1.8589634,7.9034615,5.7649665
1719,864691136742921308,test,BasketFam,BasketFam,3.4652412,5.556343,6.144073
310,864691136579434260,train,L6IT,pyramidal,7.008728,8.063719,2.9918177
1705,864691135611702023,train,BasketFam,BasketFam,2.7601278,5.2894645,6.4869404
13,864691136314178365,train,BipFam,BipFam,7.3714566,4.9270062,3.1086085
13452,864691135210446457,train,MartFam,MartFam,5.2018304,5.8307977,2.3984709
1178,864691135474086450,train,BasketFam,BasketFam,3.553463,6.3897557,6.5930805
651,864691136100014453,train,BipFam,BipFam,7.102172,9.806181,3.3888905
3362,864691135858282030,train,MartFam,MartFam,3.1017296,4.7992644,1.2063093
5641,864691135686540471,train,BasketFam,BasketFam,1.5183733,6.531275,4.648245
110,864691135106309709,train,NglFam,NglFam,6.3682413,9.694443,2.0122051
82,864691136372954248,test,NglFam,NglFam,3.6167932,4.0373282,0.8100155
2704,864691135562001633,train,MartFam,MartFam,1.1731696,5.8469777,4.923734
364,864691136239793212,test,NglFam,NglFam,6.8488708,9.251553,1.9939733
4413,864691136033871035,train,thalamocortical,thalamocortical,3.7469723,6.0131907,0.97503954
471,864691136524282001,train,NglFam,NglFam,7.2615604,4.977084,2.3756392
501,864691135106309709,train,NglFam,NglFam,7.356705,9.630744,2.6324744
3092,864691135912137641,train,BasketFam,BasketFam,7.2617707,7.9438753,2.9539225
197,864691135996891050,test,BipFam,BipFam,2.171583,6.879663,2.5011003
282,864691135303514791,train,NglFam,NglFam,7.1138964,4.62363,2.6440969
365,864691135106309709,train,NglFam,NglFam,6.3129883,9.303398,1.8265537
415,864691135809954845,train,L4IT,pyramidal,2.9653983,6.5213056,2.5928073
8114,864691135456535658,train,MartFam,MartFam,6.4779243,7.9981437,2.2638535
191,864691135941886118,train,BipFam,BipFam,5.677439,6.703216,1.4968604
1498,864691136372954248,test,NglFam,NglFam,5.0263557,6.1875277,1.7311614
1334,864691135659538306,train,thalamocortical,thalamocortical,2.976753,5.9287004,2.421501
115,864691136523971473,train,BipFam,BipFam,4.4932203,4.913037,2.1359954
6086,864691135939776309,train,MartFam,MartFam,5.01652,4.413434,1.1047423
833,864691135456493418,test,BipFam,BipFam,6.296659,7.7375565,1.907636
1130,864691135405713902,train,L3IT,pyramidal,6.5316854,6.6000133,3.865138
867,864691136196932172,train,BasketFam,BasketFam,2.2871225,5.1712112,5.7887588
230,864691136138335101,train,L6IT,pyramidal,5.2649827,9.56465,4.5302153
3874,864691136489623826,train,BasketFam,BasketFam,2.9319484,6.0309677,6.303786
943,864691135929072340,train,L5IT,pyramidal,6.870023,9.058148,3.8021734
259,864691135689555680,train,NglFam,NglFam,6.0466824,6.394547,2.2379441
3195,864691135294194358,train,thalamocortical,thalamocortical,5.1264415,7.7355647,2.0147846
502,864691136273370302,train,NglFam,NglFam,7.0205226,9.2894535,2.183084
19,864691136268801012,test,BasketFam,BasketFam,0.7551604,6.007338,4.5459137
2447,864691135810495005,train,BasketFam,BasketFam,2.5489087,4.9447308,6.585118
306,864691135132887456,test,NglFam,NglFam,3.4630663,5.2857494,1.8958268
368,864691136372954248,test,NglFam,NglFam,4.2392306,5.4793415,1.8416564
180,864691135395833333,train,BipFam,BipFam,6.742838,7.162805,2.3479624
89,864691136524282001,train,NglFam,NglFam,4.13395,4.3550205,2.5592463
59,864691136010650796,train,BipFam,BipFam,4.510215,5.2872114,3.0671217
3456,864691136392806271,train,BasketFam,BasketFam,3.3833692,5.2188373,6.0894675
394,864691135469845388,train,L4IT,pyramidal,6.5799,7.927895,2.5417447
813,864691136145537844,train,BipFam,BipFam,6.8933015,8.657346,1.6426508
627,864691136484883756,train,BasketFam,BasketFam,4.91229,9.034328,4.145889
124,864691135309733190,train,NglFam,NglFam,7.193995,4.080646,2.9941769
484,864691136067404440,test,MartFam,MartFam,7.304174,8.127649,2.3855534
255,864691135447312274,train,L4IT,pyramidal,3.4764247,8.409968,4.221256
171,864691135409856713,train,BasketFam,BasketFam,2.9139552,5.06141,5.9195256
43,864691136484364844,train,L6CT,pyramidal,7.632182,9.8184395,3.2566428
391,864691136239793212,test,NglFam,NglFam,6.1132627,8.992317,1.7632649
164,864691135347627423,train,BipFam,BipFam,6.544374,8.337543,1.9754766
2251,864691136364183266,train,BasketFam,BasketFam,4.750914,5.725071,4.324822
640,864691136364166370,train,BipFam,BipFam,4.3681865,6.5545316,0.8447862
890,864691136137168779,train,BipFam,BipFam,6.5196967,9.499315,3.1098115
430,864691135868919318,test,L5IT,pyramidal,4.995895,8.167019,3.3403318
202,864691135764890678,train,MartFam,MartFam,7.520113,4.9698615,2.4514973
217,864691136108370905,train,BipFam,BipFam,6.7464137,8.854794,1.833281
3083,864691135866821340,train,thalamocortical,thalamocortical,4.8203745,8.080672,1.6886203
200,864691136336204979,train,NglFam,NglFam,4.003283,4.7512217,2.1595056
7942,864691135739131780,train,MartFam,MartFam,3.3243332,4.2470164,0.56079614
4437,864691135997140906,train,BipFam,BipFam,6.1883545,7.04323,4.584927
465,864691135969582181,train,MartFam,MartFam,1.4597983,6.7070627,2.3850083
1862,864691135778081453,train,thalamocortical,thalamocortical,3.139715,8.446086,3.392794
854,864691135210358137,train,L4IT,pyramidal,5.908856,7.8565693,4.8852944
743,864691135503782210,test,BipFam,BipFam,4.667192,8.953405,4.2550163
35,864691136100014453,train,BipFam,BipFam,3.162822,6.410779,2.84941
925,864691135281109665,train,BasketFam,BasketFam,2.747529,4.8916054,6.4352202
867,864691135764631862,train,L3IT,pyramidal,3.9068742,7.849703,3.3796556
1211,864691136813553523,train,BasketFam,BasketFam,3.3198128,8.825255,5.0531135
605,864691135659538306,train,thalamocortical,thalamocortical,3.8803596,7.1958046,2.552712
196,864691136331214058,test,L2IT,pyramidal,6.302922,7.455777,1.6558607
2957,864691136011549614,train,BipFam,BipFam,5.760858,6.447115,1.1821519
3526,864691135496262032,train,BasketFam,BasketFam,1.5689725,5.708937,4.7376976
8439,864691136914542577,train,MartFam,MartFam,1.4966493,6.4412646,4.054048
3600,864691136053350131,test,thalamocortical,thalamocortical,2.3230724,8.186535,3.1144576
546,864691134966069023,train,L4IT,pyramidal,5.7109456,9.130478,3.8020506
537,864691136145537844,train,BipFam,BipFam,5.1504626,5.8908567,0.87516236
5200,864691135939776309,train,MartFam,MartFam,4.129597,5.5723743,3.1894097
256,864691135293096118,train,NglFam,NglFam,5.2021656,7.1239176,2.4597716
3471,864691135325426076,train,MartFam,MartFam,5.929239,9.639638,2.9156818
6211,864691135853090503,test,BasketFam,BasketFam,2.9997072,5.5841713,6.117273
513,864691136372954248,test,NglFam,NglFam,2.9859827,6.8611054,2.9243567
866,864691136925825354,test,BasketFam,BasketFam,3.1706843,5.9256873,6.237896
11,864691135493149927,train,L4IT,pyramidal,6.0609055,8.169683,1.7507572
1580,864691136091233847,train,thalamocortical,thalamocortical,3.1571956,7.0065417,0.94376343
791,864691135773209163,test,L4IT,pyramidal,7.0937614,7.5278487,3.3325164
1129,864691136814025587,train,BasketFam,BasketFam,3.8057666,6.5611234,5.874593
1454,864691135569282284,train,MartFam,MartFam,5.709562,8.995001,4.486662
1214,864691136298913563,train,MartFam,MartFam,7.2504535,4.025709,3.0369942
226,864691136330407914,train,L2IT,pyramidal,6.5917125,7.511105,4.4230733
1583,864691135783317840,train,thalamocortical,thalamocortical,2.6077096,7.12828,1.0509756
464,864691135119630813,test,BipFam,BipFam,6.0166044,5.649805,2.0741086
3802,864691135703016059,train,MartFam,MartFam,5.007894,6.431884,0.7700024
4235,864691136196932172,train,BasketFam,BasketFam,3.4052415,4.986859,6.227626
2955,864691135584068717,train,BasketFam,BasketFam,1.7988143,5.8169727,5.3693614
1637,864691135878586963,test,thalamocortical,thalamocortical,2.752701,5.6782427,2.8230748
2014,864691136580010516,test,MartFam,MartFam,3.3777077,4.0600133,0.7246216
217,864691135493665631,train,L4IT,pyramidal,5.8227644,6.3153634,3.3444602
4547,864691135396720885,train,BasketFam,BasketFam,4.3661203,4.9433866,0.4888417
383,864691135157994084,test,L4IT,pyramidal,7.480985,8.366854,3.1050224
799,864691136991606421,train,L4IT,pyramidal,4.210536,6.9612556,3.107477
6395,864691135477104960,train,thalamocortical,thalamocortical,2.4008899,7.0304475,3.0271118
1867,864691136145537844,train,BipFam,BipFam,5.4292116,7.9903684,4.2915173
1330,864691136091233847,train,thalamocortical,thalamocortical,3.6192756,8.441145,3.846624
2987,864691135470255698,train,thalamocortical,thalamocortical,2.7560163,7.424063,3.243766
7674,864691135756844242,test,MartFam,MartFam,4.118155,4.925191,3.6131024
328,864691136025992761,train,BipFam,BipFam,3.9635494,9.375323,5.0809984
1340,864691135396720885,train,BasketFam,BasketFam,3.2366,6.707751,4.788076
3815,864691136118878116,train,MartFam,MartFam,2.5079143,5.5638533,1.4737153
1160,864691136674749575,train,L2IT,pyramidal,7.196224,5.308964,2.5747318
495,864691135689555680,train,NglFam,NglFam,2.1061258,5.3428416,2.143908
2094,864691135878586963,test,thalamocortical,thalamocortical,2.0033839,8.022965,2.9182525
1009,864691135528046939,train,MartFam,MartFam,5.094516,4.3248286,1.3376666
105,864691135993770945,test,BipFam,BipFam,4.046129,9.25224,4.917909
1490,864691136372954248,test,NglFam,NglFam,5.4046173,7.8910522,1.9068549
2916,864691135464991645,train,thalamocortical,thalamocortical,2.6829762,6.1200056,2.6107543
1885,864691135997140906,train,BipFam,BipFam,6.295591,7.306508,2.4806492
67,864691136118878116,train,MartFam,MartFam,3.0866823,4.782682,2.08882
199,864691135309733190,train,NglFam,NglFam,6.4463453,4.6073384,3.0965474
922,864691135742826603,train,BipFam,BipFam,3.8115752,6.074434,2.0553122
1229,864691135468948364,train,L3IT,pyramidal,6.037683,8.192618,4.6180034
774,864691136372954248,test,NglFam,NglFam,4.4843206,6.679368,1.3906417
525,864691135132887456,test,NglFam,NglFam,7.4955735,5.6126266,2.6150696
61,864691136273370302,train,NglFam,NglFam,6.8074193,9.881775,2.2292657
36,864691135928029966,train,thalamocortical,thalamocortical,3.7840898,6.676626,3.2315118
4333,864691136040742142,test,BasketFam,BasketFam,6.841811,6.856673,3.9730012
3338,864691136523889553,train,BasketFam,BasketFam,1.4760511,6.717105,3.1563897
2787,864691136453186559,train,BasketFam,BasketFam,3.7661376,6.8100033,6.125251
3610,864691136118878116,train,MartFam,MartFam,1.3861406,7.1914005,3.9371648
4850,864691135119335645,train,thalamocortical,thalamocortical,1.0557729,7.2173266,2.6669922
5727,864691135309486662,train,BasketFam,BasketFam,1.0915996,6.240778,4.256219
1675,864691136523971473,train,BipFam,BipFam,6.5161095,4.1893635,3.0839646
451,864691136620797837,train,L4IT,pyramidal,3.3759859,7.2427897,0.71782476
457,864691135106309709,train,NglFam,NglFam,6.1762133,8.367287,5.015838
13,864691135257689519,train,L6CT,pyramidal,5.70932,7.3872256,2.3317873
2000,864691135350977751,train,MartFam,MartFam,7.0685883,3.2884412,2.2303438
406,864691136239793212,test,NglFam,NglFam,3.717681,8.9962435,4.835191
53,864691136336204979,train,NglFam,NglFam,7.180713,5.3723717,2.6124911
4443,864691135466333509,train,BasketFam,BasketFam,3.8050046,6.701569,6.431106
204,864691135309733190,train,NglFam,NglFam,7.160138,4.3353972,3.0761378
89,864691135989836288,train,L2IT,pyramidal,6.5714254,8.111731,4.307538
5866,864691136580010516,test,MartFam,MartFam,1.3357338,7.18914,3.9551356
111,864691135387277397,test,thalamocortical,thalamocortical,3.9875834,7.5699506,3.1826358
1588,864691135503782210,test,BipFam,BipFam,3.3053706,6.5092907,2.2977228
103,864691136273370302,train,NglFam,NglFam,6.4227085,7.703127,4.8270264
4441,864691135362357319,train,BasketFam,BasketFam,1.2355741,6.644922,2.8020282
324,864691135689555680,train,NglFam,NglFam,3.684322,4.6743207,2.2986972
15471,864691135779780797,test,MartFam,MartFam,2.190638,4.9842,2.0005653
6377,864691135839979667,train,MartFam,MartFam,1.87342,5.132673,2.3972578
254,864691136086632812,train,NglFam,NglFam,3.3981726,6.3113465,2.4677362
5359,864691135309486662,train,BasketFam,BasketFam,2.1774828,5.0745687,6.286463
1152,864691136120465944,train,thalamocortical,thalamocortical,4.796215,5.4185243,4.5435915
2199,864691135015437462,test,BasketFam,BasketFam,1.5905321,5.7105465,4.931299
599,864691136314448701,test,L4IT,pyramidal,5.3706794,7.1582804,2.75143
6128,864691135853090503,test,BasketFam,BasketFam,3.6040583,6.24031,5.2824516
1942,864691136011549614,train,BipFam,BipFam,4.9603014,7.778346,1.9371631
444,864691135303514791,train,NglFam,NglFam,7.316786,3.4844346,2.1947224
1038,864691135741641876,test,BasketFam,BasketFam,2.3888252,4.997844,5.5260615
1902,864691136091233847,train,thalamocortical,thalamocortical,4.4806805,5.6512156,3.4290187
1391,864691136011549614,train,BipFam,BipFam,4.3315725,5.6349654,3.0912874
29,864691135518173395,train,L4IT,pyramidal,6.541654,8.994557,3.1232843
277,864691135375655880,train,BipFam,BipFam,6.739066,7.5644298,1.9895349
1451,864691135119335645,train,thalamocortical,thalamocortical,4.589929,6.4936557,1.0073812
4898,864691135756844242,test,MartFam,MartFam,2.4333646,4.885037,2.239752
735,864691134887444986,test,NglFam,NglFam,7.107457,4.8214808,3.0645893
2242,864691136145537844,train,BipFam,BipFam,5.218684,5.445202,1.2207954
101,864691135387277397,test,thalamocortical,thalamocortical,2.206139,8.096036,4.1277575
665,864691135106309709,train,NglFam,NglFam,5.859103,8.968763,3.505218
1358,864691136925008100,train,BipFam,BipFam,2.8094482,6.9342456,2.6241438
6353,864691136145494068,train,BasketFam,BasketFam,2.0463088,5.5453997,5.376722
91,864691135361291591,train,MartFam,MartFam,6.835736,7.830978,4.4989505
1008,864691135106309709,train,NglFam,NglFam,7.467678,10.014426,2.622411
692,864691135731889337,train,L3IT,pyramidal,4.211384,7.184689,2.6774993
85,864691135929072340,train,L5IT,pyramidal,4.225477,6.856363,0.9113996
7819,864691136580010516,test,MartFam,MartFam,2.417493,7.635623,3.883588
363,864691135928376590,test,L3IT,pyramidal,6.020945,7.8455763,1.0685108
295,864691135779377341,train,L4IT,pyramidal,6.301224,6.4091268,2.2239695
4208,864691135772774651,test,MartFam,MartFam,3.8545563,4.9929066,2.7777116
23,864691136391023120,train,BasketFam,BasketFam,1.5078281,6.656027,3.7400153
6101,864691136007059658,test,BipFam,BipFam,6.251123,9.390705,3.2910054
297,864691136034526651,train,BipFam,BipFam,7.0719132,8.063547,2.626577
625,864691135970210661,train,L5IT,pyramidal,6.5855184,8.328933,3.1931863
330,864691136381346005,train,L4IT,pyramidal,6.058431,8.408049,3.2302475
5536,864691135595810859,train,BasketFam,BasketFam,3.4714494,5.3259974,6.0229473
3468,864691136595955362,train,MartFam,MartFam,2.4743607,7.7164345,3.5386953
421,864691135106309709,train,NglFam,NglFam,4.7986274,4.7246914,0.49069688
3604,864691135755605197,train,thalamocortical,thalamocortical,0.8074388,6.9427857,2.7907116
2547,864691135941829121,test,BasketFam,BasketFam,1.5097306,6.4867086,5.8365397
1699,864691135817803599,test,BasketFam,BasketFam,3.3267782,6.6371174,4.718848
1029,864691135336669673,train,MartFam,MartFam,7.4934397,8.748194,3.4417272
615,864691135351159255,train,thalamocortical,thalamocortical,2.8743742,8.436241,3.3903208
3506,864691136118294692,train,thalamocortical,thalamocortical,2.2881384,6.9360704,4.2270503
307,864691134887444986,test,NglFam,NglFam,4.234669,6.3236876,2.9737408
245,864691135764890678,train,MartFam,MartFam,7.3409185,4.069438,2.2486136
317,864691136011733934,train,MartFam,MartFam,2.9903262,4.1092286,0.80917966
3261,864691136336192947,train,BasketFam,BasketFam,2.7067869,6.0854783,5.3543134
167,864691136211068860,train,BasketFam,BasketFam,1.7349125,6.9762173,5.666084
1686,864691135464991645,train,thalamocortical,thalamocortical,5.3353786,7.8891945,1.9257779
325,864691135755707597,train,BipFam,BipFam,5.9628396,7.696246,1.238308
541,864691135562950369,train,BipFam,BipFam,3.7582557,5.3724656,1.8238387
6329,864691136021592568,train,BasketFam,BasketFam,1.3573997,7.200088,5.0976176
4098,864691135119335645,train,thalamocortical,thalamocortical,1.8302015,6.970783,2.3956509
24,864691135303514791,train,NglFam,NglFam,7.3810806,3.5936635,2.2144158
305,864691135911276969,train,L4IT,pyramidal,6.278171,8.455908,4.756667
505,864691136239980604,train,L4IT,pyramidal,6.381327,6.8723006,1.3315867
2568,864691136011733934,train,MartFam,MartFam,3.3530872,8.012121,3.917506
29,864691135384285931,train,L4IT,pyramidal,6.2703276,9.013717,2.3904574
4371,864691135477104960,train,thalamocortical,thalamocortical,2.250494,6.405722,2.7091334
546,864691135866751870,train,L5IT,pyramidal,7.2642636,5.3004565,2.4316247
296,864691136111556792,train,L4IT,pyramidal,5.7894287,5.94827,2.6994865
751,864691136120465944,train,thalamocortical,thalamocortical,5.506617,7.8532205,4.7431636
4098,864691136011485614,test,BasketFam,BasketFam,2.2015254,5.191823,6.179517
224,864691135369651193,train,BipFam,BipFam,4.281597,5.6432085,3.833169
13727,864691135210446457,train,MartFam,MartFam,4.675551,7.142503,1.3192604
755,864691136123919654,train,BasketFam,BasketFam,2.1866286,7.2473445,5.6784587
4912,864691135388984961,train,BasketFam,BasketFam,3.9616387,5.9572425,5.468097
357,864691136524282001,train,NglFam,NglFam,6.348034,6.038107,2.5987375
150,864691135106309709,train,NglFam,NglFam,7.373226,9.328358,3.203343
1840,864691135778116013,train,BasketFam,BasketFam,3.257401,6.116755,6.3851533
6923,864691136007059658,test,BipFam,BipFam,3.8734384,7.2797933,2.8523974
1513,864691135878407251,train,BasketFam,BasketFam,1.6285826,5.3061547,6.2161264
1202,864691136137168779,train,BipFam,BipFam,2.911086,6.69225,3.2626595
7922,864691135271967397,train,MartFam,MartFam,0.7991684,6.0103216,2.6797051
2280,864691136118294692,train,thalamocortical,thalamocortical,3.7697365,6.783607,3.2971904
226,864691135867532933,train,L6IT,pyramidal,5.807761,8.605976,4.564724
682,864691135374981320,train,L4IT,pyramidal,3.831403,9.014166,4.764677
7677,864691135562001633,train,MartFam,MartFam,1.4543338,5.760171,5.1826367
1675,864691135118298333,train,MartFam,MartFam,1.3667134,5.6170907,2.1237109
294,864691136523288465,train,L4IT,pyramidal,5.550033,8.820134,3.9969027
270,864691135132887456,test,NglFam,NglFam,6.9133644,3.3033507,2.1510487
1042,864691136372954248,test,NglFam,NglFam,3.7033734,4.7811785,0.74889624
191,864691134887444986,test,NglFam,NglFam,3.3347855,6.07309,3.227274
1664,864691135210178169,test,BasketFam,BasketFam,2.2082767,7.3460217,5.580459
4609,864691135685250546,train,BasketFam,BasketFam,2.4388056,5.3178062,6.4686027
280,864691135778618029,train,BipFam,BipFam,3.7205648,8.953086,4.8048882
2863,864691135409856713,train,BasketFam,BasketFam,2.4158363,4.6498075,5.1281233
884,864691136524014993,train,BasketFam,BasketFam,4.1129704,5.793866,5.1089435
352,864691136620914829,train,L4IT,pyramidal,6.8381863,8.149385,2.7083821
488,864691135689555680,train,NglFam,NglFam,7.135801,4.6342497,2.7965112
58,864691135234382937,train,L3IT,pyramidal,6.9213033,8.7221985,2.653204
662,864691135585989240,train,BasketFam,BasketFam,1.804132,7.499074,5.455955
3639,864691135689015264,train,thalamocortical,thalamocortical,1.2585876,7.304877,2.4861069
3406,864691136580010516,test,MartFam,MartFam,2.8090575,4.3590717,0.954623
2755,864691135464991645,train,thalamocortical,thalamocortical,1.9696672,6.8545876,2.3494506
253,864691136927176778,train,L5IT,pyramidal,4.755882,9.207846,4.764795
712,864691135977010031,test,L4IT,pyramidal,5.9841204,8.51263,3.07992
4646,864691135755605197,train,thalamocortical,thalamocortical,5.8900476,6.8280077,1.8858898
905,864691136118805668,train,L6IT,pyramidal,4.296573,9.487241,4.981459
7545,864691135477104960,train,thalamocortical,thalamocortical,4.31214,7.589146,1.4176979
424,864691135685030130,train,thalamocortical,thalamocortical,2.8455958,7.0573997,3.2924016
554,864691135849426270,train,L5IT,pyramidal,5.7420797,9.012236,4.3442326
1025,864691135726140843,train,L3IT,pyramidal,7.6088586,8.077142,3.2094278
12,864691135689015264,train,thalamocortical,thalamocortical,2.1020126,8.047607,2.8973973
134,864691136314126653,train,BipFam,BipFam,6.330801,6.739926,1.2860777
813,864691135689555680,train,NglFam,NglFam,5.13981,6.3871884,1.7807419
460,864691136239793212,test,NglFam,NglFam,6.6544266,7.7285495,4.6795654
4425,864691135853090503,test,BasketFam,BasketFam,1.7970182,5.212565,6.082204
712,864691136927366986,train,thalamocortical,thalamocortical,4.417364,5.5940337,3.800611
6499,864691134886037498,train,MartFam,MartFam,1.6336124,5.824984,2.2160814
3501,864691136033871035,train,thalamocortical,thalamocortical,5.3985357,7.638974,3.8424983
835,864691135782873936,test,thalamocortical,thalamocortical,4.0464926,6.3680725,1.217129
1581,864691135717457946,test,L4IT,pyramidal,4.9938693,7.2480288,1.9052926
6464,864691135477104960,train,thalamocortical,thalamocortical,1.9106294,6.9223704,3.4645832
42,864691136311106650,train,L5IT,pyramidal,3.8554206,9.119713,4.9088383
548,864691134887444986,test,NglFam,NglFam,2.6356833,5.6757994,2.3997457
2844,864691136523971473,train,BipFam,BipFam,6.976378,4.4092956,2.2741027
761,864691135662825456,test,L4IT,pyramidal,6.2346435,6.560975,3.1892197
916,864691135954582563,train,MartFam,MartFam,4.374172,8.5764885,4.5478277
475,864691136425681967,train,L4IT,pyramidal,4.5322022,5.6814895,3.3147557
3271,864691135990672896,train,MartFam,MartFam,5.960145,8.361246,3.9208822
392,864691135447979922,train,BipFam,BipFam,6.437802,6.302022,2.4860752
2265,864691135387529301,test,BasketFam,BasketFam,2.3691885,5.34127,5.991636
8121,864691135562001633,train,MartFam,MartFam,3.2109537,6.2392693,3.4996185
570,864691136391024144,train,NglFam,NglFam,2.879795,6.4566417,2.6074533
5711,864691135689015264,train,thalamocortical,thalamocortical,1.3885136,6.930374,3.384508
5479,864691136033871035,train,thalamocortical,thalamocortical,1.688216,6.745476,4.0026417
149,864691135257689519,train,L6CT,pyramidal,6.9608417,7.9145775,2.35307
184,864691135890695049,test,L4IT,pyramidal,5.1925173,7.518419,2.1110551
111,864691135783317840,train,thalamocortical,thalamocortical,4.554764,7.2737927,1.0105375
132,864691135619317391,test,L4IT,pyramidal,5.815614,6.9462166,2.4300988
851,864691135778081453,train,thalamocortical,thalamocortical,3.6001709,5.983597,3.0028913
130,864691136336204979,train,NglFam,NglFam,6.0636606,4.3947034,1.8459063
1112,864691135977768259,train,BasketFam,BasketFam,1.7797256,5.723642,5.109339
188,864691136137293195,train,L2IT,pyramidal,6.798577,6.2049136,2.3263896
70,864691135431579440,train,BipFam,BipFam,7.627304,5.9524846,2.6545243
735,864691135106309709,train,NglFam,NglFam,5.951676,8.528452,2.8605404
2379,864691135997140906,train,BipFam,BipFam,6.923555,7.961906,3.0058558
184,864691136445249923,train,L2IT,pyramidal,6.9338403,8.082467,3.1049156
1368,864691136523971473,train,BipFam,BipFam,2.864105,5.156117,2.488371
343,864691135618332265,train,BasketFam,BasketFam,0.67626274,6.1395354,4.4291162
76,864691135689555680,train,NglFam,NglFam,2.4578512,7.772542,2.7912884
3205,864691135119335645,train,thalamocortical,thalamocortical,4.2077336,5.309023,4.055591
5175,864691136211068860,train,BasketFam,BasketFam,2.3112092,5.1953344,6.3174896
2198,864691135470860370,test,BipFam,BipFam,3.211135,4.4983525,1.8696246
156,864691135309733190,train,NglFam,NglFam,3.126791,4.91836,4.7029204
4181,864691135373601736,train,BasketFam,BasketFam,1.8163134,7.851718,5.439525
1600,864691135387551061,train,BasketFam,BasketFam,3.2791924,5.882665,3.232393
1924,864691136118878116,train,MartFam,MartFam,3.1723306,4.737603,0.906112
4443,864691136118878116,train,MartFam,MartFam,3.6367853,4.1146297,0.7270122
1181,864691135701340194,train,BasketFam,BasketFam,2.6134696,5.5382233,6.481385
1066,864691135474179378,test,MartFam,MartFam,2.2563453,6.1727033,1.9246215
3208,864691136053350131,test,thalamocortical,thalamocortical,4.200255,5.405802,4.7611666
557,864691135124690471,train,BasketFam,BasketFam,2.563308,5.052476,6.639439
1384,864691136110765496,train,MartFam,MartFam,4.7632504,9.513047,4.825327
438,864691135396720885,train,BasketFam,BasketFam,1.6588835,5.818722,5.558097
1425,864691135997140906,train,BipFam,BipFam,4.3894024,8.441412,3.5809484
317,864691135994134977,train,L4IT,pyramidal,3.881215,6.981679,2.8093364
145,864691136372039560,train,L6IT,pyramidal,6.686383,9.169379,3.9560845
765,864691135755707597,train,BipFam,BipFam,5.025022,7.7077446,3.7272606
117,864691136927801674,train,L4IT,pyramidal,4.664012,6.6909695,1.197762
352,864691135989943040,train,L3IT,pyramidal,6.080853,9.533034,2.3906083
414,864691136489623826,train,BasketFam,BasketFam,1.7885612,6.058909,5.6034207
841,864691135106309709,train,NglFam,NglFam,4.5064692,8.594298,4.216023
575,864691135689555680,train,NglFam,NglFam,2.3801868,7.379058,2.418975
8132,864691136914542577,train,MartFam,MartFam,3.2107804,5.7580957,2.8949583
2462,864691135727929663,train,BasketFam,BasketFam,2.0372617,4.484306,5.476113
1651,864691135409856713,train,BasketFam,BasketFam,2.9793262,5.1576653,5.4430184
151,864691135375484489,test,L4IT,pyramidal,4.358858,6.405653,2.1807003
1965,864691136925008100,train,BipFam,BipFam,4.2312098,6.8139563,0.9558718
1749,864691135478434216,train,BasketFam,BasketFam,2.0528119,5.119727,5.997482
198,864691135562950369,train,BipFam,BipFam,5.0727525,6.5774555,3.6584818
5105,864691135997428394,test,thalamocortical,thalamocortical,3.7517476,7.017958,3.7604477
106,864691135618332265,train,BasketFam,BasketFam,3.071919,5.7390366,6.7391596
3097,864691135997140906,train,BipFam,BipFam,5.974754,5.3215737,2.6525214
4696,864691136138622333,train,BasketFam,BasketFam,3.9515352,5.438427,4.985836
1056,864691135106309709,train,NglFam,NglFam,7.041667,9.6632395,3.033501
196,864691135466158917,test,L2IT,pyramidal,7.0161476,8.398934,3.0776687
303,864691135503443549,train,L4IT,pyramidal,6.8042445,4.7965064,2.2900863
992,864691136196932172,train,BasketFam,BasketFam,2.7657523,4.9494314,5.74126
2224,864691135772774651,test,MartFam,MartFam,3.114066,4.4748955,2.284446
161,864691136336204979,train,NglFam,NglFam,4.3242745,6.02727,2.2379572
1811,864691135464678206,train,MartFam,MartFam,3.5805418,4.5173306,1.076836
5793,864691135477104960,train,thalamocortical,thalamocortical,2.1236258,6.7036304,2.543634
473,864691136239793212,test,NglFam,NglFam,6.9619093,9.549758,2.0570178
4392,864691135477104960,train,thalamocortical,thalamocortical,2.0947237,8.123848,4.147828
6988,864691135477104960,train,thalamocortical,thalamocortical,4.420567,5.607513,3.7261226
119,864691136336204979,train,NglFam,NglFam,4.525704,8.159171,4.1995325
1324,864691135928029966,train,thalamocortical,thalamocortical,2.2191408,6.6576037,2.3423235
888,864691135566979927,train,MartFam,MartFam,7.050666,8.412446,2.649682
222,864691136145572404,train,BipFam,BipFam,2.802985,7.5688233,3.5885434
6101,864691135384716762,train,MartFam,MartFam,1.8783722,5.5993233,2.0169468
2907,864691135571356038,test,MartFam,MartFam,5.398946,6.289051,1.5204439
379,864691135742824555,train,BipFam,BipFam,4.829543,8.451644,3.874681
1861,864691135659538306,train,thalamocortical,thalamocortical,5.383303,8.031518,1.8096739
6066,864691135689015264,train,thalamocortical,thalamocortical,3.9334233,6.8871303,1.0499356
3870,864691136011549614,train,BipFam,BipFam,4.3750377,5.4698195,3.424076
2035,864691136120465944,train,thalamocortical,thalamocortical,4.289458,6.0023265,4.01709
6101,864691135703016059,train,MartFam,MartFam,3.402899,4.2000804,0.7478635
180,864691136336204979,train,NglFam,NglFam,6.8084188,3.7641723,2.1615236
79,864691135115194009,train,BipFam,BipFam,4.169729,9.618086,5.127461
215,864691135693735103,train,NglFam,NglFam,6.3179946,9.315231,3.6460278
3579,864691135779780797,test,MartFam,MartFam,4.403961,4.509005,0.5314452
300,864691135361430087,test,L5IT,pyramidal,4.6908603,8.987178,4.4061437
263,864691136011458734,test,BasketFam,BasketFam,2.8805525,5.0047336,6.3307266
5746,864691135346954143,train,MartFam,MartFam,1.8596336,6.04543,2.1545258
3616,864691136390675216,train,BasketFam,BasketFam,3.9893057,6.2772026,1.0023378
369,864691134966714655,train,L4IT,pyramidal,6.502516,6.7177873,1.9025494
286,864691135293096118,train,NglFam,NglFam,4.2960978,8.254049,3.3973608
2161,864691136120465944,train,thalamocortical,thalamocortical,0.8744448,7.157435,2.817374
790,864691134887444986,test,NglFam,NglFam,7.6738405,4.4704447,2.5404184
302,864691135447979922,train,BipFam,BipFam,5.626355,4.922932,1.1849035
2900,864691135343601093,train,BasketFam,BasketFam,6.415006,7.5897026,2.1966174
1344,864691136123919654,train,BasketFam,BasketFam,3.3470693,6.4657555,6.521951
398,864691135928395278,train,L4IT,pyramidal,6.595905,6.244553,3.870171
767,864691136052101363,train,BipFam,BipFam,6.0392632,7.873374,4.950444
715,864691136484876588,train,MartFam,MartFam,6.8745985,9.032687,1.8976716
348,864691135119335645,train,thalamocortical,thalamocortical,3.183042,8.453318,4.622913
242,864691135469753426,train,L2IT,pyramidal,4.472272,5.467061,3.3374257
309,864691136391024144,train,NglFam,NglFam,6.4182363,5.6636076,1.962871
166,864691135727686463,train,BipFam,BipFam,2.9021494,6.4530153,2.091667
125,864691135303514791,train,NglFam,NglFam,7.3062963,3.8658268,2.5258946
4977,864691135119335645,train,thalamocortical,thalamocortical,2.0420377,8.130551,4.1621904
1653,864691136523971473,train,BipFam,BipFam,4.6543407,6.8899307,3.164653
78,864691135503782210,test,BipFam,BipFam,4.6873207,9.299162,4.7293553
335,864691135115194009,train,BipFam,BipFam,6.5932546,7.528436,4.703008
1834,864691135384716762,train,MartFam,MartFam,2.3800206,4.9587097,2.3115847
58,864691135783308368,train,L4IT,pyramidal,6.2915387,7.4651303,1.2479486
447,864691134887444986,test,NglFam,NglFam,3.1216798,7.063496,2.95931
5332,864691136040742142,test,BasketFam,BasketFam,2.278511,4.5923676,6.0309744
12,864691136391024144,train,NglFam,NglFam,2.962293,6.8204336,2.7248168
306,864691135656674242,train,L5IT,pyramidal,6.0119967,9.507698,2.4294455
338,864691136381294805,train,L5IT,pyramidal,6.850767,8.60546,2.0113761
5619,864691136314120765,train,BasketFam,BasketFam,2.2538266,4.644658,6.1964335
7461,864691135456535658,train,MartFam,MartFam,4.2054,4.5984144,0.5314879
5093,864691135470255698,train,thalamocortical,thalamocortical,2.9848642,8.762172,4.3316593
7221,864691136007059658,test,BipFam,BipFam,6.3757634,6.298853,3.868506
2254,864691136058602712,train,thalamocortical,thalamocortical,0.85396445,7.0267196,3.0418756
165,864691134886792442,train,MartFam,MartFam,7.6825953,7.716453,2.9519963
6290,864691135212863360,train,MartFam,MartFam,6.1506915,6.5743904,1.2982237
1975,864691136312076122,train,MartFam,MartFam,5.604313,4.6894617,1.3173826
338,864691136239793212,test,NglFam,NglFam,6.956301,8.910977,2.1647365
205,864691134919869706,test,L4IT,pyramidal,5.198284,8.864231,3.9078555
3031,864691135997428394,test,thalamocortical,thalamocortical,2.1958394,6.133534,5.239139
636,864691135741458324,train,L2IT,pyramidal,6.238977,6.3817997,2.0875688
512,864691136239793212,test,NglFam,NglFam,6.080766,7.515904,4.9744177
258,864691136229363025,train,L4IT,pyramidal,5.7031884,7.72306,4.7069955
1766,864691135573245165,train,BasketFam,BasketFam,7.804844,7.441876,2.918828
1997,864691136033871035,train,thalamocortical,thalamocortical,4.3990655,5.3513412,4.331357
8462,864691135480702662,train,MartFam,MartFam,1.9521478,5.1489153,2.422467
677,864691135726881195,train,L4IT,pyramidal,4.049632,5.8864675,1.8409638
490,864691136145537844,train,BipFam,BipFam,5.0508456,8.269219,3.1194818
225,864691135755707597,train,BipFam,BipFam,5.2930317,4.4849625,1.4708507
119,864691135303514791,train,NglFam,NglFam,6.563123,8.718966,2.9635057
104,864691135503004765,train,BipFam,BipFam,6.298623,6.7005863,2.0815089
319,864691135584068717,train,BasketFam,BasketFam,2.509673,5.3227725,5.9473205
3626,864691136523889553,train,BasketFam,BasketFam,3.0521426,5.739064,5.318254
344,864691135778081453,train,thalamocortical,thalamocortical,4.8376837,8.475021,3.653665
181,864691135616235979,train,BipFam,BipFam,6.2024603,7.158478,4.7420163
4674,864691135106209101,train,BasketFam,BasketFam,3.9347126,9.06428,4.2830443
460,864691135875777166,test,BasketFam,BasketFam,3.0494215,6.241654,6.2257094
5372,864691135274708753,train,BasketFam,BasketFam,4.198681,5.4598885,4.888739
5942,864691135477104960,train,thalamocortical,thalamocortical,3.7938359,7.329179,2.661208
2586,864691136312057178,train,BasketFam,BasketFam,1.6599414,5.91196,5.7011285
208,864691135764890678,train,MartFam,MartFam,7.0449333,7.976524,1.7171303
526,864691135996891050,test,BipFam,BipFam,3.7293665,6.3504,2.8017936
4324,864691136523889553,train,BasketFam,BasketFam,3.306707,5.8293066,5.678657
15589,864691135779780797,test,MartFam,MartFam,2.791442,4.679751,0.9464891
147,864691136086632812,train,NglFam,NglFam,5.639144,4.5449414,1.3166881
2257,864691135369668089,train,BasketFam,BasketFam,3.1864116,5.7199764,6.5474877
528,864691135659538306,train,thalamocortical,thalamocortical,4.174312,6.1000166,2.5087357
26,864691135359413848,train,BipFam,BipFam,6.996134,8.626262,3.4486945
353,864691135866821340,train,thalamocortical,thalamocortical,3.5892944,5.4852476,1.2193191
3076,864691135611702023,train,BasketFam,BasketFam,4.3938937,5.479374,4.895013
14,864691136391024144,train,NglFam,NglFam,2.1583343,6.552363,3.0923972
654,864691136196240342,test,BipFam,BipFam,5.2082834,7.3519697,1.2009566
186,864691136273370302,train,NglFam,NglFam,5.108446,9.141062,4.847899
1087,864691135101595680,test,L4IT,pyramidal,6.699074,7.5056515,2.4198012
1051,864691135778618029,train,BipFam,BipFam,3.8624787,8.4806385,4.378282
993,864691135518791818,train,BasketFam,BasketFam,2.197109,7.831113,5.8484116
186,864691135840033171,train,NglFam,NglFam,4.81903,8.215889,3.6895616
42,864691135659538306,train,thalamocortical,thalamocortical,1.4320872,6.358794,2.5113015
29,864691135839999379,train,BipFam,BipFam,7.6828337,5.143135,2.9139607
273,864691135941829121,test,BasketFam,BasketFam,2.1197457,6.925356,5.6257443
409,864691134966495519,train,L3IT,pyramidal,7.4805584,7.8185067,3.1803184
2892,864691135997428394,test,thalamocortical,thalamocortical,3.393649,5.7922626,5.0423226
8585,864691135480702662,train,MartFam,MartFam,2.016953,5.132789,2.4263406
583,864691135782873936,test,thalamocortical,thalamocortical,3.995543,8.002904,3.3458757
4201,864691135446065810,train,MartFam,MartFam,7.1694827,8.0450325,2.5689292
2223,864691137056216950,train,MartFam,MartFam,2.816924,4.542258,1.3497852
3885,864691135858282030,train,MartFam,MartFam,4.093806,7.7056766,2.0886881
218,864691135693735103,train,NglFam,NglFam,6.8510942,9.740699,3.2276525
2210,864691135336840425,train,BasketFam,BasketFam,3.0885437,5.8113,6.170235
2570,864691136091233847,train,thalamocortical,thalamocortical,2.1523573,6.9711733,3.083872
1677,864691136195284556,train,MartFam,MartFam,5.0850496,7.3711424,1.716502
533,864691135566902039,train,BipFam,BipFam,2.6731741,7.653415,3.832863
134,864691136620797837,train,L4IT,pyramidal,4.572185,6.640364,2.60009
121,864691135398817569,train,L2IT,pyramidal,7.7191315,8.818535,2.8165026
300,864691136484883756,train,BasketFam,BasketFam,3.668323,6.538851,5.8121834
20,864691136524089489,train,L2IT,pyramidal,7.8795443,5.6886644,2.879046
704,864691135990672896,train,MartFam,MartFam,7.154275,9.213997,3.3958158
369,864691136091074615,train,L4IT,pyramidal,5.015632,6.5917916,3.6780477
4214,864691135464991645,train,thalamocortical,thalamocortical,4.670904,6.069912,1.7597421
2374,864691136288755395,train,thalamocortical,thalamocortical,4.0195265,6.411892,1.4303378
1052,864691135387277397,test,thalamocortical,thalamocortical,5.27383,6.933296,2.4158154
108,864691136925825354,test,BasketFam,BasketFam,7.10698,8.453193,3.079474
312,864691136107670745,train,BasketFam,BasketFam,1.5770429,7.358105,5.2913885
3086,864691135446065810,train,MartFam,MartFam,5.031734,7.7596316,4.0978494
340,864691135579134981,train,BipFam,BipFam,3.693046,6.525252,3.7230878
912,864691136110765496,train,MartFam,MartFam,7.098825,8.486669,2.5460312
1063,864691135477104960,train,thalamocortical,thalamocortical,2.066683,7.155971,2.3623066
158,864691136006393034,train,MartFam,MartFam,1.9068644,5.188264,2.1737988
97,864691136314126653,train,BipFam,BipFam,7.1238384,5.699301,2.4328737
491,864691135106309709,train,NglFam,NglFam,7.2157226,9.373108,3.7415478
2950,864691135702887291,train,BasketFam,BasketFam,3.233772,6.3582506,6.579515
8,864691135132887456,test,NglFam,NglFam,7.7238064,4.3051963,2.6185644
258,864691134887444986,test,NglFam,NglFam,5.324401,7.0701375,3.9712148
4880,864691135571356038,test,MartFam,MartFam,2.716267,4.3239346,1.1718863
1720,864691135503782210,test,BipFam,BipFam,6.625302,9.147526,3.3206625
229,864691135839999379,train,BipFam,BipFam,7.614852,4.394924,2.8400578
340,864691135755707597,train,BipFam,BipFam,5.8666553,4.856888,1.5109688
1736,864691136053350131,test,thalamocortical,thalamocortical,3.7003765,7.3551073,1.3050508
217,864691135566824983,test,BipFam,BipFam,4.615422,5.7115517,1.408864
3503,864691135274708753,train,BasketFam,BasketFam,4.3419976,7.251311,1.0078849
354,864691136196240342,test,BipFam,BipFam,4.5015917,5.5180683,4.934636
538,864691135408560329,train,L2IT,pyramidal,5.7274156,6.677514,1.0524175
250,864691136336204979,train,NglFam,NglFam,4.3807015,6.4529257,2.3433223
1490,864691136195796182,test,BasketFam,BasketFam,2.3265617,6.511258,5.73065
139,864691136372954248,test,NglFam,NglFam,3.88882,5.36408,2.8529394
4010,864691134886037498,train,MartFam,MartFam,2.5671442,4.962325,2.1506145
6412,864691136312445786,train,BasketFam,BasketFam,2.6093142,5.9395823,5.1475286
1860,864691135866821340,train,thalamocortical,thalamocortical,3.7278914,7.0018597,0.88213784
236,864691135303514791,train,NglFam,NglFam,7.408005,4.1982813,3.0809102
148,864691136138803837,train,BasketFam,BasketFam,2.507554,7.8686466,5.576577
5978,864691135739131780,train,MartFam,MartFam,1.3407212,7.0684137,4.0597925
1139,864691136372954248,test,NglFam,NglFam,3.3504205,5.009985,3.1938217
842,864691135106309709,train,NglFam,NglFam,4.4748034,6.8961167,1.9099178
3706,864691136118878116,train,MartFam,MartFam,2.1444519,5.555113,2.6358814
1360,864691135586022264,train,BasketFam,BasketFam,2.0164404,4.7497153,6.1147895
2392,864691135388984961,train,BasketFam,BasketFam,2.9419005,5.5850973,5.2103806
2957,864691135755605197,train,thalamocortical,thalamocortical,1.7076937,6.71656,2.5940173
387,864691135477104960,train,thalamocortical,thalamocortical,1.8915392,7.0330687,2.8125353
8469,864691135271967397,train,MartFam,MartFam,0.90078783,6.6222415,2.6235812
1014,864691135878586963,test,thalamocortical,thalamocortical,3.9850955,8.170139,2.350618
38,864691134887444986,test,NglFam,NglFam,2.7737725,6.047762,2.492473
2163,864691135755605197,train,thalamocortical,thalamocortical,1.549726,7.7195168,2.4599125
637,864691136273370302,train,NglFam,NglFam,7.07957,9.682127,2.7102535
166,864691135456493418,test,BipFam,BipFam,6.21387,7.4151173,4.6182995
371,864691136391024144,train,NglFam,NglFam,3.670887,5.529834,1.9820145
1089,864691135210178169,test,BasketFam,BasketFam,3.6501296,6.2172637,2.5758302
1168,864691135685250546,train,BasketFam,BasketFam,2.540195,5.4520674,5.9149923
1500,864691135755605197,train,thalamocortical,thalamocortical,3.8445935,8.223568,3.6935565
202,864691135132887456,test,NglFam,NglFam,7.7932405,4.17057,2.5513241
691,864691136421324951,train,L4IT,pyramidal,1.6074222,6.7335963,2.1418495
366,864691136273370302,train,NglFam,NglFam,6.8907547,9.810018,1.6449939
1894,864691135920776624,train,MartFam,MartFam,7.2509723,3.736632,1.9895294
3164,864691135341516741,test,MartFam,MartFam,7.8471427,5.077697,2.509774
995,864691135470255698,train,thalamocortical,thalamocortical,2.6897814,7.295642,1.4161174
118,864691135405138670,train,L4IT,pyramidal,6.8983483,8.193758,2.9708292
357,864691136391024144,train,NglFam,NglFam,3.2149296,6.7962413,2.7271128
8208,864691136011485614,test,BasketFam,BasketFam,1.9594423,5.191028,6.0179467
1279,864691135384716762,train,MartFam,MartFam,2.1442525,5.4596734,1.8246733
666,864691136195284556,train,MartFam,MartFam,6.643631,8.135379,2.3604016
2536,864691135470860370,test,BipFam,BipFam,4.6551747,6.193244,0.8878604
3456,864691135741960340,train,BasketFam,BasketFam,1.7514846,5.883683,5.694996
2226,864691136118878116,train,MartFam,MartFam,4.2709327,4.9160666,0.4705435
1922,864691135119335645,train,thalamocortical,thalamocortical,6.04455,8.817098,3.2350109
2927,864691135755605197,train,thalamocortical,thalamocortical,5.6415744,7.0571156,2.173486
27,864691135293096118,train,NglFam,NglFam,4.7972503,8.62921,3.9226234
25,864691135938404612,train,BipFam,BipFam,4.9148564,6.409383,1.371795
8166,864691136603935441,train,BasketFam,BasketFam,2.7031975,5.236561,5.9800754
2374,864691135891796617,train,BasketFam,BasketFam,2.7898986,8.04264,5.121033
314,864691135466333509,train,BasketFam,BasketFam,2.3385394,4.93652,6.4738803
1102,864691135727929663,train,BasketFam,BasketFam,2.9332407,4.8070936,4.8395724
434,864691136953677535,train,L4IT,pyramidal,5.8650537,7.558571,2.1824002
1047,864691135810297885,train,BipFam,BipFam,7.270777,8.864148,2.914553
984,864691136009893294,train,L2IT,pyramidal,3.6094923,8.354474,4.289352
99,864691135742826603,train,BipFam,BipFam,3.0063105,7.0165734,2.6124406
52,864691135473954354,test,L6IT,pyramidal,7.4449697,9.678851,3.397179
3972,864691135869457430,train,BasketFam,BasketFam,2.3335946,6.0739326,6.1023693
574,864691135470556242,train,MartFam,MartFam,7.814924,5.2384095,2.9193041
2609,864691136138803837,train,BasketFam,BasketFam,3.3010328,5.5513587,6.4540834
3438,864691136489623826,train,BasketFam,BasketFam,2.1641867,4.716001,6.33819
5605,864691136390905207,train,MartFam,MartFam,5.4468217,9.065535,4.3338456
4130,864691136007059658,test,BipFam,BipFam,4.5712304,6.7524624,1.4205825
4015,864691135518791818,train,BasketFam,BasketFam,1.9397897,7.802603,5.8806725
3013,864691136330880234,train,MartFam,MartFam,4.044851,4.5590014,1.0621656
394,864691134887444986,test,NglFam,NglFam,7.6474857,4.5283566,2.5362937
533,864691135954480163,train,MartFam,MartFam,2.7903526,4.509421,1.4031534
578,864691135562950369,train,BipFam,BipFam,5.743234,6.3004,4.434474
317,864691135868957462,train,L5IT,pyramidal,5.867685,9.569273,2.5961742
662,864691136523971473,train,BipFam,BipFam,4.417209,5.0924816,2.6357725
4740,864691135480702662,train,MartFam,MartFam,2.3576088,4.8635497,1.9883322
552,864691135339729126,train,L4IT,pyramidal,4.4603076,5.9924135,0.9590808
7329,864691135212863360,train,MartFam,MartFam,7.137374,9.153431,3.7098649
441,864691135478434216,train,BasketFam,BasketFam,2.9784937,5.1614256,6.310327
213,864691136125956134,train,L6IT,pyramidal,6.6388154,9.350899,2.377548
3734,864691136453186559,train,BasketFam,BasketFam,2.5461838,8.420855,4.7170944
2467,864691135778081453,train,thalamocortical,thalamocortical,1.4275879,6.7725635,2.4801216
4410,864691135470255698,train,thalamocortical,thalamocortical,2.9250736,8.524089,4.579236
1593,864691135124690471,train,BasketFam,BasketFam,1.6733277,5.178376,6.250277
142,864691135840033171,train,NglFam,NglFam,3.722598,9.156465,4.9966054
107,864691135060784027,test,thalamocortical,thalamocortical,2.1210542,7.0753846,3.4784474
1639,864691136381324501,train,BasketFam,BasketFam,2.0216682,5.362305,4.4616113
366,864691135695042751,train,L6IT,pyramidal,5.544963,6.213545,4.3241477
5570,864691135196475434,train,MartFam,MartFam,1.871854,4.92076,2.0600288
1446,864691135685250546,train,BasketFam,BasketFam,2.099333,6.069975,4.8899775
94,864691135689015264,train,thalamocortical,thalamocortical,2.319242,7.5132666,3.2461932
1410,864691135456535658,train,MartFam,MartFam,2.7082005,4.158884,0.82514715
403,864691136436788382,train,BipFam,BipFam,6.633138,9.506342,2.4679205
680,864691135941898918,train,MartFam,MartFam,1.8596212,4.6997013,5.3747444
1954,864691135470860370,test,BipFam,BipFam,3.6408458,4.9991255,1.2016419
3204,864691136905941426,train,BasketFam,BasketFam,3.2647598,7.351161,4.4936657
2252,864691136925008100,train,BipFam,BipFam,2.752942,7.8089848,4.246977
488,864691136053350131,test,thalamocortical,thalamocortical,6.0766153,6.4982247,3.6979575
1290,864691135885917808,train,BasketFam,BasketFam,3.3996184,5.844697,6.4039955
194,864691135359413848,train,BipFam,BipFam,5.853412,8.6275625,4.5116506
2961,864691136268801012,test,BasketFam,BasketFam,2.239282,6.4372983,5.9329667
3344,864691136392806271,train,BasketFam,BasketFam,3.3943887,5.2192016,5.850359
6409,864691135839979667,train,MartFam,MartFam,7.9271517,5.3207045,2.6007977
1604,864691134966249759,train,thalamocortical,thalamocortical,2.8803854,6.8822722,1.106089
141,864691135395833333,train,BipFam,BipFam,4.3845477,5.189494,2.9753065
3592,864691136007059658,test,BipFam,BipFam,5.812098,4.9225755,1.2374364
337,864691135852637127,train,L6IT,pyramidal,3.9146724,9.061689,4.068984
158,864691135892202633,train,L2IT,pyramidal,4.9875736,9.402885,4.613404
3941,864691136524014993,train,BasketFam,BasketFam,1.923896,5.1193776,5.6944075
14,864691135778081453,train,thalamocortical,thalamocortical,2.9438515,7.3192067,1.2007732
5642,864691135997428394,test,thalamocortical,thalamocortical,2.648101,6.4836655,3.2096686
2798,864691135235206489,train,MartFam,MartFam,2.3564124,6.1349783,2.7487833
1071,864691135778081453,train,thalamocortical,thalamocortical,2.4293244,7.4027433,3.0380704
643,864691136372954248,test,NglFam,NglFam,3.0993161,5.00967,5.573731
115,864691136438372254,train,BipFam,BipFam,6.250703,7.073522,2.299656
1480,864691135839979667,train,MartFam,MartFam,6.1139812,6.7153325,3.9599721
3333,864691135839979667,train,MartFam,MartFam,1.4338906,6.9753394,3.688133
3278,864691135212863360,train,MartFam,MartFam,7.3434215,8.525343,3.063127
26,864691135689555680,train,NglFam,NglFam,1.8913463,5.417117,2.0748193
539,864691136372954248,test,NglFam,NglFam,1.9265522,5.8759494,2.3525968
341,864691135212492992,train,L6IT,pyramidal,6.6977253,8.681406,1.7287452
70,864691135990564864,train,NglFam,NglFam,7.427045,3.36429,2.1674528
6621,864691136007059658,test,BipFam,BipFam,4.681514,4.9493413,0.62507117
6204,864691135464991645,train,thalamocortical,thalamocortical,4.573347,7.994701,1.7390461
903,864691136330880234,train,MartFam,MartFam,2.0229607,7.0351434,3.0379465
4182,864691135325426076,train,MartFam,MartFam,7.4196577,4.4053993,2.9713967
3534,864691135997140906,train,BipFam,BipFam,6.5183406,7.6249747,1.9659925
172,864691135375590217,train,L4IT,pyramidal,6.3377566,6.1974416,2.3263192
4334,864691135997140906,train,BipFam,BipFam,5.3937182,4.7386527,1.6196537
80,864691136372954248,test,NglFam,NglFam,4.786648,5.4768243,1.3366843
2170,864691136033871035,train,thalamocortical,thalamocortical,2.7949224,6.8023996,1.6455867
323,864691134942468707,train,L3IT,pyramidal,5.471917,8.046234,3.8365302
2931,864691135362357319,train,BasketFam,BasketFam,2.023366,4.603381,5.4296417
7281,864691135212863360,train,MartFam,MartFam,7.749773,4.423196,2.811064
377,864691135584504429,test,L2IT,pyramidal,5.9655275,7.0551634,1.0835615
4425,864691136138803837,train,BasketFam,BasketFam,1.3232079,6.7114263,3.810312
128,864691135528193883,test,BipFam,BipFam,5.3431077,8.386472,3.9095535
5405,864691135616183499,train,BasketFam,BasketFam,1.9233549,6.310283,6.10159
302,864691136145572404,train,BipFam,BipFam,4.692496,5.0351753,3.064023
3181,864691135499765267,train,MartFam,MartFam,4.089908,4.5586724,1.1665113
1252,864691135869457430,train,BasketFam,BasketFam,2.646728,5.9152865,5.323052
91,864691135755605197,train,thalamocortical,thalamocortical,4.5060325,6.2079067,1.4943482
639,864691135398762529,train,BipFam,BipFam,3.1160173,7.890173,3.871373
16,864691135309733190,train,NglFam,NglFam,7.498605,3.6972148,2.450781
5708,864691135477104960,train,thalamocortical,thalamocortical,2.5137596,7.6404066,3.8422253
3433,864691135325426076,train,MartFam,MartFam,4.120439,7.6258216,3.1098044
588,864691135778618029,train,BipFam,BipFam,3.7253768,8.964536,4.8507943
506,864691135309486662,train,BasketFam,BasketFam,2.1615188,6.682175,5.3812623
6057,864691136312076122,train,MartFam,MartFam,5.572318,4.766351,1.2383249
140,864691135756075981,train,L5IT,pyramidal,6.5359883,6.7485375,2.6264343
116,864691135115194009,train,BipFam,BipFam,7.319486,8.890915,3.0072129
311,864691136288752835,train,thalamocortical,thalamocortical,4.707137,8.002089,3.6458788
4025,864691136033871035,train,thalamocortical,thalamocortical,5.297804,7.413984,1.9112856
4051,864691135119335645,train,thalamocortical,thalamocortical,2.4811637,6.9473453,1.8194015
904,864691136125433894,train,L3IT,pyramidal,4.43494,6.8080463,3.567596
4175,864691136021592568,train,BasketFam,BasketFam,2.527868,8.390056,4.639524
42,864691136372954248,test,NglFam,NglFam,2.5638275,6.7201076,2.4791305
496,864691135119630813,test,BipFam,BipFam,7.9287357,5.454479,2.748069
1311,864691135294194358,train,thalamocortical,thalamocortical,3.0740392,6.918979,2.1675947
3212,864691136580010516,test,MartFam,MartFam,1.302732,5.6049194,2.142513
724,864691135764678198,test,MartFam,MartFam,5.065875,5.0767546,0.5204724
239,864691134887444986,test,NglFam,NglFam,4.246236,5.2214665,1.9658922
1945,864691135685030130,train,thalamocortical,thalamocortical,3.145697,7.3542724,0.84062463
4760,864691135739131780,train,MartFam,MartFam,4.855319,5.4126205,3.959756
3671,864691135196475434,train,MartFam,MartFam,3.5455294,4.443814,2.1202106
276,864691135405138670,train,L4IT,pyramidal,4.37487,7.9601774,3.5295677
74,864691135989817088,train,L2IT,pyramidal,4.6328588,6.519852,2.5613215
117,864691135989177347,train,L6CT,pyramidal,7.6621923,7.4876537,3.028034
396,864691135115194009,train,BipFam,BipFam,5.6409025,9.0781765,4.348003
174,864691135840033171,train,NglFam,NglFam,3.2442684,8.272619,4.1359696
5148,864691136033871035,train,thalamocortical,thalamocortical,2.4744694,8.265289,3.0808594
190,864691135211926464,train,L4IT,pyramidal,7.1366363,8.682734,2.1189947
1690,864691135659538306,train,thalamocortical,thalamocortical,4.428914,5.7717085,0.8765745
1768,864691136120465944,train,thalamocortical,thalamocortical,3.8811133,5.3565316,4.443136
6648,864691136211068860,train,BasketFam,BasketFam,1.4472125,6.4770584,5.7423954
7150,864691135210446457,train,MartFam,MartFam,3.132125,4.924074,2.059683
345,864691135928376590,test,L3IT,pyramidal,3.7207117,6.380553,1.7058319
5093,864691135954480163,train,MartFam,MartFam,3.436401,4.834283,1.5748216
3656,864691135997140906,train,BipFam,BipFam,6.43501,6.8315325,2.2519135
850,864691135742895723,test,BipFam,BipFam,2.535378,7.937656,3.6973112
509,864691136927366986,train,thalamocortical,thalamocortical,3.0408816,6.867012,0.78784
7,864691136086632812,train,NglFam,NglFam,5.7359357,6.5040193,1.7456052
99,864691135741960340,train,BasketFam,BasketFam,1.9930054,7.6267266,4.202722
1166,864691135727961663,train,L4IT,pyramidal,5.329184,6.4258814,1.4394342
7277,864691135271970725,train,BasketFam,BasketFam,3.4151168,5.732971,4.722394
4066,864691136311213914,test,BasketFam,BasketFam,2.9828253,5.6967597,5.9832087
149,864691136524282001,train,NglFam,NglFam,6.2647552,4.2059402,2.677296
1074,864691136053350131,test,thalamocortical,thalamocortical,6.927574,8.766852,2.614761
600,864691135611702023,train,BasketFam,BasketFam,1.8041618,7.0514793,5.7556624
2884,864691136580010516,test,MartFam,MartFam,3.2924368,4.017455,0.56214315
1992,864691136603935441,train,BasketFam,BasketFam,3.5976467,6.0788274,6.325294
5505,864691135941898918,train,MartFam,MartFam,6.6170754,4.603685,2.4757228
499,864691135132887456,test,NglFam,NglFam,7.400521,3.7958474,2.5492382
3737,864691136603935441,train,BasketFam,BasketFam,1.860218,5.6948857,5.695629
7943,864691135562001633,train,MartFam,MartFam,1.7530241,6.577171,4.9119973
2543,864691135499765267,train,MartFam,MartFam,4.6987753,5.3582234,4.4378386
1358,864691135478095016,train,BasketFam,BasketFam,0.66573346,6.1446333,4.223216
6394,864691136905941426,train,BasketFam,BasketFam,2.312083,4.6870236,6.2323084
611,864691136118430628,train,BipFam,BipFam,6.6360674,7.1824365,1.4112548
819,864691134966249759,train,thalamocortical,thalamocortical,3.7505546,7.1478543,1.506538
336,864691136314448701,test,L4IT,pyramidal,4.5693088,6.7604995,2.6043935
906,864691136372954248,test,NglFam,NglFam,5.239718,5.0418124,1.8732848
134,864691136196932172,train,BasketFam,BasketFam,3.7602189,5.4448986,5.504456
6331,864691134886037498,train,MartFam,MartFam,2.0524282,5.1481853,2.252537
173,864691135303514791,train,NglFam,NglFam,6.9702554,4.0392346,3.0781004
4725,864691135119335645,train,thalamocortical,thalamocortical,3.0644689,6.3411245,2.4138324
3198,864691135477104960,train,thalamocortical,thalamocortical,3.0321057,7.1819215,1.5419277
254,864691135742677867,train,BipFam,BipFam,5.12563,6.0291944,2.718048
2744,864691136523971473,train,BipFam,BipFam,3.6991472,7.681351,3.862321
420,864691135369651193,train,BipFam,BipFam,4.712901,6.7455573,2.0823667
6766,864691135477104960,train,thalamocortical,thalamocortical,1.4330491,6.6095543,4.356493
17,864691135689555680,train,NglFam,NglFam,4.971135,6.3602266,1.5428115
2983,864691135977768259,train,BasketFam,BasketFam,3.15747,6.1929684,6.4764566
191,864691135272069285,train,L5ET,pyramidal,7.0448666,8.257924,3.4619367
39,864691136011549614,train,BipFam,BipFam,6.2999907,6.431652,3.9388692
69,864691135616235979,train,BipFam,BipFam,4.97633,8.76027,4.3122935
1687,864691136391023120,train,BasketFam,BasketFam,1.0922066,5.690811,5.0229893
4647,864691135387529301,test,BasketFam,BasketFam,1.2699921,5.742673,5.0260286
456,864691135689555680,train,NglFam,NglFam,7.370874,4.9774003,2.4852424
4101,864691135294194358,train,thalamocortical,thalamocortical,2.7454443,7.1829553,1.501785
523,864691135132887456,test,NglFam,NglFam,7.3878994,6.2515254,2.9800832
531,864691136927732810,train,L3IT,pyramidal,4.5102534,6.022678,2.8656738
16,864691136138583677,train,L2IT,pyramidal,6.1988416,6.855101,2.4414208
2752,864691135210443897,train,BasketFam,BasketFam,1.9012982,6.4798126,5.465086
799,864691135196576298,train,L5IT,pyramidal,5.848366,6.3832893,4.288593
794,864691135810495005,train,BasketFam,BasketFam,3.366789,5.8377953,6.3203864
3168,864691135689015264,train,thalamocortical,thalamocortical,2.7846012,7.1552057,3.7899344
1710,864691136053350131,test,thalamocortical,thalamocortical,0.87486935,6.8799896,2.8353689
4368,864691135584068717,train,BasketFam,BasketFam,1.429417,5.906505,4.8580246
1107,864691135396720885,train,BasketFam,BasketFam,2.7573724,5.692872,6.1375504
1386,864691135912137641,train,BasketFam,BasketFam,5.1096663,9.074293,4.4313707
31,864691134887444986,test,NglFam,NglFam,3.0609775,6.682288,2.8721054
1457,864691135119335645,train,thalamocortical,thalamocortical,2.808076,6.1579924,2.5887458
6394,864691136390905207,train,MartFam,MartFam,4.96168,5.163849,1.3744867
105,864691135293096118,train,NglFam,NglFam,4.24728,9.331344,3.992265
305,864691135566902039,train,BipFam,BipFam,6.62819,7.735947,3.594203
847,864691135106209101,train,BasketFam,BasketFam,2.8605032,7.077167,5.384822
636,864691135942924148,train,L4IT,pyramidal,5.294673,7.050961,2.9277244
1902,864691136011549614,train,BipFam,BipFam,4.4405713,7.3272624,1.9105183
6103,864691136330880234,train,MartFam,MartFam,4.437598,5.083319,0.8063113
1652,864691135361291591,train,MartFam,MartFam,7.1102424,9.669928,2.3576224
5607,864691135689015264,train,thalamocortical,thalamocortical,1.6249622,6.6344795,2.4034057
2182,864691135258628527,test,BasketFam,BasketFam,1.6862962,5.26576,5.3620195
2228,864691136011549614,train,BipFam,BipFam,6.70562,5.8638344,2.2284229
513,864691135994804394,train,BipFam,BipFam,6.3744674,7.1961756,4.757458
250,864691136100014453,train,BipFam,BipFam,7.2740307,9.239833,2.2567186
584,864691134887444986,test,NglFam,NglFam,4.9105887,4.924182,2.9158852
1468,864691136595955362,train,MartFam,MartFam,2.275634,6.053491,2.3845177
247,864691135470255698,train,thalamocortical,thalamocortical,0.91533196,6.7806206,2.6693273
3486,864691136053350131,test,thalamocortical,thalamocortical,4.742988,7.9749675,2.0216925
587,864691136118430628,train,BipFam,BipFam,2.2744806,5.167149,2.0590916
1354,864691135492614239,train,MartFam,MartFam,7.2255173,8.7200365,2.2135358
149,864691135405480430,train,BasketFam,BasketFam,3.9811118,5.9873304,4.905803
19,864691136025992761,train,BipFam,BipFam,4.840351,7.5816727,2.0049539
7401,864691135196475434,train,MartFam,MartFam,2.9465177,6.542833,2.622284
117,864691135490326074,train,L2IT,pyramidal,6.6657405,6.8875947,2.4808314
840,864691135271343525,train,BipFam,BipFam,3.887087,7.9950676,3.8993692
2889,864691136288755395,train,thalamocortical,thalamocortical,5.5255413,6.02441,2.6241858
403,864691135106309709,train,NglFam,NglFam,6.825742,9.685139,1.6546415
222,864691135689555680,train,NglFam,NglFam,4.296503,7.06579,1.6084642
155,864691135293096118,train,NglFam,NglFam,2.0412621,5.3268476,1.7239089
120,864691135448127572,train,L5NP,pyramidal,4.1770535,8.929169,4.655415
1058,864691136120465944,train,thalamocortical,thalamocortical,2.100799,6.5229354,2.9155018
1542,864691135464991645,train,thalamocortical,thalamocortical,4.155734,5.5925546,3.3865566
9,864691136372954248,test,NglFam,NglFam,3.653074,5.503651,2.5109124
6371,864691136118878116,train,MartFam,MartFam,1.795931,7.946601,3.9510782
6961,864691135464991645,train,thalamocortical,thalamocortical,2.8162875,7.120435,1.0822564
212,864691136007059658,test,BipFam,BipFam,5.3678184,8.960279,4.678568
4517,864691136312076122,train,MartFam,MartFam,6.428213,8.318302,1.1391642
11,864691135466158917,test,L2IT,pyramidal,7.5399075,9.9017315,2.4619544
10597,864691135703016059,train,MartFam,MartFam,4.07009,4.733716,0.47956726
29,864691135954940424,train,BipFam,BipFam,4.67928,6.979136,2.0465033
550,864691135689555680,train,NglFam,NglFam,5.5726237,4.1836333,1.8401189
373,864691135583172717,test,L4IT,pyramidal,7.4237757,9.289476,3.6714048
890,864691135456493418,test,BipFam,BipFam,4.466046,9.355894,4.8548656
185,864691135447979922,train,BipFam,BipFam,7.066499,5.3430543,2.2187247
1582,864691135774221643,train,MartFam,MartFam,1.3590368,6.4699693,3.6603281
8907,864691136011485614,test,BasketFam,BasketFam,1.828205,5.620053,5.8561735
3231,864691135442598728,train,BasketFam,BasketFam,1.5898986,5.3182225,6.2248783
2491,864691135448017554,train,BasketFam,BasketFam,4.5673122,5.9414725,2.4182973
671,864691135858282030,train,MartFam,MartFam,2.0720918,5.433178,1.7162545
1281,864691136813553523,train,BasketFam,BasketFam,1.9265956,7.3679557,5.8048983
247,864691135309733190,train,NglFam,NglFam,7.0275764,4.389807,3.113012
720,864691135106309709,train,NglFam,NglFam,5.6213074,8.516364,4.79903
986,864691135106309709,train,NglFam,NglFam,5.842006,8.406561,4.8987684
6087,864691135464991645,train,thalamocortical,thalamocortical,3.8284197,7.134405,1.1431334
4334,864691135119335645,train,thalamocortical,thalamocortical,4.9571714,6.774828,4.2091446
3570,864691135294194358,train,thalamocortical,thalamocortical,3.036201,7.6531053,3.6636288
1921,864691135464991645,train,thalamocortical,thalamocortical,4.056886,5.495872,4.3018136
886,864691135106309709,train,NglFam,NglFam,5.5392585,8.705577,4.777641
830,864691136372954248,test,NglFam,NglFam,5.9437423,6.1052876,2.2826178
155,864691136086632812,train,NglFam,NglFam,6.3175387,4.1434216,1.635707
347,864691136312076122,train,MartFam,MartFam,5.791466,6.0361943,2.8887644
162,864691136025333561,train,L4IT,pyramidal,5.9898314,6.4972396,2.8445396
735,864691136372954248,test,NglFam,NglFam,3.2469783,4.902242,1.2558863
184,864691135840033171,train,NglFam,NglFam,2.2640796,5.2346826,1.7166882
860,864691135569592300,train,L4IT,pyramidal,4.6975384,8.815759,4.352445
2790,864691135997140906,train,BipFam,BipFam,6.3666196,6.2610683,2.8352392
350,864691136391024144,train,NglFam,NglFam,4.727627,5.3573546,1.4575763
3580,864691135741960340,train,BasketFam,BasketFam,3.0902817,5.7526608,6.7252817
50,864691135215078712,train,BipFam,BipFam,6.0642233,5.269994,2.386239
181,864691136053350131,test,thalamocortical,thalamocortical,3.3777468,7.9939656,3.4187567
300,864691135502902338,train,L5IT,pyramidal,6.364859,9.293815,3.9253316
6539,864691135756844242,test,MartFam,MartFam,3.4856029,4.1063724,0.59559083
1748,864691136523971473,train,BipFam,BipFam,7.109896,5.9503856,2.3963735
257,864691135448811860,train,BasketFam,BasketFam,3.0893598,6.4233203,5.790273
228,864691135496262032,train,BasketFam,BasketFam,2.8957367,5.0539684,5.895301
424,864691136239793212,test,NglFam,NglFam,6.450893,9.71417,2.0027876
214,864691136603306193,test,L6IT,pyramidal,4.877776,9.526405,4.7363424
444,864691136524282001,train,NglFam,NglFam,7.1388617,4.953037,2.687727
5724,864691135212863360,train,MartFam,MartFam,3.8885205,7.3417454,3.8971527
325,864691135132887456,test,NglFam,NglFam,6.494754,3.893409,2.6334298
1232,864691135464595518,train,BasketFam,BasketFam,2.7937512,5.765944,5.950616
66,864691135309733190,train,NglFam,NglFam,7.115745,3.3482082,2.2933965
608,864691135339729126,train,L4IT,pyramidal,7.568948,7.643258,3.2935212
4355,864691135869457430,train,BasketFam,BasketFam,1.5725716,5.976562,5.740033
2333,864691136118294692,train,thalamocortical,thalamocortical,4.650007,6.011864,2.291363
3540,864691136390675216,train,BasketFam,BasketFam,2.8200626,4.7176914,5.6643853
249,864691135209194617,train,L2IT,pyramidal,4.879877,7.198015,4.125378
38,864691136013367715,test,L3IT,pyramidal,6.9605594,8.772743,2.5949771
15,864691135347627423,train,BipFam,BipFam,6.914995,7.14814,4.1126833
68,864691135809456669,test,L6IT,pyramidal,4.395886,6.5197067,0.75736654
1157,864691135134565280,train,BasketFam,BasketFam,7.180486,8.081656,2.4424934
3935,864691135997140906,train,BipFam,BipFam,4.5053945,7.5850177,3.733167
1072,864691135689015264,train,thalamocortical,thalamocortical,2.777526,8.200146,3.8928075
355,864691136372954248,test,NglFam,NglFam,5.3859406,6.3629446,0.9448323
602,864691135015437462,test,BasketFam,BasketFam,2.8316708,4.7547617,4.9685
692,864691135809456669,test,L6IT,pyramidal,4.6711597,9.470771,4.8748794
1576,864691135616183499,train,BasketFam,BasketFam,1.7840707,5.262385,5.1039047
3139,864691135875919502,test,MartFam,MartFam,3.5943828,5.6517925,2.6903164
1565,864691135756844242,test,MartFam,MartFam,4.703989,9.37707,4.4618587
2135,864691135119335645,train,thalamocortical,thalamocortical,1.8894823,7.1500354,2.0722556
6348,864691136007059658,test,BipFam,BipFam,4.801524,9.303069,4.2679186
516,864691135477104960,train,thalamocortical,thalamocortical,3.7681556,5.569497,3.0551395
56,864691135257521583,train,L2IT,pyramidal,4.624991,7.1561995,1.4675268
243,864691135511861968,test,MartFam,MartFam,6.2263646,3.413541,1.9116781
1431,864691136372954248,test,NglFam,NglFam,3.07338,5.0067043,2.3163443
511,864691135465571653,train,L6IT,pyramidal,5.39189,7.314977,2.0625727
3899,864691136288755395,train,thalamocortical,thalamocortical,2.171667,6.577708,2.126855
2232,864691135774221643,train,MartFam,MartFam,3.0159643,4.8717914,1.9578364
1829,864691136021595384,train,BasketFam,BasketFam,1.6385976,5.8116636,5.516985
382,864691136052637171,train,L4IT,pyramidal,4.421957,8.394015,3.901154
6001,864691135477104960,train,thalamocortical,thalamocortical,1.7711875,6.699788,4.054684
444,864691135566902039,train,BipFam,BipFam,4.8005533,6.7177386,2.819669
1283,864691135478434216,train,BasketFam,BasketFam,2.413188,5.898586,4.599965
3243,864691136438216350,train,BasketFam,BasketFam,2.3665144,6.6693444,4.8921237
12,864691136524282001,train,NglFam,NglFam,4.2020082,4.3473234,2.2593548
537,864691134887444986,test,NglFam,NglFam,4.9864206,4.3481474,1.1435995
502,864691134966249759,train,thalamocortical,thalamocortical,7.4411297,3.9711857,2.5549679
438,864691135885921648,test,L3IT,pyramidal,6.822406,8.043673,1.66848
379,864691135997140906,train,BipFam,BipFam,6.6358204,7.0054708,1.7734793
1183,864691136118294692,train,thalamocortical,thalamocortical,3.6891913,6.796552,1.0501134
4730,864691135779780797,test,MartFam,MartFam,2.0778768,6.417368,2.7982461
450,864691136484883756,train,BasketFam,BasketFam,4.7088933,9.088952,4.874902
998,864691135810297885,train,BipFam,BipFam,3.242673,8.001979,3.7904344
116,864691135504081986,train,L2IT,pyramidal,7.5516267,10.0240345,3.2376127
1027,864691136118294692,train,thalamocortical,thalamocortical,2.62989,7.043969,1.4590669
1632,864691136372954248,test,NglFam,NglFam,1.324843,6.5884514,2.9911363
329,864691135470860370,test,BipFam,BipFam,3.6376925,4.942223,1.2336429
385,864691136524282001,train,NglFam,NglFam,4.8336287,4.1292224,1.0248524
372,864691135293096118,train,NglFam,NglFam,2.3296638,7.013716,2.3861434
2598,864691135755605197,train,thalamocortical,thalamocortical,2.5877485,6.6107535,2.546601
159,864691135689015264,train,thalamocortical,thalamocortical,3.1442692,8.637576,4.8372703
232,864691135465900101,train,BipFam,BipFam,6.03522,5.951897,2.2394576
4382,864691135499752723,train,BasketFam,BasketFam,2.1744096,5.4064894,6.0108776
619,864691134887444986,test,NglFam,NglFam,5.60678,5.722516,2.17591
1438,864691135689015264,train,thalamocortical,thalamocortical,2.2347996,8.132277,2.9404154
2303,864691135689015264,train,thalamocortical,thalamocortical,2.17341,6.982658,3.4082522
398,864691136905941426,train,BasketFam,BasketFam,2.1086392,5.302771,5.9913073
110,864691135591854347,train,L5IT,pyramidal,7.1866746,9.465129,3.4768
6223,864691135689015264,train,thalamocortical,thalamocortical,1.4320501,6.753272,2.435694
357,864691136239793212,test,NglFam,NglFam,6.712112,8.634853,1.9571906
5694,864691136312076122,train,MartFam,MartFam,6.950665,8.746999,1.8773108
952,864691135448017554,train,BasketFam,BasketFam,1.9143544,5.9975376,4.5926576
576,864691135115194009,train,BipFam,BipFam,6.439507,8.073376,4.9132867
111,864691136106969561,train,L4IT,pyramidal,3.4946926,8.003858,4.1849923
2483,864691135892233097,train,BasketFam,BasketFam,2.9720664,5.3292146,5.907281
1051,864691136927366986,train,thalamocortical,thalamocortical,3.4454916,6.4574347,1.4943495
71,864691136273370302,train,NglFam,NglFam,5.9164557,8.393108,4.8579316
988,864691136914542577,train,MartFam,MartFam,2.6524827,4.291353,0.9342787
98,864691135447979922,train,BipFam,BipFam,4.5024576,4.772133,1.0446224
3341,864691135725779883,train,BasketFam,BasketFam,3.5458314,6.5022707,5.9385595
34,864691135274860817,train,L4IT,pyramidal,4.8572493,9.407024,4.8232274
1421,864691136392682879,train,BasketFam,BasketFam,3.1341057,5.466741,6.526131
6206,864691135196475434,train,MartFam,MartFam,3.3404896,4.333127,2.019605
1558,864691134966249759,train,thalamocortical,thalamocortical,3.7202694,7.232689,1.3749889
3290,864691136021592568,train,BasketFam,BasketFam,1.2336918,7.073196,4.943977
567,864691135293096118,train,NglFam,NglFam,4.2200065,8.887388,4.3574896
352,864691135816693327,train,L3IT,pyramidal,7.231008,7.6477466,3.029955
1580,864691135772774651,test,MartFam,MartFam,2.8471482,4.957719,1.4004899
247,864691135258628527,test,BasketFam,BasketFam,1.763823,5.154169,5.443706
1859,864691136925008100,train,BipFam,BipFam,2.5303519,6.4091654,1.8215139
169,864691136372954248,test,NglFam,NglFam,4.285924,4.5831127,0.8039361
3772,864691135689015264,train,thalamocortical,thalamocortical,2.2967207,6.770691,3.3960645
6368,864691135689015264,train,thalamocortical,thalamocortical,2.2401958,6.6233006,3.297415
3027,864691135977768259,train,BasketFam,BasketFam,2.927827,5.77347,5.892747
4947,864691135774221643,train,MartFam,MartFam,0.95085424,6.6090317,2.5525727
505,864691136239793212,test,NglFam,NglFam,3.982723,9.517722,5.215193
2602,864691135641196091,train,MartFam,MartFam,7.416815,4.0959287,2.2402842
297,864691136273370302,train,NglFam,NglFam,4.0091147,8.912254,4.332319
1410,864691135384716762,train,MartFam,MartFam,1.6570915,6.3570294,2.5788364
633,864691135106309709,train,NglFam,NglFam,6.6517086,9.289496,2.1219525
3145,864691135350977751,train,MartFam,MartFam,7.101534,4.53114,2.9770174
2579,864691136523889553,train,BasketFam,BasketFam,3.1601086,5.522908,6.5377636
89,864691134966621471,train,MartFam,MartFam,3.3816228,7.569625,3.46327
2186,864691136381324501,train,BasketFam,BasketFam,3.6699612,5.6236725,6.06847
2769,864691135659538306,train,thalamocortical,thalamocortical,5.0367284,8.665291,4.0270095
326,864691135083619831,train,L6IT,pyramidal,1.7771605,6.2117987,2.1418927
2980,864691137199860033,test,BasketFam,BasketFam,1.4118096,7.197602,5.188785
2345,864691135339982310,train,BasketFam,BasketFam,2.0677817,7.3964286,5.2758656
15,864691135689555680,train,NglFam,NglFam,4.0142946,4.9330583,2.2132328
350,864691136052101363,train,BipFam,BipFam,6.0685315,7.937499,4.9468374
805,864691135783317840,train,thalamocortical,thalamocortical,4.783156,7.122439,2.7042618
2754,864691135997140906,train,BipFam,BipFam,4.2060423,7.6764617,3.1408424
2863,864691135778081453,train,thalamocortical,thalamocortical,3.806133,7.11354,1.2956407
321,864691136010650796,train,BipFam,BipFam,4.3728166,5.2594795,3.3640463
687,864691135849088094,train,L5IT,pyramidal,5.0426974,9.081326,4.561258
651,864691136372954248,test,NglFam,NglFam,4.6581016,5.610564,1.4763502
18,864691135591726603,train,L4IT,pyramidal,6.9283185,9.407699,3.5300832
1989,864691135294194358,train,thalamocortical,thalamocortical,2.0206227,6.6281514,2.3552706
792,864691135940881830,train,MartFam,MartFam,7.0995765,4.930442,2.6914446
6764,864691136007059658,test,BipFam,BipFam,4.6034245,9.447413,4.218188
4635,864691135584068717,train,BasketFam,BasketFam,1.7501603,6.3366623,5.258019
856,864691136372954248,test,NglFam,NglFam,5.0522594,5.128865,1.3808872
196,864691135408808649,train,L2IT,pyramidal,7.4152966,6.627592,3.548779
272,864691136372954248,test,NglFam,NglFam,2.5035212,5.567801,2.7066638
1317,864691136372954248,test,NglFam,NglFam,2.6811593,4.9324875,2.3243895
289,864691135857976366,train,BipFam,BipFam,4.521095,7.059653,3.40227
3133,864691135977768259,train,BasketFam,BasketFam,2.267353,5.049235,6.2344093
364,864691136007059658,test,BipFam,BipFam,3.720634,8.8492,4.28644
128,864691135891690121,train,BasketFam,BasketFam,3.7208185,5.656832,6.0959706
354,864691135274708753,train,BasketFam,BasketFam,3.3374445,5.715679,6.3101187
3352,864691135499616019,train,BasketFam,BasketFam,2.0132372,6.340046,4.9277096
2836,864691135294194358,train,thalamocortical,thalamocortical,2.170524,6.613304,2.28082
210,864691135942163201,train,L5IT,pyramidal,5.988733,7.008976,2.3790336
810,864691136100014453,train,BipFam,BipFam,4.3083744,9.32987,4.2712426
212,864691135060768923,test,BipFam,BipFam,4.721077,9.041471,4.575375
804,864691135396720885,train,BasketFam,BasketFam,1.5760969,6.3858485,5.606642
18,864691136314126653,train,BipFam,BipFam,7.041665,6.9062066,2.6502466
5402,864691135470255698,train,thalamocortical,thalamocortical,4.5402,6.0107045,0.9958304
285,864691136336204979,train,NglFam,NglFam,7.858453,4.774746,2.7194262
171,864691135447312274,train,L4IT,pyramidal,4.75296,6.929132,2.9027965
4921,864691135470255698,train,thalamocortical,thalamocortical,4.709071,7.6733937,2.3471227
904,864691135293678006,train,L4IT,pyramidal,5.9813213,8.540144,3.8996987
212,864691135431441968,train,thalamocortical,thalamocortical,4.0447807,7.05525,3.9029918
763,864691136968773070,train,L4IT,pyramidal,7.2375035,6.178526,2.6170557
967,864691135518791818,train,BasketFam,BasketFam,3.8324778,6.436293,5.8812118
6079,864691135689015264,train,thalamocortical,thalamocortical,2.1277943,8.160164,4.2092776
1707,864691136814025587,train,BasketFam,BasketFam,7.1907406,8.800441,3.1915383
176,864691135132887456,test,NglFam,NglFam,6.9484572,4.151856,3.0863888
480,864691136108370905,train,BipFam,BipFam,6.3599577,6.631803,2.3314197
7876,864691135875919502,test,MartFam,MartFam,2.787428,5.0759387,2.3018875
1743,864691135343506885,train,BipFam,BipFam,7.3291216,5.8661823,2.7748442
1435,864691135997140906,train,BipFam,BipFam,6.8969245,7.3171473,2.6397128
1576,864691135566825495,train,BasketFam,BasketFam,3.463947,6.9214153,6.385533
256,864691136336204979,train,NglFam,NglFam,6.624623,3.886854,2.6370437
226,864691135783317840,train,thalamocortical,thalamocortical,1.4523176,7.0083838,2.2251563
3175,864691136007128778,test,MartFam,MartFam,3.3720024,5.4874763,2.3093626
424,864691135387753601,train,MartFam,MartFam,6.6517234,7.214769,1.3921468
2802,864691135496262032,train,BasketFam,BasketFam,2.042884,4.5341654,5.6610627
222,864691136372954248,test,NglFam,NglFam,4.7685094,4.20598,1.0410895
644,864691135431579440,train,BipFam,BipFam,5.593233,6.7448244,3.770699
781,864691135124690471,train,BasketFam,BasketFam,2.2694948,5.1805162,6.4341583
385,864691135303514791,train,NglFam,NglFam,7.0561514,3.801312,2.8974683
71,864691135503782210,test,BipFam,BipFam,5.789613,7.6076894,1.6551759
129,864691135570381292,test,BipFam,BipFam,3.9859803,6.6362505,3.8251023
4,864691135060784027,test,thalamocortical,thalamocortical,6.8228855,8.644412,2.6392174
802,864691135545730856,train,BipFam,BipFam,4.047888,7.3110366,3.3899207
4832,864691136011485614,test,BasketFam,BasketFam,2.1620195,6.8219156,3.9517937
2351,864691135866821340,train,thalamocortical,thalamocortical,4.4090505,5.410789,4.433604
393,864691136041000190,train,L6IT,pyramidal,4.075897,8.662206,4.310081
539,864691135294194358,train,thalamocortical,thalamocortical,1.3808466,6.602822,3.955276
2045,864691135464678206,train,MartFam,MartFam,7.612549,9.195245,2.5825088
2506,864691135878586963,test,thalamocortical,thalamocortical,2.7727013,6.82555,2.4062533
469,864691135277501669,train,L4IT,pyramidal,4.0431848,7.5707135,3.0346384
299,864691135470255698,train,thalamocortical,thalamocortical,1.6723467,6.641548,2.4759102
104,864691135693735103,train,NglFam,NglFam,6.2767973,8.868266,4.3802624
5089,864691136288755395,train,thalamocortical,thalamocortical,7.001472,7.156536,2.8847554
1235,864691136011549614,train,BipFam,BipFam,5.960073,6.660561,1.4449158
333,864691135840033171,train,NglFam,NglFam,6.609183,6.8648434,1.7923747
2435,864691135685030130,train,thalamocortical,thalamocortical,2.950317,6.91085,3.837634
768,864691136033332155,train,L4IT,pyramidal,5.7590494,6.3567405,4.4701705
90,864691135303514791,train,NglFam,NglFam,6.7369876,3.9620554,2.0531409
214,864691135303514791,train,NglFam,NglFam,6.846946,4.295593,3.1147828
1931,864691135763975990,test,BasketFam,BasketFam,2.2241218,5.8802285,4.97483
2505,864691135941898918,train,MartFam,MartFam,6.3228674,6.0648503,1.9320394
53,864691136034412219,train,MartFam,MartFam,4.4743752,6.662106,1.2184364
456,864691136107670745,train,BasketFam,BasketFam,5.1684937,8.606874,3.9894614
5140,864691135343509701,train,MartFam,MartFam,5.3595376,7.854069,3.8677936
13038,864691135271967397,train,MartFam,MartFam,2.1437824,5.7314477,2.0901253
318,864691135339982310,train,BasketFam,BasketFam,1.3689399,5.9408216,5.182182
176,864691136381301461,train,L4IT,pyramidal,5.7098045,7.3789372,2.2288814
701,864691136137064075,train,BipFam,BipFam,6.204154,8.9410515,3.0727835
7617,864691135875919502,test,MartFam,MartFam,1.8830194,5.1044154,2.1892447
2842,864691136138695549,train,BasketFam,BasketFam,3.5519314,6.440031,6.670068
79,864691135990564864,train,NglFam,NglFam,7.298614,3.270674,2.166779
71,864691134887444986,test,NglFam,NglFam,5.3864636,6.312046,1.2867107
632,864691135447979922,train,BipFam,BipFam,3.3573277,6.178705,2.9947956
329,864691135659538306,train,thalamocortical,thalamocortical,2.6936471,6.011767,2.8951495
52,864691135386899029,train,L4IT,pyramidal,6.5735884,7.2500505,1.3319347
802,864691135119335645,train,thalamocortical,thalamocortical,1.6644337,6.713719,2.4583743
36,864691135464991645,train,thalamocortical,thalamocortical,2.188972,6.435207,2.688434
492,864691135210358137,train,L4IT,pyramidal,5.9389095,7.613947,2.9214792
429,864691136136383883,test,L4IT,pyramidal,6.341625,8.721109,4.3020763
1225,864691136006393034,train,MartFam,MartFam,2.2007775,5.4300437,2.5506546
2304,864691136814345075,train,MartFam,MartFam,7.59167,5.1393094,2.729679
4995,864691136288755395,train,thalamocortical,thalamocortical,2.253515,7.1697164,2.6042762
3484,864691136007059658,test,BipFam,BipFam,6.378873,6.375608,3.964824
1521,864691136523971473,train,BipFam,BipFam,6.184977,5.451487,1.668755
90,864691135518510218,train,NglFam,NglFam,7.7780333,3.758225,2.328027
2333,864691136392806271,train,BasketFam,BasketFam,3.7350245,5.7731953,5.2947583
3280,864691136438216350,train,BasketFam,BasketFam,3.2024078,5.4576635,6.1752086
564,864691135741889940,train,BasketFam,BasketFam,1.1711124,5.659096,5.231479
134,864691135303514791,train,NglFam,NglFam,7.318704,3.8249774,2.5191367
2185,864691136523971473,train,BipFam,BipFam,3.7566257,5.0753045,2.0849335
2321,864691136007059658,test,BipFam,BipFam,6.3293333,7.3164167,1.3136115
3565,864691136053350131,test,thalamocortical,thalamocortical,5.056466,7.044174,1.0287364
78,864691136335213235,train,L6CT,pyramidal,7.617928,9.359381,2.705934
57,864691136523971473,train,BipFam,BipFam,6.014244,3.7268038,2.307961
676,864691136445062787,test,L4IT,pyramidal,5.583614,7.4502997,2.6023977
5356,864691135294194358,train,thalamocortical,thalamocortical,2.1038318,7.893967,4.0442595
37,864691135659824514,train,BipFam,BipFam,5.4379773,7.696647,4.4626584
450,864691135853091015,train,L4IT,pyramidal,6.278556,7.3637147,2.0814958
2224,864691136138695549,train,BasketFam,BasketFam,2.9630396,6.3979716,6.196944
41,864691135323181212,test,MartFam,MartFam,7.31519,5.266531,3.0547476
3997,864691135015437462,test,BasketFam,BasketFam,1.3994197,5.54416,4.79368
184,864691136137064075,train,BipFam,BipFam,4.819064,9.188367,4.7383776
108,864691135132887456,test,NglFam,NglFam,7.4006815,4.4416575,2.9495833
55,864691135726340523,train,L6IT,pyramidal,3.8920999,9.359938,5.101823
351,864691135447653010,train,L5IT,pyramidal,6.7260637,7.6957955,3.6977212
991,864691135106309709,train,NglFam,NglFam,3.558875,8.956796,4.8567038
6008,864691135562001633,train,MartFam,MartFam,3.7174537,5.323161,5.5485024
252,864691135840033171,train,NglFam,NglFam,2.4079719,7.3108535,3.6975477
5411,864691134966621471,train,MartFam,MartFam,3.1019814,7.9070187,4.1024427
4438,864691136392682879,train,BasketFam,BasketFam,2.212278,8.012927,5.9284596
107,864691135947876644,train,L6CT,pyramidal,4.5080004,8.801964,4.110109
5010,864691135739131780,train,MartFam,MartFam,4.1705284,6.4964285,2.0016193
3518,864691136288755395,train,thalamocortical,thalamocortical,2.5369606,8.342171,3.3253508
166,864691135866427006,train,L5IT,pyramidal,6.671122,7.313487,2.920845
61,864691135993770945,test,BipFam,BipFam,4.932553,8.782864,4.3254375
5097,864691135997428394,test,thalamocortical,thalamocortical,2.0558379,7.1793447,4.3443084
213,864691135388828033,train,L6IT,pyramidal,4.404816,8.893904,4.1854496
696,864691136664127454,test,L4IT,pyramidal,5.8448563,7.967572,4.6573606
442,864691135464991645,train,thalamocortical,thalamocortical,2.171187,6.6405835,3.0170808
1754,864691135294194358,train,thalamocortical,thalamocortical,4.7360754,7.8363376,1.9659252
26,864691135132887456,test,NglFam,NglFam,7.085299,4.1408396,2.9035952
1021,864691135464991645,train,thalamocortical,thalamocortical,3.4795501,6.7649612,1.218623
1062,864691135742826603,train,BipFam,BipFam,4.188319,8.918281,4.5643783
144,864691135755605197,train,thalamocortical,thalamocortical,1.4214442,6.7284355,2.4649332
1471,864691135084038647,train,MartFam,MartFam,2.4119453,5.2148366,1.4246368
2428,864691135528046939,train,MartFam,MartFam,6.047382,7.356732,1.0723432
6810,864691136595955362,train,MartFam,MartFam,1.711933,5.1474667,2.3278728
2733,864691135997140906,train,BipFam,BipFam,3.8378046,7.458444,3.128745
1366,864691136372954248,test,NglFam,NglFam,6.207423,8.699887,2.8409486
394,864691135866947804,train,L2IT,pyramidal,7.594731,9.399183,2.626077
393,864691135135019168,train,L3IT,pyramidal,6.7007613,9.485102,3.0269563
110,864691135742677867,train,BipFam,BipFam,3.0860696,6.0502353,2.496046
270,864691135616235979,train,BipFam,BipFam,7.2526627,8.4117,2.8898132
38,864691135417827770,train,L6CT,pyramidal,4.13551,8.841726,4.428448
1468,864691135294194358,train,thalamocortical,thalamocortical,5.409682,7.5842223,3.8525095
120,864691135861093992,test,L2IT,pyramidal,6.0123434,8.647049,3.3645182
222,864691135369002233,train,L6CT,pyramidal,6.285774,9.2275715,3.4494464
2386,864691135499765267,train,MartFam,MartFam,3.21267,4.088057,0.76210374
2103,864691135464678206,train,MartFam,MartFam,3.380476,4.8305364,0.9348419
1393,864691136011485614,test,BasketFam,BasketFam,0.8833732,6.9167566,3.416458
167,864691135917047910,train,L6IT,pyramidal,5.2250648,9.280307,4.5883074
317,864691134887444986,test,NglFam,NglFam,5.6135287,3.8937914,1.635411
1134,864691136619344859,test,BasketFam,BasketFam,3.1019657,5.224363,5.5362988
746,864691135343506885,train,BipFam,BipFam,6.0256724,9.000423,2.9170833
52,864691135473383730,train,L4IT,pyramidal,5.8797565,7.293569,1.3359207
891,864691135470255698,train,thalamocortical,thalamocortical,1.2184954,6.695735,2.5473368
51,864691136273370302,train,NglFam,NglFam,7.1120706,9.579781,2.699095
1116,864691135235206489,train,MartFam,MartFam,6.111292,5.2887287,1.9703488
3144,864691135689015264,train,thalamocortical,thalamocortical,2.223033,7.977274,3.9055603
1889,864691135997428394,test,thalamocortical,thalamocortical,5.41836,7.71106,4.1933236
112,864691136239793212,test,NglFam,NglFam,5.142757,8.66126,3.8048804
85,864691136106969561,train,L4IT,pyramidal,5.5824986,7.238682,2.6784453
1293,864691135447979922,train,BipFam,BipFam,5.6473966,7.4274826,4.2262278
158,864691136012173475,test,BipFam,BipFam,2.2527366,6.921024,4.5831923
3614,864691135685250546,train,BasketFam,BasketFam,2.0473044,5.084456,6.210552
1491,864691135562001633,train,MartFam,MartFam,1.3238448,5.173876,5.061554
190,864691136373008520,train,L3IT,pyramidal,6.8226547,7.9205084,4.526945
127,864691136273370302,train,NglFam,NglFam,6.2473,9.388023,1.8839333
3288,864691136392806271,train,BasketFam,BasketFam,2.7442074,5.687971,5.9851856
5071,864691135703016059,train,MartFam,MartFam,4.791692,4.3676057,1.5128151
7943,864691136914542577,train,MartFam,MartFam,2.0580754,5.3586283,2.6043935
704,864691136138756221,train,BipFam,BipFam,6.7351646,9.619877,2.535674
2805,864691136053350131,test,thalamocortical,thalamocortical,3.7822568,6.195499,4.1418395
503,864691135470860370,test,BipFam,BipFam,4.6230965,5.312843,0.963097
705,864691136273370302,train,NglFam,NglFam,7.1098123,9.931235,2.375576
502,864691135686283703,train,L4IT,pyramidal,6.4097586,7.9332805,3.165363
5168,864691135875919502,test,MartFam,MartFam,2.0191495,4.7310443,2.3628292
3262,864691135778081453,train,thalamocortical,thalamocortical,6.168036,7.224752,1.7142963
288,864691136011549614,train,BipFam,BipFam,6.225074,7.6127577,1.2363588
3676,864691135641196091,train,MartFam,MartFam,7.059578,9.495104,3.3558095
33,864691136380718037,train,L6IT,pyramidal,6.564978,7.84123,3.6599073
209,864691135579134981,train,BipFam,BipFam,3.560703,6.5232916,2.9296947
3233,864691135470255698,train,thalamocortical,thalamocortical,4.24359,8.500299,3.2158518
1590,864691135464991645,train,thalamocortical,thalamocortical,1.3390191,6.4540815,3.7921026
49,864691135566824983,test,BipFam,BipFam,6.420834,5.7054086,1.6456088
2589,864691135685250546,train,BasketFam,BasketFam,2.4094286,5.7480855,5.6187053
2604,864691135470255698,train,thalamocortical,thalamocortical,5.408098,8.559254,4.706362
195,864691135689555680,train,NglFam,NglFam,2.2060745,6.0341473,2.6821508
784,864691135447888274,train,BasketFam,BasketFam,3.6262286,6.455621,5.8931136
179,864691136523971473,train,BipFam,BipFam,6.497072,4.640401,2.6246922
4997,864691135477104960,train,thalamocortical,thalamocortical,1.815135,6.6844587,4.104661
67,864691136372954248,test,NglFam,NglFam,5.4493985,6.699482,1.5323151
370,864691135878586963,test,thalamocortical,thalamocortical,2.9863455,7.399952,2.0542653
3409,864691135997140906,train,BipFam,BipFam,5.267399,4.947034,1.8338552
142,864691135504315317,test,L3IT,pyramidal,6.741359,9.528026,2.9678836
846,864691135060651419,train,L2IT,pyramidal,6.722716,8.314189,3.6769516
743,864691136913135089,train,MartFam,MartFam,3.3601785,6.385329,6.444682
1961,864691135492665959,train,MartFam,MartFam,7.38425,4.4895406,2.4243672
1072,864691136813553523,train,BasketFam,BasketFam,7.2088447,8.905991,3.201893
3417,864691135689015264,train,thalamocortical,thalamocortical,1.6821773,7.279044,2.428719
271,864691136239793212,test,NglFam,NglFam,6.320925,8.797024,2.0543673
1227,864691135717457946,test,L4IT,pyramidal,6.2689166,5.4960175,2.528579
1094,864691135477104960,train,thalamocortical,thalamocortical,2.0413775,6.690732,3.305523
1543,864691135480702662,train,MartFam,MartFam,1.9812082,5.4184823,4.3786435
4098,864691136033871035,train,thalamocortical,thalamocortical,3.4216871,5.6960535,6.3832755
365,864691135842486243,train,L3IT,pyramidal,6.15107,6.245844,2.7436032
7527,864691135875919502,test,MartFam,MartFam,2.7066221,4.9260225,2.1740186
1301,864691136372954248,test,NglFam,NglFam,4.740678,4.3033404,1.090704
1082,864691135810297885,train,BipFam,BipFam,6.0236773,8.33967,4.921224
563,864691136273370302,train,NglFam,NglFam,6.993855,9.8453865,2.173536
57,864691136006493898,test,L4IT,pyramidal,6.028898,8.749081,3.3440943
49,864691135885996912,train,BipFam,BipFam,5.6364937,7.3899045,2.3352227
5327,864691135875919502,test,MartFam,MartFam,2.9415739,4.3146133,1.2864742
473,864691135578360837,train,L4IT,pyramidal,6.66834,6.8671346,2.4330213
1200,864691135294194358,train,thalamocortical,thalamocortical,1.0619375,7.29132,2.738157
294,864691136372954248,test,NglFam,NglFam,6.113393,8.088271,2.6709538
4201,864691135294194358,train,thalamocortical,thalamocortical,2.0217052,7.712799,4.1461434
6734,864691135875919502,test,MartFam,MartFam,0.7714321,6.131589,2.678211
158,864691135293096118,train,NglFam,NglFam,3.5794,6.6807585,1.748483
132,864691136273370302,train,NglFam,NglFam,7.181506,9.434931,3.3038487
1814,864691135561699041,train,MartFam,MartFam,3.5210664,5.803014,1.815747
142,864691135809456669,test,L6IT,pyramidal,6.4565125,7.2837925,2.465618
186,864691135857976366,train,BipFam,BipFam,4.582125,5.6406527,1.1445783
283,864691136974876956,test,L5ET,pyramidal,5.781585,7.5086794,1.4561151
1134,864691136211068860,train,BasketFam,BasketFam,1.6075543,5.6119184,5.120154
165,864691136313301565,test,L5IT,pyramidal,5.587358,7.3199534,1.5150435
3909,864691136595955362,train,MartFam,MartFam,2.9173412,4.259621,0.78087264
3131,864691136381324501,train,BasketFam,BasketFam,6.5136886,5.558738,2.351567
1251,864691135742668395,train,MartFam,MartFam,6.8045063,9.505948,2.1674056
2942,864691136007059658,test,BipFam,BipFam,6.0054283,6.115401,3.0934083
1692,864691136619344859,test,BasketFam,BasketFam,1.8731896,4.6649027,5.847514
553,864691136086632812,train,NglFam,NglFam,6.526719,8.54825,2.9764388
108,864691135866576604,train,L3IT,pyramidal,3.757766,9.179569,4.859109
253,864691136578982164,test,L4IT,pyramidal,6.6201477,8.1027565,2.2799425
1106,864691135470860370,test,BipFam,BipFam,3.9032972,5.9626207,1.5313252
1288,864691135875919502,test,MartFam,MartFam,2.6793034,6.0664234,2.7487102
281,864691135503004765,train,BipFam,BipFam,6.674227,6.7762303,2.5169418
634,864691135742895723,test,BipFam,BipFam,3.9747148,6.136416,1.7894373
22,864691136138756221,train,BipFam,BipFam,6.0922194,5.773698,2.141303
232,864691136086632812,train,NglFam,NglFam,6.4330816,3.6436741,2.2621927
732,864691136012173475,test,BipFam,BipFam,6.120152,6.663951,2.8377635
225,864691135757040082,train,L4IT,pyramidal,6.2771482,5.2526627,2.4894888
155,864691135989836288,train,L2IT,pyramidal,4.688924,9.286577,4.8405867
973,864691135783317840,train,thalamocortical,thalamocortical,6.4375925,6.8339,1.3610761
106,864691135210446457,train,MartFam,MartFam,3.5039735,4.445681,0.73321337
2450,864691135518791818,train,BasketFam,BasketFam,2.8681743,6.236223,5.901792
3547,864691135689015264,train,thalamocortical,thalamocortical,2.0633197,6.347139,2.4186425
1693,864691135470860370,test,BipFam,BipFam,6.426349,8.777247,1.4590427
490,864691135396940021,train,L4IT,pyramidal,5.6791024,6.8513427,2.0673015
416,864691136108370905,train,BipFam,BipFam,3.2061262,7.2937393,2.9744236
506,864691135106309709,train,NglFam,NglFam,4.247924,9.262607,4.399396
406,864691136436788382,train,BipFam,BipFam,7.2537413,9.712695,2.8352656
855,864691136674749575,train,L2IT,pyramidal,6.819168,6.6658826,2.7207785
1219,864691136145572404,train,BipFam,BipFam,2.9390478,7.6806726,3.6202786
489,864691135137137433,test,L4IT,pyramidal,7.3642173,8.174389,3.1752298
8885,864691136914542577,train,MartFam,MartFam,4.1492066,5.0266786,3.8025563
6262,864691136138622333,train,BasketFam,BasketFam,2.7683642,5.510398,6.0595484
1283,864691136120465944,train,thalamocortical,thalamocortical,2.401388,7.097351,1.0910665
432,864691135430749232,train,L4IT,pyramidal,6.746736,6.715601,2.3408875
1636,864691136372954248,test,NglFam,NglFam,4.0405545,4.8490868,2.0797133
304,864691135303514791,train,NglFam,NglFam,7.860906,5.692752,2.7539532
550,864691135351159255,train,thalamocortical,thalamocortical,2.5116558,6.999377,1.6805239
4319,864691136453186559,train,BasketFam,BasketFam,2.886732,6.5303903,5.9377666
639,864691136137210507,train,BipFam,BipFam,2.6764288,7.4475994,2.628062
329,864691134887444986,test,NglFam,NglFam,2.961326,5.2844086,2.6246295
22,864691135305383591,train,NglFam,NglFam,6.60281,3.7083695,2.632833
1582,864691135511861968,test,MartFam,MartFam,2.5408413,8.1822,5.401799
2708,864691136523971473,train,BipFam,BipFam,3.9976354,5.701662,2.256569
1005,864691136372954248,test,NglFam,NglFam,4.9698286,6.4438744,1.4550087
335,864691136273370302,train,NglFam,NglFam,6.8338103,9.687467,2.36575
263,864691135309733190,train,NglFam,NglFam,7.223473,3.244934,2.196629
1937,864691135470255698,train,thalamocortical,thalamocortical,1.875857,6.522514,2.489428
433,864691135477104960,train,thalamocortical,thalamocortical,2.1467733,6.4897676,2.737725
1317,864691135463999294,train,BasketFam,BasketFam,2.495375,7.792514,5.628748
466,864691136033227451,train,L3IT,pyramidal,6.6523046,7.478091,2.7310874
1037,864691136372954248,test,NglFam,NglFam,2.202636,5.391276,2.5107074
2,864691135755707597,train,BipFam,BipFam,3.9792347,5.5519643,3.149543
929,864691136118430628,train,BipFam,BipFam,5.3067055,4.6512465,1.2487866
94,864691135106309709,train,NglFam,NglFam,6.884073,9.759596,1.6637989
2194,864691135309486662,train,BasketFam,BasketFam,2.4363823,6.178272,4.537941
563,864691135942924148,train,L4IT,pyramidal,7.2566037,9.069606,2.255159
6357,864691135997428394,test,thalamocortical,thalamocortical,2.6611903,7.3034544,1.4268845
353,864691135993770945,test,BipFam,BipFam,3.9581172,9.194246,4.927973
659,864691136968109774,test,MartFam,MartFam,4.7300067,5.366786,2.4535275
57,864691135928395278,train,L4IT,pyramidal,6.6673083,6.896456,2.1700304
5,864691135685030130,train,thalamocortical,thalamocortical,4.0014567,7.798791,2.3399994
249,864691135430356784,train,L5IT,pyramidal,7.58414,9.59884,2.7262855
599,864691134887444986,test,NglFam,NglFam,6.9336586,5.7509,2.2334397
930,864691135214970752,train,BipFam,BipFam,4.782484,4.259309,0.8378273
198,864691135585989240,train,BasketFam,BasketFam,2.9827354,6.780465,5.587243
5729,864691135210446457,train,MartFam,MartFam,3.9559755,4.42158,0.42950666
507,864691135350542039,test,L5IT,pyramidal,4.174918,9.432552,4.5395274
199,864691135404765166,train,MartFam,MartFam,7.2981544,3.5619793,2.1145124
1787,864691135783909427,train,MartFam,MartFam,4.2516713,5.709766,3.6382968
2464,864691135778290109,train,BasketFam,BasketFam,3.5746062,6.7389455,6.5316834
229,864691135685250546,train,BasketFam,BasketFam,3.2542775,6.202773,6.1306915
2174,864691135343506885,train,BipFam,BipFam,4.365868,7.3384814,3.5131333
385,864691135928395278,train,L4IT,pyramidal,6.920861,7.9122915,2.200699
937,864691135562842337,test,L3IT,pyramidal,6.590221,6.9300866,1.3997549
430,864691136273370302,train,NglFam,NglFam,6.587682,9.775786,1.9260671
556,864691135742664043,train,L3IT,pyramidal,6.2111583,9.646736,2.8512397
141,864691135840033171,train,NglFam,NglFam,6.6645412,8.911568,1.792907
1171,864691136138695549,train,BasketFam,BasketFam,1.684654,5.055403,6.137173
4092,864691135997140906,train,BipFam,BipFam,3.9468093,7.320947,3.0260541
4116,864691135756844242,test,MartFam,MartFam,2.1191883,8.19158,4.3385897
2883,864691135772774651,test,MartFam,MartFam,2.2886145,4.417022,1.3517208
436,864691135293096118,train,NglFam,NglFam,5.7939568,7.258327,2.8841655
2568,864691136390828919,train,MartFam,MartFam,1.3370874,7.249319,3.9798887
2430,864691136925008100,train,BipFam,BipFam,7.264105,5.387479,2.5296092
46,864691136524282001,train,NglFam,NglFam,4.2575884,4.7198596,2.2542672
48,864691135386940245,test,BipFam,BipFam,6.303804,6.205758,2.7149777
712,864691134887444986,test,NglFam,NglFam,4.9893546,4.3868785,1.4899346
4923,864691135119335645,train,thalamocortical,thalamocortical,1.6449374,6.7675586,2.3782444
488,864691135214970752,train,BipFam,BipFam,2.9715626,5.566435,2.6062624
353,864691135857976366,train,BipFam,BipFam,5.4299874,6.2947745,1.0079706
5824,864691136006393034,train,MartFam,MartFam,4.584479,4.0948257,0.95739007
2503,864691135892233097,train,BasketFam,BasketFam,3.2775953,5.765936,5.062625
6289,864691136007059658,test,BipFam,BipFam,5.5638514,4.1156697,1.462001
1542,864691135618332265,train,BasketFam,BasketFam,2.4892013,5.2179146,6.3309746
69,864691135695057855,train,L4IT,pyramidal,4.686003,7.3181915,1.8954062
617,864691136086632812,train,NglFam,NglFam,4.690071,4.6936855,1.0266643
113,864691135464595518,train,BasketFam,BasketFam,1.2995085,5.799414,4.8830614
388,864691135132887456,test,NglFam,NglFam,3.057383,5.785663,2.2988122
2088,864691135341516741,test,MartFam,MartFam,7.3747315,3.511127,2.0275254
7806,864691136330880234,train,MartFam,MartFam,2.8058507,4.1804547,0.98841506
5870,864691135196475434,train,MartFam,MartFam,3.4669745,4.5823755,1.2941267
2013,864691135499752723,train,BasketFam,BasketFam,1.7792727,5.634383,5.741394
1019,864691135562950369,train,BipFam,BipFam,5.40381,4.8523583,1.4673212
211,864691136380816597,test,L4IT,pyramidal,4.545433,6.1634855,1.7416351
663,864691136273370302,train,NglFam,NglFam,7.474792,9.983138,2.46666
73,864691136111294392,test,L4IT,pyramidal,4.786457,6.9292817,2.519655
118,864691136145572404,train,BipFam,BipFam,2.7139525,7.1309986,3.0098314
3834,864691136312445786,train,BasketFam,BasketFam,2.7405431,4.7698445,6.102039
32,864691135132887456,test,NglFam,NglFam,7.3931837,4.8561144,2.875821
186,864691135885921648,test,L3IT,pyramidal,6.554424,7.0261765,1.5587106
104,864691136239793212,test,NglFam,NglFam,5.1271954,6.3695407,1.1869287
118,864691135465098653,train,L6CT,pyramidal,7.303822,9.79974,2.2989814
75,864691135480702662,train,MartFam,MartFam,2.2821586,7.525125,3.8714209
1162,864691135447979922,train,BipFam,BipFam,5.410033,7.164163,1.0347764
1059,864691136195284556,train,MartFam,MartFam,5.7563834,6.1296663,3.1980178
163,864691135742664043,train,L3IT,pyramidal,4.7797813,9.202499,4.587448
3351,864691136619344859,test,BasketFam,BasketFam,2.8606863,4.929894,5.6857467
3666,864691136390675216,train,BasketFam,BasketFam,4.7677937,5.5793104,3.7189384
20,864691136007059658,test,BipFam,BipFam,6.563704,7.9380884,3.7319977
83,864691136107964377,train,L6CT,pyramidal,7.0319324,9.406406,3.8212051
404,864691135839979667,train,MartFam,MartFam,3.8236156,7.4493213,2.0333905
455,864691136120658712,test,L2IT,pyramidal,6.6838655,8.799805,1.7437377
1557,864691136091233847,train,thalamocortical,thalamocortical,3.6396756,6.521485,1.0750293
7008,864691135869457430,train,BasketFam,BasketFam,2.4713776,6.9331055,5.513805
5363,864691135499765267,train,MartFam,MartFam,3.16739,4.4557734,0.9603358
89,864691136975639836,train,BipFam,BipFam,4.492072,6.531987,2.3106685
320,864691136445249923,train,L2IT,pyramidal,3.677877,8.613877,4.6265526
3034,864691135339982310,train,BasketFam,BasketFam,0.7878186,5.9394917,4.6213145
852,864691137056216950,train,MartFam,MartFam,2.6309927,5.466689,2.1356752
183,864691135742677867,train,BipFam,BipFam,4.7249227,5.1458077,2.9339807
1514,864691135470860370,test,BipFam,BipFam,4.78994,7.3284445,1.7028321
268,864691136195652328,train,L6CT,pyramidal,5.019677,8.759091,4.0122967
3550,864691136091233847,train,thalamocortical,thalamocortical,1.9682151,7.9471006,4.165154
1622,864691135350977751,train,MartFam,MartFam,4.5154963,4.987304,2.5640512
199,864691135693735103,train,NglFam,NglFam,7.121134,9.92084,2.042313
1208,864691135470556242,train,MartFam,MartFam,2.94984,5.576472,2.8709078
219,864691135134585248,train,BipFam,BipFam,4.882355,5.9241486,1.0569189
386,864691135305643175,train,L4IT,pyramidal,5.478901,6.6395946,2.364418
1077,864691135878586963,test,thalamocortical,thalamocortical,1.6177161,7.6640677,2.3721106
57,864691135727686463,train,BipFam,BipFam,4.9078608,9.198921,3.6956682
5111,864691136445968259,train,BasketFam,BasketFam,6.29233,8.506084,1.3767676
4672,864691135196475434,train,MartFam,MartFam,0.7590484,5.759454,4.3665366
4059,864691135271967397,train,MartFam,MartFam,2.1436768,5.303671,2.057254
820,864691135106309709,train,NglFam,NglFam,7.230311,9.947894,2.2556179
5282,864691136268801012,test,BasketFam,BasketFam,1.6624526,5.3639073,4.9518824
705,864691135700757026,train,BasketFam,BasketFam,4.9471645,9.324414,4.5499845
139,864691136336192947,train,BasketFam,BasketFam,1.6391307,5.790888,5.585229
3948,864691135571440006,train,MartFam,MartFam,7.713283,5.4712367,2.7874954
2348,864691135689015264,train,thalamocortical,thalamocortical,3.1985505,6.6795216,2.4457254
145,864691136034011579,train,L2IT,pyramidal,6.6100707,6.8614492,2.0355434
3185,864691135725779883,train,BasketFam,BasketFam,2.6160932,8.399808,5.6590204
545,864691136273370302,train,NglFam,NglFam,4.4336734,7.9747086,3.5065753
2618,864691135858363694,train,BasketFam,BasketFam,1.7602881,7.0634513,5.9631815
1068,864691136288755395,train,thalamocortical,thalamocortical,3.56657,7.5962467,3.3984702
2980,864691136195796182,test,BasketFam,BasketFam,5.4916315,9.018616,3.9890985
3392,864691135456535658,train,MartFam,MartFam,6.022839,7.410158,4.901743
2649,864691136091233847,train,thalamocortical,thalamocortical,2.9938524,7.698112,4.181127
3540,864691135997140906,train,BipFam,BipFam,5.0781927,7.5570827,3.540218
747,864691135997428394,test,thalamocortical,thalamocortical,3.2437408,6.5299907,1.73577
371,864691135339729894,train,L4IT,pyramidal,4.617538,9.0534935,4.455428
595,864691136391024144,train,NglFam,NglFam,4.9768,4.519678,1.0921271
174,864691136086632812,train,NglFam,NglFam,5.6724944,5.259982,1.380945
1180,864691135362357319,train,BasketFam,BasketFam,1.5492458,4.857824,5.249787
1494,864691135342958789,train,L4IT,pyramidal,6.2451468,7.3905125,2.7892385
1874,864691136312076122,train,MartFam,MartFam,5.2387524,5.779026,0.91706586
1218,864691135853090503,test,BasketFam,BasketFam,2.5386772,5.0841618,6.2364135
4773,864691136298913563,train,MartFam,MartFam,7.8564568,4.7371206,2.5441122
1583,864691136011549614,train,BipFam,BipFam,5.0951905,6.1554284,1.2073025
1503,864691135562950369,train,BipFam,BipFam,5.5296497,7.430291,4.451347
887,864691135997428394,test,thalamocortical,thalamocortical,3.517075,6.6643925,3.4770725
503,864691135990672896,train,MartFam,MartFam,6.8736386,8.949684,1.7505447
255,864691135351096279,train,L4IT,pyramidal,5.4896345,6.6919975,2.4910543
34,864691136239793212,test,NglFam,NglFam,6.430074,9.723474,2.031826
418,864691135857976366,train,BipFam,BipFam,3.061989,6.249301,2.3502655
331,864691134918921738,train,L3IT,pyramidal,4.1051087,9.28861,4.91466
165,864691135293096118,train,NglFam,NglFam,4.7286096,8.618915,3.8888671
4207,864691136007128778,test,MartFam,MartFam,3.9758148,4.4258127,2.605748
642,864691136904488114,train,L5IT,pyramidal,6.0978217,7.471921,3.1622248
5831,864691136007128778,test,MartFam,MartFam,4.8517456,5.319699,1.2799284
4998,864691135119335645,train,thalamocortical,thalamocortical,1.9452806,7.5654263,2.2365925
131,864691135369651193,train,BipFam,BipFam,1.8184605,5.9365115,4.4695497
8242,864691136067404440,test,MartFam,MartFam,1.4476765,7.022822,3.9731143
2161,864691135325426076,train,MartFam,MartFam,7.087682,9.721666,2.9956737
951,864691135742895723,test,BipFam,BipFam,4.2728486,7.0314617,1.1807722
143,864691135361314119,train,L2IT,pyramidal,6.040092,6.787386,2.7421367
1487,864691136372954248,test,NglFam,NglFam,5.2685785,4.583921,1.3159794
1340,864691135595810859,train,BasketFam,BasketFam,1.7435114,6.923615,5.637808
2047,864691135869457430,train,BasketFam,BasketFam,1.1338209,5.8158054,5.121162
296,864691135106309709,train,NglFam,NglFam,6.0970817,7.439603,4.9039755
280,864691135783317840,train,thalamocortical,thalamocortical,4.389469,7.7133265,3.1892035
3714,864691135478095016,train,BasketFam,BasketFam,1.2659037,5.727619,5.139704
326,864691136288755395,train,thalamocortical,thalamocortical,1.8291955,7.5214796,2.3428273
314,864691136052101363,train,BipFam,BipFam,6.1309934,8.348374,5.045228
125,864691136239793212,test,NglFam,NglFam,5.3528967,8.01883,4.3438463
448,864691135448017554,train,BasketFam,BasketFam,2.079009,4.787644,5.7572136
985,864691136118294692,train,thalamocortical,thalamocortical,2.1453876,6.589836,3.2737484
1167,864691135119335645,train,thalamocortical,thalamocortical,2.313192,7.1049447,2.555501
72,864691135293096118,train,NglFam,NglFam,3.967548,7.7279253,2.0123227
3720,864691135387551061,train,BasketFam,BasketFam,3.1199203,5.0340977,5.9051304
4778,864691135492600167,train,BasketFam,BasketFam,3.4437573,6.747694,6.421504
27,864691135398243105,train,L5IT,pyramidal,4.2590857,7.5445614,3.064315
360,864691135303514791,train,NglFam,NglFam,6.0005283,5.798142,2.0856776
153,864691136042982742,test,L2IT,pyramidal,7.4443464,8.905094,2.6190715
771,864691134887444986,test,NglFam,NglFam,6.711564,3.827991,2.5842159
1071,864691136372954248,test,NglFam,NglFam,3.4845023,5.022467,3.156362
987,864691135106309709,train,NglFam,NglFam,6.330775,9.398877,1.748035
370,864691135939017525,train,L4IT,pyramidal,4.9120474,7.324018,1.691865
198,864691135840033171,train,NglFam,NglFam,2.1668444,6.0729074,2.077275
2956,864691136288755395,train,thalamocortical,thalamocortical,2.3704877,7.158295,1.263937
7565,864691135210446457,train,MartFam,MartFam,3.9052782,4.542441,0.52836037
232,864691135303514791,train,NglFam,NglFam,7.4226794,3.7277334,2.370883
1444,864691136523971473,train,BipFam,BipFam,5.8897195,4.6567283,1.4562473
77,864691135757083346,train,L4IT,pyramidal,6.308619,8.039469,2.917964
2391,864691135499752723,train,BasketFam,BasketFam,2.4981215,4.8953896,6.534001
2891,864691135997140906,train,BipFam,BipFam,5.982811,6.6946282,2.9038098
1197,864691135477104960,train,thalamocortical,thalamocortical,1.1689231,6.8258066,2.5406036
1286,864691136120465944,train,thalamocortical,thalamocortical,2.0982373,6.5981255,3.311353
1037,864691136927366986,train,thalamocortical,thalamocortical,2.613483,7.09446,1.8788869
2771,864691135499616019,train,BasketFam,BasketFam,1.9427935,6.646515,4.6355247
331,864691135375484489,test,L4IT,pyramidal,5.6003017,6.3768125,1.388269
2803,864691135470255698,train,thalamocortical,thalamocortical,1.7242916,7.6694922,2.5062995
2467,864691135448017554,train,BasketFam,BasketFam,1.7342327,5.9282203,4.9861617
4043,864691135518791818,train,BasketFam,BasketFam,2.7510366,8.527878,5.6418843
1471,864691135685030130,train,thalamocortical,thalamocortical,5.0807886,6.8612437,2.5987213
591,864691136273370302,train,NglFam,NglFam,7.096079,8.289277,2.804662
545,864691135492614239,train,MartFam,MartFam,4.496836,6.868279,2.1260788
245,864691135309733190,train,NglFam,NglFam,7.242667,4.8898935,3.1819768
2153,864691135119335645,train,thalamocortical,thalamocortical,3.5683253,6.376378,2.4743905
550,864691135106309709,train,NglFam,NglFam,6.9716153,9.753209,3.1436343
658,864691135470255698,train,thalamocortical,thalamocortical,3.044853,7.2772536,2.7950013
1258,864691136914414321,train,L2IT,pyramidal,4.3603888,5.693376,2.4059634
419,864691135106309709,train,NglFam,NglFam,4.714626,9.129283,4.644344
451,864691136058895576,train,L4IT,pyramidal,6.587749,8.096031,2.1000273
1113,864691135465795653,train,BasketFam,BasketFam,2.359602,5.514594,5.373305
1108,864691135369668089,train,BasketFam,BasketFam,2.3852813,6.783949,5.187801
1228,864691135294194358,train,thalamocortical,thalamocortical,6.397273,7.5921674,2.250824
130,864691135468854156,train,L2IT,pyramidal,7.3092,7.2663946,2.892992
83,864691135215078712,train,BipFam,BipFam,6.562079,6.9003935,1.4163122
2490,864691135499765267,train,MartFam,MartFam,2.6464565,4.6617494,0.99774295
3373,864691136053350131,test,thalamocortical,thalamocortical,3.032106,6.1236973,2.6257193
478,864691135106309709,train,NglFam,NglFam,7.359162,9.627294,2.8210175
1746,864691135339982310,train,BasketFam,BasketFam,3.5669982,7.0230346,5.5773506
1289,864691135496444816,train,BasketFam,BasketFam,1.5218389,5.0024915,5.3659983
3412,864691137022180974,test,MartFam,MartFam,0.87621474,6.5379343,2.610747
54,864691135693735103,train,NglFam,NglFam,6.91665,9.576924,2.1427402
5583,864691136390828919,train,MartFam,MartFam,2.5145612,7.975145,4.1380663
258,864691136336204979,train,NglFam,NglFam,7.570471,3.825849,2.3741777
1170,864691136025504569,train,L4IT,pyramidal,1.8398927,6.1806035,1.9974402
290,864691136058602712,train,thalamocortical,thalamocortical,3.4492514,5.494513,3.3460217
8068,864691136595955362,train,MartFam,MartFam,2.6711748,8.034575,4.141149
1455,864691135119335645,train,thalamocortical,thalamocortical,3.5701652,5.3188076,3.3047142
279,864691135760050254,train,L3IT,pyramidal,7.327534,7.994537,3.1004512
9,864691135183646466,train,L6CT,pyramidal,7.520108,9.81318,3.3540633
8696,864691135562001633,train,MartFam,MartFam,4.4141426,5.600058,5.0901985
4448,864691135470255698,train,thalamocortical,thalamocortical,4.14485,5.956166,1.4861025
152,864691135693735103,train,NglFam,NglFam,6.6975064,9.194094,3.9644837
1780,864691135431441968,train,thalamocortical,thalamocortical,2.5974357,8.535532,4.3725624
1173,864691135584316781,train,BasketFam,BasketFam,6.8160005,7.5395155,3.848339
1087,864691135764890678,train,MartFam,MartFam,7.4770575,3.6883616,2.1844099
1035,864691136058602712,train,thalamocortical,thalamocortical,2.2711372,8.069404,3.0679977
4182,864691135499616019,train,BasketFam,BasketFam,2.0063496,5.7064877,5.389719
656,864691135756844242,test,MartFam,MartFam,3.3154292,4.3363514,0.6101385
285,864691135132887456,test,NglFam,NglFam,6.4920225,3.8899403,2.7544913
288,864691135577208606,test,L6IT,pyramidal,5.536817,8.611675,4.182364
3848,864691135210446457,train,MartFam,MartFam,3.4378307,7.4512177,3.5222533
1253,864691135659538306,train,thalamocortical,thalamocortical,3.4775999,7.15092,0.7060222
2093,864691135783317840,train,thalamocortical,thalamocortical,5.1192684,9.067785,4.044677
3132,864691135362357319,train,BasketFam,BasketFam,1.5594966,4.9320316,5.310773
5073,864691135997140906,train,BipFam,BipFam,6.608753,7.50511,4.1647134
121,864691135726140843,train,L3IT,pyramidal,4.270511,8.378772,3.4553044
4327,864691136007059658,test,BipFam,BipFam,3.9165905,5.2559414,1.6894324
3137,864691136118294692,train,thalamocortical,thalamocortical,5.5357966,6.684517,1.2443025
625,864691136239793212,test,NglFam,NglFam,4.960447,4.6861014,0.58952004
179,864691135132887456,test,NglFam,NglFam,7.176877,4.0814157,2.6769266
4626,864691135997140906,train,BipFam,BipFam,5.930281,6.8185244,1.05345
2152,864691136523971473,train,BipFam,BipFam,4.228198,5.175102,3.961094
1048,864691136137168779,train,BipFam,BipFam,4.0933332,7.8826065,2.2985659
1147,864691136288755395,train,thalamocortical,thalamocortical,2.313182,6.1835303,3.0788553
905,864691134886037498,train,MartFam,MartFam,0.7223166,6.046038,2.8041978
1679,864691136311213914,test,BasketFam,BasketFam,3.0604932,7.0382876,2.3690586
962,864691135778081453,train,thalamocortical,thalamocortical,2.7137043,6.9381065,1.4434463
148,864691136144827444,train,L2IT,pyramidal,6.0100603,6.7015963,2.8461144
2756,864691135511861968,test,MartFam,MartFam,4.3875656,5.9239,2.33804
166,864691136391024144,train,NglFam,NglFam,4.321911,8.069429,3.6749349
476,864691136125433894,train,L3IT,pyramidal,6.1496406,9.628915,2.892877
2306,864691136195796182,test,BasketFam,BasketFam,3.2122364,6.289567,6.3261976
473,864691135763941174,train,L2IT,pyramidal,7.4022675,9.000258,3.3534784
181,864691134887444986,test,NglFam,NglFam,4.823309,5.0154033,1.4392055
106,864691135342594225,test,L2IT,pyramidal,7.475937,5.958661,2.5839088
165,864691134887444986,test,NglFam,NglFam,6.0364695,6.1296763,3.0009167
149,864691136052101363,train,BipFam,BipFam,4.7957554,5.4869027,4.5954647
5705,864691136311213914,test,BasketFam,BasketFam,3.1363153,5.620829,6.5191283
6147,864691136007059658,test,BipFam,BipFam,6.5841064,7.761177,1.9307439
675,864691135739131780,train,MartFam,MartFam,3.2835524,7.7335196,3.8192089
478,864691135573245165,train,BasketFam,BasketFam,2.0300064,4.549364,5.4737725
533,864691135346685855,train,L4IT,pyramidal,7.138376,7.0438676,2.947949
286,864691135335635177,train,L3IT,pyramidal,4.849359,5.2112226,0.6267907
262,864691136391024144,train,NglFam,NglFam,2.650279,7.991579,4.0388565
1083,864691135446065810,train,MartFam,MartFam,2.0227222,4.5966067,5.2168946
5576,864691136390905207,train,MartFam,MartFam,6.3516126,6.710335,4.355487
14,864691135577574430,train,L2IT,pyramidal,7.925845,4.055829,2.484012
226,864691135689555680,train,NglFam,NglFam,4.9213715,6.1986227,2.670321
5163,864691135470255698,train,thalamocortical,thalamocortical,3.8800373,6.5922866,3.4102619
5006,864691136033871035,train,thalamocortical,thalamocortical,3.4686458,6.3217697,2.6565273
3493,864691136298913563,train,MartFam,MartFam,4.5809917,5.126212,2.9087033
314,864691135351159255,train,thalamocortical,thalamocortical,2.7193751,6.984187,0.85885614
27,864691134919869706,test,L4IT,pyramidal,3.4425611,7.0536456,2.8765252
6,864691135210134905,test,L2IT,pyramidal,7.8063507,5.5063906,2.9558792
2387,864691136007059658,test,BipFam,BipFam,4.5771303,9.490472,4.3574367
344,864691136238679567,test,L3IT,pyramidal,7.608528,8.518258,3.156198
1809,864691136118294692,train,thalamocortical,thalamocortical,6.165627,7.0321116,2.0131323
726,864691135015605910,train,L3IT,pyramidal,6.907728,7.1901116,4.1494055
1274,864691135470255698,train,thalamocortical,thalamocortical,3.0908077,8.159915,3.9030397
692,864691135928029966,train,thalamocortical,thalamocortical,2.3232794,6.689993,2.7868688
2274,864691136058602712,train,thalamocortical,thalamocortical,3.0674086,6.289866,2.1599777
1949,864691135281109665,train,BasketFam,BasketFam,2.9334419,5.3590493,6.622777
5920,864691136007059658,test,BipFam,BipFam,7.418406,6.6622148,2.7893376
1123,864691136058602712,train,thalamocortical,thalamocortical,4.0605493,6.517883,1.4726765
403,864691136007059658,test,BipFam,BipFam,4.7104,5.3797073,1.0447565
1498,864691136392806271,train,BasketFam,BasketFam,1.6952641,5.563034,5.7263517
567,864691136239793212,test,NglFam,NglFam,6.5380797,9.2997055,1.7985147
2298,864691135997140906,train,BipFam,BipFam,6.4214177,7.6826816,1.417245
299,864691135132887456,test,NglFam,NglFam,3.3599918,5.320684,1.9886281
3002,864691135689015264,train,thalamocortical,thalamocortical,2.9790995,4.883648,0.9580686
673,864691136118294692,train,thalamocortical,thalamocortical,1.5927825,6.609479,3.8308084
1341,864691135015437462,test,BasketFam,BasketFam,4.5038204,5.3372602,3.12281
357,864691135566824983,test,BipFam,BipFam,5.8228827,6.6681585,1.2827941
4216,864691135778081453,train,thalamocortical,thalamocortical,5.3411713,6.747769,1.577322
365,864691136196979020,train,L5IT,pyramidal,6.358752,7.6967587,1.6820003
2039,864691135659538306,train,thalamocortical,thalamocortical,7.6883974,4.336001,2.8673356
529,864691135386963541,train,L4IT,pyramidal,5.700446,7.022237,2.0432522
3006,864691135562001633,train,MartFam,MartFam,2.4924197,6.8612423,5.416377
980,864691136314126653,train,BipFam,BipFam,6.2855625,6.709265,4.4273176
418,864691136227297105,train,MartFam,MartFam,7.27131,8.783049,2.299881
1581,864691135954582563,train,MartFam,MartFam,5.7961516,7.715159,4.7254148
275,864691135990672896,train,MartFam,MartFam,6.3175163,6.961313,4.68023
4816,864691136007059658,test,BipFam,BipFam,5.4937577,4.677293,1.0374385
3,864691135941886118,train,BipFam,BipFam,5.331767,5.3269715,1.9751325
1917,864691135659538306,train,thalamocortical,thalamocortical,4.478185,5.7483263,3.0567696
420,864691134887444986,test,NglFam,NglFam,2.6635752,4.7304587,2.2050388
1206,864691136145537844,train,BipFam,BipFam,4.8691874,4.516124,0.68073434
133,864691135293096118,train,NglFam,NglFam,3.5803754,8.1555605,3.1122
451,864691135214970752,train,BipFam,BipFam,6.1728554,6.8317327,1.5976057
4064,864691135977768259,train,BasketFam,BasketFam,3.415657,6.348301,6.6209064
477,864691135132887456,test,NglFam,NglFam,7.088498,4.586186,2.7113264
3467,864691136288755395,train,thalamocortical,thalamocortical,2.9048605,8.765601,4.314684
1098,864691135660772080,train,MartFam,MartFam,4.2040443,4.5464687,2.5187905
221,864691135656664770,train,L4IT,pyramidal,7.134063,7.3817577,2.9028606
111,864691135941886118,train,BipFam,BipFam,5.744372,5.510105,2.7232692
3487,864691136033871035,train,thalamocortical,thalamocortical,4.7516627,5.4621563,4.5683312
968,864691135503782210,test,BipFam,BipFam,5.9127235,9.20911,3.8748243
143,864691136052101363,train,BipFam,BipFam,4.0027637,9.52106,5.1880054
66,864691135528046939,train,MartFam,MartFam,4.1375623,4.575729,0.6140759
2058,864691135343506885,train,BipFam,BipFam,5.017876,7.392773,2.341649
5620,864691135464991645,train,thalamocortical,thalamocortical,1.7752502,6.5868664,2.529957
655,864691135396720885,train,BasketFam,BasketFam,2.053485,5.3162313,5.874157
1770,864691136007128778,test,MartFam,MartFam,3.686909,6.251967,1.3476404
21,864691136925825354,test,BasketFam,BasketFam,3.1954858,7.3846803,5.730292
2794,864691136484883756,train,BasketFam,BasketFam,7.2551265,9.1860285,3.4421127
2578,864691135997140906,train,BipFam,BipFam,3.934404,8.658042,4.343202
1648,864691136372954248,test,NglFam,NglFam,3.4620664,4.656508,1.5094922
132,864691136927366986,train,thalamocortical,thalamocortical,2.7749088,6.137901,2.568557
600,864691135760319822,train,L4IT,pyramidal,5.081807,5.3918905,1.2592868
465,864691135573276197,train,L6IT,pyramidal,5.4739976,9.048786,3.877831
341,864691136391024144,train,NglFam,NglFam,6.425686,8.827113,2.2077544
616,864691137198691137,train,L2IT,pyramidal,7.179492,8.464661,3.5533705
1636,864691136288755395,train,thalamocortical,thalamocortical,2.576793,8.562699,4.3183203
646,864691136086632812,train,NglFam,NglFam,5.116662,4.9894543,2.173201
3765,864691135511861968,test,MartFam,MartFam,5.0557766,7.691615,2.8935769
3196,864691135398746401,train,MartFam,MartFam,6.7641363,8.698215,1.5210266
630,864691135442598728,train,BasketFam,BasketFam,2.019476,5.0781074,6.0339613
107,864691135132887456,test,NglFam,NglFam,4.235932,5.599585,3.2498043
796,864691135878586963,test,thalamocortical,thalamocortical,6.943674,8.781956,2.605546
219,864691135210443897,train,BasketFam,BasketFam,3.1575224,5.5645823,5.9853444
402,864691135685030130,train,thalamocortical,thalamocortical,6.00101,6.665231,1.4006723
989,864691135778618029,train,BipFam,BipFam,6.5571856,9.495436,3.6209211
2837,864691136006393034,train,MartFam,MartFam,6.8906183,7.801607,2.2723157
779,864691136137168779,train,BipFam,BipFam,4.767396,6.107322,2.4955938
1024,864691136288755395,train,thalamocortical,thalamocortical,7.3716187,5.250158,2.5424292
556,864691136391024144,train,NglFam,NglFam,2.0390182,5.407539,1.9429365
215,864691135782145872,train,L2IT,pyramidal,7.967488,5.330767,2.8241858
8009,864691135210446457,train,MartFam,MartFam,6.137721,8.44474,1.4221394
141,864691136336204979,train,NglFam,NglFam,5.262857,4.1470723,1.680149
244,864691135510846217,train,L6CT,pyramidal,6.863863,7.864833,4.457832
182,864691136966189518,test,MartFam,MartFam,7.7475586,5.106366,2.509359
14662,864691135271967397,train,MartFam,MartFam,4.614888,5.855039,1.1107773
1581,864691135343601093,train,BasketFam,BasketFam,2.4121077,5.009584,6.4642887
3926,864691135480702662,train,MartFam,MartFam,6.059325,8.409334,4.5563736
7272,864691135869457430,train,BasketFam,BasketFam,3.57417,6.026342,6.110865
1922,864691135869457430,train,BasketFam,BasketFam,1.7626882,6.1066628,5.1962943
4677,864691136312076122,train,MartFam,MartFam,4.085257,4.982563,3.7136517
270,864691134966249759,train,thalamocortical,thalamocortical,1.4179623,7.1928663,2.2267315
589,864691135892176009,train,MartFam,MartFam,4.03581,7.883963,2.0902739
941,864691136107486169,train,L4IT,pyramidal,5.2872396,8.93649,4.3790774
1215,864691136372954248,test,NglFam,NglFam,4.317751,4.6710715,0.5620882
150,864691135351159255,train,thalamocortical,thalamocortical,6.514258,7.615375,2.8700442
1226,864691134966249759,train,thalamocortical,thalamocortical,7.0830226,4.583199,2.9923043
3682,864691135470255698,train,thalamocortical,thalamocortical,3.9916842,6.0629582,2.904835
3893,864691136118294692,train,thalamocortical,thalamocortical,3.7521217,6.9417863,1.1270342
725,864691136372954248,test,NglFam,NglFam,6.408049,4.7730627,2.700907
2497,864691136595955362,train,MartFam,MartFam,2.8812165,5.093667,1.8971196
218,864691135842486243,train,L3IT,pyramidal,4.6526537,8.072088,3.6044333
37,864691135742826603,train,BipFam,BipFam,7.1954293,7.9364758,1.9698474
57,864691136391024144,train,NglFam,NglFam,2.5854588,5.5202885,3.0569727
1618,864691135778116013,train,BasketFam,BasketFam,1.642244,5.7282324,4.815784
1399,864691136372954248,test,NglFam,NglFam,2.7076006,4.9442554,2.4156017
1759,864691136391023120,train,BasketFam,BasketFam,3.4911675,6.9438863,1.1482651
496,864691135689555680,train,NglFam,NglFam,1.7804488,6.748845,2.290505
3185,864691136118294692,train,thalamocortical,thalamocortical,2.3182106,6.377787,2.7429698
636,864691135499707667,train,L4IT,pyramidal,6.703236,7.362207,1.848833
2323,864691135571546917,train,MartFam,MartFam,3.169011,8.817309,5.295842
2954,864691135778290109,train,BasketFam,BasketFam,2.082906,7.8665004,5.905386
45,864691135271343525,train,BipFam,BipFam,1.6738985,5.868462,3.8216126
84,864691136196202472,test,L4IT,pyramidal,6.5951114,9.167393,3.3089545
1228,864691135885917808,train,BasketFam,BasketFam,3.2672992,5.171471,5.8404574
665,864691136012173475,test,BipFam,BipFam,3.936941,5.577242,3.0390027
145,864691135273655569,train,L5ET,pyramidal,4.500097,7.343044,1.5657444
153,864691135994158785,test,MartFam,MartFam,7.654886,5.1530447,2.710385
71,864691136086632812,train,NglFam,NglFam,5.2999816,4.464436,1.1218673
351,864691135997140906,train,BipFam,BipFam,3.9852746,6.3341985,3.1099575
1005,864691135585989240,train,BasketFam,BasketFam,2.3784513,7.028244,5.7930174
425,864691135134114976,train,L4IT,pyramidal,7.044825,8.291563,2.376342
295,864691135132887456,test,NglFam,NglFam,4.5852532,5.5540266,3.597017
1559,864691136312445786,train,BasketFam,BasketFam,3.6384747,5.202921,5.793882
1008,864691135343506885,train,BipFam,BipFam,3.9671385,5.056427,1.3756362
3612,864691136603935441,train,BasketFam,BasketFam,2.5449355,4.8455925,6.486804
2974,864691136118878116,train,MartFam,MartFam,3.1533263,6.1570177,3.3131847
230,864691135060882843,train,L4IT,pyramidal,7.4062877,7.825579,3.0360258
97,864691135840033171,train,NglFam,NglFam,2.743036,7.488373,3.4189315
639,864691136196240342,test,BipFam,BipFam,4.5883694,5.475843,4.7879987
500,864691135132887456,test,NglFam,NglFam,3.5353422,5.2641025,2.1670127
4066,864691135196475434,train,MartFam,MartFam,5.3872294,4.5916243,1.0073655
4878,864691136033871035,train,thalamocortical,thalamocortical,4.4058037,5.604694,4.110995
1785,864691136120465944,train,thalamocortical,thalamocortical,3.9535522,7.098795,0.79538167
4914,864691135562001633,train,MartFam,MartFam,1.8558002,4.5562353,5.6674676
1006,864691135618332265,train,BasketFam,BasketFam,3.0067558,5.8598948,6.5491467
841,864691135119335645,train,thalamocortical,thalamocortical,3.4444056,8.651661,4.100115
2433,864691135271967397,train,MartFam,MartFam,6.295376,8.018569,1.5644189
2968,864691135373601736,train,BasketFam,BasketFam,1.904349,7.8681755,5.5301037
2978,864691136007059658,test,BipFam,BipFam,4.692278,7.060009,1.4721906
593,864691135503782210,test,BipFam,BipFam,5.277027,9.178665,4.117877
4126,864691135470255698,train,thalamocortical,thalamocortical,4.8151093,8.026298,2.1616204
84,864691136524282001,train,NglFam,NglFam,4.8197665,7.9211564,3.1875875
1639,864691136372954248,test,NglFam,NglFam,3.7798114,4.595509,1.3487054
2941,864691135866821340,train,thalamocortical,thalamocortical,5.4170966,8.324656,4.683734
2084,864691135685030130,train,thalamocortical,thalamocortical,3.1067562,7.0706058,0.90221226
1718,864691135448017554,train,BasketFam,BasketFam,1.6811769,5.394662,5.1914983
5106,864691135499765267,train,MartFam,MartFam,3.5270097,4.431191,1.073863
1511,864691135726140843,train,L3IT,pyramidal,6.3665347,7.6124105,1.5975277
624,864691135750649129,train,L4IT,pyramidal,4.7634153,7.4005165,3.5726264
816,864691135685030130,train,thalamocortical,thalamocortical,2.047505,7.0209336,3.4841104
1733,864691135118298333,train,MartFam,MartFam,1.768316,6.4486713,2.4900985
192,864691136238090767,train,L5IT,pyramidal,4.7756534,5.4022517,4.5897584
559,864691136974813212,train,L5IT,pyramidal,4.4841304,8.096587,3.3885775
354,864691135271343525,train,BipFam,BipFam,2.5327213,4.9660616,6.2810454
2927,864691136195796182,test,BasketFam,BasketFam,2.1206367,5.475533,6.137532
657,864691135503443549,train,L4IT,pyramidal,5.327199,8.832264,4.1910653
2034,864691135389004929,train,BasketFam,BasketFam,5.26948,8.906804,4.395573
331,864691135273655569,train,L5ET,pyramidal,3.7928417,6.4484673,5.9072623
1324,864691134966621471,train,MartFam,MartFam,2.2453713,5.5442696,2.7355266
773,864691135783317840,train,thalamocortical,thalamocortical,1.2915611,7.167898,2.33474
119,864691136524282001,train,NglFam,NglFam,7.046331,7.049818,2.7994537
3427,864691135689296608,train,BasketFam,BasketFam,1.3648669,6.2081523,5.262552
176,864691136424704815,train,L4IT,pyramidal,4.528613,8.210177,3.485425
906,864691136138622333,train,BasketFam,BasketFam,1.8007734,5.4456763,5.105797
3043,864691135778116013,train,BasketFam,BasketFam,2.585266,5.0587573,5.7336183
483,864691135689555680,train,NglFam,NglFam,7.1161036,3.5748038,2.1193979
3168,864691136033871035,train,thalamocortical,thalamocortical,3.4421825,7.944291,2.5896165
538,864691135995711402,train,BipFam,BipFam,6.55339,6.341745,2.0779252
1914,864691135584068717,train,BasketFam,BasketFam,2.92938,7.514853,5.35855
109,864691135610877191,train,L2IT,pyramidal,7.39776,9.359963,3.687487
7738,864691135891796617,train,BasketFam,BasketFam,3.6802573,5.296444,5.5883164
867,864691135106309709,train,NglFam,NglFam,7.070719,9.894519,2.4460409
1544,864691136007059658,test,BipFam,BipFam,4.1117973,5.7024364,3.109576
1788,864691135586022264,train,BasketFam,BasketFam,5.3730273,7.774217,4.3834543
588,864691135431441968,train,thalamocortical,thalamocortical,2.5345397,6.718374,1.1855066
2371,864691136312057178,train,BasketFam,BasketFam,1.7876195,6.0955915,4.6485963
802,864691135350977751,train,MartFam,MartFam,2.4839878,6.7145033,2.5290177
3291,864691135618332265,train,BasketFam,BasketFam,0.65240866,6.0726557,4.398478
328,864691135137137433,test,L4IT,pyramidal,6.27097,7.3326893,2.7788153
6925,864691135477104960,train,thalamocortical,thalamocortical,3.296215,8.930436,3.968732
1147,864691136372954248,test,NglFam,NglFam,1.8352734,6.0834985,2.412838
572,864691135616183499,train,BasketFam,BasketFam,5.639017,7.792848,4.786515
515,864691135375484489,test,L4IT,pyramidal,6.216185,6.5794086,4.2626224
525,864691135466283333,test,L4IT,pyramidal,7.4285765,8.072578,2.9959543
528,864691136523971473,train,BipFam,BipFam,6.6676664,7.439788,4.6077766
1208,864691136118430628,train,BipFam,BipFam,5.333428,6.5934277,2.66177
914,864691136145537844,train,BipFam,BipFam,6.923717,8.161594,4.412038
3389,864691135499765267,train,MartFam,MartFam,2.1937783,4.9096365,1.9905623
2355,864691135387277397,test,thalamocortical,thalamocortical,1.8600827,7.0864835,2.6896853
1258,864691135341516741,test,MartFam,MartFam,3.1942682,4.1481395,0.7019593
5166,864691135725779883,train,BasketFam,BasketFam,3.212815,6.704048,5.7865453
207,864691135119335645,train,thalamocortical,thalamocortical,5.3514733,7.3462353,2.0876381
656,864691135503782210,test,BipFam,BipFam,4.2135425,9.540553,4.6941833
353,864691136391024144,train,NglFam,NglFam,2.847716,5.339948,2.7533205
603,864691136489055762,train,L4IT,pyramidal,2.4328592,8.0679865,2.9029727
5542,864691136007128778,test,MartFam,MartFam,3.332829,4.3635764,2.0933144
2480,864691136067404440,test,MartFam,MartFam,4.6063786,3.987328,0.93398106
446,864691136118430628,train,BipFam,BipFam,5.868519,7.6972065,1.006108
906,864691135496262032,train,BasketFam,BasketFam,1.1352104,5.603108,5.2839317
141,864691135309733190,train,NglFam,NglFam,7.00376,4.020681,3.113335
2245,864691135464595518,train,BasketFam,BasketFam,1.632046,5.328813,5.092429
843,864691136268801012,test,BasketFam,BasketFam,1.9139615,6.176979,4.8682294
1187,864691136053350131,test,thalamocortical,thalamocortical,2.8085651,6.511356,2.3715947
161,864691135211568576,train,L4IT,pyramidal,6.671477,9.395131,3.566155
868,864691135577202181,train,MartFam,MartFam,1.6963211,6.4165716,2.0443552
1242,864691136925008100,train,BipFam,BipFam,3.0249307,6.0427346,3.4373384
680,864691135726881195,train,L4IT,pyramidal,5.6980786,6.615602,2.7732086
300,864691136391024144,train,NglFam,NglFam,5.137379,7.5036235,2.6309667
151,864691136239387708,test,L6IT,pyramidal,5.9487257,8.728582,4.4803944
1414,864691135478434216,train,BasketFam,BasketFam,2.4835985,4.823452,6.4584985
4376,864691136330880234,train,MartFam,MartFam,4.6184225,5.4316616,1.1594795
1113,864691135060784027,test,thalamocortical,thalamocortical,3.5878239,6.530302,1.4417977
120,864691135060020123,train,L4IT,pyramidal,5.12012,8.781815,4.27103
1213,864691135470860370,test,BipFam,BipFam,3.7278752,5.323381,1.1206714
175,864691135309733190,train,NglFam,NglFam,7.38415,3.414325,2.2445257
2692,864691135659538306,train,thalamocortical,thalamocortical,2.9465075,6.826854,3.255366
5406,864691135470255698,train,thalamocortical,thalamocortical,2.557102,6.950415,1.5794213
107,864691135212086720,train,L6CT,pyramidal,7.4000163,9.762757,2.6972988
8017,864691136595955362,train,MartFam,MartFam,1.3479288,7.2247534,3.977084
22,864691135294194358,train,thalamocortical,thalamocortical,2.0117137,7.671619,4.1989226
196,864691135323181212,test,MartFam,MartFam,7.1061606,4.9992204,2.8130224
342,864691135993770945,test,BipFam,BipFam,4.6463723,9.521453,4.5930834
2229,864691136120465944,train,thalamocortical,thalamocortical,4.162828,6.080353,4.1387944
297,864691136524282001,train,NglFam,NglFam,4.9051666,6.239905,1.8934809
3574,864691135774221643,train,MartFam,MartFam,3.1192222,5.331865,3.0286608
3863,864691136007059658,test,BipFam,BipFam,5.238096,4.587745,0.8748675
7131,864691135480702662,train,MartFam,MartFam,6.4974914,7.725087,1.7703528
116,864691135106309709,train,NglFam,NglFam,5.630434,8.578795,4.753479
4603,864691135499752723,train,BasketFam,BasketFam,1.7545192,7.0096893,5.92492
656,864691135456493418,test,BipFam,BipFam,7.684145,7.6204176,2.944055
923,864691135810495005,train,BasketFam,BasketFam,2.992108,4.9482656,6.301076
3052,864691136390675216,train,BasketFam,BasketFam,4.807018,4.5048404,1.6170058
1310,864691135281109665,train,BasketFam,BasketFam,3.1111846,6.9830956,4.652213
6629,864691136580010516,test,MartFam,MartFam,1.4868902,6.833955,3.6439357
1407,864691136006393034,train,MartFam,MartFam,2.3848429,4.9635105,2.2841017
2585,864691135571440006,train,MartFam,MartFam,6.3486075,4.3547826,2.9203773
95,864691135303514791,train,NglFam,NglFam,7.184225,3.431551,2.4426198
2074,864691135659538306,train,thalamocortical,thalamocortical,2.6751525,5.9921207,2.954809
6424,864691136330880234,train,MartFam,MartFam,3.3730953,5.5929885,3.2101202
336,864691135840033171,train,NglFam,NglFam,4.944042,8.878162,4.249815
634,864691135196576298,train,L5IT,pyramidal,6.4101133,9.421554,1.9969817
1827,864691136053350131,test,thalamocortical,thalamocortical,2.1078606,6.912951,1.4354253
2683,864691135496444816,train,BasketFam,BasketFam,1.9305488,4.970085,5.4778256
5387,864691135477104960,train,thalamocortical,thalamocortical,3.5017347,5.9153333,2.0846214
176,864691136336204979,train,NglFam,NglFam,7.1071596,4.081477,2.6183677
922,864691135810297885,train,BipFam,BipFam,7.1078157,9.072844,2.2566648
176,864691135773209163,test,L4IT,pyramidal,6.881998,7.8388305,2.1205344
734,864691135779780797,test,MartFam,MartFam,2.8324502,4.6260066,1.0070255
1663,864691136093003700,train,L5IT,pyramidal,7.3847785,3.9711742,2.4327435
115,864691135686399415,train,BipFam,BipFam,6.454082,7.534774,2.4109013
503,864691136363009250,train,L4IT,pyramidal,4.8969407,9.153518,4.7984166
883,864691135948823905,test,MartFam,MartFam,7.8627152,6.032877,2.8027995
706,864691136196517452,test,L4IT,pyramidal,7.02393,8.553884,2.522608
216,864691136102207349,train,BipFam,BipFam,7.4725947,9.701811,2.7541356
3423,864691136091233847,train,thalamocortical,thalamocortical,3.6615465,6.428281,1.8552921
229,864691135132887456,test,NglFam,NglFam,7.3939414,4.0047755,2.754191
4128,864691135480702662,train,MartFam,MartFam,4.1518207,4.506642,0.45991325
18,864691135309733190,train,NglFam,NglFam,7.8284183,3.8000877,2.391857
361,864691135106309709,train,NglFam,NglFam,6.1150446,8.413295,1.3362298
61,864691135592678411,train,BipFam,BipFam,7.0651264,4.9287496,2.4920554
341,864691135124603687,train,L4IT,pyramidal,5.200684,6.928243,2.5011313
5737,864691137056216950,train,MartFam,MartFam,2.2908645,5.853735,2.8967438
1885,864691136120465944,train,thalamocortical,thalamocortical,6.084023,6.918591,4.609512
172,864691135992790209,train,BipFam,BipFam,4.0202684,8.249182,4.223587
925,864691135106309709,train,NglFam,NglFam,7.385204,9.2987385,3.7358015
920,864691135060651419,train,L2IT,pyramidal,6.721728,7.541321,4.585714
929,864691135742895723,test,BipFam,BipFam,2.116318,4.8403997,2.1904466
706,864691136484883756,train,BasketFam,BasketFam,3.87522,6.734656,6.3483443
292,864691136196202472,test,L4IT,pyramidal,4.408736,9.395314,4.769122
13778,864691135779780797,test,MartFam,MartFam,3.986979,4.525047,0.6187554
1188,864691135323181212,test,MartFam,MartFam,7.4020376,5.351793,2.558295
1001,864691136125433894,train,L3IT,pyramidal,2.0693045,6.254149,1.9207282
50,864691135839999379,train,BipFam,BipFam,7.4095006,7.6763678,3.1197808
2603,864691136523971473,train,BipFam,BipFam,7.150036,9.634913,2.1804726
1809,864691135350977751,train,MartFam,MartFam,6.6408906,3.9501324,2.7992918
43,864691135755605197,train,thalamocortical,thalamocortical,5.4467573,7.601943,4.00211
2922,864691135997428394,test,thalamocortical,thalamocortical,5.7037244,8.067252,4.2983217
16,864691135840033171,train,NglFam,NglFam,2.8532314,7.741414,4.0355897
143,864691135303514791,train,NglFam,NglFam,7.1385303,4.5728617,2.6552072
189,864691135303514791,train,NglFam,NglFam,7.710764,4.4314933,2.6002944
8163,864691135464991645,train,thalamocortical,thalamocortical,4.6068597,6.8837514,2.8550036
81,864691135939776309,train,MartFam,MartFam,3.5944948,4.10415,0.62445056
2418,864691136925008100,train,BipFam,BipFam,2.1222672,7.5322857,3.9642231
560,864691135115194009,train,BipFam,BipFam,7.2745733,9.937652,3.0583978
326,864691135755605197,train,thalamocortical,thalamocortical,1.881298,7.882411,2.7948487
442,864691136025992761,train,BipFam,BipFam,6.2433734,8.563288,3.455532
678,864691135742664043,train,L3IT,pyramidal,5.016553,7.38122,0.9595236
765,864691135571356038,test,MartFam,MartFam,4.907263,5.1193137,1.3771455
30,864691135990564864,train,NglFam,NglFam,6.863178,3.2332108,2.166645
314,864691135840033171,train,NglFam,NglFam,3.0102415,7.761427,3.886031
680,864691135584316781,train,BasketFam,BasketFam,6.719455,7.885999,3.7233498
3103,864691135477104960,train,thalamocortical,thalamocortical,2.1467323,6.562045,2.7072725
22,864691135948215076,test,BipFam,BipFam,2.7406685,4.882497,5.0894766
2518,864691135470255698,train,thalamocortical,thalamocortical,2.1226506,7.8861465,3.9281313
727,864691135464991645,train,thalamocortical,thalamocortical,4.037447,6.8762445,1.424963
817,864691135346571423,train,L4IT,pyramidal,6.191617,7.0417695,1.3832101
3561,864691135464991645,train,thalamocortical,thalamocortical,3.2009423,6.7304745,1.3796996
551,864691135293096118,train,NglFam,NglFam,2.1218739,6.9231205,2.2430563
144,864691135587771772,train,L4IT,pyramidal,7.6074605,9.68479,3.2618117
57,864691135359413848,train,BipFam,BipFam,4.9619412,6.6316633,2.7791579
2969,864691135343506885,train,BipFam,BipFam,5.964315,5.301344,2.6462913
167,864691135689555680,train,NglFam,NglFam,6.75084,3.9547153,2.1568253
59,864691135351159255,train,thalamocortical,thalamocortical,6.324456,7.2111273,4.681883
223,864691135339729126,train,L4IT,pyramidal,3.2289886,7.2523756,3.727572
1119,864691135929072340,train,L5IT,pyramidal,5.1885495,9.516841,4.138729
630,864691136239793212,test,NglFam,NglFam,6.9218087,9.790831,1.659293
131,864691135566825495,train,BasketFam,BasketFam,2.5758362,7.717183,5.4886594
1215,864691135741960340,train,BasketFam,BasketFam,2.4938524,7.5913076,5.5323043
885,864691136314485053,train,L5NP,pyramidal,4.923791,8.32449,3.8078346
12,864691136372954248,test,NglFam,NglFam,5.0139008,5.170919,1.404786
89,864691135359413848,train,BipFam,BipFam,5.931319,8.340607,3.4539082
5480,864691135611702023,train,BasketFam,BasketFam,1.784598,6.400272,5.311315
94,864691136011549614,train,BipFam,BipFam,7.1563663,7.4119725,2.87547
174,864691135211568576,train,L4IT,pyramidal,2.9524179,6.7168374,2.9372134
892,864691136364166370,train,BipFam,BipFam,3.8707638,9.19263,4.9631786
157,864691135477104960,train,thalamocortical,thalamocortical,4.1685066,7.9432077,3.1338913
125,864691137199038273,train,L4IT,pyramidal,6.125785,6.601987,3.7360764
681,864691135995711402,train,BipFam,BipFam,4.7286654,7.952953,3.9595885
4325,864691135464991645,train,thalamocortical,thalamocortical,4.165849,7.008955,2.2717357
183,864691135917047910,train,L6IT,pyramidal,7.7752557,7.3733797,3.2429233
1688,864691134966621471,train,MartFam,MartFam,3.7015605,5.82702,1.6101009
1410,864691136091233847,train,thalamocortical,thalamocortical,1.4912657,6.811657,2.1750054
292,864691135584504429,test,L2IT,pyramidal,6.7666383,7.195261,4.1690273
6059,864691135387551061,train,BasketFam,BasketFam,1.1327405,5.4671063,5.26551
2420,864691135685030130,train,thalamocortical,thalamocortical,4.3221455,7.4389653,2.2267907
1005,864691136021595384,train,BasketFam,BasketFam,1.7010405,6.66705,5.351019
28,864691135742824555,train,BipFam,BipFam,4.5013103,5.2257123,3.0142477
154,864691136436788382,train,BipFam,BipFam,7.2458935,7.806405,2.1775851
2783,864691135577202181,train,MartFam,MartFam,3.6203942,5.8817225,1.7582526
3236,864691135912137641,train,BasketFam,BasketFam,3.7260926,6.6141996,6.2724786
38,864691135359413848,train,BipFam,BipFam,6.1282635,7.4909973,2.2078462
689,864691136372954248,test,NglFam,NglFam,4.582266,4.025756,0.8938824
55,864691136026013497,train,BipFam,BipFam,2.2942388,6.247291,2.97221
4533,864691135346954143,train,MartFam,MartFam,1.6794655,6.452555,2.4077811
1636,864691135470255698,train,thalamocortical,thalamocortical,4.084583,6.9297695,0.82830477
4309,864691135720572977,train,MartFam,MartFam,3.4835744,4.2500124,0.89534444
1364,864691136927366986,train,thalamocortical,thalamocortical,3.8174515,7.1869597,2.5802877
570,864691136814345075,train,MartFam,MartFam,3.7875667,4.6555157,2.6577246
5539,864691135939776309,train,MartFam,MartFam,5.476468,5.943966,0.9687263
657,864691136364166370,train,BipFam,BipFam,5.612576,9.023321,4.078605
382,864691135119630813,test,BipFam,BipFam,6.6993756,7.486816,4.5860176
1395,864691135341516741,test,MartFam,MartFam,5.2690516,4.6848903,1.722766
2128,864691135997428394,test,thalamocortical,thalamocortical,4.5716085,5.424928,4.607145
1013,864691135106309709,train,NglFam,NglFam,6.395729,8.7954645,1.9462699
2244,864691135778081453,train,thalamocortical,thalamocortical,4.3435993,7.748885,1.5475197
2461,864691135492600167,train,BasketFam,BasketFam,1.9809654,8.00104,5.4905005
719,864691136118430628,train,BipFam,BipFam,7.1301427,9.36804,2.114416
627,864691136298111003,test,L4IT,pyramidal,2.304574,6.9822464,2.7799776
5612,864691136067404440,test,MartFam,MartFam,5.710192,7.984045,4.7577353
471,864691135689555680,train,NglFam,NglFam,7.6260405,5.6186185,2.7801144
142,864691135689555680,train,NglFam,NglFam,5.0649557,6.4684405,1.5718682
265,864691135576881950,train,L3IT,pyramidal,7.1232553,9.658347,3.0324006
6008,864691135480702662,train,MartFam,MartFam,3.2307997,7.1746655,2.429367
49,864691135309733190,train,NglFam,NglFam,6.8477483,3.3929172,2.3301942
75,864691136620192653,train,MartFam,MartFam,6.4172034,8.111846,2.5134275
331,864691135928029966,train,thalamocortical,thalamocortical,5.3038673,6.0401015,1.495194
7093,864691135456535658,train,MartFam,MartFam,4.133985,4.9599137,3.7369902
4338,864691136742921308,test,BasketFam,BasketFam,2.6484609,6.0725265,6.0722327
1978,864691135954480163,train,MartFam,MartFam,7.9542537,5.384969,2.6884422
1257,864691135997428394,test,thalamocortical,thalamocortical,4.7501717,5.7032614,1.5133702
40,864691135839999379,train,BipFam,BipFam,6.704544,4.185975,2.9537208
484,864691135955477512,train,L6IT,pyramidal,6.9884896,8.84881,2.2887242
142,864691135132887456,test,NglFam,NglFam,7.420274,4.3473554,2.9494638
2819,864691136523889553,train,BasketFam,BasketFam,2.7133164,5.0902295,6.3255076
2333,864691136211068860,train,BasketFam,BasketFam,2.7082982,5.419607,6.206073
418,864691135997140906,train,BipFam,BipFam,7.669184,7.1490297,2.957734
341,864691135503836253,train,L4IT,pyramidal,5.755384,8.966098,4.211861
3627,864691135518791818,train,BasketFam,BasketFam,3.7994142,6.4304566,5.7443333
3752,864691136523889553,train,BasketFam,BasketFam,1.7139859,5.22907,6.05592
2873,864691135755605197,train,thalamocortical,thalamocortical,5.2253265,5.762614,0.9260837
2748,864691135470255698,train,thalamocortical,thalamocortical,1.589244,7.7891088,2.453263
743,864691136372954248,test,NglFam,NglFam,4.885449,5.6693316,0.85458857
77,864691135132887456,test,NglFam,NglFam,7.037369,3.7631655,2.3506866
892,864691135994158785,test,MartFam,MartFam,7.5971956,8.723591,2.5006945
979,864691135106189901,test,BasketFam,BasketFam,3.2964308,6.7895265,6.450242
175,864691135693735103,train,NglFam,NglFam,7.21201,9.958278,2.1071055
252,864691135641196091,train,MartFam,MartFam,4.726917,4.2868233,0.9661383
955,864691135271343525,train,BipFam,BipFam,2.195432,5.9800067,4.662467
12,864691135518510218,train,NglFam,NglFam,7.8291507,7.278741,3.1441214
502,864691135132887456,test,NglFam,NglFam,7.471496,4.678053,2.5150523
83,864691135689555680,train,NglFam,NglFam,7.2759323,5.3652935,2.9864044
1922,864691136053350131,test,thalamocortical,thalamocortical,2.430207,8.252201,3.2165823
109,864691136742067804,train,L3IT,pyramidal,6.1354523,6.422364,2.0556595
1125,864691135442598728,train,BasketFam,BasketFam,3.5875692,6.0203695,5.575813
2189,864691135878586963,test,thalamocortical,thalamocortical,4.1824903,6.7512875,2.0976999
3595,864691136288755395,train,thalamocortical,thalamocortical,2.8019648,5.597475,2.7322962
4977,864691135464991645,train,thalamocortical,thalamocortical,1.3220809,6.7314444,3.6586392
267,864691135106309709,train,NglFam,NglFam,7.150577,8.799773,2.2983558
2814,864691135124690471,train,BasketFam,BasketFam,2.0885203,5.052812,6.3717604
1811,864691136091233847,train,thalamocortical,thalamocortical,1.7724519,7.925715,2.5738347
3339,864691135869457430,train,BasketFam,BasketFam,3.025093,5.2810044,5.5125422
295,864691135656579010,train,L5IT,pyramidal,3.851095,6.669455,3.2129362
765,864691135611140359,test,L4IT,pyramidal,6.2090244,8.297334,4.4799128
886,864691135997140906,train,BipFam,BipFam,6.029693,6.8862567,4.246867
1837,864691136007059658,test,BipFam,BipFam,6.3460593,5.2265744,1.6550967
1205,864691135778618029,train,BipFam,BipFam,6.476535,9.071865,3.392664
1854,864691136288755395,train,thalamocortical,thalamocortical,1.4966217,6.8117657,2.7246685
603,864691136041321982,train,MartFam,MartFam,7.5475745,7.2795672,3.1695986
2289,864691136040742142,test,BasketFam,BasketFam,7.5666733,9.928152,2.5683258
796,864691134887444986,test,NglFam,NglFam,3.2572777,7.8205576,3.5870125
352,864691135584019053,test,MartFam,MartFam,4.681903,4.541171,0.59758335
451,864691135886314096,test,L4IT,pyramidal,2.978619,6.9459176,2.432123
212,864691135430290480,train,L4IT,pyramidal,5.5537806,8.837938,4.5338755
1349,864691136372954248,test,NglFam,NglFam,3.4732342,5.232807,2.9050496
701,864691136137168779,train,BipFam,BipFam,4.636102,5.881782,2.4872408
709,864691135387277397,test,thalamocortical,thalamocortical,6.284984,8.984187,3.7587335
8458,864691136330880234,train,MartFam,MartFam,4.1367793,4.7045364,0.98988163
1,864691136033871035,train,thalamocortical,thalamocortical,1.7001352,6.5535254,4.0533376
4,864691135293096118,train,NglFam,NglFam,4.3027244,9.382635,3.7660134
834,864691135941956865,train,BasketFam,BasketFam,3.9389791,6.6288977,5.763324
11,864691135742247787,train,L4IT,pyramidal,4.0672784,7.8616385,1.9043244
3224,864691135689296608,train,BasketFam,BasketFam,1.613844,6.0555434,4.655534
6366,864691135997428394,test,thalamocortical,thalamocortical,2.1807923,6.4400334,3.5771427
36,864691136273370302,train,NglFam,NglFam,5.590069,8.95338,4.6506267
1972,864691136742921308,test,BasketFam,BasketFam,2.9113855,5.0807548,6.3433256
686,864691135106309709,train,NglFam,NglFam,5.865075,8.960196,2.944923
2386,864691135387277397,test,thalamocortical,thalamocortical,2.3267899,6.5860353,2.6855195
373,864691136389688695,test,L2IT,pyramidal,3.068519,6.5529428,2.4286616
4095,864691135779780797,test,MartFam,MartFam,4.329842,5.892419,0.92020255
59,864691136927366986,train,thalamocortical,thalamocortical,2.5780013,6.3430967,2.746409
532,864691135274038801,train,L3IT,pyramidal,7.5783367,7.853913,3.168819
103,864691136120465944,train,thalamocortical,thalamocortical,1.3418566,6.7262096,3.8103056
130,864691135885623408,train,L6CT,pyramidal,5.055531,8.777009,4.4772377
581,864691135751149353,train,L4IT,pyramidal,5.563502,6.6362715,1.223537
676,864691135756844242,test,MartFam,MartFam,2.6199017,4.3186383,0.9492398
805,864691136914542577,train,MartFam,MartFam,2.9662864,7.900751,4.000306
5127,864691136007059658,test,BipFam,BipFam,6.2007227,7.205419,2.959394
18,864691135106309709,train,NglFam,NglFam,3.967242,9.251001,4.9607053
119,864691135689015264,train,thalamocortical,thalamocortical,7.2441463,3.9967206,2.2290204
1535,864691136288755395,train,thalamocortical,thalamocortical,3.1264348,6.355768,3.8067033
569,864691135293096118,train,NglFam,NglFam,5.24767,9.182607,3.6390584
98,864691135359413848,train,BipFam,BipFam,5.101635,5.928668,2.7829747
394,864691135774179147,train,L2IT,pyramidal,5.098588,7.3450046,0.9408313
3986,864691135725779883,train,BasketFam,BasketFam,7.137431,9.804924,3.1931958
642,864691134887444986,test,NglFam,NglFam,4.1522727,4.95576,3.6732228
287,864691136380718037,train,L6IT,pyramidal,6.2121115,8.901798,4.4162
132,864691135389004929,train,BasketFam,BasketFam,2.5833805,5.927339,6.322959
342,864691135464633245,train,L6IT,pyramidal,6.702853,9.606897,3.5221226
7714,864691135477104960,train,thalamocortical,thalamocortical,2.1193256,7.002168,2.8491302
3065,864691135569282284,train,MartFam,MartFam,2.3176298,5.7127514,2.6577559
3103,864691135294194358,train,thalamocortical,thalamocortical,3.8241403,7.0756226,1.2193732
2658,864691136288755395,train,thalamocortical,thalamocortical,4.2599335,5.4922256,3.7025168
473,864691135685030130,train,thalamocortical,thalamocortical,4.1178117,7.932226,2.2548046
3582,864691136814345075,train,MartFam,MartFam,4.1540575,4.5489173,2.6596596
537,864691135448017554,train,BasketFam,BasketFam,2.2079499,6.8861456,4.443994
4582,864691136123919654,train,BasketFam,BasketFam,2.7812176,6.125711,6.0963936
1052,864691135106309709,train,NglFam,NglFam,7.239467,9.833322,2.699904
344,864691136239793212,test,NglFam,NglFam,7.2741,9.939211,2.4337142
3328,864691136007059658,test,BipFam,BipFam,5.6106095,6.884188,1.6568483
2712,864691135387551061,train,BasketFam,BasketFam,1.8942121,4.64921,5.885987
1360,864691136372954248,test,NglFam,NglFam,3.4849007,4.6263156,1.1826905
2575,864691136288755395,train,thalamocortical,thalamocortical,1.7927747,7.364242,2.3834856
2712,864691135997428394,test,thalamocortical,thalamocortical,3.848437,6.45118,3.4574697
3140,864691135478434216,train,BasketFam,BasketFam,2.4264681,4.771749,6.332134
5105,864691137056216950,train,MartFam,MartFam,2.1829515,4.7535243,2.1463277
3698,864691135584068717,train,BasketFam,BasketFam,2.1238542,4.9949064,6.281101
1652,864691135755605197,train,thalamocortical,thalamocortical,2.9000134,7.1342463,1.6082795
3446,864691136053350131,test,thalamocortical,thalamocortical,2.7669063,7.19147,0.79791373
5259,864691135703016059,train,MartFam,MartFam,4.476539,4.4451723,0.88298917
2731,864691135782873936,test,thalamocortical,thalamocortical,4.025176,8.161256,3.5664868
1078,864691135431441968,train,thalamocortical,thalamocortical,2.683626,7.1305237,1.0398017
44,864691137022180974,test,MartFam,MartFam,2.8846836,8.755927,3.9624588
981,864691136580010516,test,MartFam,MartFam,3.8354633,4.4503307,0.66515064
2197,864691135212863360,train,MartFam,MartFam,7.5053177,3.6550665,2.088491
613,864691136273370302,train,NglFam,NglFam,6.256831,7.657022,1.0365565
207,864691135742677867,train,BipFam,BipFam,5.249281,7.33426,1.4766554
381,864691136975332380,train,L4IT,pyramidal,6.3212934,6.9961267,1.6094211
545,864691136196969548,train,L2IT,pyramidal,7.931809,5.3694544,2.7989933
430,864691136145572404,train,BipFam,BipFam,3.9034965,5.708878,2.9609418
2195,864691136007059658,test,BipFam,BipFam,3.8820248,5.7929797,3.056958
1306,864691135778081453,train,thalamocortical,thalamocortical,1.5483611,6.727283,2.4310546
305,864691135303514791,train,NglFam,NglFam,7.441782,3.5460143,2.070279
3051,864691136007059658,test,BipFam,BipFam,3.8918366,5.2195973,1.6786692
970,864691135810297885,train,BipFam,BipFam,7.188934,8.067136,2.7132103
38,864691135578103301,train,L2IT,pyramidal,6.243927,6.9287543,1.7029506
560,864691136007128778,test,MartFam,MartFam,4.9924707,4.988104,2.0563657
522,864691135995711402,train,BipFam,BipFam,4.3362913,5.257712,2.991474
3736,864691135739131780,train,MartFam,MartFam,5.041855,9.293822,4.538267
742,864691135920571056,test,L4IT,pyramidal,4.79541,8.309662,4.0673923
993,864691135343601093,train,BasketFam,BasketFam,2.929815,5.8364663,6.5970726
1145,864691135997140906,train,BipFam,BipFam,6.238334,7.549647,2.4718254
427,864691135756844242,test,MartFam,MartFam,4.1020722,4.502302,0.47780928
723,864691136372954248,test,NglFam,NglFam,1.9454595,6.27808,2.803209
431,864691136524282001,train,NglFam,NglFam,3.5431168,4.7148833,2.4067771
4527,864691135477104960,train,thalamocortical,thalamocortical,3.3634145,6.808392,1.3893034
7275,864691135477104960,train,thalamocortical,thalamocortical,4.025789,6.3180337,1.283762
80,864691134942595939,train,BasketFam,BasketFam,3.609067,6.7650566,6.4302936
217,864691134941495395,train,L4IT,pyramidal,6.5067654,8.407314,1.8670934
206,864691135430004016,train,L4IT,pyramidal,7.126636,9.253935,3.986689
565,864691135741874836,test,L2IT,pyramidal,7.015869,6.9038634,2.5807676
11695,864691135779780797,test,MartFam,MartFam,4.9893594,6.2902327,0.8721541
87,864691135858273326,train,L4IT,pyramidal,3.7818673,6.804906,2.5331745
1443,864691136372954248,test,NglFam,NglFam,1.6551771,5.8250113,3.9665618
6746,864691135456535658,train,MartFam,MartFam,3.3925154,4.420963,0.84041005
1311,864691135618332265,train,BasketFam,BasketFam,1.6892462,7.589718,5.6273565
983,864691134886037498,train,MartFam,MartFam,1.5443734,6.5941205,3.5310907
2072,864691136013367715,test,L3IT,pyramidal,6.300288,6.433395,3.9297578
1114,864691135997140906,train,BipFam,BipFam,5.997782,8.408103,2.8960218
132,864691135941886118,train,BipFam,BipFam,2.4376757,7.5617857,2.7538595
2757,864691136007059658,test,BipFam,BipFam,6.779394,7.1339936,3.9898415
574,864691136137210507,train,BipFam,BipFam,5.447334,6.8517127,2.4892936
2003,864691135447888274,train,BasketFam,BasketFam,2.9968905,5.8587327,5.957183
4717,864691136268801012,test,BasketFam,BasketFam,2.45879,7.628713,5.641807
451,864691136273370302,train,NglFam,NglFam,5.974718,8.400729,4.9294143
656,864691135801604706,train,L3IT,pyramidal,5.6534,6.5622125,2.4124773
1440,864691136145572404,train,BipFam,BipFam,3.8512404,5.625712,3.0765018
246,864691135693735103,train,NglFam,NglFam,6.1005425,8.404354,5.002166
1631,864691135431441968,train,thalamocortical,thalamocortical,4.057402,7.124914,2.38494
3249,864691135689015264,train,thalamocortical,thalamocortical,2.690732,7.808679,3.5925846
568,864691135546902056,train,L3IT,pyramidal,6.0167546,6.4309335,3.356704
277,864691136090632503,train,L5IT,pyramidal,6.7921968,8.937193,3.6604512
4,864691136033871035,train,thalamocortical,thalamocortical,3.4985118,6.2832046,2.45829
123,864691135303514791,train,NglFam,NglFam,4.8161163,7.197675,4.1093364
180,864691135271343525,train,BipFam,BipFam,6.78297,5.123247,2.2491984
4830,864691135518791818,train,BasketFam,BasketFam,3.467525,6.825508,6.4807577
1813,864691135778290109,train,BasketFam,BasketFam,3.1361372,6.4041243,5.8717847
2164,864691135659538306,train,thalamocortical,thalamocortical,4.5662637,6.877433,0.94032824
2835,864691136445968259,train,BasketFam,BasketFam,2.5994866,5.2139316,6.4481945
5248,864691135362357319,train,BasketFam,BasketFam,2.2061188,6.4072385,4.590195
490,864691135349839831,train,L3IT,pyramidal,5.5558014,6.31069,2.5669212
410,864691136391024144,train,NglFam,NglFam,4.709019,5.4287295,2.498832
5974,864691135384716762,train,MartFam,MartFam,2.3648582,5.1177683,1.8244
2957,864691135689296608,train,BasketFam,BasketFam,1.0662552,5.3191967,5.3221755
502,864691134887444986,test,NglFam,NglFam,6.832897,4.279306,2.3916261
792,864691134887444986,test,NglFam,NglFam,3.2259812,4.9999766,3.116066
9229,864691136580010516,test,MartFam,MartFam,6.398356,7.6231985,4.8510103
2,864691136438410654,train,BipFam,BipFam,6.683366,8.531823,4.1852045
440,864691135478316200,train,L4IT,pyramidal,7.336836,8.953566,2.3617082
169,864691135059845275,train,L4IT,pyramidal,3.9242582,6.731674,2.6241643
14,864691135853090503,test,BasketFam,BasketFam,3.3694644,5.14608,6.022658
3168,864691135387529301,test,BasketFam,BasketFam,1.9265655,6.8581758,5.4263897
128,864691136372954248,test,NglFam,NglFam,2.4798148,5.036303,2.281944
383,864691136033332155,train,L4IT,pyramidal,2.3451502,7.9660306,2.9578826
75,864691135732210873,train,L3IT,pyramidal,6.154361,7.6786566,1.3081658
242,864691136914445809,train,L2IT,pyramidal,4.764465,8.388011,3.9071925
1735,864691135464991645,train,thalamocortical,thalamocortical,2.9982336,7.3646884,0.9019915
1084,864691135997428394,test,thalamocortical,thalamocortical,4.0940585,5.301489,3.0709229
1445,864691135503782210,test,BipFam,BipFam,5.5537157,7.352758,1.1762263
485,864691135528193883,test,BipFam,BipFam,6.039079,8.234645,4.621118
348,864691135885663600,train,L5NP,pyramidal,3.475197,8.372428,3.7492828
25,864691135703016059,train,MartFam,MartFam,3.3142676,5.9242067,1.902413
716,864691135341516741,test,MartFam,MartFam,5.7052526,7.3714824,3.7170382
602,864691136086632812,train,NglFam,NglFam,7.736145,3.774463,2.283996
70,864691135305383591,train,NglFam,NglFam,7.9234505,5.3386865,2.876439
637,864691136239793212,test,NglFam,NglFam,6.9734836,8.78253,2.5808892
455,864691135520105354,test,L3IT,pyramidal,5.484391,9.572294,4.4202175
2674,864691135294194358,train,thalamocortical,thalamocortical,2.0189676,8.022793,4.1044555
3230,864691135741889940,train,BasketFam,BasketFam,3.3611052,5.4009404,6.1743827
5729,864691135592837899,train,BasketFam,BasketFam,5.9084,9.52615,3.0014398
1307,864691135920776624,train,MartFam,MartFam,3.1374917,7.758647,3.807222
64,864691135132887456,test,NglFam,NglFam,7.3558607,6.4438972,2.8569615
9,864691135587758716,train,L3IT,pyramidal,6.9185305,8.594858,1.5482906
4591,864691136288755395,train,thalamocortical,thalamocortical,2.7267816,7.429456,3.152418
61,864691136086632812,train,NglFam,NglFam,4.6952257,5.025522,1.6856322
5564,864691135689015264,train,thalamocortical,thalamocortical,3.9774027,6.7630496,1.038801
151,864691135616235979,train,BipFam,BipFam,5.4545846,8.816746,4.4628043
1360,864691135571546917,train,MartFam,MartFam,2.6644359,5.7759347,2.1457157
308,864691135689015264,train,thalamocortical,thalamocortical,2.195624,8.07951,2.91424
1693,864691136211068860,train,BasketFam,BasketFam,1.8119137,5.171647,5.352396
7322,864691136914542577,train,MartFam,MartFam,1.2088193,6.486028,3.7024634
3233,864691136524014993,train,BasketFam,BasketFam,2.0311313,6.8312545,5.3478217
429,864691135686283703,train,L4IT,pyramidal,4.6946077,8.294124,3.4583476
613,864691136086632812,train,NglFam,NglFam,4.801999,4.210595,0.8993924
4096,864691137056216950,train,MartFam,MartFam,4.582669,6.046044,3.601837
2728,864691135492600167,train,BasketFam,BasketFam,3.0095987,5.717645,5.9716196
1305,864691135782873936,test,thalamocortical,thalamocortical,5.860527,6.564519,2.807518
3651,864691135464991645,train,thalamocortical,thalamocortical,3.7024765,6.1830697,1.5814233
308,864691135587758716,train,L3IT,pyramidal,4.5267797,7.194236,1.0883598
3027,864691135343506885,train,BipFam,BipFam,5.733518,6.7949095,1.5428361
3980,864691135124690471,train,BasketFam,BasketFam,1.496433,6.6147027,5.563909
72,864691135618339945,test,BipFam,BipFam,4.375145,9.63422,4.761547
7071,864691136595955362,train,MartFam,MartFam,3.2572646,5.965971,3.0869963
635,864691135689555680,train,NglFam,NglFam,5.9807453,5.8484645,2.3938522
846,864691136372954248,test,NglFam,NglFam,3.125113,7.513623,3.7981453
621,864691135689555680,train,NglFam,NglFam,7.582733,5.0291505,2.4564588
167,864691135763362102,test,L4IT,pyramidal,7.3180966,5.0838337,2.626031
681,864691134887444986,test,NglFam,NglFam,6.043928,6.368593,2.479737
173,864691136524282001,train,NglFam,NglFam,4.647751,4.908844,2.5493028
389,864691136138756221,train,BipFam,BipFam,5.731833,7.360068,1.2504338
1424,864691135343601093,train,BasketFam,BasketFam,3.9859037,5.8443494,5.0314717
572,864691135726077611,train,L4IT,pyramidal,5.771449,8.718603,3.5795808
1175,864691134989909114,test,MartFam,MartFam,2.0701458,7.50442,2.4567473
760,864691135689555680,train,NglFam,NglFam,4.225899,5.1947474,2.692762
334,864691135470860370,test,BipFam,BipFam,6.8622065,8.978857,1.9295936
7,864691135990564864,train,NglFam,NglFam,7.325847,3.2754798,2.142558
2193,864691136452920319,train,BasketFam,BasketFam,1.9092739,6.646405,6.047125
1250,864691135997428394,test,thalamocortical,thalamocortical,2.1333725,6.0097356,4.419934
3107,864691135571546917,train,MartFam,MartFam,2.391105,7.5030746,3.788616
2337,864691136523971473,train,BipFam,BipFam,6.261091,8.138085,1.4078671
303,864691136108370905,train,BipFam,BipFam,2.0881565,6.795574,2.449249
905,864691136967478222,train,L5IT,pyramidal,5.711571,7.6114597,2.6474817
523,864691136239793212,test,NglFam,NglFam,5.2187653,9.274804,4.231343
3852,864691135997140906,train,BipFam,BipFam,3.54186,6.594868,3.5150356
536,864691136138756221,train,BipFam,BipFam,6.7523713,8.673098,2.1256845
94,864691136311381338,train,L4IT,pyramidal,5.4100256,8.919351,4.153757
2753,864691135782873936,test,thalamocortical,thalamocortical,3.8946671,6.746703,1.2226022
320,864691135447888274,train,BasketFam,BasketFam,3.41929,6.38339,6.4320097
2690,864691135990520064,train,BasketFam,BasketFam,3.9520814,6.687703,1.3237083
4578,864691135196475434,train,MartFam,MartFam,3.0281498,4.830688,2.0753589
4094,864691135477104960,train,thalamocortical,thalamocortical,2.2032912,6.815848,2.6181417
2177,864691135134565280,train,BasketFam,BasketFam,4.597242,8.2713175,4.3506117
955,864691135778081453,train,thalamocortical,thalamocortical,0.9239567,6.9233165,2.5541553
2155,864691135210446457,train,MartFam,MartFam,4.7716026,7.5249014,2.1250362
2902,864691135499752723,train,BasketFam,BasketFam,2.5559194,5.2194395,6.267522
4917,864691135388984961,train,BasketFam,BasketFam,3.5113363,6.556411,5.5676885
2386,864691135732257721,train,BasketFam,BasketFam,2.6219952,5.7548027,5.274937
2054,864691135720572977,train,MartFam,MartFam,4.4934855,5.376375,1.0124589
319,864691136119885080,train,L3IT,pyramidal,7.307562,7.997446,2.2190573
57,864691135756319186,train,L4IT,pyramidal,7.5007467,5.762488,3.0433116
448,864691136927366986,train,thalamocortical,thalamocortical,5.5320306,7.4107533,1.4067245
274,864691135303514791,train,NglFam,NglFam,7.346107,3.6851478,2.5071588
1818,864691136312076122,train,MartFam,MartFam,5.9445486,7.570061,4.733331
5459,864691135689015264,train,thalamocortical,thalamocortical,2.301903,7.837205,3.7619097
11046,864691135858282030,train,MartFam,MartFam,2.9168017,4.493675,0.981964
8631,864691135456535658,train,MartFam,MartFam,4.8271403,5.5469885,0.9176225
2672,864691136288755395,train,thalamocortical,thalamocortical,2.2217607,7.9298787,2.86818
2303,864691137056216950,train,MartFam,MartFam,2.5827813,4.690737,1.6066345
412,864691135591664907,train,L4IT,pyramidal,5.6288843,7.5552726,3.1916559
161,864691135886208112,train,L3IT,pyramidal,5.0948515,8.909143,4.327679
124,864691135470235986,train,BipFam,BipFam,4.0284095,9.580186,5.21688
3733,864691135571440006,train,MartFam,MartFam,5.0907803,5.988712,2.93234
147,864691135941886118,train,BipFam,BipFam,6.6950684,6.968946,2.7745235
1336,864691135342958789,train,L4IT,pyramidal,6.596358,6.8708506,1.4213798
202,864691136086632812,train,NglFam,NglFam,4.6206594,4.1073666,0.84188545
424,864691135741458324,train,L2IT,pyramidal,5.6574664,6.544233,1.33853
3516,864691136067404440,test,MartFam,MartFam,3.4879196,4.393903,0.735777
10828,864691135346954143,train,MartFam,MartFam,1.8961396,5.1812253,2.2923675
720,864691134887444986,test,NglFam,NglFam,3.1074808,5.082801,3.0238895
1837,864691135778081453,train,thalamocortical,thalamocortical,2.234779,8.154494,3.228092
7142,864691135477104960,train,thalamocortical,thalamocortical,3.3007355,7.2769394,0.8910389
246,864691135868386070,train,L4IT,pyramidal,6.4931726,8.40281,1.8574619
1126,864691136137064075,train,BipFam,BipFam,5.669335,7.280486,2.676961
33,864691135106309709,train,NglFam,NglFam,5.3641086,7.8014855,3.7356796
5460,864691135875919502,test,MartFam,MartFam,2.5496013,4.24925,1.1450835
156,864691135990564864,train,NglFam,NglFam,4.298564,4.7336903,2.2828686
777,864691135994158785,test,MartFam,MartFam,5.6610894,6.967362,0.97728866
147,864691136145208372,test,L6IT,pyramidal,3.5762568,8.999124,4.9177723
5457,864691136006393034,train,MartFam,MartFam,2.9433007,6.118221,3.0126846
7651,864691135210446457,train,MartFam,MartFam,4.666,5.3607683,0.7545026
8,864691136239793212,test,NglFam,NglFam,6.030768,8.459271,4.898386
1771,864691135997428394,test,thalamocortical,thalamocortical,4.1799574,5.6935267,4.33686
436,864691136125433894,train,L3IT,pyramidal,5.665544,8.823727,4.1743426
408,864691136311529306,train,L4IT,pyramidal,4.7989135,7.7825894,3.6551297
1607,864691135341516741,test,MartFam,MartFam,7.664837,5.0208087,2.4334712
359,864691135102433056,test,L4IT,pyramidal,5.184268,8.580113,3.581167
1189,864691135783317840,train,thalamocortical,thalamocortical,3.0113328,8.5722885,3.6178703
2856,864691135755605197,train,thalamocortical,thalamocortical,0.80448467,7.0134635,2.790311
5211,864691136007059658,test,BipFam,BipFam,4.468627,5.4864745,0.6283993
6497,864691135779780797,test,MartFam,MartFam,5.3211823,4.544665,0.9966897
66,864691135591726603,train,L4IT,pyramidal,6.3938255,8.403406,4.650135
118,864691136523628945,train,L6IT,pyramidal,4.416288,9.444205,4.6480427
400,864691135214970752,train,BipFam,BipFam,4.24723,7.2313466,3.3677235
865,864691135717457946,test,L4IT,pyramidal,6.1964655,8.791302,2.4890528
356,864691135106309709,train,NglFam,NglFam,7.144779,9.807088,2.3919568
11,864691135779377341,train,L4IT,pyramidal,5.5768886,8.659922,3.9947627
1695,864691136523971473,train,BipFam,BipFam,4.5283356,5.1479535,3.4178917
4447,864691135997140906,train,BipFam,BipFam,3.986664,7.572143,3.197105
3889,864691136007059658,test,BipFam,BipFam,4.0327897,4.5857058,2.0564725
278,864691135585989240,train,BasketFam,BasketFam,0.8806406,5.865462,4.8172994
1009,864691135106309709,train,NglFam,NglFam,7.273168,9.076234,3.2071524
5823,864691135499765267,train,MartFam,MartFam,3.2220175,4.659553,1.0443019
146,864691135106189901,test,BasketFam,BasketFam,1.8484675,7.9045024,5.631166
3745,864691135346954143,train,MartFam,MartFam,3.639002,5.600551,1.2146633
2772,864691136042989910,test,BasketFam,BasketFam,1.7311656,5.770947,5.6561546
189,864691136034412219,train,MartFam,MartFam,6.790446,3.7474418,2.5816002
5031,864691135939776309,train,MartFam,MartFam,5.6874194,3.8367183,1.6321287
1770,864691135878407251,train,BasketFam,BasketFam,3.3221648,5.877544,6.393945
3024,864691136053350131,test,thalamocortical,thalamocortical,2.6861258,7.629075,3.6839871
568,864691136195284556,train,MartFam,MartFam,3.94993,7.0347633,3.4800613
107,864691135693735103,train,NglFam,NglFam,7.0070558,10.013269,2.302819
332,864691136010639022,train,L3IT,pyramidal,6.493932,8.043879,3.9383433
878,864691135689555680,train,NglFam,NglFam,6.074718,5.5968676,2.3547018
904,864691136313406781,test,L4IT,pyramidal,4.560831,9.007241,3.9731605
605,864691136274546622,train,L4IT,pyramidal,5.6074867,9.020597,3.9359062
50,864691135271343525,train,BipFam,BipFam,2.8383338,4.7367134,6.1033
35,864691136372954248,test,NglFam,NglFam,3.457933,5.1830525,2.8711205
492,864691135810297885,train,BipFam,BipFam,4.1274443,6.3166375,4.9606714
279,864691136391024144,train,NglFam,NglFam,4.8103504,4.4616675,0.8686177
6431,864691136311213914,test,BasketFam,BasketFam,2.1783838,6.182097,5.408256
39,864691135303514791,train,NglFam,NglFam,6.9476523,3.2537274,2.2232833
5822,864691135689015264,train,thalamocortical,thalamocortical,3.92708,6.768908,1.1571087
2609,864691135755605197,train,thalamocortical,thalamocortical,2.9493954,6.5995717,0.8852963
17,864691136336204979,train,NglFam,NglFam,7.712352,3.7415414,2.3840232
483,864691135576991518,train,L4IT,pyramidal,5.8111725,8.4854965,3.3078837
8580,864691135480702662,train,MartFam,MartFam,1.9318649,5.1769795,2.5758014
1602,864691135431441968,train,thalamocortical,thalamocortical,3.7260802,7.1043477,3.6131015
1494,864691136372954248,test,NglFam,NglFam,4.829756,4.427607,1.5984644
2508,864691135685030130,train,thalamocortical,thalamocortical,2.109592,6.603047,2.3767092
174,864691134990847098,train,BasketFam,BasketFam,3.5261931,6.6110168,4.5566998
339,864691136391024144,train,NglFam,NglFam,3.2684116,7.5571446,3.5918877
637,864691136052101363,train,BipFam,BipFam,5.8451056,7.122053,4.7764616
3264,864691135997140906,train,BipFam,BipFam,7.2522793,8.298383,3.3493564
629,864691136596901026,train,L4IT,pyramidal,4.04891,7.2699747,3.1063905
256,864691136391024144,train,NglFam,NglFam,4.1744776,5.1480403,0.67348516
326,864691135520105354,test,L3IT,pyramidal,4.1337175,6.5818825,2.719156
862,864691135293605558,train,L4IT,pyramidal,2.667513,6.232653,2.3315303
0,864691135656674242,train,L5IT,pyramidal,1.4431034,6.754704,2.4543226
3677,864691135477104960,train,thalamocortical,thalamocortical,2.2520034,8.163082,2.9892044
3327,864691136033871035,train,thalamocortical,thalamocortical,1.5912113,6.673608,3.7464347
34,864691135305383591,train,NglFam,NglFam,4.5997744,7.25135,3.7141035
511,864691135763795510,test,L4IT,pyramidal,4.0641713,7.4628344,2.874866
292,864691135765006134,train,L4IT,pyramidal,6.4066296,6.719001,2.690816
659,864691135474086450,train,BasketFam,BasketFam,2.5915651,8.405879,4.7824063
241,864691136273370302,train,NglFam,NglFam,6.292848,8.424821,4.8475213
5386,864691135941898918,train,MartFam,MartFam,4.0527472,5.25035,1.1479644
23,864691135464671550,train,L2IT,pyramidal,8.003755,5.3073864,2.8494399
5242,864691135343509701,train,MartFam,MartFam,4.3687983,6.788085,3.917462
6425,864691135456535658,train,MartFam,MartFam,4.43763,4.562422,0.6632309
2433,864691136392806271,train,BasketFam,BasketFam,2.906494,5.087199,6.5066643
281,864691135778618029,train,BipFam,BipFam,4.2147813,6.483305,2.4062452
729,864691135477104960,train,thalamocortical,thalamocortical,2.2321565,6.760365,2.4729438
581,864691135764678198,test,MartFam,MartFam,7.3472533,5.406767,2.4800954
273,864691135990672896,train,MartFam,MartFam,6.348242,9.001617,1.5026695
1604,864691135404765166,train,MartFam,MartFam,3.1462803,4.7233768,1.0622916
779,864691135570303724,test,L4IT,pyramidal,6.4798355,7.3600073,1.6642603
634,864691135106309709,train,NglFam,NglFam,6.822159,9.650634,1.6088798
521,864691135361291591,train,MartFam,MartFam,5.342986,7.417426,1.6966151
8606,864691135756844242,test,MartFam,MartFam,6.270423,6.513312,1.7672821
40,864691135106309709,train,NglFam,NglFam,7.2035875,9.895065,2.197836
513,864691136238679567,test,L3IT,pyramidal,6.532703,6.6364183,4.022429
1961,864691135119335645,train,thalamocortical,thalamocortical,2.571582,6.4814243,2.4944403
4461,864691136011733934,train,MartFam,MartFam,2.6392624,5.3887715,2.1530507
533,864691135941789606,train,BasketFam,BasketFam,3.5679238,6.162946,5.9860754
397,864691136086632812,train,NglFam,NglFam,5.8336678,6.2669067,2.3651755
483,864691136091233847,train,thalamocortical,thalamocortical,3.3836405,6.536168,1.1216731
3203,864691135478434216,train,BasketFam,BasketFam,1.5930121,5.8600483,5.4350386
544,864691135685030130,train,thalamocortical,thalamocortical,3.9262204,5.9153414,1.9604634
258,864691135258563503,train,L4IT,pyramidal,7.8161254,7.2858195,3.14058
250,864691136006493898,test,L4IT,pyramidal,6.965565,8.83398,1.8256723
455,864691135562780385,train,L2IT,pyramidal,7.1639533,9.131632,1.844604
2151,864691136007059658,test,BipFam,BipFam,5.002481,7.9596214,2.3874252
127,864691136425681967,train,L4IT,pyramidal,6.9313793,4.0730143,3.0318515
7,864691136125840678,test,L6CT,pyramidal,6.0438876,7.969317,1.0955212
325,864691135571440006,train,MartFam,MartFam,7.359349,3.2731268,2.0520551
1656,864691135562950369,train,BipFam,BipFam,3.7119107,6.514316,3.5736856
475,864691136438372254,train,BipFam,BipFam,6.0197406,6.009508,2.195038
318,864691135470255698,train,thalamocortical,thalamocortical,4.251657,8.172989,3.9222205
8853,864691135271967397,train,MartFam,MartFam,1.24159,5.677808,2.2016072
1952,864691135755605197,train,thalamocortical,thalamocortical,3.5333362,7.763993,3.0215259
1642,864691135764890678,train,MartFam,MartFam,7.3009777,3.290327,2.0618148
2753,864691135878586963,test,thalamocortical,thalamocortical,2.6935241,6.5005693,2.1612
1933,864691135477104960,train,thalamocortical,thalamocortical,2.569016,6.994663,1.3459946
861,864691135561699041,train,MartFam,MartFam,4.6388187,5.895498,1.992751
1041,864691135343506885,train,BipFam,BipFam,6.5751796,7.0248203,1.8185929
376,864691135398762529,train,BipFam,BipFam,3.6297524,8.8323145,4.7651553
172,864691135840033171,train,NglFam,NglFam,5.564224,5.00577,1.5165728
77,864691136336204979,train,NglFam,NglFam,5.2537785,4.546357,1.0611532
39,864691135389004929,train,BasketFam,BasketFam,3.1167448,7.2594657,5.679505
65,864691136239793212,test,NglFam,NglFam,5.987486,7.411387,0.98383904
1248,864691135447979922,train,BipFam,BipFam,5.2281137,5.544113,1.0753442
5230,864691136312445786,train,BasketFam,BasketFam,2.1358416,5.1752706,6.0526223
189,864691136135963787,train,L3IT,pyramidal,7.0285244,7.8683214,3.4478567
6576,864691136390905207,train,MartFam,MartFam,2.2135625,5.80085,2.3645318
301,864691136905203378,test,L4IT,pyramidal,7.5330114,8.907075,2.6897097
131,864691135717271834,test,L4IT,pyramidal,6.5895534,7.896043,2.577718
4821,864691136390675216,train,BasketFam,BasketFam,3.5020628,5.1842575,5.836952
1793,864691136390675216,train,BasketFam,BasketFam,5.8394184,7.0355277,2.074574
2490,864691136007128778,test,MartFam,MartFam,4.679221,6.346057,1.4594417
399,864691135499752723,train,BasketFam,BasketFam,1.529552,6.359433,5.4747725
1083,864691136288755395,train,thalamocortical,thalamocortical,2.554968,7.4973364,2.630593
4158,864691136391023120,train,BasketFam,BasketFam,3.584652,6.305155,5.288246
3009,864691135928029966,train,thalamocortical,thalamocortical,5.59562,6.083686,2.7761497
223,864691136391024144,train,NglFam,NglFam,3.8121197,4.618873,1.5141267
2815,864691135343506885,train,BipFam,BipFam,6.04017,6.089163,2.0920477
6292,864691135362357319,train,BasketFam,BasketFam,1.3662672,5.5659237,5.162085
726,864691135997140906,train,BipFam,BipFam,6.723118,4.844864,2.454566
3685,864691135703016059,train,MartFam,MartFam,2.92495,5.75156,1.8438165
941,864691136058745048,train,L4IT,pyramidal,2.2527452,6.346618,2.5308967
659,864691135106309709,train,NglFam,NglFam,6.8629317,9.5313425,3.1012528
166,864691136239793212,test,NglFam,NglFam,6.7205725,9.27381,1.5073674
484,864691135106309709,train,NglFam,NglFam,6.2082644,8.333499,5.0178237
497,864691135685030130,train,thalamocortical,thalamocortical,4.540424,7.2035737,1.1841053
260,864691135106309709,train,NglFam,NglFam,6.8844604,8.98765,2.8041317
6778,864691135756844242,test,MartFam,MartFam,5.8954763,3.9850535,1.7377579
803,864691136145537844,train,BipFam,BipFam,4.3157635,6.712223,0.84797734
483,864691136125440038,train,L4IT,pyramidal,7.3126287,5.40827,2.499137
868,864691136579408916,test,L4IT,pyramidal,7.8937964,6.0353923,2.8307922
62,864691135132887456,test,NglFam,NglFam,7.4924517,3.9759066,2.6069403
92,864691136336204979,train,NglFam,NglFam,7.0244856,3.3064225,2.257045
269,864691135689555680,train,NglFam,NglFam,7.219231,5.0409074,2.6214437
2138,864691135571356038,test,MartFam,MartFam,3.7529712,4.6704698,1.0583596
955,864691136484972332,train,L3IT,pyramidal,3.040838,6.7589793,2.8563204
254,864691135839999379,train,BipFam,BipFam,7.3158665,5.1182923,2.6950078
4405,864691135689015264,train,thalamocortical,thalamocortical,1.5443827,6.764489,2.7974162
693,864691136137210507,train,BipFam,BipFam,3.03159,6.8935757,2.6447248
98,864691135567047191,train,L3IT,pyramidal,3.107571,5.47293,2.0151856
643,864691135772774651,test,MartFam,MartFam,3.3600829,4.791621,3.0276017
860,864691135470860370,test,BipFam,BipFam,3.8962035,7.159058,1.8997375
564,864691136033871035,train,thalamocortical,thalamocortical,4.6150827,5.6715374,3.6290128
371,864691136381353685,train,L3IT,pyramidal,6.2551513,7.682578,1.2996526
2928,864691135464991645,train,thalamocortical,thalamocortical,2.130341,6.5044613,2.65
2851,864691135703016059,train,MartFam,MartFam,4.265578,4.9008603,0.38024342
2135,864691135398746401,train,MartFam,MartFam,2.560576,4.27127,1.1732103
2776,864691135783317840,train,thalamocortical,thalamocortical,1.4695524,6.7682,2.409599
114,864691135082864887,test,L5IT,pyramidal,5.1531463,7.675522,3.7942002
891,864691135106309709,train,NglFam,NglFam,6.8858323,9.714227,3.2055867
2094,864691135997428394,test,thalamocortical,thalamocortical,3.5301697,6.4889083,1.3786412
3476,864691135778081453,train,thalamocortical,thalamocortical,2.3991494,7.1244206,1.0782572
3561,864691135373601736,train,BasketFam,BasketFam,2.476562,8.225723,5.780517
75,864691136025504569,train,L4IT,pyramidal,3.1715777,6.2419596,2.367184
289,864691135778187360,train,L4IT,pyramidal,4.9198875,7.8876166,3.8621857
2459,864691135387277397,test,thalamocortical,thalamocortical,4.661444,7.006087,1.036034
5023,864691135294194358,train,thalamocortical,thalamocortical,6.50465,7.0046325,2.556415
5270,864691135470255698,train,thalamocortical,thalamocortical,2.9048748,7.22747,2.0539706
4335,864691135755605197,train,thalamocortical,thalamocortical,2.5887334,7.527044,2.5619688
3741,864691135456535658,train,MartFam,MartFam,3.6794932,9.034939,4.8837547
2653,864691136523889553,train,BasketFam,BasketFam,2.3743129,4.9212356,6.3684206
1782,864691135782873936,test,thalamocortical,thalamocortical,3.6822627,6.8566356,3.4106188
28,864691135764644150,train,BipFam,BipFam,5.9180183,6.7858644,1.6697966
1816,864691135742895723,test,BipFam,BipFam,1.6085848,6.0555577,4.8654165
3947,864691136390675216,train,BasketFam,BasketFam,3.6046638,4.2034593,2.37396
235,864691136391024144,train,NglFam,NglFam,2.4458008,5.350623,2.3292255
154,864691135778811325,train,L2IT,pyramidal,5.306612,8.964506,4.5588055
5788,864691135941898918,train,MartFam,MartFam,4.623214,6.0456223,1.17028
6697,864691136390675216,train,BasketFam,BasketFam,1.8317871,5.8070416,4.4971676
1655,864691135343506885,train,BipFam,BipFam,4.914304,4.9183674,1.8813726
3320,864691135562001633,train,MartFam,MartFam,2.3260875,5.072715,6.2718625
767,864691135689015264,train,thalamocortical,thalamocortical,4.015023,7.2137814,2.0808585
851,864691135774221643,train,MartFam,MartFam,2.605297,4.7670994,1.3010949
327,864691135778187360,train,L4IT,pyramidal,6.816291,7.377959,1.8595972
471,864691136091233847,train,thalamocortical,thalamocortical,1.6284233,6.6891966,2.4043999
1290,864691135866821340,train,thalamocortical,thalamocortical,3.4798713,6.5652847,1.4944117
467,864691136137210507,train,BipFam,BipFam,4.8281994,5.9355326,2.1201327
465,864691136274655166,train,L4IT,pyramidal,6.0283685,7.1276636,1.0924393
9059,864691136914542577,train,MartFam,MartFam,4.260987,4.6921415,0.5035031
606,864691135470860370,test,BipFam,BipFam,6.5507956,9.367314,1.6673884
419,864691136239793212,test,NglFam,NglFam,6.371607,7.7842894,1.179447
421,864691135447979922,train,BipFam,BipFam,6.4618607,6.359842,3.7998998
477,864691136110765496,train,MartFam,MartFam,3.042173,7.8682237,3.7917213
12,864691134989909114,test,MartFam,MartFam,4.047852,7.6496534,3.2928615
48,864691136336204979,train,NglFam,NglFam,4.023,7.4146276,3.076191
307,864691135456207722,train,L5ET,pyramidal,6.82375,8.583511,3.1460464
58,864691136034084795,train,L3IT,pyramidal,7.5522413,4.987176,2.57552
384,864691136991606421,train,L4IT,pyramidal,6.955433,9.401014,3.3936656
4725,864691136007059658,test,BipFam,BipFam,5.317755,5.463303,1.128116
2586,864691135566825495,train,BasketFam,BasketFam,3.0971985,7.150647,5.5207567
744,864691135271343525,train,BipFam,BipFam,4.0680065,6.018196,1.4321012
74,864691136210847932,test,L4IT,pyramidal,2.6514862,7.3874288,2.622039
2123,864691135990793216,train,MartFam,MartFam,2.9092448,6.1139855,2.426487
5867,864691135703016059,train,MartFam,MartFam,3.9209828,4.570354,0.5960451
4406,864691135373601736,train,BasketFam,BasketFam,1.8438162,7.708701,5.432594
1382,864691135499765267,train,MartFam,MartFam,3.3538625,4.4000115,1.1953163
736,864691136372954248,test,NglFam,NglFam,3.6448634,6.955151,2.8133588
441,864691135527555163,train,L4IT,pyramidal,5.9404798,7.17973,1.9806281
2510,864691135212863360,train,MartFam,MartFam,4.6364093,4.983325,3.1534445
8418,864691135346954143,train,MartFam,MartFam,2.1447623,4.532068,1.9272971
203,864691136288755395,train,thalamocortical,thalamocortical,3.5777333,6.6183524,1.5835747
28,864691136120465944,train,thalamocortical,thalamocortical,4.3862777,5.4432983,4.3399076
1700,864691136145537844,train,BipFam,BipFam,4.5522676,6.8287435,3.6834338
671,864691136138622333,train,BasketFam,BasketFam,1.8699734,6.3060617,4.986454
875,864691135387551061,train,BasketFam,BasketFam,3.8247519,6.975029,4.4307585
2793,864691136118294692,train,thalamocortical,thalamocortical,3.9353871,6.9811673,0.9264204
2420,864691135409856713,train,BasketFam,BasketFam,1.9882002,5.9082713,4.694017
2005,864691135994158785,test,MartFam,MartFam,2.4690871,6.8250985,4.3393464
153,864691135592789259,train,BipFam,BipFam,3.4129262,4.659024,2.3509972
253,864691135840033171,train,NglFam,NglFam,3.3516288,7.9338207,4.108219
1662,864691135739131780,train,MartFam,MartFam,1.6938622,5.1663327,2.3110883
725,864691136012173475,test,BipFam,BipFam,4.218414,5.269206,2.9343376
175,864691136524282001,train,NglFam,NglFam,6.768784,4.2728734,2.1884208
8932,864691136118878116,train,MartFam,MartFam,1.22077,5.980618,2.2501671
1238,864691135732257721,train,BasketFam,BasketFam,3.4816122,5.748562,4.6874475
29,864691135132887456,test,NglFam,NglFam,5.718033,6.8815074,1.8091524
1749,864691135470860370,test,BipFam,BipFam,6.144259,9.259447,1.8361148
2939,864691135659538306,train,thalamocortical,thalamocortical,3.6913471,6.7775297,1.1131898
4248,864691136390675216,train,BasketFam,BasketFam,7.806407,7.718996,2.7625072
438,864691135106309709,train,NglFam,NglFam,4.645709,9.193977,4.7402353
127,864691135499964947,test,L5IT,pyramidal,6.030919,6.6408877,4.2380757
5658,864691135477104960,train,thalamocortical,thalamocortical,3.7093556,5.3583784,3.1199038
9693,864691135858282030,train,MartFam,MartFam,4.2762613,5.836492,0.87562555
353,864691136010650796,train,BipFam,BipFam,6.690115,6.63316,1.7058477
1481,864691136445968259,train,BasketFam,BasketFam,3.3475797,5.8747263,6.71968
74,864691135885623408,train,L6CT,pyramidal,5.7725697,7.11086,4.663585
797,864691135398762529,train,BipFam,BipFam,5.673865,6.488004,1.218713
419,864691135755707597,train,BipFam,BipFam,6.642651,3.4728675,2.1396117
579,864691136273370302,train,NglFam,NglFam,4.9839277,9.063934,4.7437224
1601,864691136021595384,train,BasketFam,BasketFam,3.169093,4.939993,6.0035934
287,864691135493665631,train,L4IT,pyramidal,3.1456068,6.2885466,2.480492
133,864691135343506885,train,BipFam,BipFam,6.2140617,7.823382,1.196347
788,864691135271696549,test,L6IT,pyramidal,4.5017195,9.546031,4.758229
1509,864691136445968259,train,BasketFam,BasketFam,3.4989562,8.702678,4.7234282
2117,864691135997428394,test,thalamocortical,thalamocortical,4.142847,7.9983,3.7037466
137,864691135157198692,train,L4IT,pyramidal,4.463464,5.4481764,3.1791863
2863,864691135496262032,train,BasketFam,BasketFam,2.1997917,6.7158265,4.610407
127,864691135869457430,train,BasketFam,BasketFam,1.1116368,5.705949,4.9621553
1008,864691135464991645,train,thalamocortical,thalamocortical,3.0317173,7.2241726,0.60560244
627,864691135343506885,train,BipFam,BipFam,6.1412177,8.696401,4.75938
1931,864691137022180974,test,MartFam,MartFam,4.109648,7.8578353,2.3027344
268,864691135840033171,train,NglFam,NglFam,4.0966506,6.685296,1.1848377
3268,864691135470255698,train,thalamocortical,thalamocortical,3.4774897,8.768265,4.7660203
2034,864691135478334888,train,BasketFam,BasketFam,2.128462,7.898308,5.9146075
386,864691135996891050,test,BipFam,BipFam,2.9236693,7.73544,2.824112
6916,864691135875919502,test,MartFam,MartFam,2.0873137,5.046308,2.3566723
262,864691136336204979,train,NglFam,NglFam,3.4808679,6.392818,2.8619266
3453,864691135470255698,train,thalamocortical,thalamocortical,1.0702307,6.699554,2.4784505
4479,864691135689015264,train,thalamocortical,thalamocortical,5.9516916,6.919875,4.260185
2241,864691135997140906,train,BipFam,BipFam,6.508862,7.044421,1.6825763
3324,864691135954582563,train,MartFam,MartFam,6.641123,9.177687,1.6969955
657,864691136273370302,train,NglFam,NglFam,4.163968,9.342333,4.9761066
632,864691135941829121,test,BasketFam,BasketFam,1.5864114,6.8172326,5.66149
8023,864691135464991645,train,thalamocortical,thalamocortical,3.9013903,5.5857882,2.837806
1810,864691135779780797,test,MartFam,MartFam,4.8256817,5.1485023,0.4449141
156,864691135701272610,test,L6IT,pyramidal,4.9081006,8.177676,3.4333696
677,864691135106309709,train,NglFam,NglFam,7.4199195,9.639057,2.8543558
568,864691136145494068,train,BasketFam,BasketFam,1.1368448,5.7027464,5.3880873
5943,864691135592837899,train,BasketFam,BasketFam,4.0238137,6.4630804,4.964401
1906,864691135755605197,train,thalamocortical,thalamocortical,4.8435473,6.3597903,1.2850932
537,864691135994804394,train,BipFam,BipFam,4.686214,9.551105,4.835864
2893,864691135641196091,train,MartFam,MartFam,4.2258744,7.1739974,4.0740037
234,864691135257638575,train,L3IT,pyramidal,4.807517,9.201878,4.6708612
376,864691135659538306,train,thalamocortical,thalamocortical,3.878357,6.813214,1.0309011
7868,864691135739131780,train,MartFam,MartFam,3.4410496,4.5267825,1.19005
2048,864691135779780797,test,MartFam,MartFam,5.769678,6.616471,1.2173717
258,864691135573296677,train,L3IT,pyramidal,6.078901,7.784773,4.8017535
4823,864691136603935441,train,BasketFam,BasketFam,1.9584082,4.814394,6.2359905
106,864691135502873666,test,L3IT,pyramidal,6.384161,8.420165,1.6624091
699,864691136138695549,train,BasketFam,BasketFam,1.5231224,6.6658797,5.5532117
283,864691136336204979,train,NglFam,NglFam,5.095631,4.4696503,1.0319204
1225,864691136145537844,train,BipFam,BipFam,5.16907,6.616572,0.86998814
137,864691135066958404,train,L4IT,pyramidal,7.432186,4.138648,3.0721228
1598,864691137199860033,test,BasketFam,BasketFam,1.0752352,6.296655,4.514398
2966,864691135339982310,train,BasketFam,BasketFam,2.14673,6.2210827,5.3015876
365,864691136273370302,train,NglFam,NglFam,6.6858883,9.420061,1.6366323
1627,864691135464991645,train,thalamocortical,thalamocortical,3.597789,6.5606623,1.0535843
4946,864691135595810859,train,BasketFam,BasketFam,1.6748409,6.0487943,6.0533514
2250,864691136011549614,train,BipFam,BipFam,6.1744895,6.86428,4.377647
1112,864691136453186559,train,BasketFam,BasketFam,3.2998028,6.699112,4.8062334
313,864691135810297885,train,BipFam,BipFam,6.710107,7.695631,2.6575508
1075,864691135817803599,test,BasketFam,BasketFam,3.0981932,7.222314,0.6719987
221,864691135783317840,train,thalamocortical,thalamocortical,1.2998495,6.5098114,3.310247
616,864691136067404440,test,MartFam,MartFam,7.2481184,7.8480325,2.0532575
1181,864691136925008100,train,BipFam,BipFam,2.1734705,6.28051,4.881061
793,864691135689015264,train,thalamocortical,thalamocortical,3.6773465,6.958112,3.6744282
436,864691135477104960,train,thalamocortical,thalamocortical,4.1123576,7.85301,3.3369246
2542,864691135997140906,train,BipFam,BipFam,6.4803343,6.9074373,2.884145
7156,864691135839979667,train,MartFam,MartFam,3.4681067,4.6361947,1.4869558
2543,864691135499752723,train,BasketFam,BasketFam,2.039742,6.4038577,5.0440545
543,864691135566902039,train,BipFam,BipFam,4.4326844,6.790061,0.9676509
52,864691135566824983,test,BipFam,BipFam,3.141936,4.7341375,4.55298
449,864691136273370302,train,NglFam,NglFam,6.691445,9.825994,1.9150753
728,864691136372954248,test,NglFam,NglFam,4.8855824,6.2658644,1.4797394
3854,864691135997140906,train,BipFam,BipFam,6.3825984,6.099019,2.8861568
345,864691136026198585,train,L4IT,pyramidal,6.2814536,6.967246,1.7731165
2487,864691135839979667,train,MartFam,MartFam,3.1039019,4.6885805,1.3438848
3448,864691135294194358,train,thalamocortical,thalamocortical,4.3637657,5.917024,4.029587
983,864691135456535658,train,MartFam,MartFam,4.1774845,4.527779,0.6673325
2747,864691135685030130,train,thalamocortical,thalamocortical,3.7674618,6.702595,3.297058
4844,864691135817803599,test,BasketFam,BasketFam,3.4424877,5.268957,6.0426855
1340,864691135839979667,train,MartFam,MartFam,5.7072387,5.3463564,1.3810078
649,864691136580010516,test,MartFam,MartFam,3.1666985,4.7151523,1.5978895
205,864691135060768923,test,BipFam,BipFam,3.8889666,8.04537,4.418331
1533,864691135685250546,train,BasketFam,BasketFam,3.642031,5.5758247,6.1303287
1239,864691136336192947,train,BasketFam,BasketFam,1.3869082,6.240356,4.5568357
870,864691135106309709,train,NglFam,NglFam,7.2957134,9.913059,2.7414503
12,864691135480311494,train,L6IT,pyramidal,4.2013617,9.286856,4.9025626
5133,864691135464991645,train,thalamocortical,thalamocortical,2.118884,6.4933786,2.8031306
1898,864691136364183266,train,BasketFam,BasketFam,4.40607,9.594321,4.775868
584,864691136137168779,train,BipFam,BipFam,2.7418673,5.9726505,2.8852253
281,864691136177029382,train,L6IT,pyramidal,4.0690804,9.535751,5.1715026
619,864691136012173475,test,BipFam,BipFam,6.0104556,8.653715,3.618841
155,864691136453186559,train,BasketFam,BasketFam,2.5166955,7.146958,5.5252557
353,864691136524282001,train,NglFam,NglFam,5.918984,6.36926,2.8154252
248,864691135351159255,train,thalamocortical,thalamocortical,3.0093005,5.9862843,2.92899
6753,864691136580010516,test,MartFam,MartFam,2.9670644,8.056126,4.1992655
2115,864691135294194358,train,thalamocortical,thalamocortical,3.7223132,6.4286485,1.9633303
483,864691136974876956,test,L5ET,pyramidal,3.6115403,9.166769,4.292914
226,864691136228538961,train,L5IT,pyramidal,4.9073353,8.999688,4.5420423
1205,864691136288755395,train,thalamocortical,thalamocortical,6.5244246,7.150385,2.4418578
2929,864691135774221643,train,MartFam,MartFam,5.2103653,5.8986735,0.96991026
752,864691134966249759,train,thalamocortical,thalamocortical,3.1715722,6.747503,1.4068986
69,864691135273655569,train,L5ET,pyramidal,4.8766947,8.861864,4.3926353
14629,864691135271967397,train,MartFam,MartFam,2.0081625,5.581585,2.3908238
484,864691135210358137,train,L4IT,pyramidal,6.002204,6.669141,3.0497987
736,864691136380757461,train,L5IT,pyramidal,7.50957,5.10319,2.558203
628,864691135739131780,train,MartFam,MartFam,3.5313816,4.0812774,0.481667
429,864691135303514791,train,NglFam,NglFam,6.8415465,3.3308113,2.311541
1178,864691135456535658,train,MartFam,MartFam,3.3967447,4.0533695,0.6381375
156,864691135106309709,train,NglFam,NglFam,6.9784675,9.700739,3.10848
289,864691135369651193,train,BipFam,BipFam,4.8163714,6.3868737,1.5871581
4568,864691135839979667,train,MartFam,MartFam,4.841017,5.467256,4.5101357
130,864691135295165196,test,L4IT,pyramidal,6.233701,7.2515335,3.0498693
12367,864691136914542577,train,MartFam,MartFam,3.2296476,7.733424,3.6232338
11,864691135257669039,train,L3IT,pyramidal,6.744258,6.967149,2.282119
925,864691135946994785,train,BasketFam,BasketFam,3.5450935,6.3798904,6.597182
1049,864691136058602712,train,thalamocortical,thalamocortical,4.40947,8.377844,3.898044
640,864691136138756221,train,BipFam,BipFam,6.2644906,8.441077,1.5364125
480,864691136390828919,train,MartFam,MartFam,4.4265065,4.7204084,0.42149022
593,864691135431579440,train,BipFam,BipFam,5.6843734,7.7384095,4.6448064
260,864691135810297885,train,BipFam,BipFam,5.9466615,8.112223,4.6482553
316,864691135942924148,train,L4IT,pyramidal,6.939306,8.688265,2.0344732
546,864691135477104960,train,thalamocortical,thalamocortical,1.7748951,7.408316,2.3602006
3713,864691135294194358,train,thalamocortical,thalamocortical,1.1242558,7.1000886,2.4933221
42,864691135347627423,train,BipFam,BipFam,6.9918337,8.259612,4.0718107
151,864691135540272498,train,L2IT,pyramidal,6.8266745,6.4725523,2.5747797
2494,864691134886037498,train,MartFam,MartFam,3.4119754,7.205831,2.2384057
2519,864691135764678198,test,MartFam,MartFam,6.803195,3.9634335,2.22529
2012,864691135858363694,train,BasketFam,BasketFam,3.0794806,5.785072,6.6111965
150,864691134887444986,test,NglFam,NglFam,5.1231275,4.7005076,1.1096609
644,864691135773209163,test,L4IT,pyramidal,1.3589513,6.869547,2.3567243
693,864691135324705692,train,L4IT,pyramidal,4.3682632,6.82451,2.6119578
224,864691135573245165,train,BasketFam,BasketFam,3.312576,5.255679,5.644628
127,864691135132887456,test,NglFam,NglFam,6.8939376,4.2907505,3.0622597
2384,864691135258628527,test,BasketFam,BasketFam,0.7359948,5.981139,4.555109
5945,864691136138622333,train,BasketFam,BasketFam,2.6361704,4.928821,5.626003
326,864691136391027728,train,L4IT,pyramidal,5.0460677,8.978195,4.636159
103,864691135106309709,train,NglFam,NglFam,7.182736,9.695737,2.834499
632,864691136390675216,train,BasketFam,BasketFam,2.9084961,4.8041406,5.538409
211,864691135573296677,train,L3IT,pyramidal,6.2290483,7.7920265,4.9286327
4427,864691135271967397,train,MartFam,MartFam,2.6197913,4.650227,0.9419551
73,864691135119335645,train,thalamocortical,thalamocortical,2.576262,6.11117,2.905703
3255,864691136118294692,train,thalamocortical,thalamocortical,2.8359501,6.649173,2.7231538
749,864691136925008100,train,BipFam,BipFam,4.0724893,7.374714,1.8717669
874,864691136138756221,train,BipFam,BipFam,5.969813,8.4356165,1.5963862
2090,864691136011549614,train,BipFam,BipFam,5.304014,5.983426,3.1294036
2469,864691135616183499,train,BasketFam,BasketFam,1.9287475,5.607554,5.3322415
698,864691135685030130,train,thalamocortical,thalamocortical,5.5799856,8.74053,3.8403547
220,864691135106309709,train,NglFam,NglFam,7.406823,9.298283,3.721719
442,864691135577749022,train,L2IT,pyramidal,7.142351,4.391317,2.4840217
307,864691135778116013,train,BasketFam,BasketFam,3.1251929,6.4548965,6.3251595
238,864691136052101363,train,BipFam,BipFam,5.750644,7.6551743,4.7036204
762,864691136913135089,train,MartFam,MartFam,3.4481194,6.37507,6.663456
5899,864691136007059658,test,BipFam,BipFam,5.557984,5.9672585,3.2598894
62,864691136363009250,train,L4IT,pyramidal,7.679403,9.150139,2.7272508
247,864691135214643256,test,L6IT,pyramidal,6.0523033,7.167424,4.8208456
255,864691135592678411,train,BipFam,BipFam,6.083441,5.0830984,2.6684148
140,864691135689555680,train,NglFam,NglFam,6.270574,8.313462,2.7712374
282,864691135742895723,test,BipFam,BipFam,4.551889,6.170948,2.5347643
3798,864691135464991645,train,thalamocortical,thalamocortical,3.879255,7.7042127,3.52074
359,864691135132887456,test,NglFam,NglFam,7.326192,4.867717,2.3461974
146,864691136524282001,train,NglFam,NglFam,6.7653923,3.2245195,2.0790622
348,864691135303514791,train,NglFam,NglFam,6.7722187,4.47961,3.097255
2927,864691135496262032,train,BasketFam,BasketFam,1.1592222,5.8005486,5.2731166
553,864691135132887456,test,NglFam,NglFam,7.0639696,6.4569674,3.2229378
296,864691135566979927,train,MartFam,MartFam,6.6562243,7.4340534,4.5945992
4880,864691135196475434,train,MartFam,MartFam,5.319889,4.705795,1.5737431
2811,864691136312445786,train,BasketFam,BasketFam,2.519164,5.025758,5.642598
850,864691135343506885,train,BipFam,BipFam,1.3578398,6.9630694,2.3645775
2038,864691135702887291,train,BasketFam,BasketFam,3.5733333,6.9920416,6.3292
155,864691135994804394,train,BipFam,BipFam,4.893297,8.743621,4.112845
87,864691136239793212,test,NglFam,NglFam,7.0945845,9.865379,2.1352499
42,864691135878468435,train,L2IT,pyramidal,7.3176293,8.03924,3.1008646
6066,864691135618332265,train,BasketFam,BasketFam,2.184778,5.188746,6.482188
1105,864691135866821340,train,thalamocortical,thalamocortical,3.4000857,8.41642,4.215456
5230,864691135294194358,train,thalamocortical,thalamocortical,2.5305386,7.0641975,1.4145615
107,864691135689555680,train,NglFam,NglFam,1.8641744,5.5509486,2.0675635
384,864691135014681590,test,L6IT,pyramidal,7.5353765,9.334388,2.692703
43,864691135351066583,train,L2IT,pyramidal,4.7107553,8.956756,4.016621
225,864691136273370302,train,NglFam,NglFam,6.3425393,7.868996,1.1231811
4279,864691135106189901,test,BasketFam,BasketFam,3.603662,6.3922057,6.6292725
1013,864691136489623826,train,BasketFam,BasketFam,6.2606297,6.3639374,2.2627683
1872,864691136091233847,train,thalamocortical,thalamocortical,6.753792,6.9687414,2.2352483
885,864691136381324501,train,BasketFam,BasketFam,1.5040303,4.9291344,5.290148
537,864691136967703758,train,L4IT,pyramidal,5.379598,7.3462567,1.882375
633,864691135997140906,train,BipFam,BipFam,5.8192773,6.665793,1.5718887
126,864691136914414321,train,L2IT,pyramidal,5.1605067,6.9667425,1.986956
28,864691135369651193,train,BipFam,BipFam,5.568739,6.558395,2.3714275
446,864691136905203378,test,L4IT,pyramidal,6.967701,8.4987,3.6277092
127,864691135867644805,train,L4IT,pyramidal,6.2751412,7.0488844,1.2501887
17,864691136372954248,test,NglFam,NglFam,3.3900008,4.2617836,1.9359592
2734,864691134966621471,train,MartFam,MartFam,4.8959537,5.371523,1.2362082
92,864691136298913563,train,MartFam,MartFam,4.787113,5.196368,2.7497854
3037,864691135997140906,train,BipFam,BipFam,6.2432714,6.2779503,2.1295927
812,864691135470255698,train,thalamocortical,thalamocortical,1.408633,6.7523847,2.4085293
6712,864691135839979667,train,MartFam,MartFam,2.886009,4.2948656,0.94153553
3039,864691135294194358,train,thalamocortical,thalamocortical,2.02072,8.091933,4.1068883
326,864691135409859785,train,L5IT,pyramidal,4.1925626,6.879883,0.96138763
1053,864691135689296608,train,BasketFam,BasketFam,2.7856982,5.6441603,5.985665
1333,864691136372954248,test,NglFam,NglFam,5.525592,4.732186,1.1145715
647,864691135504203357,train,L4IT,pyramidal,1.605589,6.616074,2.2973382
7,864691136313406781,test,L4IT,pyramidal,5.438161,7.3960824,1.6997349
328,864691136927366986,train,thalamocortical,thalamocortical,1.775523,7.1533184,2.0644126
818,864691136372954248,test,NglFam,NglFam,4.472208,8.35889,3.7813704
1985,864691135343506885,train,BipFam,BipFam,4.176759,5.030653,1.9992234
392,864691135106309709,train,NglFam,NglFam,4.972155,7.0334177,1.8389204
406,864691136603306193,test,L6IT,pyramidal,7.6243887,9.8400345,3.2256618
1588,864691135477104960,train,thalamocortical,thalamocortical,2.5571096,7.212725,2.6244173
858,864691135855890478,train,L2IT,pyramidal,5.73228,9.185168,4.0263696
1011,864691135106309709,train,NglFam,NglFam,6.1448746,7.6129208,4.8956003
1040,864691135689015264,train,thalamocortical,thalamocortical,2.6863356,7.6135755,3.4511926
1989,864691136523971473,train,BipFam,BipFam,4.6469717,5.1942253,0.94152814
2850,864691135928029966,train,thalamocortical,thalamocortical,6.0873036,7.5658417,2.2912292
515,864691135689555680,train,NglFam,NglFam,6.5404315,4.1535273,2.1235502
13203,864691136914542577,train,MartFam,MartFam,3.7088072,5.2157445,1.1569712
138,864691136620914829,train,L4IT,pyramidal,6.699092,6.9467053,2.090553
1207,864691135997428394,test,thalamocortical,thalamocortical,4.19351,6.921381,1.0248002
2540,864691135470255698,train,thalamocortical,thalamocortical,1.6410173,7.6826243,2.7707574
306,864691135303514791,train,NglFam,NglFam,7.4037147,3.5409381,2.053694
224,864691135717386266,test,L3IT,pyramidal,6.401779,9.542412,2.1643598
2066,864691135405480430,train,BasketFam,BasketFam,2.544978,4.7788506,6.2416415
5703,864691135853090503,test,BasketFam,BasketFam,3.837114,5.899229,5.3125386
1330,864691135343506885,train,BipFam,BipFam,3.0711935,7.0246935,3.4498398
5143,864691136011485614,test,BasketFam,BasketFam,0.6804471,6.1927156,4.0971823
1383,864691136372954248,test,NglFam,NglFam,4.8957915,6.516745,1.5662417
534,864691135115194009,train,BipFam,BipFam,6.141134,7.657124,4.9656487
148,864691135527713115,train,L6CT,pyramidal,3.9599009,9.533951,5.240617
2376,864691135466333509,train,BasketFam,BasketFam,2.8177433,5.0323896,6.392724
170,864691136814345075,train,MartFam,MartFam,6.061927,4.7318454,2.3594143
82,864691136034084795,train,L3IT,pyramidal,6.472051,7.322352,1.2177738
89,864691135584646253,train,L2IT,pyramidal,6.3779807,7.194488,4.5185533
197,864691135540272498,train,L2IT,pyramidal,7.640978,6.1953726,2.9229574
386,864691136274712254,train,L6IT,pyramidal,7.2279167,9.619864,2.4179885
873,864691135782873936,test,thalamocortical,thalamocortical,3.2171488,6.145837,2.8575406
11086,864691136914542577,train,MartFam,MartFam,3.288456,5.462905,0.98921126
155,864691135990564864,train,NglFam,NglFam,7.832232,3.9122658,2.4455435
9182,864691135480702662,train,MartFam,MartFam,5.100426,6.2554607,1.0145456
67,864691134887444986,test,NglFam,NglFam,3.531845,6.80847,3.6566427
700,864691135431579440,train,BipFam,BipFam,6.1875563,8.242084,1.4134278
4037,864691136067404440,test,MartFam,MartFam,2.272657,4.937343,5.3630204
537,864691135763433270,train,L3IT,pyramidal,6.2119203,8.351059,3.0114698
833,864691135106309709,train,NglFam,NglFam,5.998297,8.341298,4.964043
8058,864691135703016059,train,MartFam,MartFam,2.4719305,6.109011,2.349704
398,864691135386963541,train,L4IT,pyramidal,6.282029,5.4825583,1.5053903
3773,864691135387551061,train,BasketFam,BasketFam,3.1607628,6.0517116,5.258334
372,864691135464946757,test,BasketFam,BasketFam,3.214457,6.048711,5.5300374
965,864691136052101363,train,BipFam,BipFam,3.6805763,9.190838,4.961553
8961,864691135210446457,train,MartFam,MartFam,3.4264536,4.373138,1.7173394
1349,864691136058602712,train,thalamocortical,thalamocortical,4.0538416,6.301507,2.9821432
23,864691135470556242,train,MartFam,MartFam,4.4274354,5.809048,3.0167685
262,864691135640398651,test,L3IT,pyramidal,6.7174106,8.408965,2.9288743
394,864691135119630813,test,BipFam,BipFam,3.6638436,6.4426365,3.59008
41,864691136314120765,train,BasketFam,BasketFam,1.7439488,5.260356,5.424997
1527,864691135742895723,test,BipFam,BipFam,2.8766723,7.516974,3.385245
145,864691136136383883,test,L4IT,pyramidal,7.3688316,9.61184,3.109937
4456,864691135939776309,train,MartFam,MartFam,4.021292,5.0295873,3.721249
4549,864691135755605197,train,thalamocortical,thalamocortical,0.88561743,6.9417157,2.565912
383,864691135294194358,train,thalamocortical,thalamocortical,1.4092343,6.87456,3.083931
5469,864691135369668089,train,BasketFam,BasketFam,2.444672,4.9038897,6.1401834
1932,864691136033871035,train,thalamocortical,thalamocortical,5.837825,6.6361527,2.5460556
618,864691135106309709,train,NglFam,NglFam,6.9012322,9.672052,3.112071
2804,864691135119335645,train,thalamocortical,thalamocortical,3.571489,6.1853633,3.1192148
649,864691135294194358,train,thalamocortical,thalamocortical,3.38385,5.457996,6.283589
2359,864691135464991645,train,thalamocortical,thalamocortical,3.3535893,6.652419,1.325975
581,864691136086632812,train,NglFam,NglFam,5.1349063,4.1727557,1.2363696
8008,864691135464991645,train,thalamocortical,thalamocortical,2.2949328,7.785719,3.8285086
3186,864691135124690471,train,BasketFam,BasketFam,2.7476287,4.847743,6.440158
28,864691135342594225,test,L2IT,pyramidal,7.7121844,6.05827,2.9157665
953,864691135274708753,train,BasketFam,BasketFam,7.1749544,8.879464,3.1962044
4440,864691136595955362,train,MartFam,MartFam,4.4325933,6.514771,0.9752659
359,864691136445557123,test,L4IT,pyramidal,6.070984,8.364946,3.2183037
3999,864691135997428394,test,thalamocortical,thalamocortical,1.7121099,4.9936256,5.976087
371,864691135997428394,test,thalamocortical,thalamocortical,3.0679262,7.222897,0.6430976
117,864691135990564864,train,NglFam,NglFam,6.9584556,3.2551188,2.1091518
1985,864691135271915173,train,MartFam,MartFam,4.2475615,7.931461,4.267681
69,864691135695042751,train,L6IT,pyramidal,6.9139647,8.727683,1.7086424
316,864691136335689907,train,L4IT,pyramidal,4.4093475,9.259157,4.855278
151,864691136524282001,train,NglFam,NglFam,5.1300073,6.249894,1.944593
383,864691136118430628,train,BipFam,BipFam,3.5167212,7.7680387,3.4771547
67,864691135480718022,train,L2IT,pyramidal,5.9912424,6.531384,2.4539459
231,864691135106309709,train,NglFam,NglFam,6.8317523,9.676423,1.6673465
380,864691135503004765,train,BipFam,BipFam,6.7317758,6.403651,2.584345
126,864691136904656818,train,L2IT,pyramidal,6.629915,8.664402,3.4043634
243,864691136058602712,train,thalamocortical,thalamocortical,2.965923,8.194989,3.901395
284,864691136086632812,train,NglFam,NglFam,5.4697866,3.971161,1.526685
6836,864691135477104960,train,thalamocortical,thalamocortical,3.6980143,5.3442473,3.4238663
3795,864691136814345075,train,MartFam,MartFam,7.491437,3.7145624,2.611322
3397,864691136118878116,train,MartFam,MartFam,1.2132056,5.8101482,2.207518
649,864691135689015264,train,thalamocortical,thalamocortical,3.486342,7.403643,3.7059991
1893,864691135990520064,train,BasketFam,BasketFam,2.0318816,4.8633256,5.475517
255,864691135878061395,train,L5IT,pyramidal,7.0411243,9.146593,4.1004953
72,864691136012173475,test,BipFam,BipFam,3.8038,6.5765924,3.7670774
7083,864691136330880234,train,MartFam,MartFam,2.4153676,5.111222,2.0655084
304,864691135293096118,train,NglFam,NglFam,2.370074,7.6312766,2.75301
1940,864691136312057178,train,BasketFam,BasketFam,2.5596752,5.941659,5.0059066
435,864691135886314096,test,L4IT,pyramidal,3.6650302,6.915232,2.1691048
43,864691135349839831,train,L3IT,pyramidal,3.9163775,9.175986,3.9891653
251,864691136674744199,train,L4IT,pyramidal,6.791121,8.082113,2.4079838
4185,864691136007128778,test,MartFam,MartFam,2.9756382,5.069092,1.906595
1108,864691136118294692,train,thalamocortical,thalamocortical,3.1731842,8.02074,4.041632
300,864691136372954248,test,NglFam,NglFam,5.283178,4.991352,0.88226193
192,864691136336204979,train,NglFam,NglFam,2.889826,5.675478,3.6158593
185,864691135741458324,train,L2IT,pyramidal,7.0995035,6.1569524,2.5785134
868,864691135503782210,test,BipFam,BipFam,6.727824,9.088642,1.6235939
1757,864691135496444816,train,BasketFam,BasketFam,2.0701292,6.8267627,4.47867
145,864691136196265704,train,L4IT,pyramidal,5.03618,9.33433,4.0758705
1417,864691136053350131,test,thalamocortical,thalamocortical,4.0310793,5.6827645,4.342431
144,864691135593133067,train,L4IT,pyramidal,4.1209617,9.288084,4.0201454
1589,864691136145537844,train,BipFam,BipFam,3.6954036,5.667129,2.6886015
175,864691136273370302,train,NglFam,NglFam,6.992872,9.829376,1.9286346
3646,864691136007059658,test,BipFam,BipFam,6.1294518,4.4583077,1.5828681
726,864691136145537844,train,BipFam,BipFam,4.7659087,5.031536,1.2211556
2367,864691136123919654,train,BasketFam,BasketFam,2.0061889,7.842306,5.9117355
576,864691136273370302,train,NglFam,NglFam,4.780488,9.202245,4.689854
686,864691135325426076,train,MartFam,MartFam,6.706264,3.2566476,2.1233351
10857,864691135346954143,train,MartFam,MartFam,1.9130261,5.172161,2.460893
3717,864691135274708753,train,BasketFam,BasketFam,2.8165033,5.558667,6.0337095
4,864691136137064075,train,BipFam,BipFam,4.4975653,9.411692,4.7931523
868,864691136372954248,test,NglFam,NglFam,1.9290543,6.128896,2.7882943
560,864691136372954248,test,NglFam,NglFam,6.3470383,8.668801,2.8894734
1022,864691135235206489,train,MartFam,MartFam,2.9022574,5.819239,2.926151
8372,864691135774221643,train,MartFam,MartFam,4.328987,4.9443445,0.36006027
1699,864691135503782210,test,BipFam,BipFam,4.877956,6.4975305,2.5893555
34,864691135470255698,train,thalamocortical,thalamocortical,2.161426,6.621545,3.3196106
701,864691136007059658,test,BipFam,BipFam,4.2007804,5.552937,2.7730029
66,864691135496262032,train,BasketFam,BasketFam,1.6460029,4.965054,5.2479725
3719,864691135689015264,train,thalamocortical,thalamocortical,3.3744147,8.817151,4.8245296
986,864691135994158785,test,MartFam,MartFam,1.8348689,6.369277,3.675996
5,864691134887444986,test,NglFam,NglFam,4.6124043,4.0846367,1.0111703
7692,864691135739131780,train,MartFam,MartFam,4.515689,5.364549,0.9170873
401,864691135465001373,train,BasketFam,BasketFam,3.647652,6.653186,5.986859
4498,864691134886037498,train,MartFam,MartFam,1.7495506,5.588576,2.3625345
86,864691136336204979,train,NglFam,NglFam,6.8251095,3.2720091,2.1692514
342,864691135503836253,train,L4IT,pyramidal,3.6594338,5.8301263,1.7057832
735,864691136012173475,test,BipFam,BipFam,7.427273,9.3240795,3.5181599
5702,864691135448017554,train,BasketFam,BasketFam,1.4462101,5.8350773,4.988141
2662,864691136053350131,test,thalamocortical,thalamocortical,2.9902494,6.7022185,2.052878
484,864691135660772080,train,MartFam,MartFam,7.093782,3.8131096,2.9203393
2888,864691135990520064,train,BasketFam,BasketFam,6.7927437,8.197229,4.200806
2808,864691136021592568,train,BasketFam,BasketFam,3.7624571,9.038219,4.321752
1116,864691136312445786,train,BasketFam,BasketFam,2.0770276,5.160676,5.817553
2423,864691135343601093,train,BasketFam,BasketFam,3.1335182,8.140742,4.2047977
369,864691136086632812,train,NglFam,NglFam,4.2345395,4.8389835,2.0860906
16,864691135659824514,train,BipFam,BipFam,6.194049,9.233577,3.119798
535,864691135293096118,train,NglFam,NglFam,4.7901444,7.0414724,2.6678712
266,864691136524282001,train,NglFam,NglFam,6.458641,4.4525023,1.9555492
4907,864691135464991645,train,thalamocortical,thalamocortical,3.5088222,6.5181527,2.1723895
2552,864691135778290109,train,BasketFam,BasketFam,3.7848494,6.4401402,5.9310427
5532,864691135477104960,train,thalamocortical,thalamocortical,3.8867352,8.477851,3.3490415
3217,864691135912137641,train,BasketFam,BasketFam,2.1238334,7.1339607,5.556959
622,864691135810982860,train,L4IT,pyramidal,7.418079,9.711811,2.6791866
1515,864691135477104960,train,thalamocortical,thalamocortical,4.3900967,5.123311,1.7760918
908,864691136372954248,test,NglFam,NglFam,2.8938193,5.1294894,2.548968
807,864691134887444986,test,NglFam,NglFam,6.9234114,5.5197177,2.2944834
859,864691135545730856,train,BipFam,BipFam,6.4265227,6.956566,2.6252487
1535,864691136011733934,train,MartFam,MartFam,2.574603,7.8202324,5.399411
1147,864691135685030130,train,thalamocortical,thalamocortical,3.9178534,8.587735,3.5125203
3490,864691136288755395,train,thalamocortical,thalamocortical,1.6913662,7.6015954,2.7577887
479,864691134920000010,train,BasketFam,BasketFam,3.71555,6.436929,4.5127387
321,864691136391024144,train,NglFam,NglFam,5.5111785,6.4755177,0.8982963
657,864691136052101363,train,BipFam,BipFam,3.9670842,9.4851055,5.1888275
3239,864691135442598728,train,BasketFam,BasketFam,3.2244625,5.2536364,5.838243
3181,864691135470255698,train,thalamocortical,thalamocortical,2.2701855,6.874508,2.42383
232,864691135417313722,train,L3IT,pyramidal,6.624858,5.994825,2.5681462
6712,864691135875919502,test,MartFam,MartFam,4.1823087,4.783555,0.5095895
230,864691135303514791,train,NglFam,NglFam,7.4043536,3.688565,2.6126323
550,864691135132887456,test,NglFam,NglFam,6.54766,3.9878798,2.5074756
5069,864691136211068860,train,BasketFam,BasketFam,2.2858803,4.7022376,6.2656655
442,864691135132887456,test,NglFam,NglFam,3.7205694,5.2059317,2.6408172
1859,864691136067404440,test,MartFam,MartFam,4.092646,6.505138,3.8190463
4636,864691135470255698,train,thalamocortical,thalamocortical,1.4742627,6.6625404,3.0293875
6209,864691136914542577,train,MartFam,MartFam,4.5722914,6.2657514,1.2823452
224,864691135293096118,train,NglFam,NglFam,4.442793,8.199371,3.5458844
650,864691135014258070,train,BasketFam,BasketFam,3.0917869,6.5490417,5.8440123
328,864691135060784027,test,thalamocortical,thalamocortical,4.3505826,6.3544188,1.0337002
426,864691136086632812,train,NglFam,NglFam,4.8738112,4.2192183,0.8959897
4069,864691135499765267,train,MartFam,MartFam,3.411544,4.6271358,1.2992285
851,864691135689555680,train,NglFam,NglFam,1.3983682,5.6083965,2.1104736
1168,864691135686540471,train,BasketFam,BasketFam,3.0566084,5.9411407,6.1421757
3194,864691136011485614,test,BasketFam,BasketFam,2.2410388,6.134694,5.1997166
407,864691135996891050,test,BipFam,BipFam,6.7295113,9.683562,2.125356
778,864691135689555680,train,NglFam,NglFam,6.671521,3.8241763,2.1182785
173,864691135948215076,test,BipFam,BipFam,4.980888,6.7911267,2.4148135
8238,864691135703016059,train,MartFam,MartFam,4.8603373,7.7246456,2.064143
43,864691136107670745,train,BasketFam,BasketFam,1.6951758,5.888151,5.4243493
1012,864691135447979922,train,BipFam,BipFam,4.6468506,6.213153,1.370885
597,864691135106309709,train,NglFam,NglFam,4.0252094,9.269872,4.236653
2992,864691136905941426,train,BasketFam,BasketFam,2.1995246,4.6607585,5.5882363
4491,864691136007059658,test,BipFam,BipFam,5.322386,5.5979705,0.9430653
1812,864691136007059658,test,BipFam,BipFam,4.5327225,5.721114,1.3138273
73,864691135309733190,train,NglFam,NglFam,7.094425,3.9498014,2.9422326
1689,864691135404765166,train,MartFam,MartFam,7.9137597,6.136741,2.8717124
119,864691135689555680,train,NglFam,NglFam,2.5952961,5.7370853,2.342747
644,864691135855890478,train,L2IT,pyramidal,5.969547,6.5001783,4.3599358
259,864691135132887456,test,NglFam,NglFam,7.1349726,3.930636,2.53646
2052,864691135616183499,train,BasketFam,BasketFam,0.7986679,6.1027656,4.386164
47,864691136239793212,test,NglFam,NglFam,6.674782,8.030141,4.6767573
1173,864691135470255698,train,thalamocortical,thalamocortical,1.0611452,6.829485,2.6869898
1143,864691135853090503,test,BasketFam,BasketFam,1.3445953,5.6660953,5.5962453
8719,864691136011485614,test,BasketFam,BasketFam,2.7307289,5.4731884,6.5087423
8178,864691135774221643,train,MartFam,MartFam,2.386855,5.9578576,1.7333195
515,864691135060784027,test,thalamocortical,thalamocortical,4.049612,7.158203,2.562946
9732,864691136330880234,train,MartFam,MartFam,4.354616,4.809974,0.55223966
781,864691136814345075,train,MartFam,MartFam,2.712543,6.070176,2.7986026
3657,864691136007059658,test,BipFam,BipFam,6.8202653,6.015999,2.1411572
7389,864691136580010516,test,MartFam,MartFam,2.251574,4.7232327,1.7104582
404,864691135480652998,train,L5IT,pyramidal,6.390357,7.586457,2.4989562
109,864691135375590217,train,L4IT,pyramidal,4.6144047,8.097842,3.7727802
215,864691135571515270,train,L4IT,pyramidal,6.711646,7.1485686,1.8698702
125,864691135742609771,train,L5IT,pyramidal,3.7685804,8.400914,4.464353
1255,864691135447888274,train,BasketFam,BasketFam,2.0368729,7.7442546,5.933498
4463,864691135346954143,train,MartFam,MartFam,2.6031332,4.8399835,2.0638244
1357,864691136927366986,train,thalamocortical,thalamocortical,6.7082787,7.2610097,3.575579
2375,864691136453186559,train,BasketFam,BasketFam,1.9067826,5.797043,5.192378
1844,864691135470860370,test,BipFam,BipFam,5.162868,7.0926337,1.5638689
127,864691135430275120,train,L4IT,pyramidal,5.784945,6.620716,1.6010127
1497,864691135928029966,train,thalamocortical,thalamocortical,2.5435686,7.185746,1.1267898
86,864691135293096118,train,NglFam,NglFam,2.1132255,7.047859,2.4017334
6889,864691135774221643,train,MartFam,MartFam,2.6390858,5.6076155,1.6552274
1427,864691135387551061,train,BasketFam,BasketFam,3.264561,5.700288,5.7468967
293,864691136086632812,train,NglFam,NglFam,3.9871619,7.372099,3.8022504
2530,864691134966621471,train,MartFam,MartFam,6.3169565,8.265715,2.5705812
3058,864691135858363694,train,BasketFam,BasketFam,1.8961449,5.2194796,5.5638833
505,864691136091233847,train,thalamocortical,thalamocortical,2.5759165,6.0386796,2.996868
46,864691135778618029,train,BipFam,BipFam,3.728628,8.115239,4.0955787
1902,864691136966189518,test,MartFam,MartFam,5.7041225,5.215516,2.6157537
4467,864691135528046939,train,MartFam,MartFam,4.232062,4.5364227,0.6677142
453,864691135528046939,train,MartFam,MartFam,3.9759007,4.8271337,0.87351596
214,864691135573276197,train,L6IT,pyramidal,7.3749003,9.597672,2.9355435
1859,864691135756844242,test,MartFam,MartFam,4.6976695,5.3264656,1.3056448
1910,864691135442598728,train,BasketFam,BasketFam,3.3132987,5.991709,6.4786367
6079,864691135210446457,train,MartFam,MartFam,4.3971434,4.187073,1.3038131
95,864691135917058150,train,L6IT,pyramidal,3.9753046,9.551334,5.2425346
856,864691136137210507,train,BipFam,BipFam,2.1210449,7.2183857,2.6058142
294,864691135996891050,test,BipFam,BipFam,4.30598,8.17522,3.611219
259,864691136927366986,train,thalamocortical,thalamocortical,2.3625998,7.0583925,1.3209335
252,864691135582973549,train,L4IT,pyramidal,3.104179,6.2096725,2.2696173
711,864691135015437462,test,BasketFam,BasketFam,7.074991,6.0217032,2.3855603
5111,864691136312445786,train,BasketFam,BasketFam,3.0440204,5.092734,6.0167365
73,864691136273370302,train,NglFam,NglFam,6.3675156,9.101348,1.7603867
365,864691135689555680,train,NglFam,NglFam,6.238689,5.1682615,2.5007522
337,864691135689555680,train,NglFam,NglFam,6.504254,4.106398,2.1487007
13838,864691135779780797,test,MartFam,MartFam,4.6714025,6.760725,0.83979416
251,864691135210358137,train,L4IT,pyramidal,7.2300415,8.302812,3.8218062
1510,864691136288755395,train,thalamocortical,thalamocortical,3.9361665,8.682942,4.406626
315,864691136058646488,test,L2IT,pyramidal,7.9357953,5.3742223,2.8319428
599,864691135293096118,train,NglFam,NglFam,5.0934596,9.12746,4.2379746
1130,864691135741960340,train,BasketFam,BasketFam,1.8221877,7.6510987,5.4276576
1826,864691136813553523,train,BasketFam,BasketFam,3.8144593,6.7479005,6.328311
2429,864691136123919654,train,BasketFam,BasketFam,3.5880685,6.7263746,6.565912
4378,864691135755605197,train,thalamocortical,thalamocortical,0.78733873,6.9780436,2.7327435
7705,864691135346954143,train,MartFam,MartFam,2.217538,4.5279098,1.564217
7493,864691135210446457,train,MartFam,MartFam,2.8585742,4.20154,0.8106715
192,864691135774177531,test,L2IT,pyramidal,7.8086596,5.3932076,2.8733041
150,864691135295165196,test,L4IT,pyramidal,4.5265493,6.9219556,2.351716
9882,864691135739131780,train,MartFam,MartFam,5.50114,7.3144107,1.4334298
6943,864691135477104960,train,thalamocortical,thalamocortical,3.642829,7.7666445,2.2813725
546,864691135725842603,train,L4IT,pyramidal,6.8518934,9.734697,3.1866984
4471,864691135689015264,train,thalamocortical,thalamocortical,4.7031164,8.045665,2.1169455
269,864691135398762529,train,BipFam,BipFam,4.508241,6.202511,1.1990628
2478,864691135343509701,train,MartFam,MartFam,5.6842437,8.742367,2.932749
618,864691135060094107,train,L4IT,pyramidal,6.6296506,7.730943,1.8663425
370,864691136118430628,train,BipFam,BipFam,4.8656874,6.9956274,1.7827471
6591,864691135739131780,train,MartFam,MartFam,2.6707926,4.4480166,0.90859747
6616,864691135362357319,train,BasketFam,BasketFam,3.480889,5.954289,5.0506806
167,864691136118430628,train,BipFam,BipFam,5.65045,6.8864484,1.0672112
389,864691135396940021,train,L4IT,pyramidal,6.7757072,8.004733,2.5942986
3945,864691135778116013,train,BasketFam,BasketFam,2.402166,4.8927083,6.3655195
2951,864691135778290109,train,BasketFam,BasketFam,3.2338796,6.131108,6.36948
201,864691136125411622,test,L3IT,pyramidal,4.6919513,7.7893324,2.942723
1661,864691136927366986,train,thalamocortical,thalamocortical,3.3939142,6.3560085,2.7022655
839,864691135689555680,train,NglFam,NglFam,4.098876,5.0290537,2.1302662
239,864691135693735103,train,NglFam,NglFam,6.4337034,9.423835,2.4147203
2327,864691136523971473,train,BipFam,BipFam,7.5275536,8.950706,2.3589685
634,864691135431441968,train,thalamocortical,thalamocortical,2.2768977,6.6209435,3.5087888
911,864691135465795653,train,BasketFam,BasketFam,2.9766016,5.7004166,6.7420344
877,864691135106309709,train,NglFam,NglFam,7.0162864,9.614177,1.8759375
803,864691135113360025,test,BasketFam,BasketFam,1.8813062,7.9323034,5.5518847
1171,864691135495529360,test,BasketFam,BasketFam,3.1465254,8.83497,5.487001
727,864691135106309709,train,NglFam,NglFam,5.604165,8.541968,4.7905183
798,864691136108370905,train,BipFam,BipFam,5.9088664,7.963462,1.167751
6578,864691135891796617,train,BasketFam,BasketFam,2.083692,4.829046,5.688795
715,864691134887444986,test,NglFam,NglFam,4.1872754,5.9727097,1.554539
209,864691134966495519,train,L3IT,pyramidal,6.8887033,7.966797,1.8158847
1734,864691135503782210,test,BipFam,BipFam,6.3454146,8.02544,4.957158
2589,864691135470860370,test,BipFam,BipFam,3.6109695,4.8414197,1.2993178
85,864691135988742147,train,L4IT,pyramidal,6.3624067,7.730573,2.7709262
43,864691136524282001,train,NglFam,NglFam,6.58393,4.3163195,1.9566063
2513,864691135470255698,train,thalamocortical,thalamocortical,2.23541,8.302169,4.255764
1081,864691135562950369,train,BipFam,BipFam,5.9567657,6.7865705,4.398492
198,864691135404765166,train,MartFam,MartFam,4.4012237,7.4758487,2.1029549
239,864691135994235841,train,L5IT,pyramidal,6.8178034,9.059653,3.8159099
238,864691135772774651,test,MartFam,MartFam,2.109135,5.3478746,2.5250616
1811,864691136381324501,train,BasketFam,BasketFam,2.932592,4.8914714,5.79969
1443,864691135369668089,train,BasketFam,BasketFam,2.019567,6.4262037,4.6527877
98,864691135562950369,train,BipFam,BipFam,4.609747,5.361507,2.685407
5219,864691135875919502,test,MartFam,MartFam,1.7704719,5.3563743,2.437196
297,864691136058602712,train,thalamocortical,thalamocortical,2.8735492,7.7450695,3.7719946
2231,864691135566979927,train,MartFam,MartFam,5.295866,6.0033154,4.37143
642,864691136372954248,test,NglFam,NglFam,3.156321,6.6136794,2.5202272
269,864691135885996912,train,BipFam,BipFam,4.405938,6.5584393,3.8766704
1424,864691136381325781,train,L5IT,pyramidal,6.5168147,7.618146,2.6749198
1703,864691135134565280,train,BasketFam,BasketFam,3.923781,5.5853467,5.2665925
622,864691135659538306,train,thalamocortical,thalamocortical,5.0461774,6.659039,0.984704
2473,864691136288755395,train,thalamocortical,thalamocortical,3.388638,7.5773177,2.221043
3642,864691135571440006,train,MartFam,MartFam,7.104303,4.6974297,3.1390991
689,864691136013554851,train,L4IT,pyramidal,4.211238,7.080063,1.729644
21,864691136336204979,train,NglFam,NglFam,4.1812363,4.519387,0.9929786
612,864691135689296608,train,BasketFam,BasketFam,2.7896252,5.2042465,5.1306763
5510,864691135477104960,train,thalamocortical,thalamocortical,1.7003381,6.9603114,3.0187438
736,864691135689555680,train,NglFam,NglFam,6.270965,3.7905104,2.0209253
2972,864691136011549614,train,BipFam,BipFam,5.136368,5.351854,1.2052255
34,864691135840033171,train,NglFam,NglFam,4.45587,7.277356,1.9297286
221,864691136138756221,train,BipFam,BipFam,7.128628,8.649556,2.1807828
267,864691136052366067,train,L2IT,pyramidal,7.067397,8.559105,2.7003012
66,864691136372954248,test,NglFam,NglFam,4.845345,6.8642554,1.7720635
436,864691135892176009,train,MartFam,MartFam,4.0269103,7.0804853,2.0588264
98,864691136137210507,train,BipFam,BipFam,6.4865108,8.876473,3.4783785
1049,864691135210178169,test,BasketFam,BasketFam,2.325242,6.5518484,4.817946
373,864691135764631862,train,L3IT,pyramidal,4.2055063,6.4150906,2.8284135
2317,864691135499752723,train,BasketFam,BasketFam,3.5634685,5.876719,6.463754
41,864691135490326074,train,L2IT,pyramidal,5.3202367,8.951734,4.746733
566,864691135562410721,test,L6IT,pyramidal,6.6092544,9.3796625,2.8485336
1877,864691135499765267,train,MartFam,MartFam,2.3122494,4.4058456,1.551215
296,864691135860969064,train,L4IT,pyramidal,5.9931273,6.4268336,3.481558
737,864691136484732972,train,L4IT,pyramidal,5.3401623,8.634818,3.9998746
1623,864691135369668089,train,BasketFam,BasketFam,1.816036,5.924683,5.0285487
3636,864691135210443897,train,BasketFam,BasketFam,3.6228888,5.7211614,5.5336304
7672,864691135212863360,train,MartFam,MartFam,3.2333977,5.966162,5.592082
923,864691135106309709,train,NglFam,NglFam,4.0376177,9.535596,5.160292
467,864691135464595518,train,BasketFam,BasketFam,2.4642353,7.5168185,5.383382
4782,864691135562001633,train,MartFam,MartFam,3.3054638,6.9673367,4.9559584
645,864691136453186559,train,BasketFam,BasketFam,3.8358684,6.7948527,6.26262
430,864691135303514791,train,NglFam,NglFam,7.2961726,3.9975815,2.7705653
119,864691135997428394,test,thalamocortical,thalamocortical,2.1790502,6.879817,3.9543593
266,864691135369002233,train,L6CT,pyramidal,5.581489,7.430628,2.2442703
789,864691136954050527,train,L4IT,pyramidal,4.884662,8.283659,3.485746
3267,864691136118294692,train,thalamocortical,thalamocortical,3.9244459,6.3005404,1.162143
4762,864691135774221643,train,MartFam,MartFam,6.076491,8.583332,1.4798014
336,864691135616048587,train,L4IT,pyramidal,7.583938,6.235016,3.2348459
192,864691136125457446,test,L4IT,pyramidal,5.9844813,8.946974,2.8858635
1885,864691135387277397,test,thalamocortical,thalamocortical,1.044941,7.0914006,2.7598143
5076,864691136268801012,test,BasketFam,BasketFam,1.767581,5.0544496,6.2427406
1357,864691136372954248,test,NglFam,NglFam,3.2569673,8.142099,3.364058
4271,864691135584019053,test,MartFam,MartFam,6.284044,5.940227,1.5604115
347,864691135686399415,train,BipFam,BipFam,1.547737,6.6636434,2.8928711
3886,864691136145494068,train,BasketFam,BasketFam,1.505249,5.544973,4.84539
379,864691136086632812,train,NglFam,NglFam,5.2036767,4.4836187,1.015984
49,864691135990564864,train,NglFam,NglFam,7.4555874,3.6601858,2.6351707
691,864691135119709149,train,L3IT,pyramidal,5.5736747,7.2451115,1.3915297
1854,864691135196475434,train,MartFam,MartFam,1.731153,5.126098,2.2858348
1529,864691135503782210,test,BipFam,BipFam,6.1586924,9.243412,2.0074284
2892,864691135339982310,train,BasketFam,BasketFam,1.4112685,5.731962,4.9663563
334,864691135616235979,train,BipFam,BipFam,6.5553803,9.1149235,4.0313244
23,864691135927533070,train,L6IT,pyramidal,4.8682113,8.71706,3.87811
9213,864691136011485614,test,BasketFam,BasketFam,4.2519403,5.497668,4.912124
5175,864691135528046939,train,MartFam,MartFam,2.8165522,4.428221,1.2376367
209,864691135725838763,train,L6IT,pyramidal,4.372153,9.384776,4.356436
1960,864691135464678206,train,MartFam,MartFam,7.004607,4.768485,2.2933025
421,864691136273370302,train,NglFam,NglFam,6.1836443,7.091594,4.6722064
3169,864691136053350131,test,thalamocortical,thalamocortical,1.0115315,7.1635118,2.6099644
726,864691135689555680,train,NglFam,NglFam,1.4350109,6.7178307,2.3404546
6106,864691135869457430,train,BasketFam,BasketFam,3.0301,5.1903934,6.499299
708,864691136273370302,train,NglFam,NglFam,4.6711273,9.305972,4.8583837
609,864691136125440038,train,L4IT,pyramidal,2.316012,6.6018753,2.4782982
986,864691135214970752,train,BipFam,BipFam,4.6511803,9.072739,4.6615543
1841,864691136487168530,train,MartFam,MartFam,6.809087,8.655308,1.6383137
596,864691135857976366,train,BipFam,BipFam,5.53415,4.74767,1.6437218
3128,864691136392806271,train,BasketFam,BasketFam,1.9659078,7.537133,5.920776
292,864691136239793212,test,NglFam,NglFam,7.5012836,9.672342,3.093034
563,864691135778290109,train,BasketFam,BasketFam,3.7367976,6.4297724,5.8648753
722,864691135772774651,test,MartFam,MartFam,3.7366629,5.2161217,3.486284
255,864691136058646488,test,L2IT,pyramidal,6.268102,7.8112774,3.6799362
128,864691135764678198,test,MartFam,MartFam,3.0493224,4.6341434,1.2663704
6034,864691136007128778,test,MartFam,MartFam,2.7096632,4.263937,1.0777706
2264,864691134989909114,test,MartFam,MartFam,6.8029323,4.1356187,2.1078053
359,864691135271915173,train,MartFam,MartFam,6.5715976,6.683157,4.126965
70,864691134966249759,train,thalamocortical,thalamocortical,1.831602,6.819738,3.2803435
3568,864691136314120765,train,BasketFam,BasketFam,2.2401154,4.678419,6.2022285
11606,864691135858282030,train,MartFam,MartFam,3.048503,7.4404697,3.707144
1467,864691135940881830,train,MartFam,MartFam,7.6724353,4.2150183,2.340352
59,864691135293096118,train,NglFam,NglFam,1.7453752,6.7269464,2.1358485
2274,864691136007059658,test,BipFam,BipFam,3.768737,7.962984,4.1887465
172,864691135689555680,train,NglFam,NglFam,4.890624,4.3387213,2.031349
3785,864691135756844242,test,MartFam,MartFam,5.3448052,4.7295823,0.73631537
123,864691136058804696,train,BipFam,BipFam,7.2126694,7.812487,2.000483
1993,864691135858282030,train,MartFam,MartFam,3.446961,5.2413316,3.0055358
6607,864691135720572977,train,MartFam,MartFam,3.4807642,4.6808953,1.3115191
2948,864691136595955362,train,MartFam,MartFam,6.276924,6.250791,3.4492624
120,864691135685030130,train,thalamocortical,thalamocortical,3.3778327,5.1015177,3.1482356
146,864691135396115189,train,L6IT,pyramidal,5.168753,9.086126,4.6313314
565,864691136239793212,test,NglFam,NglFam,7.2362747,8.890245,2.3472269
4531,864691136033871035,train,thalamocortical,thalamocortical,3.7776732,6.927144,3.651146
610,864691135689555680,train,NglFam,NglFam,6.3431344,3.718393,2.1579864
237,864691134966249759,train,thalamocortical,thalamocortical,2.2584033,6.6003084,2.1710978
3901,864691135875919502,test,MartFam,MartFam,2.1212287,5.5477242,2.6824627
125,864691136742244188,train,L4IT,pyramidal,6.0066333,6.8683157,1.5558773
486,864691135756844242,test,MartFam,MartFam,6.8710866,4.8056774,1.8980001
1817,864691136118878116,train,MartFam,MartFam,2.5049725,4.9768753,1.410188
1012,864691135343506885,train,BipFam,BipFam,4.0903935,7.6331105,2.8295305
1080,864691135478434216,train,BasketFam,BasketFam,3.511046,5.1868677,5.8893995
2165,864691135499616019,train,BasketFam,BasketFam,2.3647528,5.1641955,5.788331
7957,864691135464991645,train,thalamocortical,thalamocortical,4.4391365,7.8551736,1.7107211
1626,864691136372954248,test,NglFam,NglFam,4.0752945,7.766421,2.7351608
1671,864691135954480163,train,MartFam,MartFam,2.33029,4.406721,1.349888
3018,864691135470255698,train,thalamocortical,thalamocortical,4.892121,6.2404065,1.098151
1679,864691135685030130,train,thalamocortical,thalamocortical,2.8216794,6.052492,3.0576735
1596,864691136058602712,train,thalamocortical,thalamocortical,3.5897012,5.9730744,3.030377
532,864691136372954248,test,NglFam,NglFam,5.0834208,4.5959625,1.23172
2240,864691136453186559,train,BasketFam,BasketFam,3.2820227,6.616687,5.7819204
109,864691136524282001,train,NglFam,NglFam,4.3537216,4.987188,2.159002
519,864691136391024144,train,NglFam,NglFam,6.6676702,3.983663,2.0798466
5671,864691136330880234,train,MartFam,MartFam,3.0130532,5.537313,2.6789598
988,864691135503836253,train,L4IT,pyramidal,7.006348,9.346703,3.4529548
650,864691135689555680,train,NglFam,NglFam,7.541082,8.233479,3.349984
1660,864691135562001633,train,MartFam,MartFam,1.0773474,5.6542873,4.918682
462,864691135817952079,train,BasketFam,BasketFam,5.5264297,7.3758793,2.1455564
4273,864691135703016059,train,MartFam,MartFam,4.2254395,4.68562,0.46084666
2838,864691136091233847,train,thalamocortical,thalamocortical,1.9239916,7.0457087,2.3761117
10165,864691135858282030,train,MartFam,MartFam,4.5301743,6.8073816,1.491318
633,864691136453442303,train,L4IT,pyramidal,4.483114,5.8209805,2.5973547
113,864691135941300993,train,L4IT,pyramidal,3.9848983,6.8336797,1.3748608
673,864691135386963541,train,L4IT,pyramidal,7.8506126,7.340121,2.7295015
2492,864691135566979927,train,MartFam,MartFam,1.793089,5.199815,2.392695
2313,864691136268801012,test,BasketFam,BasketFam,1.4765472,5.8937936,5.6216946
89,864691135954940424,train,BipFam,BipFam,7.514472,9.162941,2.5410593
203,864691135941886118,train,BipFam,BipFam,3.0695276,5.058533,3.0083022
1062,864691135562001633,train,MartFam,MartFam,1.9250466,4.5250797,5.732586
276,864691135741458324,train,L2IT,pyramidal,6.2935724,6.4588037,2.8760505
1115,864691135343601093,train,BasketFam,BasketFam,2.530183,7.806431,5.652
335,864691135840033171,train,NglFam,NglFam,4.7677035,6.9966984,1.7521716
117,864691136034084795,train,L3IT,pyramidal,5.901296,8.888263,2.9210975
642,864691135997428394,test,thalamocortical,thalamocortical,5.4435697,6.153663,1.001726
5075,864691135689015264,train,thalamocortical,thalamocortical,3.958532,6.0616403,1.5322409
1934,864691135492888039,test,BasketFam,BasketFam,2.2244844,6.84531,4.743719
903,864691134949248508,test,L5IT,pyramidal,7.5902805,5.969689,2.7576094
3277,864691135528046939,train,MartFam,MartFam,2.2676063,4.935388,2.2699482
167,864691136925008100,train,BipFam,BipFam,3.5565312,8.910246,4.8436837
404,864691135977768259,train,BasketFam,BasketFam,2.9979854,5.8661838,6.610774
175,864691135464946757,test,BasketFam,BasketFam,2.0785832,6.4879985,5.00587
3749,864691135373601736,train,BasketFam,BasketFam,1.8078073,7.8471737,5.7000546
9059,864691135779780797,test,MartFam,MartFam,3.2616162,4.059399,0.74165756
128,864691135840033171,train,NglFam,NglFam,6.241822,8.907617,1.6371249
2557,864691135405480430,train,BasketFam,BasketFam,2.2345612,5.024055,5.9656415
5259,864691135294194358,train,thalamocortical,thalamocortical,2.7554522,6.8241644,2.1225817
89,864691137198382657,train,L2IT,pyramidal,5.705741,6.775462,1.6806536
4132,864691136067404440,test,MartFam,MartFam,0.7485255,6.0142064,2.667317
642,864691135562001633,train,MartFam,MartFam,2.4142277,4.9682717,5.96538
109,864691136086632812,train,NglFam,NglFam,6.4325447,6.4383345,2.2435462
8927,864691135739131780,train,MartFam,MartFam,3.3609002,4.354669,1.80799
6787,864691135477104960,train,thalamocortical,thalamocortical,2.2089577,7.9699903,4.0587835
4140,864691135997428394,test,thalamocortical,thalamocortical,5.243653,5.9133754,2.4312308
650,864691135106309709,train,NglFam,NglFam,6.564853,9.389884,3.6584613
71,864691135373601736,train,BasketFam,BasketFam,3.4988747,6.7951574,6.4935703
63,864691135477104960,train,thalamocortical,thalamocortical,2.7421584,7.454788,2.6374917
72,864691136489623826,train,BasketFam,BasketFam,2.6014192,6.6844006,1.0351138
462,864691135689555680,train,NglFam,NglFam,6.4154987,4.0398674,2.7663767
2750,864691136067404440,test,MartFam,MartFam,4.1508713,4.9749575,3.7574456
470,864691136620914829,train,L4IT,pyramidal,7.4803205,7.9885373,3.5520253
963,864691135503782210,test,BipFam,BipFam,4.268964,9.484828,4.907402
895,864691135885917808,train,BasketFam,BasketFam,2.6271331,4.9181767,2.1997907
4270,864691136007059658,test,BipFam,BipFam,5.7565355,6.1971226,3.2354126
4546,864691135755605197,train,thalamocortical,thalamocortical,3.529264,7.440039,3.2998157
362,864691136239793212,test,NglFam,NglFam,6.6905336,7.501158,1.8158197
855,864691135492600167,train,BasketFam,BasketFam,1.8180453,7.836487,5.7256637
1175,864691136118430628,train,BipFam,BipFam,4.6053452,6.627108,0.986098
5324,864691135779780797,test,MartFam,MartFam,3.769757,4.5860314,0.6193503
3976,864691135442598728,train,BasketFam,BasketFam,2.970338,5.582703,5.985435
497,864691135566902039,train,BipFam,BipFam,2.2087395,7.701101,4.2771864
5653,864691135448017554,train,BasketFam,BasketFam,3.5240932,6.4142933,5.0840325
2203,864691135343506885,train,BipFam,BipFam,5.497321,5.043657,1.6650141
6288,864691135362357319,train,BasketFam,BasketFam,1.5126411,5.9308105,4.6966405
1337,864691135477104960,train,thalamocortical,thalamocortical,2.248993,6.919448,2.8810444
486,864691135119335645,train,thalamocortical,thalamocortical,5.838516,9.287187,3.8141236
8602,864691135346954143,train,MartFam,MartFam,3.0421898,4.106073,0.7149161
110,864691135570381292,test,BipFam,BipFam,4.8857417,8.527558,4.2193847
756,864691135783317840,train,thalamocortical,thalamocortical,3.4840236,8.677664,4.677746
105,864691136381243349,train,L4IT,pyramidal,7.473615,8.110879,3.1961815
673,864691136273370302,train,NglFam,NglFam,3.287226,8.09859,3.9372203
1990,864691135405480430,train,BasketFam,BasketFam,2.954431,5.0685406,6.4719057
168,864691135912137641,train,BasketFam,BasketFam,2.0746074,7.550852,5.8529906
2686,864691135309486662,train,BasketFam,BasketFam,2.3554103,6.0124245,4.550611
3061,864691136011485614,test,BasketFam,BasketFam,2.6180139,5.0260134,6.429218
139,864691136086632812,train,NglFam,NglFam,7.1486588,6.155078,2.6446424
69,864691135693735103,train,NglFam,NglFam,4.4817033,9.473393,4.938381
161,864691136619529179,test,L2IT,pyramidal,7.890839,5.149163,2.7948537
164,864691135584019053,test,MartFam,MartFam,1.9833912,5.8850427,2.6489074
2759,864691136523971473,train,BipFam,BipFam,4.8412857,7.031576,1.7071707
677,864691135343506885,train,BipFam,BipFam,6.9784193,6.625033,3.7333944
1148,864691136595955362,train,MartFam,MartFam,2.9304368,8.096602,4.2577543
163,864691135511861968,test,MartFam,MartFam,3.8321526,7.0051417,6.1809416
2549,864691135210446457,train,MartFam,MartFam,2.9268136,4.5965333,1.9200805
4505,864691136595955362,train,MartFam,MartFam,4.2361703,5.8813515,0.9271071
99,864691136336204979,train,NglFam,NglFam,7.716093,4.4724374,2.612468
121,864691135336847849,train,L2IT,pyramidal,6.060875,6.5041904,2.5391347
1635,864691135346954143,train,MartFam,MartFam,4.4809575,6.437945,1.2432595
45,864691136742244188,train,L4IT,pyramidal,6.1028,9.61566,2.502285
106,864691135303514791,train,NglFam,NglFam,7.215281,3.981258,3.0398543
4456,864691135119335645,train,thalamocortical,thalamocortical,3.0367417,8.606522,3.61577
250,864691135442606920,train,L2IT,pyramidal,4.2210436,7.30865,3.0822942
519,864691135742677867,train,BipFam,BipFam,5.839224,6.806734,1.7422048
1475,864691136211068860,train,BasketFam,BasketFam,3.3549612,7.1343913,6.23189
1235,864691136137064075,train,BipFam,BipFam,3.901608,9.229405,4.167889
103,864691135309733190,train,NglFam,NglFam,7.2961497,3.7118444,2.8882396
571,864691135465571653,train,L6IT,pyramidal,5.966328,6.8041778,4.642767
459,864691136137168779,train,BipFam,BipFam,4.463106,5.836562,2.9752831
1259,864691135778081453,train,thalamocortical,thalamocortical,2.2134295,8.107604,3.0744069
1026,864691136372954248,test,NglFam,NglFam,6.5850368,7.9500647,3.7469134
4541,864691137022180974,test,MartFam,MartFam,1.1304713,5.925616,2.2668772
726,864691136390675216,train,BasketFam,BasketFam,3.3719172,5.4722753,6.378102
4321,864691135464991645,train,thalamocortical,thalamocortical,4.191263,5.2396097,4.0023327
3572,864691136195284556,train,MartFam,MartFam,4.744438,4.3785095,0.7198641
2417,864691135920591792,train,BasketFam,BasketFam,1.5580893,6.3517923,4.5402727
1824,864691137056216950,train,MartFam,MartFam,2.2214324,6.730087,3.1653545
1198,864691136364183266,train,BasketFam,BasketFam,3.6450794,5.654051,5.9286294
2147,864691134966621471,train,MartFam,MartFam,4.0360665,4.7294326,0.55427647
459,864691135106309709,train,NglFam,NglFam,6.8511777,9.704509,1.5376679
720,864691135689555680,train,NglFam,NglFam,4.4745836,7.6107345,4.0942473
3498,864691135755605197,train,thalamocortical,thalamocortical,1.2851359,6.714991,2.4281723
2148,864691135499624723,train,BasketFam,BasketFam,4.135701,5.690814,5.1515703
3372,864691134886037498,train,MartFam,MartFam,1.765149,7.3621316,5.194679
7747,864691136011485614,test,BasketFam,BasketFam,2.170858,7.6694236,5.7396073
567,864691136086632812,train,NglFam,NglFam,7.072391,7.804372,3.2786775
851,864691136814025587,train,BasketFam,BasketFam,2.8197765,5.7100573,6.499146
1475,864691136372954248,test,NglFam,NglFam,4.6310897,4.280551,1.0628499
464,864691135398762529,train,BipFam,BipFam,4.4306316,6.7916703,0.8673899
252,864691136524282001,train,NglFam,NglFam,6.684967,4.125607,3.0856926
13360,864691135210446457,train,MartFam,MartFam,3.1516979,4.0395203,0.59275544
202,864691136619693275,train,L4IT,pyramidal,4.863055,6.3585563,1.0601442
2392,864691135866821340,train,thalamocortical,thalamocortical,0.87531954,6.826569,2.9223034
1411,864691136288755395,train,thalamocortical,thalamocortical,3.0041566,8.037129,2.5940552
2840,864691135878586963,test,thalamocortical,thalamocortical,1.2290946,7.022349,2.374633
4290,864691136390675216,train,BasketFam,BasketFam,3.050084,4.6837792,5.25145
232,864691135890948233,train,L4IT,pyramidal,4.4232125,5.5799356,3.3159544
373,864691136905203378,test,L4IT,pyramidal,6.60563,8.009336,2.5759957
2554,864691135448017554,train,BasketFam,BasketFam,4.983094,6.3972917,2.9117527
323,864691135572576237,train,L2IT,pyramidal,6.739137,7.4479504,2.661917
1,864691134966249759,train,thalamocortical,thalamocortical,2.991928,7.483994,3.8064792
2100,864691135778081453,train,thalamocortical,thalamocortical,2.2639003,5.839319,2.9301474
2103,864691135387551061,train,BasketFam,BasketFam,2.2389953,5.1756325,5.40389
206,864691135717163802,train,L2IT,pyramidal,6.5845203,7.544176,2.2736588
5183,864691135309486662,train,BasketFam,BasketFam,1.5459044,6.756763,5.6783347
325,864691136006493898,test,L4IT,pyramidal,4.5790534,5.5080204,3.945897
207,864691135106309709,train,NglFam,NglFam,6.5791564,9.050583,3.0621142
3958,864691135858282030,train,MartFam,MartFam,3.2137117,5.2050123,2.9264524
42,864691136311451226,train,L6IT,pyramidal,4.466128,9.613628,4.816286
420,864691137198691137,train,L2IT,pyramidal,5.8352656,8.92682,2.9613051
2182,864691135361291591,train,MartFam,MartFam,3.8576202,9.094952,4.777982
8385,864691136595955362,train,MartFam,MartFam,6.0654726,6.903551,1.3970901
754,864691135928029966,train,thalamocortical,thalamocortical,4.0160756,6.90635,1.0221545
601,864691136211068860,train,BasketFam,BasketFam,2.109109,7.917651,5.9315605
2419,864691135470255698,train,thalamocortical,thalamocortical,2.300617,6.9347725,3.6206298
1238,864691135659538306,train,thalamocortical,thalamocortical,5.634147,6.124003,3.3321917
482,864691135210358137,train,L4IT,pyramidal,6.9411216,7.9232855,2.193789
881,864691135689555680,train,NglFam,NglFam,3.0252068,4.7484965,4.562471
364,864691136364166370,train,BipFam,BipFam,3.3582084,6.94078,2.2886677
1109,864691136025504569,train,L4IT,pyramidal,5.2050166,8.528511,3.8427002
136,864691136391024144,train,NglFam,NglFam,3.150766,5.0842595,2.842557
3514,864691136314120765,train,BasketFam,BasketFam,1.9026744,5.1845055,5.4591017
1270,864691135778081453,train,thalamocortical,thalamocortical,2.8973436,7.0978627,1.5267044
514,864691134887444986,test,NglFam,NglFam,3.3827643,8.115889,4.0108876
4168,864691136288755395,train,thalamocortical,thalamocortical,2.233924,7.4842186,2.5832512
1280,864691135742895723,test,BipFam,BipFam,2.7642512,5.530057,3.2803154
120,864691135212863360,train,MartFam,MartFam,3.342862,6.247135,6.67458
2338,864691136091233847,train,thalamocortical,thalamocortical,3.8125505,7.591615,1.3867912
3145,864691135119335645,train,thalamocortical,thalamocortical,2.640295,6.2435656,2.6915739
117,864691136118686884,test,L3IT,pyramidal,5.5383067,7.1509786,2.8305092
1524,864691135928029966,train,thalamocortical,thalamocortical,4.1361456,5.767793,0.8052933
665,864691134887444986,test,NglFam,NglFam,6.121593,6.705005,2.3233857
1085,864691135084038647,train,MartFam,MartFam,2.061753,5.9418616,2.7095885
790,864691136100014453,train,BipFam,BipFam,7.257889,9.215449,2.2589464
253,864691135493031519,train,L4IT,pyramidal,4.1653814,8.8556385,4.3255153
173,864691135294194358,train,thalamocortical,thalamocortical,2.2650602,6.722416,1.9865271
438,864691135492614239,train,MartFam,MartFam,7.868088,4.655774,2.5392196
530,864691135778290109,train,BasketFam,BasketFam,3.3827007,6.326249,5.9906244
222,864691135939049988,train,L3IT,pyramidal,2.8713012,8.743362,3.8840811
2935,864691136453186559,train,BasketFam,BasketFam,2.705901,7.084905,5.2791915
1237,864691135478095016,train,BasketFam,BasketFam,1.0006926,6.8113756,3.8112934
133,864691135115194009,train,BipFam,BipFam,4.3407297,9.568512,4.905272
799,864691135585989240,train,BasketFam,BasketFam,1.8618084,7.2813425,5.7921076
116,864691135742102635,train,L4IT,pyramidal,6.2799797,8.484157,3.8713677
3411,864691136288755395,train,thalamocortical,thalamocortical,2.125688,7.787169,2.6871102
888,864691136523971473,train,BipFam,BipFam,4.477767,9.45614,4.7892337
900,864691135235206489,train,MartFam,MartFam,7.9432087,5.485965,2.8088057
627,864691135689015264,train,thalamocortical,thalamocortical,1.7958401,7.539776,2.690186
1304,864691136372954248,test,NglFam,NglFam,2.795266,4.947928,2.4701004
8269,864691136390905207,train,MartFam,MartFam,3.473139,6.636337,2.8330743
1922,864691135994158785,test,MartFam,MartFam,2.8047113,7.9611187,5.1912646
430,864691136968773070,train,L4IT,pyramidal,4.6239824,5.5845103,3.8186984
4250,864691136138695549,train,BasketFam,BasketFam,3.34858,5.590443,6.417439
479,864691136053350131,test,thalamocortical,thalamocortical,1.2429122,6.628805,3.3531134
366,864691136196240342,test,BipFam,BipFam,6.216242,7.850722,1.1465883
2117,864691135343506885,train,BipFam,BipFam,7.7077956,7.423783,2.7732465
921,864691136288755395,train,thalamocortical,thalamocortical,4.3052416,5.6457314,3.4082336
2371,864691135779780797,test,MartFam,MartFam,3.8760836,4.378889,0.48973733
28,864691136091233847,train,thalamocortical,thalamocortical,4.2200603,7.259355,2.2414258
2002,864691136120465944,train,thalamocortical,thalamocortical,1.7784193,6.1051526,4.416337
31,864691136524282001,train,NglFam,NglFam,5.3041377,6.753041,1.5787686
11,864691136274488254,train,L4IT,pyramidal,6.525297,8.45022,3.3316622
1968,864691136523971473,train,BipFam,BipFam,6.207514,4.907556,2.593284
281,864691136372954248,test,NglFam,NglFam,3.4279354,6.7866497,2.676686
631,864691135584316781,train,BasketFam,BasketFam,2.9173489,4.611107,5.025797
1655,864691135503782210,test,BipFam,BipFam,4.117661,8.042128,2.1104503
2034,864691136011485614,test,BasketFam,BasketFam,1.5000674,7.3235464,5.261914
5855,864691135858282030,train,MartFam,MartFam,2.1976697,4.9138603,2.009436
407,864691136288755395,train,thalamocortical,thalamocortical,2.8525345,6.9613066,1.6510788
1671,864691135573245165,train,BasketFam,BasketFam,5.2435474,4.296399,1.476802
1390,864691136372954248,test,NglFam,NglFam,4.792473,5.8354416,2.006406
1351,864691136453183487,test,MartFam,MartFam,1.9883066,5.913144,2.9205291
173,864691135701340194,train,BasketFam,BasketFam,2.8696268,6.172368,6.0095115
3299,864691135977768259,train,BasketFam,BasketFam,3.264854,5.9283156,6.600672
696,864691135839577235,train,MartFam,MartFam,4.443807,7.386016,2.5060952
1093,864691135659538306,train,thalamocortical,thalamocortical,4.231447,6.9465766,2.2715614
1216,864691136484876588,train,MartFam,MartFam,5.985157,7.237179,1.9644841
83,864691136391024144,train,NglFam,NglFam,3.3064828,5.8223658,2.4615843
226,864691135309733190,train,NglFam,NglFam,7.84871,3.832398,2.4061685
2115,864691136011549614,train,BipFam,BipFam,6.124107,6.7136683,3.833624
2150,864691135339982310,train,BasketFam,BasketFam,1.8658154,6.827757,5.396578
201,864691135689555680,train,NglFam,NglFam,4.1136427,4.7211795,1.394183
498,864691135060784027,test,thalamocortical,thalamocortical,2.9000635,6.8359737,2.2248156
3739,864691135571356038,test,MartFam,MartFam,6.4095387,6.3273063,3.8911557
43,864691135686399415,train,BipFam,BipFam,7.0021324,7.2436695,2.4601488
123,864691135892048777,train,L2IT,pyramidal,5.6063485,6.3938646,1.2644832
2515,864691135442598728,train,BasketFam,BasketFam,1.8120844,5.467056,4.9463263
196,864691135990564864,train,NglFam,NglFam,7.1718807,3.4037416,2.2034407
962,864691135060784027,test,thalamocortical,thalamocortical,5.621726,6.4835305,1.3949547
562,864691136314126653,train,BipFam,BipFam,6.1603174,6.434924,2.0756006
5265,864691136118878116,train,MartFam,MartFam,4.3079066,5.439937,0.49175683
50,864691136086632812,train,NglFam,NglFam,6.000599,4.406857,1.6449271
81,864691135990564864,train,NglFam,NglFam,7.448402,3.3944175,2.1347454
4640,864691135997428394,test,thalamocortical,thalamocortical,3.7195296,6.6141787,3.4112258
201,864691135504168285,train,L4IT,pyramidal,6.22307,8.237933,3.1540399
1383,864691136120465944,train,thalamocortical,thalamocortical,4.0630684,8.365531,3.8272283
2809,864691136392806271,train,BasketFam,BasketFam,3.737559,5.5248513,5.4361424
377,864691136391024144,train,NglFam,NglFam,3.6794918,6.1746707,3.4396665
2841,864691135997140906,train,BipFam,BipFam,3.5226464,7.158218,3.0469642
5839,864691136381324501,train,BasketFam,BasketFam,3.0176792,7.242239,0.65563995
1689,864691136007059658,test,BipFam,BipFam,5.9555736,6.9042225,1.7300742
16,864691135689555680,train,NglFam,NglFam,7.128735,4.797404,2.8548572
975,864691135499765267,train,MartFam,MartFam,1.8704658,5.094643,2.4775128
55,864691135727686463,train,BipFam,BipFam,6.8576446,8.673257,3.190915
458,864691135293096118,train,NglFam,NglFam,4.4221497,9.510051,3.9875507
1539,864691135779780797,test,MartFam,MartFam,4.23835,4.613877,0.50315493
112,864691135396720885,train,BasketFam,BasketFam,1.7141231,5.793341,5.476147
5862,864691136007059658,test,BipFam,BipFam,6.6364045,7.04182,1.7449322
4661,864691135398746401,train,MartFam,MartFam,2.4071708,7.201,3.5292447
7363,864691135939776309,train,MartFam,MartFam,7.7997184,4.57333,2.7703695
9273,864691135480702662,train,MartFam,MartFam,2.452256,8.107101,3.6956446
884,864691135997140906,train,BipFam,BipFam,6.8419275,7.5386515,2.915085
594,864691136138622333,train,BasketFam,BasketFam,2.1015918,5.7294474,5.3729343
162,864691135303514791,train,NglFam,NglFam,7.2882967,3.7187304,2.9157388
148,864691135764644150,train,BipFam,BipFam,4.8164253,6.708872,2.090883
1289,864691136523971473,train,BipFam,BipFam,6.1526713,8.405461,4.990028
225,864691135375655880,train,BipFam,BipFam,3.5851116,8.3255415,4.1683545
180,864691135994804394,train,BipFam,BipFam,2.7585568,8.395798,3.2895613
195,864691135955262472,test,L4IT,pyramidal,6.897151,8.667427,2.0330534
3696,864691135477104960,train,thalamocortical,thalamocortical,4.7119255,6.3348927,1.3024403
997,864691135659538306,train,thalamocortical,thalamocortical,6.276248,7.4273043,1.177092
3,864691136336204979,train,NglFam,NglFam,3.704421,4.772778,2.0486088
5883,864691136914542577,train,MartFam,MartFam,3.844794,4.348853,0.6481762
3013,864691136091233847,train,thalamocortical,thalamocortical,3.8395388,7.9195976,3.4594045
23,864691135755707597,train,BipFam,BipFam,5.5033183,5.133556,2.7562606
375,864691135106309709,train,NglFam,NglFam,5.987588,8.465983,4.9037585
491,864691135214977920,train,L4IT,pyramidal,6.016559,6.5179963,3.0623205
2076,864691135994158785,test,MartFam,MartFam,3.698891,7.998682,4.2369437
504,864691135409859785,train,L5IT,pyramidal,6.072525,8.784262,4.2585673
2254,864691135528046939,train,MartFam,MartFam,4.232914,4.7990646,0.35095063
34,864691135778081453,train,thalamocortical,thalamocortical,2.7522938,7.4041195,2.902479
325,864691136137210507,train,BipFam,BipFam,4.579837,5.874606,2.560602
907,864691135855890478,train,L2IT,pyramidal,6.9433556,9.0362,2.2895203
1124,864691135404765166,train,MartFam,MartFam,3.3710175,4.9910254,1.6539294
276,864691135662802416,train,L4IT,pyramidal,7.5667567,9.462088,2.6125255
894,864691135474179378,test,MartFam,MartFam,3.3092308,4.4030366,2.157748
152,864691136391024144,train,NglFam,NglFam,3.0842686,5.3235464,1.9434403
2660,864691135477104960,train,thalamocortical,thalamocortical,2.5904367,7.016782,1.5244675
126,864691136336204979,train,NglFam,NglFam,3.5851364,4.6596375,1.693354
1698,864691136927366986,train,thalamocortical,thalamocortical,5.2602305,7.70579,3.632156
94,864691135811335116,train,L6IT,pyramidal,5.96696,8.21706,4.6485863
4348,864691135772774651,test,MartFam,MartFam,2.9314282,4.3531017,1.1781906
1755,864691135756844242,test,MartFam,MartFam,3.8562415,5.807795,3.2570386
2827,864691135755605197,train,thalamocortical,thalamocortical,1.7100393,7.9221697,2.553786
378,864691135865774206,train,L4IT,pyramidal,7.3545322,8.006066,3.4261932
424,864691135928029966,train,thalamocortical,thalamocortical,3.306748,6.756878,3.8779848
2883,864691135281109665,train,BasketFam,BasketFam,2.2808664,4.6575875,6.0441103
686,864691136196383190,train,BasketFam,BasketFam,2.937205,5.637549,6.7555943
204,864691135727686463,train,BipFam,BipFam,4.609986,5.7581725,3.5971498
5373,864691135387529301,test,BasketFam,BasketFam,3.5491037,6.101459,5.2483783
240,864691135464671550,train,L2IT,pyramidal,6.807212,6.153411,2.1031144
6461,864691137022180974,test,MartFam,MartFam,2.147872,7.1747603,2.3651404
290,864691136391024144,train,NglFam,NglFam,7.0026994,4.01548,2.3702233
211,864691136239793212,test,NglFam,NglFam,5.562965,4.921635,1.4950525
3935,864691135294194358,train,thalamocortical,thalamocortical,4.508525,5.606367,4.4471836
559,864691135119709149,train,L3IT,pyramidal,5.9580393,6.3742847,2.9420383
1843,864691135464991645,train,thalamocortical,thalamocortical,2.854095,6.661047,3.6989462
140,864691135867965317,train,L5IT,pyramidal,3.0720267,7.046748,2.499364
439,864691135470860370,test,BipFam,BipFam,2.0581145,5.314082,4.511004
57,864691136195526120,train,L4IT,pyramidal,2.236566,7.07037,2.611505
40,864691135464678206,train,MartFam,MartFam,4.848343,4.3434424,1.385825
4747,864691135343509701,train,MartFam,MartFam,1.3871602,6.930381,2.3744462
906,864691135660772080,train,MartFam,MartFam,7.6251435,6.4799805,3.3273792
227,864691135878586963,test,thalamocortical,thalamocortical,1.4145628,7.0274515,2.2650566
1050,864691136487168530,train,MartFam,MartFam,7.5760684,9.965345,2.6388168
4585,864691135518791818,train,BasketFam,BasketFam,6.1937537,8.424429,4.961995
196,864691135347627423,train,BipFam,BipFam,3.8191516,6.758032,3.8850825
1455,864691135659538306,train,thalamocortical,thalamocortical,3.6808589,7.134723,0.8097624
2752,864691135212863360,train,MartFam,MartFam,5.596576,7.7739286,4.561911
986,864691135210178169,test,BasketFam,BasketFam,2.6815386,5.3991075,5.841921
141,864691134887444986,test,NglFam,NglFam,4.9157696,5.447261,0.97214746
4311,864691136288755395,train,thalamocortical,thalamocortical,5.3094788,7.4468637,2.8057654
1220,864691135431441968,train,thalamocortical,thalamocortical,2.6300979,5.97583,3.192085
377,864691135389168001,test,L2IT,pyramidal,7.4251013,9.049375,2.2757835
414,864691136364166370,train,BipFam,BipFam,4.3003864,6.1979995,1.1260142
632,864691136034433723,train,MartFam,MartFam,3.722149,4.4643316,2.588346
1353,864691135470860370,test,BipFam,BipFam,3.5861378,5.335668,1.0550728
4563,864691135210446457,train,MartFam,MartFam,3.3986797,4.5483036,0.9744171
202,864691135592678411,train,BipFam,BipFam,7.6493063,4.3774457,2.74286
387,864691136012173475,test,BipFam,BipFam,3.6416962,6.455959,3.5882146
2513,864691136489623826,train,BasketFam,BasketFam,3.4088824,7.9784274,2.6139073
4884,864691136288755395,train,thalamocortical,thalamocortical,4.1948204,6.3316913,1.3628032
5617,864691135346954143,train,MartFam,MartFam,2.3166301,7.8507366,2.1692097
5079,864691135477104960,train,thalamocortical,thalamocortical,3.3554077,5.001443,3.2416985
44,864691135878586963,test,thalamocortical,thalamocortical,1.4772056,6.97901,2.2980247
530,864691135587758716,train,L3IT,pyramidal,7.53929,9.958971,2.652379
570,864691136137168779,train,BipFam,BipFam,2.7834594,6.869247,2.6303368
2553,864691135569282284,train,MartFam,MartFam,1.6740501,6.916651,2.7986465
12835,864691135779780797,test,MartFam,MartFam,4.497191,4.5045214,0.5186669
208,864691136011485614,test,BasketFam,BasketFam,1.7549137,6.797088,5.0905943
124,864691135742677867,train,BipFam,BipFam,2.0760186,6.9437804,2.581577
2508,864691135470860370,test,BipFam,BipFam,2.09688,6.5353007,3.8972468
2848,864691136390905207,train,MartFam,MartFam,1.6719128,6.4912186,2.3632696
3400,864691135271970725,train,BasketFam,BasketFam,0.70143,5.8567996,4.459791
2535,864691136229366097,test,BasketFam,BasketFam,1.4751421,6.2828703,5.6474814
46,864691136239793212,test,NglFam,NglFam,6.732882,7.4180536,1.9552346
471,864691135474086450,train,BasketFam,BasketFam,2.0316305,7.3830967,5.775252
5799,864691135720572977,train,MartFam,MartFam,3.34072,4.308693,1.9086691
1213,864691135839577235,train,MartFam,MartFam,3.6741016,5.847348,1.5793618
628,864691136618553563,test,L3IT,pyramidal,6.333135,9.720205,2.210047
911,864691135689555680,train,NglFam,NglFam,4.0974317,6.1774235,2.81559
353,864691135293096118,train,NglFam,NglFam,5.780332,9.270055,3.5920649
1381,864691136523971473,train,BipFam,BipFam,7.359996,5.314747,2.4896653
612,864691136118430628,train,BipFam,BipFam,7.1468806,8.774476,2.2416816
1485,864691135990672896,train,MartFam,MartFam,4.8542914,5.486651,4.0678353
864,864691136009893294,train,L2IT,pyramidal,6.8535004,6.861381,3.9219112
346,864691136524282001,train,NglFam,NglFam,6.9370246,3.2942624,2.1740963
204,864691136967703758,train,L4IT,pyramidal,4.771907,8.276542,3.4165547
764,864691135891690121,train,BasketFam,BasketFam,3.630567,5.343247,5.5085363
254,864691135134585248,train,BipFam,BipFam,6.4579086,9.360777,2.2871351
244,864691135293096118,train,NglFam,NglFam,2.1370356,7.3331375,2.4306936
187,864691135293096118,train,NglFam,NglFam,0.9431506,6.790894,2.6913066
1099,864691136118430628,train,BipFam,BipFam,5.36369,7.2579813,1.8048836
386,864691136034526651,train,BipFam,BipFam,6.5855002,9.608327,3.6238804
3331,864691135119335645,train,thalamocortical,thalamocortical,2.0479772,6.7444615,2.5794897
662,864691135115194009,train,BipFam,BipFam,7.4082556,8.721044,2.5536368
3027,864691135477104960,train,thalamocortical,thalamocortical,5.5046263,4.8025775,1.7422985
3635,864691136118294692,train,thalamocortical,thalamocortical,3.418018,6.465794,0.84084755
234,864691136033871035,train,thalamocortical,thalamocortical,2.6495929,7.7196875,3.5633645
2724,864691135528046939,train,MartFam,MartFam,4.1589084,4.6145196,0.63392615
232,864691135810297885,train,BipFam,BipFam,6.9162316,8.410366,4.4294252
254,864691135511861968,test,MartFam,MartFam,4.0795135,4.6108575,1.66448
181,864691135430004016,train,L4IT,pyramidal,7.149024,8.215317,2.9063232
127,864691135566824983,test,BipFam,BipFam,4.487025,5.0580654,2.6500602
8622,864691135456535658,train,MartFam,MartFam,5.035164,6.576901,0.8612773
4,864691135387529301,test,BasketFam,BasketFam,1.9264692,6.7979803,4.7230096
216,864691136273370302,train,NglFam,NglFam,6.1779327,8.402599,4.967723
1665,864691136118878116,train,MartFam,MartFam,4.2775946,5.070562,0.533419
3434,864691135470255698,train,thalamocortical,thalamocortical,3.9528494,8.2223835,3.0923326
616,864691135566824983,test,BipFam,BipFam,5.85495,8.104819,1.2380837
453,864691136196240342,test,BipFam,BipFam,3.5683346,5.0582333,6.0252047
4482,864691136390675216,train,BasketFam,BasketFam,2.1023443,5.351794,3.0871375
380,864691136391024144,train,NglFam,NglFam,2.818581,5.350641,2.6376374
720,864691135755707597,train,BipFam,BipFam,6.354073,6.003181,1.6704075
446,864691135369651193,train,BipFam,BipFam,1.6342038,5.841028,4.1474524
264,864691135566979927,train,MartFam,MartFam,2.3200855,4.908049,2.2616303
240,864691134887444986,test,NglFam,NglFam,3.119235,6.7957172,2.6443303
134,864691135727929663,train,BasketFam,BasketFam,6.45368,3.9058266,2.733204
3551,864691136619344859,test,BasketFam,BasketFam,2.0808663,4.7332354,6.2751927
392,864691135339729126,train,L4IT,pyramidal,7.3426995,9.2683735,3.632902
707,864691136145537844,train,BipFam,BipFam,6.498535,8.80328,1.4533952
30,864691135106309709,train,NglFam,NglFam,7.352966,9.874764,2.6709197
5212,864691137056216950,train,MartFam,MartFam,3.081178,5.173045,2.3854842
551,864691135499283987,train,L6IT,pyramidal,3.739092,9.111652,4.948871
1693,864691136034487483,train,BasketFam,BasketFam,1.976105,5.2437253,6.0252366
429,864691136436788382,train,BipFam,BipFam,4.9859934,8.111536,3.5552342
1419,864691135688823008,train,L6IT,pyramidal,7.381884,9.426836,3.310533
43,864691136364166370,train,BipFam,BipFam,7.81195,5.9595184,2.73698
767,864691135271343525,train,BipFam,BipFam,2.9494274,8.217456,4.3288975
763,864691136138756221,train,BipFam,BipFam,4.824872,6.6615906,1.3801801
810,864691136372954248,test,NglFam,NglFam,3.303514,4.8760276,1.1946628
1485,864691135940881830,train,MartFam,MartFam,7.335903,3.3008096,2.0298789
571,864691136742067804,train,L3IT,pyramidal,7.8933434,6.113226,2.8478267
571,864691136372954248,test,NglFam,NglFam,2.457857,5.3443127,1.4081179
5511,864691135853090503,test,BasketFam,BasketFam,2.3063989,7.3121896,5.6526847
64,864691136975639836,train,BipFam,BipFam,5.002154,8.043338,3.475902
327,864691135659538306,train,thalamocortical,thalamocortical,6.03391,6.352857,2.0338798
162,864691135938404612,train,BipFam,BipFam,5.7838435,6.5036187,1.6920724
392,864691135155894884,train,L2IT,pyramidal,7.2374387,7.1466804,2.918651
1227,864691135928029966,train,thalamocortical,thalamocortical,2.9086976,7.520718,3.24156
93,864691135742677867,train,BipFam,BipFam,4.132277,8.250228,3.3375409
617,864691135725779883,train,BasketFam,BasketFam,5.452658,8.684491,4.5617104
2135,864691136118294692,train,thalamocortical,thalamocortical,3.124458,6.5800295,2.6631634
311,864691136086088556,train,L3IT,pyramidal,5.5329213,6.35531,1.0222565
958,864691135477104960,train,thalamocortical,thalamocortical,5.88054,6.4139714,2.5488696
156,864691136273370302,train,NglFam,NglFam,5.6291413,8.523174,4.8219647
92,864691135942163201,train,L5IT,pyramidal,4.659591,7.222295,1.0674009
591,864691135731889337,train,L3IT,pyramidal,4.0133824,9.298957,4.2665076
855,864691136123919654,train,BasketFam,BasketFam,2.8332422,5.961171,6.4731374
3164,864691136033871035,train,thalamocortical,thalamocortical,3.4294608,6.3606725,2.6449218
313,864691135132887456,test,NglFam,NglFam,3.426482,5.2755127,1.9302765
155,864691135408788169,test,L4IT,pyramidal,4.9240856,8.86194,4.315219
55,864691136238090767,train,L5IT,pyramidal,5.304794,8.963918,4.6564903
585,864691135995711402,train,BipFam,BipFam,2.889297,5.595708,2.7344704
7,864691135465900101,train,BipFam,BipFam,6.630668,3.8632967,2.561701
136,864691136288755395,train,thalamocortical,thalamocortical,2.0264254,6.4378514,2.6181078
121,864691136524282001,train,NglFam,NglFam,6.395217,4.5348525,2.770347
2299,864691136118294692,train,thalamocortical,thalamocortical,2.3024387,6.8443956,2.478609
11,864691135840033171,train,NglFam,NglFam,6.3307314,8.704306,1.4196086
198,864691135689015264,train,thalamocortical,thalamocortical,2.604173,6.832235,1.6026983
112,864691136524282001,train,NglFam,NglFam,4.2096477,7.351905,3.8745272
355,864691135689555680,train,NglFam,NglFam,3.096398,7.8143287,3.924954
409,864691135134585248,train,BipFam,BipFam,4.963967,5.8447843,1.1354021
195,864691135106309709,train,NglFam,NglFam,7.2170157,7.8023486,3.0820477
1637,864691135997140906,train,BipFam,BipFam,3.5781972,6.5329733,2.3875263
840,864691135948823905,test,MartFam,MartFam,7.0609064,4.581,2.9785624
3995,864691136814345075,train,MartFam,MartFam,2.1023912,5.2075586,1.8204932
244,864691135518989962,train,L2IT,pyramidal,6.989727,8.873746,2.367409
359,864691135280682401,train,L4IT,pyramidal,6.987854,7.940168,1.9295248
94,864691136025992761,train,BipFam,BipFam,6.424965,7.9002748,2.694224
250,864691136022214648,train,L4IT,pyramidal,5.4046125,7.421883,3.0461366
6390,864691136007059658,test,BipFam,BipFam,6.5404925,4.7318993,1.6298311
747,864691135447979922,train,BipFam,BipFam,5.123842,6.2755003,2.8320415
2960,864691135782873936,test,thalamocortical,thalamocortical,4.3415737,8.860404,3.8789475
3878,864691136391023120,train,BasketFam,BasketFam,4.8532295,5.8447466,2.4622352
1061,864691135545730856,train,BipFam,BipFam,7.72074,7.584496,2.7119398
422,864691135994804394,train,BipFam,BipFam,6.1008496,7.7663403,4.976881
3220,864691135810495005,train,BasketFam,BasketFam,3.093472,5.2542844,6.2992673
480,864691136100014453,train,BipFam,BipFam,4.5393214,8.018336,2.2488372
974,864691136311213914,test,BasketFam,BasketFam,4.274353,6.220729,2.8870864
807,864691136619344859,test,BasketFam,BasketFam,1.8299041,5.3377466,5.5336504
2413,864691135511861968,test,MartFam,MartFam,5.591042,9.029948,3.7261283
4628,864691136011485614,test,BasketFam,BasketFam,1.5128717,5.435542,5.1983614
773,864691135562950369,train,BipFam,BipFam,5.8348584,8.977213,3.675616
648,864691135447979922,train,BipFam,BipFam,4.7998,5.8937054,1.4040183
330,864691135134585248,train,BipFam,BipFam,4.8851857,5.5533338,1.2335387
159,864691136041000190,train,L6IT,pyramidal,7.0749464,9.189645,4.0194464
281,864691136053350131,test,thalamocortical,thalamocortical,4.770551,5.6146154,3.988836
83,864691135866396798,train,L4IT,pyramidal,3.9086685,8.325921,4.113514
2707,864691135997140906,train,BipFam,BipFam,6.9199295,8.754029,1.890523
6306,864691137022180974,test,MartFam,MartFam,1.3138304,6.3993,2.3620534
824,864691136523971473,train,BipFam,BipFam,4.006749,7.270897,3.5116248
266,864691136484876588,train,MartFam,MartFam,6.80489,9.1428995,1.7522326
9334,864691135703016059,train,MartFam,MartFam,5.1400447,7.078763,1.9819813
391,864691136311059034,train,L2IT,pyramidal,6.9691563,8.400453,4.134676
538,864691134966249759,train,thalamocortical,thalamocortical,1.0843178,7.175113,2.5821137
606,864691135689555680,train,NglFam,NglFam,2.8502114,5.4418592,2.50658
179,864691135689555680,train,NglFam,NglFam,3.9838552,4.8756924,1.1135995
452,864691135778618029,train,BipFam,BipFam,4.970972,6.7308583,0.90534496
960,864691135941789606,train,BasketFam,BasketFam,2.0077567,5.0101767,6.1326985
2923,864691135309486662,train,BasketFam,BasketFam,1.802487,6.2890096,5.7328377
6065,864691135774221643,train,MartFam,MartFam,5.832919,5.490179,2.0930903
318,864691135866947804,train,L2IT,pyramidal,7.615988,7.9336877,3.2631643
1952,864691135350977751,train,MartFam,MartFam,5.950523,6.007409,2.3637755
1424,864691135742895723,test,BipFam,BipFam,1.6134003,7.1731906,3.9644039
116,864691135741659499,train,L4IT,pyramidal,6.840749,8.991588,4.3269567
5446,864691135891796617,train,BasketFam,BasketFam,6.1356864,6.581103,3.9268708
620,864691136086632812,train,NglFam,NglFam,6.859849,7.007561,2.7318919
497,864691135689555680,train,NglFam,NglFam,7.101103,4.026436,2.292326
61,864691135778618029,train,BipFam,BipFam,3.9800766,6.274236,3.152007
7174,864691136007059658,test,BipFam,BipFam,6.284828,7.327358,1.2432774
361,864691135646147567,test,L4IT,pyramidal,4.3532915,6.6749396,2.029232
3662,864691136123919654,train,BasketFam,BasketFam,1.8383826,7.7519264,5.4398108
1608,864691135584019053,test,MartFam,MartFam,2.6973715,4.7114615,1.2521267
130,864691135503004765,train,BipFam,BipFam,7.5682454,5.6331964,2.6354465
5555,864691136007059658,test,BipFam,BipFam,7.5154676,7.51068,3.213411
286,864691135689555680,train,NglFam,NglFam,6.203713,6.267469,2.3232534
1829,864691136034412219,train,MartFam,MartFam,4.707715,5.5352516,0.8309514
3169,864691135875919502,test,MartFam,MartFam,3.402658,4.7030535,2.0786905
1556,864691136372954248,test,NglFam,NglFam,3.8274214,5.1052017,2.0184016
3012,864691135755605197,train,thalamocortical,thalamocortical,1.4912103,6.8399663,2.430648
226,864691136330880234,train,MartFam,MartFam,3.2311223,5.436261,2.7638266
694,864691137022180974,test,MartFam,MartFam,2.1081738,6.9344807,2.414596
172,864691135778542509,train,L4IT,pyramidal,5.7815175,6.781359,1.7889742
136,864691135885996912,train,BipFam,BipFam,7.1155386,4.6014547,2.9362547
8629,864691135891796617,train,BasketFam,BasketFam,7.222799,9.091189,2.3641183
293,864691135571356038,test,MartFam,MartFam,4.0516133,4.5404334,2.5971422
2077,864691135941898918,train,MartFam,MartFam,6.8861184,4.9945264,2.3079922
110,864691135343506885,train,BipFam,BipFam,6.145861,7.7836747,4.743704
1348,864691135571440006,train,MartFam,MartFam,4.704502,5.0965557,3.512369
192,864691135755707597,train,BipFam,BipFam,5.4528584,4.650534,0.9957474
5454,864691135686540471,train,BasketFam,BasketFam,3.031582,5.645163,6.5523367
3008,864691135997428394,test,thalamocortical,thalamocortical,0.8930136,6.8911114,2.6984253
111,864691135215254584,train,L4IT,pyramidal,2.5619662,8.173718,3.1235023
32,864691135106309709,train,NglFam,NglFam,7.2540603,9.762809,2.5040576
378,864691135616235979,train,BipFam,BipFam,7.3208213,5.88448,2.470278
895,864691135755707597,train,BipFam,BipFam,4.262903,8.081047,3.3251355
255,864691135693735103,train,NglFam,NglFam,7.5178957,9.614864,2.930295
144,864691136336107187,test,L5IT,pyramidal,3.554142,5.985575,2.028068
2382,864691135124690471,train,BasketFam,BasketFam,1.97199,4.957092,6.200704
316,864691135725779883,train,BasketFam,BasketFam,3.0963347,7.8561,5.5494666
196,864691135503004765,train,BipFam,BipFam,6.612059,6.930674,2.157504
1517,864691135742668395,train,MartFam,MartFam,6.4535885,7.1209946,4.6620097
705,864691135477104960,train,thalamocortical,thalamocortical,2.9446666,6.742053,2.1502736
1144,864691136118878116,train,MartFam,MartFam,2.8425705,5.28886,1.6633972
57,864691136380757461,train,L5IT,pyramidal,5.1291637,9.558762,4.6205935
155,864691135948010081,test,L6CT,pyramidal,6.171627,8.331722,1.426703
4675,864691136007059658,test,BipFam,BipFam,6.32218,4.3461795,1.8264198
10,864691135990564864,train,NglFam,NglFam,7.186288,3.3677406,2.3075392
99,864691136058804696,train,BipFam,BipFam,4.2748823,6.646512,0.8151714
20,864691135274038801,train,L3IT,pyramidal,5.0707917,7.7150507,2.337632
3246,864691135106189901,test,BasketFam,BasketFam,2.065808,8.079371,5.4403944
554,864691135115194009,train,BipFam,BipFam,4.143501,8.798061,4.3852954
2691,864691135480702662,train,MartFam,MartFam,2.354234,4.380683,1.3003341
3862,864691135477104960,train,thalamocortical,thalamocortical,3.0988898,7.970249,2.4964623
7166,864691135839979667,train,MartFam,MartFam,1.9072977,4.9128766,2.4782705
298,864691135465113157,train,L4IT,pyramidal,5.8734303,9.229392,3.4553375
588,864691135689555680,train,NglFam,NglFam,6.391909,6.2766986,2.254843
808,864691136619096795,train,L5IT,pyramidal,5.9168186,8.623427,2.5320122
5258,864691135477104960,train,thalamocortical,thalamocortical,1.3539318,7.158553,2.364905
283,864691135106309709,train,NglFam,NglFam,5.5820546,8.40994,4.778579
302,864691135866427006,train,L5IT,pyramidal,7.5881076,9.712722,2.9610975
1013,864691136425681967,train,L4IT,pyramidal,7.0606456,9.125619,1.8355751
478,864691135928029966,train,thalamocortical,thalamocortical,2.6630085,7.0425854,0.9999795
8021,864691136067404440,test,MartFam,MartFam,6.3960633,6.6124883,4.216414
13,864691135293096118,train,NglFam,NglFam,2.3435767,7.0394583,2.4274895
2810,864691135641196091,train,MartFam,MartFam,3.668227,5.619939,6.162757
201,864691135757083346,train,L4IT,pyramidal,6.2446084,7.7525177,2.4336245
674,864691136288755395,train,thalamocortical,thalamocortical,2.243254,6.686468,1.90444
3016,864691135853090503,test,BasketFam,BasketFam,1.9055282,5.3104324,5.943858
617,864691136273370302,train,NglFam,NglFam,6.359251,7.85027,1.1453166
1077,864691135477670312,train,L4IT,pyramidal,6.0329466,6.7022586,3.9181123
2030,864691135928029966,train,thalamocortical,thalamocortical,2.684759,8.632185,4.315279
393,864691135852637127,train,L6IT,pyramidal,7.558015,9.611954,3.3940558
285,864691136914414321,train,L2IT,pyramidal,6.859629,7.7014422,1.8286916
178,864691135376096329,train,BipFam,BipFam,6.070173,9.595143,2.456951
2763,864691135941789606,train,BasketFam,BasketFam,2.2811139,4.9001403,6.4437222
5780,864691136007059658,test,BipFam,BipFam,3.9745965,9.293382,4.2310457
8710,864691135739131780,train,MartFam,MartFam,4.1480217,5.4788713,1.9794463
3191,864691135398746401,train,MartFam,MartFam,3.2041273,5.2213874,2.891159
233,864691135387277397,test,thalamocortical,thalamocortical,3.592321,6.157034,2.7335985
60,864691136336204979,train,NglFam,NglFam,4.9650836,6.222312,1.300949
2088,864691135779780797,test,MartFam,MartFam,3.3365014,4.35233,1.216267
98,864691135689555680,train,NglFam,NglFam,6.7564516,3.4787428,2.1014318
1089,864691135343506885,train,BipFam,BipFam,6.9243507,8.77916,2.3294735
492,864691136239793212,test,NglFam,NglFam,6.896149,9.490127,3.2933235
7869,864691135562001633,train,MartFam,MartFam,1.9176689,4.539456,5.623876
7354,864691136595955362,train,MartFam,MartFam,4.304035,7.657029,1.8274653
393,864691135342958789,train,L4IT,pyramidal,6.0978546,8.79519,4.475313
66,864691135840033171,train,NglFam,NglFam,3.257097,7.097429,3.456166
445,864691136007059658,test,BipFam,BipFam,3.9108212,7.7658515,4.027835
94,864691135196475434,train,MartFam,MartFam,2.6879604,4.8947005,2.2318091
4160,864691135875919502,test,MartFam,MartFam,2.1406255,5.272056,1.6554565
2252,864691135294194358,train,thalamocortical,thalamocortical,2.375183,6.6957693,2.9138598
1041,864691136288755395,train,thalamocortical,thalamocortical,5.5010796,6.2507033,1.6610394
5,864691135939949365,train,L4IT,pyramidal,4.6576734,7.14918,0.7471035
4596,864691136007059658,test,BipFam,BipFam,5.367909,5.4496393,1.1854113
67,864691136524282001,train,NglFam,NglFam,4.0930634,4.3908925,2.5495753
4958,864691135997428394,test,thalamocortical,thalamocortical,3.5138493,6.3452234,1.2139306
2676,864691135774221643,train,MartFam,MartFam,3.1292915,5.6499395,2.281177
455,864691135570135020,train,L6IT,pyramidal,7.4306116,9.340006,2.4513206
70,864691135309733190,train,NglFam,NglFam,7.2818604,3.7094781,2.879581
241,864691135839843475,train,BipFam,BipFam,6.1068277,7.553959,4.924532
2519,864691137022180974,test,MartFam,MartFam,3.2800984,6.1477933,2.5061617
2823,864691136118294692,train,thalamocortical,thalamocortical,2.9049678,5.983494,3.026154
2367,864691136211068860,train,BasketFam,BasketFam,2.6724434,7.090296,5.4483685
4885,864691136011458734,test,BasketFam,BasketFam,2.4822733,5.2161717,6.308879
189,864691135764015926,train,L3IT,pyramidal,2.6940491,8.272777,3.3426917
1706,864691135990672896,train,MartFam,MartFam,6.4116015,9.240212,1.8405228
1581,864691136033871035,train,thalamocortical,thalamocortical,2.9063256,7.249798,1.0917016
118,864691136102330485,train,L2IT,pyramidal,5.3635387,7.5820394,3.0718822
980,864691136372954248,test,NglFam,NglFam,3.19785,6.2936983,2.4389062
345,864691135698016410,train,L4IT,pyramidal,3.3510106,8.028041,3.1242328
3458,864691135659538306,train,thalamocortical,thalamocortical,2.1513662,6.5601783,2.7342093
120,864691135134565280,train,BasketFam,BasketFam,3.4387612,5.9592156,5.962061
726,864691135727799359,train,L4IT,pyramidal,6.457829,7.0058165,1.4623473
5888,864691135346954143,train,MartFam,MartFam,2.2952619,4.655895,1.6543763
291,864691135134114976,train,L4IT,pyramidal,3.978735,7.5056777,3.130288
1202,864691135866821340,train,thalamocortical,thalamocortical,5.3992023,6.1504498,4.4699726
679,864691134966249759,train,thalamocortical,thalamocortical,3.126619,6.7960668,1.3854227
1027,864691136372954248,test,NglFam,NglFam,2.7445827,6.55487,3.3576777
85,864691135990564864,train,NglFam,NglFam,7.2227106,4.38262,2.48237
1290,864691135387277397,test,thalamocortical,thalamocortical,4.2993526,5.5086713,4.395944
6312,864691135689015264,train,thalamocortical,thalamocortical,2.0002608,5.9833775,1.8245038
10611,864691135210446457,train,MartFam,MartFam,5.809065,8.453199,2.1484969
190,864691136420303511,train,L4IT,pyramidal,7.3137894,9.201099,3.5414438
1388,864691135875919502,test,MartFam,MartFam,2.2470398,4.8907084,2.3426738
282,864691135528193883,test,BipFam,BipFam,4.686638,6.171987,3.1278098
605,864691135976063855,test,L4IT,pyramidal,7.244792,8.115514,2.0170305
11983,864691135779780797,test,MartFam,MartFam,4.8105154,5.777494,1.5227535
313,864691135689555680,train,NglFam,NglFam,6.7334747,4.2179666,2.1562197
670,864691136927366986,train,thalamocortical,thalamocortical,2.3283012,6.314471,2.6093373
1047,864691134942595939,train,BasketFam,BasketFam,3.466789,6.036989,6.0160785
3637,864691136742921308,test,BasketFam,BasketFam,1.6715627,5.1851935,6.265476
1271,864691136595955362,train,MartFam,MartFam,3.6354167,8.256829,4.3843317
184,864691136524282001,train,NglFam,NglFam,6.638636,4.4224024,2.8658838
1180,864691135431441968,train,thalamocortical,thalamocortical,4.1007576,8.330508,3.5867243
148,864691135303514791,train,NglFam,NglFam,5.2147646,6.0600123,2.09025
244,864691135689555680,train,NglFam,NglFam,7.4111414,3.9150608,2.5849009
2435,864691135990672896,train,MartFam,MartFam,5.3442097,6.1736345,1.1393358
4330,864691136489623826,train,BasketFam,BasketFam,2.4763985,4.777959,6.406025
154,864691135840033171,train,NglFam,NglFam,3.488566,8.336596,4.3038177
3260,864691135869457430,train,BasketFam,BasketFam,6.0542607,8.537121,1.5219319
1828,864691135442598728,train,BasketFam,BasketFam,3.3094947,5.8910093,6.230937
766,864691135866427006,train,L5IT,pyramidal,6.405246,7.0651007,1.4040225
471,864691136273370302,train,NglFam,NglFam,6.873046,9.689141,1.7050701
355,864691136288755395,train,thalamocortical,thalamocortical,2.6653516,7.671003,3.5861247
350,864691135477104960,train,thalamocortical,thalamocortical,6.6568675,7.4251313,4.5521903
154,864691135518173395,train,L4IT,pyramidal,7.030545,7.600069,4.1873827
362,864691136010068652,train,L4IT,pyramidal,3.5262926,6.271515,0.8432715
77,864691135235206489,train,MartFam,MartFam,4.1309505,4.5381117,1.5695562
198,864691136053350131,test,thalamocortical,thalamocortical,5.9847403,6.630459,2.9012082
1912,864691136091233847,train,thalamocortical,thalamocortical,1.7330304,7.088787,2.822338
123,864691135849426270,train,L5IT,pyramidal,6.897746,9.161098,3.865582
3598,864691135689015264,train,thalamocortical,thalamocortical,2.8967862,6.9732857,0.9879988
24,864691135693735103,train,NglFam,NglFam,7.0649323,9.883907,2.5939183
2145,864691134966621471,train,MartFam,MartFam,2.3168664,4.418596,1.3785231
2818,864691135689015264,train,thalamocortical,thalamocortical,5.2074695,6.3641953,0.8725731
531,864691135472556082,train,MartFam,MartFam,5.9043813,8.615085,4.89636
513,864691135387753601,train,MartFam,MartFam,6.985363,8.654872,1.977373
868,864691135717457178,train,L4IT,pyramidal,6.101936,6.904683,1.5610967
1914,864691136925825354,test,BasketFam,BasketFam,4.276902,5.7330956,5.215085
2841,864691136011733934,train,MartFam,MartFam,6.369262,8.786059,2.322936
274,864691136336204979,train,NglFam,NglFam,6.6378226,3.9921293,2.699315
1212,864691136372954248,test,NglFam,NglFam,4.68723,5.1566763,0.44614038
5287,864691135997428394,test,thalamocortical,thalamocortical,2.220682,6.9918118,2.7679746
538,864691134887460346,train,L3IT,pyramidal,6.8279314,7.649232,2.0871382
902,864691136011549614,train,BipFam,BipFam,6.454588,7.2741456,4.413064
1575,864691135447979922,train,BipFam,BipFam,4.5180187,4.803069,0.9336808
630,864691135782506832,test,L4IT,pyramidal,6.9264874,6.2874327,2.4136965
2528,864691136288755395,train,thalamocortical,thalamocortical,6.50138,5.350365,2.842251
114,864691136138622333,train,BasketFam,BasketFam,2.406678,5.102013,5.3259397
678,864691136058602712,train,thalamocortical,thalamocortical,3.4122415,8.100071,4.2621937
1560,864691135499624723,train,BasketFam,BasketFam,2.8805857,5.250946,5.235858
1260,864691135503782210,test,BipFam,BipFam,3.9793696,9.273812,4.9647813
518,864691135546161704,train,L4IT,pyramidal,4.300107,7.3896804,3.4798493
338,864691135992790209,train,BipFam,BipFam,6.441348,9.336593,2.7939405
4789,864691135346954143,train,MartFam,MartFam,3.795462,7.6875863,2.1420608
723,864691136052101363,train,BipFam,BipFam,7.35092,9.392712,2.1302958
10316,864691135703016059,train,MartFam,MartFam,3.7490566,4.481691,0.6052198
3460,864691136091233847,train,thalamocortical,thalamocortical,4.3760047,5.406297,4.4236016
2624,864691136580010516,test,MartFam,MartFam,3.1146524,7.9894676,4.1152167
146,864691135309733190,train,NglFam,NglFam,6.558946,4.5822697,3.2109785
435,864691135124603687,train,L4IT,pyramidal,3.852787,9.358265,5.1219406
3930,864691135703016059,train,MartFam,MartFam,3.3296025,4.4724107,1.8355917
4553,864691136445968259,train,BasketFam,BasketFam,5.8852334,6.722241,1.3643279
1874,864691136053350131,test,thalamocortical,thalamocortical,2.1923814,7.023195,1.278306
9505,864691135779780797,test,MartFam,MartFam,4.864766,5.477812,4.3034267
301,864691136619529179,test,L2IT,pyramidal,7.7853227,4.5189047,2.5743015
1770,864691135447979922,train,BipFam,BipFam,4.39721,7.5765653,1.7940047
232,864691136137210507,train,BipFam,BipFam,7.8752985,6.9728866,3.1095464
51,864691136239793212,test,NglFam,NglFam,6.7668953,9.79885,1.8471652
4852,864691135477104960,train,thalamocortical,thalamocortical,3.3857,7.4267673,3.5275984
36,864691135570791558,test,L4IT,pyramidal,5.005791,7.9042387,2.9269516
233,864691136273370302,train,NglFam,NglFam,6.377424,9.211746,1.699224
1368,864691135878407251,train,BasketFam,BasketFam,3.0868328,5.9223104,5.740394
1792,864691135994158785,test,MartFam,MartFam,4.158719,7.756752,2.1790063
185,864691136093003700,train,L5IT,pyramidal,6.163229,7.6523757,4.1305003
221,864691135132887456,test,NglFam,NglFam,7.165334,4.0307,2.7475424
2096,864691136619344859,test,BasketFam,BasketFam,2.8475988,6.15953,6.0508714
3813,864691135470255698,train,thalamocortical,thalamocortical,6.2105813,7.155652,4.446608
3632,864691135235206489,train,MartFam,MartFam,6.587187,4.386538,1.9188397
7153,864691135869457430,train,BasketFam,BasketFam,4.5577984,9.077326,4.8208523
457,864691135996891050,test,BipFam,BipFam,3.987785,9.60115,5.252012
2845,864691135866821340,train,thalamocortical,thalamocortical,4.672036,7.6539416,1.9735804
2709,864691135941829121,test,BasketFam,BasketFam,3.1231568,5.799198,6.347479
12353,864691136914542577,train,MartFam,MartFam,4.165814,4.576758,1.0578741
934,864691135577202181,train,MartFam,MartFam,3.675107,4.9494104,2.4513063
193,864691135955060232,train,L6CT,pyramidal,5.859999,6.2485824,3.2960234
2017,864691136145537844,train,BipFam,BipFam,2.5770133,6.2507634,2.7786744
1063,864691135810297885,train,BipFam,BipFam,7.303226,8.162842,2.11875
3838,864691135689296608,train,BasketFam,BasketFam,1.1556208,5.622036,5.2418957
6,864691136022214648,train,L4IT,pyramidal,6.027461,6.630593,3.0691745
3748,864691136007059658,test,BipFam,BipFam,5.3679037,6.0626545,1.8178495
752,864691135336055529,train,L4IT,pyramidal,4.265225,6.345247,1.4760548
113,864691135990564864,train,NglFam,NglFam,4.230643,4.4561253,2.5386817
1640,864691135685030130,train,thalamocortical,thalamocortical,3.6949296,6.557322,4.8880568
1814,864691136487168530,train,MartFam,MartFam,6.9409385,8.299322,1.7402052
80,864691136489623826,train,BasketFam,BasketFam,4.653121,6.9875364,1.9181045
453,864691134942595939,train,BasketFam,BasketFam,3.448275,5.6216583,6.531745
810,864691136196383190,train,BasketFam,BasketFam,2.8276126,5.281061,5.827362
2288,864691136523971473,train,BipFam,BipFam,5.012094,6.5374656,0.8339712
371,864691135448811860,train,BasketFam,BasketFam,2.2940323,7.588604,5.668843
107,864691136372954248,test,NglFam,NglFam,1.7745501,5.3989506,2.380107
557,864691136058602712,train,thalamocortical,thalamocortical,4.0495496,7.08566,2.3546665
2346,864691136742921308,test,BasketFam,BasketFam,1.9536232,6.116379,4.7805734
808,864691136125956134,train,L6IT,pyramidal,2.997459,6.7575316,2.4886048
1094,864691135325426076,train,MartFam,MartFam,4.669852,6.4660974,0.7429313
58,864691136273370302,train,NglFam,NglFam,6.8591247,9.623353,1.7663184
1245,864691136137168779,train,BipFam,BipFam,3.4042711,4.963326,3.2673123
561,864691135857976366,train,BipFam,BipFam,1.9695674,5.474992,3.0315745
329,864691136521831825,train,L5IT,pyramidal,6.06495,6.470495,3.3152342
1012,864691135474179378,test,MartFam,MartFam,2.994863,6.855932,3.0456476
179,864691135359413848,train,BipFam,BipFam,7.309352,9.638997,2.7732372
2511,864691134966621471,train,MartFam,MartFam,5.0954037,6.201517,1.8793015
2136,864691136742921308,test,BasketFam,BasketFam,2.8549685,4.885044,6.343192
358,864691135398762529,train,BipFam,BipFam,5.051001,6.4703045,1.3403064
4170,864691136138622333,train,BasketFam,BasketFam,2.4151402,5.8501143,4.6405425
4893,864691136006393034,train,MartFam,MartFam,2.7941263,6.755803,3.268607
1776,864691135997428394,test,thalamocortical,thalamocortical,3.2708619,6.595666,1.0127597
45,864691135293096118,train,NglFam,NglFam,2.2046113,7.3780665,2.4088843
517,864691136118294692,train,thalamocortical,thalamocortical,1.9881204,6.3871036,1.9020349
729,864691135689555680,train,NglFam,NglFam,2.1371322,6.40304,2.7739148
6975,864691136390675216,train,BasketFam,BasketFam,2.5953524,5.9906454,4.1017814
512,864691136227297105,train,MartFam,MartFam,6.2927513,8.545405,1.4026572
769,864691135778081453,train,thalamocortical,thalamocortical,4.00338,7.879056,3.6193626
674,864691134887444986,test,NglFam,NglFam,6.2908745,4.2389674,2.5333114
3070,864691136033871035,train,thalamocortical,thalamocortical,3.6580024,6.9209175,1.0196737
3429,864691136145494068,train,BasketFam,BasketFam,1.273225,5.24936,5.235743
6,864691135840033171,train,NglFam,NglFam,3.2462857,7.7779336,3.390091
921,864691135396485877,test,L6IT,pyramidal,5.481993,8.927266,4.7763395
4299,864691136905941426,train,BasketFam,BasketFam,2.042676,4.634149,5.970268
601,864691135271970725,train,BasketFam,BasketFam,1.3967171,5.86029,4.527264
179,864691135409856713,train,BasketFam,BasketFam,1.8585751,4.922028,5.352077
1383,864691135782873936,test,thalamocortical,thalamocortical,3.9543746,6.8334284,2.7037158
527,864691135929072340,train,L5IT,pyramidal,3.0477884,6.6316433,2.9090736
772,864691134966621471,train,MartFam,MartFam,5.796486,6.702072,1.7740058
391,864691136138131325,train,L3IT,pyramidal,6.314117,6.462516,3.9194663
399,864691136042982742,test,L2IT,pyramidal,6.038218,6.843196,2.855189
807,864691136118805668,train,L6IT,pyramidal,7.6186743,9.639561,3.3411176
231,864691134918921738,train,L3IT,pyramidal,5.592062,6.6396136,1.2448545
1244,864691134966249759,train,thalamocortical,thalamocortical,2.735875,8.057254,3.4354265
1692,864691135659538306,train,thalamocortical,thalamocortical,6.384262,6.637193,2.787766
498,864691136011549614,train,BipFam,BipFam,6.5220056,7.1201897,1.6822815
252,864691135469753426,train,L2IT,pyramidal,4.638135,7.197368,1.2058206
2815,864691136330880234,train,MartFam,MartFam,3.2096822,4.0203447,0.5821865
2065,864691135778081453,train,thalamocortical,thalamocortical,2.3770611,8.300147,3.1396203
206,864691136927366986,train,thalamocortical,thalamocortical,2.3221407,8.250457,3.0500553
78,864691135106309709,train,NglFam,NglFam,7.0864077,9.9007635,2.3969696
197,864691135840033171,train,NglFam,NglFam,5.361145,6.900131,1.627338
2518,864691136053350131,test,thalamocortical,thalamocortical,3.104241,7.7429476,3.7661364
132,864691135280481697,train,L5IT,pyramidal,3.8521705,8.483687,4.2929006
307,864691135455819114,test,L4IT,pyramidal,7.2991447,8.322145,2.2497468
494,864691135447312274,train,L4IT,pyramidal,4.4580865,9.596105,4.7340226
1919,864691135755605197,train,thalamocortical,thalamocortical,4.4046183,7.8342686,1.6699511
3176,864691135442598728,train,BasketFam,BasketFam,3.5681994,4.99641,6.0289507
543,864691136138756221,train,BipFam,BipFam,2.6085067,5.1080155,5.036848
3418,864691135464991645,train,thalamocortical,thalamocortical,2.759294,5.6530714,3.647919
2978,864691135346954143,train,MartFam,MartFam,2.1182792,6.250219,2.1497092
551,864691135562950369,train,BipFam,BipFam,6.7885246,8.469482,2.0371737
104,864691135584629613,train,L2IT,pyramidal,4.6138115,6.37688,2.7472239
283,864691134887444986,test,NglFam,NglFam,4.061195,8.200927,3.552621
355,864691135210178169,test,BasketFam,BasketFam,2.9128482,5.7794976,6.0029674
2092,864691135343506885,train,BipFam,BipFam,5.573548,8.152909,2.2963202
957,864691135456535658,train,MartFam,MartFam,4.1846704,4.5497584,1.0436217
2687,864691136392682879,train,BasketFam,BasketFam,3.4912317,7.02114,6.2883344
586,864691136118294692,train,thalamocortical,thalamocortical,6.8998775,9.355977,3.2323186
354,864691136086632812,train,NglFam,NglFam,5.275185,4.5709963,1.6453559
3890,864691136814345075,train,MartFam,MartFam,6.4478097,3.900134,2.7123063
1267,864691135954582563,train,MartFam,MartFam,4.321522,6.515762,2.8931618
5253,864691136067404440,test,MartFam,MartFam,6.459778,8.286948,1.1497036
2076,864691136925008100,train,BipFam,BipFam,0.8535967,6.561887,2.806648
901,864691135875919502,test,MartFam,MartFam,2.15399,5.068777,2.352532
6129,864691135477104960,train,thalamocortical,thalamocortical,4.20754,5.660893,4.0995607
174,864691135309733190,train,NglFam,NglFam,7.572623,4.5057445,2.512034
169,864691135503004765,train,BipFam,BipFam,6.446994,4.912102,2.3321187
458,864691136314126653,train,BipFam,BipFam,7.5018983,5.530717,2.6390834
351,864691135584316781,train,BasketFam,BasketFam,4.646481,4.534183,3.1035357
185,864691135271967397,train,MartFam,MartFam,4.3807087,5.802497,0.8484451
420,864691135387753601,train,MartFam,MartFam,4.6598277,7.472895,2.299091
3547,864691135350977751,train,MartFam,MartFam,3.594412,4.3938212,2.317827
2385,864691135994158785,test,MartFam,MartFam,4.8401837,7.47958,3.725968
454,864691135996891050,test,BipFam,BipFam,3.23656,6.282604,1.9524368
235,864691135689555680,train,NglFam,NglFam,6.8773284,4.100627,3.056076
209,864691135210178169,test,BasketFam,BasketFam,2.065918,5.070829,6.3530817
129,864691135584471405,train,BipFam,BipFam,7.974235,5.2113404,2.8458776
5350,864691136603935441,train,BasketFam,BasketFam,2.680026,5.143914,5.9800425
6269,864691135477104960,train,thalamocortical,thalamocortical,4.1206927,8.311148,2.5615232
30,864691136273370302,train,NglFam,NglFam,6.5917964,8.67236,2.958853
449,864691135293096118,train,NglFam,NglFam,2.5198417,7.693362,2.7572687
249,864691135853091015,train,L4IT,pyramidal,4.645162,8.502764,3.9680233
39,864691136137064075,train,BipFam,BipFam,4.5856056,8.1075115,2.4422536
427,864691136372954248,test,NglFam,NglFam,5.1586304,5.79187,0.896349
2310,864691135866821340,train,thalamocortical,thalamocortical,5.4764886,5.1761546,1.2526932
496,864691136489055762,train,L4IT,pyramidal,4.2189045,9.393376,4.979174
838,864691136372954248,test,NglFam,NglFam,4.647051,6.2471075,1.402253
547,864691135214970752,train,BipFam,BipFam,4.66059,9.395555,4.143121
122,864691136925029092,train,L4IT,pyramidal,5.302877,9.260156,4.1771746
939,864691136137064075,train,BipFam,BipFam,6.356677,9.116068,4.025575
2635,864691137199860033,test,BasketFam,BasketFam,1.4313419,5.1692357,5.3207192
788,864691135124690471,train,BasketFam,BasketFam,1.8410265,6.0964017,5.3675175
1999,864691136091233847,train,thalamocortical,thalamocortical,2.6988263,7.663584,3.545045
30,864691135783317840,train,thalamocortical,thalamocortical,1.7341769,7.0949874,3.1501818
481,864691136086632812,train,NglFam,NglFam,4.7981772,4.7786155,1.1276169
215,864691136125840678,test,L6CT,pyramidal,7.245792,7.956029,2.212891
2491,864691135271915173,train,MartFam,MartFam,4.791907,7.090512,1.7945294
121,864691135106309709,train,NglFam,NglFam,6.9994025,9.65758,2.3890781
3330,864691135212863360,train,MartFam,MartFam,1.9747735,4.5916166,5.478719
67,864691135309290822,test,L3IT,pyramidal,3.5853128,6.1462264,3.0231936
701,864691135760319822,train,L4IT,pyramidal,4.3217773,9.078229,4.6501307
10635,864691135456535658,train,MartFam,MartFam,4.1238437,4.6962,0.49394915
910,864691135619294351,train,L4IT,pyramidal,7.0945315,6.3728223,2.5998278
459,864691137056216950,train,MartFam,MartFam,2.6066675,5.3419924,2.0777977
2622,864691136336192947,train,BasketFam,BasketFam,2.2646134,5.8280363,5.3546367
145,864691135271343525,train,BipFam,BipFam,2.5200436,5.8556347,3.1469352
825,864691134887444986,test,NglFam,NglFam,6.8377867,3.5847666,2.4891114
4289,864691135689015264,train,thalamocortical,thalamocortical,3.9864752,5.6938076,3.9451497
2165,864691135997428394,test,thalamocortical,thalamocortical,5.0238385,6.590929,1.1123768
477,864691135694264511,train,L4IT,pyramidal,6.400458,7.600927,1.6044418
15,864691136298111003,test,L4IT,pyramidal,6.022812,7.827557,4.2380834
4261,864691135703016059,train,MartFam,MartFam,2.648529,5.914959,2.8660436
6441,864691136390905207,train,MartFam,MartFam,4.5342426,4.2101026,0.842921
89,864691135757083346,train,L4IT,pyramidal,7.4191446,5.598104,2.5729523
2206,864691135480702662,train,MartFam,MartFam,1.6905392,7.289403,4.020342
366,864691135060094107,train,L4IT,pyramidal,5.9436164,6.784842,1.3387341
834,864691134887444986,test,NglFam,NglFam,6.521243,7.0548587,1.3828456
2628,864691135339982310,train,BasketFam,BasketFam,3.2226026,7.0688024,5.710033
1261,864691134886037498,train,MartFam,MartFam,1.7507666,5.821257,2.185396
850,864691136145494068,train,BasketFam,BasketFam,1.4756898,5.6174664,4.7948885
475,864691136012173475,test,BipFam,BipFam,3.027284,6.208767,2.5592692
3839,864691135839979667,train,MartFam,MartFam,2.2785566,5.331592,1.7511446
3630,864691135212863360,train,MartFam,MartFam,3.0987551,6.06324,5.574924
2159,864691135274708753,train,BasketFam,BasketFam,1.2458202,5.404758,5.3354306
4706,864691135772774651,test,MartFam,MartFam,3.0215197,4.7696333,1.673543
6,864691136438496158,train,L3IT,pyramidal,6.727621,9.3233795,3.6775622
1854,864691136813553523,train,BasketFam,BasketFam,1.7215601,7.2801757,5.4396143
12,864691135376096329,train,BipFam,BipFam,3.2996418,5.9877534,3.2212021
116,864691135941886118,train,BipFam,BipFam,5.0315137,6.224367,2.2318704
1022,864691136118878116,train,MartFam,MartFam,2.3022337,5.1806912,1.5069361
234,864691135763362102,test,L4IT,pyramidal,7.6215925,9.296564,2.6145747
125,864691136391024144,train,NglFam,NglFam,2.90815,4.8101206,2.2649646
4117,864691136196932172,train,BasketFam,BasketFam,2.2864778,5.2522883,5.699618
1190,864691135817803599,test,BasketFam,BasketFam,1.6423743,5.2727885,5.0978312
3724,864691136314120765,train,BasketFam,BasketFam,5.2238646,6.3305907,0.95802414
1488,864691135431441968,train,thalamocortical,thalamocortical,2.095893,8.070202,4.1549196
792,864691136372954248,test,NglFam,NglFam,1.8970371,5.0163345,2.2972248
2726,864691135875414414,train,BasketFam,BasketFam,2.8670495,5.6834445,5.538955
716,864691135343506885,train,BipFam,BipFam,4.2530084,5.329491,2.3399692
1076,864691135431441968,train,thalamocortical,thalamocortical,2.8678565,7.203811,0.6863777
6588,864691135464991645,train,thalamocortical,thalamocortical,4.4617743,6.224826,1.3167391
842,864691135060784027,test,thalamocortical,thalamocortical,3.123364,7.383973,1.0182624
145,864691136012173475,test,BipFam,BipFam,6.8283253,6.888319,2.6281219
349,864691135576991518,train,L4IT,pyramidal,4.7690883,7.89028,3.7434456
992,864691135885663600,train,L5NP,pyramidal,1.6133908,6.695551,2.372659
2348,864691135387551061,train,BasketFam,BasketFam,1.0690951,5.9108195,4.9050965
4414,864691135853090503,test,BasketFam,BasketFam,2.2377694,5.074555,6.2147202
880,864691135685250546,train,BasketFam,BasketFam,2.6928442,4.9835863,6.411634
47,864691136086632812,train,NglFam,NglFam,6.6320925,8.710597,1.8888637
132,864691136523118481,train,L4IT,pyramidal,3.9328125,8.978065,4.5452495
233,864691136391024144,train,NglFam,NglFam,3.294074,6.7016892,2.621269
416,864691135303514791,train,NglFam,NglFam,5.3175774,6.200529,2.0751665
1291,864691136288755395,train,thalamocortical,thalamocortical,3.9607148,6.7116523,0.9971852
2228,864691135741641876,test,BasketFam,BasketFam,3.8520427,5.385169,5.3805804
452,864691135293096118,train,NglFam,NglFam,1.6902691,6.420591,2.2020385
1493,864691136966189518,test,MartFam,MartFam,6.211677,3.7767456,1.9185988
331,864691135577749022,train,L2IT,pyramidal,5.190588,7.3082075,2.0803378
622,864691135686283703,train,L4IT,pyramidal,6.2222056,6.7896504,1.3300508
225,864691135726881195,train,L4IT,pyramidal,5.017929,6.616454,2.8684552
1035,864691136364166370,train,BipFam,BipFam,6.8926673,6.985057,2.6619892
445,864691136391024144,train,NglFam,NglFam,6.29555,8.992805,2.6723473
570,864691136372954248,test,NglFam,NglFam,5.4745674,5.1951003,1.9597819
3439,864691135294194358,train,thalamocortical,thalamocortical,7.1491227,8.312018,3.0002148
25,864691135886208112,train,L3IT,pyramidal,7.230294,9.193483,3.17967
822,864691135350717399,train,L5IT,pyramidal,6.093762,6.8453693,1.3413401
3797,864691136053350131,test,thalamocortical,thalamocortical,3.2970784,6.4758267,0.9768593
2215,864691136120465944,train,thalamocortical,thalamocortical,2.6394134,6.9156203,1.9542558
1985,864691135755605197,train,thalamocortical,thalamocortical,4.032313,6.2321587,1.3390527
1348,864691136620192653,train,MartFam,MartFam,6.383576,8.260123,2.589978
1976,864691135866821340,train,thalamocortical,thalamocortical,2.4960635,7.1929526,1.0174836
1449,864691136145537844,train,BipFam,BipFam,7.262929,7.033247,3.6077871
366,864691135215078712,train,BipFam,BipFam,6.5562572,7.92651,3.802244
2167,864691135336840425,train,BasketFam,BasketFam,2.6470914,6.900538,5.103749
89,864691136034199739,train,BipFam,BipFam,7.6615024,9.21624,2.606356
770,864691136137168779,train,BipFam,BipFam,2.885873,6.5625944,2.7888584
1228,864691135727961663,train,L4IT,pyramidal,7.488257,8.402162,3.1214917
346,864691136391024144,train,NglFam,NglFam,3.4818256,4.393856,2.0309153
631,864691136974876956,test,L5ET,pyramidal,4.8856077,8.819873,4.516037
3397,864691135739131780,train,MartFam,MartFam,3.3223307,4.698112,0.767153
1789,864691135782873936,test,thalamocortical,thalamocortical,4.6856,8.255929,3.502855
384,864691135955909640,train,L4IT,pyramidal,7.4614625,9.52752,2.9870033
1663,864691135702887291,train,BasketFam,BasketFam,2.5175714,7.790261,5.4581075
11213,864691135456535658,train,MartFam,MartFam,5.259543,7.131274,1.5111647
9197,864691135271967397,train,MartFam,MartFam,0.7408709,6.0046945,2.6905653
2048,864691135448017554,train,BasketFam,BasketFam,1.1847382,5.9582834,5.266053
528,864691135132887456,test,NglFam,NglFam,7.729057,4.4888997,2.6414278
14,864691135271970725,train,BasketFam,BasketFam,3.6054225,5.21756,5.7927427
371,864691135303514791,train,NglFam,NglFam,7.000404,4.046309,3.0635633
658,864691135732557241,test,L4IT,pyramidal,5.623794,7.3479233,2.7908578
1045,864691135106309709,train,NglFam,NglFam,6.8843207,9.738468,3.2175636
216,864691134887444986,test,NglFam,NglFam,7.248335,5.1912403,2.8124683
459,864691135157619556,train,L4IT,pyramidal,4.6678987,7.113577,1.9733464
783,864691135659538306,train,thalamocortical,thalamocortical,7.383127,4.0337276,2.6932306
163,864691135347627423,train,BipFam,BipFam,7.615775,9.7729435,2.9080021
3102,864691135470255698,train,thalamocortical,thalamocortical,1.8369166,7.4680533,3.3955145
1670,864691136814345075,train,MartFam,MartFam,2.14949,5.0325503,2.3223672
744,864691136314126653,train,BipFam,BipFam,5.149043,5.7040076,4.1364665
5582,864691135362357319,train,BasketFam,BasketFam,2.7830403,5.095137,5.8929853
3750,864691136392806271,train,BasketFam,BasketFam,2.045357,6.4123445,4.5895667
1351,864691135214970752,train,BipFam,BipFam,5.5861263,5.1609087,1.2254894
47,864691135763941174,train,L2IT,pyramidal,6.1849823,7.102781,3.0713227
1041,864691135106309709,train,NglFam,NglFam,7.546989,9.883141,2.8795168
4761,864691136298913563,train,MartFam,MartFam,1.9389831,5.0637426,2.01313
4452,864691136914542577,train,MartFam,MartFam,2.832578,4.41109,1.8398299
296,864691136273370302,train,NglFam,NglFam,7.4276867,9.945819,2.6994352
200,864691135990564864,train,NglFam,NglFam,7.4306164,3.7006724,2.6403713
1406,864691135119636189,train,BasketFam,BasketFam,3.2943642,5.883511,6.537447
8041,864691136390905207,train,MartFam,MartFam,2.545663,5.479476,2.1122928
6661,864691136007059658,test,BipFam,BipFam,3.122985,6.46097,1.9494479
2443,864691135470255698,train,thalamocortical,thalamocortical,5.042442,5.9731917,1.2623029
228,864691135015154934,test,L4IT,pyramidal,5.244949,6.4368696,2.6506805
1321,864691135470255698,train,thalamocortical,thalamocortical,2.4325664,7.13951,1.0685016
151,864691135528193883,test,BipFam,BipFam,5.4327016,7.79069,4.2565384
230,864691136137210507,train,BipFam,BipFam,4.658056,6.6406436,2.5153344
96,864691135689555680,train,NglFam,NglFam,6.836874,3.740902,2.1434243
19,864691135293096118,train,NglFam,NglFam,7.3367376,7.5338345,3.20101
282,864691135778290109,train,BasketFam,BasketFam,3.5178955,6.9438252,6.400083
572,864691136086632812,train,NglFam,NglFam,6.16447,5.292635,2.0144107
466,864691136033871035,train,thalamocortical,thalamocortical,4.326524,5.635898,4.3520303
590,864691135878586963,test,thalamocortical,thalamocortical,2.3878422,7.0686483,3.0124912
1651,864691136091233847,train,thalamocortical,thalamocortical,2.7928617,6.606469,1.0890408
3394,864691136392682879,train,BasketFam,BasketFam,3.1741102,5.024056,5.997903
302,864691135455507818,train,L4IT,pyramidal,4.5113263,9.067902,4.2298603
852,864691135470860370,test,BipFam,BipFam,6.346478,8.312797,1.4121206
1866,864691135350977751,train,MartFam,MartFam,6.4933453,3.4553332,2.0887647
2099,864691136120465944,train,thalamocortical,thalamocortical,3.4886265,6.3481965,0.85341966
6206,864691136196932172,train,BasketFam,BasketFam,1.0986261,5.213246,5.3550224
921,864691137056216950,train,MartFam,MartFam,2.7898242,5.4484296,2.8390958
653,864691136927366986,train,thalamocortical,thalamocortical,2.7466478,6.9093566,2.9840817
2216,864691136013367715,test,L3IT,pyramidal,6.8495593,6.3743,3.2767415
638,864691134887444986,test,NglFam,NglFam,7.405175,4.937099,2.3649375
3811,864691136011485614,test,BasketFam,BasketFam,1.9279059,5.08893,5.6361732
181,864691136336204979,train,NglFam,NglFam,3.887564,5.3484178,2.7700498
12405,864691135779780797,test,MartFam,MartFam,4.325954,4.836405,0.53840095
4,864691135356708303,train,MartFam,MartFam,3.4313319,9.017426,4.1979847
152,864691135990564864,train,NglFam,NglFam,7.88375,4.750711,2.7361445
5492,864691137022180974,test,MartFam,MartFam,3.0057037,5.5427523,2.2432177
1772,864691135920591792,train,BasketFam,BasketFam,1.5223602,6.483446,4.6840973
457,864691135857976366,train,BipFam,BipFam,4.526174,7.0287633,3.3819199
566,864691135106309709,train,NglFam,NglFam,4.6157136,8.674563,4.241183
1314,864691135271343525,train,BipFam,BipFam,3.2687037,5.259257,2.1781845
691,864691135689015264,train,thalamocortical,thalamocortical,1.4720424,7.1042447,2.344749
6781,864691135212863360,train,MartFam,MartFam,4.162241,5.5704594,3.7085679
4124,864691136034487483,train,BasketFam,BasketFam,4.7062764,5.6712046,3.833521
2554,864691135779780797,test,MartFam,MartFam,4.3885684,4.5937614,0.5794925
318,864691136967478222,train,L5IT,pyramidal,7.422228,3.7645743,2.381391
1100,864691135343506885,train,BipFam,BipFam,3.918479,5.679749,1.6560103
6649,864691136381324501,train,BasketFam,BasketFam,4.5952177,6.46343,2.7167811
872,864691136239859772,train,L4IT,pyramidal,4.34367,7.7109423,2.4754868
165,864691135688823008,train,L6IT,pyramidal,5.4535923,8.418168,4.664161
113,864691135839999379,train,BipFam,BipFam,7.377059,4.134906,2.6928596
129,864691135293096118,train,NglFam,NglFam,2.5424056,7.268877,2.5887833
140,864691135970210661,train,L5IT,pyramidal,6.070289,8.322369,3.8517566
316,864691135115194009,train,BipFam,BipFam,7.583659,9.744362,3.3239336
103,864691135938404612,train,BipFam,BipFam,6.266858,7.067982,4.66802
162,864691136102207349,train,BipFam,BipFam,5.0068765,6.8292856,2.262918
1494,864691135810495005,train,BasketFam,BasketFam,2.1145325,5.1513066,6.090258
61,864691135689555680,train,NglFam,NglFam,7.400689,3.752852,2.53261
31,864691135731966649,train,L6CT,pyramidal,5.901912,7.6106954,2.9637961
7437,864691135271970725,train,BasketFam,BasketFam,2.8058088,5.1974835,5.3059416
362,864691135409940425,train,L3IT,pyramidal,5.950631,8.689769,3.5853522
2248,864691135196475434,train,MartFam,MartFam,6.7195396,6.6896296,2.9677417
273,864691136273370302,train,NglFam,NglFam,7.183065,9.680464,3.019593
3142,864691135477104960,train,thalamocortical,thalamocortical,1.8588188,7.1630096,2.922723
1375,864691135689015264,train,thalamocortical,thalamocortical,4.287184,5.644033,3.1146233
9454,864691135499765267,train,MartFam,MartFam,5.0452533,6.786216,0.9216564
6750,864691135212863360,train,MartFam,MartFam,6.2501345,5.028701,2.6326027
655,864691136118294692,train,thalamocortical,thalamocortical,2.4313679,6.5431056,1.6529356
4451,864691135686540471,train,BasketFam,BasketFam,1.2395083,5.814697,4.8828115
2854,864691135361291591,train,MartFam,MartFam,6.8089786,7.241751,4.249011
416,864691136925008100,train,BipFam,BipFam,1.4282901,5.985456,3.869077
450,864691135340141542,test,MartFam,MartFam,7.622751,9.959692,3.2918067
944,864691135106309709,train,NglFam,NglFam,4.1157517,9.512207,5.111993
3013,864691135343506885,train,BipFam,BipFam,6.2954845,7.0832186,4.210674
738,864691135134585248,train,BipFam,BipFam,6.7058997,4.5321565,2.788842
270,864691136007059658,test,BipFam,BipFam,3.862182,6.445672,1.6537901
7,864691136010651052,train,L2IT,pyramidal,7.1085205,8.383095,3.9296527
3426,864691135996104618,train,BasketFam,BasketFam,1.7651609,7.014266,5.7424207
1879,864691135571440006,train,MartFam,MartFam,6.607952,4.6321697,2.4982545
37,864691135387753601,train,MartFam,MartFam,7.372438,3.9366212,2.598545
3,864691135742097044,train,L4IT,pyramidal,7.45239,8.307157,3.5510275
576,864691135528193883,test,BipFam,BipFam,6.5760736,4.3904095,2.2620494
1241,864691136033871035,train,thalamocortical,thalamocortical,4.7783747,6.4044113,1.1040893
5193,864691135477104960,train,thalamocortical,thalamocortical,3.472931,6.070923,3.1531289
4103,864691136195284556,train,MartFam,MartFam,4.3480735,8.229641,2.5944908
82,864691135946994785,train,BasketFam,BasketFam,2.73096,8.261169,5.5227594
1050,864691135235206489,train,MartFam,MartFam,3.198162,6.401068,1.6744341
201,864691135465571653,train,L6IT,pyramidal,5.0239954,7.2977176,3.996387
1515,864691136927366986,train,thalamocortical,thalamocortical,4.1121597,7.1422353,0.81906277
2058,864691135997428394,test,thalamocortical,thalamocortical,2.871191,8.514512,4.775543
213,864691136336107187,test,L5IT,pyramidal,5.0219064,7.276826,1.3672874
2629,864691135878586963,test,thalamocortical,thalamocortical,2.4482226,8.268292,3.2287657
446,864691135376096329,train,BipFam,BipFam,4.901985,8.984694,4.5069866
1304,864691136107670745,train,BasketFam,BasketFam,3.2520316,6.8517175,6.348093
1391,864691135772774651,test,MartFam,MartFam,3.035547,5.8742547,2.3073611
390,864691136372954248,test,NglFam,NglFam,4.6140137,5.5116873,1.0625887
4684,864691135685250546,train,BasketFam,BasketFam,2.615764,6.840939,4.857619
1580,864691135294194358,train,thalamocortical,thalamocortical,4.35477,5.3397646,1.6712095
176,864691136196932172,train,BasketFam,BasketFam,1.7877002,5.3927407,5.3636594
633,864691135641196091,train,MartFam,MartFam,3.953669,5.4382834,3.2932625
4249,864691136006393034,train,MartFam,MartFam,5.4890656,4.411539,1.4705914
2487,864691135470255698,train,thalamocortical,thalamocortical,1.6250908,7.4862046,2.726203
2150,864691136011549614,train,BipFam,BipFam,6.0695415,6.5666337,3.5725741
2693,864691135875414414,train,BasketFam,BasketFam,2.1994302,7.1194987,5.464811
3775,864691136619344859,test,BasketFam,BasketFam,1.9025029,5.7588067,5.257031
854,864691135778618029,train,BipFam,BipFam,7.3196597,8.486625,2.8684483
1937,864691135858282030,train,MartFam,MartFam,2.3064055,4.454361,1.3714949
515,864691135562410721,test,L6IT,pyramidal,6.080586,6.9252806,1.349085
4029,864691135997428394,test,thalamocortical,thalamocortical,3.6447604,6.7094736,3.3935893
3247,864691134942595939,train,BasketFam,BasketFam,3.2713027,5.4313927,6.446533
123,864691135398868257,train,L4IT,pyramidal,5.7348485,7.7593184,3.610869
7047,864691137022180974,test,MartFam,MartFam,3.834648,7.8687882,3.0773966
111,864691136336204979,train,NglFam,NglFam,6.9621425,3.2857034,2.1236045
4231,864691135212863360,train,MartFam,MartFam,7.3360047,7.91624,2.362292
4226,864691135858282030,train,MartFam,MartFam,1.9945481,5.2764783,2.4889271
1043,864691135545730856,train,BipFam,BipFam,5.6896396,8.897465,4.282971
435,864691135503836253,train,L4IT,pyramidal,5.015395,6.888458,2.9315007
73,864691135388984961,train,BasketFam,BasketFam,1.9931982,7.5549235,5.9123783
198,864691135303514791,train,NglFam,NglFam,7.2248335,3.6933763,2.3477147
1511,864691136372954248,test,NglFam,NglFam,3.7992089,6.241792,2.473634
1006,864691135464595518,train,BasketFam,BasketFam,1.333292,6.6860557,4.8957033
4658,864691135997140906,train,BipFam,BipFam,5.778689,5.1472054,2.7210665
284,864691135867984005,train,L4IT,pyramidal,6.0102544,6.533572,3.1331706
7028,864691135562001633,train,MartFam,MartFam,4.973477,6.854777,2.586051
1187,864691136288755395,train,thalamocortical,thalamocortical,1.4589244,6.8674183,2.217083
3358,864691135470255698,train,thalamocortical,thalamocortical,2.1233559,6.5923853,2.3128915
426,864691135303514791,train,NglFam,NglFam,7.158451,4.8157034,2.6757016
2325,864691135928029966,train,thalamocortical,thalamocortical,3.838249,8.692358,4.358009
167,864691136196240342,test,BipFam,BipFam,7.170204,7.9846473,3.0199785
49,864691136927566154,test,L4IT,pyramidal,6.948173,7.924074,1.8597075
350,864691134941824611,train,L4IT,pyramidal,6.7866025,7.510572,1.4769093
39,864691135997140906,train,BipFam,BipFam,2.9540079,7.653847,2.7374997
3138,864691135341516741,test,MartFam,MartFam,7.8668165,5.3650665,2.4697673
482,864691134920000010,train,BasketFam,BasketFam,3.8660316,6.5776114,6.31579
1948,864691135119335645,train,thalamocortical,thalamocortical,3.2440217,8.213048,4.224088
62,864691136391024144,train,NglFam,NglFam,3.3752403,7.3895483,3.5125036
154,864691136086632812,train,NglFam,NglFam,5.141187,6.12339,1.6559429
312,864691136372954248,test,NglFam,NglFam,3.0548759,6.5962367,2.232657
15,864691135342585541,train,L4IT,pyramidal,6.776523,9.087618,3.3355377
2031,864691135586022264,train,BasketFam,BasketFam,3.5029237,5.606315,6.4962597
263,864691136086632812,train,NglFam,NglFam,6.26394,7.6653514,1.1717746
6909,864691135477104960,train,thalamocortical,thalamocortical,1.0476543,7.0905766,3.4479105
4512,864691135309486662,train,BasketFam,BasketFam,1.4049584,5.5867,4.797393
2591,864691135939776309,train,MartFam,MartFam,6.924167,7.373428,2.8692975
3,864691135258563503,train,L4IT,pyramidal,5.8355727,7.9500613,3.2213173
42,864691135518510218,train,NglFam,NglFam,7.286384,3.609323,2.3819854
1081,864691135685030130,train,thalamocortical,thalamocortical,2.9978638,6.972314,2.1890655
2057,864691135398746401,train,MartFam,MartFam,2.1394331,5.6225176,2.6426172
376,864691136034199739,train,BipFam,BipFam,6.110221,7.420171,2.0917273
3709,864691135997140906,train,BipFam,BipFam,6.466524,7.229041,1.4858667
201,864691135274708753,train,BasketFam,BasketFam,2.7639503,6.3109903,6.0808353
2172,864691136138803837,train,BasketFam,BasketFam,2.0268784,7.6123247,5.7597075
810,864691136595955362,train,MartFam,MartFam,2.4994621,7.7908106,4.173247
768,864691135755605197,train,thalamocortical,thalamocortical,5.2617283,6.0359654,2.5489707
3473,864691136138803837,train,BasketFam,BasketFam,2.8660054,5.9193716,5.641158
3357,864691136053350131,test,thalamocortical,thalamocortical,0.9248064,6.7814455,3.3022768
5736,864691135839979667,train,MartFam,MartFam,3.4395933,4.3774123,1.9152958
2210,864691135853090503,test,BasketFam,BasketFam,2.156177,5.1018233,6.170958
119,864691136137064075,train,BipFam,BipFam,3.807566,9.196746,4.1297436
1004,864691136033871035,train,thalamocortical,thalamocortical,3.81154,6.6088514,1.2235181
1031,864691134966249759,train,thalamocortical,thalamocortical,2.185395,7.8358145,3.9327595
1336,864691135214970752,train,BipFam,BipFam,7.0726824,9.648787,2.3365884
1400,864691135685030130,train,thalamocortical,thalamocortical,4.4752593,8.011037,1.4941641
1696,864691135839577235,train,MartFam,MartFam,4.519591,8.320287,3.6505246
526,864691136372954248,test,NglFam,NglFam,4.93247,4.5083466,1.0984045
1145,864691136580010516,test,MartFam,MartFam,2.915274,4.5464034,1.5030131
6662,864691135464991645,train,thalamocortical,thalamocortical,2.6044672,6.6770606,1.1042737
3650,864691135739131780,train,MartFam,MartFam,6.128295,6.7469172,1.5727836
375,864691135293096118,train,NglFam,NglFam,3.8083868,6.93345,2.366687
182,864691135119335645,train,thalamocortical,thalamocortical,1.1475857,7.080957,2.5002363
1013,864691135342585541,train,L4IT,pyramidal,5.9057674,8.026541,4.608051
352,864691135014734486,train,L4IT,pyramidal,6.061053,6.9870157,2.979645
22,864691135132887456,test,NglFam,NglFam,7.1848445,4.487835,2.6887853
1536,864691135928029966,train,thalamocortical,thalamocortical,2.888795,7.226765,0.71894836
166,864691135840033171,train,NglFam,NglFam,2.4109418,7.1684422,3.5907438
1132,864691135940881830,train,MartFam,MartFam,7.507771,3.861885,2.6345136
246,864691135212863360,train,MartFam,MartFam,7.2748203,9.064835,3.6329722
44,864691135742677867,train,BipFam,BipFam,3.2891302,4.7322626,2.2771587
457,864691135209280633,train,L4IT,pyramidal,6.014115,7.5892053,2.8936508
3611,864691135309486662,train,BasketFam,BasketFam,1.7957996,6.580911,5.462162
437,864691135878407251,train,BasketFam,BasketFam,3.5991125,8.891171,4.8269763
1051,864691136438216350,train,BasketFam,BasketFam,3.3703573,5.1718974,6.2863507
405,864691134886499066,train,L4IT,pyramidal,6.563284,6.8354344,1.8243345
137,864691136034199739,train,BipFam,BipFam,4.1572094,9.234226,4.896753
121,864691135990564864,train,NglFam,NglFam,6.5094023,3.756039,2.5785315
59,864691135106309709,train,NglFam,NglFam,6.7372093,9.488102,3.7542121
2694,864691135997428394,test,thalamocortical,thalamocortical,2.2405677,6.6385274,4.0862675
32,864691135703164283,train,L4IT,pyramidal,7.4337163,8.484179,3.3056312
6001,864691136914542577,train,MartFam,MartFam,4.0965986,5.3909984,4.3977423
2264,864691135782873936,test,thalamocortical,thalamocortical,3.911418,7.8284082,3.1829336
1845,864691135783317840,train,thalamocortical,thalamocortical,2.6367753,6.645738,2.2858138
3129,864691135689015264,train,thalamocortical,thalamocortical,2.002828,7.391831,2.9387963
1787,864691135764890678,train,MartFam,MartFam,4.7500167,6.9529395,1.0013666
2374,864691135470556242,train,MartFam,MartFam,7.3747015,3.370682,2.2114072
4052,864691136138695549,train,BasketFam,BasketFam,7.248149,8.609869,3.1478605
229,864691135430290480,train,L4IT,pyramidal,7.0087094,7.4351788,2.8262107
1294,864691135562950369,train,BipFam,BipFam,6.2001467,5.7539415,1.729113
671,864691136086632812,train,NglFam,NglFam,4.9713774,4.4301634,1.1299828
99,864691135405337326,test,L3IT,pyramidal,5.149536,6.866374,1.9951715
3657,864691136118294692,train,thalamocortical,thalamocortical,2.9597354,6.345895,2.0587788
641,864691135929072340,train,L5IT,pyramidal,6.659194,7.0353675,1.418403
399,864691136927801674,train,L4IT,pyramidal,5.6110415,7.036634,4.651528
3783,864691135119335645,train,thalamocortical,thalamocortical,1.3723813,6.734079,3.7824552
2447,864691135346954143,train,MartFam,MartFam,1.1172084,5.524966,2.5007794
4560,864691135464991645,train,thalamocortical,thalamocortical,2.3865998,6.238578,2.7230096
189,864691135106309709,train,NglFam,NglFam,5.9390035,9.19744,3.3725688
1267,864691136452920319,train,BasketFam,BasketFam,7.012285,9.003854,1.873571
45,864691136125840678,test,L6CT,pyramidal,6.1387744,8.002407,1.1049842
3759,864691135772774651,test,MartFam,MartFam,3.1704757,4.939855,2.1069202
675,864691134887444986,test,NglFam,NglFam,4.5787625,4.0313005,0.949698
899,864691136619344859,test,BasketFam,BasketFam,1.7215604,5.2217355,5.080469
648,864691135387277397,test,thalamocortical,thalamocortical,7.0063643,4.1530294,2.2689776
4562,864691135997140906,train,BipFam,BipFam,4.4516397,5.5096064,3.14068
157,864691135132887456,test,NglFam,NglFam,7.5132203,4.3753448,2.8282073
929,864691136007128778,test,MartFam,MartFam,0.77909946,6.0265303,2.6227841
4613,864691135755605197,train,thalamocortical,thalamocortical,4.231349,6.266435,1.0929581
844,864691134887444986,test,NglFam,NglFam,5.1201644,4.352433,1.1778424
1015,864691135351159255,train,thalamocortical,thalamocortical,6.11852,6.979453,4.5661063
1953,864691136813553523,train,BasketFam,BasketFam,7.5566854,9.619884,2.8794684
1151,864691136125433894,train,L3IT,pyramidal,5.0404644,5.951731,4.249961
321,864691135499765267,train,MartFam,MartFam,2.1943758,5.4106584,1.5413384
542,864691135566902039,train,BipFam,BipFam,3.998779,6.325237,3.2004313
5457,864691135686540471,train,BasketFam,BasketFam,1.7383757,5.6585283,5.7698874
142,864691136042515798,train,L6IT,pyramidal,4.9314895,9.318741,4.6045284
106,864691135990564864,train,NglFam,NglFam,7.7802877,3.7453518,2.3686476
569,864691135810297885,train,BipFam,BipFam,5.7211027,7.028468,1.3208743
268,864691135689555680,train,NglFam,NglFam,5.65923,4.357944,1.7889339
2099,864691135343601093,train,BasketFam,BasketFam,2.0446253,7.667845,5.8922725
3428,864691136033871035,train,thalamocortical,thalamocortical,2.8827546,7.007425,1.159832
1157,864691136372954248,test,NglFam,NglFam,7.36351,6.2976007,2.8126519
1580,864691135369668089,train,BasketFam,BasketFam,2.1528988,6.8590007,5.402326
8857,864691135210446457,train,MartFam,MartFam,2.7136912,4.6438947,1.7818583
3048,864691136118294692,train,thalamocortical,thalamocortical,3.7926238,7.0346375,0.7750871
109,864691135994226881,train,L2IT,pyramidal,7.795902,6.9189105,3.1884413
444,864691135689555680,train,NglFam,NglFam,3.8971124,4.732485,1.3658426
1243,864691135492614239,train,MartFam,MartFam,4.8303957,5.413208,4.561922
9,864691135442591048,train,BasketFam,BasketFam,4.2910213,5.7958894,4.995252
2912,864691135782873936,test,thalamocortical,thalamocortical,6.6044083,7.8410134,2.679178
184,864691136336204979,train,NglFam,NglFam,6.4884048,3.7990541,2.287413
959,864691135014696182,train,L6IT,pyramidal,5.4798017,8.791099,4.1257463
535,864691136033871035,train,thalamocortical,thalamocortical,3.5601234,6.452915,1.3963176
6127,864691136021592568,train,BasketFam,BasketFam,2.900031,8.674025,4.217582
404,864691135157198692,train,L4IT,pyramidal,7.416925,8.74402,2.9865565
264,864691136239793212,test,NglFam,NglFam,6.8950443,8.941069,1.7477427
713,864691135742826603,train,BipFam,BipFam,4.344411,6.345254,2.339235
1495,864691135294194358,train,thalamocortical,thalamocortical,2.092627,6.4812436,2.6685677
535,864691135448256146,train,L4IT,pyramidal,6.7100153,7.124151,1.7380517
110,864691135274038801,train,L3IT,pyramidal,6.285888,6.5322247,3.6153793
2473,864691135464991645,train,thalamocortical,thalamocortical,2.078682,6.7432885,2.1545007
6141,864691136067404440,test,MartFam,MartFam,1.6999842,5.934485,4.012292
1739,864691135210443897,train,BasketFam,BasketFam,2.1936934,6.4054813,5.771076
243,864691135351096279,train,L4IT,pyramidal,4.9791236,9.408682,4.712233
2748,864691135343506885,train,BipFam,BipFam,6.5173507,6.8071322,2.8654072
4892,864691136033871035,train,thalamocortical,thalamocortical,6.3229723,7.4507275,2.0955424
253,864691135528193883,test,BipFam,BipFam,4.8772125,6.2572775,1.3316306
5100,864691135480702662,train,MartFam,MartFam,1.8324782,5.004258,2.3618815
688,864691135468948364,train,L3IT,pyramidal,4.451866,6.9697256,0.93191576
3140,864691136007059658,test,BipFam,BipFam,5.362763,6.1172843,0.8802923
908,864691135477104960,train,thalamocortical,thalamocortical,0.9891292,6.792224,2.5207977
2680,864691135858282030,train,MartFam,MartFam,2.2897553,5.824128,2.7440336
3831,864691135362357319,train,BasketFam,BasketFam,1.5026665,5.2306404,5.108196
502,864691136927801674,train,L4IT,pyramidal,4.8169456,9.117625,4.6144176
142,864691135659538306,train,thalamocortical,thalamocortical,4.1418796,6.023621,3.2214353
1059,864691136523889553,train,BasketFam,BasketFam,3.2684488,5.1420636,5.9515414
126,864691135885917808,train,BasketFam,BasketFam,3.0194485,5.8383985,6.2210097
18,864691135303514791,train,NglFam,NglFam,7.1406903,4.4694986,2.6784542
2192,864691135294194358,train,thalamocortical,thalamocortical,1.7830052,7.1014314,2.864636
434,864691135303514791,train,NglFam,NglFam,7.0883045,4.0171084,3.0501378
707,864691136968109774,test,MartFam,MartFam,3.173767,5.4495587,2.3462348
646,864691136372954248,test,NglFam,NglFam,6.3081436,6.1876125,2.197023
8672,864691136011485614,test,BasketFam,BasketFam,3.184941,8.799452,5.300444
1888,864691136033871035,train,thalamocortical,thalamocortical,4.844533,7.964467,1.8494499
269,864691135346571423,train,L4IT,pyramidal,4.7061005,8.703657,4.115175
290,864691135997140906,train,BipFam,BipFam,5.596882,6.4944363,2.9055939
1437,864691136138695549,train,BasketFam,BasketFam,5.794915,7.9014244,4.890755
625,864691135701746978,test,L4IT,pyramidal,6.443242,7.7334704,1.6404806
10347,864691135779780797,test,MartFam,MartFam,4.274489,5.055211,3.8416402
1264,864691135742895723,test,BipFam,BipFam,2.0149763,7.5004396,4.236922
4457,864691136580010516,test,MartFam,MartFam,2.486218,8.169627,3.0754871
1401,864691135717457946,test,L4IT,pyramidal,1.4696071,6.554648,2.428073
568,864691136033332155,train,L4IT,pyramidal,4.7638,6.854688,2.5037675
209,864691136391034487,train,L4IT,pyramidal,6.2916913,7.7832966,2.4775767
399,864691135689015264,train,thalamocortical,thalamocortical,6.0950727,6.9271445,4.4069815
175,864691135503004765,train,BipFam,BipFam,6.962088,5.411386,2.2890985
416,864691135106309709,train,NglFam,NglFam,5.87759,9.076077,3.5938706
540,864691136118370724,train,L3IT,pyramidal,6.126629,7.469565,4.391666
1758,864691136053350131,test,thalamocortical,thalamocortical,2.7494416,6.5650454,3.2297664
99,864691135566902039,train,BipFam,BipFam,6.7062654,8.597275,3.0721536
2966,864691135928029966,train,thalamocortical,thalamocortical,4.06384,6.4795895,1.159672
152,864691135293096118,train,NglFam,NglFam,6.563654,8.47114,3.044114
5058,864691135616183499,train,BasketFam,BasketFam,1.2819753,5.0358043,5.305537
3558,864691136011549614,train,BipFam,BipFam,4.78577,6.1667123,1.1181619
5707,864691135703016059,train,MartFam,MartFam,3.3178706,5.0233264,2.7758706
10873,864691135779780797,test,MartFam,MartFam,4.6111484,5.041851,1.3628832
347,864691135293096118,train,NglFam,NglFam,2.4899428,7.5495696,2.5632915
1057,864691135209280633,train,L4IT,pyramidal,5.475582,6.920816,3.7975879
4885,864691135741889940,train,BasketFam,BasketFam,2.4646869,7.3848777,5.5887656
191,864691136336192947,train,BasketFam,BasketFam,1.5561237,6.146995,4.9989443
873,864691135866821340,train,thalamocortical,thalamocortical,2.9165065,7.152068,0.76852125
340,864691135773240571,train,L6CT,pyramidal,5.3304167,8.899231,4.60065
2101,864691135477104960,train,thalamocortical,thalamocortical,3.8719645,5.2039037,1.6444316
2059,864691135739131780,train,MartFam,MartFam,5.186136,6.6307325,1.5044965
1225,864691135954480163,train,MartFam,MartFam,7.4331374,3.4376872,2.2071338
3106,864691136007059658,test,BipFam,BipFam,4.035087,7.5035224,3.1800292
2139,864691136145537844,train,BipFam,BipFam,6.6532726,5.798608,2.253193
479,864691135132887456,test,NglFam,NglFam,7.815048,7.5920334,2.8311646
566,864691135277501669,train,L4IT,pyramidal,6.635262,8.613389,1.667612
351,864691136145537844,train,BipFam,BipFam,4.6635284,5.6354976,0.9645476
205,864691135470860370,test,BipFam,BipFam,5.954056,7.8771057,1.0356835
2885,864691135235206489,train,MartFam,MartFam,7.436722,3.711043,2.1109085
4551,864691136011458734,test,BasketFam,BasketFam,1.8153962,4.7878504,6.0291495
393,864691134887444986,test,NglFam,NglFam,5.0033846,5.0614142,1.5542601
551,864691136364166370,train,BipFam,BipFam,4.34178,7.009378,2.129393
339,864691135809456669,test,L6IT,pyramidal,4.8829618,5.2450047,1.1887894
471,864691136086632812,train,NglFam,NglFam,5.0780163,6.314856,1.526803
2577,864691135511861968,test,MartFam,MartFam,3.269846,8.290032,4.3564525
2241,864691136007059658,test,BipFam,BipFam,4.239213,9.591807,5.0483046
6369,864691135528046939,train,MartFam,MartFam,4.699181,4.4943824,0.8282963
467,864691136196240342,test,BipFam,BipFam,6.183936,8.028378,2.1795092
1347,864691135477104960,train,thalamocortical,thalamocortical,2.0690193,8.20264,4.2282844
40,864691135996104618,train,BasketFam,BasketFam,1.7130663,6.200632,6.078355
2610,864691135569282284,train,MartFam,MartFam,7.0935497,9.016503,3.8644295
490,864691135867532933,train,L6IT,pyramidal,7.4534197,9.75927,3.2851408
856,864691135566902039,train,BipFam,BipFam,5.506489,6.680335,1.1045305
1053,864691135271343525,train,BipFam,BipFam,3.1327512,5.5930586,3.2060554
1248,864691136025504569,train,L4IT,pyramidal,5.184914,5.4104733,2.7357259
169,864691135303514791,train,NglFam,NglFam,6.6875677,4.771088,2.3634243
1918,864691135764678198,test,MartFam,MartFam,2.0032532,5.4149957,2.4163177
2617,864691135350977751,train,MartFam,MartFam,4.0707583,4.89966,3.1206536
1971,864691135659538306,train,thalamocortical,thalamocortical,1.2127558,6.7815385,2.4926221
5279,864691136011485614,test,BasketFam,BasketFam,0.9544444,6.800512,3.8161745
39,864691135594101291,test,BasketFam,BasketFam,1.7495782,6.159351,6.0934386
141,864691135566902039,train,BipFam,BipFam,6.4503975,5.4830728,1.6612424
189,864691135732210873,train,L3IT,pyramidal,5.6139193,8.609775,3.9826667
1696,864691135431441968,train,thalamocortical,thalamocortical,2.2198637,7.8067555,4.0205183
203,864691136086632812,train,NglFam,NglFam,6.93568,5.388629,2.312584
1043,864691135997428394,test,thalamocortical,thalamocortical,4.2958875,7.9027104,1.4348297
425,864691136391024144,train,NglFam,NglFam,4.6306477,8.308082,4.1346636
2316,864691135592837899,train,BasketFam,BasketFam,1.505228,7.229262,5.2054543
1698,864691135703016059,train,MartFam,MartFam,3.2171667,4.1163163,0.5635129
1037,864691136110765496,train,MartFam,MartFam,6.3971334,9.314818,3.8012846
1368,864691135562950369,train,BipFam,BipFam,4.2613573,5.8726997,2.0805025
202,864691136118878116,train,MartFam,MartFam,1.8376343,5.6335554,2.0018985
907,864691136523971473,train,BipFam,BipFam,6.1549416,8.4157295,4.9814687
29,864691135686283703,train,L4IT,pyramidal,5.7151074,7.9497294,3.6175563
562,864691134887444986,test,NglFam,NglFam,6.690456,4.442382,2.4750764
8988,864691136580010516,test,MartFam,MartFam,3.515618,8.211013,4.18296
6085,864691135464991645,train,thalamocortical,thalamocortical,2.8307903,7.580168,3.5334747
1895,864691135866821340,train,thalamocortical,thalamocortical,0.9211813,7.0901575,2.878778
3552,864691136195284556,train,MartFam,MartFam,7.0143247,8.288036,1.9173303
5378,864691136033871035,train,thalamocortical,thalamocortical,5.343732,6.8026237,1.0048425
29,864691135060768923,test,BipFam,BipFam,3.3919723,7.9743032,3.1514378
3671,864691135584068717,train,BasketFam,BasketFam,1.2977809,5.6790185,5.103589
4544,864691135741641876,test,BasketFam,BasketFam,2.912736,4.887004,4.8919034
1646,864691135869457430,train,BasketFam,BasketFam,3.0655065,5.2055707,6.404063
243,864691135276504549,train,L2IT,pyramidal,6.9351287,8.333562,3.7120335
558,864691136391024144,train,NglFam,NglFam,3.269401,7.8190475,3.5464392
6047,864691135595810859,train,BasketFam,BasketFam,7.094433,5.8508935,2.4606147
332,864691135293096118,train,NglFam,NglFam,2.3508275,7.475536,2.7306015
35,864691136273370302,train,NglFam,NglFam,5.839381,7.942074,3.1983755
919,864691135478334888,train,BasketFam,BasketFam,2.7819479,7.2105255,5.5562525
758,864691135997428394,test,thalamocortical,thalamocortical,3.1764886,6.813545,3.2874327
457,864691135340141542,test,MartFam,MartFam,6.120964,7.503692,4.7913117
287,864691136100014453,train,BipFam,BipFam,6.8510723,8.345828,4.46335
8736,864691135891796617,train,BasketFam,BasketFam,2.9147484,5.522369,5.9510293
2559,864691135274708753,train,BasketFam,BasketFam,6.2272105,6.763297,3.5745578
1650,864691135783909427,train,MartFam,MartFam,2.4747448,8.009416,3.7249522
3552,864691136091233847,train,thalamocortical,thalamocortical,2.8704765,7.0578403,2.6243076
283,864691136239793212,test,NglFam,NglFam,6.894017,9.1747465,3.9974747
414,864691135866821340,train,thalamocortical,thalamocortical,0.90863454,6.9703918,2.8252237
65,864691135545730856,train,BipFam,BipFam,4.7144322,6.486994,2.6703274
278,864691135293096118,train,NglFam,NglFam,4.373172,9.199098,3.928981
44,864691135132887456,test,NglFam,NglFam,7.11363,3.3846984,2.3296947
383,864691136298111003,test,L4IT,pyramidal,6.606729,7.0805097,1.5379133
3336,864691135387529301,test,BasketFam,BasketFam,2.1516593,6.8349886,5.561394
6787,864691136007059658,test,BipFam,BipFam,6.2925277,7.3205986,1.6564034
545,864691135875777166,test,BasketFam,BasketFam,3.4381258,6.065009,6.0624504
2247,864691135464991645,train,thalamocortical,thalamocortical,1.2349496,6.8416576,2.7988212
1306,864691135764890678,train,MartFam,MartFam,2.2432058,6.9210105,2.4358919
134,864691135869457430,train,BasketFam,BasketFam,2.8406143,4.858541,6.3279057
430,864691136524282001,train,NglFam,NglFam,4.385493,5.0939665,2.6411166
8127,864691134886037498,train,MartFam,MartFam,1.8065802,5.1098366,2.6620893
670,864691136195284556,train,MartFam,MartFam,7.5652356,9.556499,2.9787073
416,864691135210443897,train,BasketFam,BasketFam,3.8765054,6.218595,5.832518
2297,864691135783317840,train,thalamocortical,thalamocortical,2.3446271,8.142389,3.07339
226,864691136373008520,train,L3IT,pyramidal,6.662887,7.032037,1.638785
5158,864691135755605197,train,thalamocortical,thalamocortical,4.558657,8.465533,3.840159
696,864691136273370302,train,NglFam,NglFam,7.284117,9.657207,2.8221803
4194,864691136445968259,train,BasketFam,BasketFam,4.3816566,5.5457425,4.386019
5096,864691135464991645,train,thalamocortical,thalamocortical,2.7123299,4.377471,0.88646805
162,864691136336204979,train,NglFam,NglFam,7.424118,3.6519966,2.6023324
510,864691135783317840,train,thalamocortical,thalamocortical,2.80093,6.5026817,2.3136792
1596,864691136372954248,test,NglFam,NglFam,2.8165607,6.241514,2.9481158
66,864691135977134403,train,L4IT,pyramidal,6.0713506,9.160206,3.7954562
737,864691136273370302,train,NglFam,NglFam,2.8353355,8.578335,5.575701
2748,864691136033871035,train,thalamocortical,thalamocortical,3.6345131,6.354471,4.0665402
1270,864691135686540471,train,BasketFam,BasketFam,2.311916,5.105574,6.249024
4046,864691135875919502,test,MartFam,MartFam,4.8745403,4.470017,0.89272326
189,864691135134114976,train,L4IT,pyramidal,7.178146,5.6660323,2.5360339
244,864691135662802416,train,L4IT,pyramidal,3.7553618,7.8850126,3.081938
1002,864691136125411622,test,L3IT,pyramidal,4.7297063,6.903617,0.8323372
749,864691135782873936,test,thalamocortical,thalamocortical,3.3371146,6.424518,0.82014877
235,864691135106309709,train,NglFam,NglFam,7.202276,9.672324,2.765535
38,864691135293096118,train,NglFam,NglFam,4.964717,8.743364,4.073553
1819,864691136196932172,train,BasketFam,BasketFam,1.9849095,4.7757616,5.191039
92,864691135518510218,train,NglFam,NglFam,6.825066,3.229134,2.1015007
84,864691136118294692,train,thalamocortical,thalamocortical,4.0977163,5.6039014,3.9430413
81,864691135293096118,train,NglFam,NglFam,4.3799834,8.291456,3.777128
623,864691136239793212,test,NglFam,NglFam,6.8242397,7.147613,2.4711905
381,864691135119636189,train,BasketFam,BasketFam,3.127222,5.8039966,6.3461933
209,864691135347627423,train,BipFam,BipFam,3.3012571,6.0123854,3.1755488
1676,864691135466333509,train,BasketFam,BasketFam,2.0689979,5.0461035,6.281055
687,864691136372954248,test,NglFam,NglFam,3.9114256,4.6559515,1.8990515
395,864691136391024144,train,NglFam,NglFam,4.434891,6.11011,0.9731159
2292,864691135477104960,train,thalamocortical,thalamocortical,3.0755925,5.9878073,3.0757167
3196,864691136524014993,train,BasketFam,BasketFam,0.7926482,5.9758763,4.5840735
57,864691135566902039,train,BipFam,BipFam,3.3868675,8.080797,3.1514118
399,864691135309628742,train,L5IT,pyramidal,6.545614,8.49829,1.8421319
5,864691135810297885,train,BipFam,BipFam,5.1970005,9.623244,4.238519
1934,864691135561699041,train,MartFam,MartFam,2.4140184,7.2971005,3.6332278
1061,864691136058602712,train,thalamocortical,thalamocortical,6.250792,7.0565553,1.872969
4186,864691136007059658,test,BipFam,BipFam,6.105152,7.6462235,1.5133182
15184,864691135779780797,test,MartFam,MartFam,3.601319,4.221936,0.7860524
744,864691135106309709,train,NglFam,NglFam,6.736535,9.41461,2.5609357
1114,864691135136735001,train,L4IT,pyramidal,3.7635438,8.397646,4.017114
7681,864691135477104960,train,thalamocortical,thalamocortical,2.522781,7.658622,3.7721894
4935,864691135755605197,train,thalamocortical,thalamocortical,1.31362,7.3348584,2.4939644
232,864691136336204979,train,NglFam,NglFam,3.0327206,5.4319997,3.1975548
147,864691134887444986,test,NglFam,NglFam,5.519228,6.186263,0.98533773
203,864691135511324169,train,BipFam,BipFam,2.7386367,5.731088,2.7873034
1401,864691135891690121,train,BasketFam,BasketFam,1.8894908,5.423465,5.291545
219,864691135214970752,train,BipFam,BipFam,3.0311542,8.311741,3.4903479
4890,864691136524014993,train,BasketFam,BasketFam,1.6926769,7.0400515,5.287352
1729,864691135404765166,train,MartFam,MartFam,6.964273,7.8362656,2.6424146
2870,864691135689015264,train,thalamocortical,thalamocortical,1.4455717,6.85506,3.6120982
902,864691136025504569,train,L4IT,pyramidal,4.3751254,7.6773725,3.528327
692,864691135689555680,train,NglFam,NglFam,2.3794222,7.286248,2.6695824
138,864691135990564864,train,NglFam,NglFam,6.413571,3.5345235,2.3034098
615,864691135742677867,train,BipFam,BipFam,4.092867,4.4213476,2.425219
102,864691135611140359,test,L4IT,pyramidal,5.8263454,8.676237,4.0435247
8134,864691136330880234,train,MartFam,MartFam,5.181938,7.302184,3.6303847
2526,864691136925008100,train,BipFam,BipFam,5.1188846,6.546726,2.6264431
188,864691136196240342,test,BipFam,BipFam,4.43799,8.241875,3.8840163
324,864691135810297885,train,BipFam,BipFam,6.339564,8.469894,4.8248253
605,864691135997140906,train,BipFam,BipFam,7.1659513,5.1590934,2.6235156
1470,864691135271343525,train,BipFam,BipFam,3.4808686,5.4330325,2.0355673
661,864691135431648048,train,L4IT,pyramidal,6.1824856,7.2726674,2.726858
26,864691136118430628,train,BipFam,BipFam,2.3506784,6.358675,2.6258183
310,864691135132887456,test,NglFam,NglFam,4.2045994,5.5825605,3.237279
467,864691136273370302,train,NglFam,NglFam,6.1426578,8.52296,4.8497615
4513,864691136211068860,train,BasketFam,BasketFam,1.3340943,5.938234,4.704086
1909,864691135689015264,train,thalamocortical,thalamocortical,3.085809,7.331972,2.9307883
721,864691136229363025,train,L4IT,pyramidal,5.0858045,7.422873,1.764418
762,864691136110765496,train,MartFam,MartFam,7.3072715,4.8606625,3.1848655
588,864691135655472066,train,L4IT,pyramidal,6.973264,8.006291,2.5158815
213,864691135015425942,test,BipFam,BipFam,3.502147,8.147615,3.1831908
329,864691136914414321,train,L2IT,pyramidal,5.0002904,5.101177,0.96926886
2877,864691135470255698,train,thalamocortical,thalamocortical,2.4375057,6.9784913,1.0127535
5432,864691135362357319,train,BasketFam,BasketFam,2.1962001,5.028324,5.461782
685,864691135476311616,test,L4IT,pyramidal,6.506003,5.25627,2.4897735
4174,864691136288755395,train,thalamocortical,thalamocortical,3.2958934,6.3852654,1.3423486
1129,864691135717457946,test,L4IT,pyramidal,6.715291,7.0581045,2.5251591
2852,864691135878586963,test,thalamocortical,thalamocortical,5.2172837,8.565812,3.9452136
2679,864691136033871035,train,thalamocortical,thalamocortical,2.9397466,7.254276,0.6364894
223,864691135689555680,train,NglFam,NglFam,6.2350364,4.606679,2.6853573
584,864691135384285931,train,L4IT,pyramidal,7.4717875,8.667812,3.2443178
5365,864691135464991645,train,thalamocortical,thalamocortical,1.1024158,6.786496,2.5054278
340,864691135271343525,train,BipFam,BipFam,3.2416394,5.4504814,3.0865088
580,864691136228538961,train,L5IT,pyramidal,4.5853415,8.020012,3.4154544
182,864691135662059760,train,L4IT,pyramidal,6.2787313,6.7693667,3.6980488
176,864691136725353725,train,L6CT,pyramidal,6.9376574,5.1827745,2.3132079
172,864691135742189163,test,L4IT,pyramidal,4.9304256,7.954681,2.990295
861,864691136372954248,test,NglFam,NglFam,3.4223912,5.084934,2.974397
4612,864691135990672896,train,MartFam,MartFam,3.7015812,8.314332,3.9735646
1125,864691135271343525,train,BipFam,BipFam,3.4373477,5.6116643,2.7156878
442,864691136118878116,train,MartFam,MartFam,2.2520554,6.365738,2.854414
760,864691135503448898,train,L6IT,pyramidal,4.60414,8.946857,3.9095523
6331,864691135477104960,train,thalamocortical,thalamocortical,3.9348004,7.76086,3.4065726
593,864691136603171281,train,L4IT,pyramidal,7.0305405,8.509015,2.5241306
619,864691136288752835,train,thalamocortical,thalamocortical,3.1067562,8.675843,3.9170005
395,864691134887444986,test,NglFam,NglFam,7.23362,5.1747184,2.3468838
310,864691136330122730,train,L5IT,pyramidal,7.8157887,6.226525,3.0030787
5004,864691136196932172,train,BasketFam,BasketFam,2.7923532,4.778925,5.980257
327,864691135591664907,train,L4IT,pyramidal,6.4696765,9.411893,3.753901
104,864691136596815778,train,L2IT,pyramidal,5.1158147,6.172772,2.5532749
124,864691135511486985,train,L4IT,pyramidal,4.8155055,6.4070015,2.693304
1638,864691135772774651,test,MartFam,MartFam,4.667107,6.438914,2.7922451
2576,864691136007059658,test,BipFam,BipFam,5.288567,7.548263,3.0982995
3868,864691135346954143,train,MartFam,MartFam,1.3343439,7.167601,3.9363196
48,864691135755605197,train,thalamocortical,thalamocortical,2.74141,7.5850077,3.2966506
2562,864691135994158785,test,MartFam,MartFam,2.136905,6.837423,3.869974
336,864691135132887456,test,NglFam,NglFam,6.7609553,3.7730858,2.7184699
144,864691136372954248,test,NglFam,NglFam,6.1576395,5.6955037,1.9143008
284,864691136273370302,train,NglFam,NglFam,5.1061277,9.11479,4.785024
5817,864691135858282030,train,MartFam,MartFam,2.4994516,4.693452,1.3936183
253,864691135948215076,test,BipFam,BipFam,1.5243431,5.779134,4.1682124
403,864691135686399415,train,BipFam,BipFam,4.3938355,5.4506474,2.5876107
250,864691136144674612,train,L3IT,pyramidal,5.050354,8.305013,3.3969834
2671,864691135384716762,train,MartFam,MartFam,2.2564058,5.5522623,1.8408568
378,864691136927366986,train,thalamocortical,thalamocortical,2.749887,6.614614,2.3661509
2422,864691136091233847,train,thalamocortical,thalamocortical,6.9923015,8.230317,3.650061
4446,864691136312445786,train,BasketFam,BasketFam,3.3616676,5.3263774,6.2609577
2336,864691135616183499,train,BasketFam,BasketFam,1.6408879,6.4070916,5.285334
498,864691136118430628,train,BipFam,BipFam,5.357331,6.877617,2.738135
36,864691134887444986,test,NglFam,NglFam,6.5348244,3.6562681,2.4178076
7431,864691135271967397,train,MartFam,MartFam,2.7701535,6.039947,2.8708253
1466,864691136145572404,train,BipFam,BipFam,1.5149333,5.0591297,5.0928345
10695,864691135480702662,train,MartFam,MartFam,4.5069356,5.384468,0.5462749
497,864691136100014453,train,BipFam,BipFam,6.1903925,6.681829,4.4853845
497,864691135996891050,test,BipFam,BipFam,2.5964165,7.4366984,2.624261
1927,864691135866821340,train,thalamocortical,thalamocortical,5.3100567,7.4743533,4.3681226
982,864691136012173475,test,BipFam,BipFam,6.959672,7.009859,2.6226678
155,864691135303514791,train,NglFam,NglFam,7.4998574,4.066708,2.6116345
1422,864691136120465944,train,thalamocortical,thalamocortical,1.62813,6.1150804,3.9433386
1441,864691135404765166,train,MartFam,MartFam,7.849645,3.811447,2.3880293
9,864691136925094628,test,L4IT,pyramidal,5.344468,8.977417,4.2715383
3876,864691135996104618,train,BasketFam,BasketFam,3.7733312,6.3877625,5.9109445
3361,864691135739131780,train,MartFam,MartFam,6.314959,6.294018,2.18024
318,864691135750649129,train,L4IT,pyramidal,7.295939,7.777241,2.7996988
642,864691136138756221,train,BipFam,BipFam,4.48983,4.8710074,1.6686101
111,864691136524282001,train,NglFam,NglFam,5.0126076,7.6656475,3.651484
4738,864691135294194358,train,thalamocortical,thalamocortical,2.3155575,7.98252,3.808301
227,864691135359413848,train,BipFam,BipFam,3.760966,6.8445835,6.090713
1493,864691136288755395,train,thalamocortical,thalamocortical,3.602379,8.457001,3.6935332
799,864691136288755395,train,thalamocortical,thalamocortical,0.8906581,6.8286343,2.5702891
157,864691135727686463,train,BipFam,BipFam,5.775936,7.9364276,4.11901
1393,864691135014258070,train,BasketFam,BasketFam,1.8902931,7.3836236,5.5315924
165,864691135751149353,train,L4IT,pyramidal,6.97787,9.0783415,4.065375
172,864691135751110185,train,L4IT,pyramidal,6.797844,7.9108,4.545376
260,864691135503836253,train,L4IT,pyramidal,4.478003,6.116866,1.8015006
202,864691136025992761,train,BipFam,BipFam,6.04774,6.9827156,1.7260958
1415,864691136145572404,train,BipFam,BipFam,2.8570268,5.158361,3.080201
113,864691135495529360,test,BasketFam,BasketFam,2.8242161,8.102727,5.147596
70,864691137198382657,train,L2IT,pyramidal,4.621293,7.7927155,3.377623
927,864691135492600167,train,BasketFam,BasketFam,1.8965182,7.5250034,5.8635864
395,864691135977768259,train,BasketFam,BasketFam,2.2994857,5.1110954,6.2532353
1214,864691135214970752,train,BipFam,BipFam,4.7128386,6.69301,1.3991749
5234,864691135470255698,train,thalamocortical,thalamocortical,4.6789284,5.539889,1.2254499
1760,864691136390675216,train,BasketFam,BasketFam,2.1114538,5.927343,4.3663383
1292,864691136288755395,train,thalamocortical,thalamocortical,5.5000596,5.990265,2.60421
475,864691135616183499,train,BasketFam,BasketFam,2.6078804,4.8519444,5.512964
8315,864691135464991645,train,thalamocortical,thalamocortical,2.1184475,6.89391,3.8064926
112,864691135778081453,train,thalamocortical,thalamocortical,1.9170485,7.169299,2.2623506
195,864691135840033171,train,NglFam,NglFam,3.4675877,7.523857,3.5065658
1637,864691135496444816,train,BasketFam,BasketFam,1.4528683,4.9475822,5.27637
3954,864691135858282030,train,MartFam,MartFam,2.2385402,5.19369,2.3540125
499,864691135212863360,train,MartFam,MartFam,6.770604,7.8156233,4.1392593
1025,864691135892233097,train,BasketFam,BasketFam,3.3247945,5.340314,5.7814455
580,864691135689555680,train,NglFam,NglFam,2.9913545,5.158277,2.4243848
400,864691136372954248,test,NglFam,NglFam,4.0959306,5.7977314,2.321525
1310,864691136058602712,train,thalamocortical,thalamocortical,2.0608153,6.2957973,3.1508367
1656,864691136390905207,train,MartFam,MartFam,4.3410845,5.4603686,0.59402305
4358,864691135584019053,test,MartFam,MartFam,2.389981,7.152292,3.690187
623,864691136086632812,train,NglFam,NglFam,4.7721796,5.6771154,1.1034559
955,864691136925008100,train,BipFam,BipFam,7.9021497,5.8433943,2.8814757
3269,864691136033871035,train,thalamocortical,thalamocortical,3.4554074,7.585014,4.6887536
2938,864691135997140906,train,BipFam,BipFam,4.333116,8.152973,3.24073
9450,864691135346954143,train,MartFam,MartFam,4.340836,4.836606,0.5219353
1199,864691136093003700,train,L5IT,pyramidal,5.4097404,7.253155,1.4933879
74,864691135689555680,train,NglFam,NglFam,7.2074704,4.163424,3.0824172
625,864691136445557123,test,L4IT,pyramidal,6.83142,8.343276,4.55449
81,864691136239793212,test,NglFam,NglFam,7.1402884,9.490829,2.1652932
1196,864691135361291591,train,MartFam,MartFam,4.2677593,5.5241737,3.41926
2078,864691135866821340,train,thalamocortical,thalamocortical,5.1897607,4.560536,1.0468597
5310,864691135891796617,train,BasketFam,BasketFam,2.491315,4.6629295,6.1382747
5196,864691136011458734,test,BasketFam,BasketFam,1.5822996,7.3193274,5.4301896
66,864691135994158785,test,MartFam,MartFam,6.811624,7.810725,4.0833554
1074,864691135214970752,train,BipFam,BipFam,3.476809,5.148157,2.377289
303,864691135442606920,train,L2IT,pyramidal,7.0137196,7.0089855,2.8246813
155,864691135106309709,train,NglFam,NglFam,6.9165835,9.161977,2.1237407
1721,864691135447979922,train,BipFam,BipFam,2.5953586,5.438717,2.1053088
710,864691136421324951,train,L4IT,pyramidal,2.4692936,8.134554,3.1078446
29,864691135115269785,train,L6CT,pyramidal,4.2741094,9.626271,4.771907
23,864691135309733190,train,NglFam,NglFam,7.485566,3.7287097,2.5082057
1216,864691136372954248,test,NglFam,NglFam,3.5480454,6.457633,2.499783
187,864691136288755395,train,thalamocortical,thalamocortical,5.935221,7.0867605,1.71874
265,864691135389195393,train,L4IT,pyramidal,5.614978,6.989759,2.9291518
4621,864691135939776309,train,MartFam,MartFam,4.8417816,5.403092,0.69150394
252,864691136273370302,train,NglFam,NglFam,7.191346,9.159915,3.1884534
1119,864691135561699041,train,MartFam,MartFam,2.0029888,5.183816,1.8658178
744,864691136034412219,train,MartFam,MartFam,7.430743,3.9845502,2.2506661
846,864691135499964947,test,L5IT,pyramidal,6.4139066,7.5223455,4.7957945
2194,864691135817803599,test,BasketFam,BasketFam,2.4320118,4.796149,6.4024873
3165,864691136053350131,test,thalamocortical,thalamocortical,1.1114596,6.788533,2.7200618
1369,864691135271967397,train,MartFam,MartFam,1.346932,6.970657,3.9533753
58,864691135778116013,train,BasketFam,BasketFam,1.9033245,5.4259744,5.162969
3419,864691135477104960,train,thalamocortical,thalamocortical,3.2117097,7.2816267,0.95088524
2139,864691135997140906,train,BipFam,BipFam,4.2109137,7.296741,2.9909878
118,864691135405480430,train,BasketFam,BasketFam,1.6538886,5.9573226,4.936316
386,864691136314448701,test,L4IT,pyramidal,4.545302,5.842614,3.1230009
201,864691135210134905,test,L2IT,pyramidal,6.736393,9.577952,2.309315
771,864691135511486985,train,L4IT,pyramidal,6.0932026,6.0714087,2.178265
192,864691135778773856,train,BipFam,BipFam,5.7247825,7.3974285,2.3176897
3354,864691137022180974,test,MartFam,MartFam,2.1758814,7.0506177,2.4192803
1208,864691136137064075,train,BipFam,BipFam,4.2217655,7.9929886,2.1693516
214,864691135014696182,train,L6IT,pyramidal,3.787369,9.000033,4.23252
6638,864691136914542577,train,MartFam,MartFam,4.648458,5.722089,0.9683534
1371,864691136372954248,test,NglFam,NglFam,3.4428487,5.1678042,2.8557017
431,864691136011549614,train,BipFam,BipFam,4.991602,5.358155,1.5784571
995,864691135954582563,train,MartFam,MartFam,4.2164645,6.210664,3.554511
325,864691136380718037,train,L6IT,pyramidal,4.28533,9.163089,4.6843557
1568,864691136195796182,test,BasketFam,BasketFam,1.5420268,6.1102285,5.5919843
820,864691135993185985,test,BasketFam,BasketFam,2.764321,5.3957996,6.7026
1953,864691136523971473,train,BipFam,BipFam,4.693969,5.4261622,2.2398655
68,864691135689555680,train,NglFam,NglFam,6.1005926,5.5587974,2.4565372
14,864691136239793212,test,NglFam,NglFam,6.1651316,7.4030485,4.9086337
3910,864691135446065810,train,MartFam,MartFam,4.7357883,8.0792465,4.160835
87,864691135309733190,train,NglFam,NglFam,7.3697653,3.4089003,2.302429
2534,864691136195284556,train,MartFam,MartFam,5.6413383,6.4014287,1.1380309
5140,864691135858282030,train,MartFam,MartFam,1.7153139,6.735727,3.558409
790,864691135343506885,train,BipFam,BipFam,6.645038,8.9457035,1.6468265
394,864691135518989962,train,L2IT,pyramidal,5.314916,6.351144,1.0550531
280,864691136925008100,train,BipFam,BipFam,6.387193,4.1499805,2.3964977
2242,864691135470255698,train,thalamocortical,thalamocortical,4.55305,5.195911,1.8709708
405,864691136239068732,train,L3IT,pyramidal,7.2480764,9.727546,2.1261842
6619,864691136211068860,train,BasketFam,BasketFam,3.6814702,5.3034873,5.148051
808,864691136372954248,test,NglFam,NglFam,4.587253,5.5750117,3.1061187
2760,864691135387551061,train,BasketFam,BasketFam,0.75671273,5.830867,4.5094013
862,864691135343506885,train,BipFam,BipFam,7.857191,5.271105,2.452239
640,864691135726077611,train,L4IT,pyramidal,6.1234207,7.4141145,1.8425322
111,864691135293096118,train,NglFam,NglFam,4.0005465,9.069501,4.7073984
48,864691135518510218,train,NglFam,NglFam,7.2248564,6.2838426,2.916483
2954,864691135274708753,train,BasketFam,BasketFam,5.462243,8.016566,4.0508
2889,864691135782873936,test,thalamocortical,thalamocortical,1.2765498,7.0029225,2.3630996
1400,864691136372954248,test,NglFam,NglFam,4.797278,4.501894,1.6363416
1947,864691135783317840,train,thalamocortical,thalamocortical,4.6639004,7.453462,3.1153548
287,864691135801463650,train,L3IT,pyramidal,7.4840555,7.814208,3.2579296
218,864691134941412707,train,L3IT,pyramidal,7.487903,8.329375,3.1007671
2214,864691136007059658,test,BipFam,BipFam,2.5903764,5.977892,2.8245187
910,864691136603935441,train,BasketFam,BasketFam,7.5504117,9.358597,2.9554677
1216,864691136110765496,train,MartFam,MartFam,7.4373565,3.8890178,2.4700005
588,864691135727929663,train,BasketFam,BasketFam,7.8045793,7.603797,2.7548187
308,864691136925825354,test,BasketFam,BasketFam,2.9030614,5.9216313,6.4615984
58,864691135954940424,train,BipFam,BipFam,4.8293567,7.798021,3.8214262
281,864691136026013497,train,BipFam,BipFam,3.4290302,5.1835947,6.0311804
479,864691135566824983,test,BipFam,BipFam,4.3888974,6.6944685,0.782342
185,864691135693735103,train,NglFam,NglFam,7.182292,9.97527,2.412788
51,864691135060768923,test,BipFam,BipFam,6.64558,9.377516,3.6363068
57,864691136145537844,train,BipFam,BipFam,7.032061,9.519469,2.2161875
3063,864691135703016059,train,MartFam,MartFam,3.176107,4.281493,0.67660886
603,864691136229366097,test,BasketFam,BasketFam,1.4565095,5.9815435,5.0235453
6872,864691135456535658,train,MartFam,MartFam,3.416893,4.695518,1.4610655
521,864691136391024144,train,NglFam,NglFam,2.3915768,5.062302,2.235492
332,864691135499964947,test,L5IT,pyramidal,5.6027875,9.189531,4.0615582
504,864691135210446457,train,MartFam,MartFam,1.6504296,6.0608797,3.9414465
5359,864691135470255698,train,thalamocortical,thalamocortical,1.3953675,7.0599027,2.5950556
860,864691135689555680,train,NglFam,NglFam,7.2517047,5.9285774,2.7932014
449,864691135106309709,train,NglFam,NglFam,6.243907,9.233259,1.7137581
2937,864691135470255698,train,thalamocortical,thalamocortical,2.4880645,8.041432,5.437166
879,864691135431441968,train,thalamocortical,thalamocortical,3.0352705,7.2411017,0.8688714
194,864691135742895723,test,BipFam,BipFam,4.24081,4.4977098,2.7549603
5737,864691135689296608,train,BasketFam,BasketFam,2.0997412,5.597895,4.7853312
1671,864691135997428394,test,thalamocortical,thalamocortical,3.3886826,8.422675,3.21428
187,864691136211068860,train,BasketFam,BasketFam,2.3261998,4.796888,6.4387455
522,864691135119636189,train,BasketFam,BasketFam,3.366009,6.4784718,6.4874563
159,864691135742097044,train,L4IT,pyramidal,6.668059,7.0439963,1.8279886
59,864691135890948233,train,L4IT,pyramidal,6.291486,7.4885883,2.4465203
21,864691136118430628,train,BipFam,BipFam,5.1280665,5.8870897,0.93394023
6270,864691136330880234,train,MartFam,MartFam,3.4441514,5.555143,2.0951953
2477,864691135685030130,train,thalamocortical,thalamocortical,4.3784413,6.1619096,1.2339859
3285,864691135689015264,train,thalamocortical,thalamocortical,2.0666661,6.954634,1.7795391
1705,864691135431441968,train,thalamocortical,thalamocortical,2.445661,6.65578,3.7672067
1754,864691135783317840,train,thalamocortical,thalamocortical,3.655732,6.854366,1.3215367
332,864691136524282001,train,NglFam,NglFam,4.38624,4.39611,2.2789018
2962,864691135235206489,train,MartFam,MartFam,7.243726,3.9809139,2.8724098
382,864691136196265704,train,L4IT,pyramidal,7.428238,9.571746,3.5685477
1105,864691135465795653,train,BasketFam,BasketFam,1.7451994,7.1043677,5.716145
675,864691135511861968,test,MartFam,MartFam,3.8110802,7.03584,6.0808964
115,864691136118430628,train,BipFam,BipFam,6.2528496,6.7675796,4.4414444
2577,864691136914542577,train,MartFam,MartFam,3.2099154,4.8355374,1.6008186
319,864691135106309709,train,NglFam,NglFam,6.8352895,9.4868555,3.1037593
941,864691136288755395,train,thalamocortical,thalamocortical,0.99465734,6.8501487,2.590771
571,864691135659538306,train,thalamocortical,thalamocortical,5.252846,7.4276056,1.4709511
57,864691136239793212,test,NglFam,NglFam,6.1890903,7.642077,1.1581036
3468,864691136390905207,train,MartFam,MartFam,4.5571547,6.1599803,1.5685128
4,864691135456493418,test,BipFam,BipFam,6.06628,8.298858,4.6179976
291,864691135105879117,train,L5ET,pyramidal,5.138549,9.086159,4.7151394
357,864691135132887456,test,NglFam,NglFam,7.7257195,3.7541258,2.4097033
10430,864691135210446457,train,MartFam,MartFam,3.556432,4.4893446,0.73408234
489,864691135342958789,train,L4IT,pyramidal,4.0933886,7.3962274,2.2015924
359,864691135839843475,train,BipFam,BipFam,5.730664,6.5127907,1.3181865
258,864691135810297885,train,BipFam,BipFam,6.3616586,9.470829,3.4755657
133,864691136524282001,train,NglFam,NglFam,6.406029,3.5757356,2.2830381
470,864691135577816862,train,L4IT,pyramidal,4.3557267,7.052597,3.3335037
164,864691135562842337,test,L3IT,pyramidal,5.2217684,4.886634,0.575126
445,864691136011549614,train,BipFam,BipFam,6.4450116,7.935563,1.787735
906,864691135885917808,train,BasketFam,BasketFam,6.6675777,9.086104,3.9759452
1762,864691135350977751,train,MartFam,MartFam,7.459433,3.8548617,2.096461
6266,864691135562001633,train,MartFam,MartFam,2.7647183,4.7130833,5.9883995
1042,864691136336192947,train,BasketFam,BasketFam,2.198587,5.0505433,5.9392014
1,864691135840033171,train,NglFam,NglFam,3.220286,8.053579,4.5604353
1582,864691135772774651,test,MartFam,MartFam,5.2778816,5.3769054,2.0388083
450,864691136380816597,test,L4IT,pyramidal,7.1405025,6.912854,2.5798364
1378,864691135741960340,train,BasketFam,BasketFam,2.1484601,7.8735476,5.8924346
233,864691135339729894,train,L4IT,pyramidal,5.8790936,6.2875843,3.3659918
74,864691136391024144,train,NglFam,NglFam,3.599897,7.430639,3.8924322
2834,864691135477104960,train,thalamocortical,thalamocortical,1.3294357,6.8923693,2.2913072
5977,864691135997428394,test,thalamocortical,thalamocortical,3.485055,6.3691435,0.8741133
879,864691135689555680,train,NglFam,NglFam,6.6498713,3.73077,2.1302218
5016,864691135618332265,train,BasketFam,BasketFam,2.981019,5.7526207,6.70522
217,864691135060882843,train,L4IT,pyramidal,6.167385,8.3831,3.1089275
2488,864691135725779883,train,BasketFam,BasketFam,3.6127012,6.914039,6.08515
2467,864691135470255698,train,thalamocortical,thalamocortical,4.223127,6.2427154,1.3791287
407,864691135480652998,train,L5IT,pyramidal,4.3940563,9.342977,4.668761
196,864691135839999379,train,BipFam,BipFam,8.003639,5.3812838,2.8284903
6897,864691136007059658,test,BipFam,BipFam,5.099861,4.8223195,2.1604345
761,864691136312057178,train,BasketFam,BasketFam,1.8247521,5.669172,5.5418296
6181,864691136007059658,test,BipFam,BipFam,2.6253924,6.1808777,2.2809362
758,864691135214643256,test,L6IT,pyramidal,7.608166,9.604907,3.409925
3277,864691135659538306,train,thalamocortical,thalamocortical,3.2400606,7.3860617,1.0576669
36,864691136665051614,train,L2IT,pyramidal,7.3489776,7.684341,3.2287018
1119,864691136372954248,test,NglFam,NglFam,4.084757,4.442332,2.6550798
887,864691134949248508,test,L5IT,pyramidal,7.1991005,9.651838,2.293617
3355,864691135477104960,train,thalamocortical,thalamocortical,2.4053638,8.291717,3.1660485
314,864691136391034487,train,L4IT,pyramidal,2.089854,7.788185,2.6923091
346,864691135878586963,test,thalamocortical,thalamocortical,2.3495948,7.044527,2.9289682
3201,864691135741889940,train,BasketFam,BasketFam,1.571001,6.1489935,5.763433
2207,864691136138695549,train,BasketFam,BasketFam,2.054744,5.3528814,6.051174
875,864691135689555680,train,NglFam,NglFam,7.6443725,5.1457696,2.7990143
2588,864691135782873936,test,thalamocortical,thalamocortical,4.293333,8.258501,3.4283617
2060,864691135119335645,train,thalamocortical,thalamocortical,5.850999,6.735251,2.477578
3137,864691135659538306,train,thalamocortical,thalamocortical,4.754981,5.66459,1.3457333
19,864691135356708303,train,MartFam,MartFam,4.1901274,9.245471,4.2642345
459,864691135293096118,train,NglFam,NglFam,2.1997366,7.2756176,2.4561684
1423,864691135853090503,test,BasketFam,BasketFam,1.2792782,5.8303366,5.134797
4625,864691135477104960,train,thalamocortical,thalamocortical,2.0711184,8.083159,4.1424017
83,864691135134585248,train,BipFam,BipFam,4.484168,7.172905,3.2201145
753,864691136238652476,train,MartFam,MartFam,7.2440453,3.2731588,2.07912
1032,864691136137064075,train,BipFam,BipFam,6.9936795,8.231578,4.083834
5102,864691136138622333,train,BasketFam,BasketFam,2.3798609,5.2480025,5.7242603
3658,864691135470255698,train,thalamocortical,thalamocortical,2.58141,6.7408786,0.9876958
318,864691135772920651,train,L4IT,pyramidal,7.540206,9.575174,2.9599373
338,864691136389688695,test,L2IT,pyramidal,7.8638935,6.856535,2.82492
217,864691136523472529,train,L4IT,pyramidal,4.578912,9.400031,4.7541294
3862,864691136053350131,test,thalamocortical,thalamocortical,3.099162,7.0899916,0.98129404
1680,864691136927366986,train,thalamocortical,thalamocortical,3.0059075,6.960226,0.8451604
4647,864691135388984961,train,BasketFam,BasketFam,3.8355258,5.5418425,5.407145
36,864691135209280633,train,L4IT,pyramidal,5.011729,6.3251715,1.057709
535,864691136330880234,train,MartFam,MartFam,4.752968,7.0798473,1.5415862
1384,864691136523971473,train,BipFam,BipFam,5.8940997,4.411166,1.6409938
4299,864691135210446457,train,MartFam,MartFam,4.854551,5.1993456,0.42339405
2217,864691135990793216,train,MartFam,MartFam,7.7556005,5.6012025,2.7528043
98,864691135685030130,train,thalamocortical,thalamocortical,3.77863,5.9654737,4.1087027
3041,864691136195796182,test,BasketFam,BasketFam,2.52385,5.0474386,6.596262
20,864691135342541509,train,L4IT,pyramidal,7.346286,9.292494,2.3493693
7083,864691136006393034,train,MartFam,MartFam,4.473265,5.9617243,2.154045
134,864691136372954248,test,NglFam,NglFam,4.232343,4.5148463,0.8381761
882,864691135689555680,train,NglFam,NglFam,4.0422535,5.053488,2.1071012
168,864691136391024144,train,NglFam,NglFam,3.6783388,8.689616,4.3363996
204,864691135350977751,train,MartFam,MartFam,7.050627,3.9979894,2.3353682
3050,864691136007059658,test,BipFam,BipFam,5.0197663,7.019228,1.5747982
4414,864691135584019053,test,MartFam,MartFam,1.8052619,5.092967,2.1108449
7197,864691136011485614,test,BasketFam,BasketFam,1.0026965,6.4622355,4.194801
1368,864691135387277397,test,thalamocortical,thalamocortical,4.1251745,7.468308,3.0248353
329,864691136524282001,train,NglFam,NglFam,3.4216187,5.1755605,6.008021
1452,864691136312057178,train,BasketFam,BasketFam,2.9887352,4.9793024,6.378942
4434,864691135779780797,test,MartFam,MartFam,6.375236,7.9920154,1.2903242
9746,864691135210446457,train,MartFam,MartFam,3.8219893,4.5239305,0.8708507
6221,864691136138695549,train,BasketFam,BasketFam,1.9068612,7.5334754,5.926535
351,864691135810297885,train,BipFam,BipFam,6.2173786,8.955694,4.361971
104,864691135518173395,train,L4IT,pyramidal,7.7155476,7.4573455,3.3637614
3103,864691135853090503,test,BasketFam,BasketFam,1.6337612,5.8762627,5.171048
2375,864691136007059658,test,BipFam,BipFam,5.671375,6.3423376,1.2303665
418,864691135742824555,train,BipFam,BipFam,6.5491776,7.033895,2.7910655
7456,864691135210446457,train,MartFam,MartFam,2.22225,5.832091,1.9092436
2552,864691135703016059,train,MartFam,MartFam,4.2990413,5.075443,0.75893164
1590,864691135294194358,train,thalamocortical,thalamocortical,1.4346595,7.53193,2.6160376
3368,864691135689015264,train,thalamocortical,thalamocortical,2.533015,4.608046,0.9349731
26,864691136041321982,train,MartFam,MartFam,7.235385,3.282354,2.063222
122,864691135106309709,train,NglFam,NglFam,6.0320497,7.416878,4.7959924
496,864691135946994785,train,BasketFam,BasketFam,3.5485704,6.953888,6.35636
328,864691135430290480,train,L4IT,pyramidal,5.973604,6.786845,3.702206
913,864691135503782210,test,BipFam,BipFam,6.452767,8.735874,1.6229945
1500,864691135562950369,train,BipFam,BipFam,4.5861697,6.634741,2.0073433
4299,864691135920591792,train,BasketFam,BasketFam,2.0053346,5.9510756,4.807633
4114,864691135997140906,train,BipFam,BipFam,5.0612907,8.267357,2.749874
87,864691135375655880,train,BipFam,BipFam,3.3432035,6.738761,2.9506817
4327,864691135941898918,train,MartFam,MartFam,7.316129,4.8388066,2.3719628
368,864691135689555680,train,NglFam,NglFam,4.629708,8.096896,3.729341
1085,864691135742668395,train,MartFam,MartFam,6.197479,6.8953195,4.6899247
4064,864691136390675216,train,BasketFam,BasketFam,1.793134,4.8773136,5.2948895
2399,864691135866821340,train,thalamocortical,thalamocortical,2.5479584,6.662696,1.5718949
18,864691135546902056,train,L3IT,pyramidal,6.7092705,7.4722595,1.857142
474,864691135783909427,train,MartFam,MartFam,4.0549984,7.8679466,4.179746
890,864691135336055529,train,L4IT,pyramidal,4.720005,9.219811,4.2028604
161,864691136273370302,train,NglFam,NglFam,6.1219707,8.060224,4.8916216
2318,864691135470255698,train,thalamocortical,thalamocortical,1.1628566,6.708397,3.1131709
0,864691136288755395,train,thalamocortical,thalamocortical,1.6882902,5.4448857,2.3282354
291,864691135997428394,test,thalamocortical,thalamocortical,2.75514,7.0969925,5.3071713
16,864691135742824555,train,BipFam,BipFam,1.4376556,6.605348,2.4309928
3601,864691135755605197,train,thalamocortical,thalamocortical,3.5063605,6.999543,1.0183319
1695,864691135343506885,train,BipFam,BipFam,6.2595344,4.2995267,1.9661132
422,864691136239793212,test,NglFam,NglFam,7.1082845,9.185946,3.2051213
176,864691136372954248,test,NglFam,NglFam,5.278879,6.450097,0.94165313
2954,864691136007059658,test,BipFam,BipFam,4.99785,5.524802,1.7067623
781,864691135689555680,train,NglFam,NglFam,3.4309652,4.8923597,2.3275287
1590,864691136091233847,train,thalamocortical,thalamocortical,1.9119172,7.739244,4.3108964
331,864691135466158917,test,L2IT,pyramidal,6.256153,6.321717,2.6477323
981,864691135474179378,test,MartFam,MartFam,4.2716694,8.683311,4.298755
971,864691135470860370,test,BipFam,BipFam,6.8514214,9.02532,1.7975671
188,864691135689555680,train,NglFam,NglFam,6.4741607,3.3882866,2.1937935
499,864691135275949029,train,L2IT,pyramidal,4.8274636,9.146039,4.6026163
515,864691136273370302,train,NglFam,NglFam,4.0241394,9.473964,5.122332
283,864691136058602712,train,thalamocortical,thalamocortical,4.5074673,7.7085896,1.5439029
2487,864691136523971473,train,BipFam,BipFam,7.221342,6.4168725,2.6059022
444,864691134887444986,test,NglFam,NglFam,5.9991117,5.8536077,1.6636293
1072,864691135545730856,train,BipFam,BipFam,4.682536,9.183118,4.73917
188,864691134989909114,test,MartFam,MartFam,7.1414394,3.9688032,2.0438094
2345,864691136053350131,test,thalamocortical,thalamocortical,2.70837,7.209998,0.822883
2344,864691136058602712,train,thalamocortical,thalamocortical,3.3114774,7.3374043,3.628059
466,864691134887444986,test,NglFam,NglFam,5.8866944,4.4209175,1.6183761
5678,864691136390828919,train,MartFam,MartFam,2.4630916,6.067483,2.837737
6535,864691135858282030,train,MartFam,MartFam,2.1412866,4.9443007,2.0423927
1563,864691136372954248,test,NglFam,NglFam,4.741887,5.0086336,0.8613095
574,864691136011549614,train,BipFam,BipFam,4.998835,6.3052483,3.6271126
94,864691135686399415,train,BipFam,BipFam,4.95122,6.17595,1.0603641
2683,864691136011549614,train,BipFam,BipFam,4.8191333,7.493195,3.7117288
2418,864691136033871035,train,thalamocortical,thalamocortical,3.555192,5.74969,2.452453
628,864691134887444986,test,NglFam,NglFam,5.8753257,6.0710034,2.948055
3033,864691136011458734,test,BasketFam,BasketFam,0.7414725,6.0330906,4.5059733
290,864691136381301461,train,L4IT,pyramidal,5.8828783,8.932895,2.9182525
2144,864691135571546917,train,MartFam,MartFam,1.6192166,5.830788,2.2675247
142,864691135446065810,train,MartFam,MartFam,1.6041418,7.3953385,5.2138066
313,864691135996891050,test,BipFam,BipFam,7.075376,9.470082,2.1704261
2310,864691135869457430,train,BasketFam,BasketFam,1.303706,5.862275,5.1913214
482,864691135215078712,train,BipFam,BipFam,4.771091,5.967144,1.7206937
3642,864691135778081453,train,thalamocortical,thalamocortical,3.615506,6.0260606,2.0134692
18,864691136311106650,train,L5IT,pyramidal,6.105008,9.121802,3.543733
6984,864691136595955362,train,MartFam,MartFam,1.7229398,5.471319,2.0379684
377,864691135132887456,test,NglFam,NglFam,4.5193706,6.7775817,3.9046664
2423,864691136021592568,train,BasketFam,BasketFam,2.2175481,6.258026,5.2664056
2562,864691135511861968,test,MartFam,MartFam,6.7565303,6.230646,2.343707
1219,864691135431441968,train,thalamocortical,thalamocortical,5.3167033,7.3608894,3.7073457
843,864691135464678206,train,MartFam,MartFam,6.6983175,7.7065983,2.5873058
3617,864691135496262032,train,BasketFam,BasketFam,3.8648016,6.125289,4.77636
835,864691135271343525,train,BipFam,BipFam,2.2598257,5.6857123,3.144308
417,864691135183646466,train,L6CT,pyramidal,6.4178877,7.8843503,1.679907
259,864691134887444986,test,NglFam,NglFam,5.5222974,6.313276,1.1478631
3266,864691135659538306,train,thalamocortical,thalamocortical,2.3380225,6.183175,2.8458784
467,864691136118337956,train,L4IT,pyramidal,3.6933825,8.680778,4.5330524
2036,864691136523971473,train,BipFam,BipFam,4.68693,7.6516314,1.7487534
5145,864691135869457430,train,BasketFam,BasketFam,1.9812871,7.364306,5.839225
1127,864691135720572977,train,MartFam,MartFam,5.3173976,5.426852,1.5229813
210,864691136086632812,train,NglFam,NglFam,4.539336,5.0872364,0.8154096
1511,864691135499616019,train,BasketFam,BasketFam,0.92809397,5.8030095,4.830751
117,864691136372954248,test,NglFam,NglFam,5.585105,6.3510065,0.9484451
295,864691136011549614,train,BipFam,BipFam,5.9092007,6.517227,3.7897434
88,864691135992790209,train,BipFam,BipFam,6.6780443,8.287436,2.5731342
3939,864691135470255698,train,thalamocortical,thalamocortical,3.8570113,8.395458,3.4459138
145,864691135689555680,train,NglFam,NglFam,6.0359936,4.7360854,2.3123937
428,864691135499752723,train,BasketFam,BasketFam,2.684089,4.8337502,6.545864
25,864691135518510218,train,NglFam,NglFam,7.419681,4.0200276,2.4236636
92,864691136034199739,train,BipFam,BipFam,3.656395,6.5459604,3.6724138
188,864691135741998484,train,L4IT,pyramidal,7.6274486,9.378743,2.66815
1662,864691135373601736,train,BasketFam,BasketFam,1.8233697,7.8211617,5.4327183
1585,864691135755605197,train,thalamocortical,thalamocortical,3.8323627,6.883267,0.9829664
1214,864691135954480163,train,MartFam,MartFam,4.635846,3.934694,0.9658362
183,864691135503782210,test,BipFam,BipFam,3.9225786,9.247613,4.972567
1479,864691135585989240,train,BasketFam,BasketFam,4.5907836,8.230983,3.5724726
1195,864691136372954248,test,NglFam,NglFam,2.6675007,4.9263115,2.4073007
458,864691136273370302,train,NglFam,NglFam,3.6383398,6.8336864,6.3615103
21,864691136391024144,train,NglFam,NglFam,5.050977,4.9882903,1.4378681
1378,864691136372954248,test,NglFam,NglFam,3.3696122,5.044646,3.209704
6305,864691136007059658,test,BipFam,BipFam,2.270319,6.1719804,1.8296659
1071,864691135656579010,train,L5IT,pyramidal,4.9188123,7.2304597,1.3965685
1065,864691136137064075,train,BipFam,BipFam,7.177181,9.457645,3.4543154
928,864691136007059658,test,BipFam,BipFam,4.3801284,5.7391458,1.6949193
532,864691136273370302,train,NglFam,NglFam,6.7824597,9.787977,3.2201579
236,864691135586414716,train,L4IT,pyramidal,3.783665,6.803633,3.7514706
7405,864691135464991645,train,thalamocortical,thalamocortical,2.4836235,6.54242,4.5935364
1258,864691136390905207,train,MartFam,MartFam,5.3561554,5.044042,1.1828607
2036,864691135492600167,train,BasketFam,BasketFam,3.5891933,6.976703,6.072811
215,864691135840033171,train,NglFam,NglFam,6.5725336,8.718876,2.0159461
4512,864691135592837899,train,BasketFam,BasketFam,3.558968,5.2580247,5.747755
322,864691134887444986,test,NglFam,NglFam,3.3273106,7.94045,3.7488298
431,864691134950156796,train,L2IT,pyramidal,6.272353,7.4175143,2.8573544
4358,864691135464991645,train,thalamocortical,thalamocortical,3.3970373,6.5659423,4.1552343
2,864691135946994785,train,BasketFam,BasketFam,3.7936432,6.3997006,5.886945
211,864691135496444816,train,BasketFam,BasketFam,1.856251,4.908121,5.1928124
1250,864691135689015264,train,thalamocortical,thalamocortical,1.8161277,6.892622,2.3828413
1090,864691136914414321,train,L2IT,pyramidal,4.6586957,7.274025,1.2648962
8,864691135303514791,train,NglFam,NglFam,4.8443274,5.245068,2.3464894
53,864691135106309709,train,NglFam,NglFam,6.2174816,9.217894,1.6960249
3761,864691135119335645,train,thalamocortical,thalamocortical,1.8243097,7.0844545,2.3133729
1196,864691135755707597,train,BipFam,BipFam,5.9022784,4.9885287,1.5031441
3272,864691135755605197,train,thalamocortical,thalamocortical,1.0519757,7.0913186,2.520381
3424,864691135659538306,train,thalamocortical,thalamocortical,3.0409153,7.081191,3.1977136
509,864691135997140906,train,BipFam,BipFam,7.419379,8.251145,3.4499936
292,864691136523971473,train,BipFam,BipFam,5.42981,4.89182,1.860318
403,864691136314448701,test,L4IT,pyramidal,6.263533,7.1443653,1.168245
277,864691136336204979,train,NglFam,NglFam,7.423448,3.7075734,2.5904512
249,864691136372954248,test,NglFam,NglFam,3.1337824,4.7034855,2.293803
5064,864691136007059658,test,BipFam,BipFam,5.9735637,7.7394123,4.3910947
1518,864691136288755395,train,thalamocortical,thalamocortical,4.255907,8.556355,3.6117527
437,864691136137210507,train,BipFam,BipFam,2.9200726,7.3832874,2.7233813
407,864691136372954248,test,NglFam,NglFam,4.7817287,5.847546,1.9916565
1035,864691135954680867,train,L4IT,pyramidal,6.1058316,6.868422,4.461297
2304,864691136392682879,train,BasketFam,BasketFam,1.580838,6.41069,5.9938083
360,864691135235206489,train,MartFam,MartFam,4.175321,9.509836,5.079394
267,864691135132887456,test,NglFam,NglFam,6.611515,3.6255996,2.453643
567,864691135562950369,train,BipFam,BipFam,4.7675486,5.439872,4.5607734
2798,864691136011549614,train,BipFam,BipFam,6.195431,7.038426,2.80336
374,864691135778572973,train,L4IT,pyramidal,4.131664,7.257221,3.0762267
1198,864691135878586963,test,thalamocortical,thalamocortical,1.752656,6.769506,2.588877
1660,864691136118294692,train,thalamocortical,thalamocortical,1.62385,6.6404576,3.764726
2324,864691135343506885,train,BipFam,BipFam,4.858084,6.3883176,1.6240752
628,864691135562950369,train,BipFam,BipFam,5.936329,5.259154,2.6923687
7212,864691135480702662,train,MartFam,MartFam,3.715897,5.424128,3.0159385
542,864691135106309709,train,NglFam,NglFam,7.5136228,10.0578165,3.0863693
764,864691135976063855,test,L4IT,pyramidal,5.9857564,6.7620335,1.6608751
463,864691136524282001,train,NglFam,NglFam,6.0639725,4.7990413,2.342615
710,864691135742826603,train,BipFam,BipFam,5.5007486,6.0068755,0.9279428
138,864691135271343525,train,BipFam,BipFam,3.046766,5.9707355,3.338468
875,864691135817952079,train,BasketFam,BasketFam,5.5301976,7.388614,2.1658144
4365,864691135618332265,train,BasketFam,BasketFam,1.8444779,7.8389754,5.790347
324,864691136524282001,train,NglFam,NglFam,4.680975,4.631442,1.8864986
2130,864691135470255698,train,thalamocortical,thalamocortical,1.7118671,7.82527,2.5146759
42,864691136524282001,train,NglFam,NglFam,4.3816423,5.3808217,2.4641097
2304,864691135997428394,test,thalamocortical,thalamocortical,2.2299876,5.827378,5.8670115
476,864691135994235841,train,L5IT,pyramidal,6.3375387,7.875656,1.6635267
9836,864691135779780797,test,MartFam,MartFam,3.9621143,5.0455976,2.821159
3161,864691136814345075,train,MartFam,MartFam,7.040804,5.8499236,2.3757205
413,864691135474179378,test,MartFam,MartFam,6.3184915,7.9158525,1.2584242
1014,864691135810297885,train,BipFam,BipFam,6.4015985,8.322867,1.785874
2536,864691135866821340,train,thalamocortical,thalamocortical,5.4778285,6.2503953,4.5341034
5563,864691136524014993,train,BasketFam,BasketFam,2.625808,5.5167575,5.821215
388,864691135196576298,train,L5IT,pyramidal,3.648034,8.947012,4.6796174
445,864691136524282001,train,NglFam,NglFam,4.2236805,4.7041497,2.2642188
377,864691135293096118,train,NglFam,NglFam,3.3713696,9.045179,4.0897493
437,864691136273370302,train,NglFam,NglFam,7.2199135,9.924221,2.0203369
402,864691136086632812,train,NglFam,NglFam,4.7065735,4.91845,1.5504216
4635,864691136445968259,train,BasketFam,BasketFam,3.561002,8.613348,4.724284
3583,864691135464991645,train,thalamocortical,thalamocortical,3.674088,6.7116704,3.4823375
670,864691136137168779,train,BipFam,BipFam,4.0928774,8.937567,4.0695734
138,864691136239793212,test,NglFam,NglFam,5.7394886,8.370724,4.8564453
2047,864691135839577235,train,MartFam,MartFam,7.4260516,3.702406,2.1187387
1046,864691135106309709,train,NglFam,NglFam,6.974768,9.766757,2.64342
127,864691135210358137,train,L4IT,pyramidal,7.330158,7.8504515,3.3814917
2013,864691136091233847,train,thalamocortical,thalamocortical,1.7308248,7.922604,2.586108
461,864691136966189518,test,MartFam,MartFam,1.5317259,5.8070774,2.3258948
609,864691136445215875,train,L2IT,pyramidal,6.0846834,5.3354416,2.669223
3598,864691135686540471,train,BasketFam,BasketFam,2.484067,7.5462265,5.462735
1148,864691135119335645,train,thalamocortical,thalamocortical,4.175123,8.249095,3.3763225
76,864691136007059658,test,BipFam,BipFam,3.786654,7.178033,2.344419
3058,864691136288755395,train,thalamocortical,thalamocortical,1.8984866,7.7464395,2.9386756
2671,864691136580010516,test,MartFam,MartFam,2.9786098,8.016356,4.146539
7322,864691135271970725,train,BasketFam,BasketFam,1.700136,5.8351445,4.5467796
648,864691135106309709,train,NglFam,NglFam,6.2636194,7.9485435,4.8628607
114,864691135616183499,train,BasketFam,BasketFam,2.229128,7.3972216,5.735922
138,864691136372954248,test,NglFam,NglFam,5.177998,5.089363,2.0015388
440,864691135659538306,train,thalamocortical,thalamocortical,1.1058173,6.7183685,2.4862452
10666,864691135271967397,train,MartFam,MartFam,0.760654,6.083021,2.6877759
259,864691135405224174,train,L4IT,pyramidal,6.089927,6.5404067,3.7582371
1269,864691135685030130,train,thalamocortical,thalamocortical,3.187883,6.833274,2.0796413
235,864691135196592938,train,L4IT,pyramidal,7.607425,10.030383,3.2251532
2904,864691134942595939,train,BasketFam,BasketFam,3.6761684,5.3499074,5.580482
451,864691135106309709,train,NglFam,NglFam,6.891918,9.717441,3.2162833
479,864691134966114591,train,L3IT,pyramidal,7.279169,6.437238,2.8312829
5463,864691135464991645,train,thalamocortical,thalamocortical,2.068229,6.806627,4.218278
2761,864691136011549614,train,BipFam,BipFam,5.2329073,7.46616,3.3541234
1510,864691135470556242,train,MartFam,MartFam,6.903949,4.379865,3.0155516
3719,864691135499624723,train,BasketFam,BasketFam,2.4120333,5.48888,5.6042113
1421,864691135689015264,train,thalamocortical,thalamocortical,2.5066416,6.1424913,2.59681
833,864691135689555680,train,NglFam,NglFam,7.1927905,3.689448,2.1078973
981,864691135388984961,train,BasketFam,BasketFam,2.4137309,7.5998077,5.5517426
285,864691136273370302,train,NglFam,NglFam,5.996616,9.095719,3.4422498
180,864691135464671550,train,L2IT,pyramidal,7.2779984,5.3222,2.6974044
6388,864691135689015264,train,thalamocortical,thalamocortical,3.007749,6.947077,0.9583795
5967,864691135477104960,train,thalamocortical,thalamocortical,4.029595,6.303561,1.33318
4653,864691135387529301,test,BasketFam,BasketFam,0.7958235,6.258959,4.255954
5501,864691135271967397,train,MartFam,MartFam,3.7649717,4.2087054,2.2078273
3162,864691136091233847,train,thalamocortical,thalamocortical,2.7991986,5.944342,2.8426197
777,864691136058602712,train,thalamocortical,thalamocortical,2.8035836,6.3895245,2.837499
63,864691135293096118,train,NglFam,NglFam,3.031858,8.330035,3.498767
1893,864691135595810859,train,BasketFam,BasketFam,2.9294925,4.8951874,6.26262
4478,864691135689015264,train,thalamocortical,thalamocortical,3.5023692,7.630275,3.5340407
1215,864691135447979922,train,BipFam,BipFam,4.9839854,5.581717,0.6407174
1142,864691136145572404,train,BipFam,BipFam,1.8093264,7.1111784,2.7266653
1602,864691135875777166,test,BasketFam,BasketFam,1.9680314,5.5690923,5.9656224
393,864691135939017525,train,L4IT,pyramidal,4.225588,9.109027,4.263674
21,864691135573315053,test,L6IT,pyramidal,7.5632205,9.736301,3.3775506
2343,864691135294194358,train,thalamocortical,thalamocortical,2.6049297,6.9195385,0.92554784
202,864691135275949029,train,L2IT,pyramidal,4.0309377,6.6433015,1.2439955
1672,864691134989909114,test,MartFam,MartFam,2.7845063,5.144708,2.3940234
160,864691135689555680,train,NglFam,NglFam,6.785728,3.8574252,2.1077275
218,864691135782873936,test,thalamocortical,thalamocortical,1.8934056,6.6548595,4.0625033
1793,864691136196932172,train,BasketFam,BasketFam,2.4047532,4.7350163,6.2975917
27,864691136336204979,train,NglFam,NglFam,5.2289224,5.7457094,2.7786777
301,864691136033871035,train,thalamocortical,thalamocortical,2.4533777,6.346485,2.467669
1420,864691135464991645,train,thalamocortical,thalamocortical,2.109466,8.227067,4.4988756
697,864691135431648048,train,L4IT,pyramidal,4.779057,6.756725,2.4395988
12300,864691135210446457,train,MartFam,MartFam,4.3927393,4.9569926,0.80127776
604,864691135928029966,train,thalamocortical,thalamocortical,4.6522894,7.997871,2.1862514
99,864691135375655880,train,BipFam,BipFam,7.512656,8.809184,2.378043
5766,864691135941898918,train,MartFam,MartFam,7.203198,4.967254,3.1397514
4532,864691135772774651,test,MartFam,MartFam,3.801623,4.7471223,1.1578549
493,864691135447979922,train,BipFam,BipFam,7.2992005,5.3965416,2.6299288
240,864691136100014453,train,BipFam,BipFam,5.6043806,7.8106084,4.541051
127,864691135840033171,train,NglFam,NglFam,6.126215,6.985154,1.7562073
11486,864691135703016059,train,MartFam,MartFam,4.255702,4.8300834,0.5179802
223,864691135742826603,train,BipFam,BipFam,2.8602376,7.623239,3.8159926
996,864691137055405174,test,L4IT,pyramidal,7.582755,9.738981,3.3878608
8658,864691135774221643,train,MartFam,MartFam,4.9771786,6.33728,0.9062668
971,864691135685030130,train,thalamocortical,thalamocortical,3.5373836,7.448477,2.999271
1649,864691135997428394,test,thalamocortical,thalamocortical,1.7745968,6.7464347,4.2072244
4624,864691136314120765,train,BasketFam,BasketFam,3.7004216,5.3143435,5.5792356
459,864691135996104618,train,BasketFam,BasketFam,2.7160451,7.7646246,5.4765368
90,864691135878154067,train,BasketFam,BasketFam,3.4993422,7.015112,6.3381124
1906,864691135756844242,test,MartFam,MartFam,4.298646,5.578533,0.8881456
1492,864691135891796617,train,BasketFam,BasketFam,2.1166003,4.6812057,5.9608374
259,864691135274195217,train,L2IT,pyramidal,5.46961,6.636584,2.4034586
691,864691136372954248,test,NglFam,NglFam,3.3193145,4.525499,2.332149
1234,864691135478434216,train,BasketFam,BasketFam,1.3647968,5.8594203,4.896472
4280,864691135755605197,train,thalamocortical,thalamocortical,2.8369288,8.730752,3.805139
131,864691136273370302,train,NglFam,NglFam,6.1753664,9.2709875,1.8353939
1280,864691136145537844,train,BipFam,BipFam,4.6124473,6.9076815,3.7333555
3022,864691135778081453,train,thalamocortical,thalamocortical,2.986977,8.642243,3.8456233
217,864691136086632812,train,NglFam,NglFam,5.388041,6.5492697,1.4266362
3046,864691135294194358,train,thalamocortical,thalamocortical,1.3217696,6.8643847,3.6236315
5093,864691135528046939,train,MartFam,MartFam,3.942505,4.7414603,0.75213337
381,864691135783317840,train,thalamocortical,thalamocortical,5.98487,6.6704946,2.9035265
27,864691136145537844,train,BipFam,BipFam,6.1233573,5.2740192,1.3807695
618,864691135398925345,train,L3IT,pyramidal,5.9715767,8.77166,2.8162098
37,864691135361780551,train,L6CT,pyramidal,7.4338136,8.380126,3.076804
4294,864691135779780797,test,MartFam,MartFam,5.4293275,6.831398,0.91850674
1024,864691135447979922,train,BipFam,BipFam,4.914537,5.74012,0.8959554
897,864691135689555680,train,NglFam,NglFam,4.573669,6.2991924,1.3418326
1542,864691136195796182,test,BasketFam,BasketFam,2.0379205,7.69985,5.5196276
131,864691135258628527,test,BasketFam,BasketFam,1.7065498,5.121675,5.382027
2686,864691135756844242,test,MartFam,MartFam,1.2896637,5.580357,2.1437361
1225,864691136336192947,train,BasketFam,BasketFam,2.659011,4.9798675,6.3967347
6297,864691135528046939,train,MartFam,MartFam,7.1838555,3.7658174,2.2823384
2446,864691135783317840,train,thalamocortical,thalamocortical,3.0158293,8.480608,3.204662
5099,864691135271967397,train,MartFam,MartFam,2.6509478,4.7826405,1.8100646
54,864691135210134905,test,L2IT,pyramidal,6.3515477,5.9625993,2.1503232
206,864691136273370302,train,NglFam,NglFam,6.78721,9.821334,2.0972145
105,864691136091233847,train,thalamocortical,thalamocortical,2.3713799,6.4394684,3.2245767
96,864691135293096118,train,NglFam,NglFam,1.6651374,6.199439,2.0640697
71,864691136927761226,train,L4IT,pyramidal,4.378948,9.019498,4.47874
395,864691135343506885,train,BipFam,BipFam,6.2249455,7.1223288,4.748017
803,864691135447979922,train,BipFam,BipFam,2.9174023,5.0070734,2.2507288
4426,864691134886037498,train,MartFam,MartFam,2.186737,7.0679016,4.3923516
253,864691136336204979,train,NglFam,NglFam,6.755911,6.998366,2.223097
196,864691135886300016,train,L4IT,pyramidal,7.014061,8.772094,2.1626024
1241,864691135369668089,train,BasketFam,BasketFam,3.6232076,6.0076714,6.0491476
3851,864691136033871035,train,thalamocortical,thalamocortical,3.2398245,6.345903,2.7154224
81,864691135470255698,train,thalamocortical,thalamocortical,1.6696608,7.14744,2.5016234
1419,864691136372954248,test,NglFam,NglFam,4.8007436,5.5756984,1.5390853
70,864691135939049988,train,L3IT,pyramidal,5.1664543,7.0769825,2.202217
59,864691135990564864,train,NglFam,NglFam,7.5756974,3.6657755,2.148091
4572,864691135685250546,train,BasketFam,BasketFam,5.93733,8.097004,2.4654899
1058,864691136372954248,test,NglFam,NglFam,3.326301,6.63749,2.5787919
798,864691136927688266,test,L4IT,pyramidal,6.4520297,6.9801617,1.6047158
2293,864691135478434216,train,BasketFam,BasketFam,2.8390439,4.968923,6.070996
130,864691136391024144,train,NglFam,NglFam,4.7370625,4.5149283,0.6200722
138,864691135566274391,train,L6CT,pyramidal,5.6036916,8.93813,4.7197175
1903,864691135477104960,train,thalamocortical,thalamocortical,2.0804918,6.5864697,2.6924717
6301,864691135997428394,test,thalamocortical,thalamocortical,2.7811015,7.1801243,0.7500194
450,864691136372954248,test,NglFam,NglFam,2.9066913,5.2246566,2.6099117
164,864691136118878116,train,MartFam,MartFam,2.3528357,4.370552,1.2993864
249,864691135303514791,train,NglFam,NglFam,5.869607,4.626486,2.673469
2837,864691135928029966,train,thalamocortical,thalamocortical,4.0929193,6.6535864,0.8356799
1544,864691135271915173,train,MartFam,MartFam,4.775806,9.168377,4.5936995
2639,864691137022180974,test,MartFam,MartFam,1.4089094,6.5330224,2.29447
382,864691135941975974,test,L4IT,pyramidal,7.132114,8.271674,3.040697
540,864691136288755395,train,thalamocortical,thalamocortical,2.75457,7.438869,3.3163157
1446,864691135659538306,train,thalamocortical,thalamocortical,7.3491645,4.99251,2.975515
230,864691136041321982,train,MartFam,MartFam,2.2592704,6.812957,2.245084
1694,864691135447979922,train,BipFam,BipFam,6.0554957,7.3867917,1.6474419
483,864691135892176009,train,MartFam,MartFam,6.8803415,8.261814,3.0345905
566,864691135293096118,train,NglFam,NglFam,2.5279415,8.003289,2.9521484
1792,864691135431441968,train,thalamocortical,thalamocortical,6.221861,7.16893,4.5079346
164,864691136619529179,test,L2IT,pyramidal,7.854577,6.1838536,2.885271
373,864691134919869706,test,L4IT,pyramidal,6.206504,6.9630036,1.3667138
1592,864691136229366097,test,BasketFam,BasketFam,5.187704,7.3433027,1.4122603
407,864691136390788215,train,L3IT,pyramidal,6.1049156,9.631452,2.5437317
1493,864691136011549614,train,BipFam,BipFam,6.6777406,6.099091,2.2893035
1156,864691134966249759,train,thalamocortical,thalamocortical,1.8356402,7.143879,2.8463314
3061,864691135685250546,train,BasketFam,BasketFam,3.1372151,5.7320194,2.278495
67,864691135386940245,test,BipFam,BipFam,5.0571218,6.9597054,2.5589497
2700,864691135878586963,test,thalamocortical,thalamocortical,2.2688487,6.309781,2.176737
630,864691136239068732,train,L3IT,pyramidal,6.9937844,7.136524,2.4911897
564,864691135689555680,train,NglFam,NglFam,6.377199,4.911748,2.625851
2104,864691135389004929,train,BasketFam,BasketFam,3.8366683,6.527024,6.1358476
2055,864691135912137641,train,BasketFam,BasketFam,3.6536448,6.469317,6.137539
1554,864691136288755395,train,thalamocortical,thalamocortical,6.891423,7.5694017,3.2895095
101,864691136273370302,train,NglFam,NglFam,4.6406155,9.291773,4.870288
1187,864691135387277397,test,thalamocortical,thalamocortical,4.1567044,6.8815637,1.1730051
54,864691136034181307,train,L4IT,pyramidal,3.7454631,9.186548,5.0613546
1267,864691135741960340,train,BasketFam,BasketFam,6.7641635,8.846993,1.6827476
744,864691135689555680,train,NglFam,NglFam,5.1590056,7.564144,2.8086343
149,864691136102207349,train,BipFam,BipFam,7.193074,8.006102,2.785948
683,864691135619317391,test,L4IT,pyramidal,6.911135,8.822,2.1487572
4453,864691136390828919,train,MartFam,MartFam,2.9774358,6.442174,3.2874541
279,864691136118430628,train,BipFam,BipFam,4.61823,6.792454,0.85517406
277,864691135303514791,train,NglFam,NglFam,7.437755,3.6118608,2.3635926
268,864691135375655880,train,BipFam,BipFam,7.229911,9.694251,2.3306239
659,864691136391042167,train,L3IT,pyramidal,6.7640424,6.92513,2.3064108
805,864691136138756221,train,BipFam,BipFam,7.5134478,9.415557,2.6777973
112,864691135376096329,train,BipFam,BipFam,5.1909595,9.527403,4.553629
1863,864691136336192947,train,BasketFam,BasketFam,1.1168778,5.7240033,4.9909964
1128,864691135755605197,train,thalamocortical,thalamocortical,1.2501454,7.372198,2.5794566
3981,864691135571356038,test,MartFam,MartFam,6.72083,3.8294795,2.7856882
395,864691135303514791,train,NglFam,NglFam,7.1420884,4.9997616,2.7009294
8,864691135325071004,train,L2IT,pyramidal,6.7905865,7.576404,2.2615793
1144,864691135293605558,train,L4IT,pyramidal,6.673205,6.990136,1.7455549
428,864691135015154934,test,L4IT,pyramidal,4.65019,7.201843,2.0108273
275,864691136108370905,train,BipFam,BipFam,5.8752,8.963254,3.629662
4058,864691136381324501,train,BasketFam,BasketFam,3.0089107,5.480522,3.5372353
1078,864691136007059658,test,BipFam,BipFam,4.3112917,7.820469,2.8002207
2200,864691135977768259,train,BasketFam,BasketFam,1.7944583,7.8497562,5.5903754
569,864691135499707667,train,L4IT,pyramidal,6.969067,8.322612,3.5217853
354,864691135119709149,train,L3IT,pyramidal,4.203184,6.1055994,1.7061493
2276,864691135271915173,train,MartFam,MartFam,3.680019,6.1240993,1.3695705
4798,864691135294194358,train,thalamocortical,thalamocortical,3.096177,7.2120714,0.9342892
380,864691136523118481,train,L4IT,pyramidal,4.8373346,8.496508,4.2624393
1520,864691135571546917,train,MartFam,MartFam,1.9942139,4.9804735,2.0373456
2050,864691135409856713,train,BasketFam,BasketFam,1.6682878,6.121148,4.589514
537,864691136391024144,train,NglFam,NglFam,5.6816263,7.748904,2.658721
1699,864691136905941426,train,BasketFam,BasketFam,2.0148041,4.8148627,5.716912
202,864691135742102635,train,L4IT,pyramidal,4.77178,5.485868,4.5778737
238,864691135840033171,train,NglFam,NglFam,5.347204,6.6887293,1.9833913
1669,864691135464991645,train,thalamocortical,thalamocortical,5.98897,6.5107026,2.1431603
934,864691136364166370,train,BipFam,BipFam,4.449831,9.07811,4.7042904
85,864691135106309709,train,NglFam,NglFam,5.376001,9.320541,3.6769826
460,864691134886499066,train,L4IT,pyramidal,2.7938838,7.105261,2.5794418
5094,864691135774221643,train,MartFam,MartFam,1.9918349,5.1117516,2.6276731
331,864691136453442303,train,L4IT,pyramidal,7.3840365,9.259779,3.7227445
956,864691136487168530,train,MartFam,MartFam,4.514892,6.8326983,2.5556917
336,864691135106309709,train,NglFam,NglFam,6.8649354,9.706014,1.6318762
654,864691136311059034,train,L2IT,pyramidal,6.9047723,7.458299,3.305087
2708,864691136007059658,test,BipFam,BipFam,4.8080273,6.7701473,0.7904365
194,864691135570381292,test,BipFam,BipFam,4.429279,8.263034,4.005218
65,864691135431441968,train,thalamocortical,thalamocortical,2.5210192,7.361037,1.5550724
339,864691135273655569,train,L5ET,pyramidal,3.0669782,7.5677934,5.1813607
271,864691135510406921,test,L3IT,pyramidal,5.958643,6.659842,4.2261615
399,864691135571440006,train,MartFam,MartFam,6.737686,4.824255,2.3560057
1893,864691136033871035,train,thalamocortical,thalamocortical,3.4606018,6.264648,2.5086248
1426,864691135702887291,train,BasketFam,BasketFam,3.308303,5.622069,6.5091834
780,864691135689296608,train,BasketFam,BasketFam,1.8466157,5.0742764,5.1580606
461,864691135431579440,train,BipFam,BipFam,6.6720653,7.2334375,1.4336565
951,864691136010639022,train,L3IT,pyramidal,5.1404543,8.298105,3.4015553
351,864691136524282001,train,NglFam,NglFam,6.768342,3.2686307,2.0514488
5263,864691135362357319,train,BasketFam,BasketFam,1.4145633,5.270314,5.1097765
235,864691135853088967,test,L4IT,pyramidal,7.2524705,9.25879,1.9814733
9518,864691135271970725,train,BasketFam,BasketFam,3.6108239,6.005087,5.3862524
789,864691135875919502,test,MartFam,MartFam,6.431151,3.342355,1.9343336
93,864691136273370302,train,NglFam,NglFam,6.329961,8.502265,4.7435007
1288,864691136118294692,train,thalamocortical,thalamocortical,4.872356,8.0704155,3.0039651
61,864691135853088967,test,L4IT,pyramidal,7.566939,10.029336,3.2303092
128,864691135693735103,train,NglFam,NglFam,6.9808006,9.772996,3.0803132
2339,864691136288755395,train,thalamocortical,thalamocortical,3.2912073,7.1653786,3.0503604
704,864691135396794101,train,L3IT,pyramidal,6.6513023,6.9766526,1.5692526
1056,864691134990847098,train,BasketFam,BasketFam,2.8368316,7.061003,5.3498707
3399,864691135858363694,train,BasketFam,BasketFam,1.6464092,5.8075686,5.403624
2195,864691135465795653,train,BasketFam,BasketFam,3.824552,5.673236,5.3744864
6209,864691135456535658,train,MartFam,MartFam,4.4478655,5.0204725,1.270108
20,864691136273370302,train,NglFam,NglFam,6.8855667,9.6491,1.6696347
297,864691135303514791,train,NglFam,NglFam,7.232562,4.12696,3.0877135
7028,864691135196475434,train,MartFam,MartFam,0.8466752,5.9281106,2.6095455
4520,864691136138803837,train,BasketFam,BasketFam,1.6227868,5.833651,4.666127
4308,864691136814345075,train,MartFam,MartFam,2.4616444,5.950322,2.8866572
460,864691136144674612,train,L3IT,pyramidal,3.113984,7.2420764,3.3063276
110,864691135309733190,train,NglFam,NglFam,7.3095737,4.852502,3.210943
3265,864691135817803599,test,BasketFam,BasketFam,1.0275364,5.6985574,5.2335153
212,864691136006493898,test,L4IT,pyramidal,6.7972937,7.881841,1.6934619
5314,864691135592837899,train,BasketFam,BasketFam,2.1913967,6.2943344,5.3072615
3128,864691135119335645,train,thalamocortical,thalamocortical,2.7816858,7.330182,3.3419538
911,864691135398762529,train,BipFam,BipFam,5.5969214,6.6934996,1.2298999
89,864691135132887456,test,NglFam,NglFam,7.248783,3.882075,2.6748772
841,864691134887444986,test,NglFam,NglFam,5.1652513,4.4514437,1.2409444
164,864691135309733190,train,NglFam,NglFam,7.1352158,3.9410007,2.797311
1838,864691135571356038,test,MartFam,MartFam,4.585644,5.964805,1.3856757
1358,864691135866821340,train,thalamocortical,thalamocortical,4.0089493,5.411,4.4243803
7403,864691135196475434,train,MartFam,MartFam,2.320957,4.7224774,1.8342144
21,864691135778618029,train,BipFam,BipFam,5.8668175,8.66157,4.834192
974,864691135695042751,train,L6IT,pyramidal,4.310786,9.352066,4.996095
528,864691135294194358,train,thalamocortical,thalamocortical,2.2338226,6.9274573,2.8327875
3564,864691136118294692,train,thalamocortical,thalamocortical,2.5383265,7.525623,3.830344
116,864691135375655880,train,BipFam,BipFam,7.1778245,9.417306,2.137197
610,864691136391027728,train,L4IT,pyramidal,6.110592,8.834833,3.0238826
1796,864691135866821340,train,thalamocortical,thalamocortical,6.293672,9.210911,2.5008097
451,864691135305643175,train,L4IT,pyramidal,6.5796304,7.9781265,2.6837177
5055,864691136007059658,test,BipFam,BipFam,6.4997315,7.483403,1.4294865
1855,864691136523971473,train,BipFam,BipFam,2.4147594,4.922774,1.9861587
235,864691135562950369,train,BipFam,BipFam,5.2714853,5.4613442,1.119759
525,864691136033871035,train,thalamocortical,thalamocortical,4.2102013,5.6178718,3.260231
1078,864691135742826603,train,BipFam,BipFam,7.485471,4.2623696,3.1045864
3695,864691135778081453,train,thalamocortical,thalamocortical,3.2159042,8.284374,3.7167478
4448,864691136523889553,train,BasketFam,BasketFam,3.7744226,5.8613,5.45899
442,864691135717457946,test,L4IT,pyramidal,4.63077,8.119059,3.4457645
522,864691135136735001,train,L4IT,pyramidal,5.653814,6.6006474,2.489076
2848,864691135015437462,test,BasketFam,BasketFam,2.2359161,4.9696302,5.5715494
2999,864691135928029966,train,thalamocortical,thalamocortical,3.9871714,6.3921766,1.8075258
435,864691136524282001,train,NglFam,NglFam,3.78613,5.865818,2.4594803
3,864691135592830731,train,L4IT,pyramidal,3.6380422,9.068836,4.867985
1177,864691135465001373,train,BasketFam,BasketFam,1.3203292,7.0698814,5.0635047
1299,864691135755707597,train,BipFam,BipFam,5.537809,4.683054,1.0594505
1088,864691135990520064,train,BasketFam,BasketFam,3.3301058,6.831788,4.5430384
565,864691136033871035,train,thalamocortical,thalamocortical,1.8997089,6.950037,3.3555186
91,864691136336204979,train,NglFam,NglFam,4.193726,7.592495,1.9575016
1609,864691135343506885,train,BipFam,BipFam,5.063989,7.6317205,3.907002
808,864691136336107187,test,L5IT,pyramidal,3.8567827,5.7643065,2.909946
2369,864691135499765267,train,MartFam,MartFam,4.0306215,7.444845,2.2622957
75,864691135997140906,train,BipFam,BipFam,6.446775,7.0765753,1.7776948
5735,864691135346954143,train,MartFam,MartFam,1.7660953,5.2328863,2.420757
239,864691135490483514,train,L4IT,pyramidal,6.659527,7.6139154,4.6769466
458,864691135996891050,test,BipFam,BipFam,5.543262,8.863029,4.893163
218,864691136137168779,train,BipFam,BipFam,2.3691626,5.8244014,2.9708028
1159,864691136033871035,train,thalamocortical,thalamocortical,3.293706,6.016186,2.110279
2502,864691136392806271,train,BasketFam,BasketFam,2.1660519,7.1016903,5.518897
4159,864691135477104960,train,thalamocortical,thalamocortical,2.0852046,7.136637,2.3504257
330,864691135293096118,train,NglFam,NglFam,3.4721882,6.6255774,2.225792
1909,864691136523971473,train,BipFam,BipFam,4.92026,5.5402803,4.524516
5686,864691135362357319,train,BasketFam,BasketFam,1.1092371,5.3009944,5.3060656
987,864691136364166370,train,BipFam,BipFam,6.507434,4.6676793,2.5911415
1752,864691135464991645,train,thalamocortical,thalamocortical,3.0624077,7.7877436,2.9685326
287,864691136331214058,test,L2IT,pyramidal,5.2466607,6.8236966,3.8927672
273,864691135324705692,train,L4IT,pyramidal,5.257151,7.2618933,2.0364263
386,864691135511802576,train,L5IT,pyramidal,6.715384,8.106771,3.2542684
800,864691135878586963,test,thalamocortical,thalamocortical,5.247532,7.4724255,3.062538
137,864691136445557123,test,L4IT,pyramidal,5.768593,6.4567213,1.5321999
750,864691136138779517,train,L2IT,pyramidal,3.6523314,6.120519,2.9439676
521,864691135384716762,train,MartFam,MartFam,4.0024943,5.512716,3.014171
501,864691135464991645,train,thalamocortical,thalamocortical,1.6423194,6.133878,4.5617695
375,864691135732518585,train,L2IT,pyramidal,6.850825,9.720903,3.2598662
373,864691136239793212,test,NglFam,NglFam,5.9439926,7.6721554,4.553916
3576,864691135294194358,train,thalamocortical,thalamocortical,1.0183715,7.326768,2.8468716
546,864691136391024144,train,NglFam,NglFam,3.5386534,5.241187,1.881945
726,864691136137210507,train,BipFam,BipFam,4.4466367,7.412501,2.094234
4470,864691135891796617,train,BasketFam,BasketFam,2.2119167,4.5663395,5.493042
527,864691135566824983,test,BipFam,BipFam,5.939314,5.5135636,2.3459494
1806,864691135584316781,train,BasketFam,BasketFam,6.452728,6.9064374,1.5322601
89,864691135773208651,train,L4IT,pyramidal,7.592817,9.521575,2.641471
4462,864691136006393034,train,MartFam,MartFam,2.2299972,6.2148676,3.0286155
908,864691136288752835,train,thalamocortical,thalamocortical,1.0922098,7.2570624,2.558582
1202,864691136364166370,train,BipFam,BipFam,5.7469077,7.1777225,4.716881
828,864691135456493418,test,BipFam,BipFam,4.527049,9.505463,4.6993666
753,864691135343509701,train,MartFam,MartFam,6.2776194,9.137692,1.612224
200,864691135132887456,test,NglFam,NglFam,7.409465,3.530438,2.0276918
2289,864691136034412219,train,MartFam,MartFam,6.72102,4.2414207,3.1395688
6592,864691135477104960,train,thalamocortical,thalamocortical,3.0261993,8.585904,4.8129044
4398,864691135755605197,train,thalamocortical,thalamocortical,2.4738328,6.164086,2.379566
77,864691134887444986,test,NglFam,NglFam,1.5715057,5.70245,4.1446466
1672,864691135396720885,train,BasketFam,BasketFam,7.314564,8.112023,2.6433158
174,864691135810308125,train,L2IT,pyramidal,7.091738,7.940486,3.5676594
486,864691134966249759,train,thalamocortical,thalamocortical,4.2748585,8.542249,4.113174
3934,864691135294194358,train,thalamocortical,thalamocortical,3.9719136,9.0058155,4.443195
3776,864691136392806271,train,BasketFam,BasketFam,7.1124225,8.206705,3.0304193
378,864691135132887456,test,NglFam,NglFam,6.145714,4.7035356,2.4832757
677,864691136372954248,test,NglFam,NglFam,4.9009776,6.431657,1.4605333
1157,864691135210446457,train,MartFam,MartFam,4.8539577,5.4324074,1.2545396
4283,864691135309486662,train,BasketFam,BasketFam,3.411239,8.470056,4.2433944
233,864691136100014453,train,BipFam,BipFam,7.214147,9.741483,3.3626904
335,864691135106309709,train,NglFam,NglFam,6.64326,8.813336,2.8436317
2703,864691136053350131,test,thalamocortical,thalamocortical,2.589136,7.868801,3.4176853
647,864691135214970752,train,BipFam,BipFam,4.24867,5.1990004,0.86409116
838,864691135689555680,train,NglFam,NglFam,2.6672652,5.7337947,2.3568645
812,864691135499624723,train,BasketFam,BasketFam,3.0613034,4.7131863,4.761966
1314,864691135741889940,train,BasketFam,BasketFam,1.9118599,6.14267,4.898073
623,864691135703164283,train,L4IT,pyramidal,6.8958893,7.6961455,4.415778
138,864691135214977920,train,L4IT,pyramidal,6.825886,7.2432604,2.5166144
45,864691136674495623,train,L5IT,pyramidal,6.614876,6.37601,2.8774905
78,864691135757040082,train,L4IT,pyramidal,5.578542,7.060923,2.6857247
3916,864691135778116013,train,BasketFam,BasketFam,1.7316608,5.713733,5.625283
1032,864691136010639022,train,L3IT,pyramidal,6.6364675,6.3957696,1.95422
1062,864691135545730856,train,BipFam,BipFam,6.797147,7.4237456,3.8469682
2878,864691135387277397,test,thalamocortical,thalamocortical,2.2597668,6.968814,1.1849058
620,864691136421324951,train,L4IT,pyramidal,6.470877,8.198245,2.72137
2788,864691135387277397,test,thalamocortical,thalamocortical,1.7953707,7.9155374,2.5204825
95,864691136391024144,train,NglFam,NglFam,4.5665593,7.474945,2.9867218
353,864691136034526651,train,BipFam,BipFam,7.069088,9.3422165,2.561525
307,864691135336113129,train,L4IT,pyramidal,4.7163033,8.43169,4.054264
243,864691135211926464,train,L4IT,pyramidal,5.9931574,6.6900377,2.9941022
386,864691136086632812,train,NglFam,NglFam,5.2540226,3.953168,1.2956035
141,864691135293096118,train,NglFam,NglFam,2.4857914,7.488247,2.5572088
1436,864691136487168530,train,MartFam,MartFam,7.0118084,10.002969,2.359747
501,864691135405733870,train,L4IT,pyramidal,7.277814,5.2599473,2.953966
5776,864691135891796617,train,BasketFam,BasketFam,1.8245499,4.981153,5.591119
1609,864691135997140906,train,BipFam,BipFam,5.942747,7.4533033,1.101227
939,864691135387277397,test,thalamocortical,thalamocortical,3.6873262,6.9233575,1.0601314
2082,864691135389004929,train,BasketFam,BasketFam,2.185026,7.919216,5.877474
7836,864691135703016059,train,MartFam,MartFam,4.465962,6.0105696,1.0845716
475,864691134887444986,test,NglFam,NglFam,4.9603586,4.3622785,1.1049052
1485,864691136033871035,train,thalamocortical,thalamocortical,5.8837004,6.286755,3.3109694
2831,864691136118878116,train,MartFam,MartFam,4.8726516,5.4931107,4.463574
391,864691135885996912,train,BipFam,BipFam,4.4326334,8.218754,4.386061
208,864691136336204979,train,NglFam,NglFam,3.5142546,6.3990984,3.4823492
1581,864691136067404440,test,MartFam,MartFam,7.474385,4.2271204,3.0901506
116,864691136967985870,train,L6CT,pyramidal,7.314058,9.484318,3.3698287
5360,864691136007059658,test,BipFam,BipFam,6.278617,7.4419117,2.888024
3478,864691135741960340,train,BasketFam,BasketFam,2.215042,8.030316,5.946582
303,864691135293096118,train,NglFam,NglFam,2.9929698,7.629879,2.8479927
3591,864691135398746401,train,MartFam,MartFam,2.4266815,6.244618,1.7828578
609,864691135778618029,train,BipFam,BipFam,4.8188887,6.6816826,2.2579076
5713,864691135196475434,train,MartFam,MartFam,2.5303178,4.689606,5.979917
1521,864691135954680867,train,L4IT,pyramidal,6.118586,8.345385,2.979361
202,864691135309733190,train,NglFam,NglFam,7.0344496,3.4463606,2.3517373
9811,864691135346954143,train,MartFam,MartFam,2.4869769,7.3693695,3.6982498
9758,864691135271967397,train,MartFam,MartFam,2.2990015,6.0429864,1.8003949
40,864691135271915173,train,MartFam,MartFam,4.5057926,9.514901,4.728028
666,864691134887444986,test,NglFam,NglFam,3.3252587,7.678537,3.8199475
1271,864691135783317840,train,thalamocortical,thalamocortical,2.7506115,7.9436054,4.0936384
170,864691135132887456,test,NglFam,NglFam,7.815002,3.78367,2.37582
197,864691135430356784,train,L5IT,pyramidal,7.5468783,8.013407,3.4306054
9554,864691136330880234,train,MartFam,MartFam,2.3450322,5.7453084,2.7277703
2003,864691136145537844,train,BipFam,BipFam,5.7672668,7.7027984,0.9883544
119,864691136372954248,test,NglFam,NglFam,4.533561,5.4077,2.7101395
1600,864691135339088102,test,L4IT,pyramidal,4.5597634,6.4471755,2.5853639
3122,864691135755605197,train,thalamocortical,thalamocortical,1.4626224,6.875464,2.4252467
1419,864691135778081453,train,thalamocortical,thalamocortical,4.8964286,6.894619,2.6873183
426,864691135106309709,train,NglFam,NglFam,5.5895104,7.5001893,4.4453397
1063,864691136011549614,train,BipFam,BipFam,6.329425,7.564906,2.4390585
94,864691136421279639,train,L2IT,pyramidal,6.331985,6.6471744,2.7586994
3620,864691135477104960,train,thalamocortical,thalamocortical,2.058089,6.765433,2.4721808
289,864691135694406335,train,L4IT,pyramidal,6.065654,8.808962,3.0917041
8145,864691135480702662,train,MartFam,MartFam,3.398052,5.874474,1.842429
516,864691135132887456,test,NglFam,NglFam,7.491894,4.142148,2.6738806
3176,864691135258628527,test,BasketFam,BasketFam,1.9048572,6.626356,4.856072
567,864691135742826603,train,BipFam,BipFam,5.6749344,6.178158,0.9800496
413,864691136523472529,train,L4IT,pyramidal,3.8384435,8.380342,4.166328
126,864691135119335645,train,thalamocortical,thalamocortical,2.6965668,6.7169895,0.9415481
1681,864691135470556242,train,MartFam,MartFam,4.476173,6.900735,3.8524616
2998,864691136033871035,train,thalamocortical,thalamocortical,5.8600345,6.7935004,1.2674395
735,864691135398762529,train,BipFam,BipFam,2.9043972,6.8887773,2.9968216
332,864691135892214409,train,L2IT,pyramidal,3.561227,7.039808,3.0059028
865,864691135384285931,train,L4IT,pyramidal,5.661735,7.3930693,2.8572156
1,864691136927688266,test,L4IT,pyramidal,4.5236144,9.034797,4.490499
6072,864691136580010516,test,MartFam,MartFam,5.9920816,5.2964554,1.5178512
42,864691135875460494,train,L6CT,pyramidal,6.152407,9.322559,3.7283
540,864691135997140906,train,BipFam,BipFam,4.0210285,7.570745,3.6148603
612,864691135060784027,test,thalamocortical,thalamocortical,3.1720455,5.9578495,3.0460067
167,864691135842794979,test,L6IT,pyramidal,4.4810095,9.59292,4.861617
395,864691135941898918,train,MartFam,MartFam,2.262898,4.6102424,5.7372704
376,864691135857976366,train,BipFam,BipFam,6.9421425,4.380462,3.0525703
1085,864691136120465944,train,thalamocortical,thalamocortical,1.9977622,6.9896092,3.4969668
399,864691136053350131,test,thalamocortical,thalamocortical,4.820361,5.4185143,4.559792
1092,864691136137168779,train,BipFam,BipFam,4.0719876,5.152496,3.8206942
2718,864691136523971473,train,BipFam,BipFam,3.1716752,8.205199,4.2856555
1181,864691135477104960,train,thalamocortical,thalamocortical,4.8225427,8.702552,4.0283895
531,864691135616235979,train,BipFam,BipFam,4.603669,6.8380623,2.9284873
1549,864691136372954248,test,NglFam,NglFam,3.504295,6.479853,2.582881
12,864691135499616019,train,BasketFam,BasketFam,3.4442146,5.9240065,4.578908
2144,864691136120465944,train,thalamocortical,thalamocortical,2.6196158,7.359707,1.4962046
1213,864691136137168779,train,BipFam,BipFam,3.096089,4.7604294,2.366946
718,864691135582973549,train,L4IT,pyramidal,6.6429963,7.927469,3.7926357
321,864691136026198585,train,L4IT,pyramidal,5.195107,8.848452,3.9935672
68,864691136521831825,train,L5IT,pyramidal,5.1959844,7.611151,2.9536774
3967,864691136580010516,test,MartFam,MartFam,2.3804083,5.1727247,1.3675199
1599,864691136521831825,train,L5IT,pyramidal,3.7559805,8.158595,3.6659336
1344,864691135470255698,train,thalamocortical,thalamocortical,3.5149963,6.6841345,1.2819837
478,864691136118430628,train,BipFam,BipFam,2.6777885,6.088191,2.2802415
432,864691135742895723,test,BipFam,BipFam,3.614719,7.8097196,3.8754847
4183,864691135755605197,train,thalamocortical,thalamocortical,2.852253,7.126878,0.83290595
327,864691135499616019,train,BasketFam,BasketFam,2.275099,5.633644,5.25459
796,864691135763795510,test,L4IT,pyramidal,6.0946407,8.051321,4.5060534
5616,864691135891796617,train,BasketFam,BasketFam,1.1722938,5.480311,5.3081937
6364,864691136905941426,train,BasketFam,BasketFam,1.3115498,5.5698466,5.379339
6968,864691135528046939,train,MartFam,MartFam,2.3018203,6.3121223,2.5623503
5636,864691135616183499,train,BasketFam,BasketFam,1.9137094,6.9015913,5.357903
122,864691135014600950,train,L5NP,pyramidal,7.100328,9.3483095,2.5418193
5235,864691136145494068,train,BasketFam,BasketFam,0.9301629,6.3608713,4.3701496
1326,864691135447979922,train,BipFam,BipFam,4.597065,4.2587,1.0759909
396,864691135997140906,train,BipFam,BipFam,6.4250283,7.8949175,1.3608484
3302,864691136288755395,train,thalamocortical,thalamocortical,2.8302872,6.900957,3.179283
248,864691135303514791,train,NglFam,NglFam,7.2053113,3.6581924,2.3319643
211,864691135689555680,train,NglFam,NglFam,6.0600653,5.8311853,2.1858423
5607,864691136011485614,test,BasketFam,BasketFam,1.0765922,5.726218,5.291312
14,864691135305383591,train,NglFam,NglFam,7.430663,3.9004962,2.6016033
1499,864691135470255698,train,thalamocortical,thalamocortical,5.7091928,8.363007,4.7200933
225,864691135351096279,train,L4IT,pyramidal,7.4169855,9.109638,3.4792767
1601,864691136580010516,test,MartFam,MartFam,6.985677,4.692494,2.9881678
31,864691135209715833,train,L6IT,pyramidal,6.6434865,7.668992,4.6729465
4503,864691135398746401,train,MartFam,MartFam,2.000205,5.9477143,1.9631374
557,864691136007059658,test,BipFam,BipFam,6.0908623,6.6882224,3.871131
3,864691135375655880,train,BipFam,BipFam,3.6322837,7.2680197,2.3361099
4785,864691135997140906,train,BipFam,BipFam,5.9903946,6.4821043,3.426154
2739,864691135210178169,test,BasketFam,BasketFam,2.1148283,6.9575477,4.7207494
2072,864691136330880234,train,MartFam,MartFam,3.1867898,4.122152,0.7497553
5950,864691136603935441,train,BasketFam,BasketFam,2.3240585,5.8401465,5.2775893
647,864691136425681967,train,L4IT,pyramidal,6.6822424,7.234726,1.826997
1424,864691136372954248,test,NglFam,NglFam,5.042964,6.264332,1.8810174
836,864691136137210507,train,BipFam,BipFam,4.6671357,5.760937,2.3951452
1849,864691136390828919,train,MartFam,MartFam,5.017299,5.5599937,1.1913897
57,864691135376096329,train,BipFam,BipFam,4.713746,9.207469,4.7829185
146,864691135594817067,test,L6CT,pyramidal,5.326602,7.058099,4.438414
1018,864691136288755395,train,thalamocortical,thalamocortical,4.2106094,6.295328,0.91088766
1640,864691135477104960,train,thalamocortical,thalamocortical,2.2597451,6.4891,2.8683488
1592,864691135689015264,train,thalamocortical,thalamocortical,2.2489624,7.3512273,2.1917293
1792,864691135470860370,test,BipFam,BipFam,2.854828,4.5084705,1.2922999
1593,864691136619344859,test,BasketFam,BasketFam,3.7575574,5.298904,5.439097
5766,864691135689296608,train,BasketFam,BasketFam,2.5494614,5.034691,6.205836
241,864691135309733190,train,NglFam,NglFam,7.261225,4.3953137,2.6333687
86,864691135309733190,train,NglFam,NglFam,7.4355917,3.475837,2.3043847
72,864691135689555680,train,NglFam,NglFam,7.425011,3.4249282,2.149149
577,864691136927801674,train,L4IT,pyramidal,3.7567341,5.462393,1.8394562
795,864691135997140906,train,BipFam,BipFam,5.223867,8.230428,4.1467795
379,864691135689555680,train,NglFam,NglFam,6.3145566,8.440461,2.6691613
82,864691136137064075,train,BipFam,BipFam,5.026205,9.315277,4.767901
3901,864691136138622333,train,BasketFam,BasketFam,2.2898154,5.0956855,6.2212725
7354,864691136006393034,train,MartFam,MartFam,7.34195,5.2894692,2.959545
6915,864691135464991645,train,thalamocortical,thalamocortical,3.4214067,6.4148664,0.8504273
573,864691136211068860,train,BasketFam,BasketFam,2.3201432,5.080512,5.481963
3463,864691136011549614,train,BipFam,BipFam,6.2734685,6.7387652,4.4297414
801,864691135940881830,train,MartFam,MartFam,3.7245796,7.1423945,3.7535481
693,864691134887444986,test,NglFam,NglFam,5.066508,7.278612,2.3859525
592,864691136372954248,test,NglFam,NglFam,3.2326996,4.731877,2.1699553
2266,864691135465795653,train,BasketFam,BasketFam,2.843314,5.687398,5.917485
4971,864691136211068860,train,BasketFam,BasketFam,1.8130709,7.0211883,5.972332
326,864691136381324501,train,BasketFam,BasketFam,1.5071453,4.8890605,5.3344026
1786,864691135866821340,train,thalamocortical,thalamocortical,3.9601874,6.7805004,1.1373451
395,864691135106309709,train,NglFam,NglFam,7.123903,9.193923,2.0418522
79,864691136314126653,train,BipFam,BipFam,4.8633213,6.2504888,1.5295539
3178,864691135892233097,train,BasketFam,BasketFam,1.502776,5.153926,5.189274
3025,864691136011458734,test,BasketFam,BasketFam,1.1364162,5.833139,5.373053
688,864691135689555680,train,NglFam,NglFam,6.5149302,4.178962,2.2383442
568,864691135470860370,test,BipFam,BipFam,7.2360487,4.11504,2.3787649
6337,864691136007059658,test,BipFam,BipFam,4.5157943,7.211699,2.3978026
260,864691135132887456,test,NglFam,NglFam,6.995139,4.0731874,3.0686932
606,864691135456535658,train,MartFam,MartFam,3.0205052,4.289508,0.77057296
490,864691136674327431,train,L3IT,pyramidal,2.576397,8.175999,3.9157794
291,864691135546339880,train,L4IT,pyramidal,4.3003016,7.5001,3.021903
940,864691135336840425,train,BasketFam,BasketFam,1.5156528,6.0141625,5.659335
86,864691135134695328,test,L2IT,pyramidal,6.3248744,6.434991,4.004563
8507,864691136330880234,train,MartFam,MartFam,5.279197,5.292777,1.2749679
1014,864691135518989962,train,L2IT,pyramidal,6.499098,7.090743,1.316542
149,864691136086632812,train,NglFam,NglFam,4.052765,7.2548366,3.7970643
154,864691135503004765,train,BipFam,BipFam,3.5936904,6.9461765,2.852092
1822,864691134966621471,train,MartFam,MartFam,2.2838717,5.475105,1.6443025
632,864691136311213914,test,BasketFam,BasketFam,1.2821494,5.7816505,4.9225287
167,864691135464991645,train,thalamocortical,thalamocortical,4.421857,5.4206543,4.4162893
1592,864691136372954248,test,NglFam,NglFam,6.612464,4.545384,2.5982022
2603,864691136619344859,test,BasketFam,BasketFam,3.0573032,5.7782044,6.7142196
300,864691135503004765,train,BipFam,BipFam,5.3429427,7.2848144,2.081388
862,864691136914542577,train,MartFam,MartFam,3.0730488,4.957708,1.7984648
133,864691135700814114,train,L6CT,pyramidal,7.167319,9.714824,2.1691556
107,864691135343506885,train,BipFam,BipFam,7.204586,5.7948,2.9290736
60,864691135518510218,train,NglFam,NglFam,7.796315,7.2828064,3.225496
1196,864691135271970725,train,BasketFam,BasketFam,1.7352136,5.9238777,4.45279
1287,864691136137168779,train,BipFam,BipFam,1.8459283,5.912165,4.464367
715,864691135866821340,train,thalamocortical,thalamocortical,2.3288486,7.5187893,3.5042067
1252,864691136372954248,test,NglFam,NglFam,2.6429672,4.848023,2.2614882
5290,864691135584068717,train,BasketFam,BasketFam,2.3106556,4.885607,6.428596
11,864691135518510218,train,NglFam,NglFam,7.110346,3.3990188,2.3083694
1103,864691135214970752,train,BipFam,BipFam,3.7535765,5.2271314,1.848178
2814,864691136021592568,train,BasketFam,BasketFam,2.305313,7.308784,5.7275934
5147,864691136118878116,train,MartFam,MartFam,1.2673429,5.585566,2.1496258
329,864691136145572404,train,BipFam,BipFam,1.8936114,6.3249445,3.1576397
993,864691136091233847,train,thalamocortical,thalamocortical,3.1090302,8.494476,3.4673483
704,864691135741910164,train,L6IT,pyramidal,6.5579596,8.079082,4.8131366
1153,864691135398746401,train,MartFam,MartFam,4.0779047,4.658023,2.7387793
190,864691135060727707,train,L2IT,pyramidal,7.820431,7.249346,3.2083244
4180,864691136603935441,train,BasketFam,BasketFam,2.0436728,6.80413,4.5427594
92,864691136436788382,train,BipFam,BipFam,6.816767,8.014942,2.7064545
6433,864691136007059658,test,BipFam,BipFam,3.653435,4.7162685,2.2545016
9183,864691135499765267,train,MartFam,MartFam,2.507734,6.811744,3.4369817
7614,864691135196475434,train,MartFam,MartFam,1.8528297,4.925413,2.0339527
309,864691135464991645,train,thalamocortical,thalamocortical,2.0396538,6.582617,2.134043
581,864691134887444986,test,NglFam,NglFam,5.609928,3.8748236,1.6529615
1527,864691136603935441,train,BasketFam,BasketFam,1.9496384,4.5548296,5.746208
3983,864691135470255698,train,thalamocortical,thalamocortical,1.5475751,6.75765,2.1306496
8302,864691135210446457,train,MartFam,MartFam,3.172912,8.727874,5.0608573
781,864691135562950369,train,BipFam,BipFam,5.10921,6.400171,1.4242457
88,864691135293096118,train,NglFam,NglFam,5.556678,8.974184,4.381763
1403,864691136229366097,test,BasketFam,BasketFam,2.4303305,6.836877,5.5020733
1375,864691135878586963,test,thalamocortical,thalamocortical,4.752634,6.9203677,2.2169316
941,864691135562950369,train,BipFam,BipFam,5.354791,6.2758493,1.1185385
7322,864691135464991645,train,thalamocortical,thalamocortical,2.6211367,7.3140845,1.543881
3623,864691135477104960,train,thalamocortical,thalamocortical,2.2077682,6.730767,3.3221452
449,864691135510191369,train,L6CT,pyramidal,5.932568,7.969317,4.9314017
4360,864691136390905207,train,MartFam,MartFam,4.370107,4.3879066,0.5637489
457,864691136086632812,train,NglFam,NglFam,5.2467365,4.0116796,1.287376
1481,864691135503782210,test,BipFam,BipFam,3.557201,7.944772,3.2935264
18,864691135618339945,test,BipFam,BipFam,7.1332984,9.786482,2.6890428
512,864691134966249759,train,thalamocortical,thalamocortical,6.3699503,7.3396506,1.6071084
2369,864691135119636189,train,BasketFam,BasketFam,2.5668828,8.363864,5.7389016
3504,864691135464991645,train,thalamocortical,thalamocortical,3.920236,6.3460155,1.2360525
2008,864691135928029966,train,thalamocortical,thalamocortical,4.141118,6.9211683,0.72379524
3753,864691135373601736,train,BasketFam,BasketFam,2.192492,7.9978285,5.970497
923,864691136372954248,test,NglFam,NglFam,4.3411355,4.7006083,0.6340758
209,864691136086632812,train,NglFam,NglFam,5.582508,4.8129263,1.411678
335,864691134887444986,test,NglFam,NglFam,2.8292363,5.03285,2.190081
1337,864691135783317840,train,thalamocortical,thalamocortical,4.6390076,5.8878493,0.52395874
4133,864691135373601736,train,BasketFam,BasketFam,1.9221038,7.73761,5.444009
41,864691136927366986,train,thalamocortical,thalamocortical,1.1004105,7.1044397,2.512438
6027,864691135528046939,train,MartFam,MartFam,6.2211246,5.1976304,1.6227329
4999,864691136007128778,test,MartFam,MartFam,3.0253782,4.068001,0.7160772
1101,864691135431441968,train,thalamocortical,thalamocortical,1.3857223,7.146648,2.369288
2535,864691136067404440,test,MartFam,MartFam,3.672365,5.172525,1.2008824
549,864691136196932172,train,BasketFam,BasketFam,5.6025095,5.013779,1.1835183
5850,864691135477104960,train,thalamocortical,thalamocortical,3.4865026,6.946145,1.0630857
506,864691135119335645,train,thalamocortical,thalamocortical,2.6175084,7.1570253,1.0088634
2544,864691135134565280,train,BasketFam,BasketFam,3.3251839,7.8490458,4.9089637
326,864691135257669039,train,L3IT,pyramidal,5.8372016,7.3915696,1.9765446
1664,864691135343506885,train,BipFam,BipFam,6.7293234,6.3425174,3.908213
5907,864691136006393034,train,MartFam,MartFam,4.6453257,6.8497696,1.5982429
899,864691136011458734,test,BasketFam,BasketFam,2.1865284,5.3058476,5.310665
2661,864691135778290109,train,BasketFam,BasketFam,2.5707831,7.901332,5.611748
224,864691136010650796,train,BipFam,BipFam,7.75497,6.066967,2.7626348
218,864691136523335057,test,L4IT,pyramidal,7.5430856,9.276752,3.3678076
3340,864691135470255698,train,thalamocortical,thalamocortical,0.8723265,7.043335,2.9981558
1599,864691136120465944,train,thalamocortical,thalamocortical,5.457394,7.6673822,4.2706842
291,864691136391024144,train,NglFam,NglFam,5.227508,5.955801,1.029411
532,864691136239793212,test,NglFam,NglFam,5.509595,7.5987153,4.3105464
139,864691135303514791,train,NglFam,NglFam,6.8913846,3.2429886,2.209605
575,864691135577202181,train,MartFam,MartFam,5.65838,8.68988,4.0291896
3133,864691135106209101,train,BasketFam,BasketFam,1.5319227,6.781011,3.0312104
5050,864691136288755395,train,thalamocortical,thalamocortical,1.3985746,6.9475083,3.5271974
1919,864691135470556242,train,MartFam,MartFam,7.08539,3.8651311,1.9186896
794,864691135809456669,test,L6IT,pyramidal,4.3251443,6.6362963,0.80574137
967,864691136145572404,train,BipFam,BipFam,4.2536826,8.045669,3.1434917
7546,864691136118878116,train,MartFam,MartFam,2.0329835,6.378936,2.8647964
63,864691135685030130,train,thalamocortical,thalamocortical,3.3323872,8.737729,4.7414927
140,864691136034526651,train,BipFam,BipFam,6.633438,6.6814556,2.4669285
194,864691135778773856,train,BipFam,BipFam,5.176371,5.8038464,0.93990606
679,864691136137168779,train,BipFam,BipFam,4.3601837,5.7235475,3.073815
948,864691136372954248,test,NglFam,NglFam,4.6611037,4.5095706,1.7389748
33,864691135293096118,train,NglFam,NglFam,3.210775,8.219823,3.0551581
9,864691135890695049,test,L4IT,pyramidal,3.4686222,8.297561,3.563056
111,864691136137168779,train,BipFam,BipFam,7.1167665,9.746237,2.8552365
1032,864691136523971473,train,BipFam,BipFam,6.5519114,4.3809514,2.2653513
9146,864691135562001633,train,MartFam,MartFam,2.1624782,5.02415,3.0649562
125,864691136336204979,train,NglFam,NglFam,6.772256,3.95232,2.1071804
180,864691135817803599,test,BasketFam,BasketFam,2.179782,5.282291,5.3172684
299,864691135741960340,train,BasketFam,BasketFam,2.2469718,8.18736,5.3624864
625,864691135742247787,train,L4IT,pyramidal,5.150045,7.3813267,3.5084276
440,864691136137210507,train,BipFam,BipFam,2.8850522,7.351712,2.7363842
573,864691135757040082,train,L4IT,pyramidal,6.801069,8.027843,2.1059644
8410,864691135756844242,test,MartFam,MartFam,3.4556043,4.4528284,1.1645596
128,864691136927176778,train,L5IT,pyramidal,4.332944,9.210868,4.1606092
1551,864691135659538306,train,thalamocortical,thalamocortical,2.7677953,7.2172675,1.6133641
331,864691135106309709,train,NglFam,NglFam,7.345385,9.873414,2.2593303
2829,864691136390828919,train,MartFam,MartFam,4.430251,5.4454737,0.6868149
330,864691135106309709,train,NglFam,NglFam,6.905748,9.747583,3.1692796
452,864691135656674242,train,L5IT,pyramidal,3.9120264,7.6470213,2.1552022
4121,864691135858282030,train,MartFam,MartFam,3.7210462,5.644328,6.056528
160,864691135617409385,train,L5ET,pyramidal,4.5523605,8.468127,3.6723325
2402,864691136288755395,train,thalamocortical,thalamocortical,1.4456754,6.7163277,2.3148913
563,864691136618553563,test,L3IT,pyramidal,3.9931433,9.313165,5.050586
999,864691136288755395,train,thalamocortical,thalamocortical,2.8046541,8.12897,3.7209313
71,864691134920000010,train,BasketFam,BasketFam,1.9090503,5.3472605,5.0547724
833,864691135470860370,test,BipFam,BipFam,3.723666,5.07886,1.2490069
80,864691135592678411,train,BipFam,BipFam,7.765211,5.928707,2.804813
196,864691136372954248,test,NglFam,NglFam,2.5087805,6.267986,3.0383763
2538,864691135387277397,test,thalamocortical,thalamocortical,1.3606344,6.7628508,3.7257988
532,864691136579408916,test,L4IT,pyramidal,4.6610336,6.6899657,2.1246173
7192,864691136390675216,train,BasketFam,BasketFam,1.8461652,5.4841404,5.1412816
518,864691136239068732,train,L3IT,pyramidal,6.4619594,7.8428664,1.3196263
236,864691135014258070,train,BasketFam,BasketFam,1.9595089,7.296286,5.6475196
0,864691136058895576,train,L4IT,pyramidal,4.294866,9.227618,4.3734007
344,864691135583172717,test,L4IT,pyramidal,3.625862,9.101416,4.957985
24,864691135569282284,train,MartFam,MartFam,7.3615246,9.353449,3.392939
1080,864691135271343525,train,BipFam,BipFam,3.2491164,5.4268675,3.114255
265,864691135686283703,train,L4IT,pyramidal,6.0280685,6.8012695,1.2873774
5663,864691135456535658,train,MartFam,MartFam,4.8644233,6.1631465,0.9032044
457,864691135566824983,test,BipFam,BipFam,3.5073504,6.31561,1.5295799
795,864691134887444986,test,NglFam,NglFam,3.1534464,5.0222206,3.0761766
2560,864691135755605197,train,thalamocortical,thalamocortical,6.095694,8.858456,1.5263362
2130,864691135387277397,test,thalamocortical,thalamocortical,4.930074,5.561241,4.545301
1633,864691135562950369,train,BipFam,BipFam,2.766624,5.5534124,2.7333038
352,864691136273370302,train,NglFam,NglFam,4.7589917,9.542975,4.82423
1283,864691136372954248,test,NglFam,NglFam,2.5409148,5.6163163,2.3810906
889,864691135106309709,train,NglFam,NglFam,4.766145,9.01551,3.8080926
1714,864691135997428394,test,thalamocortical,thalamocortical,3.8966997,5.6301665,1.67013
1032,864691135101595680,test,L4IT,pyramidal,4.5176277,6.7148585,2.0015092
72,864691136102207349,train,BipFam,BipFam,7.20204,7.9742956,2.7733774
3917,864691136007059658,test,BipFam,BipFam,4.5668983,6.935852,0.89050305
665,864691136086632812,train,NglFam,NglFam,6.881268,5.8043184,2.3195815
4773,864691135616183499,train,BasketFam,BasketFam,1.4291489,5.723297,5.788156
1384,864691135477104960,train,thalamocortical,thalamocortical,2.2990983,5.0324583,1.9752821
1950,864691136053350131,test,thalamocortical,thalamocortical,3.695322,6.451071,1.9535582
404,864691134887444986,test,NglFam,NglFam,4.211155,5.446731,2.3213387
5697,864691136312445786,train,BasketFam,BasketFam,1.5673549,6.55102,4.6921296
328,864691136239793212,test,NglFam,NglFam,6.0253825,8.418326,2.450166
5824,864691136391023120,train,BasketFam,BasketFam,1.2604265,5.0916576,5.105435
380,864691135493665631,train,L4IT,pyramidal,6.3947415,8.149721,2.1095269
5567,864691135362357319,train,BasketFam,BasketFam,3.8934093,5.3610578,5.2947206
179,864691136524282001,train,NglFam,NglFam,6.566614,3.3442671,2.2162573
2204,864691135878586963,test,thalamocortical,thalamocortical,5.2444954,7.449187,3.082849
879,864691135442598728,train,BasketFam,BasketFam,3.2352319,7.7469916,5.100347
7081,864691135464991645,train,thalamocortical,thalamocortical,4.294717,6.0865035,1.7722144
32,864691136273370302,train,NglFam,NglFam,6.6236353,9.599367,1.7128263
209,864691135571356038,test,MartFam,MartFam,2.675107,4.236067,1.0873147
5197,864691135271970725,train,BasketFam,BasketFam,3.3836644,6.553858,5.113995
1015,864691136372954248,test,NglFam,NglFam,3.2559946,4.7787857,2.1609128
725,864691135503782210,test,BipFam,BipFam,6.726081,9.198573,1.5846434
4404,864691135689015264,train,thalamocortical,thalamocortical,3.5405228,7.0261617,1.1697818
3097,864691135343506885,train,BipFam,BipFam,6.221006,6.739116,4.3069096
1871,864691136091233847,train,thalamocortical,thalamocortical,3.1372466,5.7778077,3.1887245
3910,864691135741960340,train,BasketFam,BasketFam,3.0398402,5.77949,6.7055397
1823,864691135954480163,train,MartFam,MartFam,6.6825695,4.1364436,2.0735645
272,864691136436788382,train,BipFam,BipFam,7.4814663,8.542234,3.5663784
999,864691135442591048,train,BasketFam,BasketFam,3.6640265,6.2695403,5.797651
2837,864691135387529301,test,BasketFam,BasketFam,2.7637296,5.579385,6.0997677
3054,864691135015437462,test,BasketFam,BasketFam,6.1163397,6.2791977,2.4135041
1427,864691136372954248,test,NglFam,NglFam,2.6300302,5.361806,2.7437122
444,864691135157619556,train,L4IT,pyramidal,4.821974,8.95618,4.501107
843,864691135106309709,train,NglFam,NglFam,5.833795,8.546702,4.9304957
347,864691136905941426,train,BasketFam,BasketFam,2.2148335,4.785336,6.26853
696,864691134887444986,test,NglFam,NglFam,5.351548,5.920848,1.8621298
2105,864691135511861968,test,MartFam,MartFam,4.317282,6.0194535,3.610065
1347,864691136524014993,train,BasketFam,BasketFam,1.8575683,6.535295,4.9523826
2913,864691135997140906,train,BipFam,BipFam,6.025846,6.2766786,2.596037
499,864691136336039091,train,L4IT,pyramidal,6.933612,6.703558,2.7388992
284,864691135782241616,test,L3IT,pyramidal,4.429357,7.1966457,2.9480507
205,864691136136240011,test,L4IT,pyramidal,5.4220567,5.9681015,0.92408293
305,864691135840033171,train,NglFam,NglFam,3.036026,7.8032904,3.8729734
255,864691136925825354,test,BasketFam,BasketFam,2.5759747,7.5963626,5.566759
5678,864691135839979667,train,MartFam,MartFam,4.4700294,6.674048,1.2941422
531,864691136239793212,test,NglFam,NglFam,7.240163,9.7091,3.0026147
331,864691135134945184,train,L4IT,pyramidal,2.715566,6.645546,2.3258018
1619,864691135478334888,train,BasketFam,BasketFam,3.1835198,5.6817417,6.5577836
520,864691135132887456,test,NglFam,NglFam,7.332363,4.320076,2.9787433
280,864691135480892614,train,L4IT,pyramidal,7.062833,8.331115,3.613612
1615,864691136925008100,train,BipFam,BipFam,3.06854,5.952038,3.4290812
325,864691136228491601,train,L3IT,pyramidal,4.8886495,6.4693656,2.5363634
2342,864691136268801012,test,BasketFam,BasketFam,3.6562812,6.2636766,6.1445227
1977,864691135447979922,train,BipFam,BipFam,7.20033,4.465838,3.0012057
2138,864691135892233097,train,BasketFam,BasketFam,1.5982331,5.339342,5.107624
197,864691137199860033,test,BasketFam,BasketFam,1.3538152,5.8053346,5.2007847
5256,864691136007059658,test,BipFam,BipFam,5.3283024,6.6273394,1.0803425
355,864691136330122730,train,L5IT,pyramidal,6.689754,7.5892243,4.626003
6287,864691135997428394,test,thalamocortical,thalamocortical,5.384177,6.6195374,1.1606907
27,864691135689015264,train,thalamocortical,thalamocortical,4.3702946,5.6537666,3.6884038
143,864691135782156368,train,L5IT,pyramidal,3.594398,8.108638,4.5427585
2228,864691135309486662,train,BasketFam,BasketFam,3.5833764,6.1829095,5.8261323
1667,864691135782873936,test,thalamocortical,thalamocortical,0.9806188,6.838081,2.7313898
1253,864691136034412219,train,MartFam,MartFam,2.1376765,5.7477217,3.7416673
383,864691136013554851,train,L4IT,pyramidal,7.8127294,7.8987994,2.7938628
45,864691135685030130,train,thalamocortical,thalamocortical,6.341463,7.174575,2.0578003
5058,864691135346954143,train,MartFam,MartFam,3.3069277,4.48895,1.3574653
1211,864691135387277397,test,thalamocortical,thalamocortical,6.020032,6.8715677,4.118824
3929,864691136312057178,train,BasketFam,BasketFam,2.457671,4.9710445,6.23687
2617,864691135810495005,train,BasketFam,BasketFam,2.5274122,4.8543377,6.4938307
133,864691135772920651,train,L4IT,pyramidal,6.772191,9.041295,3.9442458
556,864691135476311616,test,L4IT,pyramidal,3.8953207,9.359216,5.0888696
2085,864691135562001633,train,MartFam,MartFam,1.058562,5.288865,5.315847
58,864691136239793212,test,NglFam,NglFam,4.031601,9.492812,5.141718
8515,864691135739131780,train,MartFam,MartFam,4.719432,5.5785747,4.4757996
568,864691135339088102,test,L4IT,pyramidal,7.733499,7.2684174,2.7881
1010,864691136137064075,train,BipFam,BipFam,6.619528,9.647138,3.756033
126,864691135742677867,train,BipFam,BipFam,3.1060708,6.0801563,2.4924297
1460,864691136118878116,train,MartFam,MartFam,5.7514033,4.8376346,1.1577405
152,864691135732578745,train,L3IT,pyramidal,6.725324,7.271128,1.8953307
253,864691135782241616,test,L3IT,pyramidal,4.411626,8.555883,4.2121315
439,864691135778618029,train,BipFam,BipFam,4.834719,6.558317,2.953871
1664,864691136145537844,train,BipFam,BipFam,3.004846,6.8483357,2.539661
1225,864691135685030130,train,thalamocortical,thalamocortical,4.8700247,7.730667,2.1564903
5120,864691136268801012,test,BasketFam,BasketFam,2.124603,7.0917807,5.585469
2863,864691135343601093,train,BasketFam,BasketFam,2.253925,6.443682,4.925918
1774,864691136925008100,train,BipFam,BipFam,1.8032163,5.275066,2.4945655
639,864691135106309709,train,NglFam,NglFam,6.794255,9.50756,2.3531342
1537,864691135113360025,test,BasketFam,BasketFam,7.2919464,9.7462,3.2169716
2204,864691137199860033,test,BasketFam,BasketFam,4.0708838,6.734422,1.430363
397,864691136012173475,test,BipFam,BipFam,5.818424,5.566081,2.671951
1044,864691135783317840,train,thalamocortical,thalamocortical,2.5361347,8.067161,3.9817452
667,864691135106309709,train,NglFam,NglFam,7.2068324,9.978535,2.5454001
695,864691136137064075,train,BipFam,BipFam,2.0552616,7.816211,5.9413004
2859,864691135686540471,train,BasketFam,BasketFam,1.2765505,5.910947,4.845024
3816,864691136620192653,train,MartFam,MartFam,4.255306,8.0884905,2.334163
62,864691134887444986,test,NglFam,NglFam,7.1021695,5.14912,2.2947755
2846,864691135875414414,train,BasketFam,BasketFam,3.1176226,5.6149135,5.9947586
2459,864691135772774651,test,MartFam,MartFam,5.88293,4.251313,1.5572422
1265,864691135562950369,train,BipFam,BipFam,3.520065,6.9881067,3.763681
3756,864691136211068860,train,BasketFam,BasketFam,2.2371416,7.189168,5.4783063
1657,864691135940881830,train,MartFam,MartFam,5.976497,5.07295,2.2916405
5048,864691136138622333,train,BasketFam,BasketFam,1.0735173,5.3382974,5.3141613
88,864691136228538961,train,L5IT,pyramidal,7.1647134,5.320728,2.4015038
4988,864691136007059658,test,BipFam,BipFam,6.9605975,5.3204036,2.3507984
3221,864691135499752723,train,BasketFam,BasketFam,2.2839677,5.1769133,6.180102
1023,864691135997140906,train,BipFam,BipFam,6.2829585,7.9408426,2.8201764
3333,864691136288755395,train,thalamocortical,thalamocortical,1.3902478,6.686733,2.513915
101,864691136239793212,test,NglFam,NglFam,5.7718234,7.5640426,4.6007323
785,864691136007059658,test,BipFam,BipFam,6.56834,9.490532,2.1234212
1287,864691135387277397,test,thalamocortical,thalamocortical,3.090853,7.013735,2.3712792
638,864691136273370302,train,NglFam,NglFam,6.370942,9.000719,3.6775033
1234,864691135274708753,train,BasketFam,BasketFam,1.7546915,5.6938796,4.39148
406,864691134887444986,test,NglFam,NglFam,3.2676325,5.144901,2.8560848
1914,864691135941898918,train,MartFam,MartFam,6.012412,5.9358077,1.6478242
391,864691136391024144,train,NglFam,NglFam,4.777155,4.115014,1.048237
2757,864691135499624723,train,BasketFam,BasketFam,3.1779225,6.73876,4.9475694
2164,864691135783317840,train,thalamocortical,thalamocortical,1.741771,6.3803535,4.174611
153,864691136145572404,train,BipFam,BipFam,2.6158555,7.7951217,3.9664109
4087,864691136118878116,train,MartFam,MartFam,3.33766,5.1142306,3.1683855
819,864691135503782210,test,BipFam,BipFam,4.1094313,9.543322,5.133082
4909,864691136311213914,test,BasketFam,BasketFam,4.5684667,7.06535,1.0491207
1597,864691135343601093,train,BasketFam,BasketFam,2.262823,7.2041464,5.462874
4459,864691135571356038,test,MartFam,MartFam,7.1124387,5.45267,2.3316772
3572,864691135779780797,test,MartFam,MartFam,3.6818876,4.6382337,1.074106
440,864691135689555680,train,NglFam,NglFam,4.7012196,5.205647,2.150078
495,864691135810308125,train,L2IT,pyramidal,7.438285,8.204377,2.9400465
2265,864691135477104960,train,thalamocortical,thalamocortical,3.0764313,7.0380116,0.9688316
1078,864691136390677264,test,BasketFam,BasketFam,3.8480139,6.8502526,5.8476095
691,864691135689555680,train,NglFam,NglFam,2.4795296,7.9133763,2.87626
17,864691135659538306,train,thalamocortical,thalamocortical,7.643402,5.8190827,2.879837
318,864691136364166370,train,BipFam,BipFam,4.0058804,6.871941,1.1498544
173,864691135840033171,train,NglFam,NglFam,6.306278,7.7300773,1.3755534
33,864691135693735103,train,NglFam,NglFam,6.8538904,8.111735,4.508055
5509,864691135464991645,train,thalamocortical,thalamocortical,2.4588225,6.5935316,2.3823345
11834,864691135858282030,train,MartFam,MartFam,1.4917024,6.400372,2.5398235
273,864691135106309709,train,NglFam,NglFam,6.444726,9.040972,2.932196
7571,864691135196475434,train,MartFam,MartFam,1.7706406,5.758594,2.4009836
1530,864691136372954248,test,NglFam,NglFam,7.452331,5.5253873,3.2180648
2261,864691136311213914,test,BasketFam,BasketFam,4.1682644,5.5067935,5.1777663
2001,864691135782873936,test,thalamocortical,thalamocortical,1.8378344,6.9928327,2.811395
2473,864691135858363694,train,BasketFam,BasketFam,1.711981,5.379683,5.9504566
163,864691135778132576,train,L5IT,pyramidal,6.7290096,7.3951187,2.4672472
670,864691135595810859,train,BasketFam,BasketFam,1.1089414,5.8097844,5.2512674
845,864691135398762529,train,BipFam,BipFam,4.435679,6.4274426,0.8968942
16,864691135398762529,train,BipFam,BipFam,5.9062,8.344619,1.7787308
2370,864691136053350131,test,thalamocortical,thalamocortical,4.121167,5.771035,4.335004
513,864691135867532933,train,L6IT,pyramidal,7.168179,9.546886,3.3909214
20,864691135726340523,train,L6IT,pyramidal,6.992078,9.763376,3.3608866
3371,864691135941898918,train,MartFam,MartFam,2.8900557,4.9748516,5.1930985
1853,864691136312076122,train,MartFam,MartFam,6.468947,8.307736,1.1668869
117,864691136091074615,train,L4IT,pyramidal,4.8119526,7.078502,4.074289
122,864691136010650796,train,BipFam,BipFam,3.3376951,5.237413,5.763657
15,864691136118294692,train,thalamocortical,thalamocortical,2.6254206,6.918678,0.8905878
2567,864691135997140906,train,BipFam,BipFam,6.9500356,8.97374,2.1078
994,864691135783317840,train,thalamocortical,thalamocortical,4.4918437,8.405837,3.889535
317,864691135106309709,train,NglFam,NglFam,5.081129,8.9073715,4.034974
453,864691135566902039,train,BipFam,BipFam,5.5117836,6.714827,1.1009178
438,864691135511861968,test,MartFam,MartFam,2.70803,5.154808,2.80002
1887,864691135685030130,train,thalamocortical,thalamocortical,3.846161,6.462885,1.6885438
5329,864691135853090503,test,BasketFam,BasketFam,2.4159024,6.874352,4.7796283
1848,864691135106209101,train,BasketFam,BasketFam,2.7990625,5.0625014,4.9316726
212,864691135309733190,train,NglFam,NglFam,7.5276585,3.9877653,2.5821602
2724,864691135997140906,train,BipFam,BipFam,6.6562257,7.116103,2.570897
6032,864691135725779883,train,BasketFam,BasketFam,4.779254,8.84166,4.371204
3017,864691136311213914,test,BasketFam,BasketFam,2.4936512,4.6937394,6.1972346
4255,864691135210443897,train,BasketFam,BasketFam,2.6462467,6.871895,4.899087
2455,864691136620192653,train,MartFam,MartFam,5.829881,7.309785,1.8986521
9337,864691136011485614,test,BasketFam,BasketFam,1.4541214,6.3325253,5.510999
1143,864691135782873936,test,thalamocortical,thalamocortical,2.4448426,8.243898,3.1684399
311,864691136524282001,train,NglFam,NglFam,5.1088405,5.267217,2.336867
3593,864691136118878116,train,MartFam,MartFam,4.241138,4.8294163,0.35082456
1592,864691136580010516,test,MartFam,MartFam,2.492044,4.7636847,1.45749
184,864691136335689907,train,L4IT,pyramidal,4.5858803,9.547889,4.785246
277,864691136273370302,train,NglFam,NglFam,6.551616,8.30032,2.578768
1155,864691135387277397,test,thalamocortical,thalamocortical,5.3890743,8.678213,4.0798674
3784,864691135569282284,train,MartFam,MartFam,4.502147,4.0197196,0.84042424
285,864691135742824555,train,BipFam,BipFam,5.0283394,8.1064415,3.254843
375,864691136239793212,test,NglFam,NglFam,3.8959682,9.462213,5.186183
12745,864691135779780797,test,MartFam,MartFam,2.8479779,4.239015,0.7548137
7370,864691135464991645,train,thalamocortical,thalamocortical,3.75104,8.619155,4.378876
332,864691136273370302,train,NglFam,NglFam,6.8358316,9.650505,2.6541827
858,864691135389004929,train,BasketFam,BasketFam,2.3803194,7.584065,5.6423435
1189,864691136118430628,train,BipFam,BipFam,6.534511,7.5343137,1.5273182
802,864691135351159255,train,thalamocortical,thalamocortical,5.527706,8.790836,2.4657352
22,864691136372954248,test,NglFam,NglFam,4.739557,7.385689,1.8900868
182,864691135274860561,train,L4IT,pyramidal,3.5492423,8.957196,4.865328
596,864691135388984961,train,BasketFam,BasketFam,2.3844147,7.6822095,5.5939655
31,864691135398762529,train,BipFam,BipFam,5.1599913,6.234045,1.1602541
933,864691135941829121,test,BasketFam,BasketFam,1.8919367,7.3092523,5.6136765
307,864691136118882468,train,BasketFam,BasketFam,6.882491,7.2039137,3.6656675
92,864691135990564864,train,NglFam,NglFam,7.343762,3.6423984,2.0778036
565,864691136138622333,train,BasketFam,BasketFam,1.1040765,5.4457736,5.2994885
6606,864691136914542577,train,MartFam,MartFam,4.499498,5.258824,3.5979104
741,864691136372954248,test,NglFam,NglFam,3.8246524,5.098079,2.0602696
7936,864691135456535658,train,MartFam,MartFam,2.440706,4.7443995,1.6757779
765,864691135448811860,train,BasketFam,BasketFam,3.5802202,5.943025,6.1328998
1735,864691136053350131,test,thalamocortical,thalamocortical,4.6645904,6.838469,0.69229394
276,864691136991606421,train,L4IT,pyramidal,4.7301874,6.255207,2.596487
404,864691136273370302,train,NglFam,NglFam,6.929114,9.692667,1.6856527
396,864691136239793212,test,NglFam,NglFam,7.187036,9.8983555,2.2046292
298,864691135783317840,train,thalamocortical,thalamocortical,4.33236,7.340668,3.436934
159,864691136524282001,train,NglFam,NglFam,7.146424,4.9078145,2.6816673
2373,864691135294194358,train,thalamocortical,thalamocortical,3.3140032,6.6524897,5.842614
1266,864691135858363694,train,BasketFam,BasketFam,1.3919907,6.7470913,3.9923735
8574,864691136390905207,train,MartFam,MartFam,2.680642,4.8843036,1.9224128
109,864691135878061395,train,L5IT,pyramidal,3.3041143,8.948305,5.2653785
1417,864691135447979922,train,BipFam,BipFam,7.1394577,5.3498673,2.2914147
377,864691135783317840,train,thalamocortical,thalamocortical,3.821156,7.040148,0.6966781
216,864691136372954248,test,NglFam,NglFam,3.0439746,6.173342,2.486612
1665,864691136195284556,train,MartFam,MartFam,7.6001663,8.702024,2.4575188
89,864691135235206489,train,MartFam,MartFam,3.213082,4.340687,0.95702296
4085,864691135477104960,train,thalamocortical,thalamocortical,3.467453,8.249733,4.219116
11,864691135782330192,train,L6CT,pyramidal,5.3062234,8.970953,4.738288
5940,864691136312445786,train,BasketFam,BasketFam,2.3838139,5.868513,5.371066
597,864691135468948364,train,L3IT,pyramidal,6.8524704,7.976248,1.6646159
3513,864691136067404440,test,MartFam,MartFam,2.2397122,4.9967732,2.3079429
309,864691135810495005,train,BasketFam,BasketFam,3.234701,5.8863034,5.708184
4055,864691136067404440,test,MartFam,MartFam,1.9977839,6.5586534,2.8487263
751,864691136372954248,test,NglFam,NglFam,2.2478302,5.036983,2.270989
308,864691136742921308,test,BasketFam,BasketFam,4.0237584,6.32263,5.506436
825,864691135778081453,train,thalamocortical,thalamocortical,5.099522,8.5205965,3.5848584
4681,864691135470255698,train,thalamocortical,thalamocortical,2.0125585,4.8883567,2.6774218
1432,864691136007059658,test,BipFam,BipFam,3.321507,7.974716,3.70788
1457,864691136118294692,train,thalamocortical,thalamocortical,2.4047072,6.911298,3.2129996
2447,864691135584068717,train,BasketFam,BasketFam,2.7800007,5.4964843,5.95646
1779,864691135659538306,train,thalamocortical,thalamocortical,3.0718935,7.4812555,3.3246324
2581,864691135741889940,train,BasketFam,BasketFam,0.9155826,6.094685,4.6899095
388,864691135764890678,train,MartFam,MartFam,4.592694,7.3783555,1.5473249
1025,864691135447979922,train,BipFam,BipFam,5.372171,5.786355,0.8887358
2462,864691136523971473,train,BipFam,BipFam,4.0179057,5.036869,2.4705675
845,864691135571546917,train,MartFam,MartFam,2.1370783,6.479201,2.8357885
3455,864691135325426076,train,MartFam,MartFam,6.504848,7.139707,1.6806575
120,864691136927187786,test,L5IT,pyramidal,6.453684,7.650437,3.3853128
552,864691137022180974,test,MartFam,MartFam,2.169042,6.533243,2.1422646
2722,864691136523971473,train,BipFam,BipFam,7.244423,7.6413183,3.2605298
1962,864691135258628527,test,BasketFam,BasketFam,2.0877721,6.8262424,4.489862
901,864691135689555680,train,NglFam,NglFam,4.5017705,4.8730145,2.2111828
359,864691136040742142,test,BasketFam,BasketFam,2.7888274,5.235602,6.0539823
9235,864691136118878116,train,MartFam,MartFam,3.5955064,5.689635,1.8983544
426,864691135346685855,train,L4IT,pyramidal,6.7634516,7.3040247,4.302447
2,864691135763549238,train,L6IT,pyramidal,2.0707588,6.730863,4.5962634
5494,864691136033871035,train,thalamocortical,thalamocortical,2.7560785,7.094828,1.0978585
3613,864691135566979927,train,MartFam,MartFam,4.3282185,5.454556,1.563062
977,864691135592837899,train,BasketFam,BasketFam,1.4271281,6.383535,5.495946
49,864691135336840425,train,BasketFam,BasketFam,1.9136602,7.285288,5.815328
298,864691136025992761,train,BipFam,BipFam,5.1065116,8.329217,3.8754528
734,864691135477104960,train,thalamocortical,thalamocortical,4.174277,5.501846,1.726089
795,864691135106309709,train,NglFam,NglFam,7.205029,9.811337,2.5174575
2739,864691136438216350,train,BasketFam,BasketFam,1.9531356,4.6486554,6.017519
3847,864691135569282284,train,MartFam,MartFam,4.2003107,5.9439116,1.6042804
438,864691135293096118,train,NglFam,NglFam,2.1555743,5.7474546,1.7630817
251,864691136390905207,train,MartFam,MartFam,5.9517155,6.8000913,3.6013153
769,864691136107486169,train,L4IT,pyramidal,6.5113277,7.8629103,2.5816398
49,864691136239793212,test,NglFam,NglFam,5.8513155,8.985688,4.4427485
1361,864691136580010516,test,MartFam,MartFam,2.3134747,5.232198,1.4819403
169,864691135954940424,train,BipFam,BipFam,4.910319,7.4585505,2.0269866
1437,864691136484883756,train,BasketFam,BasketFam,5.71474,7.8013,4.8089395
441,864691135640672571,train,L4IT,pyramidal,4.6757183,6.2634516,2.7158647
7724,864691135774221643,train,MartFam,MartFam,3.3869894,5.0874286,3.1988244
298,864691136108370905,train,BipFam,BipFam,7.2457643,6.502052,2.7141244
1340,864691135726140843,train,L3IT,pyramidal,6.7757783,8.501591,3.4158127
467,864691136523971473,train,BipFam,BipFam,2.6865685,8.368318,3.1012084
10715,864691135271967397,train,MartFam,MartFam,2.386898,6.8601127,2.4296043
247,864691135742824555,train,BipFam,BipFam,4.080003,6.3175516,2.0281653
2760,864691136288755395,train,thalamocortical,thalamocortical,4.5703773,7.966808,2.0591624
83,864691135309733190,train,NglFam,NglFam,7.178394,3.64865,2.4279544
1309,864691136137168779,train,BipFam,BipFam,3.9439523,5.840161,2.2135606
7798,864691135720572977,train,MartFam,MartFam,2.162147,4.6075015,6.0678563
4678,864691135778081453,train,thalamocortical,thalamocortical,3.19956,6.6723194,1.4500797
4707,864691135464991645,train,thalamocortical,thalamocortical,4.2027745,7.030242,2.2314572
472,864691136086632812,train,NglFam,NglFam,7.038156,8.705597,2.7475054
1565,864691135343506885,train,BipFam,BipFam,7.093624,7.829769,4.146433
348,864691135132887456,test,NglFam,NglFam,7.5216217,4.1751432,2.8198175
386,864691135387535957,train,L4IT,pyramidal,6.3853188,7.0729976,4.692105
1829,864691135281109665,train,BasketFam,BasketFam,2.852791,5.049211,6.071461
298,864691136372954248,test,NglFam,NglFam,4.72379,5.5202947,1.0590805
1904,864691135478434216,train,BasketFam,BasketFam,2.4302695,5.943257,2.921059
1005,864691135478334888,train,BasketFam,BasketFam,2.9391735,5.637734,6.708306
503,864691135132887456,test,NglFam,NglFam,3.6195247,4.437953,2.3353004
520,864691135689555680,train,NglFam,NglFam,4.942102,6.3673997,2.925797
189,864691136372954248,test,NglFam,NglFam,2.3460693,5.43755,2.1325378
2495,864691135369668089,train,BasketFam,BasketFam,3.8923264,6.527743,5.8056426
1686,864691136925008100,train,BipFam,BipFam,3.3323717,5.021751,3.221152
1262,864691136137064075,train,BipFam,BipFam,4.1892166,7.965938,2.1615586
5202,864691135456535658,train,MartFam,MartFam,3.646038,4.366814,0.7060618
667,864691135215078712,train,BipFam,BipFam,6.1732426,6.6749125,1.269447
1332,864691135431441968,train,thalamocortical,thalamocortical,2.9637427,7.28255,3.2849598
1255,864691135783317840,train,thalamocortical,thalamocortical,2.4708753,7.2354174,1.2711134
820,864691135593133067,train,L4IT,pyramidal,6.371791,7.759131,2.1950939
1017,864691136011458734,test,BasketFam,BasketFam,1.6046251,5.314534,5.128276
1751,864691135470255698,train,thalamocortical,thalamocortical,2.2562847,6.3789725,2.5153792
477,864691136273370302,train,NglFam,NglFam,7.423482,9.4073925,3.559932
264,864691136452920319,train,BasketFam,BasketFam,1.5020319,6.175465,4.646496
1103,864691135384716762,train,MartFam,MartFam,2.2566187,6.3119497,1.7869581
2753,864691135346954143,train,MartFam,MartFam,2.3620193,6.251227,2.281024
2880,864691135891690121,train,BasketFam,BasketFam,3.135034,8.325793,4.4777226
338,864691135689555680,train,NglFam,NglFam,2.0588057,6.018403,1.9429773
563,864691135970210661,train,L5IT,pyramidal,4.765207,9.234181,4.1592464
19,864691135997428394,test,thalamocortical,thalamocortical,3.5687237,6.3333535,0.8593179
1031,864691135387277397,test,thalamocortical,thalamocortical,6.243936,6.5418773,1.3915186
659,864691136108370905,train,BipFam,BipFam,4.922327,6.2232385,1.227922
115,864691137199828801,train,L5IT,pyramidal,6.385463,7.384848,2.3224568
435,864691135689555680,train,NglFam,NglFam,7.0121202,3.99099,2.3343973
619,864691135689555680,train,NglFam,NglFam,7.172636,4.896283,2.91239
3039,864691135492888039,test,BasketFam,BasketFam,3.3576455,6.619714,5.924731
1686,864691135778081453,train,thalamocortical,thalamocortical,2.8426669,6.6125007,2.2293947
1606,864691135892233097,train,BasketFam,BasketFam,3.3758295,5.1917787,5.9858694
5425,864691135703016059,train,MartFam,MartFam,2.119569,5.132807,1.9050775
1014,864691135060784027,test,thalamocortical,thalamocortical,2.6349533,7.315955,1.4695699
63,864691136903387826,train,MartFam,MartFam,5.0324273,4.7966833,0.48156044
452,864691135755707597,train,BipFam,BipFam,5.442829,4.4289265,1.4184167
562,864691136138335101,train,L6IT,pyramidal,7.597731,9.873523,3.3241272
11,864691136313406781,test,L4IT,pyramidal,3.3947155,6.9503493,2.2177868
60,864691135716679194,train,L6CT,pyramidal,4.285374,8.955632,4.286563
566,864691136445062787,test,L4IT,pyramidal,7.3588934,7.884334,3.1255713
606,864691135694264511,train,L4IT,pyramidal,3.16597,7.624545,3.6522336
93,864691135689555680,train,NglFam,NglFam,5.2986736,4.373303,1.4532013
1231,864691136137168779,train,BipFam,BipFam,2.73181,4.9885726,2.7652693
221,864691135996104618,train,BasketFam,BasketFam,3.8840427,6.7695494,6.3994327
494,864691135570301676,test,L4IT,pyramidal,4.4500628,8.346151,4.0150504
102,864691136336204979,train,NglFam,NglFam,7.5808644,3.6932836,2.4273095
4363,864691135477104960,train,thalamocortical,thalamocortical,4.229037,5.587976,1.6903585
2144,864691135561699041,train,MartFam,MartFam,2.7671843,6.142371,2.542755
150,864691135293096118,train,NglFam,NglFam,4.5197954,7.674091,3.0424824
77,864691135511324169,train,BipFam,BipFam,7.096265,6.470854,3.0484157
2705,864691136905941426,train,BasketFam,BasketFam,2.4638803,5.0813994,6.2305303
48,864691135369087481,train,L6CT,pyramidal,4.677515,7.7899284,1.8296338
2562,864691135398746401,train,MartFam,MartFam,2.1472864,5.125956,1.9554251
1580,864691135470255698,train,thalamocortical,thalamocortical,4.3044553,6.6552205,1.067848
137,864691136273370302,train,NglFam,NglFam,6.2020493,7.111049,4.6598477
84,864691136372954248,test,NglFam,NglFam,3.7821677,6.8655167,2.6483688
22,864691136524282001,train,NglFam,NglFam,5.269078,4.377204,2.0110888
1544,864691136925825354,test,BasketFam,BasketFam,4.527101,9.348766,4.943635
610,864691135015437462,test,BasketFam,BasketFam,2.3932223,4.6826715,6.26539
547,864691135662802416,train,L4IT,pyramidal,6.477033,7.275482,4.275426
265,864691136580010516,test,MartFam,MartFam,2.5269432,7.487605,3.7223763
295,864691136298045979,test,L5IT,pyramidal,5.9392114,8.447334,3.3023343
2924,864691135235206489,train,MartFam,MartFam,2.8699627,4.8282847,2.2159202
17,864691135686399415,train,BipFam,BipFam,5.867879,6.0001855,1.4957873
1251,864691136372954248,test,NglFam,NglFam,2.3067482,6.912074,2.3400347
2686,864691135571440006,train,MartFam,MartFam,7.276547,6.32836,2.8953204
615,864691136372954248,test,NglFam,NglFam,4.020031,5.9417114,1.5186042
340,864691135742668395,train,MartFam,MartFam,6.428356,7.7174416,1.6481974
7086,864691135271967397,train,MartFam,MartFam,1.1742396,6.556947,3.566294
5013,864691135271970725,train,BasketFam,BasketFam,2.0062046,6.4012275,4.6348825
124,864691136314178365,train,BipFam,BipFam,7.3158317,5.0114303,3.1896265
1139,864691135341516741,test,MartFam,MartFam,6.155667,4.4290395,1.7843444
517,864691135810098717,test,BasketFam,BasketFam,2.5815501,7.766107,5.584647
4,864691136239793212,test,NglFam,NglFam,6.888495,9.0158205,1.8515041
97,864691136372954248,test,NglFam,NglFam,2.767219,6.5211196,3.303019
50,864691135305383591,train,NglFam,NglFam,7.1200237,3.9679077,3.0456915
250,864691136273370302,train,NglFam,NglFam,6.0476203,8.388057,4.9873705
2432,864691136489623826,train,BasketFam,BasketFam,2.1076908,5.434311,5.014084
1781,864691135571546917,train,MartFam,MartFam,2.3062088,5.348162,1.563416
206,864691136119885080,train,L3IT,pyramidal,7.4559197,9.401628,3.5234096
4235,864691135499616019,train,BasketFam,BasketFam,1.3071407,6.9562063,5.0548143
2129,864691135954480163,train,MartFam,MartFam,2.4871974,4.9814715,2.2126462
4023,864691135464991645,train,thalamocortical,thalamocortical,2.41927,6.822562,3.4898415
217,864691135778290109,train,BasketFam,BasketFam,3.7844832,6.442418,5.910875
110,864691135305383591,train,NglFam,NglFam,6.1875668,4.999062,2.720452
84,864691135305383591,train,NglFam,NglFam,7.3900604,5.3874164,3.2715755
1631,864691135343506885,train,BipFam,BipFam,4.1745462,7.5952945,3.8096163
42,864691135293096118,train,NglFam,NglFam,3.9364214,9.220439,4.295348
43,864691135778773856,train,BipFam,BipFam,6.4147916,8.755999,4.127713
580,864691135503782210,test,BipFam,BipFam,4.32773,9.203832,4.7292666
665,864691135405337326,test,L3IT,pyramidal,5.98865,7.6103234,2.2513473
5155,864691136298913563,train,MartFam,MartFam,2.1407607,5.5066495,2.5901744
1084,864691134989909114,test,MartFam,MartFam,6.366554,3.8847468,2.1034849
1831,864691135584019053,test,MartFam,MartFam,3.2562165,4.3425164,1.9551895
459,864691136137210507,train,BipFam,BipFam,3.9187768,6.5442924,3.7911022
349,864691135303514791,train,NglFam,NglFam,7.1435337,3.4319704,2.4284353
80,864691135954680867,train,L4IT,pyramidal,6.0681224,7.1200857,2.7526872
4629,864691136288755395,train,thalamocortical,thalamocortical,1.2109435,6.6094832,2.4691958
339,864691134887444986,test,NglFam,NglFam,4.3099446,5.511643,1.9782284
356,864691136380266965,train,L4IT,pyramidal,7.133007,8.173633,3.0763962
2902,864691135782873936,test,thalamocortical,thalamocortical,2.3732936,8.375643,4.2157927
3209,864691135470255698,train,thalamocortical,thalamocortical,3.875256,7.238368,1.1345378
987,864691136913135089,train,MartFam,MartFam,3.2635734,6.8395104,4.5444484
519,864691135386963541,train,L4IT,pyramidal,6.1482368,8.547143,2.910453
622,864691136905560754,train,L5IT,pyramidal,7.1787467,9.1714115,3.951937
524,864691135810297885,train,BipFam,BipFam,7.550604,9.625383,2.874327
3300,864691135772774651,test,MartFam,MartFam,3.425927,4.416337,0.74427164
3674,864691135641196091,train,MartFam,MartFam,2.2253876,7.6590104,5.7735868
3696,864691136053350131,test,thalamocortical,thalamocortical,1.0903342,6.797935,2.9281938
501,864691136425073455,train,L5IT,pyramidal,7.030405,8.934423,1.8076899
980,864691135106309709,train,NglFam,NglFam,7.5390644,9.814564,2.5131006
257,864691136227297105,train,MartFam,MartFam,6.1934505,6.9790106,4.6880274
1501,864691135431441968,train,thalamocortical,thalamocortical,2.788737,8.666403,4.2337193
4462,864691135997140906,train,BipFam,BipFam,6.231949,6.998282,1.801572
2720,864691136034412219,train,MartFam,MartFam,6.281237,4.250584,2.6110353
949,864691136288755395,train,thalamocortical,thalamocortical,2.6831975,7.0571218,1.9504923
158,864691135593133067,train,L4IT,pyramidal,5.8384776,6.757625,2.9139802
6997,864691136312076122,train,MartFam,MartFam,6.5918984,7.815198,1.8107713
2904,864691136145494068,train,BasketFam,BasketFam,1.8545204,5.015855,5.7606416
976,864691135741998484,train,L4IT,pyramidal,5.617304,6.977063,2.0215666
571,864691135124209447,train,L6IT,pyramidal,4.9682794,6.8020353,1.9509588
1393,864691135341516741,test,MartFam,MartFam,6.9040823,3.2420156,2.2028537
477,864691135755605197,train,thalamocortical,thalamocortical,0.8771704,7.1190863,2.8376741
642,864691135446065810,train,MartFam,MartFam,3.4677575,4.206917,1.9530466
2431,864691135384716762,train,MartFam,MartFam,1.6899914,5.296912,2.3422916
193,864691135689555680,train,NglFam,NglFam,5.361569,6.5527143,2.60063
2180,864691135997428394,test,thalamocortical,thalamocortical,2.7078416,7.2620473,1.4341239
2524,864691136925008100,train,BipFam,BipFam,2.2977452,8.003788,2.4749851
799,864691136273370302,train,NglFam,NglFam,4.3547907,9.543022,5.0403557
7069,864691136007059658,test,BipFam,BipFam,5.062531,5.741416,1.301561
210,864691135989836288,train,L2IT,pyramidal,6.798644,7.2435136,2.3557227
4896,864691135470255698,train,thalamocortical,thalamocortical,1.9237862,7.04178,2.844791
993,864691135477104960,train,thalamocortical,thalamocortical,1.6229777,6.617146,2.2660766
3156,864691136123919654,train,BasketFam,BasketFam,3.0204225,5.774518,6.7450156
575,864691135774221643,train,MartFam,MartFam,3.5736015,8.111394,2.6012657
28,864691135309733190,train,NglFam,NglFam,6.876364,4.4733686,3.1332855
84,864691135214970752,train,BipFam,BipFam,7.2385345,8.186854,2.8908143
3269,864691135446065810,train,MartFam,MartFam,1.5855721,5.6969185,4.0054393
4124,864691135477104960,train,thalamocortical,thalamocortical,6.596822,3.308807,1.9910755
26,864691136229366097,test,BasketFam,BasketFam,1.2670723,5.9503474,5.3823195
426,864691136145572404,train,BipFam,BipFam,2.7070389,8.00585,4.088382
1873,864691135778081453,train,thalamocortical,thalamocortical,2.115107,7.740649,3.689839
1362,864691135971464805,train,BasketFam,BasketFam,2.5500355,5.2912593,6.495706
14,864691136034199739,train,BipFam,BipFam,7.4015374,8.652707,3.2862368
2721,864691135928029966,train,thalamocortical,thalamocortical,2.3958077,6.6111355,2.7734325
32,864691135809568029,train,L4IT,pyramidal,5.524958,8.504379,3.8603005
7422,864691135477104960,train,thalamocortical,thalamocortical,4.3877425,5.6368885,1.6878837
95,864691135504315317,test,L3IT,pyramidal,4.7322736,7.7009006,3.0912626
184,864691135303514791,train,NglFam,NglFam,6.0544333,6.044145,2.2389302
1372,864691136487168530,train,MartFam,MartFam,7.1361628,8.991716,3.0255864
276,864691135369651193,train,BipFam,BipFam,2.7492766,5.8417215,2.8014264
168,864691135742895723,test,BipFam,BipFam,2.5767198,7.1498184,3.5831695
2907,864691135477104960,train,thalamocortical,thalamocortical,1.9912708,6.450072,2.2642639
91,864691135689417440,train,L5IT,pyramidal,4.8392806,8.91093,4.3032355
4088,864691135939776309,train,MartFam,MartFam,4.3498645,4.8951216,0.7304794
3211,864691135499765267,train,MartFam,MartFam,2.8500402,4.4862103,2.1132202
1940,864691135384716762,train,MartFam,MartFam,2.3070312,5.0263205,1.4344422
989,864691136372954248,test,NglFam,NglFam,4.364123,5.2477,2.463782
2342,864691135464991645,train,thalamocortical,thalamocortical,2.8539672,7.3214993,3.6846304
765,864691135442591048,train,BasketFam,BasketFam,2.830332,8.595591,5.612782
964,864691136120658712,test,L2IT,pyramidal,6.8914843,8.659909,1.8850963
349,864691136372954248,test,NglFam,NglFam,4.501229,7.0232787,3.5975919
1681,864691136392682879,train,BasketFam,BasketFam,2.1875117,6.607237,5.648685
96,864691135502885954,train,L2IT,pyramidal,7.669244,7.677235,3.3118415
1314,864691136033871035,train,thalamocortical,thalamocortical,3.5410233,5.913967,1.8370777
747,864691136372954248,test,NglFam,NglFam,4.8904448,6.377311,1.5231273
291,864691135839932307,train,L2IT,pyramidal,6.8233547,8.128603,2.0824592
1505,864691136145572404,train,BipFam,BipFam,3.971832,6.328552,3.2245321
7124,864691135774221643,train,MartFam,MartFam,1.8103803,5.173218,2.4137228
2857,864691135592837899,train,BasketFam,BasketFam,2.136214,5.516819,5.4765654
6454,864691136914542577,train,MartFam,MartFam,2.7670658,4.3460364,0.9076081
1166,864691135431441968,train,thalamocortical,thalamocortical,2.7084708,6.080975,3.1188767
504,864691135015437462,test,BasketFam,BasketFam,3.5271733,5.9857244,4.5685835
13,864691135994134977,train,L4IT,pyramidal,5.938504,6.7168093,2.8963308
218,864691135584019053,test,MartFam,MartFam,2.1386344,5.6814933,1.8836833
226,864691136484948012,train,L2IT,pyramidal,4.2939024,9.099599,4.193729
449,864691136086632812,train,NglFam,NglFam,4.490662,5.616904,2.7561867
795,864691136034433723,train,MartFam,MartFam,7.5580544,3.7835736,2.1544561
84,864691135853198023,test,L5ET,pyramidal,4.490372,9.459797,4.6749544
2159,864691135990520064,train,BasketFam,BasketFam,2.5689297,4.8188853,6.0858564
1315,864691135741998484,train,L4IT,pyramidal,6.784666,9.543091,2.4811232
127,864691135810297885,train,BipFam,BipFam,7.6198244,9.6722355,3.0282967
853,864691135756844242,test,MartFam,MartFam,7.1253195,9.501951,3.3301506
2635,864691136905941426,train,BasketFam,BasketFam,1.961852,4.7401037,5.7082977
608,864691135742677867,train,BipFam,BipFam,4.7100563,7.778085,3.5947425
589,864691135886132080,test,L4IT,pyramidal,5.905244,6.767843,2.8931065
2827,864691135294194358,train,thalamocortical,thalamocortical,2.4762166,6.832695,2.7813773
268,864691135106309709,train,NglFam,NglFam,6.5001473,8.898609,2.9422703
2072,864691135778081453,train,thalamocortical,thalamocortical,2.88317,6.914419,1.1662174
1446,864691135920776624,train,MartFam,MartFam,7.3503313,5.116284,2.3713126
1005,864691135396940021,train,L4IT,pyramidal,6.7493534,8.022868,1.6603256
6972,864691135477104960,train,thalamocortical,thalamocortical,3.491768,8.083349,3.5012624
2420,864691135878586963,test,thalamocortical,thalamocortical,1.5029742,7.49142,2.3859081
212,864691135369651193,train,BipFam,BipFam,2.594114,5.509384,2.5656965
454,864691136086632812,train,NglFam,NglFam,6.126335,5.7865577,1.4418726
584,864691135993150913,train,L3IT,pyramidal,7.6579614,5.2355328,2.8609028
39,864691135885996912,train,BipFam,BipFam,5.8984914,5.5938277,1.3901932
683,864691135583352941,train,L4IT,pyramidal,7.297177,9.176748,3.3101447
1877,864691136011458734,test,BasketFam,BasketFam,1.9762173,6.467361,5.461312
935,864691136484732972,train,L4IT,pyramidal,6.3520837,7.3041124,1.5831691
1338,864691135464991645,train,thalamocortical,thalamocortical,5.587884,6.4159665,4.558367
4292,864691135756844242,test,MartFam,MartFam,6.860048,8.206634,2.9425292
3486,864691135518791818,train,BasketFam,BasketFam,2.0514789,7.955867,5.5857387
1632,864691135346954143,train,MartFam,MartFam,4.722479,6.9616556,1.4437325
1152,864691135562950369,train,BipFam,BipFam,4.5205584,7.027723,2.466624
1951,864691136966189518,test,MartFam,MartFam,7.7895074,7.513736,2.7073123
349,864691136086632812,train,NglFam,NglFam,5.1299567,6.4343233,1.6149853
1272,864691135997428394,test,thalamocortical,thalamocortical,1.3251786,5.7797065,5.0094495
1784,864691136314120765,train,BasketFam,BasketFam,1.9465327,5.374919,4.5409164
3219,864691135477104960,train,thalamocortical,thalamocortical,1.9707627,7.7312565,2.9896276
303,864691136012173475,test,BipFam,BipFam,7.164752,8.049667,2.704127
1460,864691134966249759,train,thalamocortical,thalamocortical,2.4509344,8.018762,3.7640798
858,864691136372954248,test,NglFam,NglFam,1.8806862,6.127401,2.727313
1484,864691136007059658,test,BipFam,BipFam,6.286463,6.3698373,3.8911538
955,864691135988742147,train,L4IT,pyramidal,4.609108,7.104374,0.7758435
1698,864691135398746401,train,MartFam,MartFam,6.9124055,3.915324,2.1856065
1155,864691136110765496,train,MartFam,MartFam,5.6271806,8.947695,3.0773726
186,864691135106309709,train,NglFam,NglFam,6.800617,9.869462,2.0137448
1036,864691135742895723,test,BipFam,BipFam,4.182656,7.7592354,2.341
7,864691136033332155,train,L4IT,pyramidal,5.5335402,7.705389,2.5700946
3556,864691135858282030,train,MartFam,MartFam,3.15857,4.5188293,1.3590531
2435,864691135119335645,train,thalamocortical,thalamocortical,5.2173176,7.9208417,2.006742
3995,864691136524014993,train,BasketFam,BasketFam,1.3323488,6.2662344,4.4488745
307,864691135431648048,train,L4IT,pyramidal,4.7556624,7.1497703,2.7019467
4385,864691136033871035,train,thalamocortical,thalamocortical,4.13744,6.417744,0.9706862
446,864691136814627955,train,L4IT,pyramidal,4.989567,6.837715,2.1192157
477,864691135595810859,train,BasketFam,BasketFam,0.89515096,6.2168736,4.4712543
374,864691135782873936,test,thalamocortical,thalamocortical,5.4232206,7.3008304,3.5338538
1240,864691135755605197,train,thalamocortical,thalamocortical,2.2549684,6.6037316,2.154175
1510,864691136120465944,train,thalamocortical,thalamocortical,4.116023,4.40755,2.1810129
16,864691135303514791,train,NglFam,NglFam,5.9245677,4.6075573,2.6569474
5527,864691135369668089,train,BasketFam,BasketFam,3.5177279,4.903658,6.0755687
485,864691135810297885,train,BipFam,BipFam,7.3141437,8.542517,3.6799314
354,864691136524282001,train,NglFam,NglFam,6.371083,4.0976844,2.4361022
735,864691136118430628,train,BipFam,BipFam,4.6539555,6.631877,0.9348375
1380,864691135492614239,train,MartFam,MartFam,7.8370337,5.3156815,2.4691653
4918,864691136138622333,train,BasketFam,BasketFam,2.379069,6.3796616,5.838865
510,864691135293096118,train,NglFam,NglFam,4.2882214,9.391262,3.8078701
158,864691135566155351,test,L5ET,pyramidal,5.618714,8.837637,4.863668
2241,864691135336840425,train,BasketFam,BasketFam,1.6648827,5.708708,4.7449617
3844,864691136392682879,train,BasketFam,BasketFam,3.2278726,6.6341367,5.7937818
201,864691135592283403,train,L6IT,pyramidal,7.2541842,9.637754,3.030444
703,864691135878586963,test,thalamocortical,thalamocortical,1.2772256,7.272291,2.481293
2271,864691136312076122,train,MartFam,MartFam,3.473769,4.281349,1.0101397
1179,864691135477104960,train,thalamocortical,thalamocortical,3.6042082,5.869314,2.0708432
312,864691136905758130,train,L4IT,pyramidal,4.402418,6.6935034,1.0848362
219,864691135431579440,train,BipFam,BipFam,6.6706743,6.9680066,1.5225544
196,864691135106309709,train,NglFam,NglFam,7.346138,9.98259,2.5406017
54,864691135853090503,test,BasketFam,BasketFam,1.925865,5.0556235,6.212164
1531,864691136372954248,test,NglFam,NglFam,3.4548168,6.5024633,2.5400717
45,864691134966621471,train,MartFam,MartFam,6.110225,5.455611,2.5421667
1420,864691136007059658,test,BipFam,BipFam,6.967771,4.4267836,2.5087292
2144,864691135928029966,train,thalamocortical,thalamocortical,4.5543427,6.283236,2.7109225
1131,864691136372954248,test,NglFam,NglFam,4.0875406,4.4324064,2.6482265
101,864691136091074615,train,L4IT,pyramidal,6.7246876,8.001189,4.230796
1763,864691136196932172,train,BasketFam,BasketFam,3.1794946,5.2671256,5.83024
2506,864691135858282030,train,MartFam,MartFam,3.4851272,5.7666984,1.6035231
3862,864691137056216950,train,MartFam,MartFam,3.3017495,4.488127,1.007519
2252,864691135941829121,test,BasketFam,BasketFam,1.5557495,7.348648,5.210095
3163,864691135478434216,train,BasketFam,BasketFam,2.4422035,4.724718,6.08679
390,864691135994804394,train,BipFam,BipFam,4.384694,9.616341,4.6561465
763,864691135774221643,train,MartFam,MartFam,4.2654915,5.9112554,2.2440484
115,864691136905941426,train,BasketFam,BasketFam,3.4380944,5.1540194,5.966249
349,864691136675427975,train,L5IT,pyramidal,4.284471,6.8548274,0.9299696
45,864691135119630813,test,BipFam,BipFam,6.878499,4.335244,2.521643
6073,864691135387529301,test,BasketFam,BasketFam,3.0428712,5.366664,5.6380534
19,864691136021592568,train,BasketFam,BasketFam,1.7019935,6.6997337,4.935991
694,864691136288752835,train,thalamocortical,thalamocortical,1.3867083,6.9858155,2.223899
2282,864691135465795653,train,BasketFam,BasketFam,2.147122,7.9092054,5.605822
662,864691136438372254,train,BipFam,BipFam,5.61134,6.37213,1.198126
571,864691136391024144,train,NglFam,NglFam,3.606742,4.5831485,2.1523087
6007,864691136007059658,test,BipFam,BipFam,5.195471,6.984131,3.9514804
9880,864691135346954143,train,MartFam,MartFam,2.619104,4.660265,1.5300205
1115,864691136523971473,train,BipFam,BipFam,6.2090945,7.3773184,1.2599807
4358,864691135595810859,train,BasketFam,BasketFam,1.5819794,6.665433,5.3587346
362,864691135303514791,train,NglFam,NglFam,6.0044503,6.4520836,2.310272
2839,864691135210178169,test,BasketFam,BasketFam,3.2212298,5.4767575,6.5185304
164,864691136363473634,test,L4IT,pyramidal,7.3047366,7.7640276,3.0834236
235,864691135693735103,train,NglFam,NglFam,6.134364,8.352952,5.013982
1042,864691135997140906,train,BipFam,BipFam,4.945963,7.8818026,3.552437
1635,864691136925008100,train,BipFam,BipFam,6.4666257,3.8634675,2.198796
8476,864691135271970725,train,BasketFam,BasketFam,1.7673626,6.5225406,5.198263
252,864691136330122730,train,L5IT,pyramidal,4.750721,9.339248,4.6813354
1040,864691135866821340,train,thalamocortical,thalamocortical,2.1509697,8.005332,4.089537
589,864691135783317840,train,thalamocortical,thalamocortical,3.7566254,7.268586,1.2408011
452,864691135689555680,train,NglFam,NglFam,7.379617,3.7687953,2.59581
409,864691135470860370,test,BipFam,BipFam,3.7362938,5.152699,1.1476696
366,864691135511861968,test,MartFam,MartFam,4.0442004,6.0898337,3.9107935
529,864691135293096118,train,NglFam,NglFam,1.9640615,7.8680305,2.7910454
985,864691136372954248,test,NglFam,NglFam,2.06161,6.574134,2.8725722
2473,864691135477104960,train,thalamocortical,thalamocortical,4.317681,6.5458355,0.75032383
4201,864691135210446457,train,MartFam,MartFam,4.1703386,4.765945,2.8209937
3925,864691135779780797,test,MartFam,MartFam,2.3796751,4.696248,1.5184644
2089,864691136966189518,test,MartFam,MartFam,3.1487617,5.168074,2.041431
950,864691135106309709,train,NglFam,NglFam,7.2112775,9.769505,2.5487607
73,864691136034487739,train,BasketFam,BasketFam,3.7270923,5.702923,5.960357
613,864691136925008100,train,BipFam,BipFam,3.9888031,7.4432797,1.9906263
866,864691135997428394,test,thalamocortical,thalamocortical,3.0812354,6.60463,1.0635958
1280,864691135878586963,test,thalamocortical,thalamocortical,4.4081087,7.03955,1.7617233
654,864691135573245165,train,BasketFam,BasketFam,4.7970133,5.3998613,4.5652466
4476,864691136390905207,train,MartFam,MartFam,6.6978574,9.420303,1.6055263
3337,864691135212863360,train,MartFam,MartFam,4.565518,4.005637,0.8785075
316,864691135343506885,train,BipFam,BipFam,5.2050257,4.901221,1.8216747
1853,864691135470255698,train,thalamocortical,thalamocortical,2.2616925,7.386988,2.5124865
282,864691135431579440,train,BipFam,BipFam,5.42019,7.769803,4.3169856
6192,864691136595955362,train,MartFam,MartFam,2.6515076,5.323285,1.8544644
2439,864691135817803599,test,BasketFam,BasketFam,2.8462906,4.635986,4.947853
2258,864691136053350131,test,thalamocortical,thalamocortical,2.0745006,6.180314,2.4993024
9152,864691135210446457,train,MartFam,MartFam,4.66934,6.2592487,2.8209896
58,864691135689555680,train,NglFam,NglFam,7.1369557,4.066659,2.3325057
470,864691135132887456,test,NglFam,NglFam,3.6444793,4.4429774,2.3438258
5551,864691136580010516,test,MartFam,MartFam,2.0269613,5.207722,1.8795058
3716,864691135499624723,train,BasketFam,BasketFam,2.0848763,5.2419043,5.255519
150,864691135782873936,test,thalamocortical,thalamocortical,3.5634425,7.823717,3.4947083
4105,864691135739131780,train,MartFam,MartFam,2.6718419,4.3188934,0.95365113
270,864691136108370905,train,BipFam,BipFam,4.8910894,9.172912,4.512243
262,864691135115194009,train,BipFam,BipFam,5.552138,7.4802375,4.4773316
5171,864691136288755395,train,thalamocortical,thalamocortical,4.2091813,6.194285,1.8405079
5323,864691135774221643,train,MartFam,MartFam,2.6833231,4.907361,1.141351
180,864691135361548615,train,L6IT,pyramidal,7.4877176,10.050554,3.1801965
358,864691135885996912,train,BipFam,BipFam,4.312145,6.566271,2.3781538
1207,864691136011733934,train,MartFam,MartFam,5.9292564,8.67924,3.6690295
511,864691135866821340,train,thalamocortical,thalamocortical,2.2667603,7.032662,1.3872534
422,864691135303514791,train,NglFam,NglFam,7.3866973,3.5437284,2.0778615
71,864691135518510218,train,NglFam,NglFam,7.3635993,5.10259,3.2459228
1970,864691136053350131,test,thalamocortical,thalamocortical,0.9004139,7.0407395,2.6855109
4049,864691135362357319,train,BasketFam,BasketFam,2.4257202,6.034381,4.538458
166,864691136524282001,train,NglFam,NglFam,4.3252435,4.796614,2.2103815
1764,864691135866821340,train,thalamocortical,thalamocortical,7.2038913,6.218494,2.5648952
200,864691134887444986,test,NglFam,NglFam,6.7781315,6.303899,2.3447852
1348,864691136372954248,test,NglFam,NglFam,5.590365,4.788221,1.2121751
3116,864691136196932172,train,BasketFam,BasketFam,1.5755286,5.508687,5.2421246
1988,864691135477104960,train,thalamocortical,thalamocortical,2.9386084,6.7638397,2.1294224
542,864691135271696549,test,L6IT,pyramidal,7.5587497,9.482486,2.6144245
182,864691135727686463,train,BipFam,BipFam,3.233686,6.670484,2.952232
1549,864691135997140906,train,BipFam,BipFam,6.697811,6.576845,1.9944978
391,864691135398762529,train,BipFam,BipFam,3.2531617,7.9062896,3.8126426
167,864691136026013497,train,BipFam,BipFam,5.55453,7.10029,1.3698118
1057,864691136312057178,train,BasketFam,BasketFam,2.6277738,5.149338,5.708362
1442,864691136372954248,test,NglFam,NglFam,4.0737576,5.8968096,1.6371367
499,864691136523472529,train,L4IT,pyramidal,6.509713,8.987929,3.1291602
373,864691136391024144,train,NglFam,NglFam,5.401242,6.3865523,0.883478
2244,864691136742921308,test,BasketFam,BasketFam,3.266396,5.5675244,6.4756374
3776,864691136288755395,train,thalamocortical,thalamocortical,1.2425607,6.732859,2.4571917
85,864691136336204979,train,NglFam,NglFam,7.603703,4.3478026,2.8475714
3022,864691135562001633,train,MartFam,MartFam,4.2196155,6.1752124,0.72639984
375,864691134887444986,test,NglFam,NglFam,4.336633,5.466946,1.553329
2615,864691135258628527,test,BasketFam,BasketFam,2.2505789,5.044206,6.3508587
2147,864691135309486662,train,BasketFam,BasketFam,1.9825981,4.9922285,6.1592774
253,864691135499821331,train,L4IT,pyramidal,6.706087,6.967707,1.9190782
818,864691134887444986,test,NglFam,NglFam,2.9581602,6.914268,3.5210297
247,864691135119335645,train,thalamocortical,thalamocortical,5.644502,6.3581624,1.7247906
3004,864691136392682879,train,BasketFam,BasketFam,3.0394812,6.2695546,6.226542
2472,864691135941898918,train,MartFam,MartFam,2.1390839,4.602974,5.8049583
5,864691135518510218,train,NglFam,NglFam,7.2192273,3.2524734,2.2178798
2119,864691135119636189,train,BasketFam,BasketFam,2.000422,7.5874677,5.8761697
7101,864691135839979667,train,MartFam,MartFam,1.4527553,5.3420906,2.029126
277,864691135778081453,train,thalamocortical,thalamocortical,2.3389196,8.217887,3.0875332
2464,864691135134565280,train,BasketFam,BasketFam,3.3465514,5.7641335,6.4215016
1484,864691135562950369,train,BipFam,BipFam,2.9213905,7.3378506,2.6991198
772,864691136012173475,test,BipFam,BipFam,6.902351,8.99588,4.158678
2812,864691136011549614,train,BipFam,BipFam,2.672362,8.164096,3.2397764
611,864691135779297981,train,L4IT,pyramidal,6.0697927,7.2595897,2.749059
2949,864691136007059658,test,BipFam,BipFam,4.0749526,4.7460437,2.0373788
681,864691135689015264,train,thalamocortical,thalamocortical,3.9404838,5.2215576,1.7517666
1000,864691135659538306,train,thalamocortical,thalamocortical,2.7805002,7.6654954,3.9134145
1048,864691135470255698,train,thalamocortical,thalamocortical,2.498949,7.208161,1.1192089
1528,864691135014276342,test,BasketFam,BasketFam,2.0876715,7.693942,5.874858
1502,864691136372954248,test,NglFam,NglFam,6.2017207,5.389818,1.543794
751,864691135562950369,train,BipFam,BipFam,6.7896366,6.1283665,2.1182692
386,864691135431579440,train,BipFam,BipFam,4.9108505,6.1179466,0.749306
8719,864691135739131780,train,MartFam,MartFam,6.4114895,6.3962994,3.5056975
198,864691135209116537,train,L2IT,pyramidal,6.4650555,8.557811,2.9430542
841,864691136091233847,train,thalamocortical,thalamocortical,2.1003122,6.803656,2.4193494
572,864691135258646703,test,L3IT,pyramidal,7.228534,9.734357,2.0637963
4886,864691135477104960,train,thalamocortical,thalamocortical,2.8520753,7.1244903,1.053409
8569,864691135739131780,train,MartFam,MartFam,4.3774185,4.317979,0.60758346
107,864691136239793212,test,NglFam,NglFam,5.6970243,8.365558,4.696834
4519,864691135741889940,train,BasketFam,BasketFam,2.948993,6.8849406,3.2694657
177,864691136275771917,test,L6IT,pyramidal,6.89883,8.094808,2.3203127
486,864691136273370302,train,NglFam,NglFam,7.171855,9.97154,2.411056
84,864691136524014993,train,BasketFam,BasketFam,1.603104,5.560602,5.5434594
6158,864691135997428394,test,thalamocortical,thalamocortical,4.638333,5.4530315,4.645847
7495,864691136118878116,train,MartFam,MartFam,2.564611,4.235332,0.9528213
808,864691135695042751,train,L6IT,pyramidal,6.1294794,6.998086,4.6389747
3127,864691135977768259,train,BasketFam,BasketFam,3.267237,6.747996,6.4098873
255,864691136381294805,train,L5IT,pyramidal,5.0195084,9.060739,4.4980283
83,864691136086632812,train,NglFam,NglFam,4.8925853,4.953588,1.3028871
1013,864691136311106650,train,L5IT,pyramidal,1.3032007,6.7307577,2.4570458
4618,864691135448017554,train,BasketFam,BasketFam,2.1324656,5.6237016,5.276469
6081,864691135869457430,train,BasketFam,BasketFam,1.5809146,5.390251,5.2444167
6533,864691137022180974,test,MartFam,MartFam,4.270671,8.965858,3.8152518
2686,864691136311213914,test,BasketFam,BasketFam,2.3923106,5.5952044,5.5318375
222,864691135503344477,train,L4IT,pyramidal,6.5952024,6.5084934,2.5926995
2736,864691135464991645,train,thalamocortical,thalamocortical,1.4842016,6.7855225,2.4223802
1112,864691136137064075,train,BipFam,BipFam,4.7624326,8.200895,4.185857
358,864691135659538306,train,thalamocortical,thalamocortical,3.556211,7.0219903,1.0938452
434,864691136524282001,train,NglFam,NglFam,6.130729,6.4868803,1.9941844
12101,864691135456535658,train,MartFam,MartFam,3.682626,4.205403,0.65552986
7626,864691135779780797,test,MartFam,MartFam,4.529553,6.064571,1.47259
3518,864691135477104960,train,thalamocortical,thalamocortical,5.915142,6.055704,2.8147073
2575,864691135869457430,train,BasketFam,BasketFam,1.9416507,6.0761204,4.9197564
1112,864691136381325781,train,L5IT,pyramidal,6.741511,7.6486416,2.3454142
175,864691135303514791,train,NglFam,NglFam,7.4529724,3.528326,2.062849
9529,864691135739131780,train,MartFam,MartFam,6.326156,8.835438,2.3381035
445,864691136086632812,train,NglFam,NglFam,6.971454,6.4282265,2.5988674
249,864691136273370302,train,NglFam,NglFam,6.357003,9.49119,1.8399302
772,864691135106309709,train,NglFam,NglFam,7.2357864,9.868102,2.5483248
822,864691135106309709,train,NglFam,NglFam,6.9295945,9.880648,1.7815365
2513,864691135778081453,train,thalamocortical,thalamocortical,6.62824,6.5114894,2.197478
412,864691135499231763,train,L4IT,pyramidal,5.0128975,6.7711287,2.5553937
2526,864691135470860370,test,BipFam,BipFam,3.9855564,5.254451,1.1136234
2812,864691135618332265,train,BasketFam,BasketFam,1.8138548,7.171327,5.876334
4608,864691135196475434,train,MartFam,MartFam,3.0205884,7.3460693,3.776583
10,864691135941886118,train,BipFam,BipFam,7.76171,7.766789,2.7446454
282,864691136086632812,train,NglFam,NglFam,4.6854906,4.4045706,0.6652512
107,864691136391024144,train,NglFam,NglFam,3.405877,4.6113067,1.1835117
794,864691136195796182,test,BasketFam,BasketFam,2.5222437,7.72204,5.5909567
181,864691136372954248,test,NglFam,NglFam,5.604478,6.291596,2.5285728
258,864691135778572973,train,L4IT,pyramidal,6.2116413,7.6833253,1.6670134
255,864691135210446457,train,MartFam,MartFam,4.270053,4.983145,0.48175797
76,864691135464678206,train,MartFam,MartFam,2.8797147,4.810457,2.2024043
259,864691135106309709,train,NglFam,NglFam,4.0811367,9.510321,5.1314316
356,864691135689555680,train,NglFam,NglFam,7.6855655,5.08632,2.8068588
336,864691134887444986,test,NglFam,NglFam,3.342543,6.5533338,2.500405
2459,864691135892233097,train,BasketFam,BasketFam,2.8190427,5.4578824,6.157128
2835,864691136033871035,train,thalamocortical,thalamocortical,3.7888584,6.6844425,3.231824
484,864691135398925345,train,L3IT,pyramidal,7.8088326,5.8950114,2.8261523
1319,864691135470860370,test,BipFam,BipFam,3.560414,6.3857756,1.6703033
6197,864691136603935441,train,BasketFam,BasketFam,2.0953543,5.349415,5.684357
598,864691135778132576,train,L5IT,pyramidal,5.892803,8.908148,4.196429
891,864691136813553523,train,BasketFam,BasketFam,2.5300462,6.366504,6.0339575
8024,864691136067404440,test,MartFam,MartFam,3.540427,4.0851393,0.8370345
2918,864691135764678198,test,MartFam,MartFam,2.4173672,4.796315,2.0949512
1014,864691136372954248,test,NglFam,NglFam,3.294283,4.964831,3.1413872
307,864691136580010516,test,MartFam,MartFam,3.6355524,5.801731,1.5337095
1046,864691135783909427,train,MartFam,MartFam,4.9895244,8.642178,4.1939487
904,864691135640672571,train,L4IT,pyramidal,6.7968855,8.700794,2.6705441
4518,864691136312057178,train,BasketFam,BasketFam,3.139421,5.0239367,5.960277
245,864691135325413788,test,L4IT,pyramidal,7.4644885,8.369953,3.0565264
108,864691135293096118,train,NglFam,NglFam,5.428897,9.012817,3.386605
2754,864691136523971473,train,BipFam,BipFam,5.8381786,4.498084,1.4456781
5135,864691136138695549,train,BasketFam,BasketFam,1.7040848,5.2122416,5.081949
1162,864691136288755395,train,thalamocortical,thalamocortical,2.2529645,6.602873,2.2631166
2115,864691135119335645,train,thalamocortical,thalamocortical,2.2666233,6.487618,2.8208957
140,864691136195901772,test,L6CT,pyramidal,7.4370866,9.413082,3.6315086
348,864691135659824514,train,BipFam,BipFam,7.488505,7.979602,2.9662397
9,864691135293096118,train,NglFam,NglFam,2.6840806,8.080331,3.093317
40,864691135868334870,train,L6CT,pyramidal,6.047213,7.613862,1.6687344
6494,864691135456535658,train,MartFam,MartFam,4.235469,6.272795,1.9356221
45,864691135802215266,train,L6CT,pyramidal,6.450873,6.518283,1.4992582
233,864691135511324169,train,BipFam,BipFam,4.644073,7.2705936,1.7580346
1615,864691135997428394,test,thalamocortical,thalamocortical,2.0933397,7.6028223,4.266892
138,864691135990134784,train,L3IT,pyramidal,6.2968335,7.8413343,2.0114195
1025,864691135106309709,train,NglFam,NglFam,6.091517,8.392701,5.004855
957,864691136314120765,train,BasketFam,BasketFam,3.559924,6.199444,1.764223
110,864691135840033171,train,NglFam,NglFam,2.8636832,7.947094,4.3072405
346,864691136102207349,train,BipFam,BipFam,5.647553,8.279427,2.0305398
708,864691135478268840,train,L4IT,pyramidal,6.667727,7.013233,1.5393637
4344,864691135409856713,train,BasketFam,BasketFam,2.1686883,6.6948714,4.5695553
5496,864691135210446457,train,MartFam,MartFam,5.7016835,5.441289,1.1385677
1243,864691135119335645,train,thalamocortical,thalamocortical,2.3072908,6.312862,2.683927
475,864691136273370302,train,NglFam,NglFam,6.8056297,9.842141,1.9714494
482,864691136438372254,train,BipFam,BipFam,5.970036,9.061913,3.302208
8216,864691136390905207,train,MartFam,MartFam,4.643487,5.6154447,3.690607
204,864691136086632812,train,NglFam,NglFam,6.864269,7.0154476,2.9271665
177,864691135686399415,train,BipFam,BipFam,3.8050687,5.8045053,3.146373
6021,864691136523889553,train,BasketFam,BasketFam,1.6883857,5.168543,6.2788286
1629,864691135343506885,train,BipFam,BipFam,7.3101506,3.2743707,2.0264432
87,864691135995711402,train,BipFam,BipFam,5.5159717,6.6524825,2.4143581
940,864691136372954248,test,NglFam,NglFam,4.345924,5.0891514,2.5787215
5894,864691136145494068,train,BasketFam,BasketFam,1.6146604,5.2892647,5.132062
9255,864691135271970725,train,BasketFam,BasketFam,1.625243,5.0166173,5.35038
287,864691135840033171,train,NglFam,NglFam,2.9751852,7.8606105,3.9555984
153,864691135996891050,test,BipFam,BipFam,5.8311687,8.708961,4.0569844
681,864691136372954248,test,NglFam,NglFam,3.1090913,6.7269793,2.5412667
2281,864691136195284556,train,MartFam,MartFam,6.4674153,8.342192,1.1652141
558,864691135448811860,train,BasketFam,BasketFam,3.839161,6.6393704,6.43073
588,864691135214970752,train,BipFam,BipFam,5.518524,4.696574,1.6410336
1205,864691135764678198,test,MartFam,MartFam,5.3062415,4.756206,1.3400921
146,864691135857976366,train,BipFam,BipFam,4.9421635,8.503393,4.29537
508,864691136390675216,train,BasketFam,BasketFam,1.9050612,5.4765577,4.923319
245,864691135478400936,train,L4IT,pyramidal,7.1169863,7.566764,2.4766724
2499,864691136523971473,train,BipFam,BipFam,4.408725,4.8815174,0.42209885
339,864691135810297885,train,BipFam,BipFam,5.21971,8.664409,4.648471
6648,864691135875919502,test,MartFam,MartFam,2.892875,4.973677,2.9954493
773,864691135343506885,train,BipFam,BipFam,3.3427684,7.5400167,3.7412627
223,864691135476311616,test,L4IT,pyramidal,4.3371067,7.122915,2.9747398
247,864691136524282001,train,NglFam,NglFam,6.416164,3.8942835,2.2733696
1440,864691136372954248,test,NglFam,NglFam,4.801513,4.479422,1.5843731
758,864691136927366986,train,thalamocortical,thalamocortical,2.1832895,8.311978,4.311117
531,864691135562519009,train,L6IT,pyramidal,3.5140553,8.212099,3.2256763
9271,864691135480702662,train,MartFam,MartFam,7.423458,6.2027907,2.864452
985,864691135106309709,train,NglFam,NglFam,6.126348,7.52843,4.9431334
162,864691135868060950,train,L4IT,pyramidal,4.7719016,8.461459,3.6456316
745,864691135398762529,train,BipFam,BipFam,2.9936328,4.8390803,2.3320575
2143,864691135778081453,train,thalamocortical,thalamocortical,1.811437,7.827053,2.7492976
3589,864691135464991645,train,thalamocortical,thalamocortical,2.3648949,6.810451,3.073042
290,864691135886300016,train,L4IT,pyramidal,3.7872376,6.3709974,2.3121269
593,864691136040742142,test,BasketFam,BasketFam,1.3390938,6.2639413,5.3610873
2801,864691136011549614,train,BipFam,BipFam,4.2747626,5.7255263,1.604288
40,864691135386940245,test,BipFam,BipFam,6.385879,6.170987,2.6442444
55,864691134966621471,train,MartFam,MartFam,2.1494577,4.892859,1.9334768
1278,864691136288755395,train,thalamocortical,thalamocortical,1.2360685,6.7422853,2.4725194
2545,864691135477104960,train,thalamocortical,thalamocortical,1.3673402,7.0979476,2.537346
1876,864691135755605197,train,thalamocortical,thalamocortical,4.2530766,7.386254,2.2510347
2511,864691135689015264,train,thalamocortical,thalamocortical,3.5568035,6.630753,1.9526445
117,864691135132887456,test,NglFam,NglFam,3.2705302,5.4331784,2.035249
40,864691135309733190,train,NglFam,NglFam,7.591905,3.6396835,2.409587
264,864691135662059760,train,L4IT,pyramidal,6.0109286,6.8198643,1.4452685
336,864691135579134981,train,BipFam,BipFam,3.7929945,6.565282,3.7413738
1218,864691135878586963,test,thalamocortical,thalamocortical,3.0047038,7.0886893,3.6876605
3151,864691135470255698,train,thalamocortical,thalamocortical,0.9297422,7.175923,2.7489567
3309,864691135689015264,train,thalamocortical,thalamocortical,1.5387094,6.879568,3.6872463
219,864691135993770945,test,BipFam,BipFam,4.9591546,8.833627,4.2144947
880,864691136311213914,test,BasketFam,BasketFam,3.2051792,5.99338,5.2702355
122,864691136011549614,train,BipFam,BipFam,5.375347,7.7257276,3.7559288
2373,864691136033871035,train,thalamocortical,thalamocortical,4.35538,7.003054,0.9637671
3962,864691135373601736,train,BasketFam,BasketFam,2.9282453,8.649028,5.518619
874,864691135106309709,train,NglFam,NglFam,6.9646196,9.716792,3.132258
1709,864691135878586963,test,thalamocortical,thalamocortical,2.7393675,6.1640973,2.6774757
1399,864691135477104960,train,thalamocortical,thalamocortical,3.0664485,6.933073,3.3330193
201,864691135276504549,train,L2IT,pyramidal,7.2401905,7.6302013,3.1137376
199,864691136239460668,train,L6IT,pyramidal,7.5836706,9.630658,3.1509526
248,864691135347627423,train,BipFam,BipFam,6.1239305,6.738148,1.768429
297,864691135518844554,train,L4IT,pyramidal,5.571287,7.7332454,2.7093713
3885,864691136211068860,train,BasketFam,BasketFam,1.8810724,7.7249794,5.427021
4270,864691135756844242,test,MartFam,MartFam,2.1858408,5.604,2.607155
314,864691135741889940,train,BasketFam,BasketFam,1.9201974,5.7244782,5.1918817
275,864691136524282001,train,NglFam,NglFam,6.3391104,3.4402587,2.1883981
9437,864691136330880234,train,MartFam,MartFam,3.1265297,4.04789,0.60963345
4640,864691135997140906,train,BipFam,BipFam,6.453519,7.8359623,1.692751
2327,864691136392806271,train,BasketFam,BasketFam,2.1116056,5.2989206,6.0458417
54,864691136006393034,train,MartFam,MartFam,1.519074,6.4032154,2.4596338
1146,864691135783909427,train,MartFam,MartFam,4.4658165,9.363502,4.661724
2835,864691136391023120,train,BasketFam,BasketFam,2.2578857,4.6637564,6.280712
847,864691136372954248,test,NglFam,NglFam,4.609362,4.0871773,1.0880519
191,864691135369002233,train,L6CT,pyramidal,4.81102,9.346365,4.7575035
4793,864691136381324501,train,BasketFam,BasketFam,1.3129328,5.6079397,5.411255
3407,864691135755605197,train,thalamocortical,thalamocortical,2.4330118,8.342218,3.3056977
762,864691135584068717,train,BasketFam,BasketFam,1.9949411,5.0283365,6.3422494
1,864691136138131325,train,L3IT,pyramidal,5.1096544,9.312337,4.7056246
184,864691135271590309,train,L6IT,pyramidal,6.1530166,8.54364,1.7795504
9682,864691135779780797,test,MartFam,MartFam,3.3406243,4.0267496,0.55456406
747,864691134887444986,test,NglFam,NglFam,5.0864067,4.3611884,1.1828529
199,864691135990564864,train,NglFam,NglFam,7.6264167,6.660084,3.2740269
1712,864691135503782210,test,BipFam,BipFam,6.268715,9.401864,2.0138133
228,864691135106309709,train,NglFam,NglFam,7.0331974,9.878945,2.3583608
272,864691134887444986,test,NglFam,NglFam,4.6098795,5.1636076,1.997054
3087,864691135997428394,test,thalamocortical,thalamocortical,4.3537145,5.3958626,4.474992
869,864691136137210507,train,BipFam,BipFam,5.9241624,6.765895,1.3829561
348,864691135866821340,train,thalamocortical,thalamocortical,4.1606793,7.696819,1.4630665
2656,864691135997140906,train,BipFam,BipFam,4.439631,7.3585434,3.0240257
350,864691135840033171,train,NglFam,NglFam,3.1903934,8.242863,4.009785
113,864691136742067804,train,L3IT,pyramidal,3.804145,9.0204115,4.7863145
411,864691136012173475,test,BipFam,BipFam,5.260642,8.3061905,4.3805285
68,864691135570381292,test,BipFam,BipFam,4.78896,6.6590524,2.9349048
1016,864691136372954248,test,NglFam,NglFam,5.765875,6.5273643,1.5753064
217,864691135878586963,test,thalamocortical,thalamocortical,1.3737978,6.740071,2.3471754
571,864691135235206489,train,MartFam,MartFam,2.7271512,5.5184016,2.1149046
1228,864691135114295961,test,MartFam,MartFam,5.7981153,8.087376,1.9530274
326,864691135303514791,train,NglFam,NglFam,5.915872,4.617479,2.6607323
27,864691135840033171,train,NglFam,NglFam,2.8824062,7.846633,4.2742853
3327,864691135569282284,train,MartFam,MartFam,4.533198,7.655706,4.0650954
269,864691135778572973,train,L4IT,pyramidal,7.418444,9.24679,3.4840524
5984,864691135997428394,test,thalamocortical,thalamocortical,3.24529,5.8350263,4.8500896
311,864691136145537844,train,BipFam,BipFam,4.910413,5.638027,1.2563323
1466,864691135741960340,train,BasketFam,BasketFam,5.337443,8.166283,1.965583
734,864691136273370302,train,NglFam,NglFam,3.93584,9.504425,5.228474
583,864691135015154934,test,L4IT,pyramidal,5.2726526,7.3461037,2.1037726
82,864691136273370302,train,NglFam,NglFam,7.160432,9.71253,2.6640239
4211,864691135756844242,test,MartFam,MartFam,3.4642644,4.116611,0.6255998
8032,864691135346954143,train,MartFam,MartFam,3.3295648,6.4485765,2.818323
4701,864691136033871035,train,thalamocortical,thalamocortical,4.01738,5.3756676,4.363654
1797,864691135866821340,train,thalamocortical,thalamocortical,3.0063102,7.295162,0.7284184
6550,864691135703016059,train,MartFam,MartFam,3.9672115,4.5115585,0.4728187
3975,864691136453186559,train,BasketFam,BasketFam,2.4663546,6.694357,5.226771
111,864691135132887456,test,NglFam,NglFam,7.385845,3.963419,2.7654595
74,864691136108462553,train,L4IT,pyramidal,5.9608326,6.8366284,1.3442965
1807,864691136381324501,train,BasketFam,BasketFam,2.0616994,5.3214407,5.24081
3699,864691136288755395,train,thalamocortical,thalamocortical,3.1396472,6.4719353,3.0571961
122,864691136086632812,train,NglFam,NglFam,6.192174,5.8889837,1.9795336
945,864691135546797608,train,BasketFam,BasketFam,2.5552912,7.8429794,5.4654303
191,864691135303514791,train,NglFam,NglFam,7.3154254,3.7031703,2.9080553
8328,864691135858282030,train,MartFam,MartFam,2.5114427,4.737667,1.3753421
173,864691135405138670,train,L4IT,pyramidal,6.1967425,7.4780803,2.1676812
5398,864691136007128778,test,MartFam,MartFam,0.73670655,6.0209,2.6922956
839,864691137055405174,test,L4IT,pyramidal,4.2408004,9.575199,5.0459175
761,864691136925825354,test,BasketFam,BasketFam,2.3591695,8.194779,5.8546715
885,864691135732257721,train,BasketFam,BasketFam,2.3022287,7.393843,5.412631
345,864691136058602712,train,thalamocortical,thalamocortical,4.114915,7.143388,2.2707276
1423,864691135447979922,train,BipFam,BipFam,7.005404,7.5117903,2.6420236
304,864691136239793212,test,NglFam,NglFam,4.8089643,4.5715375,0.5629316
126,864691136125840678,test,L6CT,pyramidal,7.208942,9.611701,2.0078487
1343,864691135741889940,train,BasketFam,BasketFam,1.9963725,4.88614,5.9024186
365,864691135942163201,train,L5IT,pyramidal,2.514248,4.697542,1.8956211
5332,864691135464991645,train,thalamocortical,thalamocortical,2.4075406,7.366132,3.736703
176,864691136524282001,train,NglFam,NglFam,5.1417003,6.2470365,1.9293987
1215,864691135928029966,train,thalamocortical,thalamocortical,3.417707,7.174065,3.5618856
435,864691136391024144,train,NglFam,NglFam,1.8556952,6.9126515,2.3953958
2838,864691135866821340,train,thalamocortical,thalamocortical,4.8860226,6.1803327,1.0347261
4253,864691136033871035,train,thalamocortical,thalamocortical,4.143219,7.023806,0.90590006
798,864691136273370302,train,NglFam,NglFam,4.146538,8.9195385,4.6152205
2605,864691136381324501,train,BasketFam,BasketFam,2.9993212,5.292492,4.9643893
866,864691135772774651,test,MartFam,MartFam,2.2922807,5.7865205,2.7257364
3003,864691136007059658,test,BipFam,BipFam,5.1461954,7.6346717,3.4616635
750,864691135470255698,train,thalamocortical,thalamocortical,4.4783444,6.105283,1.6550195
43,864691135293096118,train,NglFam,NglFam,2.8643217,8.010439,3.2055569
771,864691136053350131,test,thalamocortical,thalamocortical,3.7751017,6.674147,3.2763033
693,864691135732257721,train,BasketFam,BasketFam,1.5981607,5.8442974,5.4837427
240,864691134966249759,train,thalamocortical,thalamocortical,2.6847258,8.071725,3.5824904
5863,864691135689296608,train,BasketFam,BasketFam,2.0272226,5.059822,4.9800825
397,864691136425681967,train,L4IT,pyramidal,4.4371204,6.92512,2.2384832
5906,864691135464991645,train,thalamocortical,thalamocortical,4.1969876,6.2517543,1.1440881
132,864691135938404612,train,BipFam,BipFam,6.936714,8.377729,2.142259
96,864691135990564864,train,NglFam,NglFam,7.362256,4.964017,3.1866462
594,864691135493031519,train,L4IT,pyramidal,4.5079665,5.641032,3.4037466
1054,864691135562950369,train,BipFam,BipFam,5.8363776,6.868042,1.7638124
1007,864691136967703758,train,L4IT,pyramidal,6.4588184,9.382361,2.8852196
2246,864691135465795653,train,BasketFam,BasketFam,3.0369837,5.8022823,6.721149
95,864691136380266965,train,L4IT,pyramidal,4.839385,8.813137,4.0294447
272,864691135732318393,train,L2IT,pyramidal,6.002868,7.7801332,1.2340114
5773,864691135839979667,train,MartFam,MartFam,2.4698722,4.780933,1.4198515
545,864691136484876588,train,MartFam,MartFam,4.1825385,6.03701,0.92869145
209,864691135866821340,train,thalamocortical,thalamocortical,4.1335497,5.0910535,3.9226897
160,864691136372954248,test,NglFam,NglFam,4.756893,6.4074836,1.2023644
671,864691136052101363,train,BipFam,BipFam,7.0962276,9.429643,2.1564155
197,864691136273370302,train,NglFam,NglFam,6.8307366,9.750764,2.3586712
642,864691136273370302,train,NglFam,NglFam,7.4807973,9.963575,2.6955824
34,864691135763975990,test,BasketFam,BasketFam,1.3119018,5.779804,4.9829936
2250,864691135595810859,train,BasketFam,BasketFam,3.3152497,5.324417,6.2090216
4040,864691135858282030,train,MartFam,MartFam,2.9744318,4.468529,1.3802385
428,864691136026155577,train,L4IT,pyramidal,6.0339766,6.465833,3.30725
1925,864691135778081453,train,thalamocortical,thalamocortical,0.8715577,6.989882,2.6390924
136,864691135465503813,train,L5ET,pyramidal,4.715533,7.715907,2.1461601
148,864691136436788382,train,BipFam,BipFam,6.925057,8.558823,3.3993244
102,864691135942120449,train,L6IT,pyramidal,4.695486,9.112377,4.569991
1089,864691135892176009,train,MartFam,MartFam,4.558524,9.370141,4.234422
3743,864691135869457430,train,BasketFam,BasketFam,2.811281,4.9674406,6.2888074
775,864691135755605197,train,thalamocortical,thalamocortical,0.94628924,7.2211423,2.5710688
201,864691136391024144,train,NglFam,NglFam,3.3997493,8.220194,4.1116605
678,864691136312076122,train,MartFam,MartFam,7.3341713,9.274948,2.0641391
454,864691136229363025,train,L4IT,pyramidal,6.1173296,9.632186,2.510244
910,864691135689555680,train,NglFam,NglFam,6.8658857,6.165392,2.3895206
439,864691136524282001,train,NglFam,NglFam,7.2052445,7.6178627,3.076378
2109,864691135388984961,train,BasketFam,BasketFam,2.610942,6.081722,6.0726967
99,864691134887444986,test,NglFam,NglFam,7.1851077,6.0881133,2.4030678
822,864691135493149927,train,L4IT,pyramidal,4.073557,9.459287,4.9935412
13,864691135727686463,train,BipFam,BipFam,2.5565028,7.6001086,2.615862
2187,864691135659538306,train,thalamocortical,thalamocortical,0.7981726,6.3798966,2.880156
1492,864691136925008100,train,BipFam,BipFam,5.072518,9.595629,4.2229123
125,864691135215078712,train,BipFam,BipFam,4.4308553,5.645229,1.4854807
76,864691135840033171,train,NglFam,NglFam,5.8346996,6.1898594,1.9508888
99,864691136033332155,train,L4IT,pyramidal,6.751797,7.8857884,1.7028008
4590,864691135387551061,train,BasketFam,BasketFam,3.0491304,4.9493575,5.970599
1320,864691135875919502,test,MartFam,MartFam,3.5405855,4.0807548,0.5261437
35,864691135499231763,train,L4IT,pyramidal,5.260364,8.066301,3.1543312
2391,864691135772774651,test,MartFam,MartFam,5.058026,7.184873,2.2718549
696,864691135689555680,train,NglFam,NglFam,3.3769147,5.080406,1.6905761
796,864691135562842337,test,L3IT,pyramidal,4.4488287,5.3230314,3.0596023
1403,864691135783909427,train,MartFam,MartFam,1.8366088,5.144476,2.232207
832,864691135878586963,test,thalamocortical,thalamocortical,6.0119047,8.96122,4.3684483
1235,864691135343509701,train,MartFam,MartFam,3.5630035,8.398451,4.457803
158,864691136372954248,test,NglFam,NglFam,4.150284,5.281111,1.942471
725,864691136273370302,train,NglFam,NglFam,7.0582237,9.596284,2.710454
3406,864691136007059658,test,BipFam,BipFam,5.5043616,6.4556,1.085662
1506,864691135685030130,train,thalamocortical,thalamocortical,3.875189,8.3684635,3.1647618
129,864691135294194358,train,thalamocortical,thalamocortical,5.8894563,6.492023,1.1324165
89,864691135810495005,train,BasketFam,BasketFam,2.8974667,5.956686,5.5265956
430,864691135375655880,train,BipFam,BipFam,7.152521,9.153169,2.3578222
3366,864691135586022264,train,BasketFam,BasketFam,3.8279989,6.454481,5.875771
2040,864691136487168530,train,MartFam,MartFam,4.197709,9.538536,5.0834236
1213,864691136145572404,train,BipFam,BipFam,6.296599,6.360632,2.294974
859,864691136372954248,test,NglFam,NglFam,2.7727835,6.0904846,2.2571487
1161,864691136298913563,train,MartFam,MartFam,3.7789476,5.573606,2.7119148
315,864691135293096118,train,NglFam,NglFam,3.8681326,6.678914,2.8655555
290,864691135480311494,train,L6IT,pyramidal,3.1904364,8.815391,5.21907
5629,864691136391023120,train,BasketFam,BasketFam,1.4884099,5.7486897,5.175467
2440,864691136007128778,test,MartFam,MartFam,2.502465,7.630346,2.7384033
3019,864691136091233847,train,thalamocortical,thalamocortical,2.8725564,7.1053576,1.4068265
1070,864691135755707597,train,BipFam,BipFam,6.182389,8.233177,4.5676374
493,864691135783317840,train,thalamocortical,thalamocortical,2.6747136,8.233993,3.972085
1564,864691136390675216,train,BasketFam,BasketFam,4.860938,6.797054,1.5792214
276,864691135115194009,train,BipFam,BipFam,7.4724107,9.605957,3.3889318
31,864691135132887456,test,NglFam,NglFam,7.1974907,4.4503922,2.7039387
1054,864691136311213914,test,BasketFam,BasketFam,6.089534,6.646013,3.0739763
151,864691136618553563,test,L3IT,pyramidal,6.1794395,9.426029,2.1486323
182,864691135742824555,train,BipFam,BipFam,4.337281,8.348164,3.6515803
310,864691136137210507,train,BipFam,BipFam,4.365213,6.573414,2.0130599
22,864691135570381292,test,BipFam,BipFam,3.3887937,7.575608,3.798235
1449,864691135106209101,train,BasketFam,BasketFam,2.7737951,5.0104795,6.1946936
1093,864691136314120765,train,BasketFam,BasketFam,2.4569178,5.01228,5.6834803
1954,864691135518791818,train,BasketFam,BasketFam,3.355943,6.6052866,6.43578
486,864691136372954248,test,NglFam,NglFam,3.1731079,8.26319,4.2611914
39,864691134919869706,test,L4IT,pyramidal,4.850685,8.607702,3.8219216
249,864691136524282001,train,NglFam,NglFam,5.3001966,7.262525,3.9691973
26,864691136033871035,train,thalamocortical,thalamocortical,3.327216,8.762957,4.765948
176,864691136239793212,test,NglFam,NglFam,7.2600617,9.708968,2.7819624
4679,864691136006393034,train,MartFam,MartFam,3.0446162,6.170526,2.013314
842,864691135689555680,train,NglFam,NglFam,4.4093704,8.335546,3.806625
697,864691136372954248,test,NglFam,NglFam,3.506361,6.7137356,2.658614
6542,864691135362357319,train,BasketFam,BasketFam,2.4468474,5.776474,5.2618256
5358,864691135369668089,train,BasketFam,BasketFam,1.9168504,5.250125,5.4701037
287,864691135689555680,train,NglFam,NglFam,6.9126635,4.592919,2.292526
307,864691135119335645,train,thalamocortical,thalamocortical,3.8655434,8.187604,4.22434
3182,864691136312057178,train,BasketFam,BasketFam,1.8253038,5.009133,5.985825
727,864691136012173475,test,BipFam,BipFam,4.927293,9.354566,4.603446
7145,864691135756844242,test,MartFam,MartFam,2.9152358,4.347789,0.8374003
1199,864691136137064075,train,BipFam,BipFam,6.9484663,8.918222,2.120997
377,864691136524282001,train,NglFam,NglFam,7.278609,5.716069,2.7557921
4966,864691135106189901,test,BasketFam,BasketFam,2.534776,6.200764,6.006521
747,864691135336669673,train,MartFam,MartFam,7.021158,9.569547,2.2679372
362,864691136579408916,test,L4IT,pyramidal,7.417538,8.463879,3.272203
474,864691135431441968,train,thalamocortical,thalamocortical,3.2918494,8.424128,3.8606644
1545,864691136523971473,train,BipFam,BipFam,3.2277706,6.474044,2.9172702
2256,864691135341516741,test,MartFam,MartFam,4.407756,7.501472,3.0718937
125,864691135305383591,train,NglFam,NglFam,7.2835474,3.7320154,2.5774531
4282,864691135271967397,train,MartFam,MartFam,2.0623045,7.6200876,4.182174
184,864691136239793212,test,NglFam,NglFam,6.918708,9.68536,1.8716047
197,864691135689015264,train,thalamocortical,thalamocortical,4.4195647,8.006333,2.017055
60,864691136177778950,train,L2IT,pyramidal,6.8151083,7.1603613,2.303998
234,864691136524282001,train,NglFam,NglFam,6.580877,8.697583,2.0793798
1130,864691135562950369,train,BipFam,BipFam,6.3023396,6.7158604,1.2581576
304,864691135689555680,train,NglFam,NglFam,3.66726,4.792737,2.315331
2755,864691135373601736,train,BasketFam,BasketFam,1.8777007,7.6675625,5.406043
6271,864691136390675216,train,BasketFam,BasketFam,4.4852915,5.1791687,3.210263
511,864691136391024144,train,NglFam,NglFam,5.546737,5.720615,2.7270656
658,864691135611702023,train,BasketFam,BasketFam,2.064915,5.299476,5.2523837
292,864691135992790209,train,BipFam,BipFam,6.6805096,9.269979,1.9043494
6728,864691135210446457,train,MartFam,MartFam,4.4875984,7.717687,1.941788
3706,864691135446065810,train,MartFam,MartFam,7.416002,4.0338497,2.625847
419,864691134949081852,train,L4IT,pyramidal,2.6158133,6.0053782,1.6532229
1181,864691135546797608,train,BasketFam,BasketFam,2.6968257,7.9548664,5.161285
23,864691135990564864,train,NglFam,NglFam,7.703765,3.7347715,2.4246237
3849,864691135346954143,train,MartFam,MartFam,2.2347744,4.4048157,1.4114674
383,864691135810297885,train,BipFam,BipFam,7.2183356,9.123624,2.2778475
1121,864691136991606421,train,L4IT,pyramidal,4.8623557,7.5837994,2.546923
484,864691136273370302,train,NglFam,NglFam,6.8995776,9.849785,1.724147
142,864691135343506885,train,BipFam,BipFam,6.1088877,8.780529,2.1550395
88,864691135106309709,train,NglFam,NglFam,6.995232,9.746126,2.2918255
5063,864691136011458734,test,BasketFam,BasketFam,1.4520601,7.1933,5.182899
228,864691136118294692,train,thalamocortical,thalamocortical,5.308736,7.9105153,3.6113796
6271,864691135271967397,train,MartFam,MartFam,1.3055271,5.5591526,2.1186578
2566,864691135764678198,test,MartFam,MartFam,6.3819537,7.5466866,2.5845141
4887,864691135562001633,train,MartFam,MartFam,0.9842307,5.722781,4.9816303
2268,864691136390675216,train,BasketFam,BasketFam,3.7114995,6.530355,1.9992396
1578,864691135940881830,train,MartFam,MartFam,7.510227,3.6351335,2.0962596
851,864691135448017554,train,BasketFam,BasketFam,1.4799242,5.727921,5.55168
842,864691135755707597,train,BipFam,BipFam,4.9928594,5.240184,1.163048
4589,864691135212863360,train,MartFam,MartFam,6.5608497,3.27785,1.9615607
116,864691135431441968,train,thalamocortical,thalamocortical,3.4241498,7.214879,3.4621723
248,864691135293096118,train,NglFam,NglFam,1.6854911,6.4923215,2.2329042
1024,864691135106309709,train,NglFam,NglFam,6.944071,9.769453,3.171155
69,864691135990564864,train,NglFam,NglFam,6.6498275,3.3023372,2.2151403
109,864691135782241616,test,L3IT,pyramidal,6.2097354,7.3898196,2.8438365
1350,864691136372954248,test,NglFam,NglFam,4.4186673,4.7106433,1.1182798
287,864691135474086450,train,BasketFam,BasketFam,3.4083276,5.8703036,6.4910483
59,864691135686399415,train,BipFam,BipFam,6.255381,7.819117,2.7661288
929,864691136372954248,test,NglFam,NglFam,2.6255138,5.440984,2.4477918
423,864691136033871035,train,thalamocortical,thalamocortical,3.922339,6.401222,1.1910887
1562,864691136813553523,train,BasketFam,BasketFam,2.405434,7.102977,5.4861693
759,864691135763795510,test,L4IT,pyramidal,6.465607,9.316783,3.8837233
4152,864691136011485614,test,BasketFam,BasketFam,0.9549697,6.395057,3.8968048
2802,864691135409856713,train,BasketFam,BasketFam,2.1951735,4.709145,5.9550757
712,864691135566902039,train,BipFam,BipFam,5.482312,6.6159306,1.1443833
473,864691135376096329,train,BipFam,BipFam,4.8188696,6.673716,2.9416926
1960,864691135778081453,train,thalamocortical,thalamocortical,5.4927254,6.2677007,1.6821661
1364,864691135060784027,test,thalamocortical,thalamocortical,3.7567508,7.0669036,0.6999146
29,864691135760106830,test,L4IT,pyramidal,6.383991,6.41619,2.6037214
7344,864691135779780797,test,MartFam,MartFam,4.7529182,5.3893986,4.5250793
46,864691135518510218,train,NglFam,NglFam,7.115109,3.8614762,2.9441404
2563,864691135528046939,train,MartFam,MartFam,4.2689047,5.280227,0.6570355
3200,864691135258628527,test,BasketFam,BasketFam,1.8146116,6.7092915,5.01785
2229,864691135492600167,train,BasketFam,BasketFam,1.8129038,5.978204,4.981744
645,864691135727961663,train,L4IT,pyramidal,5.31959,6.3472953,1.1140265
2696,864691135685030130,train,thalamocortical,thalamocortical,3.6747985,6.5538898,1.8966963
1138,864691136137064075,train,BipFam,BipFam,6.4095683,6.6771655,1.8993915
5324,864691135939776309,train,MartFam,MartFam,5.094115,7.553999,3.6077085
699,864691136101341045,train,L4IT,pyramidal,4.534112,8.257095,3.7167943
4926,864691137022180974,test,MartFam,MartFam,1.663356,6.617052,2.5466278
293,864691135511324169,train,BipFam,BipFam,5.5893655,7.850287,3.9747953
1055,864691136138779517,train,L2IT,pyramidal,4.0899787,9.04622,4.159127
7667,864691136330880234,train,MartFam,MartFam,2.6314394,5.4370856,2.1198232
4107,864691135373601736,train,BasketFam,BasketFam,3.5409706,7.0014663,6.3485103
587,864691136523971473,train,BipFam,BipFam,7.090808,7.660898,2.932164
5477,864691136007059658,test,BipFam,BipFam,5.2857046,5.5292583,1.1369274
1376,864691135405480430,train,BasketFam,BasketFam,2.585969,4.6722,6.1162615
210,864691136125457446,test,L4IT,pyramidal,4.6187673,6.5788727,2.3263538
4841,864691136211068860,train,BasketFam,BasketFam,2.786844,7.1089706,4.7793884
1310,864691135214970752,train,BipFam,BipFam,4.918891,4.8254404,0.45794836
70,864691136484883756,train,BasketFam,BasketFam,3.1165993,8.264102,5.140484
57,864691135562950369,train,BipFam,BipFam,6.0536304,8.327711,4.575705
8001,864691135756844242,test,MartFam,MartFam,3.168011,4.6990743,2.0635695
269,864691135398892065,train,L3IT,pyramidal,3.7379458,9.007663,4.876625
1464,864691136438216350,train,BasketFam,BasketFam,1.8427058,5.060992,5.6414046
281,864691136210975676,test,L4IT,pyramidal,5.2007613,6.3225803,2.2401502
1077,864691135742895723,test,BipFam,BipFam,3.4175656,4.8687944,3.0868795
4027,864691135466333509,train,BasketFam,BasketFam,2.7631912,6.362094,6.029602
868,864691135971464805,train,BasketFam,BasketFam,3.8016756,6.6508255,6.347523
3519,864691135464991645,train,thalamocortical,thalamocortical,2.9827404,7.207406,0.88452244
2067,864691136021595384,train,BasketFam,BasketFam,3.6981251,6.4207063,4.5789814
852,864691134887444986,test,NglFam,NglFam,4.525512,4.9546275,3.41781
146,864691135689555680,train,NglFam,NglFam,7.268421,3.7080982,2.472543
279,864691134887444986,test,NglFam,NglFam,3.1295428,6.0956564,2.3103507
3878,864691136138803837,train,BasketFam,BasketFam,2.6105146,5.1107655,5.9903083
934,864691135928029966,train,thalamocortical,thalamocortical,3.771831,6.6741543,3.2013528
345,864691135660772080,train,MartFam,MartFam,7.3757114,3.965339,2.675521
595,864691135503782210,test,BipFam,BipFam,6.895013,8.819088,1.7240818
129,864691136391024144,train,NglFam,NglFam,4.5169616,5.253865,2.500812
725,864691135398762529,train,BipFam,BipFam,2.9394028,7.147977,3.466902
998,864691135562842337,test,L3IT,pyramidal,4.265611,9.319688,4.5526342
1157,864691135271343525,train,BipFam,BipFam,4.1346197,6.3289332,2.062781
271,864691135277501669,train,L4IT,pyramidal,7.843241,4.543772,2.745972
2529,864691136195284556,train,MartFam,MartFam,3.2447119,8.100987,4.114278
1325,864691136390675216,train,BasketFam,BasketFam,1.9245969,4.5670547,5.8737893
439,864691135857976366,train,BipFam,BipFam,2.8807507,7.004808,3.2430358
101,864691136086632812,train,NglFam,NglFam,6.1350117,5.7173047,1.4137025
159,864691135686399415,train,BipFam,BipFam,6.101611,6.6833763,2.1642315
697,864691136034433723,train,MartFam,MartFam,6.507969,4.516861,2.106717
7206,864691136067404440,test,MartFam,MartFam,4.8945613,6.8721585,1.603854
814,864691136913993713,train,L4IT,pyramidal,5.8723655,8.169625,4.59019
2216,864691135997140906,train,BipFam,BipFam,5.395939,7.1925244,3.2975087
5835,864691135477104960,train,thalamocortical,thalamocortical,3.8505526,7.175191,3.2278075
543,864691134966249759,train,thalamocortical,thalamocortical,5.7571964,7.1827054,4.4911747
1628,864691135594101291,test,BasketFam,BasketFam,1.5356038,6.0106335,5.645186
1008,864691135954480163,train,MartFam,MartFam,2.3564582,4.3643513,1.2998581
28,864691135689555680,train,NglFam,NglFam,7.943385,4.1519027,2.5186377
1611,864691136118294692,train,thalamocortical,thalamocortical,4.2198577,7.4815874,3.0005374
98,864691135810297885,train,BipFam,BipFam,7.374086,9.874397,2.7786033
60,864691136086632812,train,NglFam,NglFam,7.8886733,6.4657073,3.0065413
297,864691136086632812,train,NglFam,NglFam,3.7355025,5.1688504,2.2097685
169,864691136273370302,train,NglFam,NglFam,6.234483,8.916509,4.385915
2029,864691135212863360,train,MartFam,MartFam,3.8057754,7.8611317,4.3225083
196,864691135431579440,train,BipFam,BipFam,6.7220755,6.9845285,1.5124136
565,864691136086632812,train,NglFam,NglFam,4.9834476,4.1642365,0.98811
59,864691135727686463,train,BipFam,BipFam,2.7678947,7.3347034,2.6311774
4017,864691135997140906,train,BipFam,BipFam,4.630478,5.1583323,2.9157293
222,864691135840033171,train,NglFam,NglFam,2.5238807,7.879888,4.0119886
2413,864691136118294692,train,thalamocortical,thalamocortical,5.2795677,7.4143114,4.384583
67,864691135941886118,train,BipFam,BipFam,5.0319486,5.722079,2.076841
89,864691135209194617,train,L2IT,pyramidal,6.555609,7.364383,4.534161
777,864691134991032954,train,L4IT,pyramidal,4.5319276,5.8758693,3.3721209
3487,864691135387551061,train,BasketFam,BasketFam,6.607277,6.3487296,2.8743668
445,864691135387277397,test,thalamocortical,thalamocortical,6.3286824,7.09458,4.407795
370,864691135741889940,train,BasketFam,BasketFam,1.4916348,5.739183,5.4355264
43,864691135480892614,train,L4IT,pyramidal,6.189091,7.271967,2.7558186
3229,864691135764678198,test,MartFam,MartFam,3.7982492,9.158601,4.9151125
75,864691135339088102,test,L4IT,pyramidal,2.2929597,6.2422156,1.862001
1696,864691135456535658,train,MartFam,MartFam,4.139561,4.969078,3.6286974
2169,864691135866821340,train,thalamocortical,thalamocortical,5.594291,8.284887,4.489717
482,864691136086632812,train,NglFam,NglFam,3.9178553,7.3549113,3.8950922
793,864691135976105839,train,L4IT,pyramidal,6.5155425,7.204525,3.123962
3287,864691136123919654,train,BasketFam,BasketFam,3.4896767,6.589904,6.5614343
3668,864691136268801012,test,BasketFam,BasketFam,2.471421,6.656265,5.1959896
9031,864691136580010516,test,MartFam,MartFam,2.0255177,5.6697326,1.9841951
1187,864691135726140843,train,L3IT,pyramidal,4.283527,6.7337017,0.94906485
247,864691136239793212,test,NglFam,NglFam,6.9524975,9.47135,1.9154127
308,864691135303514791,train,NglFam,NglFam,6.8337297,4.446762,2.9912188
1197,864691135742895723,test,BipFam,BipFam,1.8549725,5.050758,2.7139125
2435,864691135659538306,train,thalamocortical,thalamocortical,5.4049087,6.764,3.6873362
1042,864691135492665959,train,MartFam,MartFam,7.665699,5.8856816,2.6773732
511,864691135375655880,train,BipFam,BipFam,4.221596,9.24838,4.859714
218,864691136372954248,test,NglFam,NglFam,4.7823906,6.407965,1.6285498
251,864691136138803837,train,BasketFam,BasketFam,2.984394,5.0499806,6.4321346
192,864691135938404612,train,BipFam,BipFam,7.426966,9.357708,3.668102
1335,864691135294194358,train,thalamocortical,thalamocortical,1.2117597,6.7044826,3.0906324
985,864691135134565280,train,BasketFam,BasketFam,5.4971175,7.3909774,4.151571
5129,864691135477104960,train,thalamocortical,thalamocortical,2.1158297,7.7879767,5.7900324
1211,864691135701340194,train,BasketFam,BasketFam,3.7036626,6.564731,5.9331245
552,864691136137210507,train,BipFam,BipFam,1.0625309,5.5883956,5.269538
132,864691135941898918,train,MartFam,MartFam,6.3887053,4.6388917,2.5953624
10090,864691135858282030,train,MartFam,MartFam,2.4183552,4.83288,1.9767292
546,864691135689555680,train,NglFam,NglFam,6.228404,4.362981,2.3357286
616,864691136086632812,train,NglFam,NglFam,4.9200177,4.2414,0.90803
839,864691136580010516,test,MartFam,MartFam,2.0639033,6.919696,3.682315
475,864691135778572973,train,L4IT,pyramidal,7.2776065,7.9805846,2.2793844
316,864691136137064075,train,BipFam,BipFam,7.0828314,8.920583,2.3409364
3212,864691135689015264,train,thalamocortical,thalamocortical,2.806862,7.405134,3.8147097
506,864691135726881195,train,L4IT,pyramidal,6.030181,8.556935,3.3543975
603,864691135106309709,train,NglFam,NglFam,6.6613326,9.514467,2.0200784
624,864691136273370302,train,NglFam,NglFam,6.3659716,9.175515,1.5910622
2264,864691136523971473,train,BipFam,BipFam,2.242255,5.239056,1.5194739
3260,864691136312057178,train,BasketFam,BasketFam,1.941484,5.398308,5.0734754
3268,864691135442598728,train,BasketFam,BasketFam,2.8253152,5.6178565,6.0224442
1650,864691135384716762,train,MartFam,MartFam,4.8877864,4.3734946,1.1064547
756,864691136273370302,train,NglFam,NglFam,4.0207014,8.904509,4.382063
4682,864691136603935441,train,BasketFam,BasketFam,3.4618423,5.124223,6.0469728
2808,864691135210443897,train,BasketFam,BasketFam,3.125967,5.862084,6.3080087
432,864691135912137641,train,BasketFam,BasketFam,5.4113617,7.824483,4.3217783
2594,864691136011549614,train,BipFam,BipFam,4.7454343,5.876836,2.8378408
420,864691135060094107,train,L4IT,pyramidal,5.9181533,8.508454,1.9649462
1337,864691135118298333,train,MartFam,MartFam,6.6615925,7.9145393,3.7313604
439,864691135132887456,test,NglFam,NglFam,7.82993,4.1127863,2.4914794
219,864691135106309709,train,NglFam,NglFam,6.277981,8.445769,4.8122478
35,864691135359413848,train,BipFam,BipFam,6.9421387,6.396832,2.9935727
377,864691136619344859,test,BasketFam,BasketFam,3.496209,5.745036,6.3198047
4887,864691136914542577,train,MartFam,MartFam,4.7233534,6.509229,2.6636453
441,864691136914542577,train,MartFam,MartFam,2.5246198,6.6023836,4.0796404
1110,864691135976105839,train,L4IT,pyramidal,3.6027656,7.860419,3.003474
4,864691136420303511,train,L4IT,pyramidal,7.026394,8.949258,3.778415
429,864691136091233847,train,thalamocortical,thalamocortical,4.8514295,5.9379992,2.6562202
5403,864691135477104960,train,thalamocortical,thalamocortical,2.4427907,8.079113,3.289343
27,864691135309733190,train,NglFam,NglFam,7.2281866,3.2990978,2.021201
1622,864691135119335645,train,thalamocortical,thalamocortical,4.6001453,6.573642,1.0678765
719,864691135387529301,test,BasketFam,BasketFam,1.270791,5.88406,4.5324306
601,864691135339088102,test,L4IT,pyramidal,4.9312224,7.2985563,2.4421787
747,864691135470255698,train,thalamocortical,thalamocortical,2.7011502,8.241527,4.078559
294,864691136391024144,train,NglFam,NglFam,3.257269,5.5763774,2.8824105
160,864691136021865976,train,L3IT,pyramidal,4.4134774,5.4788485,2.958481
314,864691136239793212,test,NglFam,NglFam,7.146145,9.410185,3.361257
676,864691136108370905,train,BipFam,BipFam,6.9200244,5.8880677,2.1979556
2024,864691135573245165,train,BasketFam,BasketFam,3.2775388,4.906296,3.385316
6690,864691135480702662,train,MartFam,MartFam,3.497751,5.6277256,6.355312
1561,864691136523971473,train,BipFam,BipFam,6.4284005,4.8113856,2.4032516
137,864691136136838027,train,L6IT,pyramidal,7.4097185,9.604583,3.0017257
416,864691135496262032,train,BasketFam,BasketFam,4.8210783,7.7041316,3.6750605
734,864691135398762529,train,BipFam,BipFam,3.9743242,5.58677,1.7336829
281,864691136239793212,test,NglFam,NglFam,7.0772443,8.921652,3.2872782
5917,864691135464991645,train,thalamocortical,thalamocortical,5.7122116,6.4018083,1.9959418
503,864691136273370302,train,NglFam,NglFam,4.718846,9.226988,4.2007227
5282,864691135448017554,train,BasketFam,BasketFam,4.2074113,6.3499703,3.0771544
5311,864691135470255698,train,thalamocortical,thalamocortical,2.3898828,6.5942883,2.7739654
10332,864691135480702662,train,MartFam,MartFam,4.1181426,4.4598413,0.41400588
970,864691135464991645,train,thalamocortical,thalamocortical,2.1287782,6.743098,2.0031207
4,864691135727925311,test,L2IT,pyramidal,5.2677016,6.9055305,3.5043254
2572,864691135477104960,train,thalamocortical,thalamocortical,1.1708907,5.656949,5.0319505
482,864691136239068732,train,L3IT,pyramidal,5.1856065,6.403217,2.7392855
1700,864691136925008100,train,BipFam,BipFam,2.0209942,7.680545,4.0497475
202,864691136335553971,train,L2IT,pyramidal,4.613224,8.253274,4.3704667
2425,864691136392806271,train,BasketFam,BasketFam,2.9361289,5.722468,6.028376
4910,864691136381324501,train,BasketFam,BasketFam,0.80543065,6.2095475,4.401366
3766,864691136138695549,train,BasketFam,BasketFam,1.6238406,7.046048,5.503843
324,864691135273655569,train,L5ET,pyramidal,2.3070118,7.3784084,5.708402
6095,864691135480702662,train,MartFam,MartFam,4.433157,5.685834,2.949404
40,864691136137064075,train,BipFam,BipFam,3.1022282,7.203259,2.6383462
9829,864691135210446457,train,MartFam,MartFam,4.227619,4.6871114,0.391406
1455,864691136372954248,test,NglFam,NglFam,2.5032728,6.298477,3.0727801
250,864691135694415551,train,L4IT,pyramidal,3.43173,8.185114,3.196682
776,864691136052101363,train,BipFam,BipFam,7.581538,10.034378,3.1995063
3111,864691136390675216,train,BasketFam,BasketFam,6.5670104,4.643384,2.615797
5859,864691135448017554,train,BasketFam,BasketFam,2.6901097,4.894269,5.137474
1447,864691135659538306,train,thalamocortical,thalamocortical,5.675501,6.7781205,1.2336138
1449,864691136372954248,test,NglFam,NglFam,4.990523,6.420378,1.4433402
117,864691135431579440,train,BipFam,BipFam,4.180758,7.0912266,1.8790488
246,864691135492613471,test,L2IT,pyramidal,5.2185555,6.183198,2.8352692
3920,864691135739131780,train,MartFam,MartFam,2.051298,5.259724,2.23859
698,864691135689015264,train,thalamocortical,thalamocortical,2.6686056,8.136796,3.6245408
1244,864691135447979922,train,BipFam,BipFam,3.440506,7.994316,3.9089348
3854,864691135477104960,train,thalamocortical,thalamocortical,2.9106994,7.555606,3.7438023
2332,864691135477104960,train,thalamocortical,thalamocortical,4.1459827,6.4186916,1.0225273
1030,864691136118430628,train,BipFam,BipFam,4.156467,8.086084,3.6034062
288,864691135369651193,train,BipFam,BipFam,6.623978,7.953375,2.019107
245,864691135387513685,test,L4IT,pyramidal,6.2815933,8.64182,3.034536
371,864691135293605558,train,L4IT,pyramidal,6.4473276,8.10526,2.4405396
639,864691135941789606,train,BasketFam,BasketFam,3.595134,5.6788683,6.1183105
894,864691135346954143,train,MartFam,MartFam,4.0360403,7.678673,2.2169569
4127,864691136312076122,train,MartFam,MartFam,5.3374057,5.475144,2.168257
50,864691136390788215,train,L3IT,pyramidal,4.731397,9.311884,4.78564
2300,864691135014276342,test,BasketFam,BasketFam,3.3366187,5.59337,5.8817334
1611,864691135294194358,train,thalamocortical,thalamocortical,3.6969752,7.9425693,2.447598
37,864691136391024144,train,NglFam,NglFam,1.9245692,6.5237174,4.4926043
256,864691136524282001,train,NglFam,NglFam,6.5421796,6.426042,2.8443687
4355,864691136067404440,test,MartFam,MartFam,5.329337,5.907844,3.1574824
121,864691135702298491,train,L6IT,pyramidal,6.2364206,6.843085,4.4509873
7892,864691135774221643,train,MartFam,MartFam,2.160789,4.845636,1.9158663
417,864691136086632812,train,NglFam,NglFam,4.6995173,5.7401032,0.99935895
38,864691135499283987,train,L6IT,pyramidal,6.00494,8.916749,4.281973
393,864691136058602712,train,thalamocortical,thalamocortical,2.7860281,6.493231,2.83609
4277,864691135119335645,train,thalamocortical,thalamocortical,1.523646,6.730318,2.4376059
287,864691135994804394,train,BipFam,BipFam,6.0704217,6.7496405,4.5127378
1123,864691135546339880,train,L4IT,pyramidal,7.3433495,7.853541,3.1288743
443,864691135594982187,train,L4IT,pyramidal,4.969308,8.198868,3.5275228
519,864691136274546622,train,L4IT,pyramidal,4.295179,7.596876,2.2319524
499,864691134887444986,test,NglFam,NglFam,2.6171205,5.320174,2.4478953
573,864691136005322698,test,BasketFam,BasketFam,4.80037,5.177318,1.6823468
1125,864691136137064075,train,BipFam,BipFam,4.514955,8.822632,4.468279
2286,864691135990793216,train,MartFam,MartFam,6.4627523,3.7552562,2.1992927
333,864691135375655880,train,BipFam,BipFam,7.568677,9.9737835,2.5693989
4165,864691135309486662,train,BasketFam,BasketFam,2.0400357,7.183821,4.2833557
223,864691136138695549,train,BasketFam,BasketFam,2.6910245,4.7916813,6.0117793
294,864691135396720885,train,BasketFam,BasketFam,3.4158874,4.4160814,1.994163
3397,864691136007059658,test,BipFam,BipFam,6.4636602,6.5568213,2.8764377
460,864691135732257721,train,BasketFam,BasketFam,3.1863024,7.6791186,5.2762413
3284,864691136011549614,train,BipFam,BipFam,7.3419223,7.18553,3.448895
340,864691136391024144,train,NglFam,NglFam,3.0234427,7.3627834,3.7066085
3504,864691136123919654,train,BasketFam,BasketFam,3.3361585,6.2929063,6.4411874
94,864691136524282001,train,NglFam,NglFam,2.8844564,5.6823926,2.5627306
1369,864691135866821340,train,thalamocortical,thalamocortical,3.6016362,7.0806985,0.73723924
4105,864691135755605197,train,thalamocortical,thalamocortical,2.0073168,6.6059217,2.616908
1644,864691136452920319,train,BasketFam,BasketFam,6.817456,9.469619,1.6757697
559,864691135810297885,train,BipFam,BipFam,7.1316843,8.359597,2.9764516
119,864691135480702662,train,MartFam,MartFam,2.6391518,4.637992,1.4735034
134,864691135840033171,train,NglFam,NglFam,3.8365543,5.6438174,3.0407047
359,864691136086632812,train,NglFam,NglFam,5.1452374,6.437736,1.6430811
171,864691136228538961,train,L5IT,pyramidal,6.849324,7.7858377,2.5001411
1322,864691135463999294,train,BasketFam,BasketFam,2.2385159,7.322594,5.7124085
739,864691135585989240,train,BasketFam,BasketFam,2.0649996,6.3121815,4.969456
4978,864691135470255698,train,thalamocortical,thalamocortical,3.2912285,8.113106,2.5000212
132,864691136120465944,train,thalamocortical,thalamocortical,3.0728483,7.2285085,0.889653
3301,864691135755605197,train,thalamocortical,thalamocortical,2.0162582,7.0921307,1.8897146
2159,864691135778081453,train,thalamocortical,thalamocortical,4.5963216,6.5141883,1.0518196
2632,864691136288755395,train,thalamocortical,thalamocortical,2.6326897,6.6578484,2.1253543
517,864691135779705021,train,L4IT,pyramidal,4.7629337,9.391243,4.685158
999,864691136011549614,train,BipFam,BipFam,5.7996855,6.3895817,4.494302
5825,864691134886037498,train,MartFam,MartFam,3.3790936,4.499281,2.1844182
441,864691135479833030,train,L4IT,pyramidal,4.1061516,9.227567,4.778599
1263,864691135470255698,train,thalamocortical,thalamocortical,2.529628,8.14963,2.9125779
711,864691136091233847,train,thalamocortical,thalamocortical,2.1298547,6.871451,2.6966712
2635,864691135875919502,test,MartFam,MartFam,2.6718392,4.2496076,1.112693
277,864691135689555680,train,NglFam,NglFam,6.0394993,4.546615,2.696649
53,864691135693735103,train,NglFam,NglFam,7.5129075,9.753834,3.4366457
121,864691136239793212,test,NglFam,NglFam,5.957309,7.5188127,0.96830064
2525,864691136523971473,train,BipFam,BipFam,6.603887,7.1898956,4.4021053
4979,864691136011485614,test,BasketFam,BasketFam,1.2318271,5.7721176,5.2744455
552,864691135662070512,train,L4IT,pyramidal,6.2051277,6.779207,1.3252815
47,864691136052101363,train,BipFam,BipFam,7.4478083,9.750774,2.6942518
94,864691135774127611,train,BipFam,BipFam,6.644524,9.361938,3.7455711
2876,864691136814345075,train,MartFam,MartFam,7.4106836,3.5188518,2.1155918
8287,864691135858282030,train,MartFam,MartFam,4.5680447,5.477459,1.0119159
1495,864691136093003700,train,L5IT,pyramidal,7.4956813,9.809866,2.7702293
1361,864691136453183487,test,MartFam,MartFam,4.6730905,6.7255745,1.1961989
126,864691135782873936,test,thalamocortical,thalamocortical,2.7964804,5.9308457,2.7369447
72,864691135274713617,test,BipFam,BipFam,4.318666,9.111774,4.0976276
3564,864691135470255698,train,thalamocortical,thalamocortical,2.9940941,7.5864005,3.6187434
320,864691135741659499,train,L4IT,pyramidal,2.6649692,6.690632,3.2292578
1327,864691136011549614,train,BipFam,BipFam,6.819388,8.503062,1.6046656
1322,864691135742895723,test,BipFam,BipFam,2.3320308,7.7734723,4.162082
475,864691135214970752,train,BipFam,BipFam,4.406885,5.124095,2.964954
1028,864691136927366986,train,thalamocortical,thalamocortical,5.075466,7.9880853,1.8230864
3891,864691136311213914,test,BasketFam,BasketFam,2.3615263,4.710501,6.2430964
2266,864691135210178169,test,BasketFam,BasketFam,3.5950494,6.9535584,6.142551
5248,864691135271967397,train,MartFam,MartFam,1.4266179,6.226297,2.2802613
687,864691135778081453,train,thalamocortical,thalamocortical,2.5461242,6.2445593,2.221774
5358,864691135703016059,train,MartFam,MartFam,3.7241573,6.792115,0.6423747
857,864691136108370905,train,BipFam,BipFam,5.9730334,8.205328,1.2963562
5134,864691135611702023,train,BasketFam,BasketFam,2.5554698,4.7681017,6.096786
306,864691135397982753,train,L5IT,pyramidal,7.154527,7.989878,3.0103815
4794,864691135778081453,train,thalamocortical,thalamocortical,2.089613,7.972807,2.9702258
2445,864691135727929663,train,BasketFam,BasketFam,6.4862027,4.037979,2.035967
118,864691135990009600,test,L4IT,pyramidal,6.1357718,7.555528,2.0968704
1441,864691135562950369,train,BipFam,BipFam,4.163828,6.8944783,2.736474
1511,864691136966189518,test,MartFam,MartFam,7.820013,4.7687573,2.685512
2306,864691136330880234,train,MartFam,MartFam,1.952285,5.0134587,2.4109497
163,864691135303514791,train,NglFam,NglFam,7.637458,4.2318473,2.6337852
970,864691135878586963,test,thalamocortical,thalamocortical,2.5127015,7.5064487,3.8644025
3569,864691136006393034,train,MartFam,MartFam,2.9368396,7.8468547,4.0493317
145,864691135511324169,train,BipFam,BipFam,5.901671,5.4230266,2.6250043
348,864691135511324169,train,BipFam,BipFam,4.442689,7.073579,2.7920256
122,864691135280682401,train,L4IT,pyramidal,6.192681,7.231958,1.5164608
3330,864691136524014993,train,BasketFam,BasketFam,2.7806203,7.1556873,5.397804
1649,864691136372954248,test,NglFam,NglFam,4.493703,8.397568,3.918567
144,864691134887444986,test,NglFam,NglFam,5.250564,5.6796823,2.8077133
1717,864691136091233847,train,thalamocortical,thalamocortical,1.7524838,7.9286904,2.5657983
243,864691136330122730,train,L5IT,pyramidal,5.262509,6.361144,2.7252307
76,864691135755605197,train,thalamocortical,thalamocortical,2.913044,7.0610476,0.8527252
967,864691135106209101,train,BasketFam,BasketFam,1.7512771,5.7068114,4.8866124
2077,864691135741641876,test,BasketFam,BasketFam,1.8836623,7.2511516,5.79081
665,864691135528046939,train,MartFam,MartFam,2.4659243,4.8226075,2.1386347
1221,864691135778081453,train,thalamocortical,thalamocortical,1.6229552,7.181523,2.116249
386,864691136137210507,train,BipFam,BipFam,5.0373282,5.729452,1.3938171
953,864691136042989910,test,BasketFam,BasketFam,2.157767,7.175357,5.589178
733,864691135294194358,train,thalamocortical,thalamocortical,0.8525014,6.919385,2.7588289
87,864691136445968259,train,BasketFam,BasketFam,2.8764074,7.769025,4.9805326
1308,864691135659538306,train,thalamocortical,thalamocortical,1.7279329,6.655839,2.5270052
664,864691135742677867,train,BipFam,BipFam,4.079092,6.7513704,3.9010148
1678,864691135946994785,train,BasketFam,BasketFam,7.113113,8.405667,2.896227
90,864691135977309763,train,L4IT,pyramidal,4.413282,8.2695265,3.356878
3628,864691135499752723,train,BasketFam,BasketFam,2.930992,5.135227,5.8948045
1,864691135343506885,train,BipFam,BipFam,6.155584,7.759647,4.719154
549,864691134966249759,train,thalamocortical,thalamocortical,3.013751,6.901085,2.2027838
3846,864691135119335645,train,thalamocortical,thalamocortical,4.0776973,8.386436,3.399
745,864691135015605910,train,L3IT,pyramidal,6.0172276,6.8737936,1.6833872
234,864691135938404612,train,BipFam,BipFam,6.568651,8.270715,3.0715888
6738,864691135477104960,train,thalamocortical,thalamocortical,3.8402817,5.4351473,3.314079
4537,864691135997140906,train,BipFam,BipFam,5.9989552,6.052362,2.517998
4971,864691135346954143,train,MartFam,MartFam,2.3509793,5.7911124,1.8901834
222,864691135430749232,train,L4IT,pyramidal,6.815694,7.5310845,4.4010115
24,864691135490505018,train,L4IT,pyramidal,6.603588,7.946293,2.8532772
4826,864691136390675216,train,BasketFam,BasketFam,4.6621714,5.82194,3.7061217
4938,864691135119335645,train,thalamocortical,thalamocortical,1.4746859,6.6433926,2.4260037
6255,864691135689015264,train,thalamocortical,thalamocortical,2.3025134,7.9360623,3.8334649
1252,864691135214970752,train,BipFam,BipFam,5.754402,5.919956,2.5937338
106,864691135579134981,train,BipFam,BipFam,5.3524303,6.774319,3.6684897
3530,864691136011549614,train,BipFam,BipFam,5.3556232,6.4490514,2.8376985
7515,864691135464991645,train,thalamocortical,thalamocortical,4.4819307,5.7218003,3.167821
274,864691135106309709,train,NglFam,NglFam,6.841404,9.745239,1.6854861
1950,864691135685030130,train,thalamocortical,thalamocortical,3.2975929,6.4109135,3.2552905
1059,864691135891690121,train,BasketFam,BasketFam,3.4432375,6.1162686,6.1079473
1060,864691136145537844,train,BipFam,BipFam,6.701828,7.2283864,1.8493085
881,864691135732257721,train,BasketFam,BasketFam,3.4453764,5.8883815,6.256435
954,864691135920591792,train,BasketFam,BasketFam,1.6165837,4.903483,5.9316134
108,864691136026013497,train,BipFam,BipFam,3.33014,7.78374,3.6158078
137,864691136144827444,train,L2IT,pyramidal,7.3920918,5.4502826,2.5434809
567,864691135106309709,train,NglFam,NglFam,6.785966,8.977211,2.8493855
137,864691135782873936,test,thalamocortical,thalamocortical,6.4148316,8.202442,2.845598
655,864691136273370302,train,NglFam,NglFam,3.91691,9.204942,4.9290867
72,864691135349839831,train,L3IT,pyramidal,5.947902,7.5433335,2.1832204
4717,864691135891796617,train,BasketFam,BasketFam,1.9133732,5.61099,5.326152
1409,864691135492665959,train,MartFam,MartFam,6.4809046,3.8019323,2.6927032
67,864691136195526120,train,L4IT,pyramidal,5.9542584,7.485227,1.5026625
2169,864691135920776624,train,MartFam,MartFam,3.9344058,8.193155,3.4788575
5723,864691135480702662,train,MartFam,MartFam,5.330714,8.227635,1.7879549
232,864691135586240120,train,L2IT,pyramidal,6.7039895,7.7551064,1.9352477
290,864691135132887456,test,NglFam,NglFam,4.831466,6.268839,1.5908678
4503,864691136195284556,train,MartFam,MartFam,7.044717,8.4173765,2.0191379
3012,864691135839979667,train,MartFam,MartFam,3.0427568,5.178477,2.4455626
151,864691135183646466,train,L6CT,pyramidal,6.47621,9.284445,2.2957196
675,864691135689555680,train,NglFam,NglFam,6.6778626,6.5121655,2.6862864
944,864691135990793216,train,MartFam,MartFam,7.408206,3.559889,2.0402415
3665,864691135702887291,train,BasketFam,BasketFam,3.0737624,5.9769354,6.1083035
2287,864691135858282030,train,MartFam,MartFam,2.6217973,8.0059595,4.1484294
2897,864691135571546917,train,MartFam,MartFam,6.1181684,8.406996,1.4954077
471,864691135503443549,train,L4IT,pyramidal,4.5569334,5.1100035,2.5835133
245,864691136005322698,test,BasketFam,BasketFam,4.367972,6.409375,4.4446797
92,864691135993770945,test,BipFam,BipFam,6.379857,9.387822,3.2744055
204,864691136438372254,train,BipFam,BipFam,5.9313016,6.187065,1.484783
152,864691136273370302,train,NglFam,NglFam,7.092645,9.489956,2.0919616
3692,864691136011733934,train,MartFam,MartFam,2.4902782,8.434559,3.8727176
3822,864691135996104618,train,BasketFam,BasketFam,2.925318,5.8443356,6.6217446
1666,864691135464991645,train,thalamocortical,thalamocortical,2.515217,6.603882,3.8636596
341,864691136052637171,train,L4IT,pyramidal,2.994017,6.972735,3.2887738
724,864691136364166370,train,BipFam,BipFam,7.823715,4.455151,2.6766713
3354,864691136595955362,train,MartFam,MartFam,1.3259,7.2191405,3.975209
132,864691135750649129,train,L4IT,pyramidal,3.7419033,7.724621,3.4572036
3326,864691135997140906,train,BipFam,BipFam,7.310557,6.83259,2.86132
1409,864691136145572404,train,BipFam,BipFam,3.3038507,4.9181895,3.3097177
2536,864691135990672896,train,MartFam,MartFam,4.300426,6.855306,2.2412992
3166,864691135362357319,train,BasketFam,BasketFam,1.0640016,5.427593,5.32359
3767,864691135196475434,train,MartFam,MartFam,3.0760858,4.0565853,0.6686396
216,864691135309733190,train,NglFam,NglFam,4.030078,6.776212,3.954384
403,864691135860969064,train,L4IT,pyramidal,2.6483557,7.236617,1.1483967
801,864691135755707597,train,BipFam,BipFam,6.0899367,8.21084,4.6861377
1277,864691136034433723,train,MartFam,MartFam,3.3272731,5.009829,3.1507325
1919,864691135106189901,test,BasketFam,BasketFam,3.8620718,6.96438,6.011522
1505,864691135210178169,test,BasketFam,BasketFam,1.5185008,6.375508,5.9149647
5572,864691135477104960,train,thalamocortical,thalamocortical,4.0871725,8.420503,3.4718478
2387,864691135853090503,test,BasketFam,BasketFam,3.2255757,5.205884,6.2104073
997,864691135571440006,train,MartFam,MartFam,3.4258196,4.8628893,1.7566524
2103,864691135346954143,train,MartFam,MartFam,1.8216507,5.2525673,2.0191638
1079,864691136138695549,train,BasketFam,BasketFam,3.89385,5.4229455,5.42713
3404,864691135990672896,train,MartFam,MartFam,3.6672873,8.327676,4.0171165
17,864691135106309709,train,NglFam,NglFam,6.8712697,8.909036,2.2403939
2677,864691136118294692,train,thalamocortical,thalamocortical,3.8651206,6.877366,0.8628252
1439,864691136091233847,train,thalamocortical,thalamocortical,3.3337276,7.9689484,2.6887403
36,864691136968429774,train,L4IT,pyramidal,6.9882226,6.206032,2.2767954
2771,864691136118294692,train,thalamocortical,thalamocortical,3.0436463,7.1134353,1.0229102
99,864691135839999379,train,BipFam,BipFam,7.833238,6.4216046,3.0809548
850,864691135106309709,train,NglFam,NglFam,6.8738894,9.681861,1.6647142
10,864691135132887456,test,NglFam,NglFam,7.41148,3.6891282,2.628462
5699,864691135456535658,train,MartFam,MartFam,7.4418893,5.0880046,2.8476942
621,864691135742189163,test,L4IT,pyramidal,4.4548054,8.429744,3.5413282
2111,864691135343601093,train,BasketFam,BasketFam,2.551793,6.6107907,4.778592
239,864691135106309709,train,NglFam,NglFam,4.9747605,9.061573,4.582832
8591,864691136390905207,train,MartFam,MartFam,6.1370916,7.4150352,4.8715787
2414,864691136445968259,train,BasketFam,BasketFam,3.4174464,6.3419247,6.072943
3038,864691135258628527,test,BasketFam,BasketFam,2.8166733,7.5438604,4.77474
539,864691135106309709,train,NglFam,NglFam,4.7050986,9.474318,4.9045053
5438,864691135839979667,train,MartFam,MartFam,1.3444728,7.2205024,3.959262
841,864691135742826603,train,BipFam,BipFam,3.753268,9.101913,4.795957
11,864691135119630813,test,BipFam,BipFam,7.8338103,6.2350373,2.965085
2387,864691135346954143,train,MartFam,MartFam,1.8920683,5.077926,2.2579815
314,864691135689555680,train,NglFam,NglFam,6.08082,5.3901844,2.3150094
519,864691136137210507,train,BipFam,BipFam,4.9949346,7.1723924,3.1090815
740,864691135997428394,test,thalamocortical,thalamocortical,3.6419544,5.295291,6.0225477
953,864691135477104960,train,thalamocortical,thalamocortical,2.8141935,8.548129,3.4745119
317,864691136298913563,train,MartFam,MartFam,1.7940172,6.3644857,2.5781035
196,864691136273370302,train,NglFam,NglFam,3.3857553,8.060655,4.479518
168,864691135773776459,train,L6IT,pyramidal,6.652109,9.421203,3.6725745
2504,864691136905941426,train,BasketFam,BasketFam,5.150455,8.064225,1.992284
456,864691135448256146,train,L4IT,pyramidal,5.3159266,9.580778,4.5514283
17,864691135293096118,train,NglFam,NglFam,2.1243858,6.7587886,2.113872
1029,864691135106309709,train,NglFam,NglFam,6.071797,7.5758467,4.944705
4739,864691136211068860,train,BasketFam,BasketFam,1.8379112,6.2849555,6.108066
489,864691135060094107,train,L4IT,pyramidal,4.858819,8.407,3.9894168
8,864691135885623408,train,L6CT,pyramidal,4.8125844,5.4662356,4.577391
217,864691135309733190,train,NglFam,NglFam,7.175189,6.1945076,2.5332568
1506,864691135294194358,train,thalamocortical,thalamocortical,1.6167678,6.9979777,2.9727895
1829,864691136011549614,train,BipFam,BipFam,6.3481226,5.772423,2.2817523
148,864691136007059658,test,BipFam,BipFam,7.3783083,7.11382,3.0114472
147,864691136578982164,test,L4IT,pyramidal,7.108427,5.616253,2.4134398
3439,864691136007059658,test,BipFam,BipFam,5.864831,6.313164,3.5212317
2108,864691135659538306,train,thalamocortical,thalamocortical,2.6705148,7.43509,2.9800062
1931,864691136390905207,train,MartFam,MartFam,5.1809363,7.032699,2.6671576
121,864691136523971473,train,BipFam,BipFam,3.4933727,5.759001,2.8237484
704,864691135878586963,test,thalamocortical,thalamocortical,1.2589985,6.7072277,2.629018
7619,864691135477104960,train,thalamocortical,thalamocortical,5.5923915,8.893945,2.5530071
430,864691136196240342,test,BipFam,BipFam,5.5226645,7.2200813,4.4631486
188,864691136052101363,train,BipFam,BipFam,7.3467093,9.669983,2.7582788
1354,864691135119335645,train,thalamocortical,thalamocortical,2.2284987,6.4105372,2.762983
835,864691135119335645,train,thalamocortical,thalamocortical,1.5825987,6.677708,2.45388
288,864691135566824983,test,BipFam,BipFam,6.0883074,6.516922,2.082676
217,864691136025992761,train,BipFam,BipFam,4.8804555,6.119159,2.5564055
1561,864691135875414414,train,BasketFam,BasketFam,3.368603,5.748743,6.416119
41,864691135562798817,train,L3IT,pyramidal,7.3770995,7.260144,3.3874395
49,864691135431648048,train,L4IT,pyramidal,3.2237077,6.3414416,2.7445962
65,864691135990564864,train,NglFam,NglFam,7.4012933,3.3106685,2.1745656
3635,864691136053350131,test,thalamocortical,thalamocortical,2.6137168,8.394579,3.3907351
1451,864691135343506885,train,BipFam,BipFam,6.1354733,6.968389,4.7501283
13382,864691135271967397,train,MartFam,MartFam,3.2357993,4.525193,1.0468463
278,864691136011549614,train,BipFam,BipFam,7.834972,5.4708567,2.4846451
1080,864691136742921308,test,BasketFam,BasketFam,2.3793268,5.194228,6.3751416
1630,864691135431441968,train,thalamocortical,thalamocortical,2.0859928,7.8244367,3.8469617
3584,864691135271967397,train,MartFam,MartFam,2.0146015,6.025963,2.1057463
45,864691135496444816,train,BasketFam,BasketFam,1.3867493,5.3876715,4.9328384
31,864691135840033171,train,NglFam,NglFam,7.154559,9.655437,2.2357397
4729,864691136603935441,train,BasketFam,BasketFam,1.9677721,4.7615495,6.017516
338,864691135528193883,test,BipFam,BipFam,6.0721264,8.318814,4.8069544
13,864691136314485053,train,L5NP,pyramidal,6.9830194,8.791509,2.3933015
1467,864691136925008100,train,BipFam,BipFam,2.6786525,6.698829,2.0865138
1890,864691136011549614,train,BipFam,BipFam,5.4284887,6.8622894,3.6818168
100,864691135309733190,train,NglFam,NglFam,7.175702,4.1341023,3.0423548
7228,864691135618332265,train,BasketFam,BasketFam,6.7226124,8.128473,2.8440094
1244,864691135755605197,train,thalamocortical,thalamocortical,1.7889683,7.1698346,2.8472884
3675,864691135258628527,test,BasketFam,BasketFam,1.9304202,7.0658083,5.6547194
1108,864691136053350131,test,thalamocortical,thalamocortical,2.3957248,6.5374312,2.8372862
333,864691136067404440,test,MartFam,MartFam,6.1992664,6.728251,4.4277606
190,864691135741910164,train,L6IT,pyramidal,7.547097,9.595195,2.5254118
124,864691136381353685,train,L3IT,pyramidal,4.44518,8.265786,3.3148377
4412,864691136011458734,test,BasketFam,BasketFam,1.1870744,6.003223,5.406186
2250,864691135477104960,train,thalamocortical,thalamocortical,5.511999,6.470074,4.4183183
5015,864691135499752723,train,BasketFam,BasketFam,2.506375,5.128859,6.2234454
4130,864691135210446457,train,MartFam,MartFam,2.0264404,6.996395,3.7024682
4566,864691135499624723,train,BasketFam,BasketFam,1.753955,5.226362,5.108867
5141,864691136033871035,train,thalamocortical,thalamocortical,1.8590329,7.509291,2.0286536
172,864691136580010516,test,MartFam,MartFam,2.6485167,5.193189,2.4973667
4365,864691135755605197,train,thalamocortical,thalamocortical,2.896872,6.857268,2.384341
400,864691135689555680,train,NglFam,NglFam,7.17496,4.6832595,2.4755318
596,864691135431579440,train,BipFam,BipFam,6.1830215,7.966995,2.2219164
95,864691135586022264,train,BasketFam,BasketFam,2.7718494,5.0740895,5.8224487
539,864691136392806271,train,BasketFam,BasketFam,2.8385086,5.104994,6.384476
114,864691134991032954,train,L4IT,pyramidal,4.0749393,8.523647,3.787919
90,864691135693735103,train,NglFam,NglFam,4.298492,9.58912,4.9939494
150,864691136391024144,train,NglFam,NglFam,2.0960343,6.613125,3.066656
1705,864691136145494068,train,BasketFam,BasketFam,1.152239,5.726343,5.4125333
662,864691135431579440,train,BipFam,BipFam,6.1770334,8.772999,1.752444
39,864691135566979927,train,MartFam,MartFam,5.370935,7.820051,3.8438325
131,864691135132887456,test,NglFam,NglFam,3.0037801,5.7472887,2.1498342
2826,864691136390828919,train,MartFam,MartFam,2.7168567,4.248376,0.85074955
5505,864691136007059658,test,BipFam,BipFam,4.774168,5.4582915,4.563372
461,864691136137064075,train,BipFam,BipFam,4.396347,9.244803,4.836662
37,864691135993185985,test,BasketFam,BasketFam,3.3170714,6.627671,6.5141945
1129,864691135492614239,train,MartFam,MartFam,6.539691,5.85853,2.0484216
6916,864691135941898918,train,MartFam,MartFam,4.8625026,4.935822,3.0286849
737,864691134887444986,test,NglFam,NglFam,4.2229314,8.8275175,4.476451
4068,864691136138803837,train,BasketFam,BasketFam,1.4690125,5.4032016,5.3369727
1918,864691135477104960,train,thalamocortical,thalamocortical,2.2515435,6.502853,2.6731968
262,864691134887444986,test,NglFam,NglFam,4.7810183,5.5434585,1.456575
3655,864691135235206489,train,MartFam,MartFam,6.159064,4.837958,2.424327
1655,864691135369668089,train,BasketFam,BasketFam,2.8186646,5.180624,5.9651012
189,864691135693735103,train,NglFam,NglFam,6.2600656,8.367668,4.9831815
41,864691135119630813,test,BipFam,BipFam,6.416129,5.036346,2.5392923
1729,864691135869457430,train,BasketFam,BasketFam,2.252437,7.9933186,5.8513737
3394,864691135528046939,train,MartFam,MartFam,3.8344693,5.878574,1.4821122
240,864691136579434260,train,L6IT,pyramidal,5.1564784,8.543971,3.7957907
1494,864691134966249759,train,thalamocortical,thalamocortical,4.825121,7.620457,2.5749083
3530,864691135309486662,train,BasketFam,BasketFam,1.6009699,6.0171933,4.660332
151,864691135309733190,train,NglFam,NglFam,7.2098484,3.4206107,2.2888405
999,864691135477104960,train,thalamocortical,thalamocortical,2.72465,6.799499,2.1684477
214,864691135977045871,train,L4IT,pyramidal,6.8571796,7.7978506,3.897858
174,864691136436788382,train,BipFam,BipFam,6.9268527,6.880601,2.603116
223,864691135778081453,train,thalamocortical,thalamocortical,2.8982964,5.237631,2.4816284
260,864691136211325884,test,L2IT,pyramidal,7.684292,9.152176,2.674097
7576,864691135464991645,train,thalamocortical,thalamocortical,4.436899,5.5730743,1.6854311
280,864691136010650796,train,BipFam,BipFam,6.8031845,5.897732,2.0818775
3639,864691135528046939,train,MartFam,MartFam,2.795671,5.0012717,2.249537
503,864691136364166370,train,BipFam,BipFam,6.988764,7.677866,3.202944
436,864691134887444986,test,NglFam,NglFam,4.1646028,4.884498,2.4026926
929,864691136058602712,train,thalamocortical,thalamocortical,1.1071213,6.7084165,2.471613
104,864691135727907391,train,L2IT,pyramidal,7.725096,6.275268,3.150162
7746,864691135456535658,train,MartFam,MartFam,7.9301467,5.1475434,2.579066
701,864691136273370302,train,NglFam,NglFam,4.005582,7.776886,3.3418312
3463,864691136021592568,train,BasketFam,BasketFam,1.3356582,7.2497735,5.0554905
2072,864691135659538306,train,thalamocortical,thalamocortical,3.3844159,6.956846,2.927169
112,864691135309733190,train,NglFam,NglFam,7.3427052,6.091407,2.6950498
590,864691135106309709,train,NglFam,NglFam,7.322712,9.671688,2.7784667
1946,864691135456535658,train,MartFam,MartFam,4.156506,4.555831,0.519462
3879,864691136007059658,test,BipFam,BipFam,6.24465,6.751504,3.964015
1781,864691135954480163,train,MartFam,MartFam,2.2631166,4.6431146,1.647138
7469,864691135464991645,train,thalamocortical,thalamocortical,3.873581,7.1186724,3.2907546
2154,864691135659538306,train,thalamocortical,thalamocortical,7.304958,8.903961,2.191308
1698,864691136914542577,train,MartFam,MartFam,4.2739053,5.1525307,3.8695958
302,864691136273370302,train,NglFam,NglFam,6.887898,9.741347,3.2385247
5,864691135948215076,test,BipFam,BipFam,6.6461062,7.4083123,3.5498564
441,864691135106309709,train,NglFam,NglFam,5.7565384,8.064676,4.4883494
985,864691136364166370,train,BipFam,BipFam,5.6155553,7.2869735,4.657494
851,864691136372954248,test,NglFam,NglFam,3.7983322,6.8631773,1.2237628
522,864691136372954248,test,NglFam,NglFam,4.7212534,5.6482944,0.8164082
725,864691136145572404,train,BipFam,BipFam,2.6693952,8.34383,3.3232868
9,864691135305383591,train,NglFam,NglFam,7.6884437,3.8973033,2.564034
8835,864691135703016059,train,MartFam,MartFam,4.2037735,4.609706,0.6625917
966,864691135271343525,train,BipFam,BipFam,4.575287,5.8549333,1.2096858
92,864691135891796617,train,BasketFam,BasketFam,2.2153351,4.640608,5.5479712
806,864691135496444816,train,BasketFam,BasketFam,1.4152229,5.535173,4.784647
35,864691135293096118,train,NglFam,NglFam,2.2401295,7.046575,2.3795123
580,864691136229363025,train,L4IT,pyramidal,1.872303,7.8641233,2.7822247
105,864691136524282001,train,NglFam,NglFam,7.2744193,5.761206,2.7517905
2794,864691136195284556,train,MartFam,MartFam,2.519363,4.8918676,2.2743497
3489,864691135325426076,train,MartFam,MartFam,2.507768,4.7138643,1.4345577
2041,864691136381324501,train,BasketFam,BasketFam,2.733044,4.8842764,5.9309316
292,864691136336204979,train,NglFam,NglFam,3.677986,4.5891585,2.2693758
2111,864691135866821340,train,thalamocortical,thalamocortical,5.5715094,6.1958656,3.4074914
848,864691135810297885,train,BipFam,BipFam,5.3622,9.03296,4.4966364
6563,864691136580010516,test,MartFam,MartFam,3.6451395,4.6515646,0.64186764
255,864691136144674612,train,L3IT,pyramidal,2.8805544,6.5752563,2.810447
2089,864691135119335645,train,thalamocortical,thalamocortical,1.9474884,6.609906,2.7240257
560,864691135755605197,train,thalamocortical,thalamocortical,4.8106394,5.621535,1.245641
273,864691135132887456,test,NglFam,NglFam,7.4934196,4.144167,2.6822548
610,864691135891690121,train,BasketFam,BasketFam,2.426506,6.6853323,4.483333
2267,864691136523971473,train,BipFam,BipFam,2.347843,5.2031217,1.4306761
259,864691135857976366,train,BipFam,BipFam,5.4764094,7.554034,3.9303493
3415,864691136118294692,train,thalamocortical,thalamocortical,2.635783,7.1977453,1.032699
84,864691136100014453,train,BipFam,BipFam,5.6818314,7.7567964,4.7345257
326,864691135343506885,train,BipFam,BipFam,5.165869,6.525218,1.3371406
82,864691135369651193,train,BipFam,BipFam,4.9285507,5.865274,2.6590188
268,864691136392622207,train,BasketFam,BasketFam,5.7217093,7.8892436,4.840553
3770,864691135997140906,train,BipFam,BipFam,4.99443,5.827119,2.7443333
1505,864691135994158785,test,MartFam,MartFam,6.5522447,9.120968,1.5091554
3737,864691136053350131,test,thalamocortical,thalamocortical,2.1491354,7.632829,4.1708264
443,864691134887444986,test,NglFam,NglFam,3.1987925,8.1496725,3.7413778
364,864691135387551061,train,BasketFam,BasketFam,3.4361136,6.125798,5.699455
1646,864691135994158785,test,MartFam,MartFam,5.907287,4.6637197,1.7959797
1311,864691136145572404,train,BipFam,BipFam,3.911949,7.460677,1.7307506
632,864691136196932172,train,BasketFam,BasketFam,1.1300949,5.2001786,5.427668
7879,864691136314120765,train,BasketFam,BasketFam,3.611992,6.2005587,5.9099045
1832,864691135611702023,train,BasketFam,BasketFam,1.6045747,6.292117,5.4449005
1859,864691135839979667,train,MartFam,MartFam,2.7411118,5.2041173,1.1920253
5234,864691135464991645,train,thalamocortical,thalamocortical,3.8496025,6.347395,1.5422667
820,864691135939949365,train,L4IT,pyramidal,5.9111404,6.791671,1.5038483
525,864691135106309709,train,NglFam,NglFam,6.1475234,7.1370726,4.8698573
989,864691135885194352,train,BasketFam,BasketFam,3.1080353,7.046905,5.6542788
372,864691136229186129,train,L2IT,pyramidal,5.920388,8.197289,4.573746
762,864691135504203357,train,L4IT,pyramidal,6.701836,8.528574,1.9534823
2733,864691135470255698,train,thalamocortical,thalamocortical,5.6495943,8.826848,2.4781842
3668,864691136523889553,train,BasketFam,BasketFam,2.9593973,7.6149864,5.355632
487,864691136137168779,train,BipFam,BipFam,3.9554574,5.8778996,2.3677213
4066,864691135470255698,train,thalamocortical,thalamocortical,3.1408904,6.853143,1.3647788
2071,864691135235206489,train,MartFam,MartFam,5.1898894,7.483495,3.5626473
779,864691135685030130,train,thalamocortical,thalamocortical,4.6324944,7.291099,1.1512654
112,864691136663528670,train,L3IT,pyramidal,6.2283406,6.6822023,4.4296393
1781,864691136021592568,train,BasketFam,BasketFam,2.0744224,7.6638,5.4369273
5018,864691136033871035,train,thalamocortical,thalamocortical,2.5052497,6.757366,1.077181
91,864691136596060322,train,L6CT,pyramidal,7.526457,9.624254,3.021096
337,864691136311267930,train,L3IT,pyramidal,3.8189843,9.314843,5.1152687
55,864691135990564864,train,NglFam,NglFam,6.9269876,3.2602506,2.0562828
1199,864691135778618029,train,BipFam,BipFam,3.20898,7.93219,3.3989577
844,864691135214970752,train,BipFam,BipFam,4.6853347,4.39558,0.6130451
1483,864691135294194358,train,thalamocortical,thalamocortical,4.428243,6.056047,1.0084372
2223,864691135878586963,test,thalamocortical,thalamocortical,2.3197577,7.0183387,1.9952736
524,864691136145537844,train,BipFam,BipFam,4.624636,6.993585,3.6640897
1326,864691135470860370,test,BipFam,BipFam,5.029301,5.111972,1.2446061
1004,864691134949248508,test,L5IT,pyramidal,5.2698693,8.261716,4.2763996
357,864691135388368001,train,L4IT,pyramidal,4.4924912,7.149079,2.314187
375,864691136273370302,train,NglFam,NglFam,6.1349797,7.7017126,4.8416777
296,864691136524282001,train,NglFam,NglFam,6.440612,3.3946393,2.1822116
45,864691135106309709,train,NglFam,NglFam,5.52248,4.973649,1.5422311
99,864691135479833030,train,L4IT,pyramidal,6.6050386,6.989075,1.5504764
8175,864691136580010516,test,MartFam,MartFam,2.8145244,4.2477164,0.7833757
168,864691135741874836,test,L2IT,pyramidal,6.7796936,7.6509995,2.0050287
3812,864691135739131780,train,MartFam,MartFam,6.3437324,9.056026,1.5126494
1391,864691136381324501,train,BasketFam,BasketFam,3.3051097,4.9165893,3.3209255
271,864691135106309709,train,NglFam,NglFam,5.6730266,9.090662,4.252623
667,864691136927688266,test,L4IT,pyramidal,5.9599385,6.720216,1.3919551
3074,864691135997140906,train,BipFam,BipFam,3.2187562,7.225737,3.5122116
3814,864691136034487483,train,BasketFam,BasketFam,0.9770648,5.8037167,5.115997
6669,864691134886037498,train,MartFam,MartFam,2.864633,4.88077,2.2910917
278,864691136288752835,train,thalamocortical,thalamocortical,4.679497,8.337028,3.8166518
40,864691135014258070,train,BasketFam,BasketFam,2.2999232,7.856603,5.4948096
398,864691135102274592,train,L3IT,pyramidal,6.333949,4.0962777,2.718179
205,864691136372954248,test,NglFam,NglFam,4.394,5.338717,2.392148
1911,864691135274708753,train,BasketFam,BasketFam,1.7473303,5.429696,5.4701924
76,864691136524282001,train,NglFam,NglFam,4.1312943,4.376685,2.629004
3448,864691136033871035,train,thalamocortical,thalamocortical,3.0511734,6.9680367,0.8547827
692,864691135396720885,train,BasketFam,BasketFam,1.375804,6.392099,5.529995
334,864691135659824514,train,BipFam,BipFam,6.206086,7.445798,2.24975
404,864691135583223405,train,L4IT,pyramidal,6.5230217,9.458937,3.8242269
1739,864691135742895723,test,BipFam,BipFam,4.4127393,4.5131764,2.8478398
960,864691135398762529,train,BipFam,BipFam,5.1991186,7.5219965,1.7130731
50,864691135566902039,train,BipFam,BipFam,3.481115,7.0526047,3.0959857
1317,864691135689015264,train,thalamocortical,thalamocortical,4.372303,5.686285,3.829751
1983,864691136288755395,train,thalamocortical,thalamocortical,1.6173744,7.1125154,3.4264786
713,864691135375590217,train,L4IT,pyramidal,6.695045,7.586332,2.224501
238,864691135303514791,train,NglFam,NglFam,7.3155885,3.7824855,2.481719
684,864691135455819114,test,L4IT,pyramidal,5.800036,7.4687834,1.8069793
1661,864691135470860370,test,BipFam,BipFam,2.701193,4.860758,1.1037213
261,864691136137210507,train,BipFam,BipFam,6.412652,3.8092797,2.6117804
963,864691135343506885,train,BipFam,BipFam,5.719098,8.064192,2.6278226
1855,864691136007059658,test,BipFam,BipFam,7.022106,5.1585035,2.36148
1953,864691135941829121,test,BasketFam,BasketFam,4.034149,9.355372,4.374691
406,864691135431579440,train,BipFam,BipFam,7.5034122,8.323651,3.543697
305,864691135801163874,train,L2IT,pyramidal,7.20585,4.6923165,2.8732867
90,864691136025992761,train,BipFam,BipFam,3.3517356,5.7530494,2.781506
1098,864691136372954248,test,NglFam,NglFam,3.3025339,4.99991,3.209595
778,864691136011549614,train,BipFam,BipFam,7.5262885,7.711067,2.5532846
214,864691134887444986,test,NglFam,NglFam,7.5511394,5.7832766,2.5951893
576,864691135470255698,train,thalamocortical,thalamocortical,2.8304183,7.134771,0.9465621
296,864691136391024144,train,NglFam,NglFam,3.11555,6.9942684,3.5142138
465,864691135996891050,test,BipFam,BipFam,4.948904,9.462628,4.519599
262,864691135336055529,train,L4IT,pyramidal,5.098164,6.4292574,1.2291023
891,864691136137210507,train,BipFam,BipFam,4.7333965,6.7663183,2.8558826
1226,864691136145537844,train,BipFam,BipFam,3.793116,8.672087,4.3568406
7,864691135842486243,train,L3IT,pyramidal,6.363564,7.797532,2.7303147
1855,864691135496262032,train,BasketFam,BasketFam,1.9168983,5.1680307,4.758557
64,864691135384262362,test,L6CT,pyramidal,5.4205003,9.041299,4.378745
94,864691135892176009,train,MartFam,MartFam,4.072045,7.8021517,2.0916061
163,864691135955262472,test,L4IT,pyramidal,2.7708547,7.203225,2.5647416
11,864691136372954248,test,NglFam,NglFam,4.3075085,8.22025,3.7582483
1149,864691136814345075,train,MartFam,MartFam,5.944004,5.3913507,2.777976
905,864691135106309709,train,NglFam,NglFam,6.753398,9.4510565,1.8036821
30,864691135325263004,train,L3IT,pyramidal,7.554635,6.0236387,3.1597934
9119,864691135456535658,train,MartFam,MartFam,4.662167,5.7626443,1.1414706
814,864691136011549614,train,BipFam,BipFam,6.538599,5.5972524,1.8557336
2973,864691135755605197,train,thalamocortical,thalamocortical,0.9962877,7.2732553,2.6206558
1891,864691135511861968,test,MartFam,MartFam,3.1246936,4.744034,1.0771906
887,864691135106309709,train,NglFam,NglFam,4.8296685,8.4076395,3.8927069
251,864691136336204979,train,NglFam,NglFam,5.32196,6.507443,1.6938297
637,864691136364166370,train,BipFam,BipFam,6.4815,4.835053,2.7164092
2432,864691135994158785,test,MartFam,MartFam,6.2813315,8.385187,1.3433709
215,864691137198691137,train,L2IT,pyramidal,5.485617,6.055651,2.4491372
4889,864691136007059658,test,BipFam,BipFam,4.425694,9.493875,3.89664
879,864691136053350131,test,thalamocortical,thalamocortical,1.8630803,7.689573,2.4851973
604,864691135106309709,train,NglFam,NglFam,6.4877534,9.380073,2.0878177
4284,864691135373601736,train,BasketFam,BasketFam,2.405379,8.166158,5.4221034
2124,864691135941829121,test,BasketFam,BasketFam,2.0367477,6.589207,5.5692487
34,864691134948788476,train,L3IT,pyramidal,7.15897,8.282346,3.576361
7684,864691135477104960,train,thalamocortical,thalamocortical,1.4117754,7.0057225,3.6857452
7631,864691135858282030,train,MartFam,MartFam,4.668275,5.3811936,0.4971508
1587,864691135659538306,train,thalamocortical,thalamocortical,2.7360704,8.149636,4.1910043
918,864691135389004929,train,BasketFam,BasketFam,2.5648832,7.744942,5.5749717
4165,864691135779780797,test,MartFam,MartFam,4.257334,4.984233,0.6713525
70,864691135997140906,train,BipFam,BipFam,6.4736953,6.4278474,3.7846394
4590,864691135720572977,train,MartFam,MartFam,4.149443,4.9882083,3.7303293
464,864691136372954248,test,NglFam,NglFam,7.3837137,6.3022566,2.8311906
279,864691136100014453,train,BipFam,BipFam,3.3436713,7.764679,3.8213203
253,864691135566274391,train,L6CT,pyramidal,6.3284526,7.7651563,1.5187386
40,864691135689015264,train,thalamocortical,thalamocortical,2.7428334,6.6502357,3.0989096
916,864691136052101363,train,BipFam,BipFam,3.6997137,9.194744,4.9672017
379,864691135810982860,train,L4IT,pyramidal,5.703118,6.132619,1.2797878
2656,864691135343509701,train,MartFam,MartFam,6.832452,7.541858,1.5919416
3875,864691135442598728,train,BasketFam,BasketFam,2.9798903,6.0922194,5.4424944
2765,864691135478095016,train,BasketFam,BasketFam,2.0259566,4.906452,6.2774367
3411,864691135499624723,train,BasketFam,BasketFam,1.4650855,5.875012,4.5508947
1583,864691136372954248,test,NglFam,NglFam,4.679353,8.498046,3.800262
3723,864691135477104960,train,thalamocortical,thalamocortical,2.1902783,8.085323,2.9299183
6017,864691135689015264,train,thalamocortical,thalamocortical,2.302024,7.1254787,1.2616704
2644,864691136007059658,test,BipFam,BipFam,5.9309406,6.3814564,3.3421156
38,864691136390675216,train,BasketFam,BasketFam,6.666914,4.514959,2.423123
712,864691135689555680,train,NglFam,NglFam,3.2697444,5.2153864,1.7258874
3622,864691136118294692,train,thalamocortical,thalamocortical,2.4952948,6.7750316,1.0849988
415,864691136273370302,train,NglFam,NglFam,6.0540824,8.848808,3.1771758
1665,864691135119709149,train,L3IT,pyramidal,4.072284,7.390057,1.2589129
3685,864691135755605197,train,thalamocortical,thalamocortical,2.4063182,7.521456,2.6062882
1254,864691135742895723,test,BipFam,BipFam,5.2696896,7.772026,3.823975
4417,864691135997140906,train,BipFam,BipFam,6.401386,8.126079,1.5273257
567,864691135912137641,train,BasketFam,BasketFam,3.3475082,5.8289013,6.4245496
321,864691135102390816,train,L5IT,pyramidal,4.7467494,6.9773364,2.5693486
60,864691135431579440,train,BipFam,BipFam,5.7088003,7.009761,1.3127387
18,864691135470556242,train,MartFam,MartFam,3.3370543,4.6449165,2.2561142
528,864691135293096118,train,NglFam,NglFam,5.6090617,6.773465,1.8309156
5681,864691135689015264,train,thalamocortical,thalamocortical,3.7591062,6.6711626,3.499302
2579,864691135294194358,train,thalamocortical,thalamocortical,3.7607114,8.396864,3.6088774
2906,864691135782873936,test,thalamocortical,thalamocortical,4.266404,5.2555428,4.068639
532,864691135155894884,train,L2IT,pyramidal,7.186974,6.973618,2.6826625
1024,864691135373601736,train,BasketFam,BasketFam,3.432641,6.623978,6.542341
1548,864691135464991645,train,thalamocortical,thalamocortical,3.5290837,6.9833727,3.8673189
1806,864691134966249759,train,thalamocortical,thalamocortical,4.405647,5.549296,4.3882
166,864691136118878116,train,MartFam,MartFam,4.003302,4.656027,0.9637522
2001,864691136033871035,train,thalamocortical,thalamocortical,3.921486,6.8569126,1.3122319
1083,864691135431441968,train,thalamocortical,thalamocortical,3.001371,7.506443,3.3746843
991,864691135920591792,train,BasketFam,BasketFam,1.4239732,5.8541937,4.6232657
77,864691136138131325,train,L3IT,pyramidal,3.4774492,6.899263,2.162952
3525,864691136298913563,train,MartFam,MartFam,6.2811713,4.04001,1.9796453
873,864691135106309709,train,NglFam,NglFam,7.4920692,10.012103,2.614769
64,864691136120465944,train,thalamocortical,thalamocortical,5.1558714,7.2863107,1.3470032
3468,864691136453186559,train,BasketFam,BasketFam,1.4952679,5.736189,5.415813
1630,864691135778081453,train,thalamocortical,thalamocortical,3.8161616,7.1619606,1.4595643
2012,864691136033871035,train,thalamocortical,thalamocortical,6.4478626,8.731666,2.9709597
14276,864691135271967397,train,MartFam,MartFam,0.7442869,6.0154357,2.6704276
4239,864691135778081453,train,thalamocortical,thalamocortical,1.7491004,7.846305,3.8370662
1308,864691135343601093,train,BasketFam,BasketFam,1.5154154,6.5184774,5.4082885
427,864691136273370302,train,NglFam,NglFam,6.0113363,6.6289907,2.44323
694,864691135215254584,train,L4IT,pyramidal,5.3990355,6.2324615,1.0646757
280,864691135511324169,train,BipFam,BipFam,6.3575006,6.890159,1.2558439
627,864691135659538306,train,thalamocortical,thalamocortical,3.8875551,9.02357,4.8484273
2453,864691135756844242,test,MartFam,MartFam,4.476127,5.3851566,0.54890496
424,864691135323181212,test,MartFam,MartFam,5.983406,3.640873,2.1914184
1380,864691135387277397,test,thalamocortical,thalamocortical,5.761097,7.4498096,3.070122
1247,864691136372954248,test,NglFam,NglFam,4.881722,6.252589,1.5031372
2237,864691136053350131,test,thalamocortical,thalamocortical,3.2995915,6.978254,1.1062924
420,864691136239793212,test,NglFam,NglFam,6.42718,7.222028,4.7583604
807,864691135375888840,train,L4IT,pyramidal,7.4529605,8.550887,3.2497573
2316,864691135772774651,test,MartFam,MartFam,2.014004,6.703421,2.6255052
554,864691135431441968,train,thalamocortical,thalamocortical,6.430815,9.590609,2.1352
1084,864691135866821340,train,thalamocortical,thalamocortical,4.732889,5.4049377,4.6088595
21,864691135303514791,train,NglFam,NglFam,5.9887524,6.2245374,2.131973
1635,864691136312057178,train,BasketFam,BasketFam,1.3130807,5.226482,5.200196
1260,864691135778618029,train,BipFam,BipFam,7.46367,8.90235,2.3221092
402,864691136025992761,train,BipFam,BipFam,2.3235948,7.214964,2.732853
691,864691135584008045,test,L3IT,pyramidal,7.608273,9.501311,2.7157629
1122,864691136145537844,train,BipFam,BipFam,5.060355,9.256094,4.7827015
154,864691136012173475,test,BipFam,BipFam,4.461079,5.529555,3.079478
3459,864691135689015264,train,thalamocortical,thalamocortical,2.3429806,6.244938,2.5700119
295,864691136273370302,train,NglFam,NglFam,5.9579515,7.8484163,4.8902555
180,864691135783317840,train,thalamocortical,thalamocortical,2.6831174,7.6906962,3.6752396
3060,864691135928029966,train,thalamocortical,thalamocortical,6.672982,6.3366594,2.109932
430,864691135431579440,train,BipFam,BipFam,5.153405,5.260156,1.2898941
670,864691136298913563,train,MartFam,MartFam,5.051844,5.6640506,2.0430686
285,864691135396115189,train,L6IT,pyramidal,6.192981,8.981529,3.9714105
588,864691136372954248,test,NglFam,NglFam,3.483138,4.0038347,0.77084434
376,864691136363303138,train,L4IT,pyramidal,4.6804733,9.515914,4.894397
515,864691135594101291,test,BasketFam,BasketFam,3.6589355,6.478412,6.4621077
8014,864691135739131780,train,MartFam,MartFam,3.252698,4.655675,1.0630023
839,864691135106309709,train,NglFam,NglFam,7.068629,9.72645,2.0484197
4702,864691135477104960,train,thalamocortical,thalamocortical,5.977036,8.671029,1.4584275
445,864691135941956865,train,BasketFam,BasketFam,2.394326,5.3502126,5.9162164
4619,864691135309486662,train,BasketFam,BasketFam,3.9071028,5.859626,5.3134203
3157,864691135720572977,train,MartFam,MartFam,5.839128,4.684432,1.7752804
536,864691135211926464,train,L4IT,pyramidal,7.316155,7.9595118,3.1137557
214,864691135369651193,train,BipFam,BipFam,3.0899858,6.1517262,2.8600712
1677,864691135774221643,train,MartFam,MartFam,1.8582622,5.5314817,2.365738
4330,864691136312076122,train,MartFam,MartFam,6.855917,4.9962444,2.3221214
4962,864691135464991645,train,thalamocortical,thalamocortical,2.3359253,7.188652,1.2274306
93,864691136139027581,train,L4IT,pyramidal,4.027403,7.8062425,2.6938403
2319,864691135685030130,train,thalamocortical,thalamocortical,4.703757,6.512205,0.85510194
1560,864691136390905207,train,MartFam,MartFam,3.9032001,7.4939604,2.0777557
653,864691136953677535,train,L4IT,pyramidal,6.649632,7.5002823,4.640229
2880,864691135106209101,train,BasketFam,BasketFam,2.2501628,5.249907,5.3885684
622,864691135756844242,test,MartFam,MartFam,4.2864256,7.019034,1.9770337
1144,864691135839577235,train,MartFam,MartFam,2.0755162,5.6684732,1.9618785
385,864691135309486662,train,BasketFam,BasketFam,2.0025764,7.5336547,5.38168
7608,864691136067404440,test,MartFam,MartFam,5.754213,4.8725915,1.3517759
123,864691135309733190,train,NglFam,NglFam,7.0709243,3.8491654,2.9092116
1492,864691135431441968,train,thalamocortical,thalamocortical,2.5749607,7.778095,3.7022774
436,864691135384404954,train,L5NP,pyramidal,7.568837,8.755168,2.5850217
96,864691136025992761,train,BipFam,BipFam,7.1185775,9.295338,2.4680626
269,864691134887444986,test,NglFam,NglFam,3.0365095,5.2208138,2.9945846
1550,864691136196383190,train,BasketFam,BasketFam,3.7370658,6.546849,6.305457
366,864691135118298333,train,MartFam,MartFam,2.3383138,6.3421807,2.9216077
690,864691135928029966,train,thalamocortical,thalamocortical,2.5440466,6.8752923,0.9438595
1258,864691136007059658,test,BipFam,BipFam,5.9763503,8.476324,3.752374
6247,864691136196932172,train,BasketFam,BasketFam,1.9994041,4.629015,5.6730127
2176,864691135783317840,train,thalamocortical,thalamocortical,3.519177,7.130132,1.0182881
1076,864691136021595384,train,BasketFam,BasketFam,0.9151393,5.79839,5.001416
504,864691135742895723,test,BipFam,BipFam,6.135108,7.596037,1.4664683
1578,864691136145537844,train,BipFam,BipFam,4.962259,8.227002,3.098868
509,864691135275949029,train,L2IT,pyramidal,6.1410937,7.467407,2.2441263
181,864691135802453858,train,L2IT,pyramidal,6.0638576,6.454553,4.1579075
3656,864691135941789606,train,BasketFam,BasketFam,2.282578,4.861599,6.42496
749,864691135271343525,train,BipFam,BipFam,3.2729833,5.0233965,6.158879
850,864691135528046939,train,MartFam,MartFam,4.7534137,4.4736776,0.6315692
194,864691136033871035,train,thalamocortical,thalamocortical,4.0940857,5.2047477,4.046281
202,864691135342523057,test,L3IT,pyramidal,4.691807,9.190124,4.2923274
3777,864691136118294692,train,thalamocortical,thalamocortical,4.421063,5.568935,4.363097
3285,864691136288755395,train,thalamocortical,thalamocortical,3.1574259,8.387055,3.331666
319,864691136391024144,train,NglFam,NglFam,2.4243903,7.4189897,2.4844375
2258,864691136118294692,train,thalamocortical,thalamocortical,2.1184528,6.931903,1.7146728
196,864691135132887456,test,NglFam,NglFam,7.4553595,5.172295,3.1585052
108,864691135361548615,train,L6IT,pyramidal,6.081171,9.651842,2.5890164
4868,864691136196932172,train,BasketFam,BasketFam,2.2760427,4.5886045,6.0389
5431,864691136619344859,test,BasketFam,BasketFam,6.4026895,9.014593,1.6273054
254,864691135992790209,train,BipFam,BipFam,3.56094,7.605704,2.63792
673,864691134887444986,test,NglFam,NglFam,3.322106,6.5484505,2.5668519
373,864691135430486576,test,L4IT,pyramidal,6.7136216,7.2567906,1.8796263
992,864691136137210507,train,BipFam,BipFam,3.0214639,6.3878403,3.4036443
5071,864691136288755395,train,thalamocortical,thalamocortical,3.247905,8.133324,2.6850593
520,864691135271590309,train,L6IT,pyramidal,6.900884,7.80698,4.4507275
294,864691136390675216,train,BasketFam,BasketFam,2.1732936,4.6849217,6.174434
4145,864691135346954143,train,MartFam,MartFam,3.3220325,4.783742,2.955614
1337,864691135465795653,train,BasketFam,BasketFam,3.8200078,6.389958,5.869734
5751,864691136390905207,train,MartFam,MartFam,4.133073,4.7912054,0.5019599
16,864691135106309709,train,NglFam,NglFam,6.1123114,9.271057,3.3488965
62,864691135305383591,train,NglFam,NglFam,7.813033,4.3646116,2.5509253
1482,864691135571440006,train,MartFam,MartFam,6.661604,4.133108,2.5076468
55,864691136524282001,train,NglFam,NglFam,3.769949,4.3980947,2.3763824
1641,864691135990520064,train,BasketFam,BasketFam,4.6026106,6.540162,4.310989
6265,864691136007059658,test,BipFam,BipFam,5.9068203,9.238654,3.9143014
1159,864691135214970752,train,BipFam,BipFam,3.7523916,5.39495,1.9331849
351,864691136391027728,train,L4IT,pyramidal,6.009774,9.077381,3.2935338
25,864691136273370302,train,NglFam,NglFam,7.0273137,9.590935,1.9942485
1886,864691135210443897,train,BasketFam,BasketFam,2.0246494,4.9872384,6.185458
228,864691136372954248,test,NglFam,NglFam,4.6957645,5.3781314,3.7932155
3639,864691136814345075,train,MartFam,MartFam,7.2805285,3.9363065,2.2712665
6600,864691135875919502,test,MartFam,MartFam,4.7499146,6.549245,3.676102
113,864691136372954248,test,NglFam,NglFam,2.8287518,5.217551,1.2362509
2219,864691136391023120,train,BasketFam,BasketFam,1.9314175,6.3311973,4.8514576
251,864691135511324169,train,BipFam,BipFam,5.8034186,5.2989035,2.7377505
2311,864691136118878116,train,MartFam,MartFam,5.9548187,8.721284,2.1580853
223,864691135547082280,train,L4IT,pyramidal,5.2807145,7.076098,2.2279217
1139,864691136312057178,train,BasketFam,BasketFam,1.7113973,5.1206756,5.1854997
1484,864691135387277397,test,thalamocortical,thalamocortical,0.93134505,7.229949,2.6302283
392,864691136025992761,train,BipFam,BipFam,4.572617,6.03692,2.6139848
65,864691135465900101,train,BipFam,BipFam,4.8112283,5.4578815,2.0278738
3110,864691135928029966,train,thalamocortical,thalamocortical,2.9717727,7.3292665,3.4799962
1528,864691136058602712,train,thalamocortical,thalamocortical,3.8417149,7.358348,2.2337182
2607,864691135518791818,train,BasketFam,BasketFam,3.6952205,6.5041823,6.5861826
447,864691136138756221,train,BipFam,BipFam,4.8493366,6.0598164,1.1192187
11,864691134886037498,train,MartFam,MartFam,0.83133906,6.784442,2.7152846
2140,864691135271970725,train,BasketFam,BasketFam,1.9897966,5.4771414,5.5209193
1699,864691135466333509,train,BasketFam,BasketFam,2.7224245,4.999277,6.393836
248,864691135782156368,train,L5IT,pyramidal,6.243511,8.366536,4.3870645
2247,864691136966189518,test,MartFam,MartFam,6.7086163,7.374959,1.5924292
909,864691135134585248,train,BipFam,BipFam,3.636538,8.403802,3.7174528
58,864691136238090767,train,L5IT,pyramidal,4.6899843,5.5842338,3.7540398
95,864691135566824983,test,BipFam,BipFam,4.2369432,6.1042337,1.4277918
1148,864691136058602712,train,thalamocortical,thalamocortical,2.9478948,7.657097,3.8012528
359,864691136010650796,train,BipFam,BipFam,6.1808524,6.619615,3.016582
813,864691135431441968,train,thalamocortical,thalamocortical,5.1381145,8.985538,4.4987435
3565,864691135210446457,train,MartFam,MartFam,1.8006331,5.8234773,2.3777895
1398,864691135387277397,test,thalamocortical,thalamocortical,5.195152,6.8949656,0.94776636
211,864691135376096329,train,BipFam,BipFam,7.4961,9.438026,3.574026
82,864691135840033171,train,NglFam,NglFam,4.979165,6.817917,1.1771278
2143,864691135997140906,train,BipFam,BipFam,4.017915,5.983899,1.5907058
264,864691136007128778,test,MartFam,MartFam,2.272154,4.3932753,1.3886795
909,864691135106309709,train,NglFam,NglFam,7.1764746,9.77585,2.9308891
5505,864691136914542577,train,MartFam,MartFam,3.933498,4.9087687,2.5901756
113,864691135132887456,test,NglFam,NglFam,7.6918917,8.152637,3.1446972
378,864691135409962953,train,L3IT,pyramidal,6.065741,6.542302,3.5789206
2740,864691136007059658,test,BipFam,BipFam,4.761492,4.6665154,0.61771244
172,864691136067404440,test,MartFam,MartFam,4.116824,4.975425,3.7223716
3403,864691135810495005,train,BasketFam,BasketFam,3.2640457,5.122624,5.9787264
664,864691135783909427,train,MartFam,MartFam,0.73743093,6.105187,4.4233985
292,864691134886037498,train,MartFam,MartFam,1.6400254,7.580294,5.1954236
195,864691135474086450,train,BasketFam,BasketFam,1.8230098,7.1695414,5.9022
2056,864691135772774651,test,MartFam,MartFam,2.9615269,7.245732,1.1385458
376,864691135119335645,train,thalamocortical,thalamocortical,4.664353,5.92202,2.4286027
248,864691136239793212,test,NglFam,NglFam,6.955014,9.724699,1.887159
135,864691135456493418,test,BipFam,BipFam,4.459066,8.548256,4.0485005
294,864691135369651193,train,BipFam,BipFam,5.552505,6.601905,2.386391
1341,864691136372954248,test,NglFam,NglFam,5.7235904,7.908844,2.419863
885,864691135689555680,train,NglFam,NglFam,7.741224,4.2632704,2.5668528
138,864691135309733190,train,NglFam,NglFam,7.065415,3.2349174,2.0426571
559,864691135106309709,train,NglFam,NglFam,7.15019,9.4216385,3.4621336
541,864691134887444986,test,NglFam,NglFam,4.2994714,5.281737,1.8971857
9020,864691135891796617,train,BasketFam,BasketFam,7.3824644,8.09983,3.0685334
1633,864691134886037498,train,MartFam,MartFam,2.5884624,4.976803,2.5631356
20,864691135431579440,train,BipFam,BipFam,2.81446,7.5416956,3.845808
4265,864691135464991645,train,thalamocortical,thalamocortical,3.8262603,5.939016,1.9047873
648,864691136118430628,train,BipFam,BipFam,5.828433,7.394626,1.8651264
1132,864691136372954248,test,NglFam,NglFam,3.5955415,4.491767,2.5024498
711,864691136273370302,train,NglFam,NglFam,7.146197,9.767612,2.146498
3160,864691135384716762,train,MartFam,MartFam,2.2197878,5.2296734,1.5482253
3977,864691135562001633,train,MartFam,MartFam,0.7226009,5.899304,4.375591
1451,864691135235206489,train,MartFam,MartFam,2.5443237,5.820353,2.7804165
246,864691136137064075,train,BipFam,BipFam,5.1094847,9.530515,4.5072036
290,864691135993770945,test,BipFam,BipFam,5.937802,8.516959,4.626771
202,864691135783317840,train,thalamocortical,thalamocortical,5.563618,6.167965,1.6751773
307,864691135209947769,test,L5IT,pyramidal,7.553352,7.082117,3.039896
262,864691135750649129,train,L4IT,pyramidal,6.87246,7.079803,2.7544582
345,864691135492888039,test,BasketFam,BasketFam,2.00759,6.0368834,4.829905
163,864691136336204979,train,NglFam,NglFam,4.003368,4.812431,2.1477978
444,864691135067181124,train,L5IT,pyramidal,4.7753897,9.411029,4.473588
904,864691135659538306,train,thalamocortical,thalamocortical,4.6833897,7.7251377,1.7683963
917,864691135106309709,train,NglFam,NglFam,6.853087,9.579065,1.6755816
4310,864691136145494068,train,BasketFam,BasketFam,2.8016517,8.610098,4.331807
141,864691135994804394,train,BipFam,BipFam,6.1627026,7.7557406,4.978883
116,864691136391027728,train,L4IT,pyramidal,5.5252805,8.836599,4.5899262
5445,864691135528046939,train,MartFam,MartFam,6.033085,7.000413,1.0837057
78,864691135470154834,train,L6IT,pyramidal,6.8892274,9.669138,2.2209005
2011,864691136330880234,train,MartFam,MartFam,5.1442575,6.6138544,1.1355073
184,864691135773694795,train,L4IT,pyramidal,4.5188637,5.0338817,2.9476306
2640,864691135014276342,test,BasketFam,BasketFam,3.190494,5.9395485,6.6423063
325,864691135470860370,test,BipFam,BipFam,3.4688728,6.4364142,1.5547837
44,864691135518510218,train,NglFam,NglFam,7.1093245,4.8726015,2.6811676
330,864691135566902039,train,BipFam,BipFam,3.8111503,7.284911,2.0027785
759,864691135989817088,train,L2IT,pyramidal,6.56083,7.890903,3.3026514
739,864691135689555680,train,NglFam,NglFam,4.7941446,5.7303505,2.330809
6417,864691135875919502,test,MartFam,MartFam,3.038161,5.4675474,2.5988226
584,864691136041000190,train,L6IT,pyramidal,7.316076,8.176749,2.9690566
1501,864691136053350131,test,thalamocortical,thalamocortical,5.0004044,6.0983458,1.2449083
2501,864691135659538306,train,thalamocortical,thalamocortical,4.43393,6.0935583,1.6878263
9174,864691135891796617,train,BasketFam,BasketFam,3.6946046,5.289528,5.60654
787,864691136273370302,train,NglFam,NglFam,4.9636703,4.7437363,0.48523718
3713,864691135369668089,train,BasketFam,BasketFam,4.440521,6.70399,2.9672785
182,864691135464991645,train,thalamocortical,thalamocortical,4.5455375,6.187655,1.2784966
1134,864691136372954248,test,NglFam,NglFam,4.860492,6.7303357,2.8566067
270,864691135490483514,train,L4IT,pyramidal,6.987925,8.264935,3.702037
350,864691135303514791,train,NglFam,NglFam,7.370229,3.620923,2.2007716
193,864691135693735103,train,NglFam,NglFam,7.017822,9.907716,2.5208104
284,864691134887444986,test,NglFam,NglFam,7.0900664,4.986597,2.5518723
4,864691135839843475,train,BipFam,BipFam,4.400866,7.893522,2.1840436
815,864691135470860370,test,BipFam,BipFam,4.499575,6.585863,0.768436
1375,864691136742921308,test,BasketFam,BasketFam,2.7950857,6.3935156,6.0541463
262,864691135840033171,train,NglFam,NglFam,4.088172,6.369919,1.408673
3454,864691136580010516,test,MartFam,MartFam,2.0407698,6.8891997,3.752413
555,864691136195834070,train,L4IT,pyramidal,7.157202,5.450097,2.415245
147,864691135303514791,train,NglFam,NglFam,7.225782,3.5240717,2.4297037
43,864691135347627423,train,BipFam,BipFam,6.3017683,8.685163,4.589884
447,864691135741874836,test,L2IT,pyramidal,7.1057253,7.6358576,3.1755476
5078,864691135774221643,train,MartFam,MartFam,2.4534392,6.171458,2.3894763
2154,864691135997428394,test,thalamocortical,thalamocortical,2.9806356,6.6062336,4.840681
32,864691135778811325,train,L2IT,pyramidal,5.7729397,6.925227,1.0109189
94,864691136391024144,train,NglFam,NglFam,2.8492098,5.3328524,2.803414
457,864691136484972332,train,L3IT,pyramidal,6.6248746,7.0571837,1.5104121
114,864691135948238177,train,L6CT,pyramidal,6.897369,8.00425,2.2162235
2769,864691135212863360,train,MartFam,MartFam,6.761573,8.674675,3.3059258
5457,864691136524014993,train,BasketFam,BasketFam,1.4602767,6.4191194,5.757668
1328,864691136034433723,train,MartFam,MartFam,2.3411722,6.3571515,1.836501
3048,864691135778081453,train,thalamocortical,thalamocortical,1.7497659,7.568974,2.2621055
145,864691135840033171,train,NglFam,NglFam,4.4513087,5.2430744,0.63371253
3107,864691135659538306,train,thalamocortical,thalamocortical,1.6309125,6.6994615,2.6891446
1137,864691135659538306,train,thalamocortical,thalamocortical,6.316817,8.09474,1.7731613
520,864691135106309709,train,NglFam,NglFam,7.0073457,9.677066,3.07755
5277,864691136145494068,train,BasketFam,BasketFam,1.9078432,5.198926,5.979312
3868,864691136011549614,train,BipFam,BipFam,6.661534,4.8921037,1.799531
3893,864691135325426076,train,MartFam,MartFam,4.2491918,5.8601327,0.9739765
2050,864691136011485614,test,BasketFam,BasketFam,1.2699624,5.7525787,4.959513
1989,864691136813553523,train,BasketFam,BasketFam,1.9505904,5.6837797,4.913224
6321,864691137056216950,train,MartFam,MartFam,4.8768187,5.7612877,1.4710321
1153,864691135492614239,train,MartFam,MartFam,7.9905443,5.3871117,2.8293622
9,864691136389688695,test,L2IT,pyramidal,7.453223,5.3098297,2.5898354
779,864691136273370302,train,NglFam,NglFam,4.6156015,8.799921,3.9939022
621,864691136145537844,train,BipFam,BipFam,2.5861895,6.2851205,2.5537882
2806,864691135611702023,train,BasketFam,BasketFam,3.1369572,5.8686776,5.969939
2319,864691136034412219,train,MartFam,MartFam,1.7316077,5.157001,2.3700275
542,864691135857976366,train,BipFam,BipFam,6.4171147,3.9742813,2.7465343
362,864691135592678411,train,BipFam,BipFam,3.0476487,6.742728,2.768611
2689,864691136011549614,train,BipFam,BipFam,4.7797365,6.225754,1.3211257
104,864691135490505018,train,L4IT,pyramidal,4.51487,8.442797,3.5923061
1541,864691136372954248,test,NglFam,NglFam,3.3366103,8.07093,3.5089493
1163,864691135701340194,train,BasketFam,BasketFam,2.6454718,7.979211,5.4653177
8932,864691135210446457,train,MartFam,MartFam,3.1943266,4.377741,0.7222429
477,864691135689555680,train,NglFam,NglFam,2.6321006,5.354414,2.3993087
4109,864691136034487483,train,BasketFam,BasketFam,3.1816552,5.732671,6.5532837
1230,864691136145572404,train,BipFam,BipFam,6.699598,6.725882,2.73515
920,864691136364166370,train,BipFam,BipFam,3.8629172,9.138738,4.921432
88,864691136268801268,test,L2IT,pyramidal,7.9263844,5.7830477,2.7832067
2515,864691135119335645,train,thalamocortical,thalamocortical,1.2958995,7.09146,2.5052605
178,864691134887444986,test,NglFam,NglFam,3.9467227,5.576332,2.4063237
2543,864691135755605197,train,thalamocortical,thalamocortical,1.381091,6.581196,3.8996894
3455,864691136091233847,train,thalamocortical,thalamocortical,4.1442976,5.4186416,4.371846
4972,864691135294194358,train,thalamocortical,thalamocortical,2.241522,7.049941,1.8600688
2844,864691136033871035,train,thalamocortical,thalamocortical,3.0623283,7.4565578,1.0457734
562,864691136086632812,train,NglFam,NglFam,5.6132684,4.9280424,1.5046788
4313,864691135499752723,train,BasketFam,BasketFam,3.2922835,6.126664,6.630628
2448,864691136011733934,train,MartFam,MartFam,3.6877468,8.417355,4.521607
3435,864691135294194358,train,thalamocortical,thalamocortical,2.0606928,7.835842,4.018915
1946,864691136453186559,train,BasketFam,BasketFam,1.8519785,7.8973775,5.8000207
599,864691136391024144,train,NglFam,NglFam,3.1812978,7.6191688,3.582105
4099,864691135196475434,train,MartFam,MartFam,2.292281,4.8633714,2.2670658
1531,864691135997428394,test,thalamocortical,thalamocortical,4.6446733,5.428776,4.6175313
153,864691136091233847,train,thalamocortical,thalamocortical,1.5264041,7.3533955,4.008261
106,864691135305383591,train,NglFam,NglFam,7.0044866,4.446768,3.1264393
260,864691136524282001,train,NglFam,NglFam,7.396839,7.6349893,2.7941942
883,864691135339982310,train,BasketFam,BasketFam,2.471176,6.8438253,5.3862247
508,864691135106309709,train,NglFam,NglFam,7.0604806,10.006955,2.3852324
3314,864691136595955362,train,MartFam,MartFam,1.2869169,5.340484,2.4400997
426,864691135134695328,test,L2IT,pyramidal,7.401112,8.584291,3.6405048
1487,864691136196383190,train,BasketFam,BasketFam,2.7637603,5.792296,6.021332
268,864691135124690471,train,BasketFam,BasketFam,2.7891984,5.1613894,5.9423966
870,864691135617152361,train,L5IT,pyramidal,6.7370453,6.8102903,2.5175972
654,864691135477104960,train,thalamocortical,thalamocortical,4.0909677,7.1065364,0.996018
2726,864691135611702023,train,BasketFam,BasketFam,1.4616274,5.7974415,5.084206
3578,864691135611702023,train,BasketFam,BasketFam,6.545839,4.5807886,2.4711387
1400,864691135817803599,test,BasketFam,BasketFam,6.909547,8.406936,4.2353067
675,864691135448256146,train,L4IT,pyramidal,7.628267,9.2274275,2.6662276
1043,864691135701340194,train,BasketFam,BasketFam,3.377683,5.542421,6.272545
885,864691136372954248,test,NglFam,NglFam,6.086257,5.038472,1.8122035
41,864691135886130288,train,L4IT,pyramidal,7.543312,7.9984784,3.3302968
4870,864691134886037498,train,MartFam,MartFam,0.68203664,6.219831,4.00887
124,864691136273370302,train,NglFam,NglFam,6.658352,7.823548,4.267809
436,864691135339088102,test,L4IT,pyramidal,5.091983,7.2946677,1.689193
906,864691135689555680,train,NglFam,NglFam,7.329467,3.5498645,2.3870764
3451,864691136288755395,train,thalamocortical,thalamocortical,1.3903888,7.1073503,2.4538672
1625,864691135562950369,train,BipFam,BipFam,3.0861905,6.6776924,2.98979
794,864691135106309709,train,NglFam,NglFam,6.369961,9.690856,1.9685714
532,864691135398762529,train,BipFam,BipFam,4.463555,6.9207196,0.9548432
124,864691136086632812,train,NglFam,NglFam,5.654922,6.328027,1.8411621
6854,864691136580010516,test,MartFam,MartFam,1.867935,5.1933093,2.503551
1941,864691136120465944,train,thalamocortical,thalamocortical,1.5895141,5.99181,4.136855
6285,864691135464991645,train,thalamocortical,thalamocortical,4.002324,6.188112,1.1830248
988,864691135212863360,train,MartFam,MartFam,6.8086944,8.208849,3.1207638
1804,864691135571356038,test,MartFam,MartFam,5.076866,4.3247266,1.4010061
2499,864691135954480163,train,MartFam,MartFam,3.723161,4.0945635,0.68747556
35,864691135134585248,train,BipFam,BipFam,1.869316,6.1219482,2.0819287
2305,864691135875414414,train,BasketFam,BasketFam,3.5598752,6.660296,6.557687
1885,864691135817803599,test,BasketFam,BasketFam,5.4567,7.840261,4.5081615
644,864691135470255698,train,thalamocortical,thalamocortical,1.7719834,6.7819114,2.8996532
3601,864691136034487483,train,BasketFam,BasketFam,2.4856055,5.3891134,5.9357996
1805,864691135954582563,train,MartFam,MartFam,6.8809853,9.85752,1.9838836
302,864691135562798817,train,L3IT,pyramidal,4.010926,8.50314,3.8826857
604,864691135742826603,train,BipFam,BipFam,4.8530474,5.6216516,1.9616238
619,864691136120465944,train,thalamocortical,thalamocortical,1.7023743,6.833691,2.7818544
1261,864691135209280633,train,L4IT,pyramidal,4.459313,6.530315,2.3541174
481,864691136372954248,test,NglFam,NglFam,5.030352,5.104003,1.3882031
6908,864691135774221643,train,MartFam,MartFam,2.3453338,5.6100836,2.6934686
209,864691135782241616,test,L3IT,pyramidal,4.4162645,9.029417,4.640503
50,864691136595955362,train,MartFam,MartFam,2.4779146,6.384233,2.3441732
28,864691136052101363,train,BipFam,BipFam,6.3744726,9.218404,1.9474895
591,864691136086632812,train,NglFam,NglFam,6.027038,6.055226,1.8808486
344,864691135157994084,test,L4IT,pyramidal,4.8080997,8.919447,4.1587286
410,864691135566902039,train,BipFam,BipFam,3.077032,6.7687097,3.2849598
507,864691136489055762,train,L4IT,pyramidal,6.3277807,6.9358783,2.1864872
2711,864691135196475434,train,MartFam,MartFam,3.7945087,4.4736924,2.6260757
2035,864691135727929663,train,BasketFam,BasketFam,3.1072168,4.59193,4.6540437
529,864691135689555680,train,NglFam,NglFam,4.670579,4.8812613,2.456496
853,864691136372954248,test,NglFam,NglFam,2.955718,6.2832084,3.364586
1480,864691136925008100,train,BipFam,BipFam,1.9464451,6.0864763,4.8134065
98,864691135339982310,train,BasketFam,BasketFam,2.1775389,5.8742943,5.2068624
180,864691135492614239,train,MartFam,MartFam,7.6771345,4.4386654,2.8734932
1279,864691135778081453,train,thalamocortical,thalamocortical,4.036846,8.056415,2.558183
6421,864691134886037498,train,MartFam,MartFam,1.3841903,7.0123196,3.8377922
681,864691136007059658,test,BipFam,BipFam,4.161759,8.781887,4.397458
3780,864691135858282030,train,MartFam,MartFam,3.0505412,4.388348,0.79390717
182,864691135817195343,train,L6IT,pyramidal,7.612149,9.758344,3.3853586
7129,864691135562001633,train,MartFam,MartFam,1.6506122,5.6461487,4.8227296
667,864691135470556242,train,MartFam,MartFam,4.54758,5.1494284,3.13238
2583,864691136011549614,train,BipFam,BipFam,3.8710485,4.652014,2.1659179
6623,864691135528046939,train,MartFam,MartFam,6.4346027,7.379165,1.3995914
53,864691135849634142,train,L6IT,pyramidal,4.9757347,9.218366,4.6679106
45,864691135693735103,train,NglFam,NglFam,7.043325,8.770611,2.715453
2507,864691136390828919,train,MartFam,MartFam,2.9238422,6.741534,3.2291555
634,864691136239793212,test,NglFam,NglFam,7.195789,9.584979,3.0672243
534,864691135375361480,train,MartFam,MartFam,5.0385127,8.858599,4.2781024
510,864691136137064075,train,BipFam,BipFam,5.73934,9.141943,3.9846094
3415,864691135941898918,train,MartFam,MartFam,2.7819753,4.5892196,5.3768725
1825,864691135772774651,test,MartFam,MartFam,3.5616562,4.382811,2.375466
161,864691135395833333,train,BipFam,BipFam,7.5052466,5.932123,2.7021523
856,864691135858282030,train,MartFam,MartFam,2.2268872,4.98831,2.3406348
78,864691136228250961,train,L5ET,pyramidal,2.3975034,7.066301,3.7563744
2423,864691135470860370,test,BipFam,BipFam,7.1766777,9.52493,2.173081
921,864691136137168779,train,BipFam,BipFam,3.1297703,8.239838,3.9569113
2542,864691136438216350,train,BasketFam,BasketFam,1.8642541,5.2263045,5.752983
296,864691135810297885,train,BipFam,BipFam,3.3686683,7.654904,4.2193766
216,864691135970497125,test,L5IT,pyramidal,7.017551,6.5538707,3.2025862
358,864691135659824514,train,BipFam,BipFam,5.887115,7.3783183,1.4111
707,864691136288755395,train,thalamocortical,thalamocortical,5.7811856,6.8233047,1.642926
536,864691136110765496,train,MartFam,MartFam,7.066405,9.282177,2.0913265
354,864691135014696182,train,L6IT,pyramidal,7.5252337,9.749917,3.4089417
677,864691136211068860,train,BasketFam,BasketFam,2.347717,8.1483,5.4424324
3779,864691135477104960,train,thalamocortical,thalamocortical,3.8856132,6.6518664,1.0106856
32,864691135465571653,train,L6IT,pyramidal,6.5596147,6.5057726,1.6168715
450,864691135742826603,train,BipFam,BipFam,3.4681735,6.272771,3.594349
470,864691136524282001,train,NglFam,NglFam,6.393719,3.4820564,2.2059016
349,864691135689555680,train,NglFam,NglFam,4.5015063,5.102443,1.8682023
5211,864691135470255698,train,thalamocortical,thalamocortical,2.0227354,6.1565704,3.155696
2917,864691135294194358,train,thalamocortical,thalamocortical,2.9953759,7.4632845,3.3837228
39,864691135611702023,train,BasketFam,BasketFam,1.3665483,5.8463717,5.062554
268,864691135810297885,train,BipFam,BipFam,6.992187,8.304614,3.0334435
1739,864691135470860370,test,BipFam,BipFam,7.4547334,9.765942,2.3798177
638,864691136954050527,train,L4IT,pyramidal,5.850614,8.371431,1.7275847
741,864691135214970752,train,BipFam,BipFam,5.0899305,4.748071,0.5771667
112,864691135305383591,train,NglFam,NglFam,7.6213894,5.2773714,2.993687
243,864691136144674612,train,L3IT,pyramidal,2.894366,6.5762916,2.844519
482,864691135470860370,test,BipFam,BipFam,4.477848,5.4346614,1.1013621
464,864691135106309709,train,NglFam,NglFam,6.877184,9.282238,1.9232523
1399,864691136091233847,train,thalamocortical,thalamocortical,3.1110291,5.99507,2.9313784
78,864691135840033171,train,NglFam,NglFam,4.5303516,4.9355865,0.41231266
5835,864691136007059658,test,BipFam,BipFam,5.727246,4.7812276,1.1632829
142,864691136453419007,train,L3IT,pyramidal,5.966021,6.608931,1.6013935
818,864691136137210507,train,BipFam,BipFam,4.4181256,8.041739,3.8071594
147,864691135659824514,train,BipFam,BipFam,6.4896364,7.712198,4.063518
5941,864691136391023120,train,BasketFam,BasketFam,2.555778,7.1023498,3.188076
376,864691136010068652,train,L4IT,pyramidal,4.430492,9.440123,4.749951
6611,864691135464991645,train,thalamocortical,thalamocortical,1.4876939,6.6095552,4.4837847
2815,864691135928029966,train,thalamocortical,thalamocortical,4.4465246,6.4721017,1.0817657
7770,864691135499765267,train,MartFam,MartFam,3.3994515,4.121592,0.5503254
177,864691136239793212,test,NglFam,NglFam,6.1900687,8.739597,2.5346599
462,864691136424439855,train,L4IT,pyramidal,6.33864,7.772999,2.2957563
375,864691135774221643,train,MartFam,MartFam,1.3784688,6.109267,2.2457275
5037,864691135210446457,train,MartFam,MartFam,3.1599805,4.016952,0.59236133
137,864691136086632812,train,NglFam,NglFam,5.114257,4.246008,1.2950917
5368,864691136619344859,test,BasketFam,BasketFam,1.439832,5.7228436,5.0807333
839,864691135912137641,train,BasketFam,BasketFam,2.9149709,7.6190968,5.526172
97,864691134887444986,test,NglFam,NglFam,7.2738266,5.318037,2.773557
159,864691135840033171,train,NglFam,NglFam,6.5258217,8.664644,2.945407
2910,864691136033871035,train,thalamocortical,thalamocortical,3.4525106,6.2934823,3.2250326
594,864691135405138670,train,L4IT,pyramidal,3.9662173,6.322915,2.113034
973,864691136392806271,train,BasketFam,BasketFam,1.9601722,5.014295,6.2533484
7211,864691136006393034,train,MartFam,MartFam,3.4359896,4.666439,1.0960133
3833,864691135778081453,train,thalamocortical,thalamocortical,3.667916,6.573502,2.0503712
767,864691134887444986,test,NglFam,NglFam,6.113659,4.838828,2.578308
408,864691136273370302,train,NglFam,NglFam,3.4587188,7.545175,3.456193
4518,864691135271967397,train,MartFam,MartFam,1.9981911,5.885836,2.0006654
2296,864691136123919654,train,BasketFam,BasketFam,1.825012,7.85043,5.6605864
10450,864691135703016059,train,MartFam,MartFam,3.9942546,4.697916,0.6205219
14722,864691135271967397,train,MartFam,MartFam,4.709193,5.086812,3.4151456
3269,864691135659538306,train,thalamocortical,thalamocortical,2.9586947,7.0733113,0.88672084
676,864691136438372254,train,BipFam,BipFam,6.410914,5.2597084,2.5500486
3,864691135106309709,train,NglFam,NglFam,6.6220756,9.444805,1.6866579
103,864691136196240342,test,BipFam,BipFam,6.545234,8.373535,1.7421473
630,864691136273370302,train,NglFam,NglFam,7.0253367,9.781107,2.2173169
12864,864691135210446457,train,MartFam,MartFam,3.125481,4.0571904,0.60169125
1432,864691135478334888,train,BasketFam,BasketFam,3.787032,5.654319,6.082917
3742,864691136580010516,test,MartFam,MartFam,2.1408708,4.8471427,1.859301
731,864691135566902039,train,BipFam,BipFam,6.0065484,5.924035,1.6133795
52,864691135857976366,train,BipFam,BipFam,6.4183803,4.3036714,2.8476076
849,864691134887444986,test,NglFam,NglFam,3.6271257,5.347204,1.9068348
386,864691135303514791,train,NglFam,NglFam,7.309231,3.8065553,2.529732
440,864691136421279639,train,L2IT,pyramidal,6.5417743,7.041531,1.3053668
1596,864691134966621471,train,MartFam,MartFam,3.3960133,4.7744436,1.8158313
936,864691135474179378,test,MartFam,MartFam,5.0572762,6.4734855,2.1948895
305,864691135215078712,train,BipFam,BipFam,7.855112,5.663152,2.6314087
1322,864691135293678006,train,L4IT,pyramidal,6.857963,7.209481,4.0810046
7514,864691135464991645,train,thalamocortical,thalamocortical,3.6685257,5.8125334,3.7813058
1102,864691135343506885,train,BipFam,BipFam,6.614045,8.766792,1.449491
53,864691135995711402,train,BipFam,BipFam,5.498087,6.3489347,1.2164694
308,864691136136383883,test,L4IT,pyramidal,7.7289047,6.18894,2.8201432
4328,864691136007128778,test,MartFam,MartFam,1.2324052,5.1790433,5.004726
4709,864691135477104960,train,thalamocortical,thalamocortical,5.55327,7.731665,4.1132865
4302,864691134966621471,train,MartFam,MartFam,7.5844483,6.1777215,2.5017624
289,864691135695042751,train,L6IT,pyramidal,2.436727,8.021634,3.6969304
2656,864691136011549614,train,BipFam,BipFam,5.4499645,7.6998844,1.7897656
190,864691135014600950,train,L5NP,pyramidal,7.6250997,9.759153,3.3000143
641,864691135518283475,train,L3IT,pyramidal,7.406654,9.331026,2.2833817
870,864691136012173475,test,BipFam,BipFam,4.248856,5.328843,2.9316008
246,864691134966249759,train,thalamocortical,thalamocortical,3.9555876,8.352987,3.4921327
2105,864691136007059658,test,BipFam,BipFam,6.2391653,6.7894254,4.2289
5403,864691136011485614,test,BasketFam,BasketFam,2.0399868,7.4667234,5.838459
7177,864691134886037498,train,MartFam,MartFam,2.7525737,6.4218326,2.951857
4183,864691135778081453,train,thalamocortical,thalamocortical,2.0141706,6.866065,2.2195547
4918,864691135875919502,test,MartFam,MartFam,1.9542534,4.9016094,2.339726
586,864691134989909114,test,MartFam,MartFam,1.379534,6.759472,3.057315
194,864691135214970752,train,BipFam,BipFam,6.0944295,7.1682615,1.1004013
344,864691135209280633,train,L4IT,pyramidal,5.9637833,8.77049,4.1644897
522,864691136210743740,train,L5IT,pyramidal,5.8690166,7.802309,2.805441
152,864691135347627423,train,BipFam,BipFam,6.5069876,8.309036,4.461381
439,864691135503004765,train,BipFam,BipFam,7.071326,7.5540605,2.8865762
7880,864691136595955362,train,MartFam,MartFam,3.3244762,8.387746,4.7814174
10,864691135303514791,train,NglFam,NglFam,7.7793074,4.4075327,2.5276234
2675,864691135997428394,test,thalamocortical,thalamocortical,2.7365947,7.4446025,4.6914463
1332,864691136372954248,test,NglFam,NglFam,2.546515,5.5778203,2.3972037
3061,864691135492600167,train,BasketFam,BasketFam,3.582879,6.334838,6.59029
4499,864691136007059658,test,BipFam,BipFam,7.7173653,7.4253426,2.8009021
2283,864691136033871035,train,thalamocortical,thalamocortical,3.7447078,5.766089,0.95384324
820,864691135685250546,train,BasketFam,BasketFam,2.6045074,5.629753,5.867619
2538,864691135470556242,train,MartFam,MartFam,7.214114,3.8931255,2.5977972
149,864691136391024144,train,NglFam,NglFam,1.6355995,5.4981365,2.0557642
2390,864691135398746401,train,MartFam,MartFam,6.976411,3.3529253,2.0766363
165,864691136137064075,train,BipFam,BipFam,4.6991897,8.631871,3.9088938
1469,864691136914542577,train,MartFam,MartFam,5.583119,6.070806,1.1988457
221,864691136086632812,train,NglFam,NglFam,6.218392,4.2787604,1.9336545
695,864691135106309709,train,NglFam,NglFam,6.863476,9.114295,1.8924313
1467,864691136372954248,test,NglFam,NglFam,6.256053,6.646307,1.7773008
10292,864691135346954143,train,MartFam,MartFam,1.1793941,5.749994,2.190447
1636,864691135343509701,train,MartFam,MartFam,1.8405056,6.1583066,3.4623091
876,864691135659538306,train,thalamocortical,thalamocortical,4.040059,6.724668,0.95316625
465,864691135929072340,train,L5IT,pyramidal,3.5881205,7.4479694,1.9425381
3877,864691135477104960,train,thalamocortical,thalamocortical,3.7436996,8.841187,4.581009
23,864691135293096118,train,NglFam,NglFam,2.0410576,5.2595654,1.7524234
2345,864691136523971473,train,BipFam,BipFam,6.6540627,7.6577487,4.7071958
24,864691136336204979,train,NglFam,NglFam,6.3284783,4.588529,2.7735872
893,864691135685030130,train,thalamocortical,thalamocortical,4.294478,8.388431,3.4311848
295,864691135646017007,train,L4IT,pyramidal,4.5251913,6.790987,2.1044703
5231,864691136007059658,test,BipFam,BipFam,6.921211,9.0642605,3.7882028
506,864691135503004765,train,BipFam,BipFam,5.8642187,7.171404,1.5320483
4388,864691135941898918,train,MartFam,MartFam,4.343227,6.5610023,0.8093292
762,864691135447979922,train,BipFam,BipFam,3.319732,6.912188,3.5144708
3572,864691135571356038,test,MartFam,MartFam,7.0596476,4.605172,2.9785564
132,864691136523971473,train,BipFam,BipFam,4.4267683,5.611048,1.595004
1355,864691136524014993,train,BasketFam,BasketFam,2.3378136,6.640162,5.0255966
6381,864691135346954143,train,MartFam,MartFam,2.8310745,4.386416,1.0297236
5548,864691135015437462,test,BasketFam,BasketFam,2.4603398,5.6032357,5.2340155
55,864691135866821340,train,thalamocortical,thalamocortical,6.422458,7.32838,1.5994811
4910,864691135939776309,train,MartFam,MartFam,4.1645126,4.487953,0.68007267
6802,864691135210446457,train,MartFam,MartFam,3.9763026,4.402505,0.4287697
200,864691134966025503,train,L4IT,pyramidal,6.419515,7.3086977,1.7990482
1120,864691135014258070,train,BasketFam,BasketFam,6.5517135,9.200282,4.007765
7600,864691135464991645,train,thalamocortical,thalamocortical,4.2710257,5.26557,4.114646
776,864691136372954248,test,NglFam,NglFam,3.4177372,5.312155,1.9631568
2079,864691135464991645,train,thalamocortical,thalamocortical,3.1570413,6.619924,0.89356124
6089,864691136196932172,train,BasketFam,BasketFam,2.1856542,4.6138687,6.0617776
217,864691135840033171,train,NglFam,NglFam,4.6187625,6.9543877,2.8127882
47,864691135810773452,train,L4IT,pyramidal,4.3221846,9.583518,4.9870944
76,864691136742921308,test,BasketFam,BasketFam,3.0358896,5.7503505,6.048584
162,864691136042989910,test,BasketFam,BasketFam,2.232523,4.788107,6.443665
1573,864691136372954248,test,NglFam,NglFam,4.435519,4.325436,0.768889
1925,864691135928029966,train,thalamocortical,thalamocortical,2.5176713,7.6297107,4.1062384
4258,864691135839979667,train,MartFam,MartFam,2.1071136,5.0747566,2.2290218
37,864691136372954248,test,NglFam,NglFam,2.273633,4.859327,2.2481813
2106,864691136058602712,train,thalamocortical,thalamocortical,4.137933,7.31331,2.0715573
139,864691135455400554,train,L3IT,pyramidal,5.072381,7.069321,2.3924384
727,864691136006393034,train,MartFam,MartFam,6.5567503,6.3573174,3.969512
182,864691135293678006,train,L4IT,pyramidal,5.8520927,8.99235,4.0757127
187,864691135610877191,train,L2IT,pyramidal,7.2165227,9.69311,2.1123633
188,864691136336204979,train,NglFam,NglFam,6.645945,3.9496233,2.620105
1019,864691135492600167,train,BasketFam,BasketFam,2.597613,7.894306,5.5499334
824,864691135885917808,train,BasketFam,BasketFam,4.2825017,9.327623,3.5603745
89,864691135474179378,test,MartFam,MartFam,6.934385,8.705732,2.502537
6836,864691135346954143,train,MartFam,MartFam,1.5233474,6.0678325,4.045721
2324,864691136452920319,train,BasketFam,BasketFam,3.9982696,8.387063,4.1529384
5816,864691137056216950,train,MartFam,MartFam,3.02618,5.0367517,1.7967316
783,864691136523971473,train,BipFam,BipFam,5.3765383,4.503326,1.4852123
154,864691135990564864,train,NglFam,NglFam,6.6448574,3.2994342,2.2053177
876,864691136053350131,test,thalamocortical,thalamocortical,5.98922,6.8025985,1.6880765
316,864691136335276211,train,L4IT,pyramidal,7.0816646,9.461796,3.2571478
3997,864691135997140906,train,BipFam,BipFam,6.4644704,7.7233043,1.3610524
98,864691135928029966,train,thalamocortical,thalamocortical,6.976009,7.2760715,2.700555
226,864691135662070512,train,L4IT,pyramidal,7.7620416,6.1072154,3.1097755
902,864691135689555680,train,NglFam,NglFam,2.4739468,5.2761874,2.294848
1824,864691135577202181,train,MartFam,MartFam,3.5355546,7.485371,2.5706074
2306,864691136524014993,train,BasketFam,BasketFam,2.1559858,7.517926,5.2456613
3728,864691135584019053,test,MartFam,MartFam,2.2482724,5.0391154,2.3339858
754,864691135810297885,train,BipFam,BipFam,7.19155,8.971917,2.2626576
207,864691136372954248,test,NglFam,NglFam,2.1892912,6.6140747,2.4189808
293,864691135920776624,train,MartFam,MartFam,2.8626885,7.7395372,2.9656985
323,864691136391024144,train,NglFam,NglFam,2.5556748,6.8740487,3.264337
165,864691136011768494,train,L4IT,pyramidal,3.860249,5.944999,1.3747084
303,864691135689555680,train,NglFam,NglFam,7.8991523,5.2297015,2.8021724
1286,864691135477104960,train,thalamocortical,thalamocortical,3.5859878,6.053824,3.1093855
3110,864691135778081453,train,thalamocortical,thalamocortical,1.8951677,7.8753204,3.0031261
2284,864691136925008100,train,BipFam,BipFam,6.490112,9.534007,3.4246354
303,864691135857976366,train,BipFam,BipFam,6.937876,4.112226,3.0293517
237,864691135464991645,train,thalamocortical,thalamocortical,3.3401456,6.9410086,3.911976
50,864691135106309709,train,NglFam,NglFam,5.8239417,8.313515,4.8895907
276,864691134887444986,test,NglFam,NglFam,7.0038495,3.473373,2.1171916
2401,864691135997428394,test,thalamocortical,thalamocortical,3.879674,7.9025774,3.6122534
993,864691135778081453,train,thalamocortical,thalamocortical,2.489769,8.382648,3.2903872
1651,864691135586022264,train,BasketFam,BasketFam,3.5667744,6.603482,6.1789956
19,864691135741998484,train,L4IT,pyramidal,6.0075393,6.446761,4.053118
2623,864691135875919502,test,MartFam,MartFam,4.1030083,5.217195,3.3964438
548,864691136372954248,test,NglFam,NglFam,1.9943104,5.186008,2.5161376
197,864691135756844242,test,MartFam,MartFam,4.4817333,5.4723587,0.62052745
184,864691135431441968,train,thalamocortical,thalamocortical,2.6206841,7.6040616,3.1518629
5232,864691135477104960,train,thalamocortical,thalamocortical,2.0443954,7.2655177,2.0824203
911,864691135258563503,train,L4IT,pyramidal,5.2247214,6.969434,3.936451
259,864691135584316781,train,BasketFam,BasketFam,1.985742,4.582614,5.351351
1095,864691136210885820,test,L4IT,pyramidal,6.309974,7.318344,2.230362
2859,864691135343506885,train,BipFam,BipFam,3.0232422,7.067996,3.4385138
188,864691136010650796,train,BipFam,BipFam,7.825348,6.180763,2.832459
1563,864691136452920319,train,BasketFam,BasketFam,2.3193855,8.174738,5.329568
490,864691135398762529,train,BipFam,BipFam,3.2307425,7.891535,3.8002424
2076,864691135783909427,train,MartFam,MartFam,2.5140743,8.178338,5.463243
1576,864691136007128778,test,MartFam,MartFam,2.4936898,7.634434,2.6063461
4053,864691136033871035,train,thalamocortical,thalamocortical,3.9095702,5.6301455,4.1873355
55,864691136239793212,test,NglFam,NglFam,6.048726,8.649405,4.67069
31,864691135571515270,train,L4IT,pyramidal,6.878204,8.006488,2.1010578
1741,864691135447979922,train,BipFam,BipFam,5.248348,7.3210773,1.5952939
265,864691135464928318,train,L2IT,pyramidal,5.4712462,6.581468,2.5024135
667,864691135271282085,train,L4IT,pyramidal,3.926033,7.0107083,1.0529703
4406,864691135997140906,train,BipFam,BipFam,7.3483086,6.592282,2.9408321
119,864691136372047496,train,L4IT,pyramidal,6.406667,8.83924,4.130895
601,864691135569866988,test,L4IT,pyramidal,4.5727262,5.7009573,3.8087
173,864691135562842337,test,L3IT,pyramidal,3.062073,5.8445697,2.1431193
340,864691135997140906,train,BipFam,BipFam,6.3012524,7.3913145,2.76034
111,864691135060768923,test,BipFam,BipFam,6.4222784,9.566814,3.4874377
386,864691135849640798,train,L3IT,pyramidal,4.5681973,7.0956416,0.8640903
4783,864691135869457430,train,BasketFam,BasketFam,3.8146222,6.0730257,4.691116
3459,864691135477104960,train,thalamocortical,thalamocortical,2.4007692,6.8144245,2.6929877
453,864691135106309709,train,NglFam,NglFam,6.7907686,8.980186,2.793297
551,864691136138756221,train,BipFam,BipFam,6.9496803,9.206577,1.9679273
485,864691135271967397,train,MartFam,MartFam,5.1884756,5.2359147,1.1785489
180,864691136314178365,train,BipFam,BipFam,7.0741615,6.3071227,2.86924
528,864691135741982868,train,L4IT,pyramidal,5.968195,6.424952,3.3002977
427,864691135778618029,train,BipFam,BipFam,5.815699,8.845823,3.6223116
14,864691135132887456,test,NglFam,NglFam,6.843802,3.2611454,2.201521
3094,864691136033871035,train,thalamocortical,thalamocortical,5.041648,8.078069,1.8350041
3741,864691136311213914,test,BasketFam,BasketFam,2.3184521,5.2869263,6.0805383
1045,864691135492665959,train,MartFam,MartFam,7.0395603,4.278144,2.3175862
1268,864691135271343525,train,BipFam,BipFam,5.9020886,6.42452,2.226818
381,864691135119630813,test,BipFam,BipFam,7.3611135,5.5388284,2.5356727
4493,864691135470255698,train,thalamocortical,thalamocortical,2.3901577,7.4269466,3.2621815
383,864691135341516741,test,MartFam,MartFam,7.024846,9.107424,4.010388
260,864691135478316200,train,L4IT,pyramidal,4.9834785,8.394342,3.7118983
1752,864691136453186559,train,BasketFam,BasketFam,3.3423388,6.202925,6.6546702
1040,864691136118430628,train,BipFam,BipFam,6.8930254,8.716396,1.5262016
151,864691135465900101,train,BipFam,BipFam,5.354612,5.331677,2.0265532
211,864691135342541509,train,L4IT,pyramidal,7.385416,9.441675,2.1230958
10030,864691136914542577,train,MartFam,MartFam,2.844518,4.326404,0.77475625
916,864691135478334888,train,BasketFam,BasketFam,3.8228097,6.029449,5.634253
341,864691135583352941,train,L4IT,pyramidal,6.559253,8.634394,4.123237
2973,864691136091233847,train,thalamocortical,thalamocortical,0.92797124,6.862332,2.6265736
407,864691135742895723,test,BipFam,BipFam,2.519078,7.06716,4.057758
541,864691135569282284,train,MartFam,MartFam,3.073581,6.4962387,2.0147498
2884,864691136007128778,test,MartFam,MartFam,2.3973098,4.805526,2.235361
35,864691134949248508,test,L5IT,pyramidal,5.921685,7.155004,1.1928543
1841,864691135281109665,train,BasketFam,BasketFam,2.9697397,5.1158113,5.74672
847,864691135464991645,train,thalamocortical,thalamocortical,2.9104538,6.7925158,1.0061208
1269,864691135878586963,test,thalamocortical,thalamocortical,1.9489838,7.9063263,2.7752206
1332,864691135492600167,train,BasketFam,BasketFam,3.016485,4.885421,6.037595
716,864691135464991645,train,thalamocortical,thalamocortical,2.7210088,4.377683,0.92105573
52,864691136336204979,train,NglFam,NglFam,2.9547698,5.635702,3.508062
371,864691134887444986,test,NglFam,NglFam,7.4065113,5.1898613,3.223521
489,864691135466283333,test,L4IT,pyramidal,7.333577,9.6568365,2.8438065
433,864691136603811281,test,L2IT,pyramidal,2.8288534,6.119158,2.746545
177,864691136025992761,train,BipFam,BipFam,4.6635146,6.414092,2.7979503
453,864691137199860033,test,BasketFam,BasketFam,2.5984735,5.3926015,5.224538
3549,864691136524014993,train,BasketFam,BasketFam,2.3896325,5.749608,5.265711
433,864691135886130288,train,L4IT,pyramidal,7.5404687,8.287289,3.5553417
4724,864691135997140906,train,BipFam,BipFam,5.2225637,7.4886627,3.286939
2056,864691135659538306,train,thalamocortical,thalamocortical,6.185201,8.281428,1.4918971
405,864691135339729894,train,L4IT,pyramidal,7.000046,8.167707,1.664465
239,864691135303514791,train,NglFam,NglFam,7.1471176,3.9503798,2.3551924
143,864691135689555680,train,NglFam,NglFam,5.8665266,5.1323757,2.8099298
458,864691136925008100,train,BipFam,BipFam,1.8186241,5.29955,2.5056438
934,864691135739131780,train,MartFam,MartFam,3.0336769,4.61899,1.1398531
732,864691136137168779,train,BipFam,BipFam,2.1745782,6.152552,2.8230557
2583,864691135015437462,test,BasketFam,BasketFam,3.4835136,5.9487247,5.9384727
1830,864691136229366097,test,BasketFam,BasketFam,5.417929,6.651024,1.1043485
837,864691135954680867,train,L4IT,pyramidal,6.7254906,8.151404,2.2398617
1020,864691135492614239,train,MartFam,MartFam,6.1828246,7.1189437,3.049972
188,864691135408788169,test,L4IT,pyramidal,4.620995,7.5376143,2.4714816
1122,864691136390828919,train,MartFam,MartFam,2.088679,6.1117744,1.9591478
2097,864691136007059658,test,BipFam,BipFam,5.718674,8.049265,4.360765
2692,864691135817803599,test,BasketFam,BasketFam,4.4058084,5.6257877,3.1941385
729,864691135106309709,train,NglFam,NglFam,6.8095202,9.425562,1.7123598
163,864691135840033171,train,NglFam,NglFam,5.3130007,5.93956,1.824737
6658,864691135562001633,train,MartFam,MartFam,3.1923804,4.7103133,1.6179817
3091,864691135891690121,train,BasketFam,BasketFam,1.9358081,6.4736843,6.0414076
4745,864691135571356038,test,MartFam,MartFam,6.7855906,5.4510627,2.3690221
106,864691135693735103,train,NglFam,NglFam,6.9071684,9.600597,3.1173663
1995,864691135928029966,train,thalamocortical,thalamocortical,1.900164,6.706442,3.013226
7,864691135839999379,train,BipFam,BipFam,7.4462066,3.7068553,2.283176
757,864691135456493418,test,BipFam,BipFam,7.2087126,9.386929,2.489563
6105,864691135689015264,train,thalamocortical,thalamocortical,2.8467352,7.204687,0.7431136
134,864691135102274592,train,L3IT,pyramidal,4.7368464,6.3985033,2.836225
1528,864691135503782210,test,BipFam,BipFam,3.3666165,8.170633,3.9140906
1005,864691135755605197,train,thalamocortical,thalamocortical,0.7970068,7.027074,2.8282797
218,864691136010650796,train,BipFam,BipFam,6.973262,4.5945635,2.675997
464,864691136239793212,test,NglFam,NglFam,5.8097873,8.238241,4.683363
256,864691135616183499,train,BasketFam,BasketFam,2.2430894,4.948521,6.225637
49,864691135919956656,train,L2IT,pyramidal,6.4483304,6.453044,3.8275235
399,864691135689555680,train,NglFam,NglFam,4.600298,6.171365,2.7459445
1351,864691136268801012,test,BasketFam,BasketFam,2.222176,5.274645,6.062585
319,864691136058804696,train,BipFam,BipFam,4.5452566,7.1408076,1.9135996
404,864691135384292843,train,L4IT,pyramidal,7.461376,8.878844,2.4856699
344,864691136137210507,train,BipFam,BipFam,6.4711804,8.881693,3.1130471
1136,864691136145572404,train,BipFam,BipFam,4.062367,6.5133715,2.3459725
866,864691135215078712,train,BipFam,BipFam,6.6619043,4.520015,2.480236
1608,864691135562950369,train,BipFam,BipFam,6.207367,6.3266773,3.4398158
159,864691136373008520,train,L3IT,pyramidal,7.1645284,9.628359,3.180459
2558,864691135448017554,train,BasketFam,BasketFam,1.6033233,5.6763864,4.8391256
1682,864691135470255698,train,thalamocortical,thalamocortical,4.086472,5.516145,2.7854447
2745,864691135997140906,train,BipFam,BipFam,4.923623,5.9038205,1.6594448
2152,864691136011549614,train,BipFam,BipFam,6.613748,7.3394365,4.0886116
783,864691135990520064,train,BasketFam,BasketFam,3.6133947,4.186834,2.1327558
3083,864691135810495005,train,BasketFam,BasketFam,3.3981428,5.668973,6.393406
8512,864691135939776309,train,MartFam,MartFam,6.956874,7.5801215,1.7555187
178,864691135689555680,train,NglFam,NglFam,2.1589525,7.208835,2.3709724
1066,864691136034487739,train,BasketFam,BasketFam,2.2975447,5.8656344,4.0855274
5632,864691136390828919,train,MartFam,MartFam,4.224066,5.7936926,0.92228085
581,864691136239793212,test,NglFam,NglFam,7.192759,9.432439,3.3631146
573,864691136239793212,test,NglFam,NglFam,4.916438,9.607942,4.7450223
356,864691136118805668,train,L6IT,pyramidal,6.38496,8.429138,3.0815852
123,864691135305383591,train,NglFam,NglFam,5.553241,5.8930497,2.1149182
360,864691135778572973,train,L4IT,pyramidal,3.5513844,7.913812,3.1426039
907,864691136052101363,train,BipFam,BipFam,6.0650764,7.509636,4.963202
4751,864691135346954143,train,MartFam,MartFam,1.4474286,7.0612984,3.7798576
602,864691136273370302,train,NglFam,NglFam,6.933204,9.902154,2.3348117
1724,864691136053350131,test,thalamocortical,thalamocortical,3.7716565,6.892456,1.3460356
3556,864691135869457430,train,BasketFam,BasketFam,2.1861658,5.1883087,5.5710907
9,864691136975639836,train,BipFam,BipFam,6.5481157,9.444349,3.7039728
281,864691135132887456,test,NglFam,NglFam,7.4931955,4.033419,2.7078595
410,864691135810297885,train,BipFam,BipFam,6.191803,8.245737,4.9977264
228,864691136120159768,test,L4IT,pyramidal,2.6249287,6.0072565,2.9325361
132,864691135742895723,test,BipFam,BipFam,4.1715245,6.93248,1.1798109
3901,864691135778081453,train,thalamocortical,thalamocortical,2.9677873,6.5898705,2.1748796
5571,864691135369668089,train,BasketFam,BasketFam,4.4803658,5.4832425,4.9093885
2092,864691135464991645,train,thalamocortical,thalamocortical,2.0403793,6.565512,3.0216963
470,864691135566902039,train,BipFam,BipFam,3.817171,7.2183075,6.0701137
1425,864691135584068717,train,BasketFam,BasketFam,3.3069155,5.5983233,6.5303936
557,864691136107486169,train,L4IT,pyramidal,4.10389,7.54552,3.2449203
137,864691135731889337,train,L3IT,pyramidal,6.1051908,8.203536,4.597339
3480,864691136814345075,train,MartFam,MartFam,6.809741,4.2083263,3.0697508
6113,864691135309486662,train,BasketFam,BasketFam,1.644236,4.9419217,5.9343204
19,864691135742677867,train,BipFam,BipFam,4.2085824,5.9014096,3.6025827
528,864691136086632812,train,NglFam,NglFam,4.653874,4.7375817,2.22579
359,864691135106309709,train,NglFam,NglFam,6.7684565,9.01367,1.768351
163,864691135839843475,train,BipFam,BipFam,5.54526,7.6698585,4.321868
412,864691135689555680,train,NglFam,NglFam,6.0635085,6.224599,2.240587
1516,864691135119335645,train,thalamocortical,thalamocortical,2.3591728,8.090266,4.2156215
581,864691136975332380,train,L4IT,pyramidal,4.337863,8.19635,3.425041
6729,864691135477104960,train,thalamocortical,thalamocortical,1.9598073,7.5632668,2.8183763
241,864691135405224174,train,L4IT,pyramidal,6.734722,8.2800865,4.3181725
258,864691135347627423,train,BipFam,BipFam,7.2654376,7.9522605,2.0868282
2055,864691135755605197,train,thalamocortical,thalamocortical,2.1531777,7.9999123,2.8033104
5444,864691135689015264,train,thalamocortical,thalamocortical,3.1431558,5.8953032,3.0697503
1016,864691135343506885,train,BipFam,BipFam,5.0628,6.8307285,1.1064897
4117,864691135595810859,train,BasketFam,BasketFam,1.7670691,5.6512604,5.0113735
91,864691135685030130,train,thalamocortical,thalamocortical,3.0597901,7.061727,1.0394709
245,864691136144827444,train,L2IT,pyramidal,6.8517776,8.303427,1.8443307
737,864691136107670745,train,BasketFam,BasketFam,1.8469714,7.270879,5.5584755
34,864691136086632812,train,NglFam,NglFam,7.7500906,5.1540084,2.699036
2611,864691135778081453,train,thalamocortical,thalamocortical,5.408908,6.32946,4.5160394
70,864691135342958789,train,L4IT,pyramidal,7.1805706,7.9226027,3.435575
2542,864691135470255698,train,thalamocortical,thalamocortical,3.990458,7.583338,3.6046414
3382,864691135778081453,train,thalamocortical,thalamocortical,5.582067,8.451003,2.3464704
40,864691135990564864,train,NglFam,NglFam,7.037271,3.3524897,2.0922372
289,864691136336204979,train,NglFam,NglFam,6.7353225,3.9666102,2.2125964
60,864691135303514791,train,NglFam,NglFam,4.861794,5.295792,2.5502186
1146,864691135343506885,train,BipFam,BipFam,5.0416236,4.9474263,1.8713373
2517,864691135387277397,test,thalamocortical,thalamocortical,5.744063,6.3855214,3.1940858
425,864691135660772080,train,MartFam,MartFam,7.4747443,6.6812463,3.5223196
368,864691135369651193,train,BipFam,BipFam,4.928397,6.3028917,1.1640865
374,864691135466333509,train,BasketFam,BasketFam,3.6692278,6.456938,5.7658234
2272,864691135685030130,train,thalamocortical,thalamocortical,5.2875447,8.170823,1.8692092
163,864691135861093992,test,L2IT,pyramidal,6.784715,8.913983,2.9651616
2630,864691136312445786,train,BasketFam,BasketFam,2.4963744,5.5161805,5.420081
205,864691136091074615,train,L4IT,pyramidal,6.3663487,7.662858,1.5143757
1000,864691135778618029,train,BipFam,BipFam,5.7859955,8.965889,2.9682512
4334,864691135778116013,train,BasketFam,BasketFam,2.6859646,5.985892,5.459461
558,864691134966249759,train,thalamocortical,thalamocortical,0.97982377,7.0610476,2.5219395
343,864691136210743740,train,L5IT,pyramidal,6.4434886,8.12685,1.7128687
630,864691136372954248,test,NglFam,NglFam,2.714741,6.9274035,3.2724812
1065,864691135447979922,train,BipFam,BipFam,4.387002,5.3432164,2.8275557
2141,864691135741889940,train,BasketFam,BasketFam,1.0523716,6.137827,4.66463
142,864691136238090767,train,L5IT,pyramidal,6.7706385,7.332336,2.1694136
328,864691135742097044,train,L4IT,pyramidal,7.5108743,9.590596,3.4006743
1124,864691136007059658,test,BipFam,BipFam,4.5944185,5.53978,0.97403485
699,864691135562950369,train,BipFam,BipFam,6.7822647,9.5467615,2.845653
6265,864691135464991645,train,thalamocortical,thalamocortical,2.5819857,6.897963,0.9225702
159,864691136137210507,train,BipFam,BipFam,3.5767658,5.289495,2.1315725
26,864691135783317840,train,thalamocortical,thalamocortical,4.052557,4.9687214,1.9525412
2086,864691136312076122,train,MartFam,MartFam,6.7135386,5.570761,2.107745
975,864691135594101291,test,BasketFam,BasketFam,3.0388048,6.481926,6.4090433
6192,864691136196932172,train,BasketFam,BasketFam,1.5417206,5.823057,4.3067207
165,864691136273370302,train,NglFam,NglFam,6.8691626,8.315808,1.9364381
270,864691135810982860,train,L4IT,pyramidal,6.9506416,7.578009,2.6486225
988,864691135294194358,train,thalamocortical,thalamocortical,2.0396147,7.2105613,3.6064644
274,864691135573296677,train,L3IT,pyramidal,7.5261497,8.3548,3.0483255
1173,864691135858363694,train,BasketFam,BasketFam,3.1874664,7.7244573,3.8697152
209,864691136975144988,train,L3IT,pyramidal,5.275124,7.3989387,2.0665467
8003,864691135499765267,train,MartFam,MartFam,2.7344785,4.2695937,1.0048972
5299,864691135294194358,train,thalamocortical,thalamocortical,2.9846466,8.137756,4.243376
469,864691136372954248,test,NglFam,NglFam,2.5353575,5.4821186,3.0105498
722,864691135817952079,train,BasketFam,BasketFam,7.774364,7.7930756,2.7912638
511,864691135751149353,train,L4IT,pyramidal,6.428773,6.397069,2.8163438
388,864691136579434260,train,L6IT,pyramidal,4.0395164,6.8551908,1.2813065
4308,864691135997428394,test,thalamocortical,thalamocortical,4.383295,6.4686875,1.0401694
1168,864691136372954248,test,NglFam,NglFam,3.0761642,6.752079,3.0028937
143,864691135101521952,test,L4IT,pyramidal,6.323814,7.089653,1.4127563
1046,864691135688823008,train,L6IT,pyramidal,7.129029,5.834506,2.77974
2288,864691136007059658,test,BipFam,BipFam,6.343049,6.6730566,4.3609433
4691,864691136288755395,train,thalamocortical,thalamocortical,5.0537996,6.5260973,0.77143246
895,864691135997140906,train,BipFam,BipFam,6.7287464,6.6708837,2.9658136
374,864691135293096118,train,NglFam,NglFam,2.605069,8.373701,3.2350214
415,864691135866576604,train,L3IT,pyramidal,6.129035,6.102416,2.0891254
2996,864691135569282284,train,MartFam,MartFam,4.913843,9.321691,4.7044168
2565,864691135685030130,train,thalamocortical,thalamocortical,1.914758,7.0336013,3.6175246
288,864691135840033171,train,NglFam,NglFam,6.9541984,9.733169,3.155478
9354,864691136580010516,test,MartFam,MartFam,3.7683172,4.371655,0.5696258
1215,864691136966189518,test,MartFam,MartFam,6.041278,6.2716374,2.0593975
533,864691136391024144,train,NglFam,NglFam,5.0524597,4.703448,1.2779182
15,864691135562004193,train,L4IT,pyramidal,5.5892234,7.7211127,2.460897
480,864691136120465944,train,thalamocortical,thalamocortical,1.8065497,6.757176,2.613445
1329,864691135343506885,train,BipFam,BipFam,7.7380857,7.923727,2.7748458
138,864691136336204979,train,NglFam,NglFam,7.246201,4.894672,2.900953
2351,864691135618332265,train,BasketFam,BasketFam,3.4784207,6.285997,6.66915
108,864691135990564864,train,NglFam,NglFam,7.344462,3.4837487,1.9899917
696,864691135492614239,train,MartFam,MartFam,7.762389,4.8969207,2.4981236
2069,864691135741960340,train,BasketFam,BasketFam,2.8155456,6.074738,6.2124405
122,864691135742677867,train,BipFam,BipFam,6.916198,4.4250584,3.1286666
168,864691135464991645,train,thalamocortical,thalamocortical,2.4718924,8.045425,3.7979593
216,864691135499752723,train,BasketFam,BasketFam,3.4296596,5.955682,6.4703755
4387,864691136381324501,train,BasketFam,BasketFam,2.432482,5.809736,5.262249
274,864691135569866988,test,L4IT,pyramidal,5.233925,6.3599753,1.0628957
465,864691136086632812,train,NglFam,NglFam,6.596468,4.4635043,2.1300063
1422,864691134966249759,train,thalamocortical,thalamocortical,6.164822,6.997712,4.5033855
708,864691135336954857,train,L4IT,pyramidal,5.1502047,7.178631,1.1831656
1029,864691136118430628,train,BipFam,BipFam,6.098908,5.511443,2.5486665
1538,864691135778081453,train,thalamocortical,thalamocortical,4.1838226,5.6521587,1.7864727
2484,864691136288755395,train,thalamocortical,thalamocortical,1.8274068,7.1802263,2.337875
3029,864691135755605197,train,thalamocortical,thalamocortical,3.8418562,6.9193344,3.6743994
12240,864691135858282030,train,MartFam,MartFam,2.2939882,5.5018396,2.7528
352,864691135742895723,test,BipFam,BipFam,4.424275,7.379685,2.455407
739,864691135106309709,train,NglFam,NglFam,7.0372853,9.89265,2.2244415
5340,864691136288755395,train,thalamocortical,thalamocortical,5.8268824,8.353191,2.9925332
594,864691136391034487,train,L4IT,pyramidal,6.1415534,6.500026,2.0015843
67,864691135955262472,test,L4IT,pyramidal,4.4580803,8.301353,3.0767624
102,864691135470255698,train,thalamocortical,thalamocortical,3.9646432,6.3274956,1.1831158
1119,864691135343506885,train,BipFam,BipFam,6.841229,8.675959,1.5074711
7,864691135351159255,train,thalamocortical,thalamocortical,3.6275766,9.145781,4.1346517
246,864691135369651193,train,BipFam,BipFam,6.2917905,6.3540773,2.136501
2281,864691136314120765,train,BasketFam,BasketFam,3.3966172,5.3346252,5.836868
308,864691135689555680,train,NglFam,NglFam,1.7336242,6.389306,2.4899268
107,864691135455701354,train,L4IT,pyramidal,4.427478,7.205965,2.8662376
785,864691135511861968,test,MartFam,MartFam,3.4942725,6.828767,4.92571
197,864691135995711402,train,BipFam,BipFam,4.9896073,5.5509176,1.2990464
1998,864691135763975990,test,BasketFam,BasketFam,1.4467632,5.669822,5.2392097
2550,864691135343506885,train,BipFam,BipFam,5.1192102,4.878995,2.0106325
679,864691135115194009,train,BipFam,BipFam,3.965775,5.7897105,5.0516424
6209,864691135477104960,train,thalamocortical,thalamocortical,2.6924322,6.6486053,2.3110988
793,864691136579408916,test,L4IT,pyramidal,6.3612885,6.365259,3.8939977
17,864691135303514791,train,NglFam,NglFam,7.1017838,4.7257986,2.6875148
2652,864691136288755395,train,thalamocortical,thalamocortical,2.2907953,7.110757,2.771916
957,864691136118878116,train,MartFam,MartFam,3.0004451,4.111119,0.69265795
4801,864691135119335645,train,thalamocortical,thalamocortical,4.3947487,8.432587,3.5795965
135,864691135920800688,test,L4IT,pyramidal,6.6227007,6.537887,3.5767024
7177,864691136067404440,test,MartFam,MartFam,3.165557,4.0450315,0.66543305
5262,864691135858282030,train,MartFam,MartFam,3.080952,4.123767,0.6145254
5051,864691136390905207,train,MartFam,MartFam,3.053188,7.377209,3.5916889
647,864691135478095016,train,BasketFam,BasketFam,3.2687798,5.9830556,5.799378
354,864691136364166370,train,BipFam,BipFam,5.1446176,7.2297893,1.7945144
366,864691136966189518,test,MartFam,MartFam,4.998841,8.797537,4.2207136
4287,864691135499616019,train,BasketFam,BasketFam,1.094889,5.3367786,5.296929
253,864691135852637127,train,L6IT,pyramidal,7.6342998,9.813142,3.3821297
181,864691135293096118,train,NglFam,NglFam,2.9751675,8.187685,2.9320252
1372,864691135106189901,test,BasketFam,BasketFam,3.763748,6.3995295,5.915977
786,864691135341516741,test,MartFam,MartFam,5.2453694,7.624653,3.788962
172,864691135309733190,train,NglFam,NglFam,7.258744,4.7609673,3.1337254
275,864691136991606421,train,L4IT,pyramidal,5.021699,7.9513097,3.0396764
867,864691135941898918,train,MartFam,MartFam,4.460129,6.4161606,0.8270615
879,864691135293678006,train,L4IT,pyramidal,6.584336,6.6953807,1.460733
1009,864691135503782210,test,BipFam,BipFam,4.121688,9.014141,4.6746516
116,864691136524282001,train,NglFam,NglFam,4.140528,7.4353843,3.897039
1100,864691135214970752,train,BipFam,BipFam,3.9993312,9.228671,4.124047
102,864691135472556082,train,MartFam,MartFam,6.962842,8.850625,2.8666837
436,864691135132887456,test,NglFam,NglFam,6.4616165,4.1276503,2.5225585
847,864691135455819114,test,L4IT,pyramidal,5.990988,7.0293574,1.0468851
585,864691135570791558,test,L4IT,pyramidal,6.985236,6.6005063,3.6423051
2070,864691136390828919,train,MartFam,MartFam,4.721383,5.6391225,1.138205
215,864691135132887456,test,NglFam,NglFam,6.9404793,3.2729928,2.2308724
3840,864691135373601736,train,BasketFam,BasketFam,2.9181197,7.7281847,5.5833654
403,864691136487168530,train,MartFam,MartFam,5.881639,7.9420137,1.1948769
5078,864691135106209101,train,BasketFam,BasketFam,5.8827195,6.568735,4.7384977
4163,864691136580010516,test,MartFam,MartFam,3.9605117,4.4218616,0.48084718
786,864691135106309709,train,NglFam,NglFam,6.1422224,8.3632765,5.0209427
304,864691136196517452,test,L4IT,pyramidal,5.483633,7.4977384,4.0431275
30,864691136524282001,train,NglFam,NglFam,3.3573654,6.4149394,3.0426862
794,864691136603935441,train,BasketFam,BasketFam,1.8644623,5.2484756,5.4544954
2825,864691135584068717,train,BasketFam,BasketFam,1.7597804,4.948944,6.1233597
768,864691136336192947,train,BasketFam,BasketFam,4.693392,6.2297497,0.8591216
712,864691135215078712,train,BipFam,BipFam,7.3210354,5.538162,2.9450738
216,864691135840033171,train,NglFam,NglFam,6.1005945,8.624481,1.8662722
1749,864691135465001373,train,BasketFam,BasketFam,1.059174,5.7947173,5.154854
107,864691136196338764,train,L4IT,pyramidal,6.648959,7.7721024,1.7039145
271,864691135293096118,train,NglFam,NglFam,5.223721,6.715712,2.053606
62,864691135971464805,train,BasketFam,BasketFam,2.5506032,5.373258,6.485217
744,864691136196383190,train,BasketFam,BasketFam,2.759944,4.820227,5.8000765
858,864691135447979922,train,BipFam,BipFam,6.0457497,7.0538926,4.5340085
333,864691136137064075,train,BipFam,BipFam,5.024139,9.041358,4.5552416
118,864691135465001373,train,BasketFam,BasketFam,3.0151753,6.9810476,4.9216375
822,864691136421324951,train,L4IT,pyramidal,6.949112,7.4877105,4.2388096
45,864691135592789259,train,BipFam,BipFam,7.9392185,5.1921434,2.797353
561,864691135916843366,train,L4IT,pyramidal,6.4333467,7.247072,4.6833687
469,864691135388368001,train,L4IT,pyramidal,4.632418,7.427157,1.7368536
2462,864691136118294692,train,thalamocortical,thalamocortical,3.5687447,7.0420194,1.1820664
535,864691135209947769,test,L5IT,pyramidal,4.7330513,6.4574995,2.73397
732,864691135106309709,train,NglFam,NglFam,6.82334,7.975652,4.232477
3094,864691135778081453,train,thalamocortical,thalamocortical,4.339293,6.606727,0.69842684
2199,864691135685030130,train,thalamocortical,thalamocortical,6.0902524,9.615521,2.8881633
1245,864691136484883756,train,BasketFam,BasketFam,3.4242043,5.182884,6.166004
173,864691135941300993,train,L4IT,pyramidal,4.9633274,7.2224135,0.9154799
3985,864691135997428394,test,thalamocortical,thalamocortical,5.454856,7.7638187,4.24566
505,864691135277501669,train,L4IT,pyramidal,6.4690537,6.4832044,3.898228
620,864691135646147567,test,L4IT,pyramidal,4.0988464,7.518902,2.8837695
39,864691136975639836,train,BipFam,BipFam,4.490108,5.590282,3.225076
3726,864691135470255698,train,thalamocortical,thalamocortical,4.7728996,6.633403,1.2350368
529,864691136814508659,train,L4IT,pyramidal,4.652882,6.8881655,2.6467607
953,864691136314485053,train,L5NP,pyramidal,7.285961,8.882205,2.2832286
238,864691135997428394,test,thalamocortical,thalamocortical,2.975352,7.2513914,0.8060002
2211,864691135571546917,train,MartFam,MartFam,3.8608873,7.4450088,2.1348844
2305,864691135496444816,train,BasketFam,BasketFam,4.833512,6.6953,4.179418
3272,864691135446065810,train,MartFam,MartFam,2.998196,5.092055,2.218177
1289,864691135875414414,train,BasketFam,BasketFam,3.61792,6.430425,6.5926304
3913,864691135106209101,train,BasketFam,BasketFam,2.0669909,5.8203015,4.825104
2,864691136524282001,train,NglFam,NglFam,4.4688644,7.958039,3.7211168
1618,864691135878407251,train,BasketFam,BasketFam,2.9254553,6.05759,6.0598927
789,864691134989909114,test,MartFam,MartFam,3.9615672,7.71588,3.3439229
1134,864691135396115445,test,L4IT,pyramidal,4.635121,7.0055857,0.9401031
3224,864691136390828919,train,MartFam,MartFam,2.8657799,4.28453,0.7829906
31,864691136904967346,test,L6CT,pyramidal,5.14004,7.7661157,2.7721012
1294,864691135875919502,test,MartFam,MartFam,2.769846,4.1819425,0.99698687
3911,864691135396720885,train,BasketFam,BasketFam,7.276328,7.5571265,3.2084277
4085,864691136268801012,test,BasketFam,BasketFam,1.430462,6.319675,5.656469
47,864691135996891050,test,BipFam,BipFam,3.914413,6.21423,2.2392108
3246,864691136011733934,train,MartFam,MartFam,3.0364778,7.811851,3.480198
616,864691135293096118,train,NglFam,NglFam,3.4767883,9.111567,4.232798
72,864691135570381292,test,BipFam,BipFam,3.534248,8.184604,3.2165782
200,864691135499283987,train,L6IT,pyramidal,2.4384153,7.692218,2.596857
1420,864691135941789606,train,BasketFam,BasketFam,2.0460863,5.07334,6.0143743
24,864691136390828919,train,MartFam,MartFam,2.2651045,8.079449,4.018325
239,864691135778618029,train,BipFam,BipFam,4.76238,7.3555603,1.8573406
10,864691135584008045,test,L3IT,pyramidal,7.2760715,7.8738785,3.39647
1459,864691135446065810,train,MartFam,MartFam,3.423,7.9984074,3.070086
423,864691135294441654,train,L4IT,pyramidal,3.4600465,8.082444,3.1285067
4568,864691136814345075,train,MartFam,MartFam,7.4443846,4.0364184,2.6517339
3579,864691136011549614,train,BipFam,BipFam,7.474073,8.045067,3.6375017
294,864691136102207349,train,BipFam,BipFam,7.175917,9.069599,2.3637416
3489,864691136007059658,test,BipFam,BipFam,5.9227977,6.8120093,2.0869668
116,864691135347627423,train,BipFam,BipFam,7.194675,7.9065933,2.3980706
4273,864691136007059658,test,BipFam,BipFam,5.1996565,7.275872,1.0967001
3653,864691135470255698,train,thalamocortical,thalamocortical,4.752394,9.147383,4.6189456
2841,864691136523971473,train,BipFam,BipFam,4.493038,3.9688797,0.8838651
4655,864691135387551061,train,BasketFam,BasketFam,2.1793122,5.518748,5.6205325
522,864691135271343525,train,BipFam,BipFam,2.0920255,7.5854874,4.080153
1281,864691135210178169,test,BasketFam,BasketFam,2.1496365,7.941532,5.530336
68,864691136664680926,train,L6CT,pyramidal,3.9855146,9.330794,5.035428
2091,864691135258628527,test,BasketFam,BasketFam,0.86293995,6.292155,4.2223225
491,864691135060882843,train,L4IT,pyramidal,6.146725,7.9376082,1.9776143
4013,864691135398746401,train,MartFam,MartFam,6.8956223,4.075497,3.0848851
279,864691135503182685,train,L5ET,pyramidal,6.817897,8.3314295,4.5928907
1176,864691135271343525,train,BipFam,BipFam,2.6748252,7.6391716,3.9228473
3491,864691135720572977,train,MartFam,MartFam,1.4199308,6.892074,3.746164
1807,864691135641196091,train,MartFam,MartFam,7.3233037,3.438807,2.0146716
415,864691136380816597,test,L4IT,pyramidal,3.8333604,6.518455,1.6876588
243,864691136145572404,train,BipFam,BipFam,2.433463,6.5341477,1.8447498
5140,864691136007059658,test,BipFam,BipFam,4.3541007,9.362082,4.8945923
6017,864691135464991645,train,thalamocortical,thalamocortical,3.4355705,6.5303054,1.1128907
351,864691135685030130,train,thalamocortical,thalamocortical,2.1031651,6.6025553,3.2638319
0,864691135106309709,train,NglFam,NglFam,6.073336,7.367461,4.9692235
818,864691135562950369,train,BipFam,BipFam,4.8655605,8.507708,4.2435746
3787,864691136288755395,train,thalamocortical,thalamocortical,2.8464792,7.3982277,3.4399357
1578,864691136123919654,train,BasketFam,BasketFam,1.9041502,7.751788,5.486049
535,864691136239793212,test,NglFam,NglFam,6.7502246,9.319141,1.6010244
6184,864691137022180974,test,MartFam,MartFam,6.945525,3.8692603,2.1885858
4117,864691135477104960,train,thalamocortical,thalamocortical,2.8662233,6.995472,2.4122753
147,864691136288752835,train,thalamocortical,thalamocortical,1.2859462,7.062261,2.3954875
86,864691136273370302,train,NglFam,NglFam,7.4485993,10.018227,2.5471716
584,864691136364166370,train,BipFam,BipFam,4.3178086,4.9896097,0.3998037
2610,864691135477104960,train,thalamocortical,thalamocortical,3.4401565,7.3350787,1.0821915
191,864691135293096118,train,NglFam,NglFam,5.0109806,7.992044,3.1226234
161,864691135955909640,train,L4IT,pyramidal,6.602387,8.151851,2.758694
1245,864691135499624723,train,BasketFam,BasketFam,1.9485724,5.6674623,5.234502
144,864691135840033171,train,NglFam,NglFam,6.507364,9.136813,2.8727763
1413,864691135727929663,train,BasketFam,BasketFam,5.900175,3.7478545,2.0967867
389,864691135271343525,train,BipFam,BipFam,2.2258227,6.4238853,4.5920367
5456,864691136007059658,test,BipFam,BipFam,6.975991,9.162016,1.9433271
1699,864691136011549614,train,BipFam,BipFam,6.6086044,6.1589723,2.607809
4101,864691135210446457,train,MartFam,MartFam,4.1448,5.990693,1.3060629
1452,864691135685030130,train,thalamocortical,thalamocortical,3.4309402,8.517858,3.3168728
5619,864691136138622333,train,BasketFam,BasketFam,1.7118795,5.5456486,5.7368917
629,864691135742677867,train,BipFam,BipFam,4.5822487,5.195379,2.9602616
1269,864691136137064075,train,BipFam,BipFam,5.3388677,9.047466,3.9834924
9409,864691135271967397,train,MartFam,MartFam,2.1188383,4.4861164,1.5162488
3971,864691137056216950,train,MartFam,MartFam,2.185252,4.9852843,2.1165395
591,864691136372954248,test,NglFam,NglFam,5.578306,6.559123,1.197678
281,864691135891467401,test,L5IT,pyramidal,7.540888,9.494947,3.4106567
63,864691135778331232,train,L6IT,pyramidal,4.4827743,9.600459,4.617434
3936,864691135941898918,train,MartFam,MartFam,5.1083922,5.818653,4.3597236
850,864691135689555680,train,NglFam,NglFam,2.9490142,5.1532006,2.5539758
1243,864691136372954248,test,NglFam,NglFam,5.859337,6.850809,2.3803523
2635,864691136381324501,train,BasketFam,BasketFam,2.6305413,4.750251,5.1370606
27,864691135592678411,train,BipFam,BipFam,4.7980185,4.957301,2.8991008
1229,864691136034487483,train,BasketFam,BasketFam,1.7400812,5.083436,6.2390027
137,864691135576872222,train,L4IT,pyramidal,4.401337,6.9335427,0.74596536
319,864691135839932307,train,L2IT,pyramidal,7.003272,8.408856,3.7301037
257,864691135616183499,train,BasketFam,BasketFam,2.0009873,7.4891276,5.3644385
582,864691136086632812,train,NglFam,NglFam,5.1718063,4.7756248,1.3142624
3662,864691136034487483,train,BasketFam,BasketFam,2.5985277,6.0982337,5.819786
4270,864691135446065810,train,MartFam,MartFam,7.4462156,7.9403424,3.6787412
3633,864691135779780797,test,MartFam,MartFam,3.543106,4.1410832,0.5042553
933,864691135577202181,train,MartFam,MartFam,3.2378833,6.713034,2.1516912
378,864691135689555680,train,NglFam,NglFam,4.703744,8.216939,3.739081
4673,864691136288755395,train,thalamocortical,thalamocortical,3.0002792,5.817297,2.5401783
1488,864691135404765166,train,MartFam,MartFam,6.6751065,4.4437356,1.8521018
107,864691135340141542,test,MartFam,MartFam,6.7506623,5.8510165,2.1249313
665,864691135997140906,train,BipFam,BipFam,6.968561,7.553714,3.8712668
1463,864691135499616019,train,BasketFam,BasketFam,3.4492269,5.5319905,6.2291327
6180,864691135387529301,test,BasketFam,BasketFam,3.420789,5.269914,5.7551093
6564,864691135774221643,train,MartFam,MartFam,7.4368057,3.5600176,2.114962
853,864691136108370905,train,BipFam,BipFam,4.708137,8.592678,3.9128828
237,864691135693735103,train,NglFam,NglFam,6.912571,9.759016,3.1009731
199,864691136239793212,test,NglFam,NglFam,7.1449823,9.820404,2.240166
2493,864691136523971473,train,BipFam,BipFam,5.1314383,5.4523845,2.0792658
2432,864691135928029966,train,thalamocortical,thalamocortical,4.651711,6.8276334,0.66366965
3304,864691136118294692,train,thalamocortical,thalamocortical,2.4376376,7.8587217,3.9432464
273,864691135303514791,train,NglFam,NglFam,7.213795,5.7344785,2.4460332
754,864691136312076122,train,MartFam,MartFam,2.4827776,8.132866,3.7462122
2248,864691135928029966,train,thalamocortical,thalamocortical,3.8228483,7.0684566,0.8308691
2411,864691135118298333,train,MartFam,MartFam,7.4635434,3.8707159,2.189333
960,864691135763975990,test,BasketFam,BasketFam,2.0083742,6.295377,4.952918
480,864691135742826603,train,BipFam,BipFam,6.1637745,6.6888824,2.356017
37,864691135877951571,train,L4IT,pyramidal,5.857486,7.9016495,2.9357002
2266,864691135772774651,test,MartFam,MartFam,5.804911,4.7979302,1.8231463
5629,864691137022180974,test,MartFam,MartFam,2.2293155,7.596754,2.5554821
5428,864691135756844242,test,MartFam,MartFam,3.2694068,4.7272787,1.0769144
7010,864691135875919502,test,MartFam,MartFam,3.5305126,4.4444036,2.239416
377,864691136210975676,test,L4IT,pyramidal,6.3469687,6.9978123,4.130914
203,864691135214970752,train,BipFam,BipFam,7.4434876,9.808774,2.3192956
275,864691136086632812,train,NglFam,NglFam,6.4047427,8.860765,1.536253
9,864691135885996912,train,BipFam,BipFam,4.4576893,6.9848013,3.8473616
6680,864691136007059658,test,BipFam,BipFam,5.1041913,5.967686,0.8989625
4046,864691135997140906,train,BipFam,BipFam,4.9750676,6.4864693,2.8361688
4442,864691135448017554,train,BasketFam,BasketFam,3.040774,4.8360195,5.467926
4234,864691135346954143,train,MartFam,MartFam,6.960908,6.8627453,2.7547793
3946,864691136007059658,test,BipFam,BipFam,6.427385,7.116799,4.5472574
623,864691136814345075,train,MartFam,MartFam,3.6566598,5.9336467,1.5683968
962,864691136012173475,test,BipFam,BipFam,3.8252044,6.4792795,3.6556022
145,864691135114295961,test,MartFam,MartFam,7.9319158,6.64511,3.0112908
6405,864691136118878116,train,MartFam,MartFam,2.2675672,4.467894,1.6436638
52,864691135342958789,train,L4IT,pyramidal,5.2989087,8.948608,4.3011804
452,864691134887444986,test,NglFam,NglFam,4.6842303,5.8166285,1.1295992
7971,864691135464991645,train,thalamocortical,thalamocortical,1.5255443,6.61637,4.5865755
3348,864691135528046939,train,MartFam,MartFam,3.477384,4.1021748,0.7756963
383,864691135398746401,train,MartFam,MartFam,2.1233208,5.074088,1.7975274
150,864691135398762529,train,BipFam,BipFam,4.337518,5.2187047,2.1832867
1373,864691135464946757,test,BasketFam,BasketFam,1.6112627,5.866551,6.092352
222,864691136239793212,test,NglFam,NglFam,6.2350903,9.070678,2.8441415
344,864691135578670597,test,L6IT,pyramidal,3.9257398,9.121464,4.7668657
4411,864691135853090503,test,BasketFam,BasketFam,1.2111311,5.7942705,5.080675
512,864691136364166370,train,BipFam,BipFam,3.910954,9.184548,4.8868937
118,864691136273370302,train,NglFam,NglFam,6.9733834,9.152599,4.155424
232,864691135309733190,train,NglFam,NglFam,7.4269514,3.7194853,2.6150217
66,864691135106309709,train,NglFam,NglFam,6.7702494,8.548296,2.1001694
1329,864691136927366986,train,thalamocortical,thalamocortical,2.5639136,7.01765,0.9678993
2228,864691135866821340,train,thalamocortical,thalamocortical,4.7367544,5.444394,4.5886073
809,864691136453183487,test,MartFam,MartFam,4.4002748,5.1192055,2.4724636
266,864691136298913563,train,MartFam,MartFam,3.988894,4.7207775,1.8357344
3571,864691136033871035,train,thalamocortical,thalamocortical,4.471727,5.4985957,4.2003536
431,864691135993767617,train,L6CT,pyramidal,5.2277384,9.256076,4.533663
110,864691137055244406,train,L6CT,pyramidal,7.5293217,9.362004,3.3820047
419,864691135510191369,train,L6CT,pyramidal,1.694221,6.670705,2.3624108
2686,864691135294194358,train,thalamocortical,thalamocortical,1.7929546,6.7809973,2.548898
56,864691136211325884,test,L2IT,pyramidal,7.289935,5.352317,2.443258
54,864691135586724220,test,L5IT,pyramidal,7.2791557,9.598675,2.9755876
879,864691135571440006,train,MartFam,MartFam,7.224797,5.2491355,2.3484185
4790,864691135858282030,train,MartFam,MartFam,2.5676715,7.846727,3.9158187
1798,864691135447979922,train,BipFam,BipFam,2.1113966,6.383737,1.8188213
854,864691135689555680,train,NglFam,NglFam,2.4591196,7.6607394,2.7422795
625,864691135810098717,test,BasketFam,BasketFam,2.0484755,7.819135,5.8885016
39,864691136118294692,train,thalamocortical,thalamocortical,4.283136,5.722561,3.614864
969,864691136595955362,train,MartFam,MartFam,4.1592298,5.708295,1.030388
298,864691135578360837,train,L4IT,pyramidal,7.562961,9.59992,2.874421
2391,864691135878586963,test,thalamocortical,thalamocortical,1.1042187,7.229903,2.48291
1128,864691135688823008,train,L6IT,pyramidal,3.2450285,6.567879,2.9016368
168,864691136273370302,train,NglFam,NglFam,6.094896,7.4020367,4.9446707
1989,864691136145537844,train,BipFam,BipFam,5.6808457,4.978787,1.2948674
1262,864691135492665959,train,MartFam,MartFam,7.339261,5.1238475,2.4525378
442,864691135293096118,train,NglFam,NglFam,4.1980357,9.336031,3.9961019
1078,864691135571356038,test,MartFam,MartFam,2.601619,4.295963,1.1681045
1393,864691135463999294,train,BasketFam,BasketFam,1.6536871,6.9795136,5.1559157
1213,864691136138803837,train,BasketFam,BasketFam,2.1920712,5.178067,5.802206
416,864691135442598728,train,BasketFam,BasketFam,2.7227056,5.7817945,5.985722
414,864691135456493418,test,BipFam,BipFam,4.7874513,5.408366,3.897672
4903,864691136067404440,test,MartFam,MartFam,6.0178995,4.067426,1.8188672
1128,864691135562950369,train,BipFam,BipFam,6.4236145,4.9367905,2.516929
1043,864691136118430628,train,BipFam,BipFam,4.5404205,6.560739,0.9284811
154,864691135119630813,test,BipFam,BipFam,6.000371,6.6364655,1.1829787
4256,864691136288755395,train,thalamocortical,thalamocortical,6.182373,8.246923,2.6952047
19,864691135990564864,train,NglFam,NglFam,3.3569074,6.207005,2.2872005
441,864691136288755395,train,thalamocortical,thalamocortical,3.093983,5.7426105,2.9754667
310,864691136086632812,train,NglFam,NglFam,6.538835,4.1760464,1.7355171
640,864691136052101363,train,BipFam,BipFam,7.00299,9.851681,1.9554033
6892,864691135456535658,train,MartFam,MartFam,4.280758,4.653407,0.6206419
1679,864691135875919502,test,MartFam,MartFam,3.5968177,4.997763,1.6340481
595,864691135215254584,train,L4IT,pyramidal,5.8877945,8.525447,3.485466
777,864691135920776624,train,MartFam,MartFam,6.5286274,8.912035,1.4965665
1776,864691135839577235,train,MartFam,MartFam,4.665555,8.006466,2.539109
268,864691136391024144,train,NglFam,NglFam,4.938327,4.2978706,0.9809139
609,864691135566825495,train,BasketFam,BasketFam,3.7375371,6.8191195,5.832584
1220,864691136238652476,train,MartFam,MartFam,6.850118,9.691158,1.5730106
630,864691136238652476,train,MartFam,MartFam,7.3536854,4.832783,2.4806483
584,864691136664127454,test,L4IT,pyramidal,7.816364,7.689946,2.798843
890,864691135725779883,train,BasketFam,BasketFam,4.804488,9.070002,4.254606
37,864691135689555680,train,NglFam,NglFam,6.080019,4.3884034,1.7220758
2935,864691136053350131,test,thalamocortical,thalamocortical,4.9927516,7.4580584,4.341711
1346,864691135940881830,train,MartFam,MartFam,7.400731,3.4649675,2.0607631
1607,864691136489623826,train,BasketFam,BasketFam,1.5793545,5.501445,5.245264
1149,864691136288755395,train,thalamocortical,thalamocortical,3.27101,7.2339416,1.0208468
18,864691135774127611,train,BipFam,BipFam,6.9721227,6.425471,2.8826942
1152,864691135492888039,test,BasketFam,BasketFam,3.3057957,4.965018,3.2748775
1860,864691135878407251,train,BasketFam,BasketFam,2.3823464,8.093721,5.8041205
1345,864691135659538306,train,thalamocortical,thalamocortical,6.657873,7.412202,3.9758613
2,864691135566824983,test,BipFam,BipFam,4.9685044,6.827129,0.8568941
877,864691136372954248,test,NglFam,NglFam,4.755485,5.423059,1.0984117
154,864691135686399415,train,BipFam,BipFam,5.6206827,6.609769,2.2897654
1047,864691135885194352,train,BasketFam,BasketFam,2.4199338,7.6570983,5.6757145
2854,864691136196932172,train,BasketFam,BasketFam,3.137373,5.3264766,6.346675
4773,864691135464991645,train,thalamocortical,thalamocortical,1.573002,6.4980297,4.755731
4648,864691135778081453,train,thalamocortical,thalamocortical,1.5863746,7.550441,2.3152714
1561,864691135756844242,test,MartFam,MartFam,3.3933675,4.2971206,0.70444214
188,864691135478434216,train,BasketFam,BasketFam,3.4413,5.1416087,6.1461406
1327,864691135755605197,train,thalamocortical,thalamocortical,1.3214225,7.3085666,2.4250538
1099,864691135351159255,train,thalamocortical,thalamocortical,2.3866212,7.9381595,4.0413885
2230,864691135405480430,train,BasketFam,BasketFam,2.769994,4.8729506,6.051897
6548,864691135196475434,train,MartFam,MartFam,4.181601,4.8353705,1.9462613
3559,864691135703016059,train,MartFam,MartFam,6.673605,5.8225884,2.118114
131,864691136524282001,train,NglFam,NglFam,6.9314313,3.322125,2.0524013
391,864691135689555680,train,NglFam,NglFam,4.7204843,7.836074,3.7304573
284,864691135293096118,train,NglFam,NglFam,4.13104,8.511463,3.5695713
431,864691135335635177,train,L3IT,pyramidal,4.6456075,9.370522,4.598623
1456,864691135336840425,train,BasketFam,BasketFam,2.5856109,5.9248104,5.807202
5321,864691135492600167,train,BasketFam,BasketFam,1.9553235,7.452722,5.858252
640,864691135741998484,train,L4IT,pyramidal,2.3619268,8.134827,2.9299588
6125,864691136011485614,test,BasketFam,BasketFam,2.0749288,7.552813,4.285514
6,864691135867984005,train,L4IT,pyramidal,6.479529,8.960816,3.757358
1776,864691136058602712,train,thalamocortical,thalamocortical,3.0936656,8.883518,4.206695
165,864691135396794101,train,L3IT,pyramidal,5.794503,6.251712,3.331993
136,864691136211068860,train,BasketFam,BasketFam,2.1430182,6.1488414,5.5498676
410,864691135470255698,train,thalamocortical,thalamocortical,5.7339554,6.2639413,3.312243
485,864691136391024144,train,NglFam,NglFam,2.4784343,5.7631354,2.7822866
729,864691136311213914,test,BasketFam,BasketFam,4.8473744,8.389738,3.6985803
232,864691135510406921,test,L3IT,pyramidal,7.8307343,6.341481,3.0052702
493,864691136239793212,test,NglFam,NglFam,7.1572394,9.921872,2.0942068
2992,864691136288755395,train,thalamocortical,thalamocortical,1.3453751,7.1447644,2.4781718
2796,864691135294194358,train,thalamocortical,thalamocortical,3.2323186,6.5377464,0.8238421
2497,864691135499752723,train,BasketFam,BasketFam,4.08412,5.4698567,5.0292473
4790,864691136580010516,test,MartFam,MartFam,4.1776195,7.8683023,2.2064703
135,864691135303514791,train,NglFam,NglFam,7.3414907,4.231131,3.1445906
1561,864691136372954248,test,NglFam,NglFam,3.1982257,6.6836166,2.98263
280,864691135115194009,train,BipFam,BipFam,3.9121566,6.8189535,5.8870273
758,864691135106309709,train,NglFam,NglFam,6.8499827,9.70564,1.6026549
330,864691135756630226,train,MartFam,MartFam,5.3500786,9.214892,3.8497233
687,864691135686540471,train,BasketFam,BasketFam,2.9730651,5.7208323,5.947118
3435,864691135271967397,train,MartFam,MartFam,6.210586,4.2013755,2.0150602
85,864691137198691137,train,L2IT,pyramidal,6.766505,6.681886,2.6681035
1056,864691136521831825,train,L5IT,pyramidal,4.8669105,9.231754,4.3904033
2126,864691136145537844,train,BipFam,BipFam,6.301069,7.7236238,1.2526464
768,864691135294194358,train,thalamocortical,thalamocortical,5.840385,6.340285,3.275978
95,864691136579193108,train,L6CT,pyramidal,6.708099,7.958322,2.5526047
2290,864691135783317840,train,thalamocortical,thalamocortical,4.0569897,6.111585,1.2498041
541,864691136239793212,test,NglFam,NglFam,7.1882973,9.965198,2.3007386
3337,864691136914542577,train,MartFam,MartFam,3.3922598,5.7967596,1.8330837
2154,864691135571440006,train,MartFam,MartFam,6.89844,6.895798,2.671936
2383,864691136288755395,train,thalamocortical,thalamocortical,2.4087887,7.8932776,3.769095
326,864691135570791558,test,L4IT,pyramidal,7.9153585,6.0509005,2.8067114
1893,864691136489623826,train,BasketFam,BasketFam,3.028586,5.184158,5.292619
2234,864691135878586963,test,thalamocortical,thalamocortical,4.791474,5.9650106,1.9712411
614,864691136022214648,train,L4IT,pyramidal,4.8732758,6.6169686,2.8102367
470,864691134887444986,test,NglFam,NglFam,4.223722,5.307716,1.9572146
3267,864691136033871035,train,thalamocortical,thalamocortical,3.7177422,6.457204,1.2450291
224,864691135106309709,train,NglFam,NglFam,6.2954307,8.555282,4.809267
8482,864691135756844242,test,MartFam,MartFam,5.4702954,6.0280223,3.4005096
135,864691135948215076,test,BipFam,BipFam,4.845037,6.454862,2.6218896
2159,864691136925008100,train,BipFam,BipFam,0.70583963,6.077524,4.121238
2624,864691135387277397,test,thalamocortical,thalamocortical,4.038187,8.1601515,3.5865395
88,864691135840033171,train,NglFam,NglFam,4.8806896,4.8569913,1.7551867
288,864691135545730856,train,BipFam,BipFam,7.044226,7.198761,2.5464118
687,864691135386963541,train,L4IT,pyramidal,6.917555,8.232724,2.094006
3916,864691134966621471,train,MartFam,MartFam,5.0520563,7.426096,3.6978326
135,864691136991606421,train,L4IT,pyramidal,2.2100804,8.096012,2.8937132
310,864691136364166370,train,BipFam,BipFam,7.892921,5.6624365,2.687069
1510,864691135464991645,train,thalamocortical,thalamocortical,4.5317097,5.4433146,4.7695765
1072,864691135431441968,train,thalamocortical,thalamocortical,3.4379582,6.5151286,1.4370862
627,864691135351159255,train,thalamocortical,thalamocortical,5.3063393,6.9280267,2.6554487
388,864691135689555680,train,NglFam,NglFam,2.3455105,6.7639346,3.2192073
141,864691135716679194,train,L6CT,pyramidal,7.1016374,9.403552,1.8622277
2360,864691136195796182,test,BasketFam,BasketFam,3.6304085,6.490963,6.5815363
294,864691136381324501,train,BasketFam,BasketFam,7.5214977,9.978683,2.5303278
1695,864691135566979927,train,MartFam,MartFam,6.640879,9.023477,2.1272893
683,864691135571356038,test,MartFam,MartFam,5.903125,4.2468843,1.5715584
347,864691135764890678,train,MartFam,MartFam,5.2226753,8.713021,3.671096
3373,864691135702887291,train,BasketFam,BasketFam,3.5762625,5.695569,5.7348766
78,864691135293096118,train,NglFam,NglFam,4.82834,8.021365,2.9696507
3936,864691135725779883,train,BasketFam,BasketFam,2.7553353,6.4781284,5.7594533
316,864691136239793212,test,NglFam,NglFam,3.8280818,9.1439705,4.878096
207,864691135293096118,train,NglFam,NglFam,5.582256,9.000656,3.989326
267,864691134887444986,test,NglFam,NglFam,4.8574457,5.369661,4.5179577
294,864691136110366904,train,L4IT,pyramidal,6.280482,8.256001,3.7914531
2937,864691135584019053,test,MartFam,MartFam,3.662291,4.1144404,0.6841584
931,864691135878586963,test,thalamocortical,thalamocortical,2.152473,7.008534,1.6687894
5520,864691136011485614,test,BasketFam,BasketFam,1.4792641,5.7900825,5.4042587
25,864691135689555680,train,NglFam,NglFam,7.237304,3.9569154,2.3246078
2907,864691135866821340,train,thalamocortical,thalamocortical,5.29757,8.715558,4.721538
649,864691134887444986,test,NglFam,NglFam,3.3619895,4.838311,2.9730513
2796,864691135764678198,test,MartFam,MartFam,6.8401785,9.367231,2.2997336
1297,864691134989909114,test,MartFam,MartFam,7.4743085,5.220382,2.720098
831,864691136905560754,train,L5IT,pyramidal,6.9324102,8.351114,3.518592
1248,864691135474086450,train,BasketFam,BasketFam,1.9505138,7.3519883,5.816857
295,864691136086632812,train,NglFam,NglFam,4.794575,5.7075133,1.0812458
2570,864691135134565280,train,BasketFam,BasketFam,3.1295693,5.4824038,6.6647854
1236,864691135689015264,train,thalamocortical,thalamocortical,3.5811043,7.9929147,3.107377
1526,864691135470860370,test,BipFam,BipFam,4.3323574,5.016386,0.35484865
7899,864691135464991645,train,thalamocortical,thalamocortical,2.0029764,6.8777256,3.4753637
1017,864691135134565280,train,BasketFam,BasketFam,3.3705122,8.107587,4.863758
1880,864691136620192653,train,MartFam,MartFam,7.18169,8.421951,2.8113177
3896,864691135212863360,train,MartFam,MartFam,4.6749315,4.159417,1.2993759
1330,864691135271915173,train,MartFam,MartFam,7.3890305,3.7025948,2.1930778
3430,864691135518791818,train,BasketFam,BasketFam,3.6113226,6.548442,6.633619
121,864691135398746401,train,MartFam,MartFam,2.903874,4.935424,1.4858067
609,864691136314126653,train,BipFam,BipFam,6.528938,6.946234,1.335838
2040,864691135689015264,train,thalamocortical,thalamocortical,4.8235717,7.9274917,1.8808526
4820,864691135212863360,train,MartFam,MartFam,3.5267825,6.4263473,6.641209
3978,864691135210443897,train,BasketFam,BasketFam,2.620781,6.1082153,6.1247225
1030,864691136372954248,test,NglFam,NglFam,2.41602,5.8841043,2.7328522
195,864691135271343525,train,BipFam,BipFam,3.5588465,5.564597,2.0196707
189,864691135059845275,train,L4IT,pyramidal,5.6367517,7.597104,3.889417
49,864691136118430628,train,BipFam,BipFam,2.3469813,5.2079287,2.0901608
607,864691136137064075,train,BipFam,BipFam,6.6669407,9.581463,3.6205494
760,864691135619463567,train,L4IT,pyramidal,6.0149374,6.7216406,3.9262228
5533,864691135271967397,train,MartFam,MartFam,0.7338111,6.001809,2.6728835
36,864691135274038801,train,L3IT,pyramidal,4.791449,8.9348755,4.419359
576,864691136364166370,train,BipFam,BipFam,6.157764,7.653066,4.856813
6138,864691135384716762,train,MartFam,MartFam,2.0683181,6.3662333,2.2728987
23,864691135118298333,train,MartFam,MartFam,7.4531307,4.233275,3.0124726
1540,864691135294194358,train,thalamocortical,thalamocortical,1.6773152,7.2048125,3.304382
7492,864691136603935441,train,BasketFam,BasketFam,3.1680343,5.0450225,5.911039
1166,864691136145537844,train,BipFam,BipFam,6.659195,5.8137655,2.2469025
127,864691135861182824,test,L6IT,pyramidal,5.9155965,7.303698,1.8204275
8761,864691135271967397,train,MartFam,MartFam,1.1484332,6.407761,3.444605
2291,864691135387277397,test,thalamocortical,thalamocortical,4.2154403,8.524427,4.5022507
265,864691136524282001,train,NglFam,NglFam,4.0909395,7.421555,3.906056
756,864691135562950369,train,BipFam,BipFam,5.0953135,5.895735,1.3265929
47,864691135994804394,train,BipFam,BipFam,4.5247893,9.334232,4.858244
530,864691135447979922,train,BipFam,BipFam,4.6952662,6.1247354,2.565696
405,864691135695042751,train,L6IT,pyramidal,4.464985,8.807187,4.0890217
377,864691135341516741,test,MartFam,MartFam,2.6765256,5.4063087,2.0560796
736,864691135562780385,train,L2IT,pyramidal,7.1819806,7.385648,2.6762543
568,864691135350977751,train,MartFam,MartFam,7.7458634,5.22318,2.774004
5911,864691136067404440,test,MartFam,MartFam,3.9948242,5.48064,3.16839
1556,864691135293678006,train,L4IT,pyramidal,6.490954,8.602914,2.9776032
424,864691135611140359,test,L4IT,pyramidal,6.979214,7.958876,2.486703
973,864691137055405174,test,L4IT,pyramidal,6.933353,8.534466,3.722039
2025,864691135470860370,test,BipFam,BipFam,5.3322554,5.2749214,1.3047515
665,864691135350542039,test,L5IT,pyramidal,7.2707677,8.119848,2.0751193
3543,864691135119335645,train,thalamocortical,thalamocortical,3.492143,6.6740885,1.164343
10864,864691135210446457,train,MartFam,MartFam,3.7527895,4.5983677,1.269233
81,864691135948238177,train,L6CT,pyramidal,5.216039,9.142662,4.1652093
1265,864691135343506885,train,BipFam,BipFam,3.897223,7.608021,3.1114736
3009,864691135866821340,train,thalamocortical,thalamocortical,4.79973,5.742249,4.481933
5825,864691135477104960,train,thalamocortical,thalamocortical,1.4641993,7.747059,2.5909717
369,864691136524282001,train,NglFam,NglFam,6.9947786,3.4469707,2.3328671
990,864691135106309709,train,NglFam,NglFam,6.1439424,8.368176,5.0019484
408,864691136954028511,train,L4IT,pyramidal,2.1518834,6.7845736,2.4707928
140,864691135106309709,train,NglFam,NglFam,6.767189,9.130227,1.7896632
4373,864691134966621471,train,MartFam,MartFam,5.7939725,4.4558477,1.4891872
1202,864691136364183266,train,BasketFam,BasketFam,3.8348632,7.1905804,5.976426
213,864691136391024144,train,NglFam,NglFam,3.0443323,7.2701507,3.5750594
352,864691135853090503,test,BasketFam,BasketFam,1.4944004,5.83594,5.59444
3382,864691136006393034,train,MartFam,MartFam,6.808991,4.0969195,3.0959158
233,864691135309733190,train,NglFam,NglFam,7.312743,3.270667,2.1374786
480,864691135119630813,test,BipFam,BipFam,6.5524793,7.4277925,4.6855392
72,864691136137064075,train,BipFam,BipFam,4.944199,9.438774,4.2226877
834,864691136372954248,test,NglFam,NglFam,4.305563,4.4623647,0.91250056
1103,864691135997140906,train,BipFam,BipFam,4.9328675,9.013039,4.581809
4184,864691135470255698,train,thalamocortical,thalamocortical,2.0195086,6.408039,2.5006082
1667,864691135431441968,train,thalamocortical,thalamocortical,2.4338906,7.6197343,3.933337
490,864691136137064075,train,BipFam,BipFam,7.1339746,8.330572,2.9989226
3936,864691136196932172,train,BasketFam,BasketFam,4.4450626,5.55705,5.0154743
1352,864691134886037498,train,MartFam,MartFam,0.80882573,6.076439,2.7988882
5514,864691135703016059,train,MartFam,MartFam,4.0567336,4.822234,0.7925389
243,864691136053350131,test,thalamocortical,thalamocortical,4.4315987,5.4843297,4.185799
229,864691135499821331,train,L4IT,pyramidal,6.4548144,7.4301224,2.5346174
1030,864691136091233847,train,thalamocortical,thalamocortical,1.8910526,6.634999,2.0772996
389,864691136111559352,test,L2IT,pyramidal,6.28052,6.4408298,2.8050861
1889,864691136091233847,train,thalamocortical,thalamocortical,3.8575094,8.537658,3.6692011
496,864691135351159255,train,thalamocortical,thalamocortical,6.6074305,8.93624,3.5102818
4156,864691135939776309,train,MartFam,MartFam,6.821521,4.7414527,2.276186
526,864691135928029966,train,thalamocortical,thalamocortical,2.8820827,7.1707106,0.9664696
152,864691136336204979,train,NglFam,NglFam,3.6683729,5.1256247,2.93525
4127,864691135294194358,train,thalamocortical,thalamocortical,2.1049638,6.5114384,2.7293882
2150,864691136523971473,train,BipFam,BipFam,5.857282,4.5677776,1.4978315
2128,864691136145537844,train,BipFam,BipFam,4.9052024,5.0603657,0.41994858
60,864691135727686463,train,BipFam,BipFam,4.439057,8.244694,3.5516863
320,864691136086632812,train,NglFam,NglFam,4.702961,5.6585827,1.0095028
11,864691135783317840,train,thalamocortical,thalamocortical,7.50268,7.9762597,3.30776
1448,864691135990793216,train,MartFam,MartFam,6.5247917,3.2904308,1.950028
3579,864691135442598728,train,BasketFam,BasketFam,2.1077936,5.0667524,6.1602755
4270,864691135015437462,test,BasketFam,BasketFam,1.9099622,5.609936,5.023925
1607,864691135503782210,test,BipFam,BipFam,4.1556506,9.621195,5.122885
1224,864691135954680867,train,L4IT,pyramidal,6.8981647,9.172542,3.739658
6895,864691136007059658,test,BipFam,BipFam,6.5217543,6.346333,3.639006
569,864691136034011579,train,L2IT,pyramidal,6.129577,7.595492,3.2523518
3803,864691135528046939,train,MartFam,MartFam,4.201082,5.05808,3.5702426
926,864691135997140906,train,BipFam,BipFam,5.6905684,6.628803,1.1035157
979,864691136053350131,test,thalamocortical,thalamocortical,2.3830783,5.3713336,5.4123163
4617,864691136312076122,train,MartFam,MartFam,2.9916418,5.39912,2.5396504
1695,864691136927366986,train,thalamocortical,thalamocortical,2.2785985,6.262594,2.2236881
366,864691135465955397,train,L3IT,pyramidal,7.2910347,5.6317115,3.3009067
465,864691135586022264,train,BasketFam,BasketFam,2.6695397,5.57834,5.6094313
420,864691135920591792,train,BasketFam,BasketFam,1.8045,5.9670076,5.00076
405,864691136273370302,train,NglFam,NglFam,5.7044816,8.431821,4.8684926
3478,864691136091233847,train,thalamocortical,thalamocortical,3.7609525,6.7078743,1.6832945
129,864691135742102635,train,L4IT,pyramidal,4.1894946,7.8188896,2.2708905
6953,864691135464991645,train,thalamocortical,thalamocortical,2.0728204,6.5372186,2.5819628
2100,864691135782873936,test,thalamocortical,thalamocortical,3.6933167,7.0310264,1.204449
32,864691135303514791,train,NglFam,NglFam,7.3998194,3.529021,2.1410112
4488,864691135470255698,train,thalamocortical,thalamocortical,4.930619,5.6391478,4.5237136
26,864691136138756221,train,BipFam,BipFam,7.4354677,9.287355,3.6944566
1125,864691135875777166,test,BasketFam,BasketFam,7.375679,8.682461,3.4064877
502,864691135562950369,train,BipFam,BipFam,6.061976,6.5167694,2.4792864
764,864691136967478222,train,L5IT,pyramidal,7.1714063,7.2913337,2.4659402
161,864691137199860033,test,BasketFam,BasketFam,1.5447402,7.3208327,5.2016606
1983,864691135336840425,train,BasketFam,BasketFam,1.4557427,6.5448155,5.4890633
3272,864691136007059658,test,BipFam,BipFam,3.773523,9.07127,4.912796
8832,864691135346954143,train,MartFam,MartFam,3.0046148,4.5908,1.1036903
114,864691135741965931,train,L4IT,pyramidal,2.6852682,7.5957556,2.5908315
210,864691135196475434,train,MartFam,MartFam,4.227502,4.6919813,0.6950101
84,864691135927494158,train,L3IT,pyramidal,5.641005,8.264625,4.84313
3051,864691135611702023,train,BasketFam,BasketFam,2.5494146,6.572513,5.197702
565,864691135492600167,train,BasketFam,BasketFam,2.025144,7.7306857,5.940804
942,864691135928029966,train,thalamocortical,thalamocortical,3.4085872,6.77813,2.101185
502,864691136925008100,train,BipFam,BipFam,3.5312376,9.0194645,4.899725
1274,864691136372954248,test,NglFam,NglFam,3.060383,6.7084947,2.9292936
287,864691136137168779,train,BipFam,BipFam,2.8581326,6.342849,3.2440398
1504,864691135294194358,train,thalamocortical,thalamocortical,7.019291,7.5929685,2.6513085
1558,864691136381325781,train,L5IT,pyramidal,7.1398396,8.006381,1.8561954
1595,864691136268801012,test,BasketFam,BasketFam,1.3768904,5.7557464,5.1515203
2515,864691135477104960,train,thalamocortical,thalamocortical,1.5466764,6.7048254,2.5439732
1382,864691135463999294,train,BasketFam,BasketFam,1.129709,6.803667,4.8647175
1111,864691136145537844,train,BipFam,BipFam,6.9575024,9.179822,1.9662858
815,864691135210178169,test,BasketFam,BasketFam,2.7817986,5.0193057,5.8952456
432,864691135397960481,train,L2IT,pyramidal,4.0657835,9.508641,5.1492248
2478,864691135387277397,test,thalamocortical,thalamocortical,1.0276943,7.17541,2.5205495
974,864691136118430628,train,BipFam,BipFam,5.768501,7.5399604,4.6597123
856,864691135720572977,train,MartFam,MartFam,2.2523763,5.063149,5.5677667
176,864691135778618029,train,BipFam,BipFam,7.1523495,8.90899,2.1790297
4140,864691136196932172,train,BasketFam,BasketFam,2.4311223,5.090684,6.213239
156,864691135132887456,test,NglFam,NglFam,7.0221686,4.538539,2.725174
3800,864691135015437462,test,BasketFam,BasketFam,1.4553378,5.8864846,4.2127647
11667,864691135210446457,train,MartFam,MartFam,2.4400926,4.765614,1.6354903
2577,864691135212863360,train,MartFam,MartFam,3.6057904,4.180247,2.1797712
3215,864691135659538306,train,thalamocortical,thalamocortical,1.5482872,6.888826,2.1567206
72,864691135877951571,train,L4IT,pyramidal,6.328793,7.67411,1.414846
165,864691135755707597,train,BipFam,BipFam,5.4478073,4.3155336,1.3394132
645,864691136006519498,train,L4IT,pyramidal,6.789633,7.88681,2.562256
5,864691135293096118,train,NglFam,NglFam,1.7567419,6.580156,2.096186
77,864691135592283403,train,L6IT,pyramidal,4.900476,9.24459,4.5788813
1037,864691135659538306,train,thalamocortical,thalamocortical,7.4336376,4.010343,2.6914563
644,864691135503782210,test,BipFam,BipFam,6.1101527,9.113412,2.9123425
1204,864691135389004929,train,BasketFam,BasketFam,3.9356267,6.6136336,5.7505097
336,864691135447979922,train,BipFam,BipFam,6.251761,8.057374,1.252596
7228,864691135464991645,train,thalamocortical,thalamocortical,2.0305176,6.67251,2.702269
6343,864691136914542577,train,MartFam,MartFam,2.9138834,7.8464603,4.0484405
1512,864691136580010516,test,MartFam,MartFam,2.4239454,5.033964,1.331357
89,864691135990564864,train,NglFam,NglFam,4.259165,4.872574,2.3419192
1078,864691136523971473,train,BipFam,BipFam,6.29271,7.2659917,1.5833273
831,864691136314126653,train,BipFam,BipFam,6.203172,7.0065985,2.0693822
5818,864691136391023120,train,BasketFam,BasketFam,2.206451,6.6201677,5.9761195
500,864691136058602712,train,thalamocortical,thalamocortical,2.0166907,6.716277,2.6578298
172,864691135473954354,test,L6IT,pyramidal,7.5136113,7.9626975,3.3367417
209,864691135470860370,test,BipFam,BipFam,7.8285613,4.5115547,2.705118
707,864691136372954248,test,NglFam,NglFam,7.150835,9.220547,3.1781814
6832,864691135477104960,train,thalamocortical,thalamocortical,5.6314983,7.3397217,2.97341
191,864691136026013497,train,BipFam,BipFam,3.6372743,6.0270376,5.403482
453,864691135398868257,train,L4IT,pyramidal,2.4257507,6.9055824,2.222854
155,864691136010027182,train,L5IT,pyramidal,5.5280805,7.2266684,1.2929358
714,864691136927688266,test,L4IT,pyramidal,7.5071197,9.577647,2.9023511
639,864691136372954248,test,NglFam,NglFam,3.646129,5.2883883,2.143047
17,864691135782542416,train,L3IT,pyramidal,6.2082973,9.122749,2.8419027
1323,864691135084038647,train,MartFam,MartFam,3.2503736,7.846553,3.78678
184,864691135398762529,train,BipFam,BipFam,4.6590385,7.5837436,2.1034284
3454,864691136195796182,test,BasketFam,BasketFam,2.7383504,5.4642043,6.366878
9,864691136136838027,train,L6IT,pyramidal,7.565205,9.750258,3.3280241
436,864691135942163201,train,L5IT,pyramidal,4.003436,4.443218,0.6578413
198,864691135689555680,train,NglFam,NglFam,2.7479641,6.52095,2.4520628
14916,864691136914542577,train,MartFam,MartFam,3.338539,4.4812837,0.7866522
851,864691135106309709,train,NglFam,NglFam,4.1067657,5.080913,2.0821326
64,864691136118878116,train,MartFam,MartFam,4.5835648,5.5947504,1.2014214
677,864691135356708303,train,MartFam,MartFam,4.3165884,9.655243,4.7578745
9336,864691136330880234,train,MartFam,MartFam,5.22816,5.807516,1.4287151
5170,864691136595955362,train,MartFam,MartFam,7.3187184,4.1316767,3.0331218
1867,864691135258628527,test,BasketFam,BasketFam,4.5682197,5.877784,2.5756974
2128,864691135396720885,train,BasketFam,BasketFam,2.1841218,7.2196374,5.5982327
294,864691135779297981,train,L4IT,pyramidal,5.1380153,7.122367,2.7182035
287,864691135911276969,train,L4IT,pyramidal,6.957128,7.7822,1.6689116
509,864691135499707667,train,L4IT,pyramidal,6.921319,7.1289105,2.8250024
767,864691135817803599,test,BasketFam,BasketFam,2.2590702,5.143412,5.379017
301,864691135755707597,train,BipFam,BipFam,5.0856705,7.8471,2.9868178
268,864691136389679223,train,L2IT,pyramidal,7.043206,7.5722117,3.3264837
6410,864691135618332265,train,BasketFam,BasketFam,1.6892477,5.7594557,5.292252
746,864691135948823905,test,MartFam,MartFam,7.1702623,5.144168,2.2943487
1050,864691135106309709,train,NglFam,NglFam,6.952605,9.115139,1.9710976
54,864691135448256146,train,L4IT,pyramidal,4.9128213,6.8565207,2.3669899
1173,864691135492665959,train,MartFam,MartFam,6.0130715,8.337761,4.6142235
1332,864691135293678006,train,L4IT,pyramidal,6.644518,8.363213,3.1799104
224,864691135132887456,test,NglFam,NglFam,7.353189,4.1735497,2.8926597
554,864691135742826603,train,BipFam,BipFam,4.9833636,6.396279,1.5151746
842,864691135398762529,train,BipFam,BipFam,5.5280967,7.7715797,2.2735333
5653,864691136390828919,train,MartFam,MartFam,2.936678,6.938569,3.138926
360,864691134887444986,test,NglFam,NglFam,2.9203565,6.7803855,3.029323
982,864691135928029966,train,thalamocortical,thalamocortical,2.5608504,7.457703,3.047294
143,864691135132887456,test,NglFam,NglFam,7.031733,3.3695493,2.33087
3390,864691135119335645,train,thalamocortical,thalamocortical,4.0535674,8.489069,3.447629
2376,864691135339982310,train,BasketFam,BasketFam,1.4824226,7.1727576,5.1462092
4320,864691136580010516,test,MartFam,MartFam,2.8344302,4.200958,0.7658017
471,864691135742824555,train,BipFam,BipFam,1.9735959,6.671234,2.5771534
91,864691136058602712,train,thalamocortical,thalamocortical,3.8791163,5.411175,3.2776427
3052,864691135866821340,train,thalamocortical,thalamocortical,4.4310765,5.480461,4.1753078
2218,864691136120465944,train,thalamocortical,thalamocortical,4.2406507,6.3791776,0.9326188
43,864691136177799686,train,L4IT,pyramidal,5.1299834,8.7346325,3.8680909
230,864691136953958879,train,L2IT,pyramidal,7.465238,7.745732,3.1331112
573,864691136372954248,test,NglFam,NglFam,3.7292297,6.3732424,2.526749
241,864691135839999379,train,BipFam,BipFam,4.4353843,5.29979,3.1127067
6078,864691135592837899,train,BasketFam,BasketFam,1.751917,5.646635,4.8950863
1283,864691135119709149,train,L3IT,pyramidal,5.3849235,8.215167,3.1756883
693,864691135741960340,train,BasketFam,BasketFam,2.6707702,5.600786,6.502463
250,864691135273918993,test,L2IT,pyramidal,7.150877,8.735238,2.2557077
678,864691136273370302,train,NglFam,NglFam,6.9280124,9.827057,1.9616932
1394,864691136011485614,test,BasketFam,BasketFam,2.1343205,6.174015,5.160471
749,864691136091233847,train,thalamocortical,thalamocortical,2.635701,7.273804,1.4757015
709,864691136090632503,train,L5IT,pyramidal,7.166518,9.3255205,3.3760314
427,864691136239793212,test,NglFam,NglFam,6.7683153,9.613346,2.4256747
2118,864691136336192947,train,BasketFam,BasketFam,3.5601218,6.3048906,5.9871497
254,864691136196240342,test,BipFam,BipFam,3.6494281,5.7178907,1.6220387
1488,864691135503782210,test,BipFam,BipFam,4.71882,9.559299,4.8538046
183,864691135561699041,train,MartFam,MartFam,2.8516119,5.966167,2.8498478
1221,864691135783317840,train,thalamocortical,thalamocortical,4.645763,5.8946886,1.0935671
3248,864691136034487483,train,BasketFam,BasketFam,3.3626945,5.225898,6.159567
2552,864691136905941426,train,BasketFam,BasketFam,2.0396066,4.8888445,5.600614
965,864691135106309709,train,NglFam,NglFam,6.642559,9.440076,1.6655768
2833,864691135755605197,train,thalamocortical,thalamocortical,3.0162184,6.6793323,2.1208267
0,864691136336204979,train,NglFam,NglFam,4.7920947,4.0140915,1.0882653
2556,864691135464991645,train,thalamocortical,thalamocortical,5.3545723,6.602425,1.0134515
2545,864691136288755395,train,thalamocortical,thalamocortical,1.2394049,7.267023,3.122931
1879,864691135456535658,train,MartFam,MartFam,3.966012,4.811376,0.88970464
480,864691135132887456,test,NglFam,NglFam,7.3638873,4.3812284,3.0026586
481,864691135778132576,train,L5IT,pyramidal,6.686227,8.579475,2.813751
2899,864691135659538306,train,thalamocortical,thalamocortical,2.8396127,6.914628,1.2128209
1013,864691135492600167,train,BasketFam,BasketFam,2.8836927,5.9475617,6.50803
1095,864691135503836253,train,L4IT,pyramidal,6.6039777,7.872962,2.3043482
25,864691136137064075,train,BipFam,BipFam,6.3903055,9.461769,3.8466663
3550,864691136298913563,train,MartFam,MartFam,7.708506,3.801319,2.5215447
96,864691135693735103,train,NglFam,NglFam,6.9886246,9.795441,2.6482313
1376,864691135866821340,train,thalamocortical,thalamocortical,3.8644903,6.0069265,4.198555
4810,864691134886037498,train,MartFam,MartFam,0.82654816,6.2515006,2.8289711
1240,864691135060784027,test,thalamocortical,thalamocortical,2.427261,8.047655,4.1602254
114,864691135866751870,train,L5IT,pyramidal,6.948582,7.614833,3.5775418
2606,864691136298913563,train,MartFam,MartFam,6.575113,3.7108092,2.2466161
358,864691136227297105,train,MartFam,MartFam,6.1557975,5.2919173,2.595679
2032,864691135499616019,train,BasketFam,BasketFam,1.5426989,5.8199353,6.0034256
1824,864691135294194358,train,thalamocortical,thalamocortical,6.154969,8.167793,2.4770193
536,864691134966621471,train,MartFam,MartFam,6.7304635,9.4649315,2.4261475
483,864691136137210507,train,BipFam,BipFam,6.9337535,7.883196,1.8173294
391,864691135137137433,test,L4IT,pyramidal,6.6178937,6.891056,2.3227236
2711,864691135446065810,train,MartFam,MartFam,3.9164968,8.791786,4.5230327
3402,864691136011485614,test,BasketFam,BasketFam,1.3458302,5.7916055,5.4640374
518,864691136424990255,train,L6IT,pyramidal,6.81191,8.728288,2.0454068
1742,864691135343509701,train,MartFam,MartFam,6.2881613,9.025442,1.5231951
624,864691136034487739,train,BasketFam,BasketFam,3.0866418,4.6905413,5.0391846
2576,864691135764678198,test,MartFam,MartFam,2.473425,5.4231706,2.5244217
235,864691134966249759,train,thalamocortical,thalamocortical,3.9448094,8.417396,3.2700336
798,864691134887444986,test,NglFam,NglFam,6.0914288,4.852085,2.6087642
667,864691134942595939,train,BasketFam,BasketFam,2.111047,7.4811206,5.287934
4391,864691135119335645,train,thalamocortical,thalamocortical,1.3224733,6.8868957,2.5648677
2552,864691137022180974,test,MartFam,MartFam,1.9443339,7.8193245,2.7277937
243,864691135592678411,train,BipFam,BipFam,4.8881106,6.623946,2.872423
520,864691136033871035,train,thalamocortical,thalamocortical,2.8245342,7.043086,3.3738022
10462,864691135271967397,train,MartFam,MartFam,1.2733997,5.5852447,2.1580017
2695,864691135941789606,train,BasketFam,BasketFam,2.9825854,6.71117,6.0679507
770,864691135339982310,train,BasketFam,BasketFam,2.01591,5.8520007,4.9566708
1059,864691135990793216,train,MartFam,MartFam,7.3629346,4.3572555,2.6757693
135,864691135369651193,train,BipFam,BipFam,3.0863478,6.953599,2.9904687
678,864691136438372254,train,BipFam,BipFam,4.2427487,6.7096024,0.8467744
3607,864691135235206489,train,MartFam,MartFam,2.8328934,5.9917154,2.9478033
1046,864691135464991645,train,thalamocortical,thalamocortical,2.8600767,6.2200704,2.3168464
57,864691135693735103,train,NglFam,NglFam,4.243465,9.582879,5.0666466
1135,864691135336840425,train,BasketFam,BasketFam,1.2482109,5.798776,5.3858676
612,864691136086632812,train,NglFam,NglFam,6.0290513,4.4197855,1.6902177
821,864691135977010031,test,L4IT,pyramidal,4.6367645,8.371488,3.5199556
2863,864691135689015264,train,thalamocortical,thalamocortical,2.923365,7.2467313,3.5936303
489,864691136288752835,train,thalamocortical,thalamocortical,1.3250295,6.8110547,2.3951335
2842,864691137056216950,train,MartFam,MartFam,1.2709173,6.583803,2.363447
304,864691135755605197,train,thalamocortical,thalamocortical,2.106588,6.718806,2.1498885
145,864691135132887456,test,NglFam,NglFam,3.90217,4.461009,2.5777695
616,864691136137210507,train,BipFam,BipFam,3.2439651,7.314703,2.879576
9292,864691136067404440,test,MartFam,MartFam,3.6162353,5.7396975,3.0875044
985,864691135742826603,train,BipFam,BipFam,5.825911,5.5216064,2.7676961
137,864691135877954899,train,L6IT,pyramidal,6.936836,8.506561,4.2518034
947,864691135939949365,train,L4IT,pyramidal,5.642477,8.916002,4.2449093
449,864691136238679567,test,L3IT,pyramidal,4.0411754,9.076201,4.188646
70,864691135868142870,test,L6CT,pyramidal,6.8541856,8.453302,2.1198947
613,864691135106309709,train,NglFam,NglFam,6.6702466,7.226626,1.8644676
558,864691135275949029,train,L2IT,pyramidal,5.3144207,7.429879,2.1311593
2663,864691135778290109,train,BasketFam,BasketFam,3.307293,6.438011,6.4879756
2099,864691135659538306,train,thalamocortical,thalamocortical,2.555532,6.1852,3.2066028
5474,864691135477104960,train,thalamocortical,thalamocortical,4.5399528,6.9413567,2.8026366
749,864691134990847098,train,BasketFam,BasketFam,3.1225622,5.179584,5.298174
209,864691136390828919,train,MartFam,MartFam,5.186596,8.068035,1.7356157
358,864691135840033171,train,NglFam,NglFam,2.6760943,6.138054,2.7698722
1284,864691136195284556,train,MartFam,MartFam,3.4788668,6.5214205,3.5442734
1949,864691136489623826,train,BasketFam,BasketFam,3.0965517,5.482035,6.5255103
3597,864691135294194358,train,thalamocortical,thalamocortical,4.831874,6.8142767,2.4408228
1635,864691135566979927,train,MartFam,MartFam,7.052769,7.9337435,1.710298
6,864691136137064075,train,BipFam,BipFam,5.1235056,9.09494,4.258228
3986,864691135892233097,train,BasketFam,BasketFam,2.2165926,6.6474137,5.5960197
473,864691136137168779,train,BipFam,BipFam,3.8335283,9.353409,5.110307
2649,864691136312057178,train,BasketFam,BasketFam,1.0276164,6.2979417,4.2657657
196,864691136034412219,train,MartFam,MartFam,2.3452294,5.9073534,2.6740317
97,864691135719900721,test,L4IT,pyramidal,6.1980457,8.296798,1.4557673
777,864691136005322698,test,BasketFam,BasketFam,3.924389,6.364945,3.5730474
4813,864691135362357319,train,BasketFam,BasketFam,1.1763878,5.5177774,5.3126054
6353,864691135739131780,train,MartFam,MartFam,3.4455478,4.2012825,0.57347673
331,864691135689555680,train,NglFam,NglFam,2.090182,6.8939757,2.5000474
1072,864691135115058329,train,BasketFam,BasketFam,1.8917364,7.9215026,5.421642
2814,864691135271970725,train,BasketFam,BasketFam,2.9370785,5.8653297,5.478122
743,864691134887444986,test,NglFam,NglFam,3.2203262,8.068936,3.9473994
4622,864691135997140906,train,BipFam,BipFam,6.394799,7.324002,1.5310425
645,864691135756844242,test,MartFam,MartFam,4.501136,3.9975867,0.8634416
6250,864691136914542577,train,MartFam,MartFam,2.7948575,4.3294506,0.87410253
1004,864691135431441968,train,thalamocortical,thalamocortical,5.4793973,7.5654764,3.9552562
122,864691136391024144,train,NglFam,NglFam,3.2038608,7.6750703,3.8135867
428,864691135503004765,train,BipFam,BipFam,7.604379,5.721075,2.6539662
591,864691135215078712,train,BipFam,BipFam,5.420739,7.5219154,1.5266416
832,864691136425073455,train,L5IT,pyramidal,3.3446524,8.003507,3.15774
592,864691135430749232,train,L4IT,pyramidal,6.931736,8.21012,4.333248
168,864691135309733190,train,NglFam,NglFam,5.8811593,6.4170666,2.344155
7584,864691135346954143,train,MartFam,MartFam,2.2912035,4.4089475,1.3917005
4738,864691135778081453,train,thalamocortical,thalamocortical,2.1440916,7.807267,3.8469906
1476,864691136372954248,test,NglFam,NglFam,4.182688,6.3433495,3.7006903
2684,864691135659538306,train,thalamocortical,thalamocortical,2.0869188,8.124834,4.134675
762,864691135866427006,train,L5IT,pyramidal,7.999719,5.296044,2.7858427
9091,864691135720572977,train,MartFam,MartFam,7.242767,8.072485,2.4759774
842,864691135977768259,train,BasketFam,BasketFam,1.3780688,6.393195,5.5449843
905,864691136137210507,train,BipFam,BipFam,4.65483,7.59452,3.6926384
162,864691136010651052,train,L2IT,pyramidal,7.6977296,6.1947355,2.8335161
5034,864691135689296608,train,BasketFam,BasketFam,1.9991727,5.1811147,5.490997
324,864691136239793212,test,NglFam,NglFam,6.596713,9.384802,1.9923601
1265,864691135113360025,test,BasketFam,BasketFam,3.5659301,6.4980536,6.6666393
1748,864691135271967397,train,MartFam,MartFam,2.6196651,4.1879067,0.8689639
5016,864691135369668089,train,BasketFam,BasketFam,3.5676298,6.4624724,6.642073
3585,864691136007059658,test,BipFam,BipFam,5.601675,4.380668,1.6085727
559,864691134887444986,test,NglFam,NglFam,6.169851,4.700601,2.763205
1104,864691136925008100,train,BipFam,BipFam,4.703996,8.583746,3.774481
943,864691136484972332,train,L3IT,pyramidal,7.249583,8.374492,2.1556654
1622,864691136372954248,test,NglFam,NglFam,4.8896537,6.382148,1.5238867
584,864691135741874836,test,L2IT,pyramidal,7.530655,9.229823,2.9272132
192,864691135878586963,test,thalamocortical,thalamocortical,3.2357037,6.614537,2.0748568
1396,864691135720572977,train,MartFam,MartFam,4.96096,4.3346996,1.303901
4659,864691136391023120,train,BasketFam,BasketFam,0.67458737,5.941155,4.4306097
601,864691136145572404,train,BipFam,BipFam,6.2239447,8.356829,2.976773
444,864691135685030130,train,thalamocortical,thalamocortical,5.6546316,8.596345,3.7641275
878,864691136521831825,train,L5IT,pyramidal,5.2192206,7.929503,3.7439628
223,864691135732318393,train,L2IT,pyramidal,4.242631,9.122786,4.1442223
1684,864691135742895723,test,BipFam,BipFam,1.122559,5.6995015,5.047338
888,864691135742826603,train,BipFam,BipFam,4.62404,5.762547,1.7701774
402,864691136372954248,test,NglFam,NglFam,2.9401858,6.926513,3.4055984
3964,864691135387529301,test,BasketFam,BasketFam,4.147647,7.875824,3.67394
4407,864691136489623826,train,BasketFam,BasketFam,5.142262,7.8548565,3.0261977
2046,864691135782873936,test,thalamocortical,thalamocortical,2.774122,6.6748595,0.9597537
309,864691135492665959,train,MartFam,MartFam,3.9965885,6.4268317,3.6372762
1555,864691135755605197,train,thalamocortical,thalamocortical,2.7872372,6.0804014,3.0468645
401,864691135342848433,train,L4IT,pyramidal,7.562514,9.954948,2.6084971
169,864691136523889553,train,BasketFam,BasketFam,2.5343378,6.042943,6.144023
1281,864691135342958789,train,L4IT,pyramidal,6.088494,7.413691,2.840438
673,864691136229363025,train,L4IT,pyramidal,6.145084,9.664656,2.5130513
1095,864691135470860370,test,BipFam,BipFam,2.112294,5.2491565,4.668199
2966,864691135294194358,train,thalamocortical,thalamocortical,4.181349,7.0132556,0.7496266
612,864691135689555680,train,NglFam,NglFam,4.956864,6.2831364,1.5917014
190,864691135640672571,train,L4IT,pyramidal,4.4306006,9.063352,4.509685
192,864691135866821340,train,thalamocortical,thalamocortical,2.1322832,8.163597,4.186949
3484,864691136091233847,train,thalamocortical,thalamocortical,4.291004,6.2008853,2.6981618
61,864691135384285931,train,L4IT,pyramidal,6.36212,7.24738,2.5048184
3,864691135465503813,train,L5ET,pyramidal,6.482519,7.7721233,4.8573713
99,864691135106309709,train,NglFam,NglFam,5.707848,7.513286,4.5965033
4751,864691135689015264,train,thalamocortical,thalamocortical,4.3129992,5.890074,0.7672003
74,864691136086632812,train,NglFam,NglFam,5.3722925,4.088356,1.6748964
6026,864691135464991645,train,thalamocortical,thalamocortical,3.148922,6.4542356,1.2431915
672,864691135703016059,train,MartFam,MartFam,3.4202673,4.425652,0.70310646
546,864691135545730856,train,BipFam,BipFam,4.482588,6.8595424,2.6303768
1370,864691135689015264,train,thalamocortical,thalamocortical,3.2111132,8.48273,4.5850487
31,864691136138756221,train,BipFam,BipFam,7.458737,9.546276,2.2504754
859,864691136925008100,train,BipFam,BipFam,2.744169,5.057393,5.14831
231,864691135857099310,train,L6IT,pyramidal,7.435142,9.736044,2.3000991
12101,864691136914542577,train,MartFam,MartFam,2.5370665,4.310437,1.0018933
843,864691136012173475,test,BipFam,BipFam,4.72966,6.0282984,1.7779042
349,864691135885194352,train,BasketFam,BasketFam,2.0997996,7.7918277,5.7771263
2645,864691135783317840,train,thalamocortical,thalamocortical,3.2518299,6.370928,2.2831461
36,864691135616363211,train,L2IT,pyramidal,6.645096,6.642899,2.5358336
1602,864691136007128778,test,MartFam,MartFam,2.2773497,5.0779076,2.8893328
170,864691135303514791,train,NglFam,NglFam,7.4035087,3.5193236,2.0577118
93,864691134966249759,train,thalamocortical,thalamocortical,4.2323956,7.1146455,0.84723073
853,864691135569282284,train,MartFam,MartFam,3.520374,6.7676935,4.3659167
2377,864691135878586963,test,thalamocortical,thalamocortical,0.8873285,7.1156483,2.7353392
7823,864691136330880234,train,MartFam,MartFam,3.30457,4.8591824,1.061212
646,864691136273370302,train,NglFam,NglFam,6.711459,9.488483,1.6122092
692,864691135566825495,train,BasketFam,BasketFam,2.804613,8.549769,5.5967493
1969,864691135464991645,train,thalamocortical,thalamocortical,2.6032658,7.247254,3.2510512
563,864691136372954248,test,NglFam,NglFam,2.9383988,7.4426775,3.068885
1304,864691135362357319,train,BasketFam,BasketFam,3.0359883,7.0093994,4.5923667
785,864691134887444986,test,NglFam,NglFam,3.0318942,6.2167296,2.7368438
885,864691135456493418,test,BipFam,BipFam,5.419881,6.2045197,4.322122
117,864691135689555680,train,NglFam,NglFam,4.504012,5.1544337,1.8727695
3499,864691136091233847,train,thalamocortical,thalamocortical,4.595074,5.852155,2.766015
3586,864691135689015264,train,thalamocortical,thalamocortical,3.6626337,8.835735,4.2998824
195,864691136137168779,train,BipFam,BipFam,3.583849,5.1000547,3.011857
283,864691135280481697,train,L5IT,pyramidal,6.770201,9.637389,3.2333755
794,864691135562842337,test,L3IT,pyramidal,6.0389957,7.597454,3.1535563
2989,864691134886037498,train,MartFam,MartFam,2.3607192,5.201667,1.9911282
420,864691135774179147,train,L2IT,pyramidal,7.2417417,5.34859,2.8648758
444,864691135741998484,train,L4IT,pyramidal,6.5653715,7.1549315,1.7858148
632,864691134887444986,test,NglFam,NglFam,3.4326222,6.7931585,2.6862626
1151,864691136453186559,train,BasketFam,BasketFam,1.4798638,7.3454614,5.124875
5792,864691136311213914,test,BasketFam,BasketFam,2.2587867,5.9645934,4.71027
355,864691135810297885,train,BipFam,BipFam,4.501625,9.608651,4.840073
3325,864691135511861968,test,MartFam,MartFam,4.742888,5.8758564,4.512023
328,864691135939017525,train,L4IT,pyramidal,4.4704847,8.168344,3.4503455
1883,864691135778116013,train,BasketFam,BasketFam,1.9567285,4.9064255,5.9113483
389,864691136239793212,test,NglFam,NglFam,4.2350326,9.005205,4.6237726
15,864691136138756221,train,BipFam,BipFam,6.7456684,7.353847,2.0697427
1246,864691135447979922,train,BipFam,BipFam,6.615795,5.4484577,1.8654556
320,864691135132887456,test,NglFam,NglFam,7.2974944,4.216328,2.6510248
2992,864691136390675216,train,BasketFam,BasketFam,4.037943,4.6877437,1.9546938
341,864691135839979667,train,MartFam,MartFam,2.2731786,5.259641,2.5252104
3551,864691135119335645,train,thalamocortical,thalamocortical,4.170578,4.934137,2.240766
1185,864691136033871035,train,thalamocortical,thalamocortical,4.0679617,5.413749,4.42414
250,864691135997140906,train,BipFam,BipFam,4.619516,9.233066,3.924431
5509,864691135997428394,test,thalamocortical,thalamocortical,2.4383166,6.7498555,3.5865068
2948,864691135492600167,train,BasketFam,BasketFam,2.5011258,7.7370806,5.636448
11708,864691135779780797,test,MartFam,MartFam,4.088135,4.879591,0.7990029
171,864691135566824983,test,BipFam,BipFam,5.9249415,5.345505,2.6677577
812,864691136013367715,test,L3IT,pyramidal,4.187759,6.9999747,1.018438
886,864691135878154067,train,BasketFam,BasketFam,3.281213,7.1562138,6.2768364
821,864691135742826603,train,BipFam,BipFam,3.7719223,6.7997336,2.7170603
315,864691136025992761,train,BipFam,BipFam,4.7248096,9.222139,4.7880974
7561,864691135618332265,train,BasketFam,BasketFam,1.7665426,7.796272,5.694548
602,864691135810297885,train,BipFam,BipFam,5.381452,8.091639,2.0734706
18,864691135518791818,train,BasketFam,BasketFam,2.746327,8.506443,5.596481
657,864691135688823008,train,L6IT,pyramidal,4.7285385,8.642454,3.853474
191,864691136012173475,test,BipFam,BipFam,3.8628201,8.101574,4.299615
1286,864691136372954248,test,NglFam,NglFam,6.768668,6.7157373,2.7008548
488,864691135431441968,train,thalamocortical,thalamocortical,5.827247,7.011117,1.1685225
492,864691136391024144,train,NglFam,NglFam,5.1511364,7.5941358,2.6381238
1153,864691135866821340,train,thalamocortical,thalamocortical,4.9771905,7.803306,3.9557695
316,864691136273370302,train,NglFam,NglFam,6.1017385,7.467712,4.9477844
2256,864691135387277397,test,thalamocortical,thalamocortical,5.5451074,8.35782,1.964097
427,864691135528193883,test,BipFam,BipFam,6.0098124,8.334884,1.3925574
70,864691135774221643,train,MartFam,MartFam,3.3689895,4.418749,1.4097087
190,864691136125840678,test,L6CT,pyramidal,7.15179,9.674566,2.5561194
2178,864691135271970725,train,BasketFam,BasketFam,3.0135143,5.1792445,5.15971
424,864691136138756221,train,BipFam,BipFam,7.1514177,7.809362,2.6489296
1428,864691135885194352,train,BasketFam,BasketFam,1.9094181,7.1390896,5.907076
1530,864691135878586963,test,thalamocortical,thalamocortical,7.300708,9.553294,2.4516983
14,864691135778773856,train,BipFam,BipFam,7.4172726,9.3097515,3.7143216
259,864691135060882843,train,L4IT,pyramidal,7.5014243,5.515575,2.92394
1166,864691135774221643,train,MartFam,MartFam,2.1305113,7.8399324,2.7401686
450,864691135132887456,test,NglFam,NglFam,7.310073,3.8279247,2.5753322
1001,864691136364166370,train,BipFam,BipFam,5.859942,6.9254,4.5535083
2883,864691135496444816,train,BasketFam,BasketFam,1.8931601,4.977579,5.5808725
282,864691135764015926,train,L3IT,pyramidal,5.9005113,6.8074474,4.6560454
2976,864691136195284556,train,MartFam,MartFam,2.4971313,4.883382,2.2176054
123,864691135384716762,train,MartFam,MartFam,4.102089,5.846219,1.0818052
271,864691136991202453,train,L5ET,pyramidal,3.711692,8.96619,4.6183424
222,864691135375655880,train,BipFam,BipFam,4.234694,9.049041,4.5807676
9793,864691135703016059,train,MartFam,MartFam,4.169387,4.5900383,0.526601
3012,864691135997140906,train,BipFam,BipFam,7.8102603,5.5480747,2.4808187
1055,864691135582973549,train,L4IT,pyramidal,5.2873325,6.385736,0.91213477
571,864691136100014453,train,BipFam,BipFam,4.3037415,6.566808,2.4693186
889,864691135689555680,train,NglFam,NglFam,4.9744706,7.2674704,1.551584
679,864691136118294692,train,thalamocortical,thalamocortical,4.5275755,5.595636,3.3800404
310,864691136391024144,train,NglFam,NglFam,2.3705873,6.875539,3.0062277
832,864691136814025587,train,BasketFam,BasketFam,3.3212848,5.825626,5.5712214
5056,864691136619344859,test,BasketFam,BasketFam,2.959307,5.18408,5.8164496
1986,864691135448017554,train,BasketFam,BasketFam,2.1982937,6.172906,5.2082295
869,864691136372954248,test,NglFam,NglFam,6.425946,8.513179,2.9734306
4244,864691135997428394,test,thalamocortical,thalamocortical,2.804494,7.3798637,1.327957
33,864691135518510218,train,NglFam,NglFam,7.1155825,3.3955126,2.370492
836,864691136007059658,test,BipFam,BipFam,3.5917614,6.420785,2.5077446
119,864691135132887456,test,NglFam,NglFam,7.4566617,3.4318125,2.2352555
1711,864691136489623826,train,BasketFam,BasketFam,2.0163035,7.600259,5.772995
554,864691135134585248,train,BipFam,BipFam,4.11943,7.9426064,2.4628005
1496,864691136372954248,test,NglFam,NglFam,4.6991487,5.426553,1.4097681
2441,864691135755605197,train,thalamocortical,thalamocortical,2.9881632,7.243004,0.6043702
987,864691135546339880,train,L4IT,pyramidal,4.3921137,7.9521275,2.207381
6073,864691134886037498,train,MartFam,MartFam,1.8553674,5.091812,2.6843727
7,864691135954940424,train,BipFam,BipFam,5.0963798,9.133367,4.2685356
2381,864691136053350131,test,thalamocortical,thalamocortical,1.2329718,6.658742,3.2110424
1562,864691135339982310,train,BasketFam,BasketFam,2.2567801,5.7464614,5.315146
4386,864691136007059658,test,BipFam,BipFam,4.943299,5.493641,0.7250385
421,864691136239793212,test,NglFam,NglFam,5.435896,4.635938,1.0001802
3300,864691136007059658,test,BipFam,BipFam,5.1098204,6.216237,0.9006517
2241,864691135210443897,train,BasketFam,BasketFam,3.4071667,5.2104144,6.1678114
5654,864691136905941426,train,BasketFam,BasketFam,3.430107,5.193201,5.934134
505,864691135106309709,train,NglFam,NglFam,4.1572013,8.112207,3.6258152
819,864691136364166370,train,BipFam,BipFam,5.318881,7.3329973,2.9751062
235,864691136445557123,test,L4IT,pyramidal,7.1625237,9.315441,3.8479457
79,864691136273370302,train,NglFam,NglFam,4.4466558,9.227393,4.758793
185,864691135852637127,train,L6IT,pyramidal,7.598206,9.627895,3.4339762
973,864691135562950369,train,BipFam,BipFam,5.8612227,6.194827,2.4320853
64,864691136041000190,train,L6IT,pyramidal,5.226821,9.058357,4.453379
572,864691135215254584,train,L4IT,pyramidal,5.939134,6.7701564,1.2731724
3581,864691136524014993,train,BasketFam,BasketFam,2.0620408,6.746618,4.5471616
1413,864691135755605197,train,thalamocortical,thalamocortical,1.3716594,6.9358225,2.2425835
199,864691135106309709,train,NglFam,NglFam,7.2797966,10.016075,2.16075
2784,864691136007059658,test,BipFam,BipFam,6.8064547,6.158248,2.2250357
502,864691135343506885,train,BipFam,BipFam,3.8465102,7.770529,4.070284
35,864691135695042751,train,L6IT,pyramidal,4.957301,6.014338,4.5844507
101,864691135211926464,train,L4IT,pyramidal,4.37506,9.086907,4.586036
246,864691135503182685,train,L5ET,pyramidal,4.828408,9.031242,4.548573
3432,864691136091233847,train,thalamocortical,thalamocortical,4.568007,6.1455307,1.7727685
1287,864691135409856713,train,BasketFam,BasketFam,1.6447992,4.824479,5.3363013
1476,864691135755605197,train,thalamocortical,thalamocortical,3.1149504,8.384466,3.8494031
86,864691135739131780,train,MartFam,MartFam,2.127373,4.7667212,2.0348425
601,864691135463999294,train,BasketFam,BasketFam,2.2017202,7.718247,5.804915
4947,864691136595955362,train,MartFam,MartFam,2.8357794,5.344527,1.1397419
681,864691135271343525,train,BipFam,BipFam,3.0218267,6.423844,3.427004
169,864691135132887456,test,NglFam,NglFam,4.4389563,5.106149,2.5711935
95,864691135755707597,train,BipFam,BipFam,4.8979897,5.2001143,1.3569903
5212,864691136033871035,train,thalamocortical,thalamocortical,4.3043175,5.7691693,1.6271677
299,864691135689555680,train,NglFam,NglFam,1.5886256,5.874344,2.0767357
14103,864691136914542577,train,MartFam,MartFam,3.312184,5.150963,3.165708
458,864691135466236229,train,L4IT,pyramidal,5.3760085,5.9568243,1.7855569
821,864691136138756221,train,BipFam,BipFam,6.0586457,8.23089,1.3827754
1359,864691136372954248,test,NglFam,NglFam,3.3092663,4.7110763,2.2589438
73,864691135134585248,train,BipFam,BipFam,1.9051512,6.5568447,2.099137
308,864691135993150913,train,L3IT,pyramidal,6.222357,7.0910134,4.802477
368,864691137022180974,test,MartFam,MartFam,3.762448,5.5907764,1.9724954
524,864691136288755395,train,thalamocortical,thalamocortical,1.7024194,7.600289,2.6613572
989,864691135741889940,train,BasketFam,BasketFam,2.5824769,6.037574,5.305897
3333,864691136007059658,test,BipFam,BipFam,6.841136,7.3014345,4.1851325
1470,864691135464946757,test,BasketFam,BasketFam,1.9296751,7.2310405,5.7246246
4117,864691136392682879,train,BasketFam,BasketFam,3.2555292,6.012347,6.755111
227,864691136042515798,train,L6IT,pyramidal,7.618675,9.793485,3.2532392
2097,864691135685030130,train,thalamocortical,thalamocortical,6.1286783,6.788868,4.3859134
161,864691136914542577,train,MartFam,MartFam,2.3052235,6.108169,1.8461368
347,864691135885996912,train,BipFam,BipFam,5.367214,9.255784,3.9706678
111,864691136974876956,test,L5ET,pyramidal,4.340578,6.4963856,2.2792122
87,864691135369651193,train,BipFam,BipFam,3.6018372,6.9356947,3.897094
810,864691135866821340,train,thalamocortical,thalamocortical,3.1400027,7.0966263,3.664756
3452,864691135853090503,test,BasketFam,BasketFam,1.7804044,5.0970664,6.2665477
6179,864691136390905207,train,MartFam,MartFam,3.7498808,5.9125524,1.4783179
64,864691134887444986,test,NglFam,NglFam,4.7866454,4.2547274,0.9702753
9072,864691135779780797,test,MartFam,MartFam,4.349749,5.4201636,0.700059
1895,864691136330880234,train,MartFam,MartFam,4.8757606,4.370767,1.0046613
5180,864691135294194358,train,thalamocortical,thalamocortical,1.8191903,7.1405683,2.3685324
2601,864691135470255698,train,thalamocortical,thalamocortical,1.9337926,7.531705,1.8256066
2874,864691136312445786,train,BasketFam,BasketFam,2.8239384,5.0308795,6.503329
1695,864691135742895723,test,BipFam,BipFam,2.1993186,7.78196,4.144611
4965,864691136007059658,test,BipFam,BipFam,5.7941875,6.119045,1.2548065
241,864691135727686463,train,BipFam,BipFam,5.2173924,4.489863,1.4560245
1925,864691136007059658,test,BipFam,BipFam,5.900408,6.276413,3.3128955
3288,864691136268801012,test,BasketFam,BasketFam,2.64413,5.208225,6.4779906
659,864691136137168779,train,BipFam,BipFam,3.3756185,8.79489,4.7874627
2,864691135395833333,train,BipFam,BipFam,4.42109,6.94654,3.7354062
2816,864691135689015264,train,thalamocortical,thalamocortical,4.2928324,6.3654623,1.0523015
420,864691135703164283,train,L4IT,pyramidal,6.362811,7.6225996,1.5016538
396,864691135577749022,train,L2IT,pyramidal,3.6928997,5.555866,3.155161
222,864691136742244188,train,L4IT,pyramidal,7.1596503,9.399292,3.4539979
3328,864691135616183499,train,BasketFam,BasketFam,2.5079136,6.951534,5.7598057
497,864691135106309709,train,NglFam,NglFam,7.118197,9.818579,2.8136394
261,864691135134585248,train,BipFam,BipFam,6.2708216,6.775774,4.524305
4275,864691135343509701,train,MartFam,MartFam,4.030334,4.381404,0.6182614
501,864691135493665631,train,L4IT,pyramidal,4.320144,6.5234632,2.3387165
138,864691136391024144,train,NglFam,NglFam,2.097923,5.6066356,3.0376275
3428,864691135685250546,train,BasketFam,BasketFam,2.29408,5.3483615,5.4885807
44,864691136086632812,train,NglFam,NglFam,6.0646534,5.930324,1.5142195
658,864691136372954248,test,NglFam,NglFam,2.8735049,6.1045547,2.7107515
92,864691135503004765,train,BipFam,BipFam,7.274397,5.579608,2.4908495
7710,864691135477104960,train,thalamocortical,thalamocortical,4.3327823,6.872825,0.96983373
168,864691135369651193,train,BipFam,BipFam,7.465762,8.050944,2.660096
1661,864691135387551061,train,BasketFam,BasketFam,5.9143577,4.76096,1.6265284
793,864691135375888840,train,L4IT,pyramidal,4.7843375,9.34798,4.7772017
4182,864691135875919502,test,MartFam,MartFam,1.9595002,4.945323,2.3215415
2784,864691136053350131,test,thalamocortical,thalamocortical,3.2095997,7.4705253,1.1443434
43,864691135742895723,test,BipFam,BipFam,2.2364523,6.2993984,2.1724186
1046,864691135592837899,train,BasketFam,BasketFam,2.511828,5.4328065,5.878931
2941,864691135954582563,train,MartFam,MartFam,6.2851324,7.715959,2.961574
610,864691136391042167,train,L3IT,pyramidal,4.2231007,5.5212936,3.3391511
470,864691135113360025,test,BasketFam,BasketFam,3.5062222,6.8512893,6.4704685
922,864691135912137641,train,BasketFam,BasketFam,3.3944106,7.0060306,5.736288
1042,864691135235206489,train,MartFam,MartFam,7.463878,5.152142,2.6744432
6779,864691135779780797,test,MartFam,MartFam,4.0356894,5.5184116,3.185146
114,864691136273370302,train,NglFam,NglFam,6.0327744,8.975054,1.7277606
1246,864691136487168530,train,MartFam,MartFam,4.032675,9.445679,5.1003137
2190,864691136033871035,train,thalamocortical,thalamocortical,2.6898305,6.7337832,2.307795
772,864691135689555680,train,NglFam,NglFam,4.382652,7.517279,3.5723531
705,864691136603935441,train,BasketFam,BasketFam,1.5464664,5.605923,5.499795
1081,864691135431441968,train,thalamocortical,thalamocortical,1.3668783,7.1776485,2.3788111
6038,864691135689015264,train,thalamocortical,thalamocortical,2.1457496,7.025286,1.6875792
4177,864691135294194358,train,thalamocortical,thalamocortical,3.9867005,6.302975,1.1477231
4863,864691135689015264,train,thalamocortical,thalamocortical,4.3765116,6.573116,1.0822673
102,864691135395833333,train,BipFam,BipFam,5.5978456,6.6718583,1.9992722
808,864691135503782210,test,BipFam,BipFam,4.552069,7.1910963,1.7657447
2435,864691135689015264,train,thalamocortical,thalamocortical,5.460934,7.872669,4.167626
238,864691135309733190,train,NglFam,NglFam,7.3666296,4.0991254,2.6344924
1146,864691136120465944,train,thalamocortical,thalamocortical,2.5630734,7.008077,0.94943684
822,864691135810495005,train,BasketFam,BasketFam,2.2719796,5.394744,5.848435
2050,864691135954582563,train,MartFam,MartFam,7.0287538,4.7182426,2.7637532
38,864691135465900101,train,BipFam,BipFam,4.0063896,7.575587,3.124822
2889,864691135954582563,train,MartFam,MartFam,7.5832787,9.950662,2.6315544
1834,864691136011549614,train,BipFam,BipFam,5.443964,4.778134,1.1806413
4741,864691136268801012,test,BasketFam,BasketFam,1.134244,5.60089,5.2752223
62,864691135258509487,train,L3IT,pyramidal,3.8760967,9.450827,5.2010975
2164,864691136523971473,train,BipFam,BipFam,6.5043144,6.2151027,2.1193385
6801,864691135212863360,train,MartFam,MartFam,6.6767054,4.6304154,2.5599587
903,864691135343506885,train,BipFam,BipFam,5.5524716,4.8353114,1.6469792
339,864691135101595680,test,L4IT,pyramidal,6.1711783,6.981741,4.704689
1824,864691135470255698,train,thalamocortical,thalamocortical,2.8686514,5.6041274,2.7417405
244,864691136524282001,train,NglFam,NglFam,3.515211,4.367656,2.2382991
463,864691136523081105,train,L4IT,pyramidal,5.6029696,7.452043,2.130385
158,864691135447979922,train,BipFam,BipFam,2.7281754,4.94787,2.2324014
338,864691135660772080,train,MartFam,MartFam,4.4342594,5.28524,3.3771853
1479,864691136372954248,test,NglFam,NglFam,4.2427034,4.448606,0.97790384
822,864691136033871035,train,thalamocortical,thalamocortical,3.4730926,6.3362637,0.896856
78,864691135764644150,train,BipFam,BipFam,6.0984335,7.643253,2.8084557
4662,864691135477104960,train,thalamocortical,thalamocortical,1.8105724,7.2324653,2.0774536
2025,864691135756844242,test,MartFam,MartFam,6.346205,4.5850625,1.6807554
1249,864691135577202181,train,MartFam,MartFam,4.15868,4.743795,2.1036017
134,864691136391024144,train,NglFam,NglFam,2.1855643,6.649444,3.062985
1098,864691135474086450,train,BasketFam,BasketFam,3.1923707,5.2155643,6.1949573
13075,864691135271967397,train,MartFam,MartFam,1.853187,6.868539,5.3833237
623,864691135576872222,train,L4IT,pyramidal,7.193956,7.9671392,3.5380561
874,864691135325426076,train,MartFam,MartFam,2.5342183,4.689116,1.3962477
3244,864691135755605197,train,thalamocortical,thalamocortical,5.1279426,5.4208517,1.2291867
1857,864691136138779517,train,L2IT,pyramidal,4.355353,7.736836,3.3108933
169,864691135293096118,train,NglFam,NglFam,5.060754,7.5571976,2.8334305
40,864691135755605197,train,thalamocortical,thalamocortical,1.6864668,7.2041235,2.108714
2454,864691135875919502,test,MartFam,MartFam,3.8545713,4.462633,1.0156211
2429,864691135839979667,train,MartFam,MartFam,4.446124,5.0651164,0.42330542
374,864691135464143934,train,L3IT,pyramidal,7.23179,9.641224,2.955687
729,864691135641196091,train,MartFam,MartFam,7.3420568,5.4800625,2.5449739
3095,864691135858282030,train,MartFam,MartFam,2.557426,7.8714757,4.096312
1581,864691136091233847,train,thalamocortical,thalamocortical,3.077515,5.903041,2.8240573
219,864691135132887456,test,NglFam,NglFam,7.1381383,6.605038,3.1998324
2738,864691135325426076,train,MartFam,MartFam,3.0081334,5.9535117,1.9887856
25,864691135387551061,train,BasketFam,BasketFam,1.6438688,5.2052517,5.186448
1512,864691136312076122,train,MartFam,MartFam,3.5300958,4.087247,0.5088797
3124,864691136118294692,train,thalamocortical,thalamocortical,1.68639,6.937645,3.0231564
396,864691135689555680,train,NglFam,NglFam,3.9743166,5.027884,2.1413128
1523,864691136145572404,train,BipFam,BipFam,1.5324924,5.809781,4.2332635
70,864691136111294648,train,L4IT,pyramidal,5.403569,7.3409038,2.0294282
120,864691135787537348,train,L4IT,pyramidal,6.597179,7.2636213,2.1615164
598,864691135119636189,train,BasketFam,BasketFam,3.2155476,5.6627355,6.5513644
87,864691135408788169,test,L4IT,pyramidal,5.8938723,6.625161,1.5315533
2664,864691135878586963,test,thalamocortical,thalamocortical,0.95408654,7.0989437,3.207715
205,864691134920000010,train,BasketFam,BasketFam,3.2045665,7.6095743,5.2273197
513,864691136273370302,train,NglFam,NglFam,3.6105354,8.496885,4.3686423
3987,864691135996104618,train,BasketFam,BasketFam,3.0495467,6.097614,5.7574215
1944,864691135920776624,train,MartFam,MartFam,5.2596774,5.655752,1.0016874
159,864691135293096118,train,NglFam,NglFam,4.185198,6.1970544,2.7608585
1314,864691135387277397,test,thalamocortical,thalamocortical,3.2897074,8.72399,4.7212954
1364,864691135928029966,train,thalamocortical,thalamocortical,5.4349213,7.5372953,4.0799227
152,864691134942595939,train,BasketFam,BasketFam,2.2568412,6.058278,4.8383937
1940,864691136120465944,train,thalamocortical,thalamocortical,2.1812878,7.8122334,3.9728432
1688,864691135113360025,test,BasketFam,BasketFam,2.44054,8.252054,5.811221
2302,864691135866821340,train,thalamocortical,thalamocortical,2.5905597,7.3444295,1.4709024
675,864691135885917808,train,BasketFam,BasketFam,3.2532847,5.2099195,6.4827075
634,864691135305643175,train,L4IT,pyramidal,4.4370475,9.483554,4.7698646
376,864691136579434260,train,L6IT,pyramidal,4.994907,8.727111,4.256479
684,864691136137210507,train,BipFam,BipFam,3.167533,5.1664553,2.295751
157,864691135857976366,train,BipFam,BipFam,4.285906,5.521661,1.5724922
3874,864691135477104960,train,thalamocortical,thalamocortical,6.7681108,4.858529,2.4827306
606,864691136595955362,train,MartFam,MartFam,4.1499805,8.637674,4.2273517
1848,864691135470860370,test,BipFam,BipFam,3.727414,5.3152184,1.1016971
1848,864691135447979922,train,BipFam,BipFam,3.9347072,5.755973,3.053721
8899,864691136011485614,test,BasketFam,BasketFam,1.8329973,7.8369465,5.789829
1549,864691135742895723,test,BipFam,BipFam,2.3135874,6.850234,3.3164275
756,864691135405337326,test,L3IT,pyramidal,6.4667373,9.530311,2.175569
832,864691135084038647,train,MartFam,MartFam,4.831502,6.65152,2.6391847
5718,864691136381324501,train,BasketFam,BasketFam,1.6078849,4.841654,5.2894397
1448,864691135118298333,train,MartFam,MartFam,6.815562,7.6569786,1.6120436
4932,864691136033871035,train,thalamocortical,thalamocortical,4.2720118,7.933186,3.6084762
680,864691135941829121,test,BasketFam,BasketFam,2.1747332,7.77577,5.854098
661,864691136273370302,train,NglFam,NglFam,4.9191227,9.045379,4.61239
893,864691135342585541,train,L4IT,pyramidal,6.6086216,6.636873,3.8713264
105,864691134887444986,test,NglFam,NglFam,2.8015118,5.8494983,2.3229225
166,864691135990564864,train,NglFam,NglFam,7.105845,4.4217525,2.622925
202,864691135995711402,train,BipFam,BipFam,5.0011697,5.588628,1.2749516
4539,864691135689015264,train,thalamocortical,thalamocortical,4.4085345,5.75034,3.8228738
4588,864691135920591792,train,BasketFam,BasketFam,1.5148425,6.6165056,5.7318373
314,864691135503448898,train,L6IT,pyramidal,7.578524,10.048167,3.1912417
376,864691136391024144,train,NglFam,NglFam,4.138333,6.307679,3.6928477
1174,864691135595810859,train,BasketFam,BasketFam,4.0425696,6.1687546,5.6081243
1543,864691136007059658,test,BipFam,BipFam,4.3911986,9.476501,3.964501
3480,864691135464991645,train,thalamocortical,thalamocortical,1.2316129,6.749902,2.4693692
5701,864691135480702662,train,MartFam,MartFam,3.402949,4.6191616,1.350193
5558,864691135210446457,train,MartFam,MartFam,3.878898,4.3494616,0.41680217
88,864691135448212882,train,L4IT,pyramidal,7.070204,8.047172,2.8145754
6008,864691136603935441,train,BasketFam,BasketFam,1.4707857,5.857291,4.71716
229,864691135946994785,train,BasketFam,BasketFam,3.4059098,6.8834453,4.4419975
4272,864691135456535658,train,MartFam,MartFam,4.839735,5.0796566,0.39660418
226,864691135731889337,train,L3IT,pyramidal,5.664402,8.02186,4.104985
2675,864691135577202181,train,MartFam,MartFam,4.637405,5.434147,2.1517093
27,864691136025992761,train,BipFam,BipFam,6.9027686,8.416025,2.3912032
403,864691136145572404,train,BipFam,BipFam,2.7249146,7.964005,4.0432844
2557,864691136138695549,train,BasketFam,BasketFam,2.0555785,6.411665,5.551796
119,864691135810495005,train,BasketFam,BasketFam,2.5361516,5.0061774,6.640335
102,864691135060784027,test,thalamocortical,thalamocortical,4.4842515,7.975991,1.8986582
231,864691135455701354,train,L4IT,pyramidal,4.7017403,9.571716,4.456011
15,864691135810297885,train,BipFam,BipFam,3.354058,8.160614,4.0048165
0,864691134887444986,test,NglFam,NglFam,5.267027,6.3634334,1.2230624
1641,864691136372954248,test,NglFam,NglFam,2.2535021,5.863495,4.7288666
369,864691135339729894,train,L4IT,pyramidal,6.3337994,6.4121623,3.8930194
528,864691136021865976,train,L3IT,pyramidal,2.5395966,6.397994,2.4356766
508,864691135742097044,train,L4IT,pyramidal,6.0808897,6.825272,1.6993006
4572,864691135470255698,train,thalamocortical,thalamocortical,2.334962,6.354573,2.6982229
124,864691135234582361,train,L6CT,pyramidal,4.8926435,6.2698545,2.6361194
783,864691135732578745,train,L3IT,pyramidal,4.6646886,6.3392806,2.5957887
1150,864691135562950369,train,BipFam,BipFam,5.373558,6.495445,1.2313548
767,864691136314126653,train,BipFam,BipFam,5.6569095,6.2981744,1.431259
103,864691136579629844,train,L4IT,pyramidal,6.163937,7.7309213,1.5606011
8043,864691135271970725,train,BasketFam,BasketFam,3.4061193,5.158099,6.089514
997,864691135464991645,train,thalamocortical,thalamocortical,1.676909,7.2113805,2.0940504
174,864691135470255698,train,thalamocortical,thalamocortical,0.8739116,6.717368,2.558724
269,864691135996891050,test,BipFam,BipFam,6.0848813,8.511547,1.4817618
2632,864691135875414414,train,BasketFam,BasketFam,4.0831056,6.6900563,5.6073003
598,864691136445968259,train,BasketFam,BasketFam,2.4445312,7.650617,5.446369
4155,864691135464991645,train,thalamocortical,thalamocortical,2.1675735,6.7839336,3.9269884
810,864691136137064075,train,BipFam,BipFam,2.6440828,8.154997,5.7330356
1026,864691136034412219,train,MartFam,MartFam,7.390815,6.2217216,3.094402
1839,864691136523971473,train,BipFam,BipFam,5.6223273,4.900173,1.2582628
172,864691136968429774,train,L4IT,pyramidal,7.1667023,8.079933,3.5670342
833,864691136372954248,test,NglFam,NglFam,2.6066859,4.824916,2.2501404
576,864691136086632812,train,NglFam,NglFam,5.3269796,6.3959475,1.2231697
1374,864691135997428394,test,thalamocortical,thalamocortical,4.0737243,5.4206386,4.401921
8801,864691135756844242,test,MartFam,MartFam,6.2952995,9.127152,1.5843474
190,864691136118337956,train,L4IT,pyramidal,4.844842,6.4385066,2.5994499
3846,864691136011485614,test,BasketFam,BasketFam,2.1239722,5.5532146,4.467399
2960,864691135702887291,train,BasketFam,BasketFam,2.978103,5.604258,6.731921
5952,864691136007128778,test,MartFam,MartFam,2.9199367,5.5339375,3.5965307
1163,864691135685030130,train,thalamocortical,thalamocortical,2.2513306,7.381697,2.9059367
1278,864691136372954248,test,NglFam,NglFam,4.8029723,5.671687,1.9693024
202,864691135545730856,train,BipFam,BipFam,7.4952865,8.755931,3.4203565
332,864691136137210507,train,BipFam,BipFam,4.216435,6.465321,2.2233496
4371,864691135294194358,train,thalamocortical,thalamocortical,3.8748994,8.136327,2.292787
1275,864691135562001633,train,MartFam,MartFam,5.1487045,7.3203034,1.3608078
7276,864691135939776309,train,MartFam,MartFam,4.289547,4.6132984,0.71511
262,864691135993770945,test,BipFam,BipFam,4.4553733,9.256813,4.4146805
1753,864691135685250546,train,BasketFam,BasketFam,3.04883,4.93889,6.2047877
232,864691136364166370,train,BipFam,BipFam,5.4217496,8.778603,3.0950723
330,864691136086632812,train,NglFam,NglFam,4.8352056,4.713657,2.2648947
3301,864691136011733934,train,MartFam,MartFam,1.6702533,6.376187,3.579814
648,864691135346954143,train,MartFam,MartFam,1.8393917,4.9715514,2.4976165
319,864691136086632812,train,NglFam,NglFam,4.8786893,4.994037,1.3014297
1303,864691136137168779,train,BipFam,BipFam,3.2900074,5.266467,3.0818667
137,864691135764946742,train,L6IT,pyramidal,6.8005953,9.025296,3.785259
121,864691135518791818,train,BasketFam,BasketFam,3.407307,6.817122,6.4361615
2509,864691135294194358,train,thalamocortical,thalamocortical,1.863657,7.528746,1.9377437
1291,864691135470860370,test,BipFam,BipFam,6.7153645,9.481515,1.5442743
4989,864691135212863360,train,MartFam,MartFam,2.6416776,5.313446,2.909398
1036,864691136372954248,test,NglFam,NglFam,3.2213337,5.214109,2.8379784
7934,864691135464991645,train,thalamocortical,thalamocortical,3.0267587,6.628076,2.9147305
708,864691135763795510,test,L4IT,pyramidal,6.039838,6.444709,3.4862542
2792,864691135878586963,test,thalamocortical,thalamocortical,0.8731403,6.996209,2.6050866
1018,864691135584019053,test,MartFam,MartFam,6.162245,5.2870317,2.750322
916,864691135810297885,train,BipFam,BipFam,6.4415517,7.5839257,4.818132
2716,864691135566979927,train,MartFam,MartFam,5.1126633,4.854397,0.688276
1930,864691135118298333,train,MartFam,MartFam,6.932029,4.914161,2.7635732
3252,864691135659538306,train,thalamocortical,thalamocortical,2.8973563,6.671695,0.9289476
667,864691135857976366,train,BipFam,BipFam,3.508384,7.5717764,3.9598224
1020,864691136372954248,test,NglFam,NglFam,4.898932,6.3695235,1.488815
33,864691135943593332,train,L2IT,pyramidal,5.9512615,6.844621,1.7539494
1229,864691135271343525,train,BipFam,BipFam,2.5313094,5.06358,5.679005
2163,864691135920776624,train,MartFam,MartFam,6.7900496,8.888768,1.9054875
201,864691135102390816,train,L5IT,pyramidal,6.0038342,8.048087,2.8816447
6010,864691136145494068,train,BasketFam,BasketFam,1.5594077,4.8797307,5.4704747
10394,864691135779780797,test,MartFam,MartFam,4.2411833,5.0897517,3.6085439
1359,864691135470255698,train,thalamocortical,thalamocortical,5.6445107,7.249648,2.688725
2382,864691135878586963,test,thalamocortical,thalamocortical,1.4321432,6.8977647,2.1739652
64,864691135446065810,train,MartFam,MartFam,4.2156034,6.5990415,3.8213592
5661,864691135464991645,train,thalamocortical,thalamocortical,1.7412739,7.1595907,2.8552086
240,864691136336204979,train,NglFam,NglFam,7.8460293,4.784646,2.7616575
44,864691135742793835,train,MartFam,MartFam,6.4669886,8.018978,2.502523
4503,864691136390675216,train,BasketFam,BasketFam,3.636066,5.039649,5.963525
6185,864691135756844242,test,MartFam,MartFam,5.194952,5.98332,4.4897666
1033,864691135478334888,train,BasketFam,BasketFam,5.325702,4.7493434,0.6799247
498,864691136123919654,train,BasketFam,BasketFam,2.0104744,7.8164797,5.908485
64,864691136273370302,train,NglFam,NglFam,5.95063,8.844146,1.7161198
209,864691135742668395,train,MartFam,MartFam,7.711793,5.085276,2.4328544
2956,864691136053350131,test,thalamocortical,thalamocortical,2.3628376,8.275542,3.172715
1238,864691136523971473,train,BipFam,BipFam,3.9222798,7.282499,1.1776716
484,864691135518173395,train,L4IT,pyramidal,5.7849445,9.106665,3.9950073
441,864691135409859785,train,L5IT,pyramidal,5.6167655,7.6339483,1.0843627
1254,864691136312445786,train,BasketFam,BasketFam,3.6533237,6.164006,5.1148276
2084,864691135584019053,test,MartFam,MartFam,3.1751342,7.628478,3.6874487
3296,864691135477104960,train,thalamocortical,thalamocortical,3.928887,6.242566,1.3149146
1171,864691136814025587,train,BasketFam,BasketFam,2.4006076,4.7275143,6.376747
7562,864691135891796617,train,BasketFam,BasketFam,3.2797234,5.1173058,6.0420117
508,864691135215023416,train,L4IT,pyramidal,6.4369674,8.990407,3.7562532
133,864691136138779517,train,L2IT,pyramidal,6.4046164,7.116004,4.731482
4131,864691135720572977,train,MartFam,MartFam,3.6164873,4.7074227,1.1051406
33,864691135397982753,train,L5IT,pyramidal,6.473033,7.5816355,2.88521
6145,864691136007059658,test,BipFam,BipFam,4.5073743,8.348195,3.5962844
2103,864691135398746401,train,MartFam,MartFam,3.9089289,7.6789136,2.1664822
402,864691134887444986,test,NglFam,NglFam,6.28449,5.881255,2.0340173
421,864691134887444986,test,NglFam,NglFam,4.54452,4.9114084,0.4002327
206,864691135060768923,test,BipFam,BipFam,4.37642,8.328444,4.2328634
3811,864691135119335645,train,thalamocortical,thalamocortical,2.6494687,8.21791,4.0584
7764,864691135779780797,test,MartFam,MartFam,4.064794,4.4432206,0.6267509
133,864691136239793212,test,NglFam,NglFam,5.65275,8.547348,4.793039
2732,864691135396720885,train,BasketFam,BasketFam,2.696214,5.041202,5.8129377
1745,864691135478434216,train,BasketFam,BasketFam,2.4000752,6.0158978,5.3061647
1427,864691136145537844,train,BipFam,BipFam,5.031227,8.063247,3.0948746
3015,864691135341516741,test,MartFam,MartFam,7.8687096,4.5716915,2.6085587
713,864691136273370302,train,NglFam,NglFam,7.203972,9.432239,3.3822412
2772,864691135271967397,train,MartFam,MartFam,3.1068077,4.0545387,0.62158996
177,864691135742895723,test,BipFam,BipFam,2.4175692,7.3058405,3.6971269
5346,864691135470255698,train,thalamocortical,thalamocortical,2.9484289,7.0777864,0.9420751
269,864691136239793212,test,NglFam,NglFam,6.715051,9.290359,1.5044677
6,864691136967869902,test,L6CT,pyramidal,6.2879906,7.4679866,1.6850121
555,864691135456493418,test,BipFam,BipFam,4.2299094,9.552519,5.057642
1649,864691135470556242,train,MartFam,MartFam,7.158655,3.9402378,2.4537876
278,864691136579408916,test,L4IT,pyramidal,6.7794976,6.785357,4.1382675
911,864691136905941426,train,BasketFam,BasketFam,2.0781796,4.985789,6.2653537
141,864691135886208112,train,L3IT,pyramidal,3.9256399,7.9826713,3.0612814
305,864691136313301565,test,L5IT,pyramidal,6.082957,6.566533,3.6806924
1293,864691135994158785,test,MartFam,MartFam,2.8852057,6.960899,5.245075
332,864691135214970752,train,BipFam,BipFam,5.28658,4.560575,0.91236675
860,864691136390905207,train,MartFam,MartFam,4.146673,4.8004303,0.33702156
1304,864691136123919654,train,BasketFam,BasketFam,2.7282913,8.444698,5.6284947
100,864691135293096118,train,NglFam,NglFam,4.7930117,7.0002036,2.5421765
225,864691135465932357,test,L3IT,pyramidal,6.2476153,6.4943724,1.9576427
3395,864691135892233097,train,BasketFam,BasketFam,1.4455924,5.795662,5.0734754
333,864691135417045946,train,L2IT,pyramidal,5.250217,7.2684355,2.7745986
6618,864691135686540471,train,BasketFam,BasketFam,1.9241337,5.799198,4.826288
227,864691136005322698,test,BasketFam,BasketFam,3.3071465,6.9848914,4.6105785
179,864691135948123745,train,L5ET,pyramidal,3.1338055,5.8599596,6.55954
251,864691136239793212,test,NglFam,NglFam,5.9692636,8.34024,4.9591384
310,864691135810098717,test,BasketFam,BasketFam,3.3833957,6.399094,6.2787066
415,864691135717299738,train,L4IT,pyramidal,6.6797423,8.668985,3.5122766
107,864691136336204979,train,NglFam,NglFam,6.54746,3.73035,2.5896852
245,864691135214643256,test,L6IT,pyramidal,6.1737895,8.5863,4.762659
913,864691135447979922,train,BipFam,BipFam,4.972147,6.6109333,0.97238535
410,864691135431579440,train,BipFam,BipFam,3.2833416,4.7933626,1.8248733
123,864691135693735103,train,NglFam,NglFam,6.9950614,9.933258,1.9094397
592,864691135448017554,train,BasketFam,BasketFam,3.3550725,5.6053796,6.524058
416,864691136086632812,train,NglFam,NglFam,5.0290713,4.2735767,1.0268286
191,864691135689555680,train,NglFam,NglFam,7.2160516,5.192267,2.333199
5399,864691135480702662,train,MartFam,MartFam,3.95166,6.0817733,1.4283226
7137,864691136007059658,test,BipFam,BipFam,6.0971737,5.117801,1.4253294
4508,864691135369668089,train,BasketFam,BasketFam,1.6547507,6.579951,5.278834
4443,864691135470255698,train,thalamocortical,thalamocortical,1.7194139,7.0314646,3.0048347
1155,864691136390828919,train,MartFam,MartFam,2.9414763,5.846169,2.8692431
252,864691135928395278,train,L4IT,pyramidal,7.423714,5.620502,2.532358
4566,864691135456535658,train,MartFam,MartFam,4.2070503,4.801306,0.34003726
1779,864691136288755395,train,thalamocortical,thalamocortical,1.8110886,7.2331696,1.8983667
194,864691135840033171,train,NglFam,NglFam,6.2787094,8.797559,1.865449
205,864691136086632812,train,NglFam,NglFam,4.844669,4.086485,1.0638942
631,864691135566825495,train,BasketFam,BasketFam,5.5306354,8.937691,3.9278584
388,864691136239793212,test,NglFam,NglFam,6.792683,9.447229,1.6943127
2457,864691136033871035,train,thalamocortical,thalamocortical,5.374977,6.7362094,1.0552033
1141,864691135447979922,train,BipFam,BipFam,4.3375006,4.6681094,0.7974735
40,864691135778572973,train,L4IT,pyramidal,5.966447,6.348776,3.3403933
113,864691136137168779,train,BipFam,BipFam,6.4701657,8.776671,1.8480358
2568,864691135685030130,train,thalamocortical,thalamocortical,6.368218,8.722447,2.8517983
156,864691135464928318,train,L2IT,pyramidal,7.06936,8.063094,3.5782146
24,864691135309733190,train,NglFam,NglFam,7.272131,3.4761236,2.3939667
1831,864691136445968259,train,BasketFam,BasketFam,2.9419665,5.6674385,6.7682543
800,864691136273370302,train,NglFam,NglFam,5.952969,8.555145,2.2584214
351,864691136086088556,train,L3IT,pyramidal,6.8436565,9.524232,3.0106099
5337,864691136196932172,train,BasketFam,BasketFam,2.887615,5.560878,5.90967
5760,864691135774221643,train,MartFam,MartFam,2.063615,5.1812096,1.7417133
765,864691135809456669,test,L6IT,pyramidal,5.4877815,6.551769,1.084718
1846,864691135387277397,test,thalamocortical,thalamocortical,3.0716283,8.729663,5.269601
488,864691135741998484,train,L4IT,pyramidal,6.0898166,6.81191,1.2935783
816,864691136314126653,train,BipFam,BipFam,7.283109,6.659491,3.1874511
539,864691135493665631,train,L4IT,pyramidal,7.632407,9.05119,2.635743
395,864691135996891050,test,BipFam,BipFam,3.3744526,6.663916,1.9798797
2336,864691136392682879,train,BasketFam,BasketFam,2.5260208,4.8175044,6.4836407
3808,864691135997140906,train,BipFam,BipFam,7.037759,5.814886,2.360909
67,864691135693735103,train,NglFam,NglFam,4.7379594,9.59298,4.8439994
417,864691135689555680,train,NglFam,NglFam,5.627268,4.789952,1.639881
3517,864691135954480163,train,MartFam,MartFam,2.0612411,6.577969,2.8046503
1232,864691135755605197,train,thalamocortical,thalamocortical,3.676024,6.940366,1.1429219
374,864691135323181212,test,MartFam,MartFam,7.2809396,5.214752,2.5377717
20,864691135303514791,train,NglFam,NglFam,7.1346498,3.4557602,2.4647017
305,864691135499624723,train,BasketFam,BasketFam,6.0409784,8.297328,3.9994347
107,864691135137299481,test,L4IT,pyramidal,6.802331,7.23396,2.2922456
918,864691135801604706,train,L3IT,pyramidal,3.9703565,7.4695897,3.3947217
714,864691135778132576,train,L5IT,pyramidal,7.0210643,8.765783,2.521353
2552,864691136229366097,test,BasketFam,BasketFam,2.1771436,5.203181,6.1462526
1,864691135210178169,test,BasketFam,BasketFam,3.0264819,5.8121514,5.8446226
125,864691135990564864,train,NglFam,NglFam,7.3947864,4.364793,2.9351506
641,864691135783317840,train,thalamocortical,thalamocortical,2.3090327,7.070609,1.2537448
674,864691135464263742,train,L5IT,pyramidal,6.038494,9.605144,2.5185707
571,864691135611140359,test,L4IT,pyramidal,7.609941,9.714182,3.4098449
1350,864691135214970752,train,BipFam,BipFam,4.848391,4.460669,0.69106764
396,864691135119335645,train,thalamocortical,thalamocortical,3.3623877,6.4511075,2.7223866
1271,864691135271970725,train,BasketFam,BasketFam,1.6014298,6.152201,3.3225155
646,864691135106309709,train,NglFam,NglFam,6.2920723,8.116282,4.938441
154,864691135384176619,train,L4IT,pyramidal,6.961324,9.42234,2.4073608
223,864691136991901845,test,L6IT,pyramidal,5.5459175,7.514785,4.3252463
223,864691135480311494,train,L6IT,pyramidal,4.5118876,6.8673954,0.9292475
735,864691135570791558,test,L4IT,pyramidal,7.916353,6.102963,2.8554788
112,864691135303514791,train,NglFam,NglFam,7.4361835,3.7994344,2.5506732
3402,864691135912137641,train,BasketFam,BasketFam,1.9579672,7.4175534,5.853157
1469,864691135478095016,train,BasketFam,BasketFam,2.2798944,6.845481,4.3584166
517,864691135954393891,train,L4IT,pyramidal,5.6158805,6.7833652,1.0260044
4965,864691135997140906,train,BipFam,BipFam,6.588034,7.161305,1.7100478
133,864691136521831825,train,L5IT,pyramidal,6.254955,7.9424706,3.243669
13,864691136372954248,test,NglFam,NglFam,2.477029,4.860618,2.2339745
2953,864691135920591792,train,BasketFam,BasketFam,1.5519685,5.73267,5.579285
7193,864691135480702662,train,MartFam,MartFam,3.5263546,8.436478,4.4034333
11370,864691135858282030,train,MartFam,MartFam,2.4829767,4.823733,1.361235
3254,864691135106189901,test,BasketFam,BasketFam,3.3098817,7.2303777,5.9236546
5722,864691136145494068,train,BasketFam,BasketFam,1.7192887,5.982052,5.233764
418,864691135115194009,train,BipFam,BipFam,6.9306397,9.488488,2.5695798
5769,864691135387551061,train,BasketFam,BasketFam,3.61112,6.032415,5.940442
368,864691135343506885,train,BipFam,BipFam,2.7827194,6.803622,3.181032
372,864691136145572404,train,BipFam,BipFam,2.6020467,8.42986,3.4263139
73,864691136391042167,train,L3IT,pyramidal,5.4610276,9.067741,4.421635
4091,864691135274708753,train,BasketFam,BasketFam,2.0890977,5.803557,5.5091815
1270,864691135994158785,test,MartFam,MartFam,2.4565957,6.041503,3.0742383
578,864691136452920319,train,BasketFam,BasketFam,3.3518283,7.1493974,6.274298
5663,864691135618332265,train,BasketFam,BasketFam,3.6701334,8.501729,3.8236237
608,864691136067404440,test,MartFam,MartFam,2.725811,4.89782,5.892196
127,864691135106309709,train,NglFam,NglFam,6.501489,9.039219,2.9318664
105,864691135489677882,train,L3IT,pyramidal,6.222024,7.327484,2.9326625
157,864691135994804394,train,BipFam,BipFam,5.5348806,8.168361,4.7803683
2203,864691135878586963,test,thalamocortical,thalamocortical,5.5533295,6.927548,2.811282
222,864691135106309709,train,NglFam,NglFam,7.273775,9.880009,2.6663582
160,864691135015425942,test,BipFam,BipFam,2.8855016,6.5391374,2.7987044
2915,864691135271970725,train,BasketFam,BasketFam,2.323907,6.0385528,4.477581
232,864691135840033171,train,NglFam,NglFam,3.4508607,8.841029,4.785969
1184,864691136145537844,train,BipFam,BipFam,4.438615,5.8960743,3.182218
299,864691136523971473,train,BipFam,BipFam,5.888259,4.4166145,1.5211544
314,864691136438372254,train,BipFam,BipFam,6.3530893,6.3819227,2.735482
669,864691135689555680,train,NglFam,NglFam,2.0544415,6.5610275,2.5135233
665,864691135689555680,train,NglFam,NglFam,6.8565474,4.387155,2.2107751
26,864691135293096118,train,NglFam,NglFam,4.3112826,8.163286,3.400048
5587,864691136138622333,train,BasketFam,BasketFam,4.0164914,5.4785385,4.9882417
1347,864691135839979667,train,MartFam,MartFam,4.604866,7.0999794,4.085688
483,864691136273370302,train,NglFam,NglFam,5.9567194,8.543844,2.3465433
4825,864691136007059658,test,BipFam,BipFam,4.4431815,8.145946,3.445864
1632,864691135997140906,train,BipFam,BipFam,6.712447,7.197656,2.0578055
493,864691135689555680,train,NglFam,NglFam,6.988076,4.041038,3.0589335
2544,864691136011549614,train,BipFam,BipFam,6.5477977,7.075208,1.7659528
199,864691136053350131,test,thalamocortical,thalamocortical,1.0772994,6.7894635,2.5149658
6116,864691135387551061,train,BasketFam,BasketFam,2.8532286,8.054953,4.4022446
2016,864691136453186559,train,BasketFam,BasketFam,3.1894948,5.8056707,5.593375
524,864691136086632812,train,NglFam,NglFam,4.989946,4.357921,1.0909846
39,864691135592789259,train,BipFam,BipFam,6.707302,4.3468566,2.5008812
6903,864691135689296608,train,BasketFam,BasketFam,2.3248959,7.1051216,1.232419
2661,864691135928029966,train,thalamocortical,thalamocortical,2.3377883,6.7817817,3.3607595
303,864691135351159255,train,thalamocortical,thalamocortical,3.0934544,7.085699,2.303462
596,864691135662070512,train,L4IT,pyramidal,5.4827166,7.098801,2.3874886
626,864691136239793212,test,NglFam,NglFam,6.991761,8.858731,2.6184945
490,864691136273370302,train,NglFam,NglFam,7.1689906,9.91182,2.406387
2915,864691134886037498,train,MartFam,MartFam,3.3668718,6.420561,2.6512473
928,864691135866821340,train,thalamocortical,thalamocortical,4.2973666,5.548737,4.310263
2023,864691135885917808,train,BasketFam,BasketFam,3.7526305,6.6849084,6.1782975
445,864691136273370302,train,NglFam,NglFam,5.4313636,8.569857,4.7709026
2672,864691135294194358,train,thalamocortical,thalamocortical,4.4803996,7.1720963,1.6016788
699,864691135996891050,test,BipFam,BipFam,2.9099753,7.0449605,3.0103316
4230,864691136007059658,test,BipFam,BipFam,6.4546313,7.2466655,1.4734907
105,864691135693735103,train,NglFam,NglFam,6.216274,8.888389,4.3897505
1375,864691135464991645,train,thalamocortical,thalamocortical,2.162334,7.86492,5.5918617
1967,864691135470860370,test,BipFam,BipFam,5.9799123,8.5107,2.3118215
2214,864691136145537844,train,BipFam,BipFam,3.9022918,5.876445,1.4373047
8277,864691135464991645,train,thalamocortical,thalamocortical,2.7068934,7.3104167,1.3235226
3148,864691135470255698,train,thalamocortical,thalamocortical,3.6540248,7.1020265,0.7164255
339,864691136524282001,train,NglFam,NglFam,6.2656946,3.4808147,2.1832423
1171,864691135839979667,train,MartFam,MartFam,2.3431733,4.3723097,1.2886802
3391,864691135464991645,train,thalamocortical,thalamocortical,2.0307026,6.8165984,3.638825
908,864691135997428394,test,thalamocortical,thalamocortical,2.9244895,6.07194,2.421814
7891,864691135720572977,train,MartFam,MartFam,4.252076,6.1867504,0.67168033
5405,864691135480702662,train,MartFam,MartFam,2.6951575,4.696286,0.9862587
223,864691135293096118,train,NglFam,NglFam,4.186185,6.9574876,2.3220055
207,864691136086632812,train,NglFam,NglFam,6.0050673,6.2481337,2.0819914
1271,864691135387529301,test,BasketFam,BasketFam,2.034828,4.594629,5.1449776
1396,864691136487168530,train,MartFam,MartFam,7.5734506,9.673487,2.9278088
7780,864691135480702662,train,MartFam,MartFam,2.4580185,4.3745213,1.1242048
2289,864691135702887291,train,BasketFam,BasketFam,7.3344216,7.7659774,3.0502498
1379,864691136053350131,test,thalamocortical,thalamocortical,2.8979743,6.6334095,2.1104343
3915,864691135618332265,train,BasketFam,BasketFam,2.4889076,6.565778,5.9506927
493,864691136288752835,train,thalamocortical,thalamocortical,3.4968793,7.2735043,1.6775683
249,864691134887460346,train,L3IT,pyramidal,4.396004,5.916496,1.0657865
56,864691135409856713,train,BasketFam,BasketFam,1.618221,4.8709397,5.2873545
1018,864691135990672896,train,MartFam,MartFam,6.058284,8.021568,1.1084799
511,864691134887444986,test,NglFam,NglFam,4.849093,5.4263864,4.5378723
964,864691136137210507,train,BipFam,BipFam,4.576168,6.82973,2.0270555
845,864691135685250546,train,BasketFam,BasketFam,1.6470886,6.009293,5.74023
45,864691135703016059,train,MartFam,MartFam,3.9119518,4.3503757,0.41197425
2019,864691135511861968,test,MartFam,MartFam,2.5750659,5.497826,3.0362582
262,864691135470255698,train,thalamocortical,thalamocortical,1.637754,6.637732,2.4256835
2974,864691136091233847,train,thalamocortical,thalamocortical,2.283316,7.3053703,1.3052456
1824,864691136093003700,train,L5IT,pyramidal,6.941643,9.010443,1.9783689
577,864691135106309709,train,NglFam,NglFam,5.9691663,9.22325,3.415438
6182,864691136196932172,train,BasketFam,BasketFam,3.469709,5.297649,6.0694427
912,864691136314126653,train,BipFam,BipFam,5.569803,7.2385416,1.8963733
4628,864691136067404440,test,MartFam,MartFam,7.60558,9.522847,2.9032576
343,864691136025992761,train,BipFam,BipFam,6.0671544,7.789981,3.7476
1189,864691135466333509,train,BasketFam,BasketFam,1.7318908,5.1418653,5.5044084
391,864691135132887456,test,NglFam,NglFam,3.4000778,5.312827,2.0302036
133,864691136372954248,test,NglFam,NglFam,4.8368964,6.7838016,0.9277986
3532,864691135470255698,train,thalamocortical,thalamocortical,3.8520055,7.4552636,2.2998376
372,864691135885996912,train,BipFam,BipFam,6.2349606,7.3797917,2.8503933
443,864691135562950369,train,BipFam,BipFam,6.002168,8.939012,3.11509
1062,864691135739131780,train,MartFam,MartFam,6.7419815,9.506274,1.497167
3638,864691136445968259,train,BasketFam,BasketFam,3.0060503,5.5781865,6.6126337
99,864691136239793212,test,NglFam,NglFam,6.244702,8.328861,5.0129857
253,864691136372954248,test,NglFam,NglFam,2.9605238,5.2858353,2.5919428
617,864691136314126653,train,BipFam,BipFam,6.237578,7.8789077,1.7669555
1859,864691136813553523,train,BasketFam,BasketFam,3.5855598,6.35813,6.5701613
1943,864691136033871035,train,thalamocortical,thalamocortical,4.4082365,5.60931,3.5640543
131,864691135855890478,train,L2IT,pyramidal,4.5190377,5.538955,3.8159258
456,864691135417045946,train,L2IT,pyramidal,5.993117,7.392282,3.0446758
340,864691136372954248,test,NglFam,NglFam,3.3673916,5.0239487,1.4758813
1055,864691136091233847,train,thalamocortical,thalamocortical,2.445556,6.718162,3.4424589
61,864691135840033171,train,NglFam,NglFam,3.646612,5.488759,2.9445653
64,864691135689015264,train,thalamocortical,thalamocortical,3.4442902,7.388508,0.77489763
73,864691135305383591,train,NglFam,NglFam,7.5960903,4.332354,2.8659406
26,864691136011733934,train,MartFam,MartFam,5.4594464,6.811667,0.97246116
665,864691135727961663,train,L4IT,pyramidal,2.7584193,6.948734,2.7804775
680,864691136100014453,train,BipFam,BipFam,6.2198296,6.800428,4.4841237
1114,864691136372954248,test,NglFam,NglFam,2.0891294,4.6574564,2.2339015
114,864691136954028511,train,L4IT,pyramidal,6.176322,8.646484,3.2303977
38,864691135990701056,train,L4IT,pyramidal,6.0062313,6.775312,1.5442346
473,864691135293096118,train,NglFam,NglFam,5.082878,8.867427,4.33866
156,864691136053350131,test,thalamocortical,thalamocortical,4.1620617,5.6641707,3.2757032
131,864691135293096118,train,NglFam,NglFam,5.4285383,9.119856,3.5056853
1057,864691136025504569,train,L4IT,pyramidal,5.3104663,7.7729344,2.3016403
598,864691134887444986,test,NglFam,NglFam,5.497386,6.65295,3.7090714
446,864691135869457430,train,BasketFam,BasketFam,1.9953114,4.9141483,6.263963
140,864691135954582563,train,MartFam,MartFam,3.1366396,7.838536,3.0708477
4236,864691136390828919,train,MartFam,MartFam,5.235534,8.384527,4.6159644
5793,864691135858282030,train,MartFam,MartFam,2.3092413,5.1467843,1.4364733
2926,864691135659538306,train,thalamocortical,thalamocortical,3.019712,7.0538964,0.93837786
35,864691136523971473,train,BipFam,BipFam,3.3741863,5.0582576,3.1482358
2582,864691135387551061,train,BasketFam,BasketFam,1.7964275,5.3339043,5.141168
1944,864691135118298333,train,MartFam,MartFam,3.3672712,5.562235,2.7307508
464,864691134887444986,test,NglFam,NglFam,5.4405084,4.6804695,1.1466162
321,864691135446065810,train,MartFam,MartFam,3.6431503,8.75852,4.739752
1008,864691136452920319,train,BasketFam,BasketFam,5.472541,9.062189,3.9714158
2691,864691135866821340,train,thalamocortical,thalamocortical,2.817756,7.2284517,0.7432259
1874,864691136381324501,train,BasketFam,BasketFam,2.4511628,5.360075,3.227864
4670,864691136524014993,train,BasketFam,BasketFam,1.2863526,6.35718,4.7231703
3912,864691135817803599,test,BasketFam,BasketFam,2.8660798,5.0686483,6.293015
4073,864691135764678198,test,MartFam,MartFam,4.732025,6.7635174,1.7704756
67,864691135060727707,train,L2IT,pyramidal,6.7482605,6.7045417,2.045481
4945,864691134886037498,train,MartFam,MartFam,3.0776258,4.411957,1.5554855
4789,864691135689015264,train,thalamocortical,thalamocortical,3.958938,6.357743,1.2604799
220,864691136391024144,train,NglFam,NglFam,2.789311,6.822361,2.6660573
2423,864691135387277397,test,thalamocortical,thalamocortical,2.6672637,7.8971415,3.216166
2051,864691135309486662,train,BasketFam,BasketFam,1.3742155,6.3811593,5.394736
252,864691135132887456,test,NglFam,NglFam,3.430657,5.2942486,1.9368902
456,864691136372954248,test,NglFam,NglFam,5.2574377,6.6492605,2.6129768
225,864691135878586963,test,thalamocortical,thalamocortical,0.8680478,7.061299,2.7956328
16,864691135996891050,test,BipFam,BipFam,6.974347,9.6803055,2.064902
5636,864691136595955362,train,MartFam,MartFam,2.8303132,4.1817226,0.77265805
2441,864691135778290109,train,BasketFam,BasketFam,3.8121424,6.3087955,5.808868
2854,864691135387551061,train,BasketFam,BasketFam,2.7906086,4.7620826,5.8325934
13,864691135587666812,train,L2IT,pyramidal,7.5737667,7.6713376,3.2283506
22,864691135102351392,train,L4IT,pyramidal,6.7793536,8.110585,4.280694
1269,864691135503782210,test,BipFam,BipFam,5.9140434,7.5210195,4.7075524
197,864691136145494068,train,BasketFam,BasketFam,6.637269,5.85248,2.6458259
640,864691136086632812,train,NglFam,NglFam,6.4218836,8.859515,1.537962
61,864691136372954248,test,NglFam,NglFam,6.1282716,8.40721,2.8288105
1165,864691135343506885,train,BipFam,BipFam,6.5088816,9.008632,1.4816608
568,864691136052101363,train,BipFam,BipFam,3.6504483,9.060598,4.878074
500,864691135405733870,train,L4IT,pyramidal,5.514231,8.988903,3.9982567
122,864691136372954248,test,NglFam,NglFam,3.4582782,4.909899,1.661486
138,864691135545730856,train,BipFam,BipFam,6.3200617,7.63959,1.8884112
1219,864691135118298333,train,MartFam,MartFam,7.664899,4.918479,2.4117343
1678,864691134920000010,train,BasketFam,BasketFam,5.567734,9.163944,3.8722644
27,864691135405733870,train,L4IT,pyramidal,5.5820746,6.64173,1.065987
184,864691135431579440,train,BipFam,BipFam,5.4540915,8.226949,4.4120893
441,864691136436788382,train,BipFam,BipFam,5.566035,8.468348,4.7216806
1781,864691135464946757,test,BasketFam,BasketFam,3.13468,7.395197,5.703744
54,864691136603811281,test,L2IT,pyramidal,3.010221,6.825564,2.279796
3443,864691136453186559,train,BasketFam,BasketFam,1.7994968,7.204862,5.5794783
331,864691136273370302,train,NglFam,NglFam,7.0901623,9.991362,2.341976
518,864691136086632812,train,NglFam,NglFam,4.1352754,5.221145,1.560318
302,864691136524282001,train,NglFam,NglFam,3.6506946,6.0012794,2.6260436
4333,864691136007059658,test,BipFam,BipFam,4.780316,5.894709,3.6701522
1447,864691136372954248,test,NglFam,NglFam,2.6349745,4.9385486,2.3890846
1422,864691136138779517,train,L2IT,pyramidal,4.279296,6.7079096,2.6050909
883,864691135396940021,train,L4IT,pyramidal,6.8907533,7.4663444,2.1986864
638,864691135689555680,train,NglFam,NglFam,1.7244087,6.484853,2.2827728
489,864691136523971473,train,BipFam,BipFam,6.8631983,6.227379,2.375192
2014,864691135778081453,train,thalamocortical,thalamocortical,4.3680453,6.6116347,0.7583804
3794,864691137056216950,train,MartFam,MartFam,6.4776955,8.80483,1.4601344
1033,864691135106309709,train,NglFam,NglFam,7.2543874,9.951748,2.1711557
578,864691136372954248,test,NglFam,NglFam,4.9356437,5.420105,2.2926881
183,864691135387529301,test,BasketFam,BasketFam,1.288651,6.6348825,4.780765
366,864691136391024144,train,NglFam,NglFam,4.6275997,7.817703,1.8818275
378,864691136239793212,test,NglFam,NglFam,6.109887,8.8579855,2.224443
491,864691135293096118,train,NglFam,NglFam,3.0580268,6.9887953,2.2822065
83,864691136445968259,train,BasketFam,BasketFam,7.4009356,8.88417,2.5712962
70,864691135839499155,train,L6CT,pyramidal,4.6274824,9.266442,4.5175576
6481,864691137022180974,test,MartFam,MartFam,4.1752434,9.368098,3.723797
3672,864691135703016059,train,MartFam,MartFam,2.1909857,6.0047565,2.7358983
652,864691134887444986,test,NglFam,NglFam,6.9998612,3.3477294,2.0751584
223,864691136086632812,train,NglFam,NglFam,7.028416,8.559454,3.4363523
645,864691136273370302,train,NglFam,NglFam,7.459669,9.986898,2.6530228
400,864691135106309709,train,NglFam,NglFam,6.562392,8.380144,2.2849746
413,864691135742824555,train,BipFam,BipFam,3.063333,7.323087,2.81329
7851,864691135464991645,train,thalamocortical,thalamocortical,3.912139,5.8838363,1.9038165
385,864691135132887456,test,NglFam,NglFam,3.7592735,4.3765354,2.2914176
6385,864691136314120765,train,BasketFam,BasketFam,2.1874833,4.6431828,6.191388
911,864691135294194358,train,thalamocortical,thalamocortical,6.1207604,8.584144,1.4915106
3397,864691135294194358,train,thalamocortical,thalamocortical,1.922764,6.7948155,2.388691
2941,864691136011485614,test,BasketFam,BasketFam,1.7027218,5.1325765,6.2840223
2324,864691134920000010,train,BasketFam,BasketFam,3.8226476,6.1859493,4.7776947
628,864691136372954248,test,NglFam,NglFam,4.9425197,5.536675,1.5345186
440,864691135336113129,train,L4IT,pyramidal,7.0241156,8.865338,3.064127
135,864691135990564864,train,NglFam,NglFam,7.242547,3.618109,2.4558504
5097,864691135196475434,train,MartFam,MartFam,2.0444446,4.881738,2.2629638
5462,864691135499765267,train,MartFam,MartFam,2.954632,4.1024394,0.6787357
4422,864691135584019053,test,MartFam,MartFam,3.475118,4.5957346,2.7773616
2308,864691136138803837,train,BasketFam,BasketFam,1.9034508,4.6611595,5.6040983
2050,864691135685250546,train,BasketFam,BasketFam,1.5120369,6.629353,5.5859156
350,864691135997428394,test,thalamocortical,thalamocortical,6.352837,7.557973,1.9622926
30,864691135518510218,train,NglFam,NglFam,7.312303,7.775007,3.028841
2095,864691135689015264,train,thalamocortical,thalamocortical,2.31583,8.229888,3.0948029
2031,864691135878586963,test,thalamocortical,thalamocortical,3.5084717,8.679698,4.6237526
700,864691136453183487,test,MartFam,MartFam,3.3390915,4.366489,0.71739453
1820,864691135350977751,train,MartFam,MartFam,5.9898458,6.0603623,2.0885992
6429,864691135464991645,train,thalamocortical,thalamocortical,1.7210151,5.3661714,4.7034044
3588,864691136011549614,train,BipFam,BipFam,6.617803,6.7308526,1.56543
4236,864691135741641876,test,BasketFam,BasketFam,1.9390868,5.6810007,4.851677
347,864691135431579440,train,BipFam,BipFam,6.0715055,5.797019,1.6726645
2477,864691135778116013,train,BasketFam,BasketFam,1.5852228,5.7375965,5.4998527
790,864691135343509701,train,MartFam,MartFam,6.275225,8.863605,1.6834985
1946,864691135470860370,test,BipFam,BipFam,2.0466874,5.670349,4.3803034
583,864691136196240342,test,BipFam,BipFam,4.4817038,5.333359,3.3744764
2950,864691135258628527,test,BasketFam,BasketFam,4.9871984,9.041028,4.805996
89,864691136925029092,train,L4IT,pyramidal,6.3867097,6.44573,2.293203
5987,864691136390905207,train,MartFam,MartFam,3.0580714,7.332223,3.5650687
502,864691136425073455,train,L5IT,pyramidal,5.755737,6.5120735,2.7687993
2692,864691136011549614,train,BipFam,BipFam,7.2577815,9.474303,2.3585353
460,864691136421324951,train,L4IT,pyramidal,3.3484616,7.324799,2.01031
179,864691135742895723,test,BipFam,BipFam,4.242276,6.957715,1.1328154
1158,864691135214970752,train,BipFam,BipFam,6.28379,9.447553,2.063314
230,864691135842486243,train,L3IT,pyramidal,4.8181157,6.709647,2.3981035
4974,864691136914542577,train,MartFam,MartFam,4.3548365,6.12822,1.0045214
2459,864691136905941426,train,BasketFam,BasketFam,2.6851468,5.078693,5.7105727
6180,864691135756844242,test,MartFam,MartFam,4.7818108,5.4042625,4.487125
1730,864691135447979922,train,BipFam,BipFam,3.8754194,6.2424016,2.7624776
526,864691135132887456,test,NglFam,NglFam,7.259602,6.613374,3.0049837
1064,864691135783317840,train,thalamocortical,thalamocortical,3.1630685,6.830946,1.4235926
883,864691135119335645,train,thalamocortical,thalamocortical,2.3525002,7.0060534,1.9712505
469,864691135465900101,train,BipFam,BipFam,4.9266157,6.800885,2.3187957
1420,864691135685250546,train,BasketFam,BasketFam,2.752594,5.3715863,6.113705
4176,864691136123919654,train,BasketFam,BasketFam,2.934878,5.708623,6.7321353
254,864691135478095016,train,BasketFam,BasketFam,1.2913797,5.87913,5.148652
1809,864691135685030130,train,thalamocortical,thalamocortical,4.03088,6.067476,3.1693838
4306,864691136298913563,train,MartFam,MartFam,4.1469865,4.543297,2.6830487
5862,864691136330880234,train,MartFam,MartFam,4.0865116,4.488462,0.5192241
2175,864691135119335645,train,thalamocortical,thalamocortical,2.914558,6.2816195,2.7599564
208,864691135742824555,train,BipFam,BipFam,4.572687,6.6744285,1.6669157
799,864691135659538306,train,thalamocortical,thalamocortical,5.453054,6.1929755,1.0787512
4215,864691135294194358,train,thalamocortical,thalamocortical,1.9853418,5.0697646,2.5163054
257,864691135503004765,train,BipFam,BipFam,6.4208527,5.8662915,2.6735952
1407,864691136372954248,test,NglFam,NglFam,4.838132,4.4247494,1.5776373
2663,864691135119335645,train,thalamocortical,thalamocortical,5.573601,6.410049,2.6278377
499,864691136445215875,train,L2IT,pyramidal,7.6080117,5.472047,2.6533072
933,864691135106309709,train,NglFam,NglFam,6.8955555,9.736702,1.634196
1358,864691136603935441,train,BasketFam,BasketFam,2.6151385,4.7575626,6.202251
104,864691136273370302,train,NglFam,NglFam,6.1564183,7.5707464,4.920218
1166,864691135727929663,train,BasketFam,BasketFam,7.0663123,5.104475,3.1814082
1815,864691136914542577,train,MartFam,MartFam,1.6152076,5.1834764,2.4409626
414,864691135431441968,train,thalamocortical,thalamocortical,4.803154,7.5763216,4.171739
3945,864691135528046939,train,MartFam,MartFam,5.335438,4.3988743,1.4163343
202,864691135857976366,train,BipFam,BipFam,7.3599386,8.101106,3.0763679
748,864691135271343525,train,BipFam,BipFam,3.365635,5.933244,6.179716
679,864691136138756221,train,BipFam,BipFam,5.9651318,8.470092,4.902924
0,864691135309733190,train,NglFam,NglFam,7.181016,3.8843174,2.962186
1294,864691136137168779,train,BipFam,BipFam,3.8257303,5.54843,3.0674374
346,864691135566824983,test,BipFam,BipFam,6.4374514,6.608645,1.6671486
6768,864691135774221643,train,MartFam,MartFam,3.7590764,7.3929496,3.930215
510,864691136195796182,test,BasketFam,BasketFam,2.2397716,7.262739,5.713962
5498,864691135464991645,train,thalamocortical,thalamocortical,4.8756113,5.906426,1.0163342
1986,864691136011549614,train,BipFam,BipFam,3.9072573,7.465971,3.4101431
67,864691136299034139,train,L4IT,pyramidal,4.8451085,9.298697,4.2575765
7,864691135742824555,train,BipFam,BipFam,5.1752305,7.733972,2.0590017
552,864691135014696182,train,L6IT,pyramidal,6.0553894,7.7824564,2.7430499
1394,864691134886037498,train,MartFam,MartFam,2.0551884,6.6028666,4.948059
291,864691135741982868,train,L4IT,pyramidal,5.514269,7.675858,3.1433399
264,864691136905758130,train,L4IT,pyramidal,4.7666984,5.4384675,3.923371
333,864691136523335057,test,L4IT,pyramidal,6.213817,6.210502,2.3389564
684,864691134966621471,train,MartFam,MartFam,4.702942,5.5935454,1.6207892
2292,864691135584019053,test,MartFam,MartFam,5.095845,5.3162394,1.2573985
6172,864691137056216950,train,MartFam,MartFam,2.7273738,6.102983,2.7799835
660,864691135470860370,test,BipFam,BipFam,5.984587,8.600529,1.7486981
1966,864691136312445786,train,BasketFam,BasketFam,1.4455291,5.862586,4.497298
81,864691135342848433,train,L4IT,pyramidal,6.115335,9.626147,2.5484228
1173,864691136013367715,test,L3IT,pyramidal,4.605159,7.2117,1.0974792
853,864691135689015264,train,thalamocortical,thalamocortical,3.6639724,7.0323114,0.745821
493,864691136137168779,train,BipFam,BipFam,1.6181462,5.7807527,4.106899
1674,864691135875919502,test,MartFam,MartFam,3.6311073,4.5394444,2.280707
1031,864691135891796617,train,BasketFam,BasketFam,2.639703,4.803011,5.507555
531,864691135992790209,train,BipFam,BipFam,6.236985,8.416477,1.3527521
555,864691135271343525,train,BipFam,BipFam,2.0233786,5.760776,2.711264
2664,864691135387277397,test,thalamocortical,thalamocortical,3.8162975,7.047166,0.6907978
2376,864691135920591792,train,BasketFam,BasketFam,0.72208595,6.0779676,4.432359
5116,864691135464991645,train,thalamocortical,thalamocortical,5.1888127,6.45219,3.0240428
592,864691136966189518,test,MartFam,MartFam,4.5364203,5.9810324,2.6161966
3407,864691136011549614,train,BipFam,BipFam,6.773234,4.699431,1.8464987
13,864691136619344859,test,BasketFam,BasketFam,3.8597288,5.349935,5.2230597
4101,864691135703016059,train,MartFam,MartFam,3.8653903,4.941797,1.3223218
319,864691136239793212,test,NglFam,NglFam,5.900529,7.5803533,4.750377
93,864691135571440006,train,MartFam,MartFam,7.105291,5.455575,2.2927024
308,864691135106309709,train,NglFam,NglFam,4.7921867,9.5687065,4.5870914
1112,864691135492600167,train,BasketFam,BasketFam,2.140552,7.917124,5.53293
67,864691135878586963,test,thalamocortical,thalamocortical,2.2507174,7.500993,2.5825443
2116,864691135990793216,train,MartFam,MartFam,2.860088,4.569751,2.2722347
245,864691135134585248,train,BipFam,BipFam,5.9264593,7.8096066,1.006204
477,864691135293096118,train,NglFam,NglFam,6.0064626,6.8671336,1.7244344
126,864691135309733190,train,NglFam,NglFam,7.144622,3.8273127,2.9344904
51,864691135119335645,train,thalamocortical,thalamocortical,2.157121,7.027149,2.6874611
62,864691136012173475,test,BipFam,BipFam,6.7249384,5.6774874,1.817229
73,864691135106309709,train,NglFam,NglFam,6.3279567,8.231502,4.9881883
206,864691135132887456,test,NglFam,NglFam,4.4499516,4.797764,2.7956655
200,864691135810905036,train,L4IT,pyramidal,3.3880215,6.860746,1.8937593
1113,864691135577202181,train,MartFam,MartFam,1.9627655,6.6770167,2.2670078
4096,864691135778081453,train,thalamocortical,thalamocortical,2.4526134,6.7600026,2.2605581
2160,864691135343509701,train,MartFam,MartFam,4.251721,7.3153057,0.9521206
611,864691136086632812,train,NglFam,NglFam,4.955066,6.1735883,1.8871552
1584,864691135941956865,train,BasketFam,BasketFam,3.450033,6.480931,6.3931885
2009,864691135235206489,train,MartFam,MartFam,6.2145896,5.156355,2.2635927
374,864691136086088556,train,L3IT,pyramidal,6.1784286,6.1653004,2.173839
2630,864691136484883756,train,BasketFam,BasketFam,3.2568605,6.0530133,6.6398706
308,864691135387277397,test,thalamocortical,thalamocortical,2.3811448,5.561814,2.9876218
912,864691136372954248,test,NglFam,NglFam,7.2987113,4.9272513,3.1848233
537,864691135134695328,test,L2IT,pyramidal,6.426034,6.984777,1.9578058
688,864691135343506885,train,BipFam,BipFam,6.0702496,8.576964,3.1122434
385,864691135810492189,train,L4IT,pyramidal,7.7013454,7.341662,2.912978
174,864691135480311494,train,L6IT,pyramidal,6.301942,7.1091113,4.700712
347,864691135470860370,test,BipFam,BipFam,3.080323,7.173866,0.58676064
3231,864691136905941426,train,BasketFam,BasketFam,3.9485,6.250308,1.1961101
2614,864691135997428394,test,thalamocortical,thalamocortical,2.0162547,5.723915,5.9206433
7166,864691135480702662,train,MartFam,MartFam,3.967954,7.089188,1.4768882
5082,864691135309486662,train,BasketFam,BasketFam,1.9279312,6.5578175,5.5314693
325,864691136391024144,train,NglFam,NglFam,4.9338284,4.9839206,1.297553
2977,864691135997140906,train,BipFam,BipFam,6.6697598,8.256357,1.5301877
1877,864691135294194358,train,thalamocortical,thalamocortical,3.985498,6.3345494,1.1603398
125,864691136925029092,train,L4IT,pyramidal,6.2203603,8.237443,3.0665472
3367,864691135997140906,train,BipFam,BipFam,6.98899,7.6280265,3.9065027
2709,864691135562001633,train,MartFam,MartFam,2.973486,5.485988,3.3849463
4058,864691134886037498,train,MartFam,MartFam,3.3290625,5.5445695,2.498864
4588,864691135528046939,train,MartFam,MartFam,5.908855,6.4583993,1.1752563
637,864691135455819114,test,L4IT,pyramidal,7.484514,9.036205,3.5677216
1552,864691135562950369,train,BipFam,BipFam,5.5176373,6.4959755,1.1687703
1054,864691135928029966,train,thalamocortical,thalamocortical,1.7222693,7.484498,2.0840938
376,864691136273370302,train,NglFam,NglFam,6.902465,9.8522625,1.9563261
422,864691135916843366,train,L4IT,pyramidal,5.061865,9.094872,4.3642054
266,864691135912137641,train,BasketFam,BasketFam,7.1687403,8.305929,3.5981247
4116,864691135689015264,train,thalamocortical,thalamocortical,3.613625,7.388562,1.1067072
1748,864691136042989910,test,BasketFam,BasketFam,1.7974873,6.114359,4.7087355
87,864691136524282001,train,NglFam,NglFam,7.189537,7.7069983,3.3334663
38,864691136975639836,train,BipFam,BipFam,4.985901,7.113046,2.7617207
1171,864691135618332265,train,BasketFam,BasketFam,0.666206,6.113758,4.4562125
1140,864691136007059658,test,BipFam,BipFam,6.3839245,6.2529335,3.4673092
120,864691135778773856,train,BipFam,BipFam,6.7156835,7.504362,4.557967
1498,864691135014276342,test,BasketFam,BasketFam,4.563357,8.178,3.6935062
5792,864691135448017554,train,BasketFam,BasketFam,3.6014204,5.9770584,4.7411075
134,864691135742895723,test,BipFam,BipFam,2.1779716,7.677211,4.251326
343,864691136391024144,train,NglFam,NglFam,2.979535,6.784129,2.664572
2781,864691136288755395,train,thalamocortical,thalamocortical,1.0366948,7.2937307,2.647412
161,864691135689555680,train,NglFam,NglFam,6.547371,3.3206806,2.108903
56,864691136336204979,train,NglFam,NglFam,7.1865487,4.2737484,3.0373647
1335,864691134966621471,train,MartFam,MartFam,7.2705173,7.0100913,2.796097
3855,864691135912137641,train,BasketFam,BasketFam,1.7748915,7.0950212,5.963206
392,864691136007059658,test,BipFam,BipFam,5.9891725,6.427416,1.2657377
2805,864691135592837899,train,BasketFam,BasketFam,0.63287246,6.1236925,4.278638
2469,864691135858282030,train,MartFam,MartFam,3.6426098,7.718315,2.1435604
147,864691135470255698,train,thalamocortical,thalamocortical,2.4941113,7.1752553,1.06324
4322,864691135739131780,train,MartFam,MartFam,2.7390893,4.662768,1.6321466
198,864691135323181212,test,MartFam,MartFam,6.4649796,3.8539286,2.5381358
1216,864691135562950369,train,BipFam,BipFam,6.2167206,6.696738,4.295571
1444,864691135742895723,test,BipFam,BipFam,4.210995,6.6236124,0.82887226
1360,864691135106189901,test,BasketFam,BasketFam,2.8989053,5.8585796,6.6320634
2645,864691135584019053,test,MartFam,MartFam,4.458809,5.049257,0.7049726
499,864691135387277397,test,thalamocortical,thalamocortical,2.6419656,7.2424226,3.3690305
739,864691136273370302,train,NglFam,NglFam,6.0221677,8.271828,1.5045669
4793,864691135518791818,train,BasketFam,BasketFam,2.5600264,5.9075813,5.868447
559,864691136314126653,train,BipFam,BipFam,6.791083,6.252834,2.1739745
779,864691135466333509,train,BasketFam,BasketFam,3.0271745,5.2210107,6.439205
289,864691135303514791,train,NglFam,NglFam,7.4188724,3.9855464,2.6414335
269,864691136524282001,train,NglFam,NglFam,4.5997605,6.8819723,3.4305992
367,864691135106309709,train,NglFam,NglFam,6.159454,7.5445704,4.9488025
40,864691135274830353,train,L4IT,pyramidal,6.2478414,6.513759,3.726586
44,864691135948215076,test,BipFam,BipFam,6.554928,6.351294,2.3284733
791,864691135464678206,train,MartFam,MartFam,4.7056847,5.5648217,1.0093203
5123,864691135106209101,train,BasketFam,BasketFam,1.5809095,5.334551,5.0979586
2394,864691135912137641,train,BasketFam,BasketFam,3.4580884,5.6422167,6.0072374
2596,864691135783317840,train,thalamocortical,thalamocortical,2.708474,7.182205,1.2062086
6584,864691135271967397,train,MartFam,MartFam,3.4361134,4.1884484,0.9636092
5937,864691135774221643,train,MartFam,MartFam,2.2863507,5.3471684,2.4621818
5229,864691135720572977,train,MartFam,MartFam,3.501247,4.666255,1.1960045
334,864691135740860820,train,L2IT,pyramidal,6.9002433,9.118408,3.8166838
568,864691135969582181,train,MartFam,MartFam,5.458391,8.727083,3.423777
936,864691136425681967,train,L4IT,pyramidal,6.063861,9.645689,2.674058
123,864691136145537844,train,BipFam,BipFam,5.054416,5.1478443,1.3466431
855,864691135571546917,train,MartFam,MartFam,3.827516,8.390698,3.9762192
754,864691135782873936,test,thalamocortical,thalamocortical,2.4727876,6.3292313,2.626221
2630,864691136007059658,test,BipFam,BipFam,5.0183945,6.08654,1.117483
30,864691135857976366,train,BipFam,BipFam,4.423535,5.9773073,2.634616
2982,864691135477104960,train,thalamocortical,thalamocortical,2.317,6.5777216,3.2231078
637,864691135409937097,train,L2IT,pyramidal,6.972155,6.292815,3.2936156
455,864691135584068717,train,BasketFam,BasketFam,1.3885387,5.655033,5.2156415
711,864691136137064075,train,BipFam,BipFam,2.0129247,7.736545,5.9355674
2267,864691136288755395,train,thalamocortical,thalamocortical,4.7770605,8.366832,3.6578517
566,864691135726340523,train,L6IT,pyramidal,5.876743,6.7971044,1.5540112
234,864691136381347029,train,L4IT,pyramidal,3.8840744,7.828065,4.093192
3909,864691136053350131,test,thalamocortical,thalamocortical,3.805321,7.1182575,0.82961524
362,864691135470255698,train,thalamocortical,thalamocortical,4.1998105,7.966975,3.5120666
494,864691135293096118,train,NglFam,NglFam,4.5410204,9.514519,4.050032
3814,864691136145494068,train,BasketFam,BasketFam,1.3111413,6.6190796,3.726582
279,864691136524282001,train,NglFam,NglFam,4.2954803,4.5826097,2.1611702
4965,864691135387551061,train,BasketFam,BasketFam,3.182664,6.0876174,5.280803
872,864691135134585248,train,BipFam,BipFam,5.059232,9.649099,4.6898565
1974,864691136021595384,train,BasketFam,BasketFam,3.2117977,5.558099,6.556969
280,864691136273370302,train,NglFam,NglFam,7.21934,9.9210825,2.239065
793,864691136108370905,train,BipFam,BipFam,4.907293,9.1256485,4.5330086
2374,864691135892233097,train,BasketFam,BasketFam,4.3364835,5.5346074,2.9536824
276,864691135119335645,train,thalamocortical,thalamocortical,2.1736314,6.8980145,3.9410567
4617,864691136011733934,train,MartFam,MartFam,7.066643,4.071281,2.9190924
341,864691134887444986,test,NglFam,NglFam,5.303641,4.0246735,1.4229201
382,864691135115194009,train,BipFam,BipFam,7.0846868,9.097446,4.073617
2246,864691136524014993,train,BasketFam,BasketFam,1.8359872,6.068933,5.041366
422,864691136391024144,train,NglFam,NglFam,3.711975,6.4845266,3.554622
27,864691135470235986,train,BipFam,BipFam,4.116974,7.913823,3.879374
3438,864691135997140906,train,BipFam,BipFam,3.8601432,7.6693263,3.4597554
178,864691135686399415,train,BipFam,BipFam,3.725524,5.959622,3.1990979
2679,864691136312076122,train,MartFam,MartFam,5.2955074,4.2826643,1.4975483
1073,864691136925008100,train,BipFam,BipFam,1.7049301,5.065563,2.5193737
2559,864691135470860370,test,BipFam,BipFam,5.2952952,6.062504,0.8885985
120,864691135448212882,train,L4IT,pyramidal,3.1653368,6.2385225,1.953523
431,864691135583352941,train,L4IT,pyramidal,6.526041,6.981005,1.3907348
631,864691136138779517,train,L2IT,pyramidal,4.4590287,9.208015,4.4401507
189,864691135755605197,train,thalamocortical,thalamocortical,3.645836,8.536515,4.3686404
679,864691136042989910,test,BasketFam,BasketFam,2.5902336,5.1867337,5.7791557
13792,864691136914542577,train,MartFam,MartFam,2.6990378,7.964107,4.2641926
869,864691135470154834,train,L6IT,pyramidal,6.499668,8.046417,4.875523
1352,864691135562798817,train,L3IT,pyramidal,3.2148616,5.567259,2.7432432
444,864691136108370905,train,BipFam,BipFam,4.321762,8.639853,4.275167
1959,864691135447979922,train,BipFam,BipFam,7.4297996,7.737094,2.409951
1555,864691136021592568,train,BasketFam,BasketFam,1.5050845,7.3311114,5.2727456
4791,864691136381324501,train,BasketFam,BasketFam,2.790028,5.0198545,5.1075683
525,864691135778187360,train,L4IT,pyramidal,6.4907584,8.227838,4.8625183
10,864691136391024144,train,NglFam,NglFam,3.733928,6.1940393,2.601927
313,864691136372954248,test,NglFam,NglFam,5.078434,5.8499336,1.8945905
3068,864691136438216350,train,BasketFam,BasketFam,2.475267,6.8541856,5.455031
1939,864691135373601736,train,BasketFam,BasketFam,5.927432,9.2579365,3.912293
114,864691135763495478,train,L2IT,pyramidal,6.5951896,8.239689,2.6879997
719,864691136273370302,train,NglFam,NglFam,6.9326825,9.441279,1.9537917
629,864691135546161704,train,L4IT,pyramidal,6.1305885,8.444619,3.8063676
5355,864691135106189901,test,BasketFam,BasketFam,2.7123916,8.424947,5.644131
3841,864691137056216950,train,MartFam,MartFam,2.3060079,4.4167256,1.354549
774,864691135703016059,train,MartFam,MartFam,4.019825,4.529803,0.5195919
2863,864691136268801012,test,BasketFam,BasketFam,1.79808,5.1496334,5.125643
4825,864691135343509701,train,MartFam,MartFam,3.8509061,4.2706275,0.39656302
516,864691135948823905,test,MartFam,MartFam,7.899828,3.9572666,2.4516773
2297,864691136196383190,train,BasketFam,BasketFam,1.9049692,4.82585,6.0279174
538,864691135480892614,train,L4IT,pyramidal,7.3052106,9.1953,3.2048907
83,864691135464995134,train,L4IT,pyramidal,7.113148,6.61285,3.1672754
163,864691135742895723,test,BipFam,BipFam,6.0581737,8.529894,1.4849869
440,864691136914542577,train,MartFam,MartFam,2.4094172,7.7564406,4.124395
67,864691135346571423,train,L4IT,pyramidal,5.3587575,9.124742,3.8460152
1155,864691135447888274,train,BasketFam,BasketFam,3.8169146,6.731107,6.3888335
4167,864691135196475434,train,MartFam,MartFam,2.570084,5.9270153,2.8392198
213,864691136102207349,train,BipFam,BipFam,7.685759,7.529905,2.8774948
740,864691136372954248,test,NglFam,NglFam,2.226398,7.269567,2.7180653
3400,864691135477104960,train,thalamocortical,thalamocortical,3.69742,8.933235,4.609278
43,864691136389688695,test,L2IT,pyramidal,7.60991,8.610966,2.731895
5031,864691136619344859,test,BasketFam,BasketFam,4.3708615,5.7550445,3.5870545
3912,864691135941898918,train,MartFam,MartFam,7.4331536,9.981079,2.3256288
116,864691135059845275,train,L4IT,pyramidal,4.669658,8.069521,3.3940866
4625,864691135689296608,train,BasketFam,BasketFam,1.1413541,6.4286065,4.3703713
3647,864691135294194358,train,thalamocortical,thalamocortical,4.162456,6.1498556,1.3838577
2992,864691135990520064,train,BasketFam,BasketFam,2.917485,5.102519,5.230605
1450,864691135387277397,test,thalamocortical,thalamocortical,5.4335318,6.128304,1.0558635
610,864691136239793212,test,NglFam,NglFam,6.88393,9.780638,1.6119008
4263,864691135720572977,train,MartFam,MartFam,3.5249474,4.9210224,6.078698
369,864691135840033171,train,NglFam,NglFam,7.030106,9.536116,2.98395
3029,864691135470255698,train,thalamocortical,thalamocortical,1.6449174,6.68419,2.701467
458,864691136523971473,train,BipFam,BipFam,7.3083653,8.044526,2.3982756
525,864691135293096118,train,NglFam,NglFam,5.003491,7.309123,2.668697
1403,864691135885917808,train,BasketFam,BasketFam,2.9978518,5.0763383,6.4645033
278,864691135757040082,train,L4IT,pyramidal,2.6462357,6.563878,1.9283767
49,864691136391024144,train,NglFam,NglFam,6.195919,6.773743,1.9568099
1729,864691135503782210,test,BipFam,BipFam,6.179057,9.509636,2.745609
2035,864691135573245165,train,BasketFam,BasketFam,7.185298,5.396432,2.3534656
642,864691135619317391,test,L4IT,pyramidal,6.70344,7.9830565,3.7024634
3609,864691135124690471,train,BasketFam,BasketFam,3.0966282,6.9874544,5.672643
4296,864691135817803599,test,BasketFam,BasketFam,0.6953666,5.9001055,4.4498544
867,864691135499616019,train,BasketFam,BasketFam,1.3686334,6.3180714,4.779221
469,864691136086632812,train,NglFam,NglFam,4.516796,5.1026034,0.77016854
599,864691136086632812,train,NglFam,NglFam,6.1781154,4.301037,1.7788765
353,864691135685250546,train,BasketFam,BasketFam,2.1785452,5.4208,4.8999953
1265,864691136011549614,train,BipFam,BipFam,6.4225383,6.416785,3.9408677
519,864691136372954248,test,NglFam,NglFam,4.7709494,7.6610837,3.4778147
643,864691135763795510,test,L4IT,pyramidal,4.7369843,7.3049746,1.8454962
507,864691135132887456,test,NglFam,NglFam,3.4516034,5.653027,2.061055
2904,864691136489623826,train,BasketFam,BasketFam,2.112077,6.971957,4.464831
1647,864691135592837899,train,BasketFam,BasketFam,7.5084987,8.504717,3.2026632
163,864691134948788476,train,L3IT,pyramidal,6.821478,8.998574,3.7062523
132,864691135727799359,train,L4IT,pyramidal,4.406948,7.5630207,2.3239627
1949,864691135398746401,train,MartFam,MartFam,6.873107,5.168927,2.243188
219,864691136288752835,train,thalamocortical,thalamocortical,3.1070611,6.42737,1.9408522
1157,864691136137168779,train,BipFam,BipFam,2.2331495,5.5477376,2.7413232
3131,864691135928029966,train,thalamocortical,thalamocortical,3.3808918,6.7851195,3.9909096
623,864691135271915173,train,MartFam,MartFam,7.233861,7.660557,3.3087556
790,864691136137210507,train,BipFam,BipFam,4.368777,6.8579593,3.473821
2438,864691135764678198,test,MartFam,MartFam,3.3285232,4.402632,1.681128
2214,864691135689015264,train,thalamocortical,thalamocortical,2.874948,6.936166,2.222078
148,864691136110366904,train,L4IT,pyramidal,6.3865757,8.846562,3.636602
18,864691135849634142,train,L6IT,pyramidal,5.692458,8.004335,4.7182493
5151,864691134886037498,train,MartFam,MartFam,1.863849,7.399955,5.309471
406,864691136086632812,train,NglFam,NglFam,6.646055,3.2773051,2.1762674
5474,864691135858282030,train,MartFam,MartFam,2.0846283,5.600403,2.5916867
623,864691136273370302,train,NglFam,NglFam,6.8880067,9.769436,1.6141007
319,864691136006393034,train,MartFam,MartFam,2.1672957,4.944963,1.9237689
1458,864691135755707597,train,BipFam,BipFam,4.0613046,8.186575,4.478339
226,864691136086632812,train,NglFam,NglFam,4.7940893,4.780446,1.2242088
53,864691136111559352,test,L2IT,pyramidal,7.080192,6.0331984,2.6873834
8188,864691136067404440,test,MartFam,MartFam,5.0512114,4.3803563,0.9923805
794,864691136372954248,test,NglFam,NglFam,7.1857934,9.479631,3.0587773
913,864691136123919654,train,BasketFam,BasketFam,3.3553424,6.1457696,6.656663
2470,864691135997140906,train,BipFam,BipFam,5.6129293,6.723912,3.713742
680,864691136523971473,train,BipFam,BipFam,6.306553,6.711776,4.3935227
0,864691135954940424,train,BipFam,BipFam,4.6066036,8.93983,4.380603
1757,864691135294194358,train,thalamocortical,thalamocortical,2.6720092,7.0039816,0.930301
1182,864691136021595384,train,BasketFam,BasketFam,2.9973528,6.030335,6.4032154
184,864691135271915173,train,MartFam,MartFam,5.69863,8.032094,4.7162404
192,864691135361548615,train,L6IT,pyramidal,4.0044465,9.560694,5.2284408
773,864691136927366986,train,thalamocortical,thalamocortical,2.712472,7.138981,1.0801938
231,864691135343081925,test,L6CT,pyramidal,5.561459,8.954714,4.2968216
290,864691134887444986,test,NglFam,NglFam,5.0436916,5.398754,1.9940643
3905,864691136211068860,train,BasketFam,BasketFam,2.8935122,7.7586718,5.050257
5861,864691134886037498,train,MartFam,MartFam,2.0698102,4.9696274,2.2329817
210,864691136108370905,train,BipFam,BipFam,6.735097,5.2892227,2.1909828
415,864691134887444986,test,NglFam,NglFam,4.8641443,5.438187,4.5251446
1783,864691135503782210,test,BipFam,BipFam,3.9102607,9.439531,5.14921
1860,864691135764678198,test,MartFam,MartFam,6.1309104,6.467114,3.1160877
659,864691136086632812,train,NglFam,NglFam,7.34898,3.680237,1.9722997
722,864691135336113129,train,L4IT,pyramidal,6.8819246,7.989218,2.2248497
206,864691135271343525,train,BipFam,BipFam,2.9146965,5.515983,2.7294934
220,864691136336204979,train,NglFam,NglFam,7.2359786,4.9134893,2.3360076
831,864691136137064075,train,BipFam,BipFam,6.5641284,8.520315,3.3981442
4854,864691136390675216,train,BasketFam,BasketFam,1.9923378,4.495094,5.583463
219,864691136524282001,train,NglFam,NglFam,7.249633,6.2044787,3.1787446
1277,864691135946994785,train,BasketFam,BasketFam,3.8832836,6.8035145,5.9053164
25,864691136137210507,train,BipFam,BipFam,4.5824184,6.641233,1.980324
117,864691135384404954,train,L5NP,pyramidal,5.2333965,8.72879,4.4151063
364,864691135293096118,train,NglFam,NglFam,4.517609,7.714762,3.0664842
167,864691135853198023,test,L5ET,pyramidal,4.634931,7.126915,1.9529105
1430,864691136011549614,train,BipFam,BipFam,6.2655,6.4582033,3.9255786
6861,864691135875919502,test,MartFam,MartFam,4.2593,4.154085,1.1250103
186,864691135717299738,train,L4IT,pyramidal,6.2429376,6.92047,1.7550371
3282,864691135339982310,train,BasketFam,BasketFam,3.292444,5.13012,6.210394
6695,864691135562001633,train,MartFam,MartFam,2.7579846,5.5623407,5.2450294
312,864691136111294648,train,L4IT,pyramidal,5.546332,6.2657003,4.3453126
55,864691135861093992,test,L2IT,pyramidal,7.2862105,9.070401,3.040242
1327,864691136903387826,train,MartFam,MartFam,6.5722947,8.312379,1.2605646
8781,864691136330880234,train,MartFam,MartFam,2.1078615,4.91713,2.4232056
32,864691135273918993,test,L2IT,pyramidal,5.9306545,7.5914845,3.0093446
2018,864691136034412219,train,MartFam,MartFam,3.033074,5.857277,2.9706433
1522,864691135702887291,train,BasketFam,BasketFam,3.4530218,5.578564,6.425011
1587,864691135271915173,train,MartFam,MartFam,6.729412,8.163279,3.183991
545,864691135294194358,train,thalamocortical,thalamocortical,6.3262773,4.546922,1.6580858
3318,864691136034487483,train,BasketFam,BasketFam,2.691075,4.9775124,6.3955336
8771,864691135703016059,train,MartFam,MartFam,4.0744786,4.483418,0.622665
415,864691136391024144,train,NglFam,NglFam,3.338954,6.217323,2.2791002
207,864691136524282001,train,NglFam,NglFam,7.3301215,3.723006,2.5932963
543,864691134950156796,train,L2IT,pyramidal,6.9756613,8.372092,3.3050508
356,864691136381243349,train,L4IT,pyramidal,6.8782783,8.155569,4.4609923
299,864691135616235979,train,BipFam,BipFam,3.5892034,8.208973,3.2469728
147,864691135132887456,test,NglFam,NglFam,4.541004,6.7879305,3.9154174
558,864691135470860370,test,BipFam,BipFam,6.3084764,7.8524475,1.1345443
159,864691135456493418,test,BipFam,BipFam,6.8585,8.085716,2.284654
221,864691135868957462,train,L5IT,pyramidal,6.821838,9.46015,3.769125
667,864691136086632812,train,NglFam,NglFam,5.807013,6.680979,1.3601214
30,864691135840033171,train,NglFam,NglFam,5.004627,7.228823,1.3109092
294,864691135465795653,train,BasketFam,BasketFam,3.8935678,6.0202603,5.5498238
2717,864691135764678198,test,MartFam,MartFam,4.826623,4.2392335,1.17675
1656,864691136011549614,train,BipFam,BipFam,5.9590526,6.2277517,3.3132262
5100,864691135689015264,train,thalamocortical,thalamocortical,2.4488757,6.2936177,2.6039975
107,864691135293096118,train,NglFam,NglFam,2.3051124,7.9918246,2.8814054
8410,864691135562001633,train,MartFam,MartFam,3.9103365,4.7626576,1.1076852
69,864691135778081453,train,thalamocortical,thalamocortical,3.7967446,8.213997,3.4254563
553,864691135215254584,train,L4IT,pyramidal,6.35477,5.6998596,1.6538836
377,864691136138622333,train,BasketFam,BasketFam,2.65248,5.746188,5.615664
393,864691136372954248,test,NglFam,NglFam,4.6838074,5.331238,2.445146
249,864691135994158785,test,MartFam,MartFam,1.3367573,7.1990833,3.981502
1623,864691135755605197,train,thalamocortical,thalamocortical,2.9331555,7.030226,2.209451
1068,864691135464991645,train,thalamocortical,thalamocortical,2.448876,7.7025385,3.7163336
2393,864691135689015264,train,thalamocortical,thalamocortical,4.129763,9.383104,4.6285896
2660,864691135118298333,train,MartFam,MartFam,5.079504,8.957094,4.5921297
1785,864691135477104960,train,thalamocortical,thalamocortical,2.4922128,8.446092,3.3714929
1335,864691136580010516,test,MartFam,MartFam,1.9082607,5.6903877,2.3606374
278,864691135868919318,test,L5IT,pyramidal,4.536607,9.397998,4.8911138
4610,864691135739131780,train,MartFam,MartFam,2.6817865,5.595083,1.6681116
507,864691136196240342,test,BipFam,BipFam,5.6076865,6.6013093,2.2804854
714,864691136137210507,train,BipFam,BipFam,2.900251,7.093776,5.4423676
3150,864691135309486662,train,BasketFam,BasketFam,0.9683652,5.7886515,5.1082954
255,864691136314120765,train,BasketFam,BasketFam,3.6410396,5.7831364,5.9999356
255,864691136336204979,train,NglFam,NglFam,6.6708617,4.343858,3.0247943
4737,864691135941898918,train,MartFam,MartFam,3.3378744,5.496942,5.96515
255,864691135119335645,train,thalamocortical,thalamocortical,3.901,5.293053,3.2885458
373,864691135132887456,test,NglFam,NglFam,7.4694943,3.4387374,2.1799943
630,864691136424990255,train,L6IT,pyramidal,4.2816854,5.3847423,0.6549551
575,864691135417443514,test,L4IT,pyramidal,6.381878,9.636881,2.4227946
7026,864691135210446457,train,MartFam,MartFam,5.5654564,4.847077,1.1775854
4274,864691135741641876,test,BasketFam,BasketFam,2.3432431,5.136203,6.256103
407,864691135293096118,train,NglFam,NglFam,2.1966345,6.877013,2.2947376
91,864691135855890478,train,L2IT,pyramidal,7.595828,8.756053,2.9051688
414,864691134948788476,train,L3IT,pyramidal,7.119924,8.300608,3.5899644
2,864691135519178378,train,L6CT,pyramidal,6.6814847,8.261517,2.6715026
6667,864691135618332265,train,BasketFam,BasketFam,6.0695734,8.524197,3.1014433
11023,864691135703016059,train,MartFam,MartFam,3.937681,4.441134,0.5537098
695,864691136033871035,train,thalamocortical,thalamocortical,4.161582,8.03789,3.5894542
7221,864691135477104960,train,thalamocortical,thalamocortical,5.6426573,7.334547,2.751595
248,864691135442591048,train,BasketFam,BasketFam,2.6089783,5.246615,6.471497
1379,864691135592837899,train,BasketFam,BasketFam,1.9111158,6.102007,4.8542414
3226,864691135464991645,train,thalamocortical,thalamocortical,2.6760743,7.644563,3.4193773
10839,864691136914542577,train,MartFam,MartFam,2.832395,4.3239293,0.8258344
1153,864691135839979667,train,MartFam,MartFam,1.4619544,5.3212047,1.9817562
1569,864691136007059658,test,BipFam,BipFam,6.644761,5.827672,2.427572
911,864691134886037498,train,MartFam,MartFam,2.432525,8.237832,4.906981
198,864691135939925813,train,L6CT,pyramidal,6.9449472,8.239146,4.3601584
602,864691135106309709,train,NglFam,NglFam,6.875864,9.717187,1.6019326
948,864691135885194352,train,BasketFam,BasketFam,2.5680673,5.4986506,6.4217515
4991,864691135869457430,train,BasketFam,BasketFam,2.0105348,6.518834,5.471001
175,864691135938629892,train,L3IT,pyramidal,5.7440953,7.6711164,0.9338234
1504,864691135641196091,train,MartFam,MartFam,3.7212398,6.697857,6.1173944
6333,864691135997428394,test,thalamocortical,thalamocortical,2.2074397,6.8743687,3.4882736
217,864691135839843475,train,BipFam,BipFam,6.0871134,7.078678,4.8124905
974,864691135885194352,train,BasketFam,BasketFam,2.0959668,6.5735965,5.6532307
48,864691135693735103,train,NglFam,NglFam,7.2224894,9.981692,2.1924598
640,864691135503182685,train,L5ET,pyramidal,2.7371056,7.8564754,5.624351
372,864691136123919654,train,BasketFam,BasketFam,7.2987556,8.71458,3.2398045
302,864691136523971473,train,BipFam,BipFam,5.351061,4.555666,1.5020099
2996,864691135343506885,train,BipFam,BipFam,5.0759525,4.9111004,1.8624653
470,864691135115194009,train,BipFam,BipFam,5.5728407,9.185804,4.3915806
734,864691136380816597,test,L4IT,pyramidal,3.4526777,5.9860997,1.861567
815,864691135573245165,train,BasketFam,BasketFam,7.320221,3.8610775,2.5498629
337,864691135106309709,train,NglFam,NglFam,7.017856,9.743424,2.2812681
267,864691136524282001,train,NglFam,NglFam,6.026477,4.2663736,1.726499
803,864691135356708303,train,MartFam,MartFam,4.286589,9.652143,4.7634754
280,864691135430004016,train,L4IT,pyramidal,5.63507,8.929899,4.0893207
322,864691135478334888,train,BasketFam,BasketFam,2.0948675,7.863309,5.968285
1633,864691136138779517,train,L2IT,pyramidal,4.310701,9.118367,4.2120895
115,864691135309733190,train,NglFam,NglFam,7.6952972,4.4386206,2.690608
649,864691135271343525,train,BipFam,BipFam,4.1798167,7.8357244,2.2044542
893,864691135928029966,train,thalamocortical,thalamocortical,4.181331,7.9103813,3.2882206
4335,864691135839979667,train,MartFam,MartFam,3.5620852,5.4460673,1.8976268
231,864691136058602712,train,thalamocortical,thalamocortical,3.4061658,8.884597,4.9112186
901,864691135492614239,train,MartFam,MartFam,4.266426,4.4138002,0.5128362
952,864691136091233847,train,thalamocortical,thalamocortical,1.3625219,6.908066,2.3045862
309,864691135510846217,train,L6CT,pyramidal,7.4738746,9.327216,2.422012
426,864691136227297105,train,MartFam,MartFam,6.193417,8.733798,1.7046905
1361,864691136107670745,train,BasketFam,BasketFam,3.062501,7.3815436,5.620287
405,864691135293096118,train,NglFam,NglFam,2.1390188,8.01035,2.8386426
2303,864691135755605197,train,thalamocortical,thalamocortical,1.7006135,7.89354,2.5672958
545,864691135014099446,train,L4IT,pyramidal,6.820738,8.709677,2.676847
4073,864691136007059658,test,BipFam,BipFam,4.6104617,6.2317886,1.8017575
90,864691134887444986,test,NglFam,NglFam,5.4439874,5.4192147,2.833453
223,864691135477839784,test,L6IT,pyramidal,7.4106584,9.45676,2.935865
1098,864691136364166370,train,BipFam,BipFam,4.040109,7.7995586,2.1461792
2680,864691136033871035,train,thalamocortical,thalamocortical,2.2568948,6.5633235,2.1518953
155,864691135741965931,train,L4IT,pyramidal,2.6562629,7.5902104,2.5763798
114,864691136239793212,test,NglFam,NglFam,4.9601445,9.403076,4.6255836
4578,864691135869457430,train,BasketFam,BasketFam,1.9925219,4.7421465,6.1023493
7511,864691136118878116,train,MartFam,MartFam,1.660376,6.7101007,2.0759945
464,864691135293096118,train,NglFam,NglFam,5.630025,8.167361,2.4117668
697,864691135106309709,train,NglFam,NglFam,7.3702354,9.343816,2.6596632
2951,864691136091233847,train,thalamocortical,thalamocortical,1.993322,8.02323,4.1330514
789,864691135778081453,train,thalamocortical,thalamocortical,2.933637,6.4515195,2.2186272
7608,864691135739131780,train,MartFam,MartFam,2.3140376,4.8151703,1.9877332
3250,864691135689015264,train,thalamocortical,thalamocortical,3.2782023,6.9208803,1.1666137
723,864691135685030130,train,thalamocortical,thalamocortical,3.353325,7.023278,0.72706306
2571,864691135464991645,train,thalamocortical,thalamocortical,3.5343301,6.4371943,0.9559478
51,864691135339088102,test,L4IT,pyramidal,6.131098,6.5318494,3.7890053
634,864691134966249759,train,thalamocortical,thalamocortical,3.2232208,5.4614363,3.133809
2558,864691136091233847,train,thalamocortical,thalamocortical,1.3418015,6.947488,2.2782476
992,864691136372954248,test,NglFam,NglFam,3.4904172,8.391487,4.460189
281,864691135196475434,train,MartFam,MartFam,3.154373,6.902733,2.7098544
14,864691136391042167,train,L3IT,pyramidal,6.828647,8.7081375,1.4788004
123,864691134887444986,test,NglFam,NglFam,3.54042,5.646152,3.0743823
2058,864691135584068717,train,BasketFam,BasketFam,2.5615027,4.8299203,6.464044
908,864691135060784027,test,thalamocortical,thalamocortical,4.222038,6.6843815,0.8562397
1918,864691136042989910,test,BasketFam,BasketFam,2.2731647,5.218237,5.300164
582,864691136391024144,train,NglFam,NglFam,1.9122913,5.360828,2.8028486
766,864691136372954248,test,NglFam,NglFam,5.77923,8.210676,2.4500592
115,864691135106309709,train,NglFam,NglFam,6.5056224,9.424208,3.8403468
267,864691135323181212,test,MartFam,MartFam,5.4336452,8.384786,3.4163373
3542,864691135778116013,train,BasketFam,BasketFam,3.0069642,6.0306034,6.331631
211,864691136058804696,train,BipFam,BipFam,4.6298566,7.2581534,1.8247492
2887,864691134942595939,train,BasketFam,BasketFam,1.634587,6.406187,5.9285593
2867,864691135341516741,test,MartFam,MartFam,4.2819324,4.973611,0.395562
183,864691135689015264,train,thalamocortical,thalamocortical,2.1202025,6.5413847,2.862068
824,864691135741960340,train,BasketFam,BasketFam,2.5664172,8.360901,5.7264776
510,864691136372954248,test,NglFam,NglFam,6.1642046,9.24824,1.8006674
2173,864691135369668089,train,BasketFam,BasketFam,2.143755,7.646935,4.201525
469,864691134966495519,train,L3IT,pyramidal,4.4286757,9.5345,4.6933937
2543,864691136138622333,train,BasketFam,BasketFam,2.051281,5.377679,5.370622
3022,864691136053350131,test,thalamocortical,thalamocortical,1.9005278,7.262929,2.8895507
309,864691136058745048,train,L4IT,pyramidal,5.186755,6.763191,2.0796895
1039,864691135499765267,train,MartFam,MartFam,3.336523,6.528291,1.9279783
185,864691135309733190,train,NglFam,NglFam,7.6488495,3.8265347,2.5357726
107,864691136102207349,train,BipFam,BipFam,6.5615277,8.523469,3.0840218
51,864691136579629844,train,L4IT,pyramidal,5.368167,6.7113743,1.2548872
6507,864691136011485614,test,BasketFam,BasketFam,2.6350896,7.9077363,5.6165123
3752,864691135346954143,train,MartFam,MartFam,3.306913,4.1372075,0.52088267
391,864691135336847849,train,L2IT,pyramidal,7.845104,4.5352426,2.7323308
1827,864691136058745048,train,L4IT,pyramidal,4.8310585,6.4056077,2.633559
2021,864691135477104960,train,thalamocortical,thalamocortical,5.4329386,6.249451,4.5301356
1681,864691135499752723,train,BasketFam,BasketFam,2.90571,5.0762854,6.2671328
2778,864691135343509701,train,MartFam,MartFam,5.0987525,6.834799,3.4077632
644,864691135619317391,test,L4IT,pyramidal,4.0591154,8.350115,3.5602915
74,864691135293096118,train,NglFam,NglFam,2.2223475,6.821782,2.2563567
2007,864691136438216350,train,BasketFam,BasketFam,3.515335,5.1918716,5.9301624
174,864691136138756221,train,BipFam,BipFam,5.6529546,6.867828,1.2500391
300,864691136010651052,train,L2IT,pyramidal,7.3876004,6.05088,2.8014083
165,864691135369087481,train,L6CT,pyramidal,6.4563985,9.237785,2.1973286
138,864691135778811325,train,L2IT,pyramidal,3.9228802,7.5729823,3.1292696
1023,864691136445215875,train,L2IT,pyramidal,6.9566274,6.8092885,2.7406676
11991,864691136914542577,train,MartFam,MartFam,2.8813472,4.373589,1.8044621
2941,864691135387277397,test,thalamocortical,thalamocortical,2.8112185,6.257222,2.983995
1067,864691135387277397,test,thalamocortical,thalamocortical,4.354141,6.677668,3.6226254
58,864691135619294351,train,L4IT,pyramidal,7.3283615,9.114015,3.3336577
610,864691136298045979,test,L5IT,pyramidal,6.8325753,7.3281355,3.7645173
200,864691136372954248,test,NglFam,NglFam,4.205601,4.8301682,0.48822007
1263,864691135388984961,train,BasketFam,BasketFam,4.0733523,6.0125713,5.4879594
3330,864691135689015264,train,thalamocortical,thalamocortical,3.6668422,6.261161,2.6680663
6029,864691135839979667,train,MartFam,MartFam,4.6933475,4.2679377,1.1312354
1885,864691136814345075,train,MartFam,MartFam,7.290145,5.2077994,3.038041
420,864691136390828919,train,MartFam,MartFam,3.8999043,4.463431,0.48419127
35,864691136814025587,train,BasketFam,BasketFam,2.5971491,7.859305,5.635751
1620,864691136033871035,train,thalamocortical,thalamocortical,4.672111,7.6520143,2.1412067
1952,864691135595810859,train,BasketFam,BasketFam,1.2368797,6.0151544,5.3871245
5160,864691136145494068,train,BasketFam,BasketFam,3.6292257,6.4885798,6.4649563
71,864691135698016410,train,L4IT,pyramidal,5.935802,8.885987,2.9005258
3289,864691136053350131,test,thalamocortical,thalamocortical,1.5466696,6.0457335,4.0677853
2608,864691135912137641,train,BasketFam,BasketFam,1.6498101,7.563677,5.433405
6076,864691135480702662,train,MartFam,MartFam,3.0776784,7.099209,3.5668898
2980,864691135387277397,test,thalamocortical,thalamocortical,4.029987,8.097407,2.2426264
120,864691135857976366,train,BipFam,BipFam,4.9650044,8.557316,4.301575
1805,864691135294194358,train,thalamocortical,thalamocortical,2.0755367,7.6539903,3.041952
441,864691135539491442,train,L4IT,pyramidal,5.3300943,7.3730764,1.8589677
199,864691136488621842,train,L6CT,pyramidal,3.7756886,8.2891245,3.7452831
708,864691136390677264,test,BasketFam,BasketFam,3.045287,5.611751,5.727504
109,864691136975639836,train,BipFam,BipFam,4.5486445,5.7196803,3.0896864
1271,864691135875414414,train,BasketFam,BasketFam,2.4866357,7.847353,5.6435957
3794,864691135756844242,test,MartFam,MartFam,4.969555,4.2886057,1.2523603
312,864691135303514791,train,NglFam,NglFam,6.6988344,4.486184,3.0903914
905,864691135755605197,train,thalamocortical,thalamocortical,3.5265555,6.4955864,2.0126905
821,864691136372954248,test,NglFam,NglFam,5.0185704,5.786195,1.2095615
34,864691135398762529,train,BipFam,BipFam,5.168285,6.305755,1.258916
472,864691135562780385,train,L2IT,pyramidal,7.4289865,7.7876306,3.1892502
673,864691135689555680,train,NglFam,NglFam,7.2370253,3.469129,2.2244854
5855,864691135875919502,test,MartFam,MartFam,2.3891873,4.793472,1.9614918
5105,864691135755605197,train,thalamocortical,thalamocortical,4.213722,7.251106,1.1115668
560,864691136086632812,train,NglFam,NglFam,7.0987644,3.225948,2.0525875
2096,864691135478095016,train,BasketFam,BasketFam,2.909048,4.9784145,6.0948706
6597,864691135464991645,train,thalamocortical,thalamocortical,3.430167,6.3939514,0.840318
1415,864691135271343525,train,BipFam,BipFam,5.8411245,7.4151754,2.9134989
710,864691135875777166,test,BasketFam,BasketFam,2.6557703,5.6202593,5.719497
555,864691134887444986,test,NglFam,NglFam,4.7070484,4.4457583,0.6288711
923,864691136298913563,train,MartFam,MartFam,4.3249345,4.9327593,2.667373
2047,864691136011549614,train,BipFam,BipFam,5.641515,6.192269,4.3224072
260,864691136145572404,train,BipFam,BipFam,4.989141,7.507502,3.862373
1532,864691136372954248,test,NglFam,NglFam,3.7739747,7.546802,3.0840034
259,864691136814508659,train,L4IT,pyramidal,4.1254954,7.551681,3.0732327
901,864691135772774651,test,MartFam,MartFam,3.3366942,4.648252,1.5452696
8,864691134887444986,test,NglFam,NglFam,2.7841709,5.319295,2.3813207
1775,864691135470255698,train,thalamocortical,thalamocortical,2.3755786,8.285716,3.2504163
4809,864691135470255698,train,thalamocortical,thalamocortical,1.2696992,6.576921,3.5043888
3827,864691135703016059,train,MartFam,MartFam,6.9924154,5.7642426,2.3794575
381,864691136273370302,train,NglFam,NglFam,5.1520514,9.361276,4.6185346
901,864691136298913563,train,MartFam,MartFam,7.873147,4.9436803,2.6336446
561,864691136012173475,test,BipFam,BipFam,6.6925306,6.511909,2.393847
167,864691135014734486,train,L4IT,pyramidal,4.2358174,9.040217,4.060908
2735,864691135119335645,train,thalamocortical,thalamocortical,2.9318743,6.9880204,2.9511418
157,864691135389168001,test,L2IT,pyramidal,6.161017,7.7491856,1.6472127
3701,864691135702887291,train,BasketFam,BasketFam,2.8211262,5.8672976,6.5332932
348,864691136927366986,train,thalamocortical,thalamocortical,2.434423,6.6811514,1.9037948
373,864691136364183266,train,BasketFam,BasketFam,3.8874955,6.5829344,5.768792
2985,864691135346954143,train,MartFam,MartFam,2.1284752,4.910367,2.1526847
325,864691136086632812,train,NglFam,NglFam,7.017505,7.564387,3.2718487
11629,864691135456535658,train,MartFam,MartFam,5.054231,7.066023,1.2636422
706,864691135409937097,train,L2IT,pyramidal,5.421148,9.005592,4.413243
2110,864691135741960340,train,BasketFam,BasketFam,3.1355321,7.2481384,0.5866751
2854,864691135920591792,train,BasketFam,BasketFam,2.176041,6.347761,4.7697663
219,864691135857976366,train,BipFam,BipFam,6.5793195,4.2190037,3.0636885
2465,864691136298913563,train,MartFam,MartFam,5.451475,5.219276,1.3009348
287,864691135465343045,train,L4IT,pyramidal,4.6308546,8.413542,3.7425156
3191,864691135755605197,train,thalamocortical,thalamocortical,2.3349307,8.209356,3.090013
5244,864691135941898918,train,MartFam,MartFam,2.788293,4.8132257,5.4948044
1099,864691135503782210,test,BipFam,BipFam,4.3941655,7.355687,2.383679
946,864691136137210507,train,BipFam,BipFam,4.5798965,6.6334,1.9435364
225,864691135132887456,test,NglFam,NglFam,7.380593,3.9151473,2.7231667
5373,864691135015437462,test,BasketFam,BasketFam,3.309344,5.7970815,4.640974
750,864691135885917808,train,BasketFam,BasketFam,6.897127,6.9325237,2.5946035
1683,864691136053350131,test,thalamocortical,thalamocortical,2.528991,7.1412997,0.95644456
6057,864691135618332265,train,BasketFam,BasketFam,4.6738114,9.05286,4.5212855
410,864691135014696182,train,L6IT,pyramidal,1.9986168,6.473944,1.9134668
1594,864691135496262032,train,BasketFam,BasketFam,4.966717,6.0058537,4.579864
3516,864691136392682879,train,BasketFam,BasketFam,3.5939815,5.941376,6.020732
854,864691136145537844,train,BipFam,BipFam,5.291957,7.383581,3.5536578
1508,864691136927366986,train,thalamocortical,thalamocortical,3.475922,6.2742352,0.8403056
282,864691136336204979,train,NglFam,NglFam,6.4038725,3.9927075,2.3577754
160,864691135405733870,train,L4IT,pyramidal,2.5789607,8.299069,3.2310479
1279,864691136118294692,train,thalamocortical,thalamocortical,5.0149493,5.9531436,2.6763003
190,864691135782873936,test,thalamocortical,thalamocortical,2.0872042,6.7765255,2.3968616
232,864691135060784027,test,thalamocortical,thalamocortical,3.4000459,7.474084,1.0323366
2697,864691136138695549,train,BasketFam,BasketFam,2.6234264,7.642108,5.5266237
2586,864691136814345075,train,MartFam,MartFam,2.3398888,6.9951057,3.602931
1473,864691135571440006,train,MartFam,MartFam,7.139638,5.3950825,2.4174516
4634,864691135212863360,train,MartFam,MartFam,3.2730746,4.5936494,1.6210104
2449,864691135878586963,test,thalamocortical,thalamocortical,1.0743823,6.762384,2.5734425
1645,864691136238652476,train,MartFam,MartFam,6.4261646,8.636259,1.7486844
1138,864691136372954248,test,NglFam,NglFam,5.4826384,7.3720484,0.9704362
59,864691136273370302,train,NglFam,NglFam,6.459359,9.107103,3.0305407
92,864691136391024144,train,NglFam,NglFam,2.9123204,5.869702,2.944739
2379,864691135778081453,train,thalamocortical,thalamocortical,1.2481215,7.3013763,2.5127366
2096,864691135470255698,train,thalamocortical,thalamocortical,3.4846106,6.8207364,3.5340452
123,864691134966249759,train,thalamocortical,thalamocortical,2.239163,6.7654247,2.4136298
53,864691135309733190,train,NglFam,NglFam,7.0145154,3.3260436,2.1884816
1380,864691135720572977,train,MartFam,MartFam,2.177105,5.1503005,5.1808
66,864691135503443549,train,L4IT,pyramidal,5.0444965,6.55172,2.7895925
531,864691135920776624,train,MartFam,MartFam,7.3219438,5.47993,2.8767002
1549,864691135878586963,test,thalamocortical,thalamocortical,2.9922788,6.858765,3.0233803
797,864691135106209101,train,BasketFam,BasketFam,5.011486,7.658629,4.2050505
1720,864691135997140906,train,BipFam,BipFam,7.4567084,7.9410615,3.702733
1040,864691135294194358,train,thalamocortical,thalamocortical,0.8762991,6.898845,2.5775018
3042,864691136007059658,test,BipFam,BipFam,4.2130256,9.633716,5.0588775
3712,864691135346954143,train,MartFam,MartFam,2.2936504,6.370637,1.8869623
94,864691136446104451,train,BipFam,BipFam,3.109445,6.4314227,2.8205354
151,864691135398762529,train,BipFam,BipFam,4.336958,5.226138,2.1761472
4618,864691135106209101,train,BasketFam,BasketFam,2.5819745,5.2289324,6.1801124
909,864691136372954248,test,NglFam,NglFam,6.430862,8.427054,2.7918508
7069,864691135464991645,train,thalamocortical,thalamocortical,2.024986,6.805194,3.1036837
9894,864691136914542577,train,MartFam,MartFam,2.7118697,4.6191597,0.93753326
1738,864691135686540471,train,BasketFam,BasketFam,3.2284815,7.3932924,5.2603025
183,864691136010650796,train,BipFam,BipFam,7.3666496,8.058918,2.5459278
5308,864691135470255698,train,thalamocortical,thalamocortical,2.2218893,7.090016,1.7066132
4205,864691135119335645,train,thalamocortical,thalamocortical,4.0203724,7.9450483,3.2407103
1616,864691135954582563,train,MartFam,MartFam,6.7609186,8.964791,1.5031623
598,864691135351159255,train,thalamocortical,thalamocortical,6.381106,7.522627,2.708498
58,864691135727278655,train,L6CT,pyramidal,7.644825,9.814098,3.3800402
2248,864691135343506885,train,BipFam,BipFam,3.0915935,5.3433995,2.5679479
1958,864691136392682879,train,BasketFam,BasketFam,2.136861,7.7985907,5.8925433
159,864691135517376211,train,L5ET,pyramidal,4.5793304,9.391966,4.8384647
25,864691136579358228,train,L6CT,pyramidal,4.4669495,8.77688,4.3318825
459,864691135878586963,test,thalamocortical,thalamocortical,1.1377156,7.008221,2.742179
1385,864691136372954248,test,NglFam,NglFam,6.6612945,8.896178,2.9956906
51,864691136107670745,train,BasketFam,BasketFam,1.5196366,7.384363,5.2035847
116,864691135303514791,train,NglFam,NglFam,7.2925982,3.6767447,2.8823502
6384,864691135774221643,train,MartFam,MartFam,2.2420876,5.537276,2.1880398
15,864691135165079085,train,L4IT,pyramidal,2.9634912,7.2972436,2.752026
461,864691135566824983,test,BipFam,BipFam,3.2811313,5.0910926,5.824043
138,864691136524282001,train,NglFam,NglFam,7.2386403,5.6084614,2.7209132
249,864691136025333561,train,L4IT,pyramidal,6.2835345,6.854207,4.125472
832,864691136484972332,train,L3IT,pyramidal,6.889293,7.352154,2.6041248
7058,864691135196475434,train,MartFam,MartFam,3.2841754,4.4189644,1.8596019
2306,864691135566825495,train,BasketFam,BasketFam,3.8341098,6.738741,6.3385353
207,864691136011768494,train,L4IT,pyramidal,6.6034093,9.201904,3.9411054
340,864691136239793212,test,NglFam,NglFam,6.6343794,8.385059,4.530893
7112,864691136138695549,train,BasketFam,BasketFam,2.4976628,4.8883934,5.5932827
248,864691135309733190,train,NglFam,NglFam,7.8247967,3.7987418,2.4052284
690,864691136009893294,train,L2IT,pyramidal,7.316945,8.049408,2.203598
344,864691135742365803,test,L6IT,pyramidal,4.7195673,6.518048,1.3083107
4595,864691135387529301,test,BasketFam,BasketFam,1.3728353,6.9704733,5.028834
2940,864691136091233847,train,thalamocortical,thalamocortical,3.9282682,6.4397454,1.2228489
1061,864691135470860370,test,BipFam,BipFam,4.978846,9.033599,4.743382
278,864691135303514791,train,NglFam,NglFam,7.4372144,3.503604,2.0568326
1709,864691135343506885,train,BipFam,BipFam,5.0799985,6.802662,1.1739255
982,864691136372954248,test,NglFam,NglFam,3.7604902,7.421449,3.32724
4497,864691137022180974,test,MartFam,MartFam,0.9172029,6.378364,2.5579398
459,864691134887444986,test,NglFam,NglFam,5.331691,5.164628,1.9238716
350,864691135456493418,test,BipFam,BipFam,7.390587,8.0480585,3.2512813
3518,864691135464991645,train,thalamocortical,thalamocortical,2.8829322,7.635028,3.4421432
177,864691135579134981,train,BipFam,BipFam,5.7261105,7.3388247,2.4651651
111,864691135757083346,train,L4IT,pyramidal,6.845733,7.361103,2.5893612
542,864691135215254584,train,L4IT,pyramidal,5.8626013,6.5674987,1.2122947
20,864691136034526651,train,BipFam,BipFam,4.8530912,7.254808,2.3556871
221,864691136336204979,train,NglFam,NglFam,7.398575,4.336175,2.9379756
318,864691135465503813,train,L5ET,pyramidal,5.40776,8.956226,4.0274453
56,864691135726881195,train,L4IT,pyramidal,7.3177624,9.405815,2.9081671
1946,864691136053350131,test,thalamocortical,thalamocortical,3.727185,6.47105,2.022725
4276,864691135869457430,train,BasketFam,BasketFam,4.4581814,6.391124,3.058379
96,864691134887444986,test,NglFam,NglFam,3.0369864,5.8270984,2.9804752
6664,864691136007059658,test,BipFam,BipFam,5.3812056,7.5115256,2.25517
7377,864691135941898918,train,MartFam,MartFam,4.6035895,5.381643,1.2589191
201,864691135655472066,train,L4IT,pyramidal,4.0927463,8.221497,3.3171766
5527,864691135499765267,train,MartFam,MartFam,1.0102481,6.6984773,3.4045267
715,864691136273370302,train,NglFam,NglFam,6.8249807,9.500801,1.6802651
436,864691135994804394,train,BipFam,BipFam,6.255684,9.333992,2.1848032
497,864691135755605197,train,thalamocortical,thalamocortical,4.1319933,8.410365,3.568034
3061,864691135997140906,train,BipFam,BipFam,6.262192,7.9879594,2.8607695
98,864691135518510218,train,NglFam,NglFam,6.678457,3.2849016,2.1984296
493,864691135470860370,test,BipFam,BipFam,6.6334524,8.930083,1.641981
389,864691135405337326,test,L3IT,pyramidal,5.602708,7.3659863,3.8524907
288,864691136742470492,train,L5IT,pyramidal,7.424151,9.352739,2.2923493
97,864691136026013497,train,BipFam,BipFam,7.0078454,8.037953,2.4337096
2438,864691135309486662,train,BasketFam,BasketFam,2.1048892,4.6793694,6.2652626
144,864691135570381292,test,BipFam,BipFam,6.333325,6.2045827,2.6690667
3390,864691135686540471,train,BasketFam,BasketFam,2.320276,5.3062024,6.0754256
4047,864691136007059658,test,BipFam,BipFam,3.9055383,6.975137,3.3520656
191,864691135717275162,train,L3IT,pyramidal,6.5357013,7.046572,1.6116152
1958,864691136011549614,train,BipFam,BipFam,4.887937,7.037671,2.6772845
466,864691136007128778,test,MartFam,MartFam,2.3401139,4.347482,1.3988432
298,864691136445968259,train,BasketFam,BasketFam,3.6012008,6.5595665,6.55668
111,864691135990564864,train,NglFam,NglFam,6.473938,4.0379395,2.9366744
1571,864691135477104960,train,thalamocortical,thalamocortical,4.2238317,8.3835,3.4316425
1743,864691135084038647,train,MartFam,MartFam,5.2066846,7.198506,3.5922854
743,864691135374981320,train,L4IT,pyramidal,6.7177505,8.025429,2.6295362
625,864691135447979922,train,BipFam,BipFam,4.3566175,5.0804825,2.6524997
4702,864691136288755395,train,thalamocortical,thalamocortical,6.019376,6.6220436,1.4703965
2836,864691136138695549,train,BasketFam,BasketFam,1.6656239,6.9421635,5.6926193
6718,864691136118878116,train,MartFam,MartFam,4.831715,6.286102,0.7025822
35,864691136674492295,test,L4IT,pyramidal,6.4838495,6.568882,1.5213039
3237,864691135480702662,train,MartFam,MartFam,2.7691767,4.2325034,0.7928914
3983,864691136067404440,test,MartFam,MartFam,5.4106946,7.766648,1.2922255
3794,864691136040742142,test,BasketFam,BasketFam,4.0138,6.3130946,3.1963985
2045,864691135875777166,test,BasketFam,BasketFam,2.590566,5.8594136,5.857021
1099,864691135274708753,train,BasketFam,BasketFam,2.7423918,5.358988,5.976816
187,864691135384292843,train,L4IT,pyramidal,6.5317287,7.1634316,1.8806733
2080,864691135464991645,train,thalamocortical,thalamocortical,5.520048,7.82309,4.2263136
4449,864691135499616019,train,BasketFam,BasketFam,1.431029,7.318794,5.181549
248,864691136118686884,test,L3IT,pyramidal,5.688908,5.938031,2.6391115
4741,864691135997428394,test,thalamocortical,thalamocortical,1.4010918,6.944184,3.6076732
966,864691135343509701,train,MartFam,MartFam,6.097116,7.27328,4.91006
100,864691135742824555,train,BipFam,BipFam,4.8657684,7.695577,2.527761
8598,864691136580010516,test,MartFam,MartFam,2.296271,7.32502,3.6988358
157,864691136968773070,train,L4IT,pyramidal,2.2646577,7.6401887,2.5842772
238,864691135387513685,test,L4IT,pyramidal,6.625727,8.031125,2.6662085
454,864691136372954248,test,NglFam,NglFam,3.3368976,5.2016745,2.2145648
1043,864691136137168779,train,BipFam,BipFam,1.9554195,5.9120603,4.2153935
2011,864691136311213914,test,BasketFam,BasketFam,1.6988364,5.815415,5.9952407
3254,864691136145494068,train,BasketFam,BasketFam,2.784633,5.815847,5.7357306
1386,864691136118878116,train,MartFam,MartFam,1.7797382,6.759297,2.390867
470,864691135398762529,train,BipFam,BipFam,6.3902006,8.862962,1.9187512
1819,864691135997140906,train,BipFam,BipFam,5.076263,5.655756,2.596712
2460,864691135702887291,train,BasketFam,BasketFam,3.879951,6.1933036,5.723978
155,864691136364166370,train,BipFam,BipFam,4.4044194,8.917539,4.3779554
1004,864691135810098717,test,BasketFam,BasketFam,1.8391695,7.741872,5.4488883
982,864691136053350131,test,thalamocortical,thalamocortical,2.3696818,8.273283,3.1601644
288,864691135132887456,test,NglFam,NglFam,7.5259924,4.1578064,2.7680562
10923,864691136914542577,train,MartFam,MartFam,3.120831,7.836031,3.5570712
114,864691135702298491,train,L6IT,pyramidal,4.319482,9.565934,5.006334
3461,864691136118294692,train,thalamocortical,thalamocortical,3.7697606,9.1535,4.806506
1202,864691135562950369,train,BipFam,BipFam,4.2905703,5.86299,1.2664676
3809,864691135997428394,test,thalamocortical,thalamocortical,1.8826393,6.732863,3.0366738
679,864691135384285931,train,L4IT,pyramidal,6.5095997,8.910286,1.5600294
6895,864691135477104960,train,thalamocortical,thalamocortical,4.154552,5.657914,3.2379103
673,864691135954480163,train,MartFam,MartFam,3.3675442,4.345346,2.1017847
1593,864691136372954248,test,NglFam,NglFam,4.2693963,4.597409,2.7667367
2478,864691135499765267,train,MartFam,MartFam,1.3483872,6.511005,2.352354
1267,864691135463999294,train,BasketFam,BasketFam,2.0521374,6.179526,5.321299
852,864691135689555680,train,NglFam,NglFam,2.2114835,6.828201,2.4048576
499,864691135689555680,train,NglFam,NglFam,5.2438555,7.809754,3.7708526
26,864691136239793212,test,NglFam,NglFam,6.06471,7.5254154,4.9116764
633,864691135810297885,train,BipFam,BipFam,4.8632145,9.010914,4.5364194
3576,864691135741889940,train,BasketFam,BasketFam,2.289102,5.174492,6.2489524
1610,864691135659538306,train,thalamocortical,thalamocortical,5.2582393,6.119579,0.9233409
1674,864691136925008100,train,BipFam,BipFam,2.0290902,5.7668066,2.7163403
214,864691135397982753,train,L5IT,pyramidal,2.519892,5.703632,2.6838727
496,864691136391024144,train,NglFam,NglFam,3.4623044,4.6583614,1.3347839
236,864691135725779883,train,BasketFam,BasketFam,5.6124215,8.927069,4.079343
3568,864691135119335645,train,thalamocortical,thalamocortical,1.8159307,7.989241,3.9649136
645,864691135325426076,train,MartFam,MartFam,7.45438,9.773154,2.6507182
216,864691136925008100,train,BipFam,BipFam,3.2105353,5.34253,3.1286938
14732,864691135779780797,test,MartFam,MartFam,2.499732,5.9058466,2.846215
736,864691135362357319,train,BasketFam,BasketFam,3.3971384,5.7558165,5.047349
2237,864691135866821340,train,thalamocortical,thalamocortical,3.1917505,7.140729,0.66188717
211,864691136273370302,train,NglFam,NglFam,3.839676,9.172917,4.933504
3605,864691135592837899,train,BasketFam,BasketFam,3.353171,5.9191933,4.6260834
67,864691135990564864,train,NglFam,NglFam,7.1677675,3.8123887,2.8036542
26,864691136391024144,train,NglFam,NglFam,3.611519,7.1919084,3.161172
217,864691135431579440,train,BipFam,BipFam,6.6938467,6.940304,1.5182233
4596,864691135106189901,test,BasketFam,BasketFam,2.1235926,7.8879604,5.94831
3671,864691135294194358,train,thalamocortical,thalamocortical,2.0599885,7.908386,4.071369
121,864691135431616048,train,L5ET,pyramidal,1.0035472,6.990675,3.4650695
1082,864691136125433894,train,L3IT,pyramidal,4.787834,9.210033,4.16174
2877,864691136438216350,train,BasketFam,BasketFam,4.685903,4.9812303,3.2101054
451,864691136453442303,train,L4IT,pyramidal,4.5769563,8.075154,3.4081762
300,864691136524282001,train,NglFam,NglFam,4.107956,7.757282,3.8539975
560,864691136273370302,train,NglFam,NglFam,7.3557878,9.597237,2.6940491
564,864691136086632812,train,NglFam,NglFam,4.4869595,5.6008296,1.5433625
1234,864691135941956865,train,BasketFam,BasketFam,4.109938,5.87219,5.350758
1592,864691135477104960,train,thalamocortical,thalamocortical,1.1816618,7.216902,2.4512718
1059,864691136372954248,test,NglFam,NglFam,4.578445,4.043888,0.91884947
1032,864691135545730856,train,BipFam,BipFam,4.639082,7.234573,1.0543343
2824,864691135954480163,train,MartFam,MartFam,3.6906662,5.5374937,1.9210566
433,864691136210975676,test,L4IT,pyramidal,5.7664204,6.6480384,3.3539875
298,864691136298111003,test,L4IT,pyramidal,7.2105207,7.848615,2.0634055
393,864691135779020221,train,L4IT,pyramidal,4.544601,8.011433,3.3701713
313,864691135659824514,train,BipFam,BipFam,5.904599,8.109643,1.2782227
1517,864691135755605197,train,thalamocortical,thalamocortical,2.6375964,8.221071,4.0086455
1253,864691135470255698,train,thalamocortical,thalamocortical,1.9689262,7.4388223,3.0229394
2213,864691135106209101,train,BasketFam,BasketFam,2.2554212,6.2156305,5.165142
227,864691135303514791,train,NglFam,NglFam,7.4263334,4.3988,2.98105
603,864691134949081852,train,L4IT,pyramidal,5.102229,7.734924,3.8226297
188,864691135132887456,test,NglFam,NglFam,7.2114143,3.8542502,2.6216648
872,864691134966249759,train,thalamocortical,thalamocortical,4.2953467,6.942941,1.0177935
3702,864691135755605197,train,thalamocortical,thalamocortical,2.1151965,8.120175,4.1560154
277,864691135840033171,train,NglFam,NglFam,6.9786167,9.6578245,3.1520648
6,864691136021865976,train,L3IT,pyramidal,7.108167,8.540641,3.461357
8895,864691135774221643,train,MartFam,MartFam,1.9847573,6.3514395,2.0589764
653,864691135994158785,test,MartFam,MartFam,1.5647365,5.964574,5.4209146
179,864691136239793212,test,NglFam,NglFam,4.7593074,4.978286,0.43499202
1465,864691135689296608,train,BasketFam,BasketFam,2.5914345,4.9514084,5.8586
1422,864691136372954248,test,NglFam,NglFam,4.5773344,5.547623,1.2791209
801,864691136138756221,train,BipFam,BipFam,6.138848,5.622787,2.3202367
1617,864691135779780797,test,MartFam,MartFam,6.8257756,9.363047,2.2950358
577,864691135573245165,train,BasketFam,BasketFam,1.9644692,4.7022343,5.3634005
585,864691135389004929,train,BasketFam,BasketFam,4.607713,9.341208,4.827476
209,864691136391024144,train,NglFam,NglFam,3.391559,4.6317525,1.178073
436,864691136025333561,train,L4IT,pyramidal,4.761218,9.571962,4.6436048
48,864691135764015926,train,L3IT,pyramidal,4.78171,8.71005,4.1209726
307,864691136273370302,train,NglFam,NglFam,6.7420654,9.754314,1.755957
285,864691135293096118,train,NglFam,NglFam,3.0772016,7.016308,2.2933295
1550,864691135084038647,train,MartFam,MartFam,3.354788,5.540335,1.9611397
172,864691135293096118,train,NglFam,NglFam,3.5678957,6.956467,2.2248516
126,864691135941708033,train,L4IT,pyramidal,4.1875925,9.543392,5.0725093
1487,864691135134565280,train,BasketFam,BasketFam,3.2497616,5.957479,5.9782157
264,864691135503782210,test,BipFam,BipFam,6.4222226,9.127069,1.867523
1749,864691136381324501,train,BasketFam,BasketFam,1.8794342,4.5920954,5.7614365
97,864691135990564864,train,NglFam,NglFam,6.8733296,3.7287977,2.1662056
227,864691135361430087,test,L5IT,pyramidal,6.331894,6.441891,3.8447223
137,864691135234382937,train,L3IT,pyramidal,6.8569174,8.72924,1.5216053
161,864691136012173475,test,BipFam,BipFam,7.3926864,8.068151,2.8154182
99,864691135727907391,train,L2IT,pyramidal,7.648544,5.554983,3.1498964
1205,864691136372954248,test,NglFam,NglFam,3.2167528,6.6030455,2.9569964
406,864691135210358137,train,L4IT,pyramidal,6.9389424,7.9474516,2.2229185
2649,864691136311213914,test,BasketFam,BasketFam,2.8090086,5.057864,6.211178
36,864691135840033171,train,NglFam,NglFam,3.851429,5.610908,2.9195235
1779,864691135480702662,train,MartFam,MartFam,3.3941739,4.5391455,0.79962516
1276,864691136011549614,train,BipFam,BipFam,6.7111936,8.048288,1.643443
662,864691135480652998,train,L5IT,pyramidal,3.7568548,6.760087,2.50803
5178,864691135106209101,train,BasketFam,BasketFam,1.1762906,5.921547,5.459799
990,864691135695042751,train,L6IT,pyramidal,6.0293574,9.617218,2.831781
102,864691135689555680,train,NglFam,NglFam,6.727463,4.4348187,2.1457257
1339,864691135398746401,train,MartFam,MartFam,2.4577703,4.3503213,1.1422604
223,864691135840033171,train,NglFam,NglFam,6.129008,8.345743,2.4313326
1595,864691135389004929,train,BasketFam,BasketFam,2.7532604,5.227561,6.367544
36,864691136086632812,train,NglFam,NglFam,7.2981477,4.9654803,2.3417935
2685,864691135741641876,test,BasketFam,BasketFam,2.6493385,5.44205,5.8597603
1114,864691135373601736,train,BasketFam,BasketFam,2.3664255,7.90667,5.5825706
2056,864691135518791818,train,BasketFam,BasketFam,2.059526,8.04509,5.5033784
4304,864691136011733934,train,MartFam,MartFam,2.1907976,4.886749,1.9689697
13696,864691136914542577,train,MartFam,MartFam,2.6257374,4.3392744,0.92591417
539,864691135293096118,train,NglFam,NglFam,2.382037,7.494918,2.500138
33,864691135209947769,test,L5IT,pyramidal,6.6888027,6.588819,2.6088192
685,864691136137210507,train,BipFam,BipFam,3.24357,5.201502,2.2820015
215,864691136311267930,train,L3IT,pyramidal,6.830545,8.950552,1.5547554
100,864691135106209101,train,BasketFam,BasketFam,1.2827995,5.8674903,4.8234034
92,864691135611140359,test,L4IT,pyramidal,6.159485,7.0477824,1.353841
3273,864691135339982310,train,BasketFam,BasketFam,2.074809,6.0148034,4.8263025
457,864691136239793212,test,NglFam,NglFam,6.2057366,7.6275773,0.9547583
4163,864691135464991645,train,thalamocortical,thalamocortical,6.3283625,7.8468223,1.768828
168,864691136968585678,train,L2IT,pyramidal,2.227734,6.5471773,2.5951488
841,864691135731889337,train,L3IT,pyramidal,7.8735003,5.654468,2.9931188
2926,864691136288755395,train,thalamocortical,thalamocortical,2.7156677,7.483852,3.6572173
142,864691135102390816,train,L5IT,pyramidal,4.7152805,7.000761,2.5658386
419,864691135375361480,train,MartFam,MartFam,2.5961447,5.997216,2.8156104
6218,864691135779780797,test,MartFam,MartFam,1.7530473,5.6684046,5.0214443
9641,864691135480702662,train,MartFam,MartFam,3.2257643,7.2259793,3.4825575
6008,864691135477104960,train,thalamocortical,thalamocortical,5.627091,6.8637247,1.0801234
230,864691135857976366,train,BipFam,BipFam,5.044653,8.820104,4.0652046
662,864691135431441968,train,thalamocortical,thalamocortical,3.5973933,8.448715,2.9687214
151,864691136058804696,train,BipFam,BipFam,3.413386,5.572027,6.358595
407,864691135948215076,test,BipFam,BipFam,3.124209,5.8165584,2.182635
3751,864691135778290109,train,BasketFam,BasketFam,3.2435691,6.577803,6.3831477
1275,864691136372954248,test,NglFam,NglFam,2.491205,4.876162,2.347867
580,864691135293096118,train,NglFam,NglFam,2.229639,7.98898,2.94276
13,864691136967985870,train,L6CT,pyramidal,7.014502,9.200381,3.4658828
350,864691134887444986,test,NglFam,NglFam,4.849625,5.4327374,4.534404
604,864691136603811281,test,L2IT,pyramidal,6.517319,8.4802265,3.8773851
2414,864691136091233847,train,thalamocortical,thalamocortical,1.7530779,6.996321,2.7053132
248,864691135997140906,train,BipFam,BipFam,5.2252045,5.8929906,1.3527688
4022,864691135571356038,test,MartFam,MartFam,5.921332,6.9648175,1.2175542
245,864691135777400237,train,L6IT,pyramidal,7.5815835,9.966085,3.2819746
1481,864691135492888039,test,BasketFam,BasketFam,1.6122679,5.507663,4.886653
3172,864691135997428394,test,thalamocortical,thalamocortical,1.378363,5.911115,5.0058866
345,864691136118294692,train,thalamocortical,thalamocortical,5.9484496,6.591613,4.6906476
511,864691136033871035,train,thalamocortical,thalamocortical,4.430429,5.544167,3.8477218
8259,864691136011485614,test,BasketFam,BasketFam,1.4470242,5.5994344,4.9454455
2203,864691135732257721,train,BasketFam,BasketFam,2.840577,4.842957,6.1168637
322,864691135742824555,train,BipFam,BipFam,2.5062797,7.6108856,2.7061126
13,864691135134585248,train,BipFam,BipFam,5.4023914,4.5896816,0.94912696
3008,864691135235206489,train,MartFam,MartFam,6.5415206,6.7292624,4.2440224
1197,864691136042989910,test,BasketFam,BasketFam,1.3380755,4.998054,5.3327003
384,864691135810297885,train,BipFam,BipFam,6.249333,8.64174,3.0282798
3173,864691136268801012,test,BasketFam,BasketFam,2.8009648,6.2619267,5.3150187
839,864691135387277397,test,thalamocortical,thalamocortical,2.304294,7.767341,4.1138353
722,864691135689015264,train,thalamocortical,thalamocortical,1.9398369,7.295397,2.1750062
1297,864691135562950369,train,BipFam,BipFam,6.028858,6.5428357,2.5190537
2232,864691135361291591,train,MartFam,MartFam,6.046096,6.73573,2.3193831
243,864691135157619556,train,L4IT,pyramidal,6.228231,6.160144,2.286697
2261,864691135755605197,train,thalamocortical,thalamocortical,2.7990072,7.2421107,2.8970551
581,864691136111556792,train,L4IT,pyramidal,6.03772,6.7182918,1.5243336
3396,864691136312076122,train,MartFam,MartFam,3.4659553,4.269511,0.77079225
3999,864691137199860033,test,BasketFam,BasketFam,2.8278432,5.700815,6.004806
44,864691135303514791,train,NglFam,NglFam,7.0010614,3.2813237,2.240412
393,864691135777381805,train,L6IT,pyramidal,6.0580387,9.399744,4.045146
233,864691135280682401,train,L4IT,pyramidal,5.732338,7.4640245,2.9790583
4134,864691135858363694,train,BasketFam,BasketFam,2.0932817,5.3498025,5.188238
9698,864691135739131780,train,MartFam,MartFam,2.531776,5.1062236,2.0513685
1644,864691136619344859,test,BasketFam,BasketFam,3.4165478,5.7047405,6.047544
84,864691135562975969,train,L3IT,pyramidal,5.8889523,6.5816813,3.5512917
667,864691136580010516,test,MartFam,MartFam,2.8295994,6.7396364,2.642955
496,864691135132887456,test,NglFam,NglFam,3.2111173,5.505854,2.083173
509,864691136273370302,train,NglFam,NglFam,5.668069,8.455046,4.8222556
502,864691136372954248,test,NglFam,NglFam,1.9663033,6.1410136,3.6973085
2653,864691135210178169,test,BasketFam,BasketFam,1.7630155,5.6916084,5.7969236
1516,864691135084038647,train,MartFam,MartFam,3.79794,5.8074718,1.8412017
2202,864691135294194358,train,thalamocortical,thalamocortical,6.9053597,7.4799933,2.6490445
1086,864691135499752723,train,BasketFam,BasketFam,2.4959662,5.071584,5.693842
2306,864691136058602712,train,thalamocortical,thalamocortical,2.7640932,7.9799147,4.148284
1331,864691136145572404,train,BipFam,BipFam,1.1804179,5.284252,5.0741787
4145,864691136523889553,train,BasketFam,BasketFam,2.8328516,5.702258,5.891398
702,864691135976063855,test,L4IT,pyramidal,3.9165738,7.6531186,3.0036647
1594,864691135997428394,test,thalamocortical,thalamocortical,5.545606,7.8633933,4.2533236
224,864691135281109665,train,BasketFam,BasketFam,5.8833394,5.9860516,1.5564529
311,864691134887444986,test,NglFam,NglFam,7.1584587,3.7016757,2.2881486
147,864691135742826603,train,BipFam,BipFam,7.385633,8.483231,3.16058
5630,864691135562001633,train,MartFam,MartFam,2.09259,5.815243,4.7631936
269,864691136273370302,train,NglFam,NglFam,4.926203,6.8299546,0.90541613
5532,864691136007059658,test,BipFam,BipFam,6.5436954,4.6115026,2.5517128
2716,864691135755605197,train,thalamocortical,thalamocortical,2.5159497,7.9212146,2.801554
313,864691136196383190,train,BasketFam,BasketFam,3.3351269,5.662998,6.4371185
3498,864691135853090503,test,BasketFam,BasketFam,4.5114126,5.908367,2.6430168
296,864691135610877191,train,L2IT,pyramidal,6.553861,9.445583,3.867013
7400,864691135456535658,train,MartFam,MartFam,5.489273,7.0828166,4.4681726
707,864691136438585502,train,L3IT,pyramidal,4.1562824,8.004981,1.9762533
492,864691136118294692,train,thalamocortical,thalamocortical,1.4983995,5.8541627,5.4081173
1578,864691135478434216,train,BasketFam,BasketFam,2.7828763,4.822613,6.396106
89,864691136974813212,train,L5IT,pyramidal,3.0705333,6.4268246,1.9673702
6873,864691135387529301,test,BasketFam,BasketFam,3.569674,5.9874554,3.45446
1945,864691136814345075,train,MartFam,MartFam,3.0616195,4.9878216,2.1751838
869,864691136523971473,train,BipFam,BipFam,6.975793,9.698696,1.8982729
18,864691136524282001,train,NglFam,NglFam,4.542729,5.0505195,2.4870582
3156,864691136091233847,train,thalamocortical,thalamocortical,5.3990245,7.1847816,1.7293266
5569,864691136312076122,train,MartFam,MartFam,6.193711,7.034965,4.5617504
2713,864691135271970725,train,BasketFam,BasketFam,3.0466292,4.859656,4.733312
1108,864691135689015264,train,thalamocortical,thalamocortical,2.4470518,7.2068768,1.1773167
194,864691136288752835,train,thalamocortical,thalamocortical,2.5056844,8.072269,3.7041798
77,864691135786943684,train,L6CT,pyramidal,7.4445343,9.568466,2.9882424
607,864691136118294692,train,thalamocortical,thalamocortical,5.9366198,6.6130567,3.8722656
6491,864691135210446457,train,MartFam,MartFam,4.5592284,5.6459637,0.7853773
169,864691135106309709,train,NglFam,NglFam,6.270131,8.205898,5.0103025
866,864691136372954248,test,NglFam,NglFam,3.0517278,7.7487717,3.850193
850,864691135878586963,test,thalamocortical,thalamocortical,2.2665405,6.531188,2.859278
560,864691136391024144,train,NglFam,NglFam,1.9087671,6.2699537,2.1703165
1041,864691135084038647,train,MartFam,MartFam,4.700568,7.8374424,3.066732
1,864691135351159255,train,thalamocortical,thalamocortical,2.198953,8.250452,4.271973
215,864691135685030130,train,thalamocortical,thalamocortical,6.639945,8.820843,3.4037602
804,864691135782873936,test,thalamocortical,thalamocortical,0.92701125,6.9181433,2.673974
471,864691136579127060,test,L5ET,pyramidal,4.696713,9.271583,4.837118
630,864691135431616048,train,L5ET,pyramidal,1.9457486,7.4518566,5.2257714
5556,864691136033871035,train,thalamocortical,thalamocortical,4.382982,5.4324856,4.4738135
3338,864691136007059658,test,BipFam,BipFam,5.9881654,6.726954,4.6416144
48,864691135106309709,train,NglFam,NglFam,7.2856336,9.597535,3.0426729
239,864691135136735001,train,L4IT,pyramidal,2.7779233,8.428309,4.2509465
339,864691136372954248,test,NglFam,NglFam,3.4740524,6.902379,2.7037401
624,864691135971464805,train,BasketFam,BasketFam,3.137098,5.638396,6.3317213
363,864691135774307659,train,L2IT,pyramidal,4.657532,5.7308087,3.967767
263,864691136239793212,test,NglFam,NglFam,6.8918586,9.782787,1.5949965
146,864691135211926464,train,L4IT,pyramidal,6.208118,7.1044183,1.2549481
515,864691136086632812,train,NglFam,NglFam,7.13046,3.7339485,2.089592
382,864691135465343045,train,L4IT,pyramidal,6.6143575,7.2991858,1.75671
1447,864691135866821340,train,thalamocortical,thalamocortical,2.5765417,7.140101,1.0785592
8553,864691135480702662,train,MartFam,MartFam,4.7489395,4.5509415,0.5759326
498,864691136391024144,train,NglFam,NglFam,3.345186,6.2888074,2.4944627
184,864691136137210507,train,BipFam,BipFam,3.491715,5.795842,1.9109151
4065,864691135990672896,train,MartFam,MartFam,7.3715,9.389689,2.6475608
242,864691136138756221,train,BipFam,BipFam,5.2933097,7.6867414,3.9146874
515,864691136239793212,test,NglFam,NglFam,6.5989943,8.487283,1.9399278
2778,864691135496262032,train,BasketFam,BasketFam,1.9427534,4.655201,5.3774223
5897,864691136312445786,train,BasketFam,BasketFam,2.9940643,5.000432,6.3788834
418,864691135689555680,train,NglFam,NglFam,5.602425,4.6725354,2.1657412
861,864691136314126653,train,BipFam,BipFam,7.8892927,6.12529,2.8253882
161,864691135351159255,train,thalamocortical,thalamocortical,4.2068386,8.465712,2.6563692
658,864691135528046939,train,MartFam,MartFam,4.278046,5.3253317,0.70268196
2413,864691135616183499,train,BasketFam,BasketFam,1.9046037,5.4739103,5.089794
1271,864691136145572404,train,BipFam,BipFam,3.161325,7.5749083,3.912567
2354,864691135994158785,test,MartFam,MartFam,4.1067705,7.7563434,2.0784721
825,864691136125411622,test,L3IT,pyramidal,5.234864,7.6437697,2.6845248
680,864691135106309709,train,NglFam,NglFam,6.1598268,7.2813654,4.880654
2645,864691135274708753,train,BasketFam,BasketFam,1.9352561,5.018157,5.788311
245,864691136452920319,train,BasketFam,BasketFam,2.831069,8.641431,4.2957554
405,864691135810297885,train,BipFam,BipFam,5.1480465,8.101716,3.9175515
966,864691136011549614,train,BipFam,BipFam,6.024647,4.5764785,1.5460624
241,864691136086632812,train,NglFam,NglFam,5.638859,5.0010505,1.5349544
480,864691136445215875,train,L2IT,pyramidal,7.2734323,7.852913,2.1981132
1426,864691135778081453,train,thalamocortical,thalamocortical,1.8030813,7.0994134,4.0528398
705,864691136228538961,train,L5IT,pyramidal,6.225604,6.9734583,4.076338
1631,864691136372954248,test,NglFam,NglFam,4.8765764,5.4351816,1.4547448
1826,864691135373601736,train,BasketFam,BasketFam,2.56679,8.310741,4.035308
996,864691135214970752,train,BipFam,BipFam,3.5512424,8.876061,3.8771951
42,864691136904656818,train,L2IT,pyramidal,7.9616127,5.6438527,2.8682995
1326,864691136372954248,test,NglFam,NglFam,5.1802583,5.3316894,1.3256787
4332,864691137056216950,train,MartFam,MartFam,1.9329171,6.451124,2.6107318
345,864691135132887456,test,NglFam,NglFam,7.542788,4.47643,2.936209
454,864691135503004765,train,BipFam,BipFam,7.837889,6.3570423,2.8808012
283,864691135939949365,train,L4IT,pyramidal,5.3189883,7.496714,0.93431157
691,864691135396115445,test,L4IT,pyramidal,5.5086746,7.286007,1.3916199
458,864691135595810859,train,BasketFam,BasketFam,2.2374065,5.733627,4.7793336
153,864691136110765496,train,MartFam,MartFam,7.029233,4.355666,2.505632
862,864691135106309709,train,NglFam,NglFam,4.833107,4.824654,1.3949788
1669,864691135755605197,train,thalamocortical,thalamocortical,4.2863593,5.2677956,4.0461464
6296,864691137022180974,test,MartFam,MartFam,1.6726062,5.4242873,2.03012
570,864691135810297885,train,BipFam,BipFam,5.8907704,6.280234,2.541255
6008,864691136905941426,train,BasketFam,BasketFam,1.5114942,5.1938934,5.1671314
1102,864691135878586963,test,thalamocortical,thalamocortical,2.4878414,7.5150557,3.8304348
2216,864691135755605197,train,thalamocortical,thalamocortical,2.6642318,8.020482,3.4276426
4303,864691135210443897,train,BasketFam,BasketFam,2.838831,5.0284166,6.420856
374,864691135571440006,train,MartFam,MartFam,6.432281,3.971923,2.5836284
4376,864691135210446457,train,MartFam,MartFam,4.114014,6.266427,2.6917171
7060,864691135464991645,train,thalamocortical,thalamocortical,3.0240338,7.205508,0.5824351
749,864691134887444986,test,NglFam,NglFam,6.6948104,4.388225,2.478246
598,864691135118298333,train,MartFam,MartFam,5.3138633,5.989764,2.2427251
83,864691136108462553,train,L4IT,pyramidal,7.099181,9.520381,3.290426
2806,864691135499616019,train,BasketFam,BasketFam,1.5489054,5.984943,5.0252094
132,864691135990564864,train,NglFam,NglFam,7.2782574,3.5950825,2.4207714
397,864691135479833030,train,L4IT,pyramidal,6.019837,6.9249406,1.6764253
427,864691136927366986,train,thalamocortical,thalamocortical,3.8414795,7.0519876,1.1769753
220,864691134887444986,test,NglFam,NglFam,3.1047115,7.3581867,2.8207474
1796,864691136007059658,test,BipFam,BipFam,4.1165113,9.281219,4.2244987
1066,864691135294194358,train,thalamocortical,thalamocortical,3.5408301,6.9876266,1.1585803
663,864691134887444986,test,NglFam,NglFam,3.2026188,4.991109,3.0616162
171,864691136034526651,train,BipFam,BipFam,7.5252137,9.812755,3.3957193
1905,864691135343601093,train,BasketFam,BasketFam,3.8927617,6.508576,5.7586164
5400,864691136007059658,test,BipFam,BipFam,4.6476893,5.409256,1.2849531
396,864691135106309709,train,NglFam,NglFam,6.030015,9.207647,3.453155
2369,864691136925008100,train,BipFam,BipFam,2.1069367,6.01975,1.9814123
2009,864691135464991645,train,thalamocortical,thalamocortical,1.4426788,5.363386,5.79887
1620,864691136298913563,train,MartFam,MartFam,4.922179,6.4265122,1.6898518
8672,864691135779780797,test,MartFam,MartFam,5.2108855,7.1306505,1.0481473
30,864691135689555680,train,NglFam,NglFam,6.222493,7.305491,2.7408652
109,864691136091233847,train,thalamocortical,thalamocortical,4.1489086,7.2864294,2.2264264
1051,864691135477104960,train,thalamocortical,thalamocortical,3.371217,8.436504,4.096116
67,864691135838916755,test,L3IT,pyramidal,6.679778,6.89249,2.0050225
192,864691135376096329,train,BipFam,BipFam,4.4930444,9.185779,4.7624993
1046,864691135562950369,train,BipFam,BipFam,6.4862165,7.602216,3.6823187
1243,864691136229366097,test,BasketFam,BasketFam,3.416695,6.0435524,5.7279787
4805,864691136118878116,train,MartFam,MartFam,3.3822463,4.542865,0.9739292
489,864691135869457430,train,BasketFam,BasketFam,2.9094572,5.421563,6.2720284
25,864691135891690121,train,BasketFam,BasketFam,7.2042027,8.778861,2.3143444
176,864691136086632812,train,NglFam,NglFam,6.3853602,5.423445,1.6797782
5811,864691135997428394,test,thalamocortical,thalamocortical,2.7092042,7.793594,4.274006
359,864691136239793212,test,NglFam,NglFam,6.0978823,8.760254,2.1692433
2173,864691135858363694,train,BasketFam,BasketFam,2.6344125,4.884225,6.393042
1839,864691136138695549,train,BasketFam,BasketFam,3.1391044,6.48543,6.3946238
2644,864691135685030130,train,thalamocortical,thalamocortical,3.924256,7.239325,3.514204
3911,864691135869457430,train,BasketFam,BasketFam,2.7280736,5.9957027,5.3929143
111,864691135976979567,train,L2IT,pyramidal,6.990254,6.7703137,2.8400342
1209,864691136991606421,train,L4IT,pyramidal,4.640385,7.159066,2.7090678
228,864691135303514791,train,NglFam,NglFam,7.204262,6.25089,3.1346579
300,864691135928029966,train,thalamocortical,thalamocortical,3.8205051,6.635014,3.2845695
0,864691135343506885,train,BipFam,BipFam,7.1171284,9.491709,2.3297288
193,864691136524282001,train,NglFam,NglFam,4.1441917,5.564052,2.7507153
156,864691135503782210,test,BipFam,BipFam,4.298136,9.6408415,4.811837
6576,864691135499765267,train,MartFam,MartFam,2.7114813,4.161705,0.8314361
7060,864691135839979667,train,MartFam,MartFam,3.150831,5.407192,2.4403913
2748,864691135442598728,train,BasketFam,BasketFam,2.67172,5.071237,6.4126854
165,864691136010650796,train,BipFam,BipFam,7.4610295,5.534913,2.558659
435,864691135470860370,test,BipFam,BipFam,3.6384776,5.4815164,2.2353544
2290,864691135528046939,train,MartFam,MartFam,3.6349728,4.1449127,0.55237985
2422,864691135499616019,train,BasketFam,BasketFam,0.6854474,6.056621,4.4374437
454,864691136524282001,train,NglFam,NglFam,4.3861136,4.791959,2.0273602
128,864691136273370302,train,NglFam,NglFam,6.9686766,9.704431,3.0917873
2724,864691135294194358,train,thalamocortical,thalamocortical,1.7956214,7.5938816,2.2167747
554,864691135293096118,train,NglFam,NglFam,2.2327206,6.10017,1.8444551
130,864691136389921911,train,L2IT,pyramidal,7.996351,5.420731,2.8277614
114,864691135741963627,test,L4IT,pyramidal,7.679006,9.054422,2.5953147
3050,864691135928029966,train,thalamocortical,thalamocortical,3.3273067,6.009474,3.0570362
74,864691136927366986,train,thalamocortical,thalamocortical,2.6692352,7.5508704,3.454149
826,864691136372954248,test,NglFam,NglFam,4.1508813,7.8205857,2.7186291
669,864691135499616019,train,BasketFam,BasketFam,1.7153192,6.0509825,5.1315484
775,864691135778081453,train,thalamocortical,thalamocortical,3.757235,7.3712564,2.6946833
53,864691135518510218,train,NglFam,NglFam,7.863545,3.8477607,2.3908107
9736,864691135210446457,train,MartFam,MartFam,4.232243,4.413116,0.6889126
247,864691135765013302,test,L4IT,pyramidal,6.119068,8.666412,3.138683
2215,864691136813553523,train,BasketFam,BasketFam,1.74274,7.293456,5.5322866
2808,864691136595955362,train,MartFam,MartFam,2.3037386,4.962942,2.1905224
254,864691135376096329,train,BipFam,BipFam,4.348684,6.7406883,2.567816
1859,864691136091233847,train,thalamocortical,thalamocortical,4.250507,5.517181,4.3318405
2352,864691135990672896,train,MartFam,MartFam,5.408941,6.2360826,1.2053972
301,864691136273370302,train,NglFam,NglFam,6.5163636,8.2458725,2.71827
8216,864691135499765267,train,MartFam,MartFam,1.7863088,5.1274757,2.2688324
161,864691135783308368,train,L4IT,pyramidal,6.398221,9.31438,2.4523346
3999,864691135997140906,train,BipFam,BipFam,3.856822,6.8719583,2.772032
562,864691136239793212,test,NglFam,NglFam,4.298026,8.102101,3.4088378
1307,864691135778081453,train,thalamocortical,thalamocortical,3.813345,6.4404926,1.2117428
2870,864691136391023120,train,BasketFam,BasketFam,1.6601167,5.319579,4.9543447
306,864691135656579010,train,L5IT,pyramidal,7.197827,4.8298717,2.5236905
1826,864691136484883756,train,BasketFam,BasketFam,2.8428915,4.8727307,6.1226635
2086,864691135839979667,train,MartFam,MartFam,2.8570611,5.807348,1.9858737
2768,864691135866821340,train,thalamocortical,thalamocortical,4.1722383,6.8169074,0.6569753
1979,864691135869457430,train,BasketFam,BasketFam,2.7669513,4.7652864,6.2289705
3384,864691136288755395,train,thalamocortical,thalamocortical,2.2312064,8.015865,2.458065
1565,864691135562950369,train,BipFam,BipFam,6.0113525,5.957116,1.6423829
2933,864691135464991645,train,thalamocortical,thalamocortical,3.762952,6.348956,3.3148713
210,864691135342594225,test,L2IT,pyramidal,6.0489545,6.6602874,2.5622225
935,864691136137064075,train,BipFam,BipFam,5.5254707,7.538473,3.2854776
891,864691135689555680,train,NglFam,NglFam,4.4971642,4.9653196,2.1379638
2759,864691136619344859,test,BasketFam,BasketFam,2.7545736,6.201288,5.384089
8457,864691135480702662,train,MartFam,MartFam,1.8416923,5.063644,2.3258967
5362,864691136390675216,train,BasketFam,BasketFam,6.1470723,7.572995,3.2963269
691,864691136007059658,test,BipFam,BipFam,6.8098984,7.2359776,3.3393457
564,864691134887444986,test,NglFam,NglFam,4.8408933,5.4120965,4.562846
626,864691136086632812,train,NglFam,NglFam,6.0512824,5.71746,1.3068647
3603,864691135778081453,train,thalamocortical,thalamocortical,5.134369,5.849996,2.4595873
957,864691135689015264,train,thalamocortical,thalamocortical,2.3461447,8.220269,3.1027758
4465,864691136288755395,train,thalamocortical,thalamocortical,4.2154202,7.252683,1.0937812
1506,864691134966249759,train,thalamocortical,thalamocortical,2.7120168,7.49964,2.9732676
191,864691135994226881,train,L2IT,pyramidal,5.162996,9.058417,4.5523148
6501,864691135689015264,train,thalamocortical,thalamocortical,1.5638907,6.013253,4.233581
68,864691136438410654,train,BipFam,BipFam,7.2189465,8.131879,2.3343825
542,864691135409937097,train,L2IT,pyramidal,6.123402,8.049419,4.0451646
5414,864691135741889940,train,BasketFam,BasketFam,2.344752,5.0315156,6.2590923
727,864691135760319822,train,L4IT,pyramidal,7.8753953,4.65902,2.7169423
448,864691135763975990,test,BasketFam,BasketFam,2.0580263,5.3420563,6.1133537
263,864691135840033171,train,NglFam,NglFam,6.1526766,8.4819355,2.3016465
2092,864691136011458734,test,BasketFam,BasketFam,2.5631447,4.761413,6.1589885
142,864691135970180709,test,L2IT,pyramidal,6.9480805,7.6851134,3.1995473
1429,864691136058602712,train,thalamocortical,thalamocortical,2.7700765,6.029046,2.8077228
761,864691136914542577,train,MartFam,MartFam,2.2063735,6.6848636,4.084393
594,864691135293096118,train,NglFam,NglFam,5.3305197,8.972343,4.3103704
2874,864691135878586963,test,thalamocortical,thalamocortical,6.104982,6.553527,3.6361814
1405,864691136372954248,test,NglFam,NglFam,5.1242013,7.2273703,1.1678972
886,864691136372954248,test,NglFam,NglFam,2.631244,6.3613553,3.1663795
1506,864691135866821340,train,thalamocortical,thalamocortical,3.738019,5.2939873,3.360163
1131,864691135946994785,train,BasketFam,BasketFam,2.22201,8.0483885,5.9521556
5609,864691135689015264,train,thalamocortical,thalamocortical,2.6468952,6.9304233,0.8964824
3087,864691135562001633,train,MartFam,MartFam,7.891722,6.1213946,2.8493822
2305,864691135343601093,train,BasketFam,BasketFam,2.4036162,5.136802,5.9147544
4975,864691136196932172,train,BasketFam,BasketFam,2.746566,4.8569403,6.4353933
153,864691135840033171,train,NglFam,NglFam,3.5648458,6.513877,2.5685608
1177,864691135014276342,test,BasketFam,BasketFam,2.0396283,5.4792495,5.9902973
139,864691135106309709,train,NglFam,NglFam,7.1366315,9.78889,2.8353872
270,864691135464991645,train,thalamocortical,thalamocortical,5.500235,6.3616314,4.51145
498,864691135132887456,test,NglFam,NglFam,6.7081017,3.2799048,2.2079155
131,864691136239793212,test,NglFam,NglFam,7.1061635,9.654283,2.1702619
178,864691135132887456,test,NglFam,NglFam,7.889226,4.713868,2.7292705
762,864691137055405174,test,L4IT,pyramidal,7.071257,8.9915,3.3036463
4132,864691135119335645,train,thalamocortical,thalamocortical,1.6537074,6.359925,3.15063
911,864691135878586963,test,thalamocortical,thalamocortical,1.3458322,6.8909435,2.3857133
370,864691135941829121,test,BasketFam,BasketFam,1.9196173,6.6504297,5.5097747
1020,864691136137064075,train,BipFam,BipFam,4.924268,8.987078,4.0667696
140,864691135408808649,train,L2IT,pyramidal,7.4294243,6.5907965,3.5287864
1227,864691135839577235,train,MartFam,MartFam,5.373393,7.6757383,1.5442767
446,864691135293096118,train,NglFam,NglFam,2.5142503,7.3535514,2.6014817
46,864691135689555680,train,NglFam,NglFam,7.7447963,3.7589364,2.3962517
844,864691135387277397,test,thalamocortical,thalamocortical,4.372605,6.7110515,3.6277535
952,864691135106309709,train,NglFam,NglFam,3.943516,9.491864,5.2019534
8143,864691136067404440,test,MartFam,MartFam,5.1606336,4.0874376,1.2700163
245,864691136603171281,train,L4IT,pyramidal,3.4524055,6.5200067,2.5292368
138,864691136196240342,test,BipFam,BipFam,5.9812527,8.185472,1.2984322
3158,864691135997140906,train,BipFam,BipFam,6.988149,8.536741,2.139745
5179,864691135703016059,train,MartFam,MartFam,3.4652445,4.1457644,0.5229338
850,864691135470860370,test,BipFam,BipFam,7.634042,4.3612995,2.660066
1888,864691136288755395,train,thalamocortical,thalamocortical,5.9000373,8.598714,3.5697477
1891,864691136925008100,train,BipFam,BipFam,3.165012,5.2945275,2.527178
