window_row,root_id,split,source_cell_type,cell_type,UMAP1,UMAP2
1946,864691135941898918,train,MartFam,MartFam,1.5034548,3.7164452
6073,864691136007059658,test,BipFam,BipFam,6.8717046,5.0948105
1367,864691136925008100,train,BipFam,BipFam,7.8708367,8.301629
347,864691136138335101,train,L6IT,pyramidal,6.3348603,9.786723
164,864691135134585248,train,BipFam,BipFam,3.0895607,8.237793
804,864691135398746401,train,MartFam,MartFam,4.1398835,3.4586618
226,864691136524282001,train,NglFam,NglFam,4.6031337,3.7019506
196,864691134887444986,test,NglFam,NglFam,6.893378,5.78377
8387,864691135210446457,train,MartFam,MartFam,5.515663,3.2110863
452,864691135134052512,train,L3IT,pyramidal,3.7063005,9.020467
230,864691135309733190,train,NglFam,NglFam,8.640546,3.5394638
83,864691135977666883,train,L5ET,pyramidal,0.1284282,4.3251953
741,864691135447979922,train,BipFam,BipFam,4.842663,8.035653
260,864691136053350131,test,thalamocortical,thalamocortical,1.11762,5.6806016
3057,864691136742921308,test,BasketFam,BasketFam,0.06672777,4.7259183
2593,864691136118294692,train,thalamocortical,thalamocortical,3.4692998,7.4630947
131,864691135106309709,train,NglFam,NglFam,5.042059,7.8479714
566,864691134887444986,test,NglFam,NglFam,8.877043,5.820587
2124,864691135774221643,train,MartFam,MartFam,4.401905,8.6516
129,864691135700814114,train,L6CT,pyramidal,4.6362715,10.328339
403,864691135336669673,train,MartFam,MartFam,9.289824,8.521399
763,864691135210178169,test,BasketFam,BasketFam,0.021261202,6.859085
810,864691135941829121,test,BasketFam,BasketFam,-0.120632574,5.8520083
5233,864691136268801012,test,BasketFam,BasketFam,-0.23471226,4.596273
3365,864691135477104960,train,thalamocortical,thalamocortical,6.9503975,8.747337
449,864691135132887456,test,NglFam,NglFam,5.2863865,6.7609096
351,864691135293096118,train,NglFam,NglFam,3.0257933,6.692527
339,864691135689015264,train,thalamocortical,thalamocortical,2.8266895,8.444128
126,864691135466333509,train,BasketFam,BasketFam,-1.064852,4.8809524
376,864691136363473634,test,L4IT,pyramidal,9.291366,5.135367
2771,864691135928029966,train,thalamocortical,thalamocortical,5.382345,5.382582
5070,864691135387551061,train,BasketFam,BasketFam,-0.45149297,6.2877197
42,864691135939949365,train,L4IT,pyramidal,5.871472,8.2650385
391,864691136091532855,train,L3IT,pyramidal,5.7609115,5.140729
546,864691136239793212,test,NglFam,NglFam,7.5088906,7.215279
1519,864691135571356038,test,MartFam,MartFam,4.0830655,2.715654
4531,864691135271970725,train,BasketFam,BasketFam,7.114525,6.865961
6317,864691135528046939,train,MartFam,MartFam,2.8834376,3.9769285
1675,864691135431441968,train,thalamocortical,thalamocortical,2.041943,4.989008
3665,864691136053350131,test,thalamocortical,thalamocortical,5.7385945,5.1627784
146,864691135717275162,train,L3IT,pyramidal,6.790547,8.485396
758,864691135387277397,test,thalamocortical,thalamocortical,5.1455245,7.446483
715,864691136227297105,train,MartFam,MartFam,5.891473,8.970245
1632,864691136145537844,train,BipFam,BipFam,5.8258286,4.74226
559,864691136523971473,train,BipFam,BipFam,3.298002,5.5529366
683,864691135431579440,train,BipFam,BipFam,6.02195,4.113781
2143,864691136925008100,train,BipFam,BipFam,3.7373836,6.8038225
4199,864691135689015264,train,thalamocortical,thalamocortical,2.5433228,6.1311593
400,864691135134585248,train,BipFam,BipFam,6.5997777,5.330938
398,864691136579629844,train,L4IT,pyramidal,4.284912,10.267394
4474,864691136033871035,train,thalamocortical,thalamocortical,2.1028678,5.019215
504,864691135782542416,train,L3IT,pyramidal,6.3716354,5.6576366
2894,864691136042989910,test,BasketFam,BasketFam,-0.84649307,5.4902153
1418,864691135464991645,train,thalamocortical,thalamocortical,3.319957,7.3698344
333,864691137056216950,train,MartFam,MartFam,3.8293161,5.3852954
1764,864691136123919654,train,BasketFam,BasketFam,7.256482,10.412568
646,864691135465343045,train,L4IT,pyramidal,3.7940972,9.48763
2620,864691135928029966,train,thalamocortical,thalamocortical,4.687146,6.1810403
375,864691135309486662,train,BasketFam,BasketFam,-0.86174625,5.8957715
107,864691135489677882,train,L3IT,pyramidal,8.651184,8.768383
6100,864691135464991645,train,thalamocortical,thalamocortical,4.6901093,5.7993183
112,864691135504315317,test,L3IT,pyramidal,8.741355,9.135144
688,864691135755707597,train,BipFam,BipFam,6.3979926,2.891009
1898,864691135387277397,test,thalamocortical,thalamocortical,5.255991,5.3688183
940,864691135106309709,train,NglFam,NglFam,6.3289685,8.665238
2413,864691135866821340,train,thalamocortical,thalamocortical,2.0988138,3.9226723
404,864691135689555680,train,NglFam,NglFam,8.518626,4.5266423
3627,864691135702887291,train,BasketFam,BasketFam,-0.60459965,3.4711072
259,864691135343506885,train,BipFam,BipFam,9.316064,7.557706
3691,864691137056216950,train,MartFam,MartFam,3.5093155,5.173684
1983,864691136118294692,train,thalamocortical,thalamocortical,7.2646346,6.71003
829,864691135106309709,train,NglFam,NglFam,8.123001,8.665237
453,864691134887444986,test,NglFam,NglFam,6.3845086,7.8214803
1143,864691135503782210,test,BipFam,BipFam,3.5532212,9.543
895,864691134989909114,test,MartFam,MartFam,8.485701,4.707894
2580,864691135343506885,train,BipFam,BipFam,3.784964,3.9556415
1143,864691135387277397,test,thalamocortical,thalamocortical,4.997535,9.960239
3537,864691135941789606,train,BasketFam,BasketFam,0.16398129,5.418392
505,864691136967703758,train,L4IT,pyramidal,7.616832,9.594781
3022,864691135511861968,test,MartFam,MartFam,8.184203,3.124561
306,864691136991202453,train,L5ET,pyramidal,7.1843314,8.744232
240,864691136579358228,train,L6CT,pyramidal,7.7137246,9.718201
3603,864691135478095016,train,BasketFam,BasketFam,0.291852,7.513457
1406,864691135387277397,test,thalamocortical,thalamocortical,2.088968,3.8270674
3264,864691136620192653,train,MartFam,MartFam,8.26307,3.2260592
466,864691134966710559,train,L4IT,pyramidal,7.764563,9.607261
57,864691136674327431,train,L3IT,pyramidal,7.300516,6.726479
3227,864691135584019053,test,MartFam,MartFam,4.887787,2.247907
1346,864691136034412219,train,MartFam,MartFam,4.950515,7.9909005
443,864691135303514791,train,NglFam,NglFam,7.694759,3.7731638
268,864691135717457946,test,L4IT,pyramidal,8.216646,6.976078
767,864691135135019168,train,L3IT,pyramidal,4.3451753,10.305588
1408,864691135339982310,train,BasketFam,BasketFam,0.93485457,4.2482944
882,864691136107486169,train,L4IT,pyramidal,7.1650867,6.705183
24,864691135293096118,train,NglFam,NglFam,2.9944339,7.733234
850,864691135294194358,train,thalamocortical,thalamocortical,4.9178705,6.033632
212,864691136991606421,train,L4IT,pyramidal,4.4750037,8.268169
829,864691136372954248,test,NglFam,NglFam,7.626708,4.4965835
2178,864691135595810859,train,BasketFam,BasketFam,5.6529016,6.395455
458,864691135866821340,train,thalamocortical,thalamocortical,4.556874,7.6947227
317,864691136489623826,train,BasketFam,BasketFam,0.12315323,6.7616067
1019,864691136118294692,train,thalamocortical,thalamocortical,1.6446499,5.50513
49,864691135592283403,train,L6IT,pyramidal,4.301177,10.385066
266,864691135545730856,train,BipFam,BipFam,4.6529007,9.758881
218,864691134941495395,train,L4IT,pyramidal,7.201365,6.6271214
125,864691135132887456,test,NglFam,NglFam,4.7396226,7.655728
12,864691136053350131,test,thalamocortical,thalamocortical,5.1173477,5.393896
161,864691135840033171,train,NglFam,NglFam,5.8458424,5.8169346
110,864691135857976366,train,BipFam,BipFam,5.7543797,4.312478
1096,864691136011549614,train,BipFam,BipFam,8.720521,5.361814
990,864691136137210507,train,BipFam,BipFam,4.2232194,7.8234906
126,864691136118294692,train,thalamocortical,thalamocortical,8.236759,9.103558
2501,864691135997428394,test,thalamocortical,thalamocortical,3.4574196,7.2131147
676,864691135858282030,train,MartFam,MartFam,3.2734587,7.9414616
3567,864691135477104960,train,thalamocortical,thalamocortical,4.955563,4.3695416
1704,864691135866821340,train,thalamocortical,thalamocortical,9.228969,7.5900173
2423,864691136021595384,train,BasketFam,BasketFam,-1.3694824,5.1246233
644,864691135106309709,train,NglFam,NglFam,6.3368607,8.649175
255,864691136273370302,train,NglFam,NglFam,6.716252,8.821558
3314,864691135779780797,test,MartFam,MartFam,4.64951,2.6229246
815,864691136011549614,train,BipFam,BipFam,4.472674,4.0828943
1096,864691136118294692,train,thalamocortical,thalamocortical,2.2760084,6.598768
174,864691135430275120,train,L4IT,pyramidal,7.4311657,8.056468
266,864691134887444986,test,NglFam,NglFam,3.8570104,9.494442
4937,864691135755605197,train,thalamocortical,thalamocortical,2.2096193,5.2743144
4218,864691136619344859,test,BasketFam,BasketFam,1.1107029,3.8723922
978,864691136012173475,test,BipFam,BipFam,9.175825,4.9908175
2696,864691135339982310,train,BasketFam,BasketFam,0.32352236,5.1084113
839,864691135503782210,test,BipFam,BipFam,4.0763326,9.334246
3443,864691135464991645,train,thalamocortical,thalamocortical,4.2374563,5.4609137
180,864691135309733190,train,NglFam,NglFam,9.129369,3.329664
1973,864691135447979922,train,BipFam,BipFam,5.96497,4.4308267
4904,864691136390675216,train,BasketFam,BasketFam,8.038979,4.1988606
795,864691136005322698,test,BasketFam,BasketFam,7.460017,7.850869
2310,864691136011549614,train,BipFam,BipFam,7.610789,7.233867
409,864691137056216950,train,MartFam,MartFam,4.272645,7.864667
2103,864691135470860370,test,BipFam,BipFam,3.752225,5.7345033
716,864691134887444986,test,NglFam,NglFam,3.5084646,3.62526
1179,864691136145572404,train,BipFam,BipFam,4.879645,7.070837
317,864691136145574196,test,L2IT,pyramidal,7.4252186,3.9617636
4009,864691135325426076,train,MartFam,MartFam,5.114384,9.99103
4812,864691136007059658,test,BipFam,BipFam,5.745588,3.243828
3609,864691135997428394,test,thalamocortical,thalamocortical,2.0842419,5.250989
418,864691136488999186,train,L4IT,pyramidal,7.196096,9.620187
227,864691135275949029,train,L2IT,pyramidal,7.2174325,7.692558
176,864691136273370302,train,NglFam,NglFam,6.243463,9.658741
230,864691136034526651,train,BipFam,BipFam,4.9885783,10.278882
141,864691135510406921,test,L3IT,pyramidal,6.0567327,5.2628183
187,864691136239793212,test,NglFam,NglFam,8.520486,6.891012
665,864691135499616019,train,BasketFam,BasketFam,-0.5406259,4.3046246
2453,864691136288755395,train,thalamocortical,thalamocortical,4.0221906,5.680451
840,864691136489055762,train,L4IT,pyramidal,7.5650764,7.9444666
785,864691135562001633,train,MartFam,MartFam,0.6130941,6.714714
26,864691136336204979,train,NglFam,NglFam,5.0661025,4.687479
94,864691134920000010,train,BasketFam,BasketFam,0.32110465,6.9330554
256,864691136364166370,train,BipFam,BipFam,8.717235,5.180717
394,864691136391024144,train,NglFam,NglFam,2.707863,5.439099
837,864691136010028974,train,L5IT,pyramidal,8.919409,9.36675
17,864691135518283475,train,L3IT,pyramidal,7.0353084,8.323112
3095,864691135928029966,train,thalamocortical,thalamocortical,9.283215,7.895843
805,864691135689555680,train,NglFam,NglFam,8.080265,3.7108784
134,864691135941886118,train,BipFam,BipFam,3.7961016,6.9700575
6867,864691136914542577,train,MartFam,MartFam,4.403944,3.2745662
465,864691135408560329,train,L2IT,pyramidal,8.007674,8.045618
1560,864691136595955362,train,MartFam,MartFam,1.2354296,8.351037
249,864691134887444986,test,NglFam,NglFam,9.230759,4.3580813
366,864691136288752835,train,thalamocortical,thalamocortical,2.9494743,8.114545
7659,864691135346954143,train,MartFam,MartFam,6.6946635,5.909912
2725,864691135464991645,train,thalamocortical,thalamocortical,1.8164845,3.6642306
2933,864691136484883756,train,BasketFam,BasketFam,7.824567,10.057785
259,864691135891467401,test,L5IT,pyramidal,6.8816686,7.3378644
0,864691135741090196,train,L4IT,pyramidal,7.406956,7.530032
613,864691135293096118,train,NglFam,NglFam,4.432831,9.893446
171,864691136336204979,train,NglFam,NglFam,4.248731,6.9609957
301,864691135857976366,train,BipFam,BipFam,4.283354,5.298595
869,864691135990520064,train,BasketFam,BasketFam,5.682828,8.986236
178,864691135866821340,train,thalamocortical,thalamocortical,3.7905626,7.278599
320,864691136273370302,train,NglFam,NglFam,6.2360516,9.811431
3671,864691135309486662,train,BasketFam,BasketFam,-1.0197791,4.4775214
7008,864691136006393034,train,MartFam,MartFam,4.423537,7.964951
559,864691136391024144,train,NglFam,NglFam,3.8430245,6.49711
581,864691135619463567,train,L4IT,pyramidal,5.1390295,8.284375
180,864691135060768923,test,BipFam,BipFam,5.204049,9.613688
1353,864691135659538306,train,thalamocortical,thalamocortical,2.0316184,6.765051
177,864691136273370302,train,NglFam,NglFam,6.4561734,5.4941554
2539,864691135464991645,train,thalamocortical,thalamocortical,4.991149,6.748462
304,864691135755197133,train,L5IT,pyramidal,5.866433,8.141049
788,864691136595955362,train,MartFam,MartFam,3.1791425,8.054905
479,864691135689555680,train,NglFam,NglFam,4.0295177,4.1384273
5021,864691135456535658,train,MartFam,MartFam,5.2639456,5.107281
670,864691135764631862,train,L3IT,pyramidal,2.9932873,6.263977
2606,864691135464991645,train,thalamocortical,thalamocortical,3.9946268,4.7521195
3104,864691135782873936,test,thalamocortical,thalamocortical,4.578471,9.741223
158,864691136438372254,train,BipFam,BipFam,7.98173,4.652278
915,864691135106309709,train,NglFam,NglFam,9.269853,7.774586
7225,864691135875919502,test,MartFam,MartFam,5.13511,2.3591406
1239,864691135783317840,train,thalamocortical,thalamocortical,2.0164468,5.019467
9319,864691135271967397,train,MartFam,MartFam,4.9867706,2.6553113
653,864691136107486169,train,L4IT,pyramidal,4.3788743,9.652839
529,864691135742677867,train,BipFam,BipFam,4.081665,6.7203875
853,864691135885663600,train,L5NP,pyramidal,3.350286,9.64223
115,864691136239793212,test,NglFam,NglFam,7.067801,8.548863
229,864691135376096329,train,BipFam,BipFam,8.735681,8.725356
543,864691136053350131,test,thalamocortical,thalamocortical,3.5602286,7.046211
941,864691135685030130,train,thalamocortical,thalamocortical,3.69299,7.478381
715,864691136041321982,train,MartFam,MartFam,8.323538,2.4658756
263,864691135699522069,train,L5IT,pyramidal,8.59927,5.3209696
1169,864691135562842337,test,L3IT,pyramidal,3.5405643,6.8491373
108,864691135106309709,train,NglFam,NglFam,9.497426,8.487594
69,864691135728030015,train,L4IT,pyramidal,4.295161,4.9511824
33,864691135303514791,train,NglFam,NglFam,8.11217,4.20744
210,864691135941886118,train,BipFam,BipFam,6.0131087,6.714801
3500,864691136007059658,test,BipFam,BipFam,7.0414433,3.2039497
96,864691136011549614,train,BipFam,BipFam,4.802855,8.329177
293,864691135611140359,test,L4IT,pyramidal,7.43125,8.50495
242,864691136025992761,train,BipFam,BipFam,3.3192475,6.94802
1808,864691135369668089,train,BasketFam,BasketFam,-0.63603544,6.849043
4825,864691136033871035,train,thalamocortical,thalamocortical,2.3647418,5.3130364
4804,864691136145494068,train,BasketFam,BasketFam,0.36389259,4.5102077
2254,864691135470255698,train,thalamocortical,thalamocortical,5.314949,5.409625
177,864691135359413848,train,BipFam,BipFam,6.070576,5.0188656
198,864691135742824555,train,BipFam,BipFam,4.6494617,8.918922
2888,864691135659538306,train,thalamocortical,thalamocortical,2.1396906,7.251959
158,864691135885623408,train,L6CT,pyramidal,5.9866843,8.384781
243,864691136484883756,train,BasketFam,BasketFam,8.130629,8.307345
1294,864691135346954143,train,MartFam,MartFam,2.6596525,8.292325
438,864691136053350131,test,thalamocortical,thalamocortical,7.4824157,6.9065833
207,864691135954940424,train,BipFam,BipFam,8.853284,8.88184
359,864691136022214648,train,L4IT,pyramidal,8.034942,9.663651
10761,864691135210446457,train,MartFam,MartFam,5.6817226,4.778428
100,864691136273370302,train,NglFam,NglFam,9.303693,9.211701
491,864691135948823905,test,MartFam,MartFam,6.4885764,8.774787
138,864691135990701056,train,L4IT,pyramidal,8.431702,7.4436617
1411,864691136145572404,train,BipFam,BipFam,3.1633408,5.65464
200,864691135479833030,train,L4IT,pyramidal,6.5149107,3.29411
420,864691135119335645,train,thalamocortical,thalamocortical,4.458284,7.522678
752,864691135464946757,test,BasketFam,BasketFam,-0.7575905,4.1278977
423,864691136925825354,test,BasketFam,BasketFam,0.2553503,8.400025
1080,864691135976105839,train,L4IT,pyramidal,3.2822778,7.252202
1670,864691135470860370,test,BipFam,BipFam,3.9078653,5.968237
1334,864691136925008100,train,BipFam,BipFam,4.6279755,6.57582
774,864691135343601093,train,BasketFam,BasketFam,6.623219,8.901504
5,864691135689555680,train,NglFam,NglFam,5.036545,7.385703
975,864691136120465944,train,thalamocortical,thalamocortical,4.48224,5.178601
4438,864691135294194358,train,thalamocortical,thalamocortical,5.0770345,5.1579084
127,864691134887444986,test,NglFam,NglFam,3.2665725,5.014086
78,864691134887444986,test,NglFam,NglFam,3.4181015,4.84023
14685,864691135779780797,test,MartFam,MartFam,5.827003,2.83694
420,864691135132887456,test,NglFam,NglFam,9.252609,3.9352353
2760,864691135212863360,train,MartFam,MartFam,9.027018,5.5663753
348,864691136391024144,train,NglFam,NglFam,3.1501698,4.1462207
523,864691135741197716,train,L4IT,pyramidal,7.392896,6.4240685
3195,864691135941789606,train,BasketFam,BasketFam,-0.14273828,5.749888
237,864691136118805668,train,L6IT,pyramidal,4.4826245,9.765285
881,864691135685030130,train,thalamocortical,thalamocortical,4.3335505,6.2399898
843,864691135689555680,train,NglFam,NglFam,4.804505,4.882997
3362,864691135258628527,test,BasketFam,BasketFam,-0.10123108,4.35789
130,864691135303514791,train,NglFam,NglFam,8.837939,3.5185595
683,864691135398762529,train,BipFam,BipFam,3.7252877,8.478728
2263,864691136007059658,test,BipFam,BipFam,4.1699686,6.7782946
1097,864691136445968259,train,BasketFam,BasketFam,9.189655,9.389287
152,864691135106309709,train,NglFam,NglFam,7.775732,8.330555
449,864691136007059658,test,BipFam,BipFam,3.99726,4.8040786
2957,864691135772774651,test,MartFam,MartFam,4.0307903,3.438352
652,864691136052101363,train,BipFam,BipFam,5.169254,10.354542
244,864691135294187190,train,L4IT,pyramidal,9.068415,8.669908
178,864691135778773856,train,BipFam,BipFam,8.009819,7.9604397
1917,864691135119335645,train,thalamocortical,thalamocortical,4.0814238,7.3150215
1513,864691135778290109,train,BasketFam,BasketFam,0.08255268,7.8802724
3764,864691135343509701,train,MartFam,MartFam,6.1147876,8.797478
299,864691135778618029,train,BipFam,BipFam,3.4371142,9.828415
5,864691136391024144,train,NglFam,NglFam,3.3843672,9.450942
605,864691135566902039,train,BipFam,BipFam,7.06781,3.5326667
244,864691135566824983,test,BipFam,BipFam,4.930895,4.91567
405,864691135773208651,train,L4IT,pyramidal,6.9372416,7.71876
4021,864691135271970725,train,BasketFam,BasketFam,-0.104287945,3.5978837
669,864691135448256146,train,L4IT,pyramidal,7.4814935,5.870518
4896,864691135362357319,train,BasketFam,BasketFam,1.0727596,4.2829676
2609,864691136021595384,train,BasketFam,BasketFam,-0.02897004,5.835719
8116,864691135618332265,train,BasketFam,BasketFam,-0.72808254,5.9716935
116,864691136372954248,test,NglFam,NglFam,6.161882,2.945546
678,864691135134585248,train,BipFam,BipFam,9.673722,8.683145
5135,864691135464991645,train,thalamocortical,thalamocortical,2.565728,6.834001
63,864691135689555680,train,NglFam,NglFam,9.087015,5.7133994
3108,864691136053350131,test,thalamocortical,thalamocortical,2.0299559,5.884422
220,864691136298045979,test,L5IT,pyramidal,6.866606,6.812383
662,864691135447979922,train,BipFam,BipFam,7.3302584,4.803772
498,864691135689555680,train,NglFam,NglFam,7.114333,3.011716
225,864691135969582181,train,MartFam,MartFam,9.148684,4.8124046
22,864691134989909114,test,MartFam,MartFam,4.8515706,7.1317234
293,864691135570791558,test,L4IT,pyramidal,7.738316,9.682501
589,864691135866821340,train,thalamocortical,thalamocortical,5.639744,3.8153346
5598,864691135774221643,train,MartFam,MartFam,3.8522093,5.5136404
139,864691135809456669,test,L6IT,pyramidal,3.4948044,6.562979
432,864691135689555680,train,NglFam,NglFam,4.8197165,4.0407467
22,864691135584471405,train,BipFam,BipFam,9.2724085,4.5966253
986,864691136975332380,train,L4IT,pyramidal,7.1340556,6.0844727
5286,864691135387529301,test,BasketFam,BasketFam,7.5361185,7.892062
242,864691137199860033,test,BasketFam,BasketFam,0.30269155,7.486309
700,864691136596901026,train,L4IT,pyramidal,8.645668,9.112396
3281,864691136033871035,train,thalamocortical,thalamocortical,2.2300148,5.1528835
983,864691135470860370,test,BipFam,BipFam,2.5907848,5.642643
7424,864691135346954143,train,MartFam,MartFam,4.39223,4.434497
45,864691135305383591,train,NglFam,NglFam,8.235776,3.302005
319,864691135545730856,train,BipFam,BipFam,8.732719,7.6694283
60,864691135840033171,train,NglFam,NglFam,5.835199,7.4351845
438,864691136086632812,train,NglFam,NglFam,7.2912607,3.4552598
547,864691134965778719,train,L2IT,pyramidal,5.0695434,8.855541
3242,864691136033871035,train,thalamocortical,thalamocortical,4.617043,5.4833817
365,864691135659566210,train,L4IT,pyramidal,6.177383,9.894077
26,864691135492614239,train,MartFam,MartFam,6.8458147,6.591049
388,864691136107283417,train,L4IT,pyramidal,3.7972128,5.6501565
23,864691136034199739,train,BipFam,BipFam,7.4961615,7.559607
5047,864691135464991645,train,thalamocortical,thalamocortical,4.686853,5.336267
690,864691135545730856,train,BipFam,BipFam,7.674098,9.667481
5300,864691136196932172,train,BasketFam,BasketFam,-1.0158397,4.337248
988,864691135388984961,train,BasketFam,BasketFam,1.3543308,6.451968
397,864691135369651193,train,BipFam,BipFam,3.737605,5.5856586
494,864691136052101363,train,BipFam,BipFam,3.7100406,10.258869
6246,864691136007059658,test,BipFam,BipFam,5.788993,4.143785
6637,864691136118878116,train,MartFam,MartFam,5.485165,5.663868
6146,864691136914542577,train,MartFam,MartFam,2.99674,7.233053
1047,864691136372954248,test,NglFam,NglFam,4.585561,2.9652295
1442,864691135891690121,train,BasketFam,BasketFam,0.48415163,5.7030787
250,864691135455701354,train,L4IT,pyramidal,7.3523197,6.271834
185,864691135727686463,train,BipFam,BipFam,3.12723,7.470221
849,864691135689555680,train,NglFam,NglFam,4.092904,5.9937077
9591,864691135346954143,train,MartFam,MartFam,3.4328642,6.9449897
52,864691136523335057,test,L4IT,pyramidal,7.411637,6.8096156
131,864691136125433894,train,L3IT,pyramidal,7.095655,9.207855
3604,864691135990672896,train,MartFam,MartFam,4.4182286,4.2543793
957,864691136372954248,test,NglFam,NglFam,5.338572,3.0628958
662,864691135773910603,train,L5IT,pyramidal,7.951795,4.830099
5073,864691136381324501,train,BasketFam,BasketFam,-1.1874287,4.907354
753,864691135477104960,train,thalamocortical,thalamocortical,4.3168755,8.287056
5281,864691136033871035,train,thalamocortical,thalamocortical,4.92078,5.0836115
325,864691135727961663,train,L4IT,pyramidal,8.446006,9.611709
3889,864691135720572977,train,MartFam,MartFam,2.8511038,3.9889572
2308,864691135689015264,train,thalamocortical,thalamocortical,2.149333,7.5486755
2212,864691136007059658,test,BipFam,BipFam,5.4432487,5.250216
337,864691136273370302,train,NglFam,NglFam,6.522055,9.694192
49,864691135106309709,train,NglFam,NglFam,9.827337,8.319509
67,864691136239793212,test,NglFam,NglFam,8.394787,6.740416
703,864691136967703758,train,L4IT,pyramidal,4.273855,6.367021
512,864691135398762529,train,BipFam,BipFam,6.2035003,5.1920853
120,864691136210885820,test,L4IT,pyramidal,7.5981336,9.680085
963,864691136619344859,test,BasketFam,BasketFam,-0.50664914,6.2059765
1908,864691135689015264,train,thalamocortical,thalamocortical,2.9480195,7.765311
3678,864691135778081453,train,thalamocortical,thalamocortical,5.8875275,8.948739
3376,864691135409856713,train,BasketFam,BasketFam,-0.06254592,4.723918
3122,864691135659538306,train,thalamocortical,thalamocortical,9.215153,7.779211
1487,864691135720572977,train,MartFam,MartFam,4.94643,2.6250947
295,864691135336840425,train,BasketFam,BasketFam,-0.07583205,5.215312
1009,864691135119709149,train,L3IT,pyramidal,4.7711267,9.513372
538,864691135562001633,train,MartFam,MartFam,-0.37392622,5.489069
716,864691136033871035,train,thalamocortical,thalamocortical,4.4481807,5.3565893
741,864691135689555680,train,NglFam,NglFam,7.862532,2.983392
0,864691136380312021,train,L2IT,pyramidal,7.4088945,8.621817
249,864691136239793212,test,NglFam,NglFam,8.582606,7.8101335
2251,864691135810495005,train,BasketFam,BasketFam,0.88574266,3.91636
633,864691136372954248,test,NglFam,NglFam,7.242625,5.1107464
1317,864691135323181212,test,MartFam,MartFam,9.060264,3.4955287
2173,864691135464678206,train,MartFam,MartFam,8.943189,9.045085
402,864691136925008100,train,BipFam,BipFam,2.8211246,8.152462
40,864691135271696549,test,L6IT,pyramidal,8.485136,7.6532125
1016,864691135396720885,train,BasketFam,BasketFam,0.37888288,5.5308633
1652,864691135946994785,train,BasketFam,BasketFam,5.7696476,10.262842
5966,864691135720572977,train,MartFam,MartFam,7.6154537,3.872246
343,864691136372954248,test,NglFam,NglFam,3.6515424,6.0567765
38,864691135693735103,train,NglFam,NglFam,5.1605473,10.357966
563,864691135689555680,train,NglFam,NglFam,8.515306,3.4441268
5790,864691135689015264,train,thalamocortical,thalamocortical,5.1958714,6.7233906
1071,864691135843242211,train,L4IT,pyramidal,8.330514,7.7117343
438,864691135659824514,train,BipFam,BipFam,6.682451,8.54016
5434,864691136118878116,train,MartFam,MartFam,2.91268,3.7987223
5237,864691136138622333,train,BasketFam,BasketFam,1.9041582,3.6893637
2115,864691135387277397,test,thalamocortical,thalamocortical,2.9489136,6.155233
991,864691135101595680,test,L4IT,pyramidal,6.2587075,3.2862346
2918,864691135782873936,test,thalamocortical,thalamocortical,3.411946,6.771281
275,864691135727686463,train,BipFam,BipFam,3.014774,7.3654194
279,864691135742824555,train,BipFam,BipFam,3.8017895,7.273228
2490,864691136288755395,train,thalamocortical,thalamocortical,4.2199225,4.852344
1741,864691135739131780,train,MartFam,MartFam,3.7436984,4.741053
3995,864691135196475434,train,MartFam,MartFam,4.5221577,4.661568
1025,864691135755605197,train,thalamocortical,thalamocortical,2.2355149,5.585914
225,864691135941886118,train,BipFam,BipFam,6.3236194,6.809468
258,864691136086632812,train,NglFam,NglFam,6.9849315,3.939672
1590,864691135562950369,train,BipFam,BipFam,6.3384004,7.4610996
187,864691136364166370,train,BipFam,BipFam,8.053829,6.6875935
4491,864691136033871035,train,thalamocortical,thalamocortical,2.074231,5.926187
75,864691136664127454,test,L4IT,pyramidal,4.6473565,6.989761
448,864691136331214058,test,L2IT,pyramidal,8.39801,7.3495307
6,864691136025504569,train,L4IT,pyramidal,4.3083124,7.5573125
203,864691136011733934,train,MartFam,MartFam,3.315447,8.240084
188,864691136814442867,train,L2IT,pyramidal,8.295318,8.002772
253,864691135499231763,train,L4IT,pyramidal,5.8549333,5.97153
234,864691135503782210,test,BipFam,BipFam,8.44149,7.4967318
508,864691135456493418,test,BipFam,BipFam,8.560121,5.788672
917,864691135561699041,train,MartFam,MartFam,4.1235604,8.209148
2128,864691135577202181,train,MartFam,MartFam,4.598769,6.4715505
298,864691136026013497,train,BipFam,BipFam,8.897003,7.124973
816,864691136372954248,test,NglFam,NglFam,5.2147365,4.0397053
475,864691136484876588,train,MartFam,MartFam,6.553769,5.0746317
1890,864691135577202181,train,MartFam,MartFam,3.5156198,7.8957305
201,864691135659824514,train,BipFam,BipFam,0.0043101716,3.6333385
3521,864691135702887291,train,BasketFam,BasketFam,-0.019805828,8.26048
5438,864691135616183499,train,BasketFam,BasketFam,5.237773,5.4279513
2069,864691135689015264,train,thalamocortical,thalamocortical,2.797076,6.792536
1147,864691136033871035,train,thalamocortical,thalamocortical,5.0451493,5.0354795
1132,864691135214970752,train,BipFam,BipFam,9.142964,8.427866
1596,864691135470255698,train,thalamocortical,thalamocortical,5.192043,5.702146
1564,864691135783317840,train,thalamocortical,thalamocortical,4.0557733,5.0872526
366,864691135992790209,train,BipFam,BipFam,5.0389,10.41367
1935,864691137022180974,test,MartFam,MartFam,3.1426263,8.92389
1303,864691134966249759,train,thalamocortical,thalamocortical,2.8374043,7.1126876
2889,864691136091233847,train,thalamocortical,thalamocortical,4.381583,5.5194135
3187,864691136336192947,train,BasketFam,BasketFam,-0.17006569,5.9732885
667,864691136364166370,train,BipFam,BipFam,5.593502,8.797612
26,864691135137299481,test,L4IT,pyramidal,7.2265344,8.615543
5878,864691135720572977,train,MartFam,MartFam,7.982985,3.881567
4549,864691135210446457,train,MartFam,MartFam,3.480948,2.9150205
55,864691136391024144,train,NglFam,NglFam,7.0537496,5.8610406
261,864691135503004765,train,BipFam,BipFam,7.147335,6.117642
384,864691136372954248,test,NglFam,NglFam,7.692465,7.079598
2137,864691136120465944,train,thalamocortical,thalamocortical,2.0712953,6.2761145
3387,864691135892233097,train,BasketFam,BasketFam,0.23633058,7.157456
1492,864691135480702662,train,MartFam,MartFam,3.677599,2.5872645
231,864691135464671550,train,L2IT,pyramidal,9.222893,3.8357525
4921,864691136288755395,train,thalamocortical,thalamocortical,5.860259,4.8924494
3216,864691135362357319,train,BasketFam,BasketFam,-1.1343663,5.07219
835,864691135659538306,train,thalamocortical,thalamocortical,7.646168,7.9118304
2,864691135990564864,train,NglFam,NglFam,8.486838,3.4231899
41,864691136026013497,train,BipFam,BipFam,5.577883,6.098056
1228,864691135573245165,train,BasketFam,BasketFam,6.965213,7.699406
505,864691136100014453,train,BipFam,BipFam,5.5507035,10.042891
353,864691135946994785,train,BasketFam,BasketFam,0.20972392,4.8971663
208,864691136372039560,train,L6IT,pyramidal,7.874368,9.738258
422,864691135742097044,train,L4IT,pyramidal,4.506095,8.35676
3555,864691136445968259,train,BasketFam,BasketFam,2.7067106,4.247211
112,864691135573276197,train,L6IT,pyramidal,7.3947153,9.8397255
953,864691136145537844,train,BipFam,BipFam,9.305188,7.894924
500,864691135689555680,train,NglFam,NglFam,8.741257,4.4539995
174,864691135258646703,test,L3IT,pyramidal,8.825496,6.6290894
118,864691136228538961,train,L5IT,pyramidal,6.662243,9.331922
1974,864691135659538306,train,thalamocortical,thalamocortical,5.555105,4.974291
70,864691136091233847,train,thalamocortical,thalamocortical,4.1927958,5.628458
1393,864691136813553523,train,BasketFam,BasketFam,0.67708063,8.1798935
4788,864691135739131780,train,MartFam,MartFam,3.7662292,5.706906
2222,864691136288755395,train,thalamocortical,thalamocortical,7.2627826,7.7392817
662,864691135685250546,train,BasketFam,BasketFam,-0.079737216,4.323436
188,864691135499624723,train,BasketFam,BasketFam,-0.99296814,4.923194
461,864691135954393891,train,L4IT,pyramidal,8.502617,7.6820464
409,864691136273370302,train,NglFam,NglFam,9.382877,9.489834
2996,864691135373601736,train,BasketFam,BasketFam,9.041798,9.912915
52,864691135106309709,train,NglFam,NglFam,8.870575,9.397593
671,864691136364166370,train,BipFam,BipFam,6.6186967,3.2590163
53,864691135858273326,train,L4IT,pyramidal,3.214622,6.772853
124,864691136033227451,train,L3IT,pyramidal,5.9053187,4.268299
241,864691136913135089,train,MartFam,MartFam,7.756219,10.216467
3874,864691136007059658,test,BipFam,BipFam,6.408081,5.0157595
5558,864691136067404440,test,MartFam,MartFam,2.814121,7.166953
149,864691136314473021,train,L5IT,pyramidal,5.3643284,5.7812715
659,864691135447979922,train,BipFam,BipFam,3.1023073,5.3968167
368,864691136390675216,train,BasketFam,BasketFam,-0.81268823,4.976717
9677,864691135210446457,train,MartFam,MartFam,5.0847754,3.3290365
2439,864691135946994785,train,BasketFam,BasketFam,0.7263349,4.1462817
250,864691135547082280,train,L4IT,pyramidal,5.29092,5.501394
217,864691136100014453,train,BipFam,BipFam,4.981598,6.787879
2220,864691136925008100,train,BipFam,BipFam,5.191673,6.039178
1486,864691135499624723,train,BasketFam,BasketFam,0.09017071,5.021886
849,864691135562798817,train,L3IT,pyramidal,9.376599,9.343671
1807,864691135659538306,train,thalamocortical,thalamocortical,6.150588,5.516185
530,864691136391024144,train,NglFam,NglFam,6.377999,3.2432528
359,864691135431441968,train,thalamocortical,thalamocortical,3.2026029,6.338787
5489,864691135106209101,train,BasketFam,BasketFam,-0.0574829,5.879796
1773,864691135387277397,test,thalamocortical,thalamocortical,2.1949704,5.6527867
466,864691136391024144,train,NglFam,NglFam,2.791857,4.0070777
172,864691135465001373,train,BasketFam,BasketFam,0.3838486,6.14842
3075,864691135466333509,train,BasketFam,BasketFam,-0.9774133,4.8702087
1293,864691135782873936,test,thalamocortical,thalamocortical,2.3476956,8.182338
5211,864691135384716762,train,MartFam,MartFam,3.374744,4.368918
2596,864691135477104960,train,thalamocortical,thalamocortical,4.0621653,9.529343
361,864691135303514791,train,NglFam,NglFam,8.677807,3.617029
1784,864691135477104960,train,thalamocortical,thalamocortical,1.9571787,6.760836
1036,864691137056216950,train,MartFam,MartFam,3.0389915,5.60937
4151,864691135456535658,train,MartFam,MartFam,6.458077,4.578375
1,864691135919956656,train,L2IT,pyramidal,4.99767,6.2748446
4142,864691136145494068,train,BasketFam,BasketFam,0.20072028,5.808516
327,864691136391024144,train,NglFam,NglFam,2.8067644,8.475812
7063,864691135839979667,train,MartFam,MartFam,6.1093173,6.0475917
150,864691136336204979,train,NglFam,NglFam,8.624074,2.6308522
474,864691136025992761,train,BipFam,BipFam,8.652,9.185162
1076,864691135404765166,train,MartFam,MartFam,5.9879,3.7733784
3876,864691135584019053,test,MartFam,MartFam,4.177405,2.9649203
516,864691136053350131,test,thalamocortical,thalamocortical,3.0875666,6.020685
3714,864691135858282030,train,MartFam,MartFam,4.1217127,2.36986
2899,864691136118294692,train,thalamocortical,thalamocortical,3.3294926,7.488292
2912,864691135689015264,train,thalamocortical,thalamocortical,3.0061285,5.753963
476,864691136145572404,train,BipFam,BipFam,6.7784944,5.6464806
91,864691135511861968,test,MartFam,MartFam,7.2483926,10.464265
775,864691136273370302,train,NglFam,NglFam,8.750606,9.151288
617,864691134887444986,test,NglFam,NglFam,7.6881576,4.2206264
89,864691135493031519,train,L4IT,pyramidal,6.766638,7.742991
762,864691136108370905,train,BipFam,BipFam,8.703168,7.7467484
238,864691135783317840,train,thalamocortical,thalamocortical,2.7602384,7.935935
93,864691136674744199,train,L4IT,pyramidal,6.7804213,8.610512
0,864691135938404612,train,BipFam,BipFam,7.989779,8.233002
905,864691134949248508,test,L5IT,pyramidal,6.5870914,8.8899355
2264,864691135756844242,test,MartFam,MartFam,6.3784895,3.156307
3254,864691136814345075,train,MartFam,MartFam,9.036847,5.551488
1864,864691135464991645,train,thalamocortical,thalamocortical,4.7648773,5.082604
588,864691136391024144,train,NglFam,NglFam,6.73135,5.2441206
82,864691135689555680,train,NglFam,NglFam,2.9355786,4.708417
88,864691136033871035,train,thalamocortical,thalamocortical,4.4288044,5.4148865
4821,864691135015437462,test,BasketFam,BasketFam,-0.75887173,5.974263
693,864691136033871035,train,thalamocortical,thalamocortical,7.2537727,7.097034
930,864691135106309709,train,NglFam,NglFam,9.611026,8.922667
2715,864691136914542577,train,MartFam,MartFam,2.718577,4.2907915
1554,864691135350977751,train,MartFam,MartFam,8.390007,4.6444592
3245,864691136053350131,test,thalamocortical,thalamocortical,1.8768457,5.533847
1155,864691135448017554,train,BasketFam,BasketFam,1.6299196,6.6478367
267,864691135303514791,train,NglFam,NglFam,8.55686,3.29619
643,864691136288755395,train,thalamocortical,thalamocortical,3.2126503,6.232667
79,864691135106309709,train,NglFam,NglFam,3.7891674,10.3540535
70,864691135293096118,train,NglFam,NglFam,3.2093346,8.456302
3943,864691135106209101,train,BasketFam,BasketFam,0.13617034,6.779796
2996,864691135659538306,train,thalamocortical,thalamocortical,3.4698553,6.975376
25,864691135875460494,train,L6CT,pyramidal,3.9571683,10.075975
4403,864691135778081453,train,thalamocortical,thalamocortical,2.2706988,7.1911726
655,864691135479833030,train,L4IT,pyramidal,7.3058777,6.623895
348,864691135996891050,test,BipFam,BipFam,5.4653797,10.044521
2095,864691136091233847,train,thalamocortical,thalamocortical,5.3891854,9.020255
1930,864691135739131780,train,MartFam,MartFam,4.492341,3.030168
1749,864691135920776624,train,MartFam,MartFam,3.8472047,5.9699454
377,864691136033871035,train,thalamocortical,thalamocortical,3.5181668,5.454869
479,864691136391024144,train,NglFam,NglFam,3.8195302,4.5509725
4557,864691135271967397,train,MartFam,MartFam,4.1147323,9.700701
16,864691135587622268,test,BipFam,BipFam,8.393939,9.516484
1449,864691135853090503,test,BasketFam,BasketFam,-0.18329513,5.9861383
14904,864691136914542577,train,MartFam,MartFam,4.0141215,5.2603636
179,864691136488621842,train,L6CT,pyramidal,6.6866407,9.466126
784,864691136273370302,train,NglFam,NglFam,9.66438,9.011334
1726,864691136523971473,train,BipFam,BipFam,5.315738,8.230196
3031,864691135294194358,train,thalamocortical,thalamocortical,1.6158206,6.3851695
316,864691136211371452,train,L4IT,pyramidal,4.3914547,5.3741155
1245,864691134966621471,train,MartFam,MartFam,5.236093,2.9614737
565,864691135447979922,train,BipFam,BipFam,6.976538,4.2088265
1337,864691136238652476,train,MartFam,MartFam,3.9962835,8.561695
881,864691135783317840,train,thalamocortical,thalamocortical,4.5716844,5.574574
2284,864691136312445786,train,BasketFam,BasketFam,-0.37266424,4.181749
1104,864691135997140906,train,BipFam,BipFam,7.2965813,6.2590714
522,864691135990672896,train,MartFam,MartFam,9.037295,7.375042
7837,864691135739131780,train,MartFam,MartFam,6.635441,3.243278
772,864691135773694795,train,L4IT,pyramidal,4.114966,5.8713226
141,864691136229366097,test,BasketFam,BasketFam,0.015330636,4.6893587
1642,864691136372954248,test,NglFam,NglFam,5.944442,5.5131993
82,864691136239793212,test,NglFam,NglFam,9.844509,8.675856
9,864691136391024144,train,NglFam,NglFam,3.4105215,8.471036
1588,864691135235206489,train,MartFam,MartFam,6.935778,4.1307077
162,864691136268801268,test,L2IT,pyramidal,8.095814,5.4275513
11,864691135885996912,train,BipFam,BipFam,5.6955795,6.7193947
1648,864691135586022264,train,BasketFam,BasketFam,0.35926685,7.7327423
195,864691136273370302,train,NglFam,NglFam,5.459761,9.674761
2440,864691136040742142,test,BasketFam,BasketFam,-0.8885958,3.859137
474,864691135369651193,train,BipFam,BipFam,3.8599424,6.9775405
193,864691136118294692,train,thalamocortical,thalamocortical,8.67887,5.567023
410,864691136372954248,test,NglFam,NglFam,3.0909355,6.7050776
519,864691136453442303,train,L4IT,pyramidal,3.8761394,10.545912
740,864691135566902039,train,BipFam,BipFam,4.388228,6.215231
316,864691136524014993,train,BasketFam,BasketFam,0.5788432,6.0176916
401,864691136239793212,test,NglFam,NglFam,6.1107874,8.529892
565,864691134887444986,test,NglFam,NglFam,4.585368,4.6058574
237,864691136298913563,train,MartFam,MartFam,4.0173492,3.4189048
1069,864691136145537844,train,BipFam,BipFam,5.064199,3.3871014
3665,864691137056216950,train,MartFam,MartFam,9.745757,8.046454
184,864691136239980604,train,L4IT,pyramidal,6.1155095,7.5359445
708,864691135431579440,train,BipFam,BipFam,-0.18183558,3.2635493
580,864691135839979667,train,MartFam,MartFam,3.7932556,2.5736868
4245,864691136381324501,train,BasketFam,BasketFam,6.2096496,7.8356624
481,864691134887444986,test,NglFam,NglFam,6.3936353,3.6427784
89,864691135339729894,train,L4IT,pyramidal,8.612681,5.714537
2599,864691135839979667,train,MartFam,MartFam,3.4992285,3.8157892
132,864691135686399415,train,BipFam,BipFam,7.3618264,4.9015293
273,864691135993770945,test,BipFam,BipFam,4.9245577,9.859874
187,864691135717163802,train,L2IT,pyramidal,8.74247,6.5072594
967,864691136288755395,train,thalamocortical,thalamocortical,8.331424,4.892819
605,864691135562950369,train,BipFam,BipFam,6.220978,4.248278
3606,864691135764678198,test,MartFam,MartFam,6.8072596,3.54279
1692,864691135997428394,test,thalamocortical,thalamocortical,1.3163204,5.7187667
3492,864691135755605197,train,thalamocortical,thalamocortical,4.679318,5.5401287
2506,864691135659538306,train,thalamocortical,thalamocortical,4.730774,6.0862737
1624,864691135928029966,train,thalamocortical,thalamocortical,5.2982616,8.569242
52,864691135840033171,train,NglFam,NglFam,4.5211554,8.771908
696,864691135448017554,train,BasketFam,BasketFam,0.07926289,5.941384
905,864691135778081453,train,thalamocortical,thalamocortical,1.951811,6.107836
3513,864691136033871035,train,thalamocortical,thalamocortical,4.7683206,5.0638804
1268,864691135409856713,train,BasketFam,BasketFam,7.35111,5.6615005
538,864691135115194009,train,BipFam,BipFam,6.051364,9.043207
3775,864691135477104960,train,thalamocortical,thalamocortical,1.8102463,6.561243
534,864691135155894884,train,L2IT,pyramidal,5.9638653,9.5250435
8456,864691135196475434,train,MartFam,MartFam,3.9728,2.5807986
3433,864691136091233847,train,thalamocortical,thalamocortical,2.0739272,5.3223667
741,864691136445062787,test,L4IT,pyramidal,7.90835,8.004049
97,864691135447653010,train,L5IT,pyramidal,7.995652,5.1951933
2276,864691136011733934,train,MartFam,MartFam,3.356331,9.851831
1905,864691136058602712,train,thalamocortical,thalamocortical,3.4502983,7.2374277
311,864691134991032954,train,L4IT,pyramidal,5.601672,5.6827865
4428,864691136298913563,train,MartFam,MartFam,8.27354,3.6046743
161,864691135764890678,train,MartFam,MartFam,3.264432,4.6330447
1921,864691136007059658,test,BipFam,BipFam,4.206407,9.798953
1620,864691135689015264,train,thalamocortical,thalamocortical,2.2201488,8.3604965
4366,864691135499616019,train,BasketFam,BasketFam,-0.14131859,5.862463
1861,864691135561699041,train,MartFam,MartFam,3.3690798,4.1448183
815,864691135689555680,train,NglFam,NglFam,8.337876,2.821925
3516,864691136742921308,test,BasketFam,BasketFam,0.12130314,4.978348
452,864691135865774206,train,L4IT,pyramidal,6.2631893,5.3850703
916,864691136595955362,train,MartFam,MartFam,2.789429,5.1311617
5902,864691135499765267,train,MartFam,MartFam,2.8439538,8.449576
1924,864691135480702662,train,MartFam,MartFam,4.548249,5.826163
4118,864691136453186559,train,BasketFam,BasketFam,0.91116303,4.061928
2000,864691136033871035,train,thalamocortical,thalamocortical,3.406465,9.292376
3075,864691135584068717,train,BasketFam,BasketFam,-1.2317193,4.4402843
116,864691136108378073,train,L4IT,pyramidal,3.5572739,4.981765
1792,864691135878586963,test,thalamocortical,thalamocortical,7.0200915,9.612374
3063,864691136053350131,test,thalamocortical,thalamocortical,3.003482,8.219791
352,864691135948215076,test,BipFam,BipFam,5.915375,5.825118
103,864691136523889553,train,BasketFam,BasketFam,-1.0979006,4.285001
438,864691135875919502,test,MartFam,MartFam,9.106626,5.0950875
4171,864691135294194358,train,thalamocortical,thalamocortical,2.0375397,5.336576
394,864691136012173475,test,BipFam,BipFam,8.727427,4.4633083
624,864691136058745048,train,L4IT,pyramidal,9.195367,9.718488
666,864691136438216350,train,BasketFam,BasketFam,1.1294824,3.9550009
1499,864691135732257721,train,BasketFam,BasketFam,-0.20051809,4.1706076
1239,864691134989909114,test,MartFam,MartFam,9.363633,4.1501794
557,864691136117695908,train,L4IT,pyramidal,7.244983,7.388231
163,864691135503004765,train,BipFam,BipFam,9.338413,4.5396323
4866,864691135464991645,train,thalamocortical,thalamocortical,1.931126,6.382106
2680,864691136007059658,test,BipFam,BipFam,7.4178796,6.4626374
180,864691136524282001,train,NglFam,NglFam,8.649209,3.9042737
182,864691135763362102,test,L4IT,pyramidal,6.9211774,7.8273563
158,864691135701340194,train,BasketFam,BasketFam,-0.7796163,5.3717437
1019,864691136137168779,train,BipFam,BipFam,7.68019,9.234191
1390,864691136058602712,train,thalamocortical,thalamocortical,2.8339837,5.045671
149,864691136336204979,train,NglFam,NglFam,7.171202,5.1401606
141,864691136117695908,train,L4IT,pyramidal,3.9525614,8.838451
940,864691136195284556,train,MartFam,MartFam,5.7751703,3.1705265
764,864691137056216950,train,MartFam,MartFam,2.573976,4.522337
442,864691136968773070,train,L4IT,pyramidal,4.198032,10.101984
324,864691136674492295,test,L4IT,pyramidal,6.7781606,5.881479
183,864691135700757026,train,BasketFam,BasketFam,1.3327997,8.081102
652,864691136390677264,test,BasketFam,BasketFam,0.7437802,8.048292
1169,864691135685030130,train,thalamocortical,thalamocortical,4.698644,5.6496973
703,864691136273370302,train,NglFam,NglFam,8.60646,8.237156
225,864691134887444986,test,NglFam,NglFam,8.633675,3.9515524
9549,864691135739131780,train,MartFam,MartFam,5.546132,3.318844
217,864691135938404612,train,BipFam,BipFam,6.535174,6.0261
920,864691135405713902,train,L3IT,pyramidal,7.843648,8.764404
1265,864691136372954248,test,NglFam,NglFam,4.3316817,8.083442
4564,864691136011485614,test,BasketFam,BasketFam,5.1075654,9.644765
832,864691135755707597,train,BipFam,BipFam,5.0039806,6.0750933
1995,864691135725779883,train,BasketFam,BasketFam,0.07816028,8.486917
5816,864691135477104960,train,thalamocortical,thalamocortical,2.602248,6.4413424
528,864691134887444986,test,NglFam,NglFam,7.26298,3.4375703
1173,864691135990520064,train,BasketFam,BasketFam,0.027650695,4.677853
299,864691135465900101,train,BipFam,BipFam,3.56729,6.075878
376,864691134966495519,train,L3IT,pyramidal,8.408978,6.9754386
776,864691136005322698,test,BasketFam,BasketFam,-0.32739168,4.943845
793,864691136372954248,test,NglFam,NglFam,4.581803,4.543101
2574,864691135271967397,train,MartFam,MartFam,2.8494713,5.0882773
1255,864691136011458734,test,BasketFam,BasketFam,0.14215784,6.688532
1223,864691135274708753,train,BasketFam,BasketFam,0.28399357,6.7035704
591,864691135689555680,train,NglFam,NglFam,4.6535397,3.9859185
5010,864691135997140906,train,BipFam,BipFam,5.185976,7.9073815
473,864691136524282001,train,NglFam,NglFam,4.0633636,6.038557
16,864691136524282001,train,NglFam,NglFam,4.4888463,3.7051191
2771,864691136523971473,train,BipFam,BipFam,6.3898582,8.599811
2,864691136086632812,train,NglFam,NglFam,6.430807,5.1447587
1935,864691136145537844,train,BipFam,BipFam,3.3195987,7.950826
487,864691135992790209,train,BipFam,BipFam,4.330947,6.8480873
773,864691136273370302,train,NglFam,NglFam,6.4284077,5.2904863
123,864691135132887456,test,NglFam,NglFam,8.79795,2.9175048
929,864691136007059658,test,BipFam,BipFam,8.781561,7.954757
2400,864691135997140906,train,BipFam,BipFam,7.0022306,8.400299
203,864691135014681590,test,L6IT,pyramidal,4.708631,9.884945
5904,864691136390675216,train,BasketFam,BasketFam,-0.37343764,4.871597
320,864691135157994084,test,L4IT,pyramidal,3.476793,6.209524
634,864691136603221201,train,L4IT,pyramidal,6.6250343,5.5206275
1939,864691135755605197,train,thalamocortical,thalamocortical,1.6808041,7.168584
49,864691136968585678,train,L2IT,pyramidal,7.98038,6.408431
1412,864691135339982310,train,BasketFam,BasketFam,-0.8171296,4.1665497
1632,864691135470255698,train,thalamocortical,thalamocortical,2.554825,6.856721
3349,864691136067404440,test,MartFam,MartFam,6.1442704,2.658548
8630,864691135703016059,train,MartFam,MartFam,5.5693126,2.766251
6998,864691135739131780,train,MartFam,MartFam,6.096705,8.861888
535,864691136392622207,train,BasketFam,BasketFam,0.2382541,8.012704
618,864691136389688695,test,L2IT,pyramidal,8.303605,9.069454
518,864691135689555680,train,NglFam,NglFam,3.5427463,4.5076256
35,864691135782873936,test,thalamocortical,thalamocortical,5.495607,7.7200537
1522,864691136927366986,train,thalamocortical,thalamocortical,7.543861,9.157678
346,864691135874782350,train,L2IT,pyramidal,8.573126,5.9208
752,864691136009893294,train,L2IT,pyramidal,7.9882874,5.832179
358,864691135106309709,train,NglFam,NglFam,6.516735,8.855116
598,864691136372954248,test,NglFam,NglFam,4.249035,4.2209396
3849,864691135477104960,train,thalamocortical,thalamocortical,3.2681065,8.851001
331,864691136927566154,test,L4IT,pyramidal,7.7523923,6.66576
632,864691135271967397,train,MartFam,MartFam,4.838093,2.613371
32,864691135839999379,train,BipFam,BipFam,8.740714,3.1200793
664,864691135405480430,train,BasketFam,BasketFam,-1.2088633,4.2188425
5570,864691135875919502,test,MartFam,MartFam,3.550878,2.7629142
1351,864691135928029966,train,thalamocortical,thalamocortical,3.8061075,9.418029
4644,864691135997140906,train,BipFam,BipFam,4.153772,7.4356422
119,864691135305383591,train,NglFam,NglFam,8.845976,4.163391
452,864691135499964947,test,L5IT,pyramidal,7.561974,8.604862
173,864691135347627423,train,BipFam,BipFam,6.840695,8.456079
6794,864691135477104960,train,thalamocortical,thalamocortical,2.7341835,6.115379
1134,864691135060784027,test,thalamocortical,thalamocortical,4.168699,8.34256
298,864691135755707597,train,BipFam,BipFam,5.560376,8.073401
184,864691135939776309,train,MartFam,MartFam,6.1025763,3.0588274
3461,864691136011549614,train,BipFam,BipFam,8.667964,6.7417593
1993,864691135212863360,train,MartFam,MartFam,5.385356,7.7651987
4987,864691135477104960,train,thalamocortical,thalamocortical,2.5053463,6.9393916
2224,864691135659538306,train,thalamocortical,thalamocortical,5.169192,5.8729005
75,864691136102207349,train,BipFam,BipFam,8.8241415,8.536366
32,864691135465585221,train,L6IT,pyramidal,8.508178,9.6061125
729,864691136674749575,train,L2IT,pyramidal,5.3353057,7.8920155
887,864691135689555680,train,NglFam,NglFam,4.868768,3.8016155
57,864691135470860370,test,BipFam,BipFam,5.30428,4.767694
6511,864691136138695549,train,BasketFam,BasketFam,0.73691964,8.231727
270,864691135778331232,train,L6IT,pyramidal,4.913707,10.257355
5086,864691135343509701,train,MartFam,MartFam,6.0142155,9.226548
4956,864691136381324501,train,BasketFam,BasketFam,-0.8185619,5.3266134
559,864691135468948364,train,L3IT,pyramidal,8.976202,9.295842
788,864691135891796617,train,BasketFam,BasketFam,1.1007401,5.7064824
105,864691136273370302,train,NglFam,NglFam,3.614297,9.281021
711,864691136372954248,test,NglFam,NglFam,3.1086257,7.733071
11,864691136924515300,test,L2IT,pyramidal,7.1901374,8.608907
773,864691136288755395,train,thalamocortical,thalamocortical,1.8679011,7.056665
6393,864691135756844242,test,MartFam,MartFam,5.005222,2.7169416
35,864691136814271603,train,L5NP,pyramidal,4.3872437,9.807404
445,864691136925008100,train,BipFam,BipFam,-0.58745384,6.4020996
450,864691135384716762,train,MartFam,MartFam,5.996902,4.9213667
545,864691135689015264,train,thalamocortical,thalamocortical,5.725083,8.595961
192,864691136137210507,train,BipFam,BipFam,4.463305,5.7701874
302,864691136372954248,test,NglFam,NglFam,6.590031,3.818257
575,864691135742677867,train,BipFam,BipFam,7.113789,8.230478
2354,864691135343509701,train,MartFam,MartFam,4.3385086,8.679827
3998,864691136523889553,train,BasketFam,BasketFam,-0.55794615,4.515335
342,864691135857099310,train,L6IT,pyramidal,7.349225,6.0715036
719,864691136118294692,train,thalamocortical,thalamocortical,2.7058792,7.0721326
3038,864691136312076122,train,MartFam,MartFam,9.163341,9.427684
6507,864691135456535658,train,MartFam,MartFam,5.018611,2.306856
979,864691136011549614,train,BipFam,BipFam,7.761333,5.9259706
3382,864691135470255698,train,thalamocortical,thalamocortical,7.2509646,7.1254883
5880,864691135212863360,train,MartFam,MartFam,0.73211956,4.7516346
580,864691136314126653,train,BipFam,BipFam,4.069367,4.8703175
445,864691135060784027,test,thalamocortical,thalamocortical,1.9848754,5.2756767
177,864691135562950369,train,BipFam,BipFam,7.238187,8.017685
37,864691135990564864,train,NglFam,NglFam,8.525769,2.5546975
206,864691136118430628,train,BipFam,BipFam,8.595808,8.024998
866,864691135214970752,train,BipFam,BipFam,4.772707,4.4261355
4113,864691136603935441,train,BasketFam,BasketFam,-0.34557176,3.8605022
457,864691135810297885,train,BipFam,BipFam,6.296816,8.843355
8225,864691135562001633,train,MartFam,MartFam,0.14301881,6.406256
5060,864691136603935441,train,BasketFam,BasketFam,-0.8169712,4.2425175
3380,864691135778081453,train,thalamocortical,thalamocortical,1.9417505,7.2065506
814,864691136372954248,test,NglFam,NglFam,4.05719,6.8826904
4178,864691137056216950,train,MartFam,MartFam,3.9724844,7.1883116
962,864691136425681967,train,L4IT,pyramidal,7.4832788,7.251246
99,864691136906067890,train,L3IT,pyramidal,8.177087,9.592315
6493,864691136118878116,train,MartFam,MartFam,5.2425275,2.6883852
1423,864691135990793216,train,MartFam,MartFam,6.8612375,4.443219
1426,864691136372954248,test,NglFam,NglFam,3.3199055,4.8715053
296,864691135510593289,train,L4IT,pyramidal,8.353777,9.1521635
925,864691135810982860,train,L4IT,pyramidal,5.7454596,5.4221134
1690,864691136336192947,train,BasketFam,BasketFam,1.2126117,7.470145
92,864691135465343045,train,L4IT,pyramidal,2.1583562,5.3289995
2943,864691135997428394,test,thalamocortical,thalamocortical,1.4849149,7.098929
600,864691136091233847,train,thalamocortical,thalamocortical,5.4215784,6.8080087
239,864691135446065810,train,MartFam,MartFam,8.1632395,3.0916631
492,864691136007059658,test,BipFam,BipFam,6.1051702,6.096469
824,864691135271915173,train,MartFam,MartFam,8.842227,8.75828
978,864691136288755395,train,thalamocortical,thalamocortical,2.4283836,6.6348767
270,864691135293096118,train,NglFam,NglFam,6.008114,6.5386806
1107,864691136372954248,test,NglFam,NglFam,4.8827925,6.0774508
2137,864691136620192653,train,MartFam,MartFam,7.4494,3.3720596
1991,864691136390675216,train,BasketFam,BasketFam,6.646508,3.248625
4013,864691135470255698,train,thalamocortical,thalamocortical,2.025843,6.9535637
155,864691135686540471,train,BasketFam,BasketFam,0.1273012,6.952559
14335,864691136914542577,train,MartFam,MartFam,4.3895802,2.3424165
88,864691135866751870,train,L5IT,pyramidal,8.345084,7.005824
106,864691135566824983,test,BipFam,BipFam,4.8520055,3.2251647
3116,864691135496262032,train,BasketFam,BasketFam,0.005526221,3.3819544
126,864691136086632812,train,NglFam,NglFam,8.896123,2.8548584
753,864691136145537844,train,BipFam,BipFam,5.740983,4.3416996
2470,864691135571356038,test,MartFam,MartFam,3.2900245,3.7217085
5029,864691135779780797,test,MartFam,MartFam,6.4849133,4.283456
1456,864691136523971473,train,BipFam,BipFam,8.532114,3.1712599
14,864691135784641843,train,L6CT,pyramidal,8.090497,9.833383
2176,864691136118878116,train,MartFam,MartFam,4.565469,6.3558125
643,864691136100014453,train,BipFam,BipFam,9.34561,9.363
3607,864691136011549614,train,BipFam,BipFam,5.868774,5.7563586
3926,864691135689015264,train,thalamocortical,thalamocortical,6.0172143,9.362657
333,864691136372954248,test,NglFam,NglFam,6.8312116,6.6031833
253,864691136042982742,test,L2IT,pyramidal,9.005446,9.401363
2371,864691136053350131,test,thalamocortical,thalamocortical,1.9289329,5.3332148
546,864691136118882468,train,BasketFam,BasketFam,0.40577844,6.4703226
1975,864691135465795653,train,BasketFam,BasketFam,0.5569592,8.368483
1143,864691135571356038,test,MartFam,MartFam,8.065829,3.225098
396,864691135584068717,train,BasketFam,BasketFam,0.4730873,7.546002
2073,864691135878586963,test,thalamocortical,thalamocortical,2.5455801,7.69687
741,864691134887444986,test,NglFam,NglFam,7.2598953,4.930924
3716,864691135528046939,train,MartFam,MartFam,3.487562,7.7662525
7592,864691135196475434,train,MartFam,MartFam,3.5619144,5.609853
197,864691135591854347,train,L5IT,pyramidal,7.884435,9.830314
7459,864691136580010516,test,MartFam,MartFam,6.2051935,3.6738415
1443,864691136091233847,train,thalamocortical,thalamocortical,2.4636526,6.8394227
4284,864691135274708753,train,BasketFam,BasketFam,5.7201533,8.908333
7439,864691135477104960,train,thalamocortical,thalamocortical,4.2156515,3.770686
209,864691135739689073,train,L2IT,pyramidal,5.4943705,8.827663
188,864691135343509701,train,MartFam,MartFam,7.382567,8.43705
819,864691135456493418,test,BipFam,BipFam,8.591758,9.473795
109,864691135611019015,train,L4IT,pyramidal,8.5079155,4.76566
196,864691136106969561,train,L4IT,pyramidal,5.6467695,9.831617
5317,864691135741889940,train,BasketFam,BasketFam,4.032894,5.1526165
6372,864691135346954143,train,MartFam,MartFam,3.274981,4.0016108
662,864691136619096795,train,L5IT,pyramidal,8.279809,9.266655
1194,864691135499752723,train,BasketFam,BasketFam,0.85287136,7.0083675
3341,864691135477104960,train,thalamocortical,thalamocortical,2.448721,5.126737
4428,864691136312445786,train,BasketFam,BasketFam,-0.7074004,5.538471
552,864691136391024144,train,NglFam,NglFam,3.6127794,4.508442
1118,864691135474179378,test,MartFam,MartFam,2.957709,5.694776
5992,864691135686540471,train,BasketFam,BasketFam,-0.23853001,3.9208546
515,864691136288752835,train,thalamocortical,thalamocortical,2.0540411,6.871328
208,864691135343506885,train,BipFam,BipFam,3.2078178,6.9535613
6,864691136086632812,train,NglFam,NglFam,6.785076,3.0165045
226,864691135214931072,train,L4IT,pyramidal,4.6277924,7.6316986
51,864691135763795510,test,L4IT,pyramidal,6.2722797,8.429757
495,864691135546339880,train,L4IT,pyramidal,6.98539,7.3201923
1316,864691136372954248,test,NglFam,NglFam,4.9557304,7.199544
3725,864691135611702023,train,BasketFam,BasketFam,-0.8706738,4.200707
2857,864691135343506885,train,BipFam,BipFam,4.367902,7.71763
879,864691136118430628,train,BipFam,BipFam,5.0150456,8.942769
428,864691134887444986,test,NglFam,NglFam,6.0629377,2.6351345
3145,864691136034412219,train,MartFam,MartFam,3.6942513,4.4057107
344,864691136927732810,train,L3IT,pyramidal,3.6036804,10.067581
5036,864691136390828919,train,MartFam,MartFam,3.9325373,4.446951
2258,864691135592837899,train,BasketFam,BasketFam,0.21129371,7.0852256
1967,864691136523971473,train,BipFam,BipFam,8.376671,6.777242
4929,864691134886037498,train,MartFam,MartFam,0.49117866,6.81847
1769,864691135115058329,train,BasketFam,BasketFam,0.08636405,8.36545
229,864691135689555680,train,NglFam,NglFam,3.6915112,6.167861
200,864691135303514791,train,NglFam,NglFam,8.486861,4.480496
4582,864691136011733934,train,MartFam,MartFam,4.9101324,7.1630735
154,864691135783317840,train,thalamocortical,thalamocortical,3.3567543,9.487244
2047,864691135561699041,train,MartFam,MartFam,3.1841655,7.120751
191,864691136363303138,train,L4IT,pyramidal,6.2293587,5.8308506
3902,864691136007059658,test,BipFam,BipFam,5.965501,6.9965425
201,864691135592678411,train,BipFam,BipFam,8.8083725,4.271275
379,864691135751110185,train,L4IT,pyramidal,4.6376114,6.569582
171,864691136239793212,test,NglFam,NglFam,6.225375,3.1052356
4013,864691135442598728,train,BasketFam,BasketFam,-0.62304276,5.353971
541,864691136991606421,train,L4IT,pyramidal,4.9259176,5.4896054
2767,864691135866821340,train,thalamocortical,thalamocortical,4.192487,3.3900476
2079,864691136927366986,train,thalamocortical,thalamocortical,1.580456,6.149299
403,864691136086632812,train,NglFam,NglFam,8.801344,6.7320666
251,864691135566979927,train,MartFam,MartFam,9.11664,2.9213247
1448,864691135592837899,train,BasketFam,BasketFam,0.07342781,5.9196863
6880,864691136595955362,train,MartFam,MartFam,4.652635,6.9542084
950,864691135928029966,train,thalamocortical,thalamocortical,4.289853,5.483699
2643,864691135373601736,train,BasketFam,BasketFam,7.4073467,10.482195
139,864691135528193883,test,BipFam,BipFam,8.342351,7.0438156
1842,864691135720572977,train,MartFam,MartFam,4.546115,2.8898587
1127,864691135214970752,train,BipFam,BipFam,6.464407,6.8228345
12,864691135689555680,train,NglFam,NglFam,8.4779,5.389994
855,864691135782873936,test,thalamocortical,thalamocortical,3.3149848,6.4252973
18,864691135578146565,test,L5IT,pyramidal,7.988787,9.461783
372,864691135303514791,train,NglFam,NglFam,8.952075,2.87715
529,864691135398868257,train,L4IT,pyramidal,7.349738,6.5522504
4497,864691135477104960,train,thalamocortical,thalamocortical,5.227399,6.5781593
707,864691135293678006,train,L4IT,pyramidal,4.641347,8.322378
2041,864691135839577235,train,MartFam,MartFam,8.817163,2.5265687
12483,864691135271967397,train,MartFam,MartFam,2.6078458,4.313776
2464,864691135210178169,test,BasketFam,BasketFam,0.110998765,3.922334
166,864691135662774512,train,L3IT,pyramidal,3.3913593,8.078942
417,864691136438216350,train,BasketFam,BasketFam,0.32176948,4.1102037
1441,864691136007059658,test,BipFam,BipFam,4.6102967,6.3225694
67,864691135293605558,train,L4IT,pyramidal,8.932291,7.6330395
1026,864691136137168779,train,BipFam,BipFam,2.4340658,8.034699
399,864691135214970752,train,BipFam,BipFam,3.7055128,7.315772
201,864691135293096118,train,NglFam,NglFam,3.6592689,9.29815
412,864691135339729126,train,L4IT,pyramidal,7.2542434,7.0451827
866,864691136137210507,train,BipFam,BipFam,4.0671883,6.6705046
296,864691135839843475,train,BipFam,BipFam,6.16241,8.803894
982,864691135685030130,train,thalamocortical,thalamocortical,5.905004,7.4534693
1276,864691136372954248,test,NglFam,NglFam,6.0392194,5.343558
257,864691135303514791,train,NglFam,NglFam,9.034332,2.7667289
1511,864691136007059658,test,BipFam,BipFam,3.4327464,6.9204803
87,864691135990564864,train,NglFam,NglFam,8.5899315,2.623482
2937,864691135343601093,train,BasketFam,BasketFam,7.0069513,5.919001
863,864691136905560754,train,L5IT,pyramidal,5.107895,10.143903
224,864691135577202181,train,MartFam,MartFam,8.744122,2.976919
1381,864691136392806271,train,BasketFam,BasketFam,5.125692,5.4083257
388,864691135662059760,train,L4IT,pyramidal,5.5688815,6.659206
30,864691135518173395,train,L4IT,pyramidal,7.5422072,9.11363
502,864691136145208372,test,L6IT,pyramidal,5.2599697,9.549252
785,864691135106309709,train,NglFam,NglFam,8.23337,7.5353727
1046,864691136137210507,train,BipFam,BipFam,5.3878694,7.8845596
37,864691136273370302,train,NglFam,NglFam,8.088227,8.9052
787,864691135271915173,train,MartFam,MartFam,9.301154,5.1361494
5114,864691135997140906,train,BipFam,BipFam,5.3944263,4.592214
779,864691135258628527,test,BasketFam,BasketFam,-1.2109905,4.2508354
58,864691136991359893,test,L3IT,pyramidal,5.710591,8.747578
178,864691135134585248,train,BipFam,BipFam,2.8005788,7.54911
368,864691136914542577,train,MartFam,MartFam,4.369661,4.3297815
217,864691136058602712,train,thalamocortical,thalamocortical,3.1795876,8.860639
2922,864691135778081453,train,thalamocortical,thalamocortical,2.3919628,7.389642
17,864691136335276211,train,L4IT,pyramidal,5.1616216,8.536166
1184,864691136011733934,train,MartFam,MartFam,6.9581575,3.8663685
1319,864691136372954248,test,NglFam,NglFam,6.226611,5.2752056
4891,864691135480702662,train,MartFam,MartFam,5.59703,3.954255
28,864691136953197279,train,L4IT,pyramidal,6.775045,9.206365
384,864691135303514791,train,NglFam,NglFam,8.2435875,3.148852
307,864691136446104451,train,BipFam,BipFam,4.3786783,4.574484
787,864691135470255698,train,thalamocortical,thalamocortical,1.9580425,6.355026
2601,864691136523971473,train,BipFam,BipFam,3.9542956,4.758661
8183,864691135456535658,train,MartFam,MartFam,3.9950595,4.673409
808,864691135404765166,train,MartFam,MartFam,7.2875023,6.860454
1620,864691135778081453,train,thalamocortical,thalamocortical,5.460284,6.902768
320,864691135928029966,train,thalamocortical,thalamocortical,3.9021823,6.7296066
2628,864691135571356038,test,MartFam,MartFam,6.2181277,8.617216
998,864691135689015264,train,thalamocortical,thalamocortical,2.256981,6.9087853
4525,864691135875919502,test,MartFam,MartFam,4.035326,2.8224273
231,864691136336204979,train,NglFam,NglFam,8.892211,4.3319335
125,864691136238652476,train,MartFam,MartFam,8.807119,8.25344
1380,864691135463999294,train,BasketFam,BasketFam,0.9330696,8.051537
2305,864691136298913563,train,MartFam,MartFam,4.9365935,3.694073
596,864691136391042167,train,L3IT,pyramidal,7.3707504,7.7019267
9,864691136239793212,test,NglFam,NglFam,9.357639,9.2180805
589,864691135293096118,train,NglFam,NglFam,4.305663,8.660139
203,864691135343506885,train,BipFam,BipFam,5.8862724,3.6188412
959,864691135274708753,train,BasketFam,BasketFam,-0.89238477,3.9362342
187,864691136381324501,train,BasketFam,BasketFam,7.2182655,7.1279683
6048,864691136390675216,train,BasketFam,BasketFam,-0.5791574,5.6838293
707,864691135689555680,train,NglFam,NglFam,3.5545216,7.42729
556,864691136107486169,train,L4IT,pyramidal,4.800547,4.3886485
554,864691135640672571,train,L4IT,pyramidal,6.5755677,8.93611
89,864691134966249759,train,thalamocortical,thalamocortical,4.955756,6.7667093
60,864691136298111003,test,L4IT,pyramidal,6.351174,9.811904
2106,864691135783909427,train,MartFam,MartFam,4.1723886,10.462351
4284,864691136312445786,train,BasketFam,BasketFam,-0.4433285,4.8396187
1212,864691135492665959,train,MartFam,MartFam,3.460315,8.834046
434,864691135717299738,train,L4IT,pyramidal,8.721586,5.4088683
789,864691136012173475,test,BipFam,BipFam,3.2651248,5.6871877
140,864691136391024144,train,NglFam,NglFam,7.261276,5.722642
8699,864691135456535658,train,MartFam,MartFam,5.9297695,4.60865
3261,864691135294194358,train,thalamocortical,thalamocortical,6.2267365,6.815813
103,864691135990520064,train,BasketFam,BasketFam,7.9343724,2.9691117
7689,864691135756844242,test,MartFam,MartFam,2.963856,3.9554505
257,864691135569866988,test,L4IT,pyramidal,6.6287537,5.883102
168,864691135778618029,train,BipFam,BipFam,4.8228297,8.341939
621,864691136007059658,test,BipFam,BipFam,5.652442,2.8819454
130,864691136273370302,train,NglFam,NglFam,6.025261,9.392332
2233,864691135492600167,train,BasketFam,BasketFam,0.32228673,8.067613
179,864691135741982868,train,L4IT,pyramidal,8.010848,4.6261044
1122,864691135465001373,train,BasketFam,BasketFam,0.3303526,7.5923457
1033,864691135464991645,train,thalamocortical,thalamocortical,2.1882153,8.153906
1061,864691135571356038,test,MartFam,MartFam,8.631117,3.1279016
1038,864691135496262032,train,BasketFam,BasketFam,-0.90447664,5.077426
4532,864691136288755395,train,thalamocortical,thalamocortical,2.7515402,7.8121247
21,864691136372954248,test,NglFam,NglFam,7.8831825,8.280351
67,864691135209432185,train,L3IT,pyramidal,5.2803993,9.032412
1242,864691135384716762,train,MartFam,MartFam,6.011835,6.904915
94,864691135540272498,train,L2IT,pyramidal,6.4251285,7.9217014
380,864691136363473634,test,L4IT,pyramidal,5.4619803,6.495342
969,864691135801604706,train,L3IT,pyramidal,5.4404907,9.800074
312,864691136364183266,train,BasketFam,BasketFam,0.5140857,8.749887
1469,864691135480702662,train,MartFam,MartFam,3.3572955,3.6886885
1965,864691135878586963,test,thalamocortical,thalamocortical,3.1973338,6.310012
242,864691135717457946,test,L4IT,pyramidal,6.773756,9.037765
1606,864691135014276342,test,BasketFam,BasketFam,7.602178,10.234001
549,864691135132887456,test,NglFam,NglFam,8.944088,3.4624708
107,864691136145572404,train,BipFam,BipFam,3.3892496,9.707066
1201,864691136372954248,test,NglFam,NglFam,6.1946006,6.025734
99,864691135996104618,train,BasketFam,BasketFam,8.293792,9.865003
1023,864691135343506885,train,BipFam,BipFam,7.671866,6.4084463
4706,864691135779780797,test,MartFam,MartFam,2.845916,5.1632223
39,864691135990564864,train,NglFam,NglFam,8.571501,2.6096573
1655,864691135496444816,train,BasketFam,BasketFam,-0.68032503,4.0914664
335,864691135942120449,train,L6IT,pyramidal,9.3809,9.428196
25,864691135941886118,train,BipFam,BipFam,6.797509,6.707839
19,864691136239460668,train,L6IT,pyramidal,6.031323,9.865234
5466,864691135703016059,train,MartFam,MartFam,8.911979,4.4474936
2468,864691135341516741,test,MartFam,MartFam,8.094344,3.5691948
134,864691135570135020,train,L6IT,pyramidal,5.754483,9.798141
5226,864691136298913563,train,MartFam,MartFam,7.154873,3.4401255
4753,864691135398746401,train,MartFam,MartFam,2.9264505,5.342507
176,864691135689555680,train,NglFam,NglFam,8.362754,3.1892524
2817,864691135689015264,train,thalamocortical,thalamocortical,5.9307103,4.752504
501,864691136273370302,train,NglFam,NglFam,9.126377,9.1767025
963,864691135398746401,train,MartFam,MartFam,3.3346438,4.426846
231,864691136372954248,test,NglFam,NglFam,5.5277424,4.7214513
178,864691134887552506,train,L2IT,pyramidal,7.3489604,8.903587
1359,864691135584019053,test,MartFam,MartFam,4.3767447,4.368966
152,864691136485007404,train,L4IT,pyramidal,6.6166987,5.915472
4044,864691137056216950,train,MartFam,MartFam,3.3653588,3.6425726
3589,864691135409856713,train,BasketFam,BasketFam,-0.608616,5.5042176
432,864691135584629613,train,L2IT,pyramidal,9.0573225,5.676743
6914,864691135309486662,train,BasketFam,BasketFam,0.62194246,4.330212
10106,864691135858282030,train,MartFam,MartFam,5.4276104,2.810013
143,864691136273370302,train,NglFam,NglFam,3.1850097,4.0298476
443,864691136034199739,train,BipFam,BipFam,6.016689,7.823522
6658,864691135941898918,train,MartFam,MartFam,6.289624,7.8083105
52,864691135988742147,train,L4IT,pyramidal,5.5122943,5.494019
4767,864691135997428394,test,thalamocortical,thalamocortical,4.900337,4.6709027
473,864691135742824555,train,BipFam,BipFam,5.4164424,6.8818097
7601,864691135464991645,train,thalamocortical,thalamocortical,7.12469,6.7226634
250,864691135106309709,train,NglFam,NglFam,9.80507,8.392284
6916,864691135309486662,train,BasketFam,BasketFam,0.024891505,3.9914782
1453,864691136372954248,test,NglFam,NglFam,6.151725,5.659142
157,864691135840033171,train,NglFam,NglFam,4.0116434,10.036015
3579,864691135106189901,test,BasketFam,BasketFam,0.31318843,8.250447
490,864691136086632812,train,NglFam,NglFam,7.357782,3.4155421
434,864691136196240342,test,BipFam,BipFam,6.5664897,5.7226944
361,864691135689555680,train,NglFam,NglFam,8.411673,2.5831444
645,864691136090632503,train,L5IT,pyramidal,8.972902,5.3643475
3924,864691135689015264,train,thalamocortical,thalamocortical,3.2095022,8.202139
114,864691134941495395,train,L4IT,pyramidal,6.754729,9.518031
7691,864691136390905207,train,MartFam,MartFam,6.201598,3.3939376
595,864691136372954248,test,NglFam,NglFam,5.732022,4.3895173
177,864691136314178365,train,BipFam,BipFam,7.2225733,5.07121
185,864691135119335645,train,thalamocortical,thalamocortical,2.2589555,7.4075418
4312,864691136033871035,train,thalamocortical,thalamocortical,5.5072346,8.316594
392,864691135132887456,test,NglFam,NglFam,3.7600071,4.761869
12756,864691135271967397,train,MartFam,MartFam,4.026656,2.330063
1572,864691136925008100,train,BipFam,BipFam,3.0654886,7.753741
3024,864691135659538306,train,thalamocortical,thalamocortical,2.0547857,6.818293
177,864691136145537844,train,BipFam,BipFam,3.371186,6.2100697
2990,864691135853090503,test,BasketFam,BasketFam,-1.107497,4.473187
502,864691136445968259,train,BasketFam,BasketFam,4.640244,8.513371
545,864691135350977751,train,MartFam,MartFam,9.116296,4.692865
9799,864691135720572977,train,MartFam,MartFam,6.3730125,3.1286876
3766,864691135764678198,test,MartFam,MartFam,8.915089,6.639505
212,864691135640672571,train,L4IT,pyramidal,3.805492,9.678106
450,864691135878586963,test,thalamocortical,thalamocortical,2.3762524,8.063497
763,864691135106309709,train,NglFam,NglFam,5.506467,9.80154
1642,864691135689015264,train,thalamocortical,thalamocortical,4.151584,5.217174
4637,864691135464991645,train,thalamocortical,thalamocortical,4.4174185,8.648818
265,864691136489147922,train,L4IT,pyramidal,4.799626,8.535161
63,864691136273370302,train,NglFam,NglFam,3.5561235,8.098195
843,864691135810297885,train,BipFam,BipFam,7.8220987,9.087733
162,864691135115194009,train,BipFam,BipFam,5.504419,8.96171
64,864691137055712630,train,L4IT,pyramidal,6.96184,7.855931
6566,864691135779780797,test,MartFam,MartFam,5.6338234,5.1724
1302,864691135891796617,train,BasketFam,BasketFam,-0.89236486,4.670794
1265,864691136145537844,train,BipFam,BipFam,6.8423796,3.4395247
1988,864691135685030130,train,thalamocortical,thalamocortical,5.8139176,7.137564
86,864691134887444986,test,NglFam,NglFam,5.0523205,7.8718033
958,864691135447312274,train,L4IT,pyramidal,6.6515307,5.870132
2793,864691135343506885,train,BipFam,BipFam,8.575694,8.158132
1700,864691135997428394,test,thalamocortical,thalamocortical,2.3992333,6.2555823
6911,864691135477104960,train,thalamocortical,thalamocortical,3.8269222,4.6637635
257,864691136488621842,train,L6CT,pyramidal,9.0254,9.043447
943,864691135731889337,train,L3IT,pyramidal,5.6575265,7.1296916
19,864691136136383883,test,L4IT,pyramidal,8.391051,9.511759
3,864691135928029966,train,thalamocortical,thalamocortical,6.452743,7.6196384
53,864691135584471405,train,BipFam,BipFam,6.3814807,5.1370497
3797,864691136138695549,train,BasketFam,BasketFam,0.40425476,4.2659883
2261,864691135518791818,train,BasketFam,BasketFam,0.30279598,8.650896
2245,864691135878586963,test,thalamocortical,thalamocortical,4.3976603,7.990236
593,864691136523889553,train,BasketFam,BasketFam,0.90462244,4.208107
3116,864691135464991645,train,thalamocortical,thalamocortical,2.1294084,8.494628
1956,864691135611702023,train,BasketFam,BasketFam,-0.29651573,7.7137756
7491,864691135756844242,test,MartFam,MartFam,5.349181,5.0896916
2691,864691135689015264,train,thalamocortical,thalamocortical,4.4198546,8.043572
5552,864691135997428394,test,thalamocortical,thalamocortical,1.1228213,6.6344686
991,864691135764890678,train,MartFam,MartFam,7.9767556,3.51827
1294,864691136007128778,test,MartFam,MartFam,5.1436343,5.1938515
672,864691136372954248,test,NglFam,NglFam,3.999189,5.894448
415,864691135132887456,test,NglFam,NglFam,8.983918,3.491254
1695,864691135720572977,train,MartFam,MartFam,6.7044826,3.563698
170,864691136100014453,train,BipFam,BipFam,3.5683737,9.301575
14162,864691135779780797,test,MartFam,MartFam,9.258562,7.876668
240,864691136010639022,train,L3IT,pyramidal,6.3210115,8.382603
4291,864691136580010516,test,MartFam,MartFam,4.393124,6.7853146
202,864691135839932307,train,L2IT,pyramidal,8.454218,5.5944967
612,864691135756844242,test,MartFam,MartFam,1.1799726,5.682199
438,864691136052101363,train,BipFam,BipFam,6.558026,3.2835457
401,864691136925029092,train,L4IT,pyramidal,7.649772,7.1906686
328,864691136273370302,train,NglFam,NglFam,8.651794,9.560395
673,864691135447979922,train,BipFam,BipFam,7.094045,4.4888635
2075,864691135271915173,train,MartFam,MartFam,3.8546066,6.4832897
253,864691135867644805,train,L4IT,pyramidal,7.2932196,6.16786
149,864691135773209163,test,L4IT,pyramidal,7.106324,8.781136
1953,864691135885917808,train,BasketFam,BasketFam,-0.28163895,4.062236
1395,864691135474086450,train,BasketFam,BasketFam,-0.24635614,7.6717076
322,864691135132887456,test,NglFam,NglFam,4.1138453,7.1634817
2788,864691135853090503,test,BasketFam,BasketFam,0.37349504,5.12442
1956,864691135993185985,test,BasketFam,BasketFam,-0.6462361,6.0106363
1704,864691136523971473,train,BipFam,BipFam,5.397602,5.9355783
2714,864691135997428394,test,thalamocortical,thalamocortical,1.4721478,5.5413246
3323,864691136288755395,train,thalamocortical,thalamocortical,7.243718,6.4743056
4055,864691135571356038,test,MartFam,MartFam,8.328776,2.696735
4226,864691135210443897,train,BasketFam,BasketFam,0.2993596,4.9206853
826,864691136314485053,train,L5NP,pyramidal,8.496991,8.8447485
190,864691135503004765,train,BipFam,BipFam,6.63934,6.9458733
125,864691135274708753,train,BasketFam,BasketFam,0.6090663,4.0660825
290,864691136211068860,train,BasketFam,BasketFam,-0.048245214,6.9206653
1070,864691135119335645,train,thalamocortical,thalamocortical,1.9172707,7.0297666
8283,864691135756844242,test,MartFam,MartFam,9.764245,8.716161
2267,864691135084038647,train,MartFam,MartFam,3.8469791,5.470491
9,864691135369651193,train,BipFam,BipFam,4.2117434,5.047419
4564,864691135106209101,train,BasketFam,BasketFam,0.27225173,3.858995
1505,864691135685030130,train,thalamocortical,thalamocortical,2.1883245,8.236247
467,864691136026254649,train,L4IT,pyramidal,3.7854075,9.999883
5194,864691135212863360,train,MartFam,MartFam,8.507092,7.6684546
467,864691136034487739,train,BasketFam,BasketFam,7.7734413,4.178432
3566,864691135584068717,train,BasketFam,BasketFam,-0.88900465,4.099776
500,864691135773208651,train,L4IT,pyramidal,8.433202,9.1865015
2271,864691135492888039,test,BasketFam,BasketFam,0.22521299,4.168784
2126,864691135996104618,train,BasketFam,BasketFam,0.3637,4.81525
536,864691135755605197,train,thalamocortical,thalamocortical,2.9286993,7.217284
824,864691135470860370,test,BipFam,BipFam,0.73613197,6.226797
2750,864691135997140906,train,BipFam,BipFam,4.4318824,3.8274455
371,864691135447653010,train,L5IT,pyramidal,4.566833,10.191934
714,864691134966710559,train,L4IT,pyramidal,4.6483536,9.5743265
900,864691135106309709,train,NglFam,NglFam,5.4739323,7.6908784
747,864691135689555680,train,NglFam,NglFam,9.05579,2.894807
1191,864691135546797608,train,BasketFam,BasketFam,0.40441462,5.868247
185,864691135774127611,train,BipFam,BipFam,7.8024306,9.583063
1091,864691136118430628,train,BipFam,BipFam,6.7627563,3.8897
553,864691135470255698,train,thalamocortical,thalamocortical,3.9923983,7.3724422
1472,864691136196383190,train,BasketFam,BasketFam,0.011937461,5.003621
3750,864691135779780797,test,MartFam,MartFam,5.155843,3.2123957
373,864691134887444986,test,NglFam,NglFam,6.5690856,5.184524
1387,864691135196475434,train,MartFam,MartFam,3.9955173,2.726619
1303,864691135783317840,train,thalamocortical,thalamocortical,4.990293,5.2949038
2363,864691135271967397,train,MartFam,MartFam,4.986218,2.402548
4905,864691135470255698,train,thalamocortical,thalamocortical,1.4940804,7.0916705
3731,864691135739131780,train,MartFam,MartFam,5.9535437,8.311446
1895,864691135464991645,train,thalamocortical,thalamocortical,3.7200885,9.30275
2623,864691135928029966,train,thalamocortical,thalamocortical,3.9857407,6.823574
8,864691136524282001,train,NglFam,NglFam,8.355942,3.478795
2983,864691136330880234,train,MartFam,MartFam,3.985924,3.1906834
1394,864691135853090503,test,BasketFam,BasketFam,-0.35982442,3.625163
999,864691136092725684,test,L3IT,pyramidal,5.1907454,9.772403
24,864691135917047910,train,L6IT,pyramidal,8.06958,8.30401
593,864691136424439855,train,L4IT,pyramidal,4.553158,9.390171
3187,864691136814345075,train,MartFam,MartFam,8.942989,3.6190667
2078,864691135755605197,train,thalamocortical,thalamocortical,3.5102668,8.709817
4010,864691135616183499,train,BasketFam,BasketFam,0.36872515,4.2831964
46,864691136118430628,train,BipFam,BipFam,5.711036,5.2930317
228,864691135839999379,train,BipFam,BipFam,7.0082855,5.796226
855,864691136372954248,test,NglFam,NglFam,3.679846,4.22636
8,864691135384292843,train,L4IT,pyramidal,6.762677,5.9492235
626,864691135689555680,train,NglFam,NglFam,7.493071,4.856976
3529,864691135464991645,train,thalamocortical,thalamocortical,2.1117053,4.9487796
25,864691135309722950,test,L2IT,pyramidal,7.7679415,6.8327823
644,864691135271343525,train,BipFam,BipFam,2.5983474,8.4268055
2424,864691136011549614,train,BipFam,BipFam,7.1181617,5.541237
505,864691135470255698,train,thalamocortical,thalamocortical,3.085448,6.304021
780,864691134887444986,test,NglFam,NglFam,5.843463,6.811061
26,864691135369651193,train,BipFam,BipFam,0.65333164,6.086592
239,864691135492665959,train,MartFam,MartFam,8.776483,3.6574428
2671,864691135782873936,test,thalamocortical,thalamocortical,3.0777376,6.593245
2679,864691135477104960,train,thalamocortical,thalamocortical,5.0251,5.769902
4,864691135309733190,train,NglFam,NglFam,8.537958,3.89405
295,864691135466158917,test,L2IT,pyramidal,7.774998,7.248776
9625,864691135720572977,train,MartFam,MartFam,4.8301263,2.3860748
392,864691136086632812,train,NglFam,NglFam,9.341898,7.577649
254,864691135920591792,train,BasketFam,BasketFam,-0.5770845,3.543054
228,864691135866821340,train,thalamocortical,thalamocortical,2.3084877,5.5872498
165,864691135990564864,train,NglFam,NglFam,8.516034,2.5434864
1636,864691136438216350,train,BasketFam,BasketFam,-0.18026574,4.63228
5078,864691136033871035,train,thalamocortical,thalamocortical,2.8186247,6.0328116
1328,864691136372954248,test,NglFam,NglFam,-0.018301858,4.775335
255,864691136372039560,train,L6IT,pyramidal,5.151577,9.386667
627,864691135339982310,train,BasketFam,BasketFam,5.061333,7.6332464
1725,864691135778081453,train,thalamocortical,thalamocortical,1.8937548,5.8052926
61,864691136239793212,test,NglFam,NglFam,8.338504,6.877303
4369,864691136007059658,test,BipFam,BipFam,6.3632245,7.7709913
4000,864691136033871035,train,thalamocortical,thalamocortical,2.1434972,3.8886218
3498,864691136390828919,train,MartFam,MartFam,5.7506247,2.9843826
2125,864691135210446457,train,MartFam,MartFam,5.6898284,5.4482226
883,864691135971464805,train,BasketFam,BasketFam,-0.5264202,6.755765
3236,864691135362357319,train,BasketFam,BasketFam,-1.0661196,5.226592
678,864691135546339880,train,L4IT,pyramidal,7.079873,9.305996
1555,864691135518791818,train,BasketFam,BasketFam,7.474253,10.203114
260,864691136086632812,train,NglFam,NglFam,7.211483,5.192391
438,864691136391024144,train,NglFam,NglFam,5.922243,3.2783542
911,864691135214970752,train,BipFam,BipFam,3.9655848,7.6603146
3439,864691135562001633,train,MartFam,MartFam,-0.86432594,5.441892
8412,864691135858282030,train,MartFam,MartFam,3.8722017,3.0282118
3166,864691135015437462,test,BasketFam,BasketFam,-0.8455316,4.951607
456,864691135741458324,train,L2IT,pyramidal,7.162932,5.6095815
1353,864691135726140843,train,L3IT,pyramidal,2.9372013,7.9170337
1942,864691136392806271,train,BasketFam,BasketFam,-0.111395545,3.6037827
2918,864691136523889553,train,BasketFam,BasketFam,-0.3164772,3.6910555
948,864691136052101363,train,BipFam,BipFam,5.927588,9.57079
25,864691135305383591,train,NglFam,NglFam,8.2353325,3.318634
2448,864691135339982310,train,BasketFam,BasketFam,0.13699114,6.698482
3667,864691135778081453,train,thalamocortical,thalamocortical,2.3671129,7.4083056
815,864691136012173475,test,BipFam,BipFam,5.9412923,5.7608924
1068,864691136042989910,test,BasketFam,BasketFam,0.11086722,6.784063
1291,864691135772774651,test,MartFam,MartFam,2.9582407,5.036389
291,864691135689555680,train,NglFam,NglFam,8.700759,5.056017
274,864691136664127454,test,L4IT,pyramidal,4.7833,9.620821
1538,864691135350977751,train,MartFam,MartFam,7.8577137,5.5663037
4139,864691135858282030,train,MartFam,MartFam,3.2810738,3.6185298
2013,864691135866821340,train,thalamocortical,thalamocortical,2.54851,8.909538
534,864691135592830731,train,L4IT,pyramidal,7.0491447,7.418611
3356,864691135210446457,train,MartFam,MartFam,3.3335495,4.0430913
29,864691136595955362,train,MartFam,MartFam,1.0714643,6.6297703
658,864691135503182685,train,L5ET,pyramidal,1.4607736,6.663353
388,864691135479833030,train,L4IT,pyramidal,4.858334,9.585032
1323,864691135271343525,train,BipFam,BipFam,3.8621302,7.7349215
5095,864691135369668089,train,BasketFam,BasketFam,-0.8189839,3.6907375
4994,864691136033871035,train,thalamocortical,thalamocortical,5.765724,6.847808
4761,864691135997140906,train,BipFam,BipFam,4.4815764,7.04229
182,864691135816693327,train,L3IT,pyramidal,8.163521,6.9726105
1987,864691135573245165,train,BasketFam,BasketFam,7.12976,3.8559167
993,864691135387277397,test,thalamocortical,thalamocortical,3.796551,6.204755
225,864691135343506885,train,BipFam,BipFam,4.1398115,8.233526
182,864691135271970725,train,BasketFam,BasketFam,-1.0228151,4.997772
1000,864691136523971473,train,BipFam,BipFam,4.7324905,3.8013704
841,864691136927366986,train,thalamocortical,thalamocortical,3.3351865,6.082825
3094,864691135470255698,train,thalamocortical,thalamocortical,2.9954355,5.917955
4642,864691135464991645,train,thalamocortical,thalamocortical,4.093317,5.190839
322,864691135742895723,test,BipFam,BipFam,1.0468776,5.2975836
4371,864691136288755395,train,thalamocortical,thalamocortical,3.3275127,4.580395
424,864691136006493898,test,L4IT,pyramidal,7.7404547,6.5912757
1817,864691136058602712,train,thalamocortical,thalamocortical,2.419431,6.456116
1416,864691135755605197,train,thalamocortical,thalamocortical,3.3701706,8.492382
2951,864691135920591792,train,BasketFam,BasketFam,-0.471569,5.727337
3530,864691135396720885,train,BasketFam,BasketFam,-0.19805741,3.727584
580,864691136273370302,train,NglFam,NglFam,9.456468,7.9291725
4511,864691135778081453,train,thalamocortical,thalamocortical,3.7913527,8.849537
3258,864691135477104960,train,thalamocortical,thalamocortical,2.0595295,8.519118
728,864691134887444986,test,NglFam,NglFam,4.2689133,3.9765017
318,864691136436788382,train,BipFam,BipFam,5.2396736,8.2058325
58,864691134887444986,test,NglFam,NglFam,8.615658,4.3359203
691,864691134887444986,test,NglFam,NglFam,8.718319,2.8169444
2027,864691135562001633,train,MartFam,MartFam,1.0264465,5.68196
2978,864691135470255698,train,thalamocortical,thalamocortical,5.7090306,4.089808
861,864691135878407251,train,BasketFam,BasketFam,0.09954357,8.13777
160,864691135954940424,train,BipFam,BipFam,4.8942904,6.410375
2586,864691135409856713,train,BasketFam,BasketFam,0.81919694,6.2754774
769,864691135469845388,train,L4IT,pyramidal,7.8344493,5.452256
123,864691136620914829,train,L4IT,pyramidal,7.3389487,9.405279
3346,864691135470255698,train,thalamocortical,thalamocortical,2.6406848,6.1682463
1077,864691135571546917,train,MartFam,MartFam,4.70941,7.0300198
2621,864691135997140906,train,BipFam,BipFam,4.9606104,4.7900796
47,864691135211926464,train,L4IT,pyramidal,8.1929865,9.513229
244,864691136314178365,train,BipFam,BipFam,8.854366,5.117398
1291,864691135689015264,train,thalamocortical,thalamocortical,3.0869167,9.022464
1238,864691135997428394,test,thalamocortical,thalamocortical,7.517614,4.2460456
179,864691136022214648,train,L4IT,pyramidal,7.0783906,7.3936496
875,864691136125433894,train,L3IT,pyramidal,6.363981,7.769692
44,864691135920776624,train,MartFam,MartFam,3.7664099,6.0062394
1200,864691136372954248,test,NglFam,NglFam,5.9927516,3.2063718
59,864691136239793212,test,NglFam,NglFam,5.79223,9.526024
887,864691134966249759,train,thalamocortical,thalamocortical,2.156125,7.1015954
4742,864691135480702662,train,MartFam,MartFam,2.664174,7.880539
247,864691135493051879,train,L3IT,pyramidal,7.5309668,4.9676266
193,864691136314178365,train,BipFam,BipFam,7.6906466,4.484327
2422,864691135878586963,test,thalamocortical,thalamocortical,4.4977036,8.712267
5025,864691135755605197,train,thalamocortical,thalamocortical,4.549659,5.7182
399,864691136391024144,train,NglFam,NglFam,3.600776,4.88221
4450,864691136196932172,train,BasketFam,BasketFam,0.24208435,3.8456066
7,864691134887444986,test,NglFam,NglFam,-0.07076346,4.1215053
2307,864691135336840425,train,BasketFam,BasketFam,-0.014363154,4.8454795
5836,864691135853090503,test,BasketFam,BasketFam,-0.64045864,4.8273892
718,864691134887026938,train,L4IT,pyramidal,5.9018745,4.9008245
218,864691136336204979,train,NglFam,NglFam,8.783322,3.0081625
8111,864691135456535658,train,MartFam,MartFam,7.235346,7.875715
146,864691136228538961,train,L5IT,pyramidal,4.8851304,10.030383
399,864691135741641876,test,BasketFam,BasketFam,0.8734124,4.7777667
621,864691136195834070,train,L4IT,pyramidal,6.2962713,5.1552887
2888,864691135106209101,train,BasketFam,BasketFam,-0.04126348,5.61408
2720,864691135586022264,train,BasketFam,BasketFam,1.2345116,8.037473
32,864691135840033171,train,NglFam,NglFam,5.5534925,5.1310387
6123,864691135939776309,train,MartFam,MartFam,8.380284,4.810974
396,864691134887444986,test,NglFam,NglFam,6.4267383,5.638592
2253,864691135685030130,train,thalamocortical,thalamocortical,3.118634,5.902061
192,864691135309733190,train,NglFam,NglFam,8.525045,2.7843738
127,864691135839843475,train,BipFam,BipFam,5.7854037,8.841543
2283,864691135448017554,train,BasketFam,BasketFam,0.046795487,5.9445453
1287,864691135764890678,train,MartFam,MartFam,9.108479,4.711129
240,864691135726140843,train,L3IT,pyramidal,4.703003,5.6321526
8615,864691136390905207,train,MartFam,MartFam,8.339045,4.693928
255,864691136975624220,train,L4IT,pyramidal,3.034611,5.919601
35,864691135545730856,train,BipFam,BipFam,4.4420037,9.78757
2000,864691135212863360,train,MartFam,MartFam,5.6269345,3.1298537
1623,864691136523889553,train,BasketFam,BasketFam,0.7808356,4.0121107
447,864691135293096118,train,NglFam,NglFam,3.6975856,6.6265826
4854,864691135387529301,test,BasketFam,BasketFam,-0.28435767,5.362295
810,864691136273370302,train,NglFam,NglFam,9.826184,8.861947
4257,864691135470255698,train,thalamocortical,thalamocortical,5.3414764,6.9220724
311,864691136108370905,train,BipFam,BipFam,8.1005125,9.5970125
770,864691136010028974,train,L5IT,pyramidal,8.783819,4.7082005
1799,864691135503782210,test,BipFam,BipFam,3.8177776,10.150708
262,864691135742895723,test,BipFam,BipFam,4.1377363,4.0491185
3543,864691135464991645,train,thalamocortical,thalamocortical,2.4151983,6.3645163
3538,864691136011549614,train,BipFam,BipFam,6.0851502,6.2878485
5307,864691135477104960,train,thalamocortical,thalamocortical,4.844062,6.3324456
280,864691136299026971,test,L2IT,pyramidal,7.8813386,7.9381084
220,864691136314126653,train,BipFam,BipFam,8.374165,4.828576
610,864691135336954857,train,L4IT,pyramidal,6.9858913,8.194186
820,864691135756319186,train,L4IT,pyramidal,5.643124,8.437313
667,864691136108370905,train,BipFam,BipFam,7.516717,6.5838885
28,864691136314178365,train,BipFam,BipFam,5.914656,5.2947106
1278,864691135398746401,train,MartFam,MartFam,7.2507796,5.233208
554,864691135878586963,test,thalamocortical,thalamocortical,1.5734646,5.7790036
2129,864691135470255698,train,thalamocortical,thalamocortical,2.7033305,4.957379
7,864691135786943684,train,L6CT,pyramidal,9.122338,8.055559
121,864691136372630152,train,L6IT,pyramidal,8.836048,7.884931
163,864691135693735103,train,NglFam,NglFam,9.887189,8.648181
3746,864691136118294692,train,thalamocortical,thalamocortical,3.395397,6.992317
166,864691135659538306,train,thalamocortical,thalamocortical,6.5885024,5.234206
2558,864691136011549614,train,BipFam,BipFam,7.0881763,4.240061
3155,864691135997428394,test,thalamocortical,thalamocortical,1.2956879,5.8578415
253,864691135132887456,test,NglFam,NglFam,4.085785,4.4459987
544,864691135810098717,test,BasketFam,BasketFam,-0.36567935,3.941269
1734,864691135196475434,train,MartFam,MartFam,2.927139,4.7414956
2287,864691135997140906,train,BipFam,BipFam,5.8592467,5.5476527
1168,864691135928029966,train,thalamocortical,thalamocortical,5.5173755,8.069195
2619,864691135396720885,train,BasketFam,BasketFam,-1.2008007,4.369909
255,864691135303514791,train,NglFam,NglFam,8.975804,3.4258447
342,864691135942163201,train,L5IT,pyramidal,9.360425,9.557048
385,864691135335635177,train,L3IT,pyramidal,8.318782,9.493878
271,864691136524282001,train,NglFam,NglFam,6.882356,2.6779695
4636,864691135346954143,train,MartFam,MartFam,2.6496248,4.1343136
5729,864691136138622333,train,BasketFam,BasketFam,1.2039541,5.3723307
3551,864691135659538306,train,thalamocortical,thalamocortical,4.9497557,5.280365
1588,864691136372954248,test,NglFam,NglFam,4.8655424,2.8095329
1635,864691136372954248,test,NglFam,NglFam,4.674361,3.9119523
758,864691134990847098,train,BasketFam,BasketFam,8.31604,9.987873
2112,864691135928029966,train,thalamocortical,thalamocortical,2.523214,6.860738
936,864691136195284556,train,MartFam,MartFam,8.978734,8.510985
4901,864691136445968259,train,BasketFam,BasketFam,-0.6260713,6.9109836
3337,864691136288755395,train,thalamocortical,thalamocortical,1.6171372,6.910013
962,864691136033871035,train,thalamocortical,thalamocortical,6.2809443,9.074112
2933,864691136381324501,train,BasketFam,BasketFam,-0.3228501,5.6987357
2008,864691135212863360,train,MartFam,MartFam,9.120819,7.4337983
50,864691136021849848,train,L6CT,pyramidal,4.4967856,7.4691014
4764,864691136007059658,test,BipFam,BipFam,8.012726,6.3744297
2996,864691135997428394,test,thalamocortical,thalamocortical,4.252077,4.7495675
5027,864691135611702023,train,BasketFam,BasketFam,0.33523664,3.8358405
229,864691136524282001,train,NglFam,NglFam,3.4101906,5.205492
52,864691135351159255,train,thalamocortical,thalamocortical,3.749772,6.1331077
3023,864691135106189901,test,BasketFam,BasketFam,-0.20828468,4.645611
626,864691135866821340,train,thalamocortical,thalamocortical,0.10746257,6.6082096
1202,864691136288755395,train,thalamocortical,thalamocortical,3.353054,6.157507
519,864691135689015264,train,thalamocortical,thalamocortical,2.2866466,6.674716
2081,864691135783317840,train,thalamocortical,thalamocortical,3.3636186,8.677877
78,864691136100014453,train,BipFam,BipFam,6.389561,7.8416862
563,864691136043283030,test,L4IT,pyramidal,8.061406,7.6792088
352,864691135132887456,test,NglFam,NglFam,9.064249,3.9482079
300,864691135060651419,train,L2IT,pyramidal,6.8805118,5.860339
932,864691136005322698,test,BasketFam,BasketFam,-0.545615,4.7849755
344,864691134887444986,test,NglFam,NglFam,9.27205,4.383475
163,864691136524282001,train,NglFam,NglFam,8.503271,3.6108732
172,864691135476769344,train,L6CT,pyramidal,5.831433,9.562156
251,864691136524282001,train,NglFam,NglFam,8.454283,2.4642937
2264,864691135755605197,train,thalamocortical,thalamocortical,2.5146856,6.4098887
554,864691136210975676,test,L4IT,pyramidal,4.548841,10.232074
2218,864691135343601093,train,BasketFam,BasketFam,-0.02720323,3.659249
794,864691135857976366,train,BipFam,BipFam,4.7336855,4.500971
680,864691136086632812,train,NglFam,NglFam,7.2404923,3.4189277
321,864691136086632812,train,NglFam,NglFam,5.702819,4.231196
350,864691135398762529,train,BipFam,BipFam,5.999216,3.9678776
892,864691135566902039,train,BipFam,BipFam,7.052828,7.3530064
1158,864691136137064075,train,BipFam,BipFam,4.3410006,10.419438
5774,864691136390905207,train,MartFam,MartFam,5.4470296,2.9169316
3911,864691135755605197,train,thalamocortical,thalamocortical,2.0329902,7.468527
96,864691135616235979,train,BipFam,BipFam,8.028169,9.257409
417,864691135886314096,test,L4IT,pyramidal,7.4651203,8.679718
325,864691136524282001,train,NglFam,NglFam,7.7290516,2.8093343
594,864691134966621471,train,MartFam,MartFam,9.169299,7.8250203
100,864691136118337956,train,L4IT,pyramidal,7.6486244,7.3377433
2548,864691135772774651,test,MartFam,MartFam,3.1840086,3.71741
348,864691135446065810,train,MartFam,MartFam,4.3773313,9.785075
9159,864691135739131780,train,MartFam,MartFam,5.614887,3.1592405
187,864691136196202472,test,L4IT,pyramidal,3.3407998,6.3496814
115,864691136424990255,train,L6IT,pyramidal,9.044458,9.399454
1214,864691135577202181,train,MartFam,MartFam,9.0596485,6.456692
683,864691135351159255,train,thalamocortical,thalamocortical,3.5246608,5.7920012
3675,864691135196475434,train,MartFam,MartFam,3.2170086,3.9214382
4721,864691135990672896,train,MartFam,MartFam,6.0531044,8.361823
461,864691134887444986,test,NglFam,NglFam,6.461172,3.0658221
253,864691135616048587,train,L4IT,pyramidal,5.7238703,9.314903
559,864691135954640675,train,L2IT,pyramidal,6.9346147,5.895303
204,864691135336669673,train,MartFam,MartFam,4.1061406,5.9139347
2145,864691135387277397,test,thalamocortical,thalamocortical,3.2586644,5.4826574
14,864691135693735103,train,NglFam,NglFam,8.752001,9.516059
1510,864691136011485614,test,BasketFam,BasketFam,0.050921403,7.8806143
3728,864691135755605197,train,thalamocortical,thalamocortical,2.8696897,8.613166
1843,864691135503782210,test,BipFam,BipFam,8.019072,9.628961
46,864691136086632812,train,NglFam,NglFam,6.577992,5.776742
286,864691136052101363,train,BipFam,BipFam,6.0314116,9.473217
433,864691135132887456,test,NglFam,NglFam,8.885292,5.9162083
273,864691135499821331,train,L4IT,pyramidal,8.763743,8.513753
119,864691135592789259,train,BipFam,BipFam,8.102234,4.11543
9019,864691135779780797,test,MartFam,MartFam,5.754482,2.9853833
46,864691135778811325,train,L2IT,pyramidal,6.276735,6.058227
2246,864691136145537844,train,BipFam,BipFam,5.3807473,6.924975
1325,864691136025504569,train,L4IT,pyramidal,8.250255,4.6264844
1579,864691136034433723,train,MartFam,MartFam,2.9160526,6.611558
4,864691136336204979,train,NglFam,NglFam,9.173674,4.0497956
571,864691135496444816,train,BasketFam,BasketFam,-0.5104543,5.4749045
253,864691136273370302,train,NglFam,NglFam,9.529988,8.983748
1429,864691135106189901,test,BasketFam,BasketFam,-0.10427064,5.7416587
2755,864691135703016059,train,MartFam,MartFam,5.6945834,5.0743904
194,864691136273370302,train,NglFam,NglFam,6.678204,8.79885
205,864691135693735103,train,NglFam,NglFam,9.291053,8.798409
1525,864691135993185985,test,BasketFam,BasketFam,0.25630453,3.8466425
28,864691135839843475,train,BipFam,BipFam,3.3558087,7.9853835
251,864691136229363025,train,L4IT,pyramidal,5.565156,8.169528
92,864691136273370302,train,NglFam,NglFam,8.763092,8.724636
505,864691135694264511,train,L4IT,pyramidal,3.8465848,7.9788923
8,864691135779716797,test,L4IT,pyramidal,4.079206,6.661939
163,864691134887444986,test,NglFam,NglFam,4.663605,8.746299
3216,864691136390675216,train,BasketFam,BasketFam,9.123115,5.217374
705,864691136118430628,train,BipFam,BipFam,6.157669,8.802733
1039,864691136523971473,train,BipFam,BipFam,5.1475244,6.5217905
328,864691136372954248,test,NglFam,NglFam,6.208059,4.204322
46,864691135511324169,train,BipFam,BipFam,8.018766,7.1262293
481,864691136273370302,train,NglFam,NglFam,8.438241,6.670659
116,864691135477670312,train,L4IT,pyramidal,9.455103,3.29763
93,864691135376096329,train,BipFam,BipFam,4.8910375,10.081622
2355,864691135362357319,train,BasketFam,BasketFam,0.943507,6.0806303
301,864691136489147922,train,L4IT,pyramidal,7.864076,5.590094
443,864691136925008100,train,BipFam,BipFam,3.0709941,8.671075
4585,864691135477104960,train,thalamocortical,thalamocortical,1.6550564,6.8931723
1283,864691135456535658,train,MartFam,MartFam,3.3448849,3.8018706
1038,864691136118430628,train,BipFam,BipFam,4.8883824,7.1376863
317,864691135562950369,train,BipFam,BipFam,7.840788,7.5445275
36,864691135106309709,train,NglFam,NglFam,9.683475,8.074644
169,864691134887444986,test,NglFam,NglFam,5.4339137,3.9228742
6592,864691136390905207,train,MartFam,MartFam,8.907824,4.63003
2,864691135719900721,test,L4IT,pyramidal,4.4133205,7.6285563
122,864691135474086450,train,BasketFam,BasketFam,0.86649567,8.156847
2931,864691135210178169,test,BasketFam,BasketFam,-0.692884,6.6942716
2534,864691135611702023,train,BasketFam,BasketFam,0.9283707,4.311307
1429,864691135892176009,train,MartFam,MartFam,5.204939,6.38911
68,864691135346954143,train,MartFam,MartFam,3.591421,3.2542999
227,864691135015425942,test,BipFam,BipFam,4.1971836,10.272261
11438,864691135456535658,train,MartFam,MartFam,4.5259275,2.3220034
7663,864691135756844242,test,MartFam,MartFam,3.182497,8.454416
308,864691135456493418,test,BipFam,BipFam,5.147765,10.102872
250,864691135756075981,train,L5IT,pyramidal,7.917488,9.250557
2814,864691135274708753,train,BasketFam,BasketFam,0.3860737,4.0792127
6063,864691136196932172,train,BasketFam,BasketFam,-0.62825996,3.4822152
179,864691136905941426,train,BasketFam,BasketFam,-0.4900815,4.0288825
375,864691135132887456,test,NglFam,NglFam,3.6555798,5.6526465
1128,864691136118430628,train,BipFam,BipFam,6.4362173,9.25654
4771,864691135106189901,test,BasketFam,BasketFam,6.0636544,9.144588
425,864691135275949029,train,L2IT,pyramidal,8.753832,5.449111
1969,864691135566825495,train,BasketFam,BasketFam,0.77418786,4.1394763
1164,864691136120465944,train,thalamocortical,thalamocortical,2.7447548,8.027964
1722,864691135727929663,train,BasketFam,BasketFam,5.357805,8.300036
413,864691135293096118,train,NglFam,NglFam,3.3309395,8.048333
2164,864691136619344859,test,BasketFam,BasketFam,-0.96574944,4.9633517
494,864691135742826603,train,BipFam,BipFam,4.2307644,4.9148674
2974,864691136312445786,train,BasketFam,BasketFam,-0.6656843,5.282091
2569,864691135499765267,train,MartFam,MartFam,0.7713443,5.250712
2834,864691135235206489,train,MartFam,MartFam,5.5557714,3.2089078
1765,864691135119335645,train,thalamocortical,thalamocortical,7.069161,6.485686
652,864691136814025587,train,BasketFam,BasketFam,0.829311,4.0965548
1812,864691135431441968,train,thalamocortical,thalamocortical,5.143282,8.536686
318,864691135997140906,train,BipFam,BipFam,7.8371363,6.1782417
1467,864691135134565280,train,BasketFam,BasketFam,7.5811925,10.049484
4722,864691136330880234,train,MartFam,MartFam,5.3980675,2.9445646
106,864691135778544480,train,BipFam,BipFam,6.521008,9.558314
1535,864691135866821340,train,thalamocortical,thalamocortical,2.8556042,8.423671
582,864691136372954248,test,NglFam,NglFam,7.396299,7.8744826
465,864691135376096329,train,BipFam,BipFam,8.044542,9.731409
1860,864691135755605197,train,thalamocortical,thalamocortical,7.29839,5.626293
130,864691135765013302,test,L4IT,pyramidal,8.616213,5.47887
731,864691136905941426,train,BasketFam,BasketFam,0.34677514,3.4491842
300,864691135448256146,train,L4IT,pyramidal,6.2909803,7.173691
103,864691135446065810,train,MartFam,MartFam,7.200335,8.991922
337,864691136137064075,train,BipFam,BipFam,5.191643,9.120666
1710,864691136145537844,train,BipFam,BipFam,5.4672494,8.217295
2840,864691135783317840,train,thalamocortical,thalamocortical,8.241291,9.511659
27,864691135493031519,train,L4IT,pyramidal,8.5650015,4.6341767
2498,864691136312076122,train,MartFam,MartFam,6.2849255,8.741718
3181,864691135196475434,train,MartFam,MartFam,3.233447,7.1638474
5873,864691136021592568,train,BasketFam,BasketFam,-0.032134254,8.159148
4412,864691135997428394,test,thalamocortical,thalamocortical,0.693617,6.359101
2633,864691136288755395,train,thalamocortical,thalamocortical,2.2610927,5.86981
762,864691136239068732,train,L3IT,pyramidal,8.275174,7.410754
214,864691136523971473,train,BipFam,BipFam,3.4782786,7.9834166
487,864691136239793212,test,NglFam,NglFam,9.677601,9.086435
3531,864691136489623826,train,BasketFam,BasketFam,-0.84427327,5.354163
1518,864691135387277397,test,thalamocortical,thalamocortical,2.1432977,7.5533805
55,864691135977666883,train,L5ET,pyramidal,0.7226856,4.3733563
682,864691136453186559,train,BasketFam,BasketFam,0.049564723,8.255434
1719,864691136742921308,test,BasketFam,BasketFam,-0.043215267,3.6725044
310,864691136579434260,train,L6IT,pyramidal,7.6732335,8.026102
1705,864691135611702023,train,BasketFam,BasketFam,-0.7233404,3.8382115
13,864691136314178365,train,BipFam,BipFam,8.905937,4.4218745
13452,864691135210446457,train,MartFam,MartFam,6.722393,4.908601
1178,864691135474086450,train,BasketFam,BasketFam,7.591905,10.380503
651,864691136100014453,train,BipFam,BipFam,8.611926,9.8590555
3362,864691135858282030,train,MartFam,MartFam,4.24745,3.088714
5641,864691135686540471,train,BasketFam,BasketFam,0.56634265,6.7517686
110,864691135106309709,train,NglFam,NglFam,9.616779,8.446398
82,864691136372954248,test,NglFam,NglFam,4.814068,2.3984354
2704,864691135562001633,train,MartFam,MartFam,-0.22588876,6.0849857
364,864691136239793212,test,NglFam,NglFam,9.276598,8.194682
4413,864691136033871035,train,thalamocortical,thalamocortical,5.338734,4.303615
471,864691136524282001,train,NglFam,NglFam,8.435855,4.515616
501,864691135106309709,train,NglFam,NglFam,9.028637,9.140232
3092,864691135912137641,train,BasketFam,BasketFam,7.9048314,7.923544
197,864691135996891050,test,BipFam,BipFam,3.0684588,6.7498007
282,864691135303514791,train,NglFam,NglFam,8.565117,4.085754
365,864691135106309709,train,NglFam,NglFam,9.371257,8.074409
415,864691135809954845,train,L4IT,pyramidal,3.5871067,6.274018
8114,864691135456535658,train,MartFam,MartFam,7.616796,7.5162916
191,864691135941886118,train,BipFam,BipFam,6.3697023,5.7382464
1498,864691136372954248,test,NglFam,NglFam,5.982358,5.348144
1334,864691135659538306,train,thalamocortical,thalamocortical,3.5627198,5.447192
115,864691136523971473,train,BipFam,BipFam,4.9860477,4.120263
6086,864691135939776309,train,MartFam,MartFam,6.398756,3.1582816
833,864691135456493418,test,BipFam,BipFam,7.815656,6.816696
1130,864691135405713902,train,L3IT,pyramidal,6.4460154,7.885827
867,864691136196932172,train,BasketFam,BasketFam,-0.53071374,4.7515736
230,864691136138335101,train,L6IT,pyramidal,5.129438,10.376401
3874,864691136489623826,train,BasketFam,BasketFam,0.04045551,4.141338
943,864691135929072340,train,L5IT,pyramidal,7.559344,9.512302
259,864691135689555680,train,NglFam,NglFam,7.291694,5.4367547
3195,864691135294194358,train,thalamocortical,thalamocortical,5.9092507,6.7445464
502,864691136273370302,train,NglFam,NglFam,9.1956625,8.53518
19,864691136268801012,test,BasketFam,BasketFam,0.045495015,6.632909
2447,864691135810495005,train,BasketFam,BasketFam,-1.1552292,3.9713264
306,864691135132887456,test,NglFam,NglFam,4.2507377,4.2158732
368,864691136372954248,test,NglFam,NglFam,5.0182652,4.457147
180,864691135395833333,train,BipFam,BipFam,7.344994,6.8840275
89,864691136524282001,train,NglFam,NglFam,4.4120307,3.6445565
59,864691136010650796,train,BipFam,BipFam,4.3747005,4.55378
3456,864691136392806271,train,BasketFam,BasketFam,-0.07320027,3.5423727
394,864691135469845388,train,L4IT,pyramidal,7.426982,7.6209226
813,864691136145537844,train,BipFam,BipFam,9.150352,7.5873237
627,864691136484883756,train,BasketFam,BasketFam,5.2802052,9.711471
124,864691135309733190,train,NglFam,NglFam,8.845948,3.6593776
484,864691136067404440,test,MartFam,MartFam,8.432797,7.679754
255,864691135447312274,train,L4IT,pyramidal,3.572499,8.953849
171,864691135409856713,train,BasketFam,BasketFam,-0.508532,4.1117682
43,864691136484364844,train,L6CT,pyramidal,8.954996,9.882461
391,864691136239793212,test,NglFam,NglFam,9.2549095,7.9095
164,864691135347627423,train,BipFam,BipFam,8.210258,7.7039466
2251,864691136364183266,train,BasketFam,BasketFam,1.6459582,4.0352535
640,864691136364166370,train,BipFam,BipFam,5.371385,4.9814534
890,864691136137168779,train,BipFam,BipFam,8.245753,9.3117075
430,864691135868919318,test,L5IT,pyramidal,5.1919355,8.353844
202,864691135764890678,train,MartFam,MartFam,8.865628,4.5856514
217,864691136108370905,train,BipFam,BipFam,8.92721,7.935241
3083,864691135866821340,train,thalamocortical,thalamocortical,5.462362,6.862417
200,864691136336204979,train,NglFam,NglFam,4.619783,3.9392774
7942,864691135739131780,train,MartFam,MartFam,4.6592665,2.3325558
4437,864691135997140906,train,BipFam,BipFam,6.3438888,8.493849
465,864691135969582181,train,MartFam,MartFam,2.2970123,6.577954
1862,864691135778081453,train,thalamocortical,thalamocortical,3.6193295,8.427825
854,864691135210358137,train,L4IT,pyramidal,5.998182,9.245223
743,864691135503782210,test,BipFam,BipFam,4.755014,9.710145
35,864691136100014453,train,BipFam,BipFam,3.7995143,6.127176
925,864691135281109665,train,BasketFam,BasketFam,-1.0140587,3.838099
867,864691135764631862,train,L3IT,pyramidal,4.2376657,7.964712
1211,864691136813553523,train,BasketFam,BasketFam,3.302639,9.715684
605,864691135659538306,train,thalamocortical,thalamocortical,4.484074,6.827082
196,864691136331214058,test,L2IT,pyramidal,7.746236,6.5418134
2957,864691136011549614,train,BipFam,BipFam,6.693291,5.382664
3526,864691135496262032,train,BasketFam,BasketFam,0.1603045,5.924647
8439,864691136914542577,train,MartFam,MartFam,1.1128441,5.6736727
3600,864691136053350131,test,thalamocortical,thalamocortical,2.9263082,8.054156
546,864691134966069023,train,L4IT,pyramidal,5.919774,9.872151
537,864691136145537844,train,BipFam,BipFam,6.3092427,4.44195
5200,864691135939776309,train,MartFam,MartFam,3.9579477,4.912306
256,864691135293096118,train,NglFam,NglFam,5.873745,6.742504
3471,864691135325426076,train,MartFam,MartFam,5.477616,10.300618
6211,864691135853090503,test,BasketFam,BasketFam,-0.18388203,4.073395
513,864691136372954248,test,NglFam,NglFam,3.4658272,6.724798
866,864691136925825354,test,BasketFam,BasketFam,0.02552692,3.9629343
11,864691135493149927,train,L4IT,pyramidal,8.1481495,7.258734
1580,864691136091233847,train,thalamocortical,thalamocortical,2.4047153,5.2567134
791,864691135773209163,test,L4IT,pyramidal,7.597588,7.89905
1129,864691136814025587,train,BasketFam,BasketFam,0.77776104,4.2363286
1454,864691135569282284,train,MartFam,MartFam,5.718387,9.842309
1214,864691136298913563,train,MartFam,MartFam,8.861051,3.625316
226,864691136330407914,train,L2IT,pyramidal,6.7571416,8.719764
1583,864691135783317840,train,thalamocortical,thalamocortical,2.1455734,5.439736
464,864691135119630813,test,BipFam,BipFam,7.2030897,4.8835
3802,864691135703016059,train,MartFam,MartFam,6.067987,5.059289
4235,864691136196932172,train,BasketFam,BasketFam,-0.37137666,3.3925786
2955,864691135584068717,train,BasketFam,BasketFam,-0.13679905,5.784451
1637,864691135878586963,test,thalamocortical,thalamocortical,3.2214873,5.2411895
2014,864691136580010516,test,MartFam,MartFam,4.6503067,2.3324788
217,864691135493665631,train,L4IT,pyramidal,6.238075,6.988568
4547,864691135396720885,train,BasketFam,BasketFam,5.573712,3.124079
383,864691135157994084,test,L4IT,pyramidal,8.107304,8.41005
799,864691136991606421,train,L4IT,pyramidal,4.6222434,6.87806
6395,864691135477104960,train,thalamocortical,thalamocortical,2.9901955,6.919851
1867,864691136145537844,train,BipFam,BipFam,5.5085497,8.954897
1330,864691136091233847,train,thalamocortical,thalamocortical,3.8391016,8.7390375
2987,864691135470255698,train,thalamocortical,thalamocortical,3.1418066,7.3663187
7674,864691135756844242,test,MartFam,MartFam,3.4631462,3.774542
328,864691136025992761,train,BipFam,BipFam,3.7942421,10.258355
1340,864691135396720885,train,BasketFam,BasketFam,1.165843,7.4978805
3815,864691136118878116,train,MartFam,MartFam,3.4823747,3.6351707
1160,864691136674749575,train,L2IT,pyramidal,8.422475,4.7809587
495,864691135689555680,train,NglFam,NglFam,3.0726697,4.254416
2094,864691135878586963,test,thalamocortical,thalamocortical,2.4030457,7.9228415
1009,864691135528046939,train,MartFam,MartFam,6.51549,3.1677086
105,864691135993770945,test,BipFam,BipFam,3.9274826,10.13218
1490,864691136372954248,test,NglFam,NglFam,6.0534353,6.903335
2916,864691135464991645,train,thalamocortical,thalamocortical,3.2831714,5.9094887
1885,864691135997140906,train,BipFam,BipFam,7.190207,7.039124
67,864691136118878116,train,MartFam,MartFam,3.9499967,3.7796557
199,864691135309733190,train,NglFam,NglFam,8.2648735,4.061723
922,864691135742826603,train,BipFam,BipFam,4.4994864,5.2008276
1229,864691135468948364,train,L3IT,pyramidal,6.1463227,9.412817
774,864691136372954248,test,NglFam,NglFam,5.5453906,4.885606
525,864691135132887456,test,NglFam,NglFam,8.673663,5.09181
61,864691136273370302,train,NglFam,NglFam,9.565727,8.843871
36,864691135928029966,train,thalamocortical,thalamocortical,4.1686883,6.7329965
4333,864691136040742142,test,BasketFam,BasketFam,6.726474,8.258353
3338,864691136523889553,train,BasketFam,BasketFam,1.6133993,6.9101987
2787,864691136453186559,train,BasketFam,BasketFam,7.0233912,10.006251
3610,864691136118878116,train,MartFam,MartFam,1.3064022,6.162641
4850,864691135119335645,train,thalamocortical,thalamocortical,1.7563938,7.158796
5727,864691135309486662,train,BasketFam,BasketFam,0.53909147,6.5934925
1675,864691136523971473,train,BipFam,BipFam,8.30181,3.7342577
451,864691136620797837,train,L4IT,pyramidal,2.331352,4.9928985
457,864691135106309709,train,NglFam,NglFam,6.1704006,9.824745
13,864691135257689519,train,L6CT,pyramidal,6.437978,6.8942566
2000,864691135350977751,train,MartFam,MartFam,8.771164,2.6706927
406,864691136239793212,test,NglFam,NglFam,3.598511,9.808681
53,864691136336204979,train,NglFam,NglFam,8.530571,4.859174
4443,864691135466333509,train,BasketFam,BasketFam,7.65965,10.156495
204,864691135309733190,train,NglFam,NglFam,8.795085,3.8931613
89,864691135989836288,train,L2IT,pyramidal,6.792292,9.159081
5866,864691136580010516,test,MartFam,MartFam,1.3017095,6.1726847
111,864691135387277397,test,thalamocortical,thalamocortical,4.3493824,7.6569047
1588,864691135503782210,test,BipFam,BipFam,4.047988,6.021168
103,864691136273370302,train,NglFam,NglFam,6.4329305,9.22052
4441,864691135362357319,train,BasketFam,BasketFam,1.764985,6.6525373
324,864691135689555680,train,NglFam,NglFam,4.4297104,3.899917
15471,864691135779780797,test,MartFam,MartFam,3.1594253,3.7562351
6377,864691135839979667,train,MartFam,MartFam,2.717948,4.192051
254,864691136086632812,train,NglFam,NglFam,3.937614,6.1342626
5359,864691135309486662,train,BasketFam,BasketFam,-1.0103687,4.4868956
1152,864691136120465944,train,thalamocortical,thalamocortical,2.0014832,3.5130847
2199,864691135015437462,test,BasketFam,BasketFam,0.067660965,5.8620954
599,864691136314448701,test,L4IT,pyramidal,5.948879,6.9814897
6128,864691135853090503,test,BasketFam,BasketFam,0.8794735,4.545071
1942,864691136011549614,train,BipFam,BipFam,5.713385,6.713244
444,864691135303514791,train,NglFam,NglFam,8.9161005,2.7836187
1038,864691135741641876,test,BasketFam,BasketFam,-0.45398402,4.7239394
1902,864691136091233847,train,thalamocortical,thalamocortical,4.13145,5.0259237
1391,864691136011549614,train,BipFam,BipFam,4.244979,5.0374165
29,864691135518173395,train,L4IT,pyramidal,7.8932614,9.109344
277,864691135375655880,train,BipFam,BipFam,7.599622,7.151676
1451,864691135119335645,train,thalamocortical,thalamocortical,5.4289365,5.1010194
4898,864691135756844242,test,MartFam,MartFam,3.389389,3.8718116
735,864691134887444986,test,NglFam,NglFam,8.646952,4.3337116
2242,864691136145537844,train,BipFam,BipFam,6.361495,4.2502756
101,864691135387277397,test,thalamocortical,thalamocortical,2.231883,8.485314
665,864691135106309709,train,NglFam,NglFam,7.1549172,8.971493
1358,864691136925008100,train,BipFam,BipFam,3.5250807,6.71205
6353,864691136145494068,train,BasketFam,BasketFam,-0.20982276,5.258873
91,864691135361291591,train,MartFam,MartFam,6.9580383,9.117927
1008,864691135106309709,train,NglFam,NglFam,9.393072,9.470466
692,864691135731889337,train,L3IT,pyramidal,4.736147,6.9712176
85,864691135929072340,train,L5IT,pyramidal,5.2312503,5.4278593
7819,864691136580010516,test,MartFam,MartFam,2.7094655,8.168111
363,864691135928376590,test,L3IT,pyramidal,8.277503,6.8059173
295,864691135779377341,train,L4IT,pyramidal,7.198658,5.8498006
4208,864691135772774651,test,MartFam,MartFam,3.9123735,4.1375904
23,864691136391023120,train,BasketFam,BasketFam,1.369768,6.0139227
6101,864691136007059658,test,BipFam,BipFam,7.7366962,9.592107
297,864691136034526651,train,BipFam,BipFam,8.073471,7.7518167
625,864691135970210661,train,L5IT,pyramidal,7.4573555,8.1315565
330,864691136381346005,train,L4IT,pyramidal,7.2128916,8.364836
5536,864691135595810859,train,BasketFam,BasketFam,0.011862948,3.5652208
3468,864691136595955362,train,MartFam,MartFam,2.572825,7.8927464
421,864691135106309709,train,NglFam,NglFam,6.140435,3.0014923
3604,864691135755605197,train,thalamocortical,thalamocortical,1.4650601,7.019644
2547,864691135941829121,test,BasketFam,BasketFam,-0.59491163,6.7865834
1699,864691135817803599,test,BasketFam,BasketFam,1.2865182,7.402384
1029,864691135336669673,train,MartFam,MartFam,8.167979,9.133451
615,864691135351159255,train,thalamocortical,thalamocortical,3.367417,8.503327
3506,864691136118294692,train,thalamocortical,thalamocortical,1.1126698,6.996064
307,864691134887444986,test,NglFam,NglFam,4.490912,6.3191814
245,864691135764890678,train,MartFam,MartFam,8.895097,3.3780177
317,864691136011733934,train,MartFam,MartFam,4.283371,2.3534298
3261,864691136336192947,train,BasketFam,BasketFam,0.39187747,4.991222
167,864691136211068860,train,BasketFam,BasketFam,-0.18593074,7.376122
1686,864691135464991645,train,thalamocortical,thalamocortical,6.565395,6.885822
325,864691135755707597,train,BipFam,BipFam,7.814371,6.85173
541,864691135562950369,train,BipFam,BipFam,4.573601,4.514074
6329,864691136021592568,train,BasketFam,BasketFam,0.27035865,7.34829
4098,864691135119335645,train,thalamocortical,thalamocortical,2.4460168,6.4591403
24,864691135303514791,train,NglFam,NglFam,9.008507,2.924273
305,864691135911276969,train,L4IT,pyramidal,6.336637,9.7718935
505,864691136239980604,train,L4IT,pyramidal,7.222742,6.104782
2568,864691136011733934,train,MartFam,MartFam,3.530339,8.4499
29,864691135384285931,train,L4IT,pyramidal,8.318191,8.516336
4371,864691135477104960,train,thalamocortical,thalamocortical,2.8719325,6.1331
546,864691135866751870,train,L5IT,pyramidal,8.403055,4.7940555
296,864691136111556792,train,L4IT,pyramidal,6.4832087,6.08234
751,864691136120465944,train,thalamocortical,thalamocortical,5.676373,9.088319
4098,864691136011485614,test,BasketFam,BasketFam,-0.9161477,4.534962
224,864691135369651193,train,BipFam,BipFam,3.8249822,4.8533163
13727,864691135210446457,train,MartFam,MartFam,5.76761,5.262481
755,864691136123919654,train,BasketFam,BasketFam,0.21074459,7.7113223
4912,864691135388984961,train,BasketFam,BasketFam,1.037254,4.032604
357,864691136524282001,train,NglFam,NglFam,7.5702415,5.3174186
150,864691135106309709,train,NglFam,NglFam,8.55362,9.363553
1840,864691135778116013,train,BasketFam,BasketFam,0.009511574,3.9298496
6923,864691136007059658,test,BipFam,BipFam,4.323035,7.1847134
1513,864691135878407251,train,BasketFam,BasketFam,-1.305257,5.3280773
1202,864691136137168779,train,BipFam,BipFam,3.4490325,6.996067
7922,864691135271967397,train,MartFam,MartFam,1.1110153,6.5874834
2280,864691136118294692,train,thalamocortical,thalamocortical,4.127772,6.855864
226,864691135867532933,train,L6IT,pyramidal,5.925188,9.644099
682,864691135374981320,train,L4IT,pyramidal,3.7220113,9.7913065
7677,864691135562001633,train,MartFam,MartFam,-0.2619263,5.8972673
1675,864691135118298333,train,MartFam,MartFam,2.5550416,4.3771935
294,864691136523288465,train,L4IT,pyramidal,5.7487297,9.305546
270,864691135132887456,test,NglFam,NglFam,8.539222,2.560468
1042,864691136372954248,test,NglFam,NglFam,4.9583874,3.0588458
191,864691134887444986,test,NglFam,NglFam,3.7205808,6.433844
1664,864691135210178169,test,BasketFam,BasketFam,0.3411123,7.763554
4609,864691135685250546,train,BasketFam,BasketFam,-0.91024905,4.221292
280,864691135778618029,train,BipFam,BipFam,3.5947678,9.744286
2863,864691135409856713,train,BasketFam,BasketFam,-0.49131894,5.0304127
884,864691136524014993,train,BasketFam,BasketFam,1.1366229,4.076004
352,864691136620914829,train,L4IT,pyramidal,7.7365413,7.867133
488,864691135689555680,train,NglFam,NglFam,8.608012,4.1326685
58,864691135234382937,train,L3IT,pyramidal,8.364705,8.370466
662,864691135585989240,train,BasketFam,BasketFam,0.23915094,7.787279
3639,864691135689015264,train,thalamocortical,thalamocortical,2.0144997,7.118548
3406,864691136580010516,test,MartFam,MartFam,4.062969,2.5166366
2755,864691135464991645,train,thalamocortical,thalamocortical,2.412021,6.1645455
253,864691136927176778,train,L5IT,pyramidal,4.731834,10.074782
712,864691135977010031,test,L4IT,pyramidal,7.2691607,8.441185
4646,864691135755605197,train,thalamocortical,thalamocortical,6.635761,6.217534
905,864691136118805668,train,L6IT,pyramidal,4.233395,10.375172
7545,864691135477104960,train,thalamocortical,thalamocortical,5.23235,6.2384977
424,864691135685030130,train,thalamocortical,thalamocortical,3.3265228,7.113233
554,864691135849426270,train,L5IT,pyramidal,5.7741194,9.802482
1025,864691135726140843,train,L3IT,pyramidal,8.212364,8.28625
12,864691135689015264,train,thalamocortical,thalamocortical,2.8528605,7.862001
134,864691136314126653,train,BipFam,BipFam,7.12784,5.9086285
813,864691135689555680,train,NglFam,NglFam,5.9932137,5.6113224
460,864691136239793212,test,NglFam,NglFam,6.723386,9.096128
4425,864691135853090503,test,BasketFam,BasketFam,-1.0949591,5.037546
712,864691136927366986,train,thalamocortical,thalamocortical,3.9833481,5.101426
6499,864691134886037498,train,MartFam,MartFam,2.6781802,4.7407913
3501,864691136033871035,train,thalamocortical,thalamocortical,5.606653,8.125669
835,864691135782873936,test,thalamocortical,thalamocortical,5.0475907,5.151537
1581,864691135717457946,test,L4IT,pyramidal,5.8803144,6.482975
6464,864691135477104960,train,thalamocortical,thalamocortical,1.9800009,6.4305086
42,864691136311106650,train,L5IT,pyramidal,3.693895,9.9803
548,864691134887444986,test,NglFam,NglFam,3.3752756,5.226509
2844,864691136523971473,train,BipFam,BipFam,8.256037,3.634218
761,864691135662825456,test,L4IT,pyramidal,6.6176615,7.354142
916,864691135954582563,train,MartFam,MartFam,4.4163733,9.340194
475,864691136425681967,train,L4IT,pyramidal,4.3677316,5.001567
3271,864691135990672896,train,MartFam,MartFam,6.4464774,9.012614
392,864691135447979922,train,BipFam,BipFam,7.368977,5.8300333
2265,864691135387529301,test,BasketFam,BasketFam,-0.5287933,4.57033
8121,864691135562001633,train,MartFam,MartFam,2.804241,5.0823593
570,864691136391024144,train,NglFam,NglFam,3.458253,6.1679983
5711,864691135689015264,train,thalamocortical,thalamocortical,1.621852,6.308395
5479,864691136033871035,train,thalamocortical,thalamocortical,1.3914492,5.6273613
149,864691135257689519,train,L6CT,pyramidal,7.8690352,7.4791675
184,864691135890695049,test,L4IT,pyramidal,5.8416777,6.6829014
111,864691135783317840,train,thalamocortical,thalamocortical,5.5404367,5.762558
132,864691135619317391,test,L4IT,pyramidal,6.604507,6.5531673
851,864691135778081453,train,thalamocortical,thalamocortical,3.8706865,5.452212
130,864691136336204979,train,NglFam,NglFam,7.3360863,3.487825
1112,864691135977768259,train,BasketFam,BasketFam,0.08061321,5.653889
188,864691136137293195,train,L2IT,pyramidal,7.7981544,5.6575236
70,864691135431579440,train,BipFam,BipFam,8.828138,5.371012
735,864691135106309709,train,NglFam,NglFam,7.21794,8.135173
2379,864691135997140906,train,BipFam,BipFam,7.7480993,8.05738
184,864691136445249923,train,L2IT,pyramidal,7.7660465,8.29697
1368,864691136523971473,train,BipFam,BipFam,3.567844,4.5068192
343,864691135618332265,train,BasketFam,BasketFam,0.17763785,6.879466
76,864691135689555680,train,NglFam,NglFam,3.3613977,7.65529
3205,864691135119335645,train,thalamocortical,thalamocortical,2.3821971,3.9406228
5175,864691136211068860,train,BasketFam,BasketFam,-0.8810071,4.3518085
2198,864691135470860370,test,BipFam,BipFam,4.1437726,3.3366587
156,864691135309733190,train,NglFam,NglFam,0.3719004,4.790687
4181,864691135373601736,train,BasketFam,BasketFam,0.31078976,8.089422
1600,864691135387551061,train,BasketFam,BasketFam,3.7508318,5.5910273
1924,864691136118878116,train,MartFam,MartFam,4.666075,2.8777256
4443,864691136118878116,train,MartFam,MartFam,4.90156,2.4724674
1181,864691135701340194,train,BasketFam,BasketFam,-0.6435342,4.000013
1066,864691135474179378,test,MartFam,MartFam,3.072273,5.549886
3208,864691136053350131,test,thalamocortical,thalamocortical,1.6778709,3.8942814
557,864691135124690471,train,BasketFam,BasketFam,-1.0827154,3.917791
1384,864691136110765496,train,MartFam,MartFam,4.6589923,10.407719
438,864691135396720885,train,BasketFam,BasketFam,-0.38707665,5.744458
1425,864691135997140906,train,BipFam,BipFam,4.566643,8.701041
317,864691135994134977,train,L4IT,pyramidal,4.3401804,6.9254556
145,864691136372039560,train,L6IT,pyramidal,7.4753942,9.73742
765,864691135755707597,train,BipFam,BipFam,5.2887135,8.307795
117,864691136927801674,train,L4IT,pyramidal,5.7288036,5.0669456
352,864691135989943040,train,L3IT,pyramidal,8.708862,8.662476
414,864691136489623826,train,BasketFam,BasketFam,0.3246839,5.5021205
841,864691135106309709,train,NglFam,NglFam,4.6084394,9.173452
575,864691135689555680,train,NglFam,NglFam,3.1458552,7.085334
8132,864691136914542577,train,MartFam,MartFam,3.760992,5.301741
2462,864691135727929663,train,BasketFam,BasketFam,4.65096,2.679604
1651,864691135409856713,train,BasketFam,BasketFam,-0.12434549,4.4165893
151,864691135375484489,test,L4IT,pyramidal,5.030183,5.909269
1965,864691136925008100,train,BipFam,BipFam,5.268415,5.263228
1749,864691135478434216,train,BasketFam,BasketFam,-0.7726598,4.7961802
198,864691135562950369,train,BipFam,BipFam,5.435504,7.455836
5105,864691135997428394,test,thalamocortical,thalamocortical,4.064977,7.2480764
106,864691135618332265,train,BasketFam,BasketFam,-0.6348657,3.5038593
3097,864691135997140906,train,BipFam,BipFam,7.5440464,4.6388383
4696,864691136138622333,train,BasketFam,BasketFam,1.3184707,4.002254
1056,864691135106309709,train,NglFam,NglFam,8.808905,9.380134
196,864691135466158917,test,L2IT,pyramidal,7.904541,8.432784
303,864691135503443549,train,L4IT,pyramidal,8.101811,4.1549916
992,864691136196932172,train,BasketFam,BasketFam,-0.4502125,4.268859
2224,864691135772774651,test,MartFam,MartFam,3.622421,3.5253212
161,864691136336204979,train,NglFam,NglFam,4.930368,5.8658657
1811,864691135464678206,train,MartFam,MartFam,4.7314496,2.9726477
5793,864691135477104960,train,thalamocortical,thalamocortical,2.8403144,6.367649
473,864691136239793212,test,NglFam,NglFam,9.33549,8.503571
4392,864691135477104960,train,thalamocortical,thalamocortical,2.110167,8.478777
6988,864691135477104960,train,thalamocortical,thalamocortical,3.9496112,5.0366774
119,864691136336204979,train,NglFam,NglFam,4.6163416,9.040894
1324,864691135928029966,train,thalamocortical,thalamocortical,2.6655824,6.147641
888,864691135566979927,train,MartFam,MartFam,8.240946,8.023697
222,864691136145572404,train,BipFam,BipFam,3.0792196,7.8192635
6101,864691135384716762,train,MartFam,MartFam,2.8067815,4.388211
2907,864691135571356038,test,MartFam,MartFam,6.2899857,5.383695
379,864691135742824555,train,BipFam,BipFam,4.979862,8.955221
1861,864691135659538306,train,thalamocortical,thalamocortical,5.9789596,6.9274416
6066,864691135689015264,train,thalamocortical,thalamocortical,5.062567,5.5250382
3870,864691136011549614,train,BipFam,BipFam,4.0665107,4.874347
2035,864691136120465944,train,thalamocortical,thalamocortical,4.213591,5.518869
6101,864691135703016059,train,MartFam,MartFam,4.6917486,2.506349
180,864691136336204979,train,NglFam,NglFam,8.324142,3.0009744
79,864691135115194009,train,BipFam,BipFam,4.015845,10.548396
215,864691135693735103,train,NglFam,NglFam,7.280855,9.533301
3579,864691135779780797,test,MartFam,MartFam,5.6481843,2.7914286
300,864691135361430087,test,L5IT,pyramidal,4.6657596,9.57878
263,864691136011458734,test,BasketFam,BasketFam,-0.81674117,3.9113169
5746,864691135346954143,train,MartFam,MartFam,2.6663032,5.733466
3616,864691136390675216,train,BasketFam,BasketFam,5.139444,4.859611
369,864691134966714655,train,L4IT,pyramidal,7.4011955,6.11226
286,864691135293096118,train,NglFam,NglFam,4.4992104,8.387586
2161,864691136120465944,train,thalamocortical,thalamocortical,1.5223366,7.1269116
790,864691134887444986,test,NglFam,NglFam,9.160424,3.964495
302,864691135447979922,train,BipFam,BipFam,6.716261,3.7159348
2900,864691135343601093,train,BasketFam,BasketFam,7.3606734,7.13464
1344,864691136123919654,train,BasketFam,BasketFam,7.440582,10.52644
398,864691135928395278,train,L4IT,pyramidal,6.3649564,7.8683243
767,864691136052101363,train,BipFam,BipFam,6.029739,9.279913
715,864691136484876588,train,MartFam,MartFam,9.260858,8.047168
348,864691135119335645,train,thalamocortical,thalamocortical,3.140168,9.201631
242,864691135469753426,train,L2IT,pyramidal,4.2053185,4.8451924
309,864691136391024144,train,NglFam,NglFam,7.586232,4.9457355
166,864691135727686463,train,BipFam,BipFam,3.6004412,5.7066708
125,864691135303514791,train,NglFam,NglFam,8.872976,3.2807014
4977,864691135119335645,train,thalamocortical,thalamocortical,2.068333,8.480935
1653,864691136523971473,train,BipFam,BipFam,5.133441,7.187779
78,864691135503782210,test,BipFam,BipFam,4.687952,10.023641
335,864691135115194009,train,BipFam,BipFam,6.638705,8.980172
1834,864691135384716762,train,MartFam,MartFam,3.3717809,3.9567883
58,864691135783308368,train,L4IT,pyramidal,7.6383467,6.6256948
447,864691134887444986,test,NglFam,NglFam,3.606807,6.9522834
5332,864691136040742142,test,BasketFam,BasketFam,-1.1951925,4.498627
12,864691136391024144,train,NglFam,NglFam,3.5655239,6.362679
306,864691135656674242,train,L5IT,pyramidal,8.593546,8.737204
338,864691136381294805,train,L5IT,pyramidal,8.639115,7.971555
5619,864691136314120765,train,BasketFam,BasketFam,-1.2629987,4.4041543
7461,864691135456535658,train,MartFam,MartFam,5.47921,2.8531368
5093,864691135470255698,train,thalamocortical,thalamocortical,3.0016558,9.081319
7221,864691136007059658,test,BipFam,BipFam,6.3375826,7.7483053
2254,864691136058602712,train,thalamocortical,thalamocortical,1.2685844,7.1256094
165,864691134886792442,train,MartFam,MartFam,8.959106,6.7772937
6290,864691135212863360,train,MartFam,MartFam,6.9613156,5.67529
1975,864691136312076122,train,MartFam,MartFam,6.8033776,3.5141692
338,864691136239793212,test,NglFam,NglFam,8.817651,8.226288
205,864691134919869706,test,L4IT,pyramidal,5.1610174,9.321735
3031,864691135997428394,test,thalamocortical,thalamocortical,0.506564,5.552845
636,864691135741458324,train,L2IT,pyramidal,7.112467,5.7237754
512,864691136239793212,test,NglFam,NglFam,6.127902,9.086881
258,864691136229363025,train,L4IT,pyramidal,5.7751837,9.084109
1766,864691135573245165,train,BasketFam,BasketFam,9.051846,6.4590726
1997,864691136033871035,train,thalamocortical,thalamocortical,2.1820698,3.8155289
8462,864691135480702662,train,MartFam,MartFam,2.848153,4.21928
677,864691135726881195,train,L4IT,pyramidal,4.8394303,4.848031
490,864691136145537844,train,BipFam,BipFam,5.617358,8.43906
225,864691135755707597,train,BipFam,BipFam,6.7324376,3.3389158
119,864691135303514791,train,NglFam,NglFam,7.905027,8.507399
104,864691135503004765,train,BipFam,BipFam,7.178982,6.185294
319,864691135584068717,train,BasketFam,BasketFam,-0.41451362,4.52206
3626,864691136523889553,train,BasketFam,BasketFam,0.6543029,4.5692196
344,864691135778081453,train,thalamocortical,thalamocortical,5.253563,8.909368
181,864691135616235979,train,BipFam,BipFam,6.2345796,8.72581
4674,864691135106209101,train,BasketFam,BasketFam,4.002151,9.441807
460,864691135875777166,test,BasketFam,BasketFam,0.20286521,4.207757
5372,864691135274708753,train,BasketFam,BasketFam,1.4708207,3.8779204
5942,864691135477104960,train,thalamocortical,thalamocortical,4.04551,7.148825
2586,864691136312057178,train,BasketFam,BasketFam,-0.44447908,5.8792925
208,864691135764890678,train,MartFam,MartFam,8.61023,7.0219045
526,864691135996891050,test,BipFam,BipFam,4.1710277,6.1822114
4324,864691136523889553,train,BasketFam,BasketFam,0.39802822,4.2196074
15589,864691135779780797,test,MartFam,MartFam,3.9827995,2.7299442
147,864691136086632812,train,NglFam,NglFam,6.9276185,3.4442992
2257,864691135369668089,train,BasketFam,BasketFam,-0.38091245,3.5619264
528,864691135659538306,train,thalamocortical,thalamocortical,4.6674643,5.648494
26,864691135359413848,train,BipFam,BipFam,7.6572576,8.812028
353,864691135866821340,train,thalamocortical,thalamocortical,4.6693525,3.7289646
3076,864691135611702023,train,BasketFam,BasketFam,1.5488225,3.7551749
14,864691136391024144,train,NglFam,NglFam,2.8779464,6.8248353
654,864691136196240342,test,BipFam,BipFam,5.843749,5.8624516
186,864691136273370302,train,NglFam,NglFam,5.148977,10.116067
1087,864691135101595680,test,L4IT,pyramidal,7.509948,7.2155657
1051,864691135778618029,train,BipFam,BipFam,4.0070124,9.09116
993,864691135518791818,train,BasketFam,BasketFam,0.17606701,8.364898
186,864691135840033171,train,NglFam,NglFam,4.8382897,8.617528
42,864691135659538306,train,thalamocortical,thalamocortical,2.2113004,6.5002403
29,864691135839999379,train,BipFam,BipFam,9.102373,4.6958723
273,864691135941829121,test,BasketFam,BasketFam,0.12139391,7.198115
409,864691134966495519,train,L3IT,pyramidal,7.925923,8.060084
2892,864691135997428394,test,thalamocortical,thalamocortical,0.96367884,4.532767
8585,864691135480702662,train,MartFam,MartFam,2.8780882,4.2574906
583,864691135782873936,test,thalamocortical,thalamocortical,4.359107,8.045609
4201,864691135446065810,train,MartFam,MartFam,8.239236,7.7398667
2223,864691137056216950,train,MartFam,MartFam,3.924578,2.996619
3885,864691135858282030,train,MartFam,MartFam,4.832069,6.887337
218,864691135693735103,train,NglFam,NglFam,8.622894,9.598041
2210,864691135336840425,train,BasketFam,BasketFam,-0.018510833,3.9609818
2570,864691136091233847,train,thalamocortical,thalamocortical,2.434399,6.7129836
1677,864691136195284556,train,MartFam,MartFam,6.165639,5.550653
533,864691135566902039,train,BipFam,BipFam,2.910321,8.05543
134,864691136620797837,train,L4IT,pyramidal,5.2026668,6.4858527
121,864691135398817569,train,L2IT,pyramidal,8.885802,8.750339
300,864691136484883756,train,BasketFam,BasketFam,0.7730251,4.305239
20,864691136524089489,train,L2IT,pyramidal,9.155519,5.2988944
704,864691135990672896,train,MartFam,MartFam,8.189182,9.445287
369,864691136091074615,train,L4IT,pyramidal,5.4001822,7.502374
4214,864691135464991645,train,thalamocortical,thalamocortical,5.2840986,5.107872
2374,864691136288755395,train,thalamocortical,thalamocortical,4.9989023,5.326385
1052,864691135387277397,test,thalamocortical,thalamocortical,5.9245863,6.5596237
108,864691136925825354,test,BasketFam,BasketFam,7.9457335,8.8243475
312,864691136107670745,train,BasketFam,BasketFam,0.2650054,7.556088
3086,864691135446065810,train,MartFam,MartFam,5.3273244,8.619406
340,864691135579134981,train,BipFam,BipFam,4.022503,7.2514863
912,864691136110765496,train,MartFam,MartFam,8.3284235,8.09649
1063,864691135477104960,train,thalamocortical,thalamocortical,2.6980512,6.731517
158,864691136006393034,train,MartFam,MartFam,2.859589,4.046978
97,864691136314126653,train,BipFam,BipFam,8.281581,5.0669093
491,864691135106309709,train,NglFam,NglFam,8.453144,9.743099
2950,864691135702887291,train,BasketFam,BasketFam,7.4249897,10.578134
8,864691135132887456,test,NglFam,NglFam,9.22532,3.8305323
258,864691134887444986,test,NglFam,NglFam,5.6046643,8.070038
4880,864691135571356038,test,MartFam,MartFam,3.935277,2.7380395
1720,864691135503782210,test,BipFam,BipFam,7.838101,9.269466
229,864691135839999379,train,BipFam,BipFam,9.117609,3.8974347
340,864691135755707597,train,BipFam,BipFam,7.1313896,3.8230608
1736,864691136053350131,test,thalamocortical,thalamocortical,4.6790276,6.1115494
217,864691135566824983,test,BipFam,BipFam,5.6624413,4.467763
3503,864691135274708753,train,BasketFam,BasketFam,5.326591,5.6526384
354,864691136196240342,test,BipFam,BipFam,1.5364733,3.6855998
538,864691135408560329,train,L2IT,pyramidal,6.528618,5.504622
250,864691136336204979,train,NglFam,NglFam,4.961648,6.0578423
1490,864691136195796182,test,BasketFam,BasketFam,0.13171673,5.5504937
139,864691136372954248,test,NglFam,NglFam,4.4831915,4.732788
4010,864691134886037498,train,MartFam,MartFam,3.4787068,3.9926758
6412,864691136312445786,train,BasketFam,BasketFam,0.48571768,5.1277328
1860,864691135866821340,train,thalamocortical,thalamocortical,4.902763,5.308673
236,864691135303514791,train,NglFam,NglFam,9.079836,3.7983687
148,864691136138803837,train,BasketFam,BasketFam,0.6602517,8.3055525
5978,864691135739131780,train,MartFam,MartFam,1.208471,6.1256022
1139,864691136372954248,test,NglFam,NglFam,3.325468,4.488715
842,864691135106309709,train,NglFam,NglFam,5.0581017,5.504427
3706,864691136118878116,train,MartFam,MartFam,2.9236786,4.969701
1360,864691135586022264,train,BasketFam,BasketFam,-1.2003348,4.6944747
2392,864691135388984961,train,BasketFam,BasketFam,0.59173405,4.634346
2957,864691135755605197,train,thalamocortical,thalamocortical,2.6256757,6.5860662
387,864691135477104960,train,thalamocortical,thalamocortical,2.5401833,6.782222
8469,864691135271967397,train,MartFam,MartFam,1.5535468,6.9566803
1014,864691135878586963,test,thalamocortical,thalamocortical,4.7100544,7.3584313
38,864691134887444986,test,NglFam,NglFam,3.313591,5.5493965
2163,864691135755605197,train,thalamocortical,thalamocortical,2.1312046,7.4165335
637,864691136273370302,train,NglFam,NglFam,8.988024,9.171033
166,864691135456493418,test,BipFam,BipFam,6.18012,8.841248
371,864691136391024144,train,NglFam,NglFam,4.4743094,4.4985266
1089,864691135210178169,test,BasketFam,BasketFam,4.230119,5.81617
1168,864691135685250546,train,BasketFam,BasketFam,-0.36511597,4.4377465
1500,864691135755605197,train,thalamocortical,thalamocortical,4.146345,8.440736
202,864691135132887456,test,NglFam,NglFam,9.311231,3.6671154
691,864691136421324951,train,L4IT,pyramidal,2.553959,6.4965253
366,864691136273370302,train,NglFam,NglFam,9.923252,8.429735
1894,864691135920776624,train,MartFam,MartFam,8.785555,2.9063425
3164,864691135341516741,test,MartFam,MartFam,9.210528,4.7235847
995,864691135470255698,train,thalamocortical,thalamocortical,1.7316873,5.4590693
118,864691135405138670,train,L4IT,pyramidal,7.6545277,8.192582
357,864691136391024144,train,NglFam,NglFam,3.785567,6.6181498
8208,864691136011485614,test,BasketFam,BasketFam,-0.85285085,4.86057
1279,864691135384716762,train,MartFam,MartFam,3.1729505,3.975933
666,864691136195284556,train,MartFam,MartFam,8.394499,7.226943
2536,864691135470860370,test,BipFam,BipFam,5.7186675,4.7491684
3456,864691135741960340,train,BasketFam,BasketFam,-0.34538257,5.5223036
2226,864691136118878116,train,MartFam,MartFam,5.5918727,3.0133553
1922,864691135119335645,train,thalamocortical,thalamocortical,7.4488444,8.76669
2927,864691135755605197,train,thalamocortical,thalamocortical,6.5753245,6.309049
27,864691135293096118,train,NglFam,NglFam,4.86755,9.074213
25,864691135938404612,train,BipFam,BipFam,5.764115,5.282811
8166,864691136603935441,train,BasketFam,BasketFam,-0.46764228,4.2990904
2374,864691135891796617,train,BasketFam,BasketFam,1.0699347,8.421441
314,864691135466333509,train,BasketFam,BasketFam,-1.2472948,4.2212763
1102,864691135727929663,train,BasketFam,BasketFam,0.0834423,4.7634506
434,864691136953677535,train,L4IT,pyramidal,6.865917,6.983504
1047,864691135810297885,train,BipFam,BipFam,8.427212,8.739021
984,864691136009893294,train,L2IT,pyramidal,3.684897,8.946865
99,864691135742826603,train,BipFam,BipFam,3.60902,6.4140544
52,864691135473954354,test,L6IT,pyramidal,8.661289,9.873647
3972,864691135869457430,train,BasketFam,BasketFam,-0.23410721,4.8851566
574,864691135470556242,train,MartFam,MartFam,9.20491,4.8708906
2609,864691136138803837,train,BasketFam,BasketFam,-0.2916349,3.528905
3438,864691136489623826,train,BasketFam,BasketFam,-1.3401749,4.4087625
5605,864691136390905207,train,MartFam,MartFam,5.6762037,9.923795
4130,864691136007059658,test,BipFam,BipFam,5.672714,5.207945
4015,864691135518791818,train,BasketFam,BasketFam,-0.033643235,8.282058
3013,864691136330880234,train,MartFam,MartFam,5.1205916,3.087954
394,864691134887444986,test,NglFam,NglFam,9.139149,4.0486097
533,864691135954480163,train,MartFam,MartFam,3.8398232,3.0232902
578,864691135562950369,train,BipFam,BipFam,6.2210813,8.177961
317,864691135868957462,train,L5IT,pyramidal,8.491959,8.801531
662,864691136523971473,train,BipFam,BipFam,4.7246876,4.440671
4740,864691135480702662,train,MartFam,MartFam,3.3323147,3.6763237
552,864691135339729126,train,L4IT,pyramidal,5.626319,4.690214
7329,864691135212863360,train,MartFam,MartFam,7.979632,9.639428
441,864691135478434216,train,BasketFam,BasketFam,-0.595509,3.8195965
213,864691136125956134,train,L6IT,pyramidal,8.827594,8.674566
3734,864691136453186559,train,BasketFam,BasketFam,3.0769064,9.061121
2467,864691135778081453,train,thalamocortical,thalamocortical,2.2941136,6.710335
4410,864691135470255698,train,thalamocortical,thalamocortical,2.8344562,9.073649
1593,864691135124690471,train,BasketFam,BasketFam,-1.3493705,5.201962
142,864691135840033171,train,NglFam,NglFam,3.563606,9.957988
107,864691135060784027,test,thalamocortical,thalamocortical,2.355995,7.049528
1639,864691136381324501,train,BasketFam,BasketFam,0.819275,5.178286
366,864691135695042751,train,L6IT,pyramidal,6.138029,8.048914
5570,864691135196475434,train,MartFam,MartFam,2.852919,3.778271
1446,864691135685250546,train,BasketFam,BasketFam,0.4263949,5.902121
94,864691135689015264,train,thalamocortical,thalamocortical,2.6222143,7.5089364
1410,864691135456535658,train,MartFam,MartFam,3.965682,2.2895775
403,864691136436788382,train,BipFam,BipFam,8.884324,8.817733
680,864691135941898918,train,MartFam,MartFam,-0.9029216,5.1051984
1954,864691135470860370,test,BipFam,BipFam,4.7201853,3.310479
3204,864691136905941426,train,BasketFam,BasketFam,1.5469213,7.9283595
2252,864691136925008100,train,BipFam,BipFam,2.6678135,8.3911085
488,864691136053350131,test,thalamocortical,thalamocortical,6.28513,7.462495
1290,864691135885917808,train,BasketFam,BasketFam,-0.041045096,3.6161425
194,864691135359413848,train,BipFam,BipFam,6.0066977,9.65694
2961,864691136268801012,test,BasketFam,BasketFam,0.11766627,5.4140043
3344,864691136392806271,train,BasketFam,BasketFam,0.29127726,3.7735655
6409,864691135839979667,train,MartFam,MartFam,9.236777,4.958309
1604,864691134966249759,train,thalamocortical,thalamocortical,2.4381087,5.4180865
141,864691135395833333,train,BipFam,BipFam,4.3395286,4.4614544
3592,864691136007059658,test,BipFam,BipFam,6.8694606,3.7632954
337,864691135852637127,train,L6IT,pyramidal,4.0370874,9.324989
158,864691135892202633,train,L2IT,pyramidal,4.9560423,10.227507
3941,864691136524014993,train,BasketFam,BasketFam,-0.76130337,5.077262
14,864691135778081453,train,thalamocortical,thalamocortical,2.1967828,5.4339166
5642,864691135997428394,test,thalamocortical,thalamocortical,2.6689608,5.973862
2798,864691135235206489,train,MartFam,MartFam,2.9868014,5.833648
1071,864691135778081453,train,thalamocortical,thalamocortical,2.7389832,7.265672
643,864691136372954248,test,NglFam,NglFam,-0.14488792,4.066231
115,864691136438372254,train,BipFam,BipFam,7.188397,6.5273037
1480,864691135839979667,train,MartFam,MartFam,6.194971,7.8470473
3333,864691135839979667,train,MartFam,MartFam,1.4458222,6.177528
3278,864691135212863360,train,MartFam,MartFam,8.262678,8.612867
26,864691135689555680,train,NglFam,NglFam,2.9263682,4.2503667
539,864691136372954248,test,NglFam,NglFam,2.7290504,5.317277
341,864691135212492992,train,L6IT,pyramidal,8.941991,7.7404203
70,864691135990564864,train,NglFam,NglFam,9.086451,2.6894124
6621,864691136007059658,test,BipFam,BipFam,5.891835,3.393763
6204,864691135464991645,train,thalamocortical,thalamocortical,5.246827,6.81071
903,864691136330880234,train,MartFam,MartFam,2.6798906,7.4180765
4182,864691135325426076,train,MartFam,MartFam,9.046141,3.917948
3534,864691135997140906,train,BipFam,BipFam,7.7429247,7.1081195
172,864691135375590217,train,L4IT,pyramidal,7.353533,5.6471825
4334,864691135997140906,train,BipFam,BipFam,6.855097,3.7483554
80,864691136372954248,test,NglFam,NglFam,5.803527,4.2583294
2170,864691136033871035,train,thalamocortical,thalamocortical,3.036452,5.928673
323,864691134942468707,train,L3IT,pyramidal,5.56605,8.702839
2931,864691135362357319,train,BasketFam,BasketFam,-0.9130549,5.039725
7281,864691135212863360,train,MartFam,MartFam,9.311278,3.9854574
377,864691135584504429,test,L2IT,pyramidal,6.9453173,6.042063
4425,864691136138803837,train,BasketFam,BasketFam,1.2245228,5.8495994
128,864691135528193883,test,BipFam,BipFam,5.393028,8.95683
5405,864691135616183499,train,BasketFam,BasketFam,-0.72195095,6.2261086
302,864691136145572404,train,BipFam,BipFam,4.752347,4.3766975
3181,864691135499765267,train,MartFam,MartFam,5.0909963,3.143039
1252,864691135869457430,train,BasketFam,BasketFam,0.39615226,5.0275645
91,864691135755605197,train,thalamocortical,thalamocortical,5.340062,5.199419
639,864691135398762529,train,BipFam,BipFam,3.333099,8.211368
16,864691135309733190,train,NglFam,NglFam,9.086366,3.1154594
5708,864691135477104960,train,thalamocortical,thalamocortical,2.6555338,8.043249
3433,864691135325426076,train,MartFam,MartFam,4.452972,7.540048
588,864691135778618029,train,BipFam,BipFam,3.5874188,9.806861
506,864691135309486662,train,BasketFam,BasketFam,0.2344908,6.927983
6057,864691136312076122,train,MartFam,MartFam,6.725079,3.6677303
140,864691135756075981,train,L5IT,pyramidal,7.131484,6.767871
116,864691135115194009,train,BipFam,BipFam,8.422189,9.026998
311,864691136288752835,train,thalamocortical,thalamocortical,4.926889,8.335062
4025,864691136033871035,train,thalamocortical,thalamocortical,6.2224956,6.4065204
4051,864691135119335645,train,thalamocortical,thalamocortical,2.9554477,6.085527
904,864691136125433894,train,L3IT,pyramidal,4.983714,7.381428
4175,864691136021592568,train,BasketFam,BasketFam,3.0779397,9.023217
42,864691136372954248,test,NglFam,NglFam,3.4222062,6.529892
496,864691135119630813,test,BipFam,BipFam,9.220936,5.092775
1311,864691135294194358,train,thalamocortical,thalamocortical,3.7814534,6.408373
3212,864691136580010516,test,MartFam,MartFam,2.478522,4.3168
724,864691135764678198,test,MartFam,MartFam,6.3313155,3.3904765
239,864691134887444986,test,NglFam,NglFam,5.061953,4.254684
1945,864691135685030130,train,thalamocortical,thalamocortical,2.1261487,5.0966024
4760,864691135739131780,train,MartFam,MartFam,4.0573254,4.3562446
3671,864691135196475434,train,MartFam,MartFam,4.2370267,3.53467
276,864691135405138670,train,L4IT,pyramidal,4.643122,8.155023
74,864691135989817088,train,L2IT,pyramidal,5.322691,6.3391833
117,864691135989177347,train,L6CT,pyramidal,8.902143,6.608327
396,864691135115194009,train,BipFam,BipFam,5.7213173,9.89546
174,864691135840033171,train,NglFam,NglFam,3.3388364,8.740698
5148,864691136033871035,train,thalamocortical,thalamocortical,3.1381247,8.275804
190,864691135211926464,train,L4IT,pyramidal,8.952967,7.7333894
1690,864691135659538306,train,thalamocortical,thalamocortical,5.5623074,4.2210784
1768,864691136120465944,train,thalamocortical,thalamocortical,1.8498064,4.125237
6648,864691136211068860,train,BasketFam,BasketFam,-0.54376715,6.76894
7150,864691135210446457,train,MartFam,MartFam,3.9385827,3.7827992
345,864691135928376590,test,L3IT,pyramidal,4.6147203,5.534316
5093,864691135954480163,train,MartFam,MartFam,4.1824265,3.5203857
3656,864691135997140906,train,BipFam,BipFam,7.279281,6.282926
850,864691135742895723,test,BipFam,BipFam,2.5693316,8.124672
509,864691136927366986,train,thalamocortical,thalamocortical,2.294357,5.176622
7,864691136086632812,train,NglFam,NglFam,6.662467,5.6849976
99,864691135741960340,train,BasketFam,BasketFam,1.9535627,8.212432
1166,864691135727961663,train,L4IT,pyramidal,6.1019454,5.4761276
7277,864691135271970725,train,BasketFam,BasketFam,1.0452179,4.5720844
4066,864691136311213914,test,BasketFam,BasketFam,0.0056447494,4.0649724
149,864691136524282001,train,NglFam,NglFam,7.8961678,3.5737844
1074,864691136053350131,test,thalamocortical,thalamocortical,8.422933,8.362925
600,864691135611702023,train,BasketFam,BasketFam,-0.13935591,7.4403863
2884,864691136580010516,test,MartFam,MartFam,4.6714654,2.1838424
1992,864691136603935441,train,BasketFam,BasketFam,0.119578935,3.5972066
5505,864691135941898918,train,MartFam,MartFam,7.9604125,4.0411906
499,864691135132887456,test,NglFam,NglFam,9.009795,3.2216918
3737,864691136603935441,train,BasketFam,BasketFam,-0.40540478,5.4455814
7943,864691135562001633,train,MartFam,MartFam,0.461006,6.7171235
2543,864691135499765267,train,MartFam,MartFam,2.0078979,3.5733032
1358,864691135478095016,train,BasketFam,BasketFam,0.32955524,6.8307924
6394,864691136905941426,train,BasketFam,BasketFam,-1.2370313,4.329197
611,864691136118430628,train,BipFam,BipFam,7.5916677,6.375358
819,864691134966249759,train,thalamocortical,thalamocortical,4.684652,6.012133
336,864691136314448701,test,L4IT,pyramidal,5.2141533,6.53365
906,864691136372954248,test,NglFam,NglFam,6.459543,4.0194106
134,864691136196932172,train,BasketFam,BasketFam,0.84754795,3.8525555
6331,864691134886037498,train,MartFam,MartFam,3.0105264,4.2270036
173,864691135303514791,train,NglFam,NglFam,8.650633,3.6285002
4725,864691135119335645,train,thalamocortical,thalamocortical,3.7244167,5.866407
3198,864691135477104960,train,thalamocortical,thalamocortical,3.3156998,6.0852046
254,864691135742677867,train,BipFam,BipFam,5.740654,6.054299
2744,864691136523971473,train,BipFam,BipFam,4.0086327,8.081255
420,864691135369651193,train,BipFam,BipFam,5.3721056,6.012769
6766,864691135477104960,train,thalamocortical,thalamocortical,0.89251924,6.6018496
17,864691135689555680,train,NglFam,NglFam,5.9787965,5.2282662
2983,864691135977768259,train,BasketFam,BasketFam,0.07365801,4.0297637
191,864691135272069285,train,L5ET,pyramidal,7.5023956,8.553629
39,864691136011549614,train,BipFam,BipFam,6.196066,7.8707566
69,864691135616235979,train,BipFam,BipFam,5.0363936,9.465674
1687,864691136391023120,train,BasketFam,BasketFam,0.9060527,5.848018
4647,864691135387529301,test,BasketFam,BasketFam,-0.22299828,6.031848
456,864691135689555680,train,NglFam,NglFam,8.610821,4.4679966
4101,864691135294194358,train,thalamocortical,thalamocortical,2.352606,5.8100634
523,864691135132887456,test,NglFam,NglFam,8.655764,5.6525707
531,864691136927732810,train,L3IT,pyramidal,4.677933,5.630401
16,864691136138583677,train,L2IT,pyramidal,6.824582,6.5876775
2752,864691135210443897,train,BasketFam,BasketFam,-0.047567625,6.490463
799,864691135196576298,train,L5IT,pyramidal,6.265061,8.004443
794,864691135810495005,train,BasketFam,BasketFam,0.030686388,3.7789385
3168,864691135689015264,train,thalamocortical,thalamocortical,3.0026307,7.5440307
1710,864691136053350131,test,thalamocortical,thalamocortical,1.5054417,6.9332747
4368,864691135584068717,train,BasketFam,BasketFam,0.08622826,6.066346
1107,864691135396720885,train,BasketFam,BasketFam,-0.27515933,4.2724857
1386,864691135912137641,train,BasketFam,BasketFam,5.7241426,10.102731
31,864691134887444986,test,NglFam,NglFam,3.61777,6.529594
1457,864691135119335645,train,thalamocortical,thalamocortical,3.3786402,5.6649556
6394,864691136390905207,train,MartFam,MartFam,6.298165,4.0589323
105,864691135293096118,train,NglFam,NglFam,4.1104856,9.506739
305,864691135566902039,train,BipFam,BipFam,7.027706,8.226853
847,864691135106209101,train,BasketFam,BasketFam,0.83631504,7.6016855
636,864691135942924148,train,L4IT,pyramidal,5.8065577,6.9816184
1902,864691136011549614,train,BipFam,BipFam,5.151799,6.1868863
6103,864691136330880234,train,MartFam,MartFam,5.7006497,3.5096314
1652,864691135361291591,train,MartFam,MartFam,9.320391,8.878741
5607,864691135689015264,train,thalamocortical,thalamocortical,2.4985983,6.4956584
2182,864691135258628527,test,BasketFam,BasketFam,-0.48871896,5.46451
2228,864691136011549614,train,BipFam,BipFam,7.8836975,5.327396
513,864691135994804394,train,BipFam,BipFam,6.3635793,8.773324
250,864691136100014453,train,BipFam,BipFam,9.11076,8.515823
584,864691134887444986,test,NglFam,NglFam,4.9190598,4.31753
1468,864691136595955362,train,MartFam,MartFam,2.92312,5.649234
247,864691135470255698,train,thalamocortical,thalamocortical,1.5582042,6.8897433
3486,864691136053350131,test,thalamocortical,thalamocortical,5.2147536,7.107439
587,864691136118430628,train,BipFam,BipFam,3.1922262,3.995012
1354,864691135492614239,train,MartFam,MartFam,8.708164,8.071275
149,864691135405480430,train,BasketFam,BasketFam,1.1227384,4.2981687
19,864691136025992761,train,BipFam,BipFam,5.5251575,6.6994886
7401,864691135196475434,train,MartFam,MartFam,3.4924433,6.048844
117,864691135490326074,train,L2IT,pyramidal,7.2005634,6.736494
840,864691135271343525,train,BipFam,BipFam,4.141361,8.391201
2889,864691136288755395,train,thalamocortical,thalamocortical,6.151359,6.0770745
403,864691135106309709,train,NglFam,NglFam,9.860304,8.322304
222,864691135689555680,train,NglFam,NglFam,5.1615806,6.1688414
155,864691135293096118,train,NglFam,NglFam,3.059774,3.7780805
120,864691135448127572,train,L5NP,pyramidal,4.270474,9.684797
1058,864691136120465944,train,thalamocortical,thalamocortical,2.6503508,6.226016
1542,864691135464991645,train,thalamocortical,thalamocortical,3.9096873,5.0464153
9,864691136372954248,test,NglFam,NglFam,4.1875577,4.956471
6371,864691136118878116,train,MartFam,MartFam,1.4541645,6.432975
6961,864691135464991645,train,thalamocortical,thalamocortical,2.2384543,5.508428
212,864691136007059658,test,BipFam,BipFam,5.36961,9.85168
4517,864691136312076122,train,MartFam,MartFam,8.906687,7.1269774
11,864691135466158917,test,L2IT,pyramidal,9.522346,9.289867
10597,864691135703016059,train,MartFam,MartFam,5.39759,2.8453012
29,864691135954940424,train,BipFam,BipFam,5.3205414,6.250877
550,864691135689555680,train,NglFam,NglFam,7.1885,3.180028
373,864691135583172717,test,L4IT,pyramidal,8.2243185,9.760452
890,864691135456493418,test,BipFam,BipFam,4.3626213,10.2389345
185,864691135447979922,train,BipFam,BipFam,8.227662,4.757006
1582,864691135774221643,train,MartFam,MartFam,1.3044066,5.955472
8907,864691136011485614,test,BasketFam,BasketFam,-0.582752,5.3118668
3231,864691135442598728,train,BasketFam,BasketFam,-1.3395857,5.309546
2491,864691135448017554,train,BasketFam,BasketFam,5.0927963,5.430875
671,864691135858282030,train,MartFam,MartFam,3.046189,3.8063655
1281,864691136813553523,train,BasketFam,BasketFam,-0.02248441,7.8349147
247,864691135309733190,train,NglFam,NglFam,8.745653,3.898381
720,864691135106309709,train,NglFam,NglFam,5.6348844,9.717869
986,864691135106309709,train,NglFam,NglFam,5.861902,9.666455
6087,864691135464991645,train,thalamocortical,thalamocortical,4.9074755,5.776986
4334,864691135119335645,train,thalamocortical,thalamocortical,5.6565633,8.02648
3570,864691135294194358,train,thalamocortical,thalamocortical,3.146271,7.805022
1921,864691135464991645,train,thalamocortical,thalamocortical,2.0811877,4.183306
886,864691135106309709,train,NglFam,NglFam,5.522191,9.874273
830,864691136372954248,test,NglFam,NglFam,7.038908,5.587321
155,864691136086632812,train,NglFam,NglFam,7.525218,3.1457126
347,864691136312076122,train,MartFam,MartFam,6.397919,5.532601
162,864691136025333561,train,L4IT,pyramidal,6.568203,6.68412
735,864691136372954248,test,NglFam,NglFam,4.342379,3.3063364
184,864691135840033171,train,NglFam,NglFam,3.2156403,3.7423453
860,864691135569592300,train,L4IT,pyramidal,4.733104,9.406181
2790,864691135997140906,train,BipFam,BipFam,7.2049165,6.134845
350,864691136391024144,train,NglFam,NglFam,5.8616695,4.1414385
3580,864691135741960340,train,BasketFam,BasketFam,-0.54056084,3.4851453
50,864691135215078712,train,BipFam,BipFam,7.373601,4.48748
181,864691136053350131,test,thalamocortical,thalamocortical,3.740743,8.116476
300,864691135502902338,train,L5IT,pyramidal,7.305228,9.750328
6539,864691135756844242,test,MartFam,MartFam,4.8242135,2.3809073
1748,864691136523971473,train,BipFam,BipFam,8.2114525,5.292317
257,864691135448811860,train,BasketFam,BasketFam,0.53013235,4.4245486
228,864691135496262032,train,BasketFam,BasketFam,-0.4641324,4.125094
424,864691136239793212,test,NglFam,NglFam,9.612959,8.450777
214,864691136603306193,test,L6IT,pyramidal,4.7882166,10.383721
444,864691136524282001,train,NglFam,NglFam,8.493186,4.396985
5724,864691135212863360,train,MartFam,MartFam,4.1556606,7.926239
325,864691135132887456,test,NglFam,NglFam,8.1471,3.2585094
1232,864691135464595518,train,BasketFam,BasketFam,-0.05455472,4.448864
66,864691135309733190,train,NglFam,NglFam,8.801275,2.7615902
608,864691135339729126,train,L4IT,pyramidal,8.118202,7.997595
4355,864691135869457430,train,BasketFam,BasketFam,-0.5283921,6.0522637
2333,864691136118294692,train,thalamocortical,thalamocortical,5.09625,5.366833
3540,864691136390675216,train,BasketFam,BasketFam,-0.66979337,4.2324667
249,864691135209194617,train,L2IT,pyramidal,5.0630827,8.235519
38,864691136013367715,test,L3IT,pyramidal,8.422122,8.394501
15,864691135347627423,train,BipFam,BipFam,6.82405,8.437846
68,864691135809456669,test,L6IT,pyramidal,5.498128,4.9201684
1157,864691135134565280,train,BasketFam,BasketFam,8.331265,7.7237573
3935,864691135997140906,train,BipFam,BipFam,4.8438554,8.158198
1072,864691135689015264,train,thalamocortical,thalamocortical,2.7668242,8.570147
355,864691136372954248,test,NglFam,NglFam,6.434225,4.868661
602,864691135015437462,test,BasketFam,BasketFam,-0.090097696,4.791668
692,864691135809456669,test,L6IT,pyramidal,4.615541,10.323945
1576,864691135616183499,train,BasketFam,BasketFam,-0.17705117,5.476461
3139,864691135875919502,test,MartFam,MartFam,4.05047,4.9626465
1565,864691135756844242,test,MartFam,MartFam,4.697152,10.002884
2135,864691135119335645,train,thalamocortical,thalamocortical,2.2233653,6.403904
6348,864691136007059658,test,BipFam,BipFam,4.875761,9.888298
516,864691135477104960,train,thalamocortical,thalamocortical,3.8851411,5.025873
56,864691135257521583,train,L2IT,pyramidal,5.4638796,6.0387645
243,864691135511861968,test,MartFam,MartFam,7.7874427,2.567782
1431,864691136372954248,test,NglFam,NglFam,3.939562,4.1730256
511,864691135465571653,train,L6IT,pyramidal,6.1966968,6.6196156
3899,864691136288755395,train,thalamocortical,thalamocortical,2.8056843,6.048282
2232,864691135774221643,train,MartFam,MartFam,3.5355234,4.139841
1829,864691136021595384,train,BasketFam,BasketFam,-0.30616063,5.7764263
382,864691136052637171,train,L4IT,pyramidal,4.5752254,8.81657
6001,864691135477104960,train,thalamocortical,thalamocortical,1.39955,5.511878
444,864691135566902039,train,BipFam,BipFam,0.55779827,4.0638065
1283,864691135478434216,train,BasketFam,BasketFam,0.5588397,5.5324583
3243,864691136438216350,train,BasketFam,BasketFam,0.70670044,6.972426
12,864691136524282001,train,NglFam,NglFam,4.597341,3.6891491
537,864691134887444986,test,NglFam,NglFam,6.4684258,3.1006587
502,864691134966249759,train,thalamocortical,thalamocortical,9.021152,3.3535166
438,864691135885921648,test,L3IT,pyramidal,8.499798,7.034468
379,864691135997140906,train,BipFam,BipFam,7.550154,6.2939014
1183,864691136118294692,train,thalamocortical,thalamocortical,4.795781,5.4466543
4730,864691135779780797,test,MartFam,MartFam,2.9038439,6.282299
450,864691136484883756,train,BasketFam,BasketFam,5.311682,10.172244
998,864691135810297885,train,BipFam,BipFam,3.4488888,8.25389
116,864691135504081986,train,L2IT,pyramidal,9.02606,9.9009495
1027,864691136118294692,train,thalamocortical,thalamocortical,2.049138,5.5530057
1632,864691136372954248,test,NglFam,NglFam,1.8137136,6.5959115
329,864691135470860370,test,BipFam,BipFam,4.702864,3.28693
385,864691136524282001,train,NglFam,NglFam,6.309375,2.7572007
372,864691135293096118,train,NglFam,NglFam,3.1534138,6.903137
2598,864691135755605197,train,thalamocortical,thalamocortical,3.135072,6.143085
159,864691135689015264,train,thalamocortical,thalamocortical,3.181884,9.494713
232,864691135465900101,train,BipFam,BipFam,7.159204,5.3470507
4382,864691135499752723,train,BasketFam,BasketFam,-0.7154324,4.6314754
619,864691134887444986,test,NglFam,NglFam,6.95047,4.8602304
1438,864691135689015264,train,thalamocortical,thalamocortical,2.934095,8.00762
2303,864691135689015264,train,thalamocortical,thalamocortical,2.3813355,6.8497305
398,864691136905941426,train,BasketFam,BasketFam,-0.6701349,4.8542104
110,864691135591854347,train,L5IT,pyramidal,8.30961,9.645422
6223,864691135689015264,train,thalamocortical,thalamocortical,2.309227,6.7044535
357,864691136239793212,test,NglFam,NglFam,8.680123,7.8420854
5694,864691136312076122,train,MartFam,MartFam,9.001509,7.7000747
952,864691135448017554,train,BasketFam,BasketFam,0.5313711,6.023367
576,864691135115194009,train,BipFam,BipFam,6.422042,9.520466
111,864691136106969561,train,L4IT,pyramidal,3.453654,8.706906
2483,864691135892233097,train,BasketFam,BasketFam,-0.24912588,4.085151
1051,864691136927366986,train,thalamocortical,thalamocortical,4.3749685,5.420125
71,864691136273370302,train,NglFam,NglFam,5.9670906,9.650221
988,864691136914542577,train,MartFam,MartFam,3.892556,2.4774446
98,864691135447979922,train,BipFam,BipFam,5.7511396,3.4030542
3341,864691135725779883,train,BasketFam,BasketFam,0.6743485,4.24479
34,864691135274860817,train,L4IT,pyramidal,4.776586,10.299819
1421,864691136392682879,train,BasketFam,BasketFam,-0.485159,3.6205213
6206,864691135196475434,train,MartFam,MartFam,4.028725,3.2357225
1558,864691134966249759,train,thalamocortical,thalamocortical,4.8213444,5.9966993
3290,864691136021592568,train,BasketFam,BasketFam,0.32504302,7.245392
567,864691135293096118,train,NglFam,NglFam,4.3144855,9.4780445
352,864691135816693327,train,L3IT,pyramidal,7.706792,7.7514677
1580,864691135772774651,test,MartFam,MartFam,3.821872,3.3146446
247,864691135258628527,test,BasketFam,BasketFam,-0.64463025,5.2262273
1859,864691136925008100,train,BipFam,BipFam,3.2716005,5.63402
169,864691136372954248,test,NglFam,NglFam,5.456901,3.0553982
3772,864691135689015264,train,thalamocortical,thalamocortical,2.2972279,6.294989
6368,864691135689015264,train,thalamocortical,thalamocortical,2.2364945,5.9819098
3027,864691135977768259,train,BasketFam,BasketFam,0.062419947,4.3181033
4947,864691135774221643,train,MartFam,MartFam,1.6517903,6.8890085
505,864691136239793212,test,NglFam,NglFam,3.8162172,10.465157
2602,864691135641196091,train,MartFam,MartFam,8.933325,3.338139
297,864691136273370302,train,NglFam,NglFam,4.017536,9.414935
1410,864691135384716762,train,MartFam,MartFam,2.030898,6.3100576
633,864691135106309709,train,NglFam,NglFam,9.221611,8.280276
3145,864691135350977751,train,MartFam,MartFam,8.617915,4.003973
2579,864691136523889553,train,BasketFam,BasketFam,-0.5259428,3.6422124
89,864691134966621471,train,MartFam,MartFam,3.6907027,7.709733
2186,864691136381324501,train,BasketFam,BasketFam,0.19975722,3.5116448
2769,864691135659538306,train,thalamocortical,thalamocortical,5.030596,9.249094
326,864691135083619831,train,L6IT,pyramidal,2.7548716,5.8048234
2980,864691137199860033,test,BasketFam,BasketFam,0.20971777,7.355516
2345,864691135339982310,train,BasketFam,BasketFam,0.5673319,7.6555405
15,864691135689555680,train,NglFam,NglFam,4.615524,4.073323
350,864691136052101363,train,BipFam,BipFam,6.0713553,9.350824
805,864691135783317840,train,thalamocortical,thalamocortical,5.3942614,6.957742
2754,864691135997140906,train,BipFam,BipFam,4.48679,7.8176045
2863,864691135778081453,train,thalamocortical,thalamocortical,4.801652,5.7974644
321,864691136010650796,train,BipFam,BipFam,4.0886817,4.5661807
687,864691135849088094,train,L5IT,pyramidal,5.0565267,9.7796545
651,864691136372954248,test,NglFam,NglFam,5.6247234,4.4144163
18,864691135591726603,train,L4IT,pyramidal,8.066144,9.635897
1989,864691135294194358,train,thalamocortical,thalamocortical,2.361503,6.026288
792,864691135940881830,train,MartFam,MartFam,8.494231,4.382053
6764,864691136007059658,test,BipFam,BipFam,4.5556197,9.876453
4635,864691135584068717,train,BasketFam,BasketFam,0.0058777025,6.4213953
856,864691136372954248,test,NglFam,NglFam,6.3467603,4.026147
196,864691135408808649,train,L2IT,pyramidal,8.857252,5.8656464
272,864691136372954248,test,NglFam,NglFam,3.106509,5.043832
1317,864691136372954248,test,NglFam,NglFam,3.5678933,4.0672197
289,864691135857976366,train,BipFam,BipFam,5.032323,7.4499345
3133,864691135977768259,train,BasketFam,BasketFam,-1.0345916,4.4424663
364,864691136007059658,test,BipFam,BipFam,3.7706459,9.294772
128,864691135891690121,train,BasketFam,BasketFam,0.28241792,3.441605
354,864691135274708753,train,BasketFam,BasketFam,-0.06555451,3.6326911
3352,864691135499616019,train,BasketFam,BasketFam,0.3664996,6.2916455
2836,864691135294194358,train,thalamocortical,thalamocortical,2.624291,6.049012
210,864691135942163201,train,L5IT,pyramidal,6.76923,6.5384216
810,864691136100014453,train,BipFam,BipFam,4.33379,9.764693
212,864691135060768923,test,BipFam,BipFam,4.8365684,9.959987
804,864691135396720885,train,BasketFam,BasketFam,-0.45106402,6.6370363
18,864691136314126653,train,BipFam,BipFam,8.025244,6.3573956
5402,864691135470255698,train,thalamocortical,thalamocortical,5.713554,4.6274242
285,864691136336204979,train,NglFam,NglFam,9.29321,4.3691425
171,864691135447312274,train,L4IT,pyramidal,5.2539153,6.919502
4921,864691135470255698,train,thalamocortical,thalamocortical,5.247345,7.1351037
904,864691135293678006,train,L4IT,pyramidal,6.5765815,9.018326
212,864691135431441968,train,thalamocortical,thalamocortical,4.1580305,7.3910637
763,864691136968773070,train,L4IT,pyramidal,8.272521,5.6277328
967,864691135518791818,train,BasketFam,BasketFam,0.82490826,4.1750245
6079,864691135689015264,train,thalamocortical,thalamocortical,2.0937762,8.493117
1707,864691136814025587,train,BasketFam,BasketFam,7.8614683,9.837897
176,864691135132887456,test,NglFam,NglFam,8.595669,3.7405565
480,864691136108370905,train,BipFam,BipFam,7.2553244,6.1629667
7876,864691135875919502,test,MartFam,MartFam,3.5946362,4.151792
1743,864691135343506885,train,BipFam,BipFam,8.489905,5.3283877
1435,864691135997140906,train,BipFam,BipFam,7.4082737,7.2466736
1576,864691135566825495,train,BasketFam,BasketFam,7.308078,10.437804
256,864691136336204979,train,NglFam,NglFam,8.2964,3.2249677
226,864691135783317840,train,thalamocortical,thalamocortical,2.160836,6.670912
3175,864691136007128778,test,MartFam,MartFam,4.0631547,4.8835845
424,864691135387753601,train,MartFam,MartFam,7.716875,6.457299
2802,864691135496262032,train,BasketFam,BasketFam,-1.0707335,4.8466315
222,864691136372954248,test,NglFam,NglFam,6.2418,2.8440123
644,864691135431579440,train,BipFam,BipFam,5.8062105,7.734857
781,864691135124690471,train,BasketFam,BasketFam,-1.0639565,4.403629
385,864691135303514791,train,NglFam,NglFam,8.782492,3.3708963
71,864691135503782210,test,BipFam,BipFam,6.715213,6.4730377
129,864691135570381292,test,BipFam,BipFam,4.2683916,7.391548
4,864691135060784027,test,thalamocortical,thalamocortical,8.28172,8.287045
802,864691135545730856,train,BipFam,BipFam,4.3679266,7.517202
4832,864691136011485614,test,BasketFam,BasketFam,1.3958509,6.6117325
2351,864691135866821340,train,thalamocortical,thalamocortical,2.0497692,3.8757381
393,864691136041000190,train,L6IT,pyramidal,4.1962323,9.204101
539,864691135294194358,train,thalamocortical,thalamocortical,1.080929,5.8476954
2045,864691135464678206,train,MartFam,MartFam,8.991566,8.799506
2506,864691135878586963,test,thalamocortical,thalamocortical,3.3559573,6.3355417
469,864691135277501669,train,L4IT,pyramidal,4.382626,7.487319
299,864691135470255698,train,thalamocortical,thalamocortical,2.5637977,6.4720635
104,864691135693735103,train,NglFam,NglFam,6.567172,9.785915
5089,864691136288755395,train,thalamocortical,thalamocortical,7.5708685,7.108614
1235,864691136011549614,train,BipFam,BipFam,6.850859,5.8398123
333,864691135840033171,train,NglFam,NglFam,7.4696302,6.2730517
2435,864691135685030130,train,thalamocortical,thalamocortical,3.1137652,7.333446
768,864691136033332155,train,L4IT,pyramidal,6.20997,8.221831
90,864691135303514791,train,NglFam,NglFam,8.129973,3.157014
214,864691135303514791,train,NglFam,NglFam,8.534575,3.8064778
1931,864691135763975990,test,BasketFam,BasketFam,0.29270333,5.5964913
2505,864691135941898918,train,MartFam,MartFam,7.3207498,5.4748487
53,864691136034412219,train,MartFam,MartFam,5.6569724,5.0405407
456,864691136107670745,train,BasketFam,BasketFam,5.4439545,9.201811
5140,864691135343509701,train,MartFam,MartFam,5.444267,8.442054
13038,864691135271967397,train,MartFam,MartFam,2.9889655,4.903409
318,864691135339982310,train,BasketFam,BasketFam,-0.10077219,6.1690674
176,864691136381301461,train,L4IT,pyramidal,6.463195,6.8070893
701,864691136137064075,train,BipFam,BipFam,7.7909756,8.965088
7617,864691135875919502,test,MartFam,MartFam,2.853795,3.9453678
2842,864691136138695549,train,BasketFam,BasketFam,7.679945,10.437034
79,864691135990564864,train,NglFam,NglFam,8.969435,2.6075742
71,864691134887444986,test,NglFam,NglFam,6.3787704,5.0934997
632,864691135447979922,train,BipFam,BipFam,3.7008398,5.8494124
329,864691135659538306,train,thalamocortical,thalamocortical,3.1299102,5.589816
52,864691135386899029,train,L4IT,pyramidal,7.6509943,6.4397244
802,864691135119335645,train,thalamocortical,thalamocortical,2.5381904,6.534654
36,864691135464991645,train,thalamocortical,thalamocortical,2.7317224,6.075574
492,864691135210358137,train,L4IT,pyramidal,6.70334,7.476403
429,864691136136383883,test,L4IT,pyramidal,6.6721153,9.622449
1225,864691136006393034,train,MartFam,MartFam,2.9831598,4.669446
2304,864691136814345075,train,MartFam,MartFam,8.896904,4.7074447
4995,864691136288755395,train,thalamocortical,thalamocortical,2.7884097,6.8182287
3484,864691136007059658,test,BipFam,BipFam,6.330992,7.85181
1521,864691136523971473,train,BipFam,BipFam,7.295858,4.608445
90,864691135518510218,train,NglFam,NglFam,9.372682,3.0632827
2333,864691136392806271,train,BasketFam,BasketFam,0.9597831,4.189647
3280,864691136438216350,train,BasketFam,BasketFam,-0.19411638,3.717555
564,864691135741889940,train,BasketFam,BasketFam,-0.52516556,6.0538774
134,864691135303514791,train,NglFam,NglFam,8.92065,3.2587266
2185,864691136523971473,train,BipFam,BipFam,4.5707912,4.15949
2321,864691136007059658,test,BipFam,BipFam,7.968254,6.3032618
3565,864691136053350131,test,thalamocortical,thalamocortical,6.004882,5.601796
78,864691136335213235,train,L6CT,pyramidal,9.087953,9.123928
57,864691136523971473,train,BipFam,BipFam,7.744208,2.9019964
676,864691136445062787,test,L4IT,pyramidal,6.4273095,6.990277
5356,864691135294194358,train,thalamocortical,thalamocortical,2.1017983,8.2299
37,864691135659824514,train,BipFam,BipFam,5.637901,8.804703
450,864691135853091015,train,L4IT,pyramidal,7.0932183,6.8099885
2224,864691136138695549,train,BasketFam,BasketFam,0.1864168,4.3385777
41,864691135323181212,test,MartFam,MartFam,8.816806,4.8207326
3997,864691135015437462,test,BasketFam,BasketFam,0.012896182,5.9353385
184,864691136137064075,train,BipFam,BipFam,4.834424,10.015524
108,864691135132887456,test,NglFam,NglFam,9.010512,3.9444969
55,864691135726340523,train,L6IT,pyramidal,3.8555393,10.329415
351,864691135447653010,train,L5IT,pyramidal,7.0697913,8.303867
991,864691135106309709,train,NglFam,NglFam,3.4331577,9.702675
6008,864691135562001633,train,MartFam,MartFam,0.7361389,3.7911298
252,864691135840033171,train,NglFam,NglFam,2.7572482,7.8238034
5411,864691134966621471,train,MartFam,MartFam,3.2664335,8.41365
4438,864691136392682879,train,BasketFam,BasketFam,0.114657074,8.47239
107,864691135947876644,train,L6CT,pyramidal,4.633055,9.347965
5010,864691135739131780,train,MartFam,MartFam,4.9721284,5.6012716
3518,864691136288755395,train,thalamocortical,thalamocortical,3.1744392,8.345443
166,864691135866427006,train,L5IT,pyramidal,7.2486434,7.326971
61,864691135993770945,test,BipFam,BipFam,4.942148,9.529043
5097,864691135997428394,test,thalamocortical,thalamocortical,1.0667044,7.0222483
213,864691135388828033,train,L6IT,pyramidal,4.5487113,9.408971
696,864691136664127454,test,L4IT,pyramidal,5.946257,9.168448
442,864691135464991645,train,thalamocortical,thalamocortical,2.5028467,6.20099
1754,864691135294194358,train,thalamocortical,thalamocortical,5.3847027,6.9279685
26,864691135132887456,test,NglFam,NglFam,8.782397,3.682333
1021,864691135464991645,train,thalamocortical,thalamocortical,4.491438,5.4664836
1062,864691135742826603,train,BipFam,BipFam,4.149839,9.596878
144,864691135755605197,train,thalamocortical,thalamocortical,2.3821764,6.5812807
1471,864691135084038647,train,MartFam,MartFam,3.5122542,3.4169323
2428,864691135528046939,train,MartFam,MartFam,7.98153,6.3457084
6810,864691136595955362,train,MartFam,MartFam,2.6072507,4.0290236
2733,864691135997140906,train,BipFam,BipFam,4.229759,7.5217357
1366,864691136372954248,test,NglFam,NglFam,7.771754,8.493876
394,864691135866947804,train,L2IT,pyramidal,9.047913,9.009569
393,864691135135019168,train,L3IT,pyramidal,8.390403,9.254377
110,864691135742677867,train,BipFam,BipFam,3.6203432,5.9176383
270,864691135616235979,train,BipFam,BipFam,8.363154,8.4929495
38,864691135417827770,train,L6CT,pyramidal,4.181318,9.345042
1468,864691135294194358,train,thalamocortical,thalamocortical,5.534162,8.191722
120,864691135861093992,test,L2IT,pyramidal,7.3151565,8.622652
222,864691135369002233,train,L6CT,pyramidal,7.687583,9.353772
2386,864691135499765267,train,MartFam,MartFam,4.469491,2.3481288
2103,864691135464678206,train,MartFam,MartFam,4.5841556,3.0973144
1393,864691136011485614,test,BasketFam,BasketFam,0.97067857,7.0579143
167,864691135917047910,train,L6IT,pyramidal,5.234528,10.157645
317,864691134887444986,test,NglFam,NglFam,7.10845,2.9112394
1134,864691136619344859,test,BasketFam,BasketFam,0.017863689,4.2550793
746,864691135343506885,train,BipFam,BipFam,7.8556557,8.836119
52,864691135473383730,train,L4IT,pyramidal,6.913389,6.316491
891,864691135470255698,train,thalamocortical,thalamocortical,1.908494,6.681799
51,864691136273370302,train,NglFam,NglFam,8.874564,9.112638
1116,864691135235206489,train,MartFam,MartFam,7.3410015,4.29016
3144,864691135689015264,train,thalamocortical,thalamocortical,2.254324,8.250389
1889,864691135997428394,test,thalamocortical,thalamocortical,5.6103864,8.630782
112,864691136239793212,test,NglFam,NglFam,5.060104,9.098478
85,864691136106969561,train,L4IT,pyramidal,6.4072623,6.929346
1293,864691135447979922,train,BipFam,BipFam,5.7896276,8.4990015
158,864691136012173475,test,BipFam,BipFam,1.0064639,7.1411486
3614,864691135685250546,train,BasketFam,BasketFam,-1.024816,4.662536
1491,864691135562001633,train,MartFam,MartFam,-0.6076143,5.6619296
190,864691136373008520,train,L3IT,pyramidal,6.9142756,9.167897
127,864691136273370302,train,NglFam,NglFam,9.450484,8.157202
3288,864691136392806271,train,BasketFam,BasketFam,-0.1607196,4.37484
5071,864691135703016059,train,MartFam,MartFam,6.152824,3.193217
7943,864691136914542577,train,MartFam,MartFam,2.8432603,4.5562024
704,864691136138756221,train,BipFam,BipFam,8.896019,8.954986
2805,864691136053350131,test,thalamocortical,thalamocortical,2.2042964,4.956941
503,864691135470860370,test,BipFam,BipFam,5.8102107,3.8630962
705,864691136273370302,train,NglFam,NglFam,9.524914,9.091655
502,864691135686283703,train,L4IT,pyramidal,7.16299,8.062198
5168,864691135875919502,test,MartFam,MartFam,2.930106,3.570381
3262,864691135778081453,train,thalamocortical,thalamocortical,7.2419057,6.378234
288,864691136011549614,train,BipFam,BipFam,8.207113,6.530057
3676,864691135641196091,train,MartFam,MartFam,8.287855,9.622172
33,864691136380718037,train,L6IT,pyramidal,6.860839,8.365177
209,864691135579134981,train,BipFam,BipFam,4.069659,6.6346645
3233,864691135470255698,train,thalamocortical,thalamocortical,4.395404,8.526011
1590,864691135464991645,train,thalamocortical,thalamocortical,1.219491,6.001058
49,864691135566824983,test,BipFam,BipFam,7.494268,4.9166474
2589,864691135685250546,train,BasketFam,BasketFam,-0.06036551,4.9863906
2604,864691135470255698,train,thalamocortical,thalamocortical,5.7373686,9.583387
195,864691135689555680,train,NglFam,NglFam,3.1493692,6.2388897
784,864691135447888274,train,BasketFam,BasketFam,0.7594786,4.2201824
179,864691136523971473,train,BipFam,BipFam,7.996568,4.0394063
4997,864691135477104960,train,thalamocortical,thalamocortical,1.3667958,5.56053
67,864691136372954248,test,NglFam,NglFam,6.357266,5.734568
370,864691135878586963,test,thalamocortical,thalamocortical,3.3033109,6.2869496
3409,864691135997140906,train,BipFam,BipFam,6.6899037,3.993784
142,864691135504315317,test,L3IT,pyramidal,8.447056,9.234049
846,864691135060651419,train,L2IT,pyramidal,7.1294236,8.786295
743,864691136913135089,train,MartFam,MartFam,0.25351745,4.009838
1961,864691135492665959,train,MartFam,MartFam,8.847283,3.9120002
1072,864691136813553523,train,BasketFam,BasketFam,7.9564962,9.690903
3417,864691135689015264,train,thalamocortical,thalamocortical,2.2842176,7.0089164
271,864691136239793212,test,NglFam,NglFam,8.494051,8.088552
1227,864691135717457946,test,L4IT,pyramidal,7.6251645,4.803097
1094,864691135477104960,train,thalamocortical,thalamocortical,2.1762946,6.106263
1543,864691135480702662,train,MartFam,MartFam,0.8657416,5.2454576
4098,864691136033871035,train,thalamocortical,thalamocortical,-0.16061196,3.5460024
365,864691135842486243,train,L3IT,pyramidal,6.9248924,6.1089993
7527,864691135875919502,test,MartFam,MartFam,3.6472945,3.949803
1301,864691136372954248,test,NglFam,NglFam,6.1796618,2.9960778
1082,864691135810297885,train,BipFam,BipFam,6.0225463,9.646607
563,864691136273370302,train,NglFam,NglFam,9.563445,8.909949
57,864691136006493898,test,L4IT,pyramidal,7.4464984,8.77749
49,864691135885996912,train,BipFam,BipFam,6.387979,6.918747
5327,864691135875919502,test,MartFam,MartFam,4.0786157,2.829399
473,864691135578360837,train,L4IT,pyramidal,7.2572174,6.7507873
1200,864691135294194358,train,thalamocortical,thalamocortical,1.7918357,7.211085
294,864691136372954248,test,NglFam,NglFam,7.1508217,7.7853355
4201,864691135294194358,train,thalamocortical,thalamocortical,2.0166714,8.183081
6734,864691135875919502,test,MartFam,MartFam,1.1069888,6.6968884
158,864691135293096118,train,NglFam,NglFam,4.495042,5.851144
132,864691136273370302,train,NglFam,NglFam,8.531125,9.439157
1814,864691135561699041,train,MartFam,MartFam,4.524536,4.7267456
142,864691135809456669,test,L6IT,pyramidal,7.079098,7.0554366
186,864691135857976366,train,BipFam,BipFam,5.6125374,4.314021
283,864691136974876956,test,L5ET,pyramidal,7.3913355,6.911499
1134,864691136211068860,train,BasketFam,BasketFam,-0.0921769,5.679178
165,864691136313301565,test,L5IT,pyramidal,6.581379,6.238373
3909,864691136595955362,train,MartFam,MartFam,4.207923,2.3865855
3131,864691136381324501,train,BasketFam,BasketFam,7.6705365,4.887001
1251,864691135742668395,train,MartFam,MartFam,9.223774,8.654103
2942,864691136007059658,test,BipFam,BipFam,6.395979,6.688367
1692,864691136619344859,test,BasketFam,BasketFam,-1.2323706,4.984704
553,864691136086632812,train,NglFam,NglFam,7.775649,8.399436
108,864691135866576604,train,L3IT,pyramidal,3.7839808,9.908972
253,864691136578982164,test,L4IT,pyramidal,7.89003,7.6115966
1106,864691135470860370,test,BipFam,BipFam,4.862594,4.832585
1288,864691135875919502,test,MartFam,MartFam,3.1745408,5.7015915
281,864691135503004765,train,BipFam,BipFam,7.2542505,6.699879
634,864691135742895723,test,BipFam,BipFam,4.8039565,5.2791233
22,864691136138756221,train,BipFam,BipFam,7.1792693,5.10482
232,864691136086632812,train,NglFam,NglFam,8.081979,2.8859267
732,864691136012173475,test,BipFam,BipFam,6.7450733,6.653609
225,864691135757040082,train,L4IT,pyramidal,7.603659,4.5409713
155,864691135989836288,train,L2IT,pyramidal,4.6353974,10.183865
973,864691135783317840,train,thalamocortical,thalamocortical,7.322166,6.120842
106,864691135210446457,train,MartFam,MartFam,4.7889485,2.686444
2450,864691135518791818,train,BasketFam,BasketFam,0.40341273,4.540166
3547,864691135689015264,train,thalamocortical,thalamocortical,2.5860453,5.8744063
1693,864691135470860370,test,BipFam,BipFam,9.322513,7.610675
490,864691135396940021,train,L4IT,pyramidal,6.4167585,6.410464
416,864691136108370905,train,BipFam,BipFam,3.6514268,7.0153475
506,864691135106309709,train,NglFam,NglFam,4.125957,9.7205925
406,864691136436788382,train,BipFam,BipFam,8.996412,9.385847
855,864691136674749575,train,L2IT,pyramidal,7.8084245,6.1131244
1219,864691136145572404,train,BipFam,BipFam,3.164012,7.9786425
489,864691135137137433,test,L4IT,pyramidal,8.119282,8.376043
8885,864691136914542577,train,MartFam,MartFam,3.1960294,3.6839588
6262,864691136138622333,train,BasketFam,BasketFam,-0.25300258,4.1955624
1283,864691136120465944,train,thalamocortical,thalamocortical,1.7428327,5.4669642
432,864691135430749232,train,L4IT,pyramidal,7.6249294,6.159676
1636,864691136372954248,test,NglFam,NglFam,4.629926,3.8548787
304,864691135303514791,train,NglFam,NglFam,9.126724,5.1939273
550,864691135351159255,train,thalamocortical,thalamocortical,2.867319,5.9799204
4319,864691136453186559,train,BasketFam,BasketFam,0.37603244,4.578619
639,864691136137210507,train,BipFam,BipFam,3.3084118,7.178199
329,864691134887444986,test,NglFam,NglFam,3.6160066,4.681627
22,864691135305383591,train,NglFam,NglFam,8.259271,3.077186
1582,864691135511861968,test,MartFam,MartFam,0.6466912,8.371073
2708,864691136523971473,train,BipFam,BipFam,4.6068835,4.7467175
1005,864691136372954248,test,NglFam,NglFam,6.006686,5.2802906
335,864691136273370302,train,NglFam,NglFam,9.232297,8.865226
263,864691135309733190,train,NglFam,NglFam,8.907272,2.636764
1937,864691135470255698,train,thalamocortical,thalamocortical,2.7531757,6.3672457
433,864691135477104960,train,thalamocortical,thalamocortical,2.8534117,6.2583632
1317,864691135463999294,train,BasketFam,BasketFam,0.6021615,8.231797
466,864691136033227451,train,L3IT,pyramidal,7.246019,7.391647
1037,864691136372954248,test,NglFam,NglFam,2.9751909,4.5600033
2,864691135755707597,train,BipFam,BipFam,4.171989,4.7895246
929,864691136118430628,train,BipFam,BipFam,6.6391835,3.386722
94,864691135106309709,train,NglFam,NglFam,9.914503,8.421495
2194,864691135309486662,train,BasketFam,BasketFam,0.846495,6.052356
563,864691135942924148,train,L4IT,pyramidal,8.982467,8.418803
6357,864691135997428394,test,thalamocortical,thalamocortical,1.6764028,5.485872
353,864691135993770945,test,BipFam,BipFam,3.8070073,10.089128
659,864691136968109774,test,MartFam,MartFam,5.175861,4.6758204
57,864691135928395278,train,L4IT,pyramidal,7.2197895,6.6397147
5,864691135685030130,train,thalamocortical,thalamocortical,4.607914,7.0407734
249,864691135430356784,train,L5IT,pyramidal,9.115535,9.2547245
599,864691134887444986,test,NglFam,NglFam,8.04747,5.1662445
930,864691135214970752,train,BipFam,BipFam,6.1430664,2.802788
198,864691135585989240,train,BasketFam,BasketFam,0.77097213,7.494875
5729,864691135210446457,train,MartFam,MartFam,5.29063,2.6196034
507,864691135350542039,test,L5IT,pyramidal,4.1830993,9.98
199,864691135404765166,train,MartFam,MartFam,8.878279,2.838963
1787,864691135783909427,train,MartFam,MartFam,3.933137,4.905976
2464,864691135778290109,train,BasketFam,BasketFam,7.581123,10.427775
229,864691135685250546,train,BasketFam,BasketFam,0.19987695,4.0389266
2174,864691135343506885,train,BipFam,BipFam,4.8190317,7.6626706
385,864691135928395278,train,L4IT,pyramidal,7.938706,7.5423365
937,864691135562842337,test,L3IT,pyramidal,7.4644947,6.23094
430,864691136273370302,train,NglFam,NglFam,9.711892,8.486963
556,864691135742664043,train,L3IT,pyramidal,8.47897,9.195641
141,864691135840033171,train,NglFam,NglFam,9.080018,7.845512
1171,864691136138695549,train,BasketFam,BasketFam,-1.3248628,5.1873
4092,864691135997140906,train,BipFam,BipFam,4.3765326,7.3819304
4116,864691135756844242,test,MartFam,MartFam,1.9985536,8.554079
2883,864691135772774651,test,MartFam,MartFam,3.4767687,2.8085063
436,864691135293096118,train,NglFam,NglFam,6.4424562,7.1928234
2568,864691136390828919,train,MartFam,MartFam,1.2859669,6.193928
2430,864691136925008100,train,BipFam,BipFam,8.437367,4.8235016
46,864691136524282001,train,NglFam,NglFam,4.7471933,3.9312665
48,864691135386940245,test,BipFam,BipFam,7.1470313,6.02791
712,864691134887444986,test,NglFam,NglFam,6.344449,3.2561376
4923,864691135119335645,train,thalamocortical,thalamocortical,2.5664217,6.6178007
488,864691135214970752,train,BipFam,BipFam,3.608217,5.020626
353,864691135857976366,train,BipFam,BipFam,6.386054,4.858664
5824,864691136006393034,train,MartFam,MartFam,6.0779,2.6582751
2503,864691135892233097,train,BasketFam,BasketFam,0.77195257,4.524178
6289,864691136007059658,test,BipFam,BipFam,6.952149,2.995382
1542,864691135618332265,train,BasketFam,BasketFam,-0.78067136,4.205169
69,864691135695057855,train,L4IT,pyramidal,5.5802565,6.4072423
617,864691136086632812,train,NglFam,NglFam,6.074284,3.3427243
113,864691135464595518,train,BasketFam,BasketFam,-0.026003785,6.0094013
388,864691135132887456,test,NglFam,NglFam,3.5199695,5.1316304
2088,864691135341516741,test,MartFam,MartFam,8.923479,2.724432
7806,864691136330880234,train,MartFam,MartFam,4.056321,2.4657683
5870,864691135196475434,train,MartFam,MartFam,4.541526,3.0753827
2013,864691135499752723,train,BasketFam,BasketFam,-0.49661678,5.5361958
1019,864691135562950369,train,BipFam,BipFam,6.68217,3.7344317
211,864691136380816597,test,L4IT,pyramidal,5.4747233,5.16751
663,864691136273370302,train,NglFam,NglFam,9.554033,9.312966
73,864691136111294392,test,L4IT,pyramidal,5.449834,6.6238685
118,864691136145572404,train,BipFam,BipFam,3.2350912,7.0314937
3834,864691136312445786,train,BasketFam,BasketFam,-0.87829846,4.11551
32,864691135132887456,test,NglFam,NglFam,8.919914,4.3303943
186,864691135885921648,test,L3IT,pyramidal,7.3962107,6.3942375
104,864691136239793212,test,NglFam,NglFam,6.1473093,5.0169706
118,864691135465098653,train,L6CT,pyramidal,9.52244,9.039903
75,864691135480702662,train,MartFam,MartFam,2.4346027,7.953619
1162,864691135447979922,train,BipFam,BipFam,6.3386636,4.74749
1059,864691136195284556,train,MartFam,MartFam,6.2699056,6.6231647
163,864691135742664043,train,L3IT,pyramidal,4.7319365,9.920984
3351,864691136619344859,test,BasketFam,BasketFam,-0.4603033,4.2497597
3666,864691136390675216,train,BasketFam,BasketFam,8.205022,4.1338754
20,864691136007059658,test,BipFam,BipFam,6.853766,8.578821
83,864691136107964377,train,L6CT,pyramidal,7.9773035,9.793991
404,864691135839979667,train,MartFam,MartFam,4.469728,6.392989
455,864691136120658712,test,L2IT,pyramidal,8.993088,7.9326425
1557,864691136091233847,train,thalamocortical,thalamocortical,4.8293123,5.1475472
7008,864691135869457430,train,BasketFam,BasketFam,0.5655143,7.366694
5363,864691135499765267,train,MartFam,MartFam,4.3280745,2.760011
89,864691136975639836,train,BipFam,BipFam,5.1196847,6.058934
320,864691136445249923,train,L2IT,pyramidal,3.6656454,9.328872
3034,864691135339982310,train,BasketFam,BasketFam,-0.031146683,6.5984206
852,864691137056216950,train,MartFam,MartFam,3.5444639,4.4384046
183,864691135742677867,train,BipFam,BipFam,4.78535,4.533484
1514,864691135470860370,test,BipFam,BipFam,5.9031825,5.5173383
268,864691136195652328,train,L6CT,pyramidal,4.994785,9.272896
3550,864691136091233847,train,thalamocortical,thalamocortical,1.9821409,8.359526
1622,864691135350977751,train,MartFam,MartFam,4.819524,4.272319
199,864691135693735103,train,NglFam,NglFam,9.7515335,8.876262
1208,864691135470556242,train,MartFam,MartFam,3.375381,5.0167403
219,864691135134585248,train,BipFam,BipFam,5.918364,4.534051
386,864691135305643175,train,L4IT,pyramidal,6.208286,6.3816037
1077,864691135878586963,test,thalamocortical,thalamocortical,2.076171,7.373811
57,864691135727686463,train,BipFam,BipFam,4.669909,9.280562
5111,864691136445968259,train,BasketFam,BasketFam,9.062654,7.276931
4672,864691135196475434,train,MartFam,MartFam,0.1315452,6.5288587
4059,864691135271967397,train,MartFam,MartFam,2.9000623,4.0090313
820,864691135106309709,train,NglFam,NglFam,9.642636,9.030962
5282,864691136268801012,test,BasketFam,BasketFam,-0.04894168,5.6353297
705,864691135700757026,train,BasketFam,BasketFam,5.018077,10.067186
139,864691136336192947,train,BasketFam,BasketFam,-0.4007672,5.7384486
3948,864691135571440006,train,MartFam,MartFam,9.020928,5.004002
2348,864691135689015264,train,thalamocortical,thalamocortical,3.8665476,6.284409
145,864691136034011579,train,L2IT,pyramidal,7.1944704,6.5522785
3185,864691135725779883,train,BasketFam,BasketFam,0.4759122,8.728401
545,864691136273370302,train,NglFam,NglFam,4.7554517,8.242012
2618,864691135858363694,train,BasketFam,BasketFam,-0.32283923,7.573533
1068,864691136288755395,train,thalamocortical,thalamocortical,3.9941015,7.6775413
2980,864691136195796182,test,BasketFam,BasketFam,6.772138,9.842439
3392,864691135456535658,train,MartFam,MartFam,6.0602183,8.853519
2649,864691136091233847,train,thalamocortical,thalamocortical,2.868123,8.223797
3540,864691135997140906,train,BipFam,BipFam,5.2651706,7.9952273
747,864691135997428394,test,thalamocortical,thalamocortical,4.081824,5.639014
371,864691135339729894,train,L4IT,pyramidal,4.612007,9.801186
595,864691136391024144,train,NglFam,NglFam,6.274148,3.1817548
174,864691136086632812,train,NglFam,NglFam,6.8894153,4.0924582
1180,864691135362357319,train,BasketFam,BasketFam,-0.81002676,5.3983846
1494,864691135342958789,train,L4IT,pyramidal,6.875695,7.2807627
1874,864691136312076122,train,MartFam,MartFam,6.294002,4.4368577
1218,864691135853090503,test,BasketFam,BasketFam,-0.8161937,4.2592835
4773,864691136298913563,train,MartFam,MartFam,9.292203,4.314069
1583,864691136011549614,train,BipFam,BipFam,6.078936,4.971598
1503,864691135562950369,train,BipFam,BipFam,5.731554,8.534501
887,864691135997428394,test,thalamocortical,thalamocortical,3.9315424,6.7525253
503,864691135990672896,train,MartFam,MartFam,9.081246,7.9780965
255,864691135351096279,train,L4IT,pyramidal,6.156883,6.5512414
34,864691136239793212,test,NglFam,NglFam,9.599966,8.503116
418,864691135857976366,train,BipFam,BipFam,3.6721756,5.952071
331,864691134918921738,train,L3IT,pyramidal,4.007044,10.109729
165,864691135293096118,train,NglFam,NglFam,4.819008,9.037623
4207,864691136007128778,test,MartFam,MartFam,4.262247,3.6607745
642,864691136904488114,train,L5IT,pyramidal,6.8372855,7.703791
5831,864691136007128778,test,MartFam,MartFam,6.1762843,4.0711226
4998,864691135119335645,train,thalamocortical,thalamocortical,1.777064,6.103663
131,864691135369651193,train,BipFam,BipFam,0.50107557,6.0366564
8242,864691136067404440,test,MartFam,MartFam,1.2660574,6.1169004
2161,864691135325426076,train,MartFam,MartFam,8.785273,9.48801
951,864691135742895723,test,BipFam,BipFam,5.194303,5.71822
143,864691135361314119,train,L2IT,pyramidal,6.6622424,6.6550193
1487,864691136372954248,test,NglFam,NglFam,6.666064,3.4592502
1340,864691135595810859,train,BasketFam,BasketFam,-0.16596441,7.308411
2047,864691135869457430,train,BasketFam,BasketFam,-0.34243193,6.2172365
296,864691135106309709,train,NglFam,NglFam,6.1077223,8.942759
280,864691135783317840,train,thalamocortical,thalamocortical,4.609493,7.798152
3714,864691135478095016,train,BasketFam,BasketFam,-0.3251715,6.01879
326,864691136288755395,train,thalamocortical,thalamocortical,2.2848628,7.1744266
314,864691136052101363,train,BipFam,BipFam,6.1175537,9.824764
125,864691136239793212,test,NglFam,NglFam,5.386276,9.00496
448,864691135448017554,train,BasketFam,BasketFam,-0.92481035,4.8918376
985,864691136118294692,train,thalamocortical,thalamocortical,2.135539,5.9579234
1167,864691135119335645,train,thalamocortical,thalamocortical,3.0967658,6.9319906
72,864691135293096118,train,NglFam,NglFam,4.7957506,6.87526
3720,864691135387551061,train,BasketFam,BasketFam,-0.38378677,3.9020712
4778,864691135492600167,train,BasketFam,BasketFam,7.356666,10.470399
27,864691135398243105,train,L5IT,pyramidal,4.5659847,7.653768
360,864691135303514791,train,NglFam,NglFam,7.3445754,4.9709725
153,864691136042982742,test,L2IT,pyramidal,8.757437,8.597382
771,864691134887444986,test,NglFam,NglFam,8.339487,3.211286
1071,864691136372954248,test,NglFam,NglFam,3.5871253,4.4102907
987,864691135106309709,train,NglFam,NglFam,9.582246,8.129914
370,864691135939017525,train,L4IT,pyramidal,5.9000597,6.372328
198,864691135840033171,train,NglFam,NglFam,3.0194042,5.4081063
2956,864691136288755395,train,thalamocortical,thalamocortical,1.5615617,5.5593824
7565,864691135210446457,train,MartFam,MartFam,5.2189393,2.7760081
232,864691135303514791,train,NglFam,NglFam,9.030095,3.1248589
1444,864691136523971473,train,BipFam,BipFam,7.0582013,3.592863
77,864691135757083346,train,L4IT,pyramidal,7.2023,7.7777
2391,864691135499752723,train,BasketFam,BasketFam,-1.229131,4.0290456
2891,864691135997140906,train,BipFam,BipFam,6.5157843,6.8379316
1197,864691135477104960,train,thalamocortical,thalamocortical,1.8647106,6.69563
1286,864691136120465944,train,thalamocortical,thalamocortical,1.801438,5.6670227
1037,864691136927366986,train,thalamocortical,thalamocortical,2.961697,6.1429663
2771,864691135499616019,train,BasketFam,BasketFam,0.7129982,6.8092504
331,864691135375484489,test,L4IT,pyramidal,6.5562887,5.3155417
2803,864691135470255698,train,thalamocortical,thalamocortical,2.3114622,7.4820604
2467,864691135448017554,train,BasketFam,BasketFam,0.11134327,6.0140305
4043,864691135518791818,train,BasketFam,BasketFam,0.5759719,8.797719
1471,864691135685030130,train,thalamocortical,thalamocortical,5.707854,6.6874385
591,864691136273370302,train,NglFam,NglFam,8.156592,8.127756
545,864691135492614239,train,MartFam,MartFam,5.242808,6.29528
245,864691135309733190,train,NglFam,NglFam,8.874715,4.4022164
2153,864691135119335645,train,thalamocortical,thalamocortical,4.162416,5.943792
550,864691135106309709,train,NglFam,NglFam,8.706063,9.529893
658,864691135470255698,train,thalamocortical,thalamocortical,3.741067,7.162638
1258,864691136914414321,train,L2IT,pyramidal,4.8990564,4.8154345
419,864691135106309709,train,NglFam,NglFam,4.7762036,9.943547
451,864691136058895576,train,L4IT,pyramidal,7.7552013,7.456438
1113,864691135465795653,train,BasketFam,BasketFam,0.16894253,4.9402127
1108,864691135369668089,train,BasketFam,BasketFam,0.6072309,7.1566095
1228,864691135294194358,train,thalamocortical,thalamocortical,7.3673687,7.1561074
130,864691135468854156,train,L2IT,pyramidal,8.166245,6.667673
83,864691135215078712,train,BipFam,BipFam,7.4110637,6.166891
2490,864691135499765267,train,MartFam,MartFam,3.7772098,2.6953475
3373,864691136053350131,test,thalamocortical,thalamocortical,3.5751548,5.6903744
478,864691135106309709,train,NglFam,NglFam,9.004898,9.309537
1746,864691135339982310,train,BasketFam,BasketFam,5.485846,8.959464
1289,864691135496444816,train,BasketFam,BasketFam,-0.794087,5.455681
3412,864691137022180974,test,MartFam,MartFam,1.5252563,6.8870215
54,864691135693735103,train,NglFam,NglFam,9.384761,8.665997
5583,864691136390828919,train,MartFam,MartFam,2.5978513,8.477919
258,864691136336204979,train,NglFam,NglFam,9.245491,3.1713448
1170,864691136025504569,train,L4IT,pyramidal,2.7355971,5.7902293
290,864691136058602712,train,thalamocortical,thalamocortical,3.0725641,4.927243
8068,864691136595955362,train,MartFam,MartFam,2.7482154,8.538522
1455,864691135119335645,train,thalamocortical,thalamocortical,3.3302112,4.6999607
279,864691135760050254,train,L3IT,pyramidal,7.883009,8.039488
9,864691135183646466,train,L6CT,pyramidal,8.828999,9.925641
8696,864691135562001633,train,MartFam,MartFam,1.3340579,3.7767742
4448,864691135470255698,train,thalamocortical,thalamocortical,5.0316606,4.8446484
152,864691135693735103,train,NglFam,NglFam,7.4780188,9.750805
1780,864691135431441968,train,thalamocortical,thalamocortical,2.5983932,8.948135
1173,864691135584316781,train,BasketFam,BasketFam,7.2769246,8.364716
1087,864691135764890678,train,MartFam,MartFam,9.0976925,2.8991473
1035,864691136058602712,train,thalamocortical,thalamocortical,2.8428206,7.8735533
4182,864691135499616019,train,BasketFam,BasketFam,-0.1072065,5.4066477
656,864691135756844242,test,MartFam,MartFam,4.653446,2.4536145
285,864691135132887456,test,NglFam,NglFam,8.184715,3.3064835
288,864691135577208606,test,L6IT,pyramidal,5.7127924,9.485475
3848,864691135210446457,train,MartFam,MartFam,3.7773416,7.657348
1253,864691135659538306,train,thalamocortical,thalamocortical,4.98664,5.398251
2093,864691135783317840,train,thalamocortical,thalamocortical,6.3729267,9.957741
3132,864691135362357319,train,BasketFam,BasketFam,-0.84501064,5.408893
5073,864691135997140906,train,BipFam,BipFam,6.721632,8.662615
121,864691135726140843,train,L3IT,pyramidal,4.518571,8.512403
4327,864691136007059658,test,BipFam,BipFam,4.89297,4.0993395
3137,864691136118294692,train,thalamocortical,thalamocortical,6.3761063,5.807044
625,864691136239793212,test,NglFam,NglFam,6.343359,3.0307672
179,864691135132887456,test,NglFam,NglFam,8.750839,3.5515008
4626,864691135997140906,train,BipFam,BipFam,6.966258,5.7902417
2152,864691136523971473,train,BipFam,BipFam,2.6280766,3.857429
1048,864691136137168779,train,BipFam,BipFam,4.717814,7.00466
1147,864691136288755395,train,thalamocortical,thalamocortical,2.529536,5.7221317
905,864691134886037498,train,MartFam,MartFam,0.93440884,6.712448
1679,864691136311213914,test,BasketFam,BasketFam,3.953412,6.57384
962,864691135778081453,train,thalamocortical,thalamocortical,2.2993236,5.676804
148,864691136144827444,train,L2IT,pyramidal,6.6113834,6.7956605
2756,864691135511861968,test,MartFam,MartFam,5.125353,5.3316402
166,864691136391024144,train,NglFam,NglFam,4.5408883,8.417682
476,864691136125433894,train,L3IT,pyramidal,8.370038,9.224414
2306,864691136195796182,test,BasketFam,BasketFam,0.21369995,4.1964498
473,864691135763941174,train,L2IT,pyramidal,8.279014,9.251996
181,864691134887444986,test,NglFam,NglFam,6.013206,3.9142518
106,864691135342594225,test,L2IT,pyramidal,8.556936,5.4530125
165,864691134887444986,test,NglFam,NglFam,7.234512,5.8983817
149,864691136052101363,train,BipFam,BipFam,1.9768972,3.5594947
5705,864691136311213914,test,BasketFam,BasketFam,-0.3981383,3.6224582
6147,864691136007059658,test,BipFam,BipFam,7.779148,7.21402
675,864691135739131780,train,MartFam,MartFam,3.5088475,8.109832
478,864691135573245165,train,BasketFam,BasketFam,-0.9554291,4.9609327
533,864691135346685855,train,L4IT,pyramidal,8.015652,6.560334
286,864691135335635177,train,L3IT,pyramidal,6.000429,3.6670375
262,864691136391024144,train,NglFam,NglFam,2.7357433,8.435422
1083,864691135446065810,train,MartFam,MartFam,-0.79119843,5.155716
5576,864691136390905207,train,MartFam,MartFam,6.3616567,8.201642
14,864691135577574430,train,L2IT,pyramidal,9.521367,3.5029833
226,864691135689555680,train,NglFam,NglFam,5.504512,6.1212487
5163,864691135470255698,train,thalamocortical,thalamocortical,4.3038583,6.778123
5006,864691136033871035,train,thalamocortical,thalamocortical,3.9846172,6.00903
3493,864691136298913563,train,MartFam,MartFam,4.751112,4.4715633
314,864691135351159255,train,thalamocortical,thalamocortical,1.9745988,5.2484317
27,864691134919869706,test,L4IT,pyramidal,3.8385854,6.9224496
6,864691135210134905,test,L2IT,pyramidal,9.15242,5.0979238
2387,864691136007059658,test,BipFam,BipFam,4.531204,9.980575
344,864691136238679567,test,L3IT,pyramidal,8.3787155,8.635982
1809,864691136118294692,train,thalamocortical,thalamocortical,7.118741,6.3806415
726,864691135015605910,train,L3IT,pyramidal,6.9030223,8.477804
1274,864691135470255698,train,thalamocortical,thalamocortical,3.0402775,8.530141
692,864691135928029966,train,thalamocortical,thalamocortical,2.78047,6.261333
2274,864691136058602712,train,thalamocortical,thalamocortical,3.660657,5.6139593
1949,864691135281109665,train,BasketFam,BasketFam,-0.8044257,3.714821
5920,864691136007059658,test,BipFam,BipFam,8.460626,6.1406655
1123,864691136058602712,train,thalamocortical,thalamocortical,5.030822,5.5600376
403,864691136007059658,test,BipFam,BipFam,5.8153605,4.0328608
1498,864691136392806271,train,BasketFam,BasketFam,-0.629001,5.5398865
567,864691136239793212,test,NglFam,NglFam,9.484958,8.067841
2298,864691135997140906,train,BipFam,BipFam,7.833472,6.883978
299,864691135132887456,test,NglFam,NglFam,4.019421,4.4027042
3002,864691135689015264,train,thalamocortical,thalamocortical,4.151221,2.9054873
673,864691136118294692,train,thalamocortical,thalamocortical,1.3008162,6.124598
1341,864691135015437462,test,BasketFam,BasketFam,4.777317,4.547583
357,864691135566824983,test,BipFam,BipFam,6.6243706,5.7225127
4216,864691135778081453,train,thalamocortical,thalamocortical,6.0108314,5.8998437
365,864691136196979020,train,L5IT,pyramidal,7.599628,7.0267544
2039,864691135659538306,train,thalamocortical,thalamocortical,9.28066,3.883151
529,864691135386963541,train,L4IT,pyramidal,6.4681215,6.33357
3006,864691135562001633,train,MartFam,MartFam,0.5921361,7.212702
980,864691136314126653,train,BipFam,BipFam,6.310882,8.257667
418,864691136227297105,train,MartFam,MartFam,8.802489,8.172589
1581,864691135954582563,train,MartFam,MartFam,5.9448695,8.98092
275,864691135990672896,train,MartFam,MartFam,6.392709,8.545099
4816,864691136007059658,test,BipFam,BipFam,6.719796,3.4488668
3,864691135941886118,train,BipFam,BipFam,6.481852,4.3460307
1917,864691135659538306,train,thalamocortical,thalamocortical,4.505878,5.175875
420,864691134887444986,test,NglFam,NglFam,3.5601113,3.7694905
1206,864691136145537844,train,BipFam,BipFam,6.086412,3.033723
133,864691135293096118,train,NglFam,NglFam,4.0418496,8.111066
451,864691135214970752,train,BipFam,BipFam,6.885065,6.205436
4064,864691135977768259,train,BasketFam,BasketFam,7.469781,10.462809
477,864691135132887456,test,NglFam,NglFam,8.562473,4.0531297
3467,864691136288755395,train,thalamocortical,thalamocortical,2.9664462,9.108001
1098,864691135660772080,train,MartFam,MartFam,4.4805217,3.823898
221,864691135656664770,train,L4IT,pyramidal,7.681927,7.4593177
111,864691135941886118,train,BipFam,BipFam,7.2319584,4.8504558
3487,864691136033871035,train,thalamocortical,thalamocortical,1.9956448,3.5723474
968,864691135503782210,test,BipFam,BipFam,6.995785,9.675571
143,864691136052101363,train,BipFam,BipFam,3.9060147,10.465209
66,864691135528046939,train,MartFam,MartFam,5.4776235,2.8939912
2058,864691135343506885,train,BipFam,BipFam,5.7412415,6.8149433
5620,864691135464991645,train,thalamocortical,thalamocortical,2.6633747,6.436076
655,864691135396720885,train,BasketFam,BasketFam,-0.61482304,4.983632
1770,864691136007128778,test,MartFam,MartFam,4.661598,4.948945
21,864691136925825354,test,BasketFam,BasketFam,0.97074354,8.192143
2794,864691136484883756,train,BasketFam,BasketFam,8.144313,9.641977
2578,864691135997140906,train,BipFam,BipFam,3.9885368,9.264455
1648,864691136372954248,test,NglFam,NglFam,4.491875,3.2764294
132,864691136927366986,train,thalamocortical,thalamocortical,3.2731388,5.5706506
600,864691135760319822,train,L4IT,pyramidal,6.249832,4.1595645
465,864691135573276197,train,L6IT,pyramidal,6.396051,9.743094
341,864691136391024144,train,NglFam,NglFam,8.491417,8.156651
616,864691137198691137,train,L2IT,pyramidal,7.677328,8.805565
1636,864691136288755395,train,thalamocortical,thalamocortical,2.5800743,8.908345
646,864691136086632812,train,NglFam,NglFam,6.715786,4.1636777
3765,864691135511861968,test,MartFam,MartFam,5.655726,7.446743
3196,864691135398746401,train,MartFam,MartFam,9.244335,7.6134434
630,864691135442598728,train,BasketFam,BasketFam,-0.9575202,4.76319
107,864691135132887456,test,NglFam,NglFam,4.119643,5.067915
796,864691135878586963,test,thalamocortical,thalamocortical,8.44022,8.36089
219,864691135210443897,train,BasketFam,BasketFam,0.44733414,3.999893
402,864691135685030130,train,thalamocortical,thalamocortical,6.843629,5.7935934
989,864691135778618029,train,BipFam,BipFam,7.867526,9.70741
2837,864691136006393034,train,MartFam,MartFam,7.8111897,7.440391
779,864691136137168779,train,BipFam,BipFam,5.2645245,5.593226
1024,864691136288755395,train,thalamocortical,thalamocortical,8.681802,4.8213024
556,864691136391024144,train,NglFam,NglFam,3.1236959,4.0816026
215,864691135782145872,train,L2IT,pyramidal,9.305244,4.9504743
8009,864691135210446457,train,MartFam,MartFam,9.135508,7.2501044
141,864691136336204979,train,NglFam,NglFam,6.7756457,2.975469
244,864691135510846217,train,L6CT,pyramidal,6.9835253,9.114516
182,864691136966189518,test,MartFam,MartFam,9.157324,4.732349
14662,864691135271967397,train,MartFam,MartFam,5.714935,4.5324173
1581,864691135343601093,train,BasketFam,BasketFam,-1.100655,4.194426
3926,864691135480702662,train,MartFam,MartFam,6.184432,9.549196
7272,864691135869457430,train,BasketFam,BasketFam,0.22678272,3.67555
1922,864691135869457430,train,BasketFam,BasketFam,0.0556452,6.1072493
4677,864691136312076122,train,MartFam,MartFam,3.292007,3.861354
270,864691134966249759,train,thalamocortical,thalamocortical,1.7732801,6.428289
589,864691135892176009,train,MartFam,MartFam,4.6302433,6.70768
941,864691136107486169,train,L4IT,pyramidal,5.416333,9.792921
1215,864691136372954248,test,NglFam,NglFam,5.532121,3.0919204
150,864691135351159255,train,thalamocortical,thalamocortical,7.108457,7.585665
1226,864691134966249759,train,thalamocortical,thalamocortical,8.690295,4.004777
3682,864691135470255698,train,thalamocortical,thalamocortical,4.125242,5.594424
3893,864691136118294692,train,thalamocortical,thalamocortical,4.8653784,5.6425147
725,864691136372954248,test,NglFam,NglFam,8.133428,4.1446376
2497,864691136595955362,train,MartFam,MartFam,3.8329668,3.9215071
218,864691135842486243,train,L3IT,pyramidal,4.8339286,8.4274645
37,864691135742826603,train,BipFam,BipFam,8.677347,7.189179
57,864691136391024144,train,NglFam,NglFam,3.2005565,4.9713993
1618,864691135778116013,train,BasketFam,BasketFam,0.11768846,5.806468
1399,864691136372954248,test,NglFam,NglFam,3.561564,4.112336
1759,864691136391023120,train,BasketFam,BasketFam,4.5547276,5.6097145
496,864691135689555680,train,NglFam,NglFam,2.7721906,7.0685716
3185,864691136118294692,train,thalamocortical,thalamocortical,2.849663,5.9993286
636,864691135499707667,train,L4IT,pyramidal,7.4820914,6.934551
2323,864691135571546917,train,MartFam,MartFam,3.358241,9.9284725
2954,864691135778290109,train,BasketFam,BasketFam,0.07603003,8.34907
45,864691135271343525,train,BipFam,BipFam,0.85842335,5.9796867
84,864691136196202472,test,L4IT,pyramidal,7.917225,9.254259
1228,864691135885917808,train,BasketFam,BasketFam,-0.13166805,3.7832894
665,864691136012173475,test,BipFam,BipFam,4.1278315,4.7985663
145,864691135273655569,train,L5ET,pyramidal,5.1832166,5.901349
153,864691135994158785,test,MartFam,MartFam,8.967305,4.6949816
71,864691136086632812,train,NglFam,NglFam,6.634885,3.2635565
351,864691135997140906,train,BipFam,BipFam,4.3404317,6.33947
1005,864691135585989240,train,BasketFam,BasketFam,0.31363896,7.6049304
425,864691135134114976,train,L4IT,pyramidal,8.6313095,7.537797
295,864691135132887456,test,NglFam,NglFam,4.1626024,4.9080453
1559,864691136312445786,train,BasketFam,BasketFam,0.3565799,3.5714061
1008,864691135343506885,train,BipFam,BipFam,4.924805,3.6793327
3612,864691136603935441,train,BasketFam,BasketFam,-1.188435,4.031868
2974,864691136118878116,train,MartFam,MartFam,3.574435,6.987522
230,864691135060882843,train,L4IT,pyramidal,8.004751,7.8583117
97,864691135840033171,train,NglFam,NglFam,3.078041,7.6634884
639,864691136196240342,test,BipFam,BipFam,1.7094972,3.6530888
500,864691135132887456,test,NglFam,NglFam,4.1588693,4.4510193
4066,864691135196475434,train,MartFam,MartFam,6.6106143,3.3689787
4878,864691136033871035,train,thalamocortical,thalamocortical,3.5948217,4.569285
1785,864691136120465944,train,thalamocortical,thalamocortical,5.1788335,5.481951
4914,864691135562001633,train,MartFam,MartFam,-1.1453527,4.928961
1006,864691135618332265,train,BasketFam,BasketFam,-0.34324124,3.7672954
841,864691135119335645,train,thalamocortical,thalamocortical,3.5608773,8.961173
2433,864691135271967397,train,MartFam,MartFam,8.478401,6.8661127
2968,864691135373601736,train,BasketFam,BasketFam,0.29850748,8.172189
2978,864691136007059658,test,BipFam,BipFam,5.8140583,5.2254505
593,864691135503782210,test,BipFam,BipFam,5.552074,9.804391
4126,864691135470255698,train,thalamocortical,thalamocortical,4.863355,7.2791615
84,864691136524282001,train,NglFam,NglFam,5.0740485,7.914508
1639,864691136372954248,test,NglFam,NglFam,4.8381667,3.2813702
2941,864691135866821340,train,thalamocortical,thalamocortical,5.469956,9.405206
2084,864691135685030130,train,thalamocortical,thalamocortical,2.2383056,5.1502194
1718,864691135448017554,train,BasketFam,BasketFam,-0.21525605,5.571094
5106,864691135499765267,train,MartFam,MartFam,4.64621,2.8539312
1511,864691135726140843,train,L3IT,pyramidal,7.851334,6.699945
624,864691135750649129,train,L4IT,pyramidal,4.9732018,7.8032513
816,864691135685030130,train,thalamocortical,thalamocortical,2.190718,6.6990604
1733,864691135118298333,train,MartFam,MartFam,2.765787,6.6521482
192,864691136238090767,train,L5IT,pyramidal,1.9368829,3.4986389
559,864691136974813212,train,L5IT,pyramidal,4.7266774,8.308807
354,864691135271343525,train,BipFam,BipFam,-0.9171941,4.107463
2927,864691136195796182,test,BasketFam,BasketFam,-0.6428158,4.814776
657,864691135503443549,train,L4IT,pyramidal,5.393546,9.561856
2034,864691135389004929,train,BasketFam,BasketFam,5.272054,9.635666
331,864691135273655569,train,L5ET,pyramidal,0.8249296,4.1829424
1324,864691134966621471,train,MartFam,MartFam,2.9699602,7.353358
773,864691135783317840,train,thalamocortical,thalamocortical,1.752596,6.5164104
119,864691136524282001,train,NglFam,NglFam,7.6409106,7.0040503
3427,864691135689296608,train,BasketFam,BasketFam,-0.2276978,6.5375767
176,864691136424704815,train,L4IT,pyramidal,4.6731186,8.387223
906,864691136138622333,train,BasketFam,BasketFam,-0.11030349,5.4263415
3043,864691135778116013,train,BasketFam,BasketFam,-0.44392493,4.4486604
483,864691135689555680,train,NglFam,NglFam,8.750854,2.8362203
3168,864691136033871035,train,thalamocortical,thalamocortical,1.9012446,5.552266
538,864691135995711402,train,BipFam,BipFam,7.4449043,5.6890907
1914,864691135584068717,train,BasketFam,BasketFam,1.0453387,8.078303
109,864691135610877191,train,L2IT,pyramidal,8.249334,9.836904
7738,864691135891796617,train,BasketFam,BasketFam,0.61620045,3.7293537
867,864691135106309709,train,NglFam,NglFam,9.413297,9.070081
1544,864691136007059658,test,BipFam,BipFam,4.4262767,5.2032833
1788,864691135586022264,train,BasketFam,BasketFam,5.499233,8.779169
588,864691135431441968,train,thalamocortical,thalamocortical,1.7988951,5.516091
2371,864691136312057178,train,BasketFam,BasketFam,0.47618312,6.1131954
802,864691135350977751,train,MartFam,MartFam,3.21708,6.7009535
3291,864691135618332265,train,BasketFam,BasketFam,0.19681416,6.8421235
328,864691135137137433,test,L4IT,pyramidal,6.928981,7.2053337
6925,864691135477104960,train,thalamocortical,thalamocortical,3.4687593,9.088827
1147,864691136372954248,test,NglFam,NglFam,2.7480397,5.7756505
572,864691135616183499,train,BasketFam,BasketFam,5.8164244,9.111315
515,864691135375484489,test,L4IT,pyramidal,6.3865094,8.086601
525,864691135466283333,test,L4IT,pyramidal,8.003954,8.00923
528,864691136523971473,train,BipFam,BipFam,6.6759586,8.783228
1208,864691136118430628,train,BipFam,BipFam,6.261092,6.248698
914,864691136145537844,train,BipFam,BipFam,7.073962,9.293001
3389,864691135499765267,train,MartFam,MartFam,3.1286232,3.5732822
2355,864691135387277397,test,thalamocortical,thalamocortical,2.2510347,6.6356244
1258,864691135341516741,test,MartFam,MartFam,4.501476,2.3576179
5166,864691135725779883,train,BasketFam,BasketFam,0.6191541,4.4749107
207,864691135119335645,train,thalamocortical,thalamocortical,6.16902,6.660657
656,864691135503782210,test,BipFam,BipFam,4.2365046,10.125253
353,864691136391024144,train,NglFam,NglFam,3.4736059,4.8349123
603,864691136489055762,train,L4IT,pyramidal,3.0666258,7.9485407
5542,864691136007128778,test,MartFam,MartFam,4.1241765,3.463129
2480,864691136067404440,test,MartFam,MartFam,6.112226,2.598231
446,864691136118430628,train,BipFam,BipFam,8.233004,6.734247
906,864691135496262032,train,BasketFam,BasketFam,-0.6509339,5.9905324
141,864691135309733190,train,NglFam,NglFam,8.684176,3.6252341
2245,864691135464595518,train,BasketFam,BasketFam,-0.24279237,5.6520033
843,864691136268801012,test,BasketFam,BasketFam,0.4359917,6.1352797
1187,864691136053350131,test,thalamocortical,thalamocortical,3.528502,6.246713
161,864691135211568576,train,L4IT,pyramidal,7.807905,9.659439
868,864691135577202181,train,MartFam,MartFam,2.67639,5.978844
1242,864691136925008100,train,BipFam,BipFam,3.064258,5.2110405
680,864691135726881195,train,L4IT,pyramidal,6.262659,6.649294
300,864691136391024144,train,NglFam,NglFam,5.812326,7.0893025
151,864691136239387708,test,L6IT,pyramidal,6.1511,9.742761
1414,864691135478434216,train,BasketFam,BasketFam,-1.2503862,4.0485754
4376,864691136330880234,train,MartFam,MartFam,5.8969893,4.1333613
1113,864691135060784027,test,thalamocortical,thalamocortical,4.498645,5.4793525
120,864691135060020123,train,L4IT,pyramidal,5.1474185,9.477062
1213,864691135470860370,test,BipFam,BipFam,4.8613563,3.5924501
175,864691135309733190,train,NglFam,NglFam,9.0327,2.7757545
2692,864691135659538306,train,thalamocortical,thalamocortical,3.4602797,6.8733554
5406,864691135470255698,train,thalamocortical,thalamocortical,2.4745307,5.566138
107,864691135212086720,train,L6CT,pyramidal,9.199713,9.320421
8017,864691136595955362,train,MartFam,MartFam,1.2735409,6.190143
22,864691135294194358,train,thalamocortical,thalamocortical,1.974885,8.181026
196,864691135323181212,test,MartFam,MartFam,8.575077,4.4726195
342,864691135993770945,test,BipFam,BipFam,4.5959916,10.155105
2229,864691136120465944,train,thalamocortical,thalamocortical,4.0153484,5.6232476
297,864691136524282001,train,NglFam,NglFam,5.8079233,5.4096756
3574,864691135774221643,train,MartFam,MartFam,3.202637,4.792642
3863,864691136007059658,test,BipFam,BipFam,6.4806376,3.2362478
7131,864691135480702662,train,MartFam,MartFam,7.712209,7.07657
116,864691135106309709,train,NglFam,NglFam,5.751639,9.727821
4603,864691135499752723,train,BasketFam,BasketFam,-0.34169427,7.478444
656,864691135456493418,test,BipFam,BipFam,8.955519,6.6789575
923,864691135810495005,train,BasketFam,BasketFam,-0.7574385,3.7130337
3052,864691136390675216,train,BasketFam,BasketFam,6.1564474,3.3377745
1310,864691135281109665,train,BasketFam,BasketFam,1.2630599,7.5637846
6629,864691136580010516,test,MartFam,MartFam,1.4398807,6.1878963
1407,864691136006393034,train,MartFam,MartFam,3.3272698,3.942119
2585,864691135571440006,train,MartFam,MartFam,8.096996,3.8099082
95,864691135303514791,train,NglFam,NglFam,8.780989,2.8926532
2074,864691135659538306,train,thalamocortical,thalamocortical,3.1214561,5.5790443
6424,864691136330880234,train,MartFam,MartFam,3.4987497,4.9875927
336,864691135840033171,train,NglFam,NglFam,4.999064,9.457425
634,864691135196576298,train,L5IT,pyramidal,9.281138,8.361133
1827,864691136053350131,test,thalamocortical,thalamocortical,1.5273919,5.7388268
2683,864691135496444816,train,BasketFam,BasketFam,-0.66454875,5.1085143
5387,864691135477104960,train,thalamocortical,thalamocortical,4.1706896,5.082443
176,864691136336204979,train,NglFam,NglFam,8.686155,3.520678
922,864691135810297885,train,BipFam,BipFam,9.000234,8.334517
176,864691135773209163,test,L4IT,pyramidal,7.8878317,7.392333
734,864691135779780797,test,MartFam,MartFam,4.021695,2.7898188
1663,864691136093003700,train,L5IT,pyramidal,8.92058,3.3599055
115,864691135686399415,train,BipFam,BipFam,7.3337636,7.200728
503,864691136363009250,train,L4IT,pyramidal,4.9169273,10.164634
883,864691135948823905,test,MartFam,MartFam,9.057739,5.6778555
706,864691136196517452,test,L4IT,pyramidal,8.508857,8.0327635
216,864691136102207349,train,BipFam,BipFam,9.148442,9.368969
3423,864691136091233847,train,thalamocortical,thalamocortical,4.3975844,5.6806107
229,864691135132887456,test,NglFam,NglFam,9.030143,3.5380661
4128,864691135480702662,train,MartFam,MartFam,5.3771186,2.648968
18,864691135309733190,train,NglFam,NglFam,9.42156,3.1523967
361,864691135106309709,train,NglFam,NglFam,9.027376,7.2550645
61,864691135592678411,train,BipFam,BipFam,8.373097,4.3966393
341,864691135124603687,train,L4IT,pyramidal,5.933434,6.5633607
5737,864691137056216950,train,MartFam,MartFam,2.996637,7.1868463
1885,864691136120465944,train,thalamocortical,thalamocortical,6.4853854,8.550799
172,864691135992790209,train,BipFam,BipFam,4.2131367,8.850351
925,864691135106309709,train,NglFam,NglFam,8.164857,9.816595
920,864691135060651419,train,L2IT,pyramidal,6.7786393,8.912182
929,864691135742895723,test,BipFam,BipFam,2.9227796,3.7384021
706,864691136484883756,train,BasketFam,BasketFam,7.6577454,10.029582
292,864691136196202472,test,L4IT,pyramidal,4.418182,10.164367
13778,864691135779780797,test,MartFam,MartFam,5.324885,2.7830899
1188,864691135323181212,test,MartFam,MartFam,8.721039,4.8910394
1001,864691136125433894,train,L3IT,pyramidal,2.8854313,5.704711
50,864691135839999379,train,BipFam,BipFam,7.999856,7.860534
2603,864691136523971473,train,BipFam,BipFam,9.39524,8.774787
1809,864691135350977751,train,MartFam,MartFam,8.299354,3.3923502
43,864691135755605197,train,thalamocortical,thalamocortical,5.740502,8.376788
2922,864691135997428394,test,thalamocortical,thalamocortical,5.8176217,8.9975395
16,864691135840033171,train,NglFam,NglFam,2.8969197,8.247112
143,864691135303514791,train,NglFam,NglFam,8.597592,4.0429997
189,864691135303514791,train,NglFam,NglFam,9.221077,3.941516
8163,864691135464991645,train,thalamocortical,thalamocortical,5.1056576,6.7870746
81,864691135939776309,train,MartFam,MartFam,4.9208674,2.4134142
2418,864691136925008100,train,BipFam,BipFam,2.196054,8.0278635
560,864691135115194009,train,BipFam,BipFam,8.998742,9.701471
326,864691135755605197,train,thalamocortical,thalamocortical,2.5562117,7.594217
442,864691136025992761,train,BipFam,BipFam,7.106269,8.781222
678,864691135742664043,train,L3IT,pyramidal,5.825284,5.6583695
765,864691135571356038,test,MartFam,MartFam,6.1033473,3.9361684
30,864691135990564864,train,NglFam,NglFam,8.514329,2.5415986
314,864691135840033171,train,NglFam,NglFam,3.1926463,8.227134
680,864691135584316781,train,BasketFam,BasketFam,7.0390096,8.516427
3103,864691135477104960,train,thalamocortical,thalamocortical,2.833668,6.382952
22,864691135948215076,test,BipFam,BipFam,-0.09353945,4.7757435
2518,864691135470255698,train,thalamocortical,thalamocortical,2.1426806,8.208992
727,864691135464991645,train,thalamocortical,thalamocortical,4.9861956,5.721948
817,864691135346571423,train,L4IT,pyramidal,6.9842563,6.1799126
3561,864691135464991645,train,thalamocortical,thalamocortical,4.1185355,5.470411
551,864691135293096118,train,NglFam,NglFam,2.9902358,6.7774296
144,864691135587771772,train,L4IT,pyramidal,8.856064,9.822855
57,864691135359413848,train,BipFam,BipFam,5.554369,6.5985303
2969,864691135343506885,train,BipFam,BipFam,7.487328,4.5520787
167,864691135689555680,train,NglFam,NglFam,8.227985,3.2257793
59,864691135351159255,train,thalamocortical,thalamocortical,6.430302,8.616755
223,864691135339729126,train,L4IT,pyramidal,3.5998273,7.694298
1119,864691135929072340,train,L5IT,pyramidal,5.298254,10.272027
630,864691136239793212,test,NglFam,NglFam,9.909079,8.434853
131,864691135566825495,train,BasketFam,BasketFam,0.73427325,8.138813
1215,864691135741960340,train,BasketFam,BasketFam,0.6467118,8.060599
885,864691136314485053,train,L5NP,pyramidal,5.0521035,8.736972
12,864691136372954248,test,NglFam,NglFam,6.32971,4.048729
89,864691135359413848,train,BipFam,BipFam,6.814491,8.568571
5480,864691135611702023,train,BasketFam,BasketFam,0.052617136,6.4500194
94,864691136011549614,train,BipFam,BipFam,7.7139463,7.485782
174,864691135211568576,train,L4IT,pyramidal,3.4669006,6.659994
892,864691136364166370,train,BipFam,BipFam,3.7293825,10.075979
157,864691135477104960,train,thalamocortical,thalamocortical,4.570858,7.863636
125,864691137199038273,train,L4IT,pyramidal,6.2683764,7.668129
681,864691135995711402,train,BipFam,BipFam,4.931849,8.536888
4325,864691135464991645,train,thalamocortical,thalamocortical,4.7183414,6.1904044
183,864691135917047910,train,L6IT,pyramidal,9.0685215,6.231816
1688,864691134966621471,train,MartFam,MartFam,4.728475,4.7268395
1410,864691136091233847,train,thalamocortical,thalamocortical,2.3626602,6.511587
292,864691135584504429,test,L2IT,pyramidal,6.786325,8.41895
6059,864691135387551061,train,BasketFam,BasketFam,-0.70310885,5.9171076
2420,864691135685030130,train,thalamocortical,thalamocortical,4.958512,6.7133536
1005,864691136021595384,train,BasketFam,BasketFam,-0.030455664,6.8796425
28,864691135742824555,train,BipFam,BipFam,4.4242644,4.472209
154,864691136436788382,train,BipFam,BipFam,8.588312,7.0913515
2783,864691135577202181,train,MartFam,MartFam,4.64303,4.774482
3236,864691135912137641,train,BasketFam,BasketFam,7.436685,10.168473
38,864691135359413848,train,BipFam,BipFam,7.0489235,6.9944997
689,864691136372954248,test,NglFam,NglFam,6.0594416,2.5943596
55,864691136026013497,train,BipFam,BipFam,2.9047544,6.495507
4533,864691135346954143,train,MartFam,MartFam,2.6324823,6.292669
1636,864691135470255698,train,thalamocortical,thalamocortical,5.252786,5.410323
4309,864691135720572977,train,MartFam,MartFam,4.665288,2.6059484
1364,864691136927366986,train,thalamocortical,thalamocortical,4.4163656,6.9110346
570,864691136814345075,train,MartFam,MartFam,4.3656354,3.8364317
5539,864691135939776309,train,MartFam,MartFam,6.5483904,4.720546
657,864691136364166370,train,BipFam,BipFam,6.026861,9.771062
382,864691135119630813,test,BipFam,BipFam,6.7025266,8.837529
1395,864691135341516741,test,MartFam,MartFam,6.7744064,3.6426039
2128,864691135997428394,test,thalamocortical,thalamocortical,1.8851974,3.6836941
1013,864691135106309709,train,NglFam,NglFam,8.605954,8.008354
2244,864691135778081453,train,thalamocortical,thalamocortical,5.164721,6.5910726
2461,864691135492600167,train,BasketFam,BasketFam,0.3619397,8.286323
719,864691136118430628,train,BipFam,BipFam,9.310522,8.508569
627,864691136298111003,test,L4IT,pyramidal,3.0144987,6.8501124
5612,864691136067404440,test,MartFam,MartFam,5.75718,9.232638
471,864691135689555680,train,NglFam,NglFam,8.828488,5.1848154
142,864691135689555680,train,NglFam,NglFam,6.288514,4.8988085
265,864691135576881950,train,L3IT,pyramidal,8.880112,9.386634
6008,864691135480702662,train,MartFam,MartFam,4.0140095,6.7363486
49,864691135309733190,train,NglFam,NglFam,8.454094,2.7604802
75,864691136620192653,train,MartFam,MartFam,7.422613,7.765682
331,864691135928029966,train,thalamocortical,thalamocortical,6.5284834,4.7643876
7093,864691135456535658,train,MartFam,MartFam,3.3080378,3.6141279
4338,864691136742921308,test,BasketFam,BasketFam,-0.002241475,4.5241904
1978,864691135954480163,train,MartFam,MartFam,9.312691,5.0039186
1257,864691135997428394,test,thalamocortical,thalamocortical,5.6484675,4.6245637
40,864691135839999379,train,BipFam,BipFam,8.362269,3.6967826
484,864691135955477512,train,L6IT,pyramidal,8.66306,8.250987
142,864691135132887456,test,NglFam,NglFam,9.04521,3.9031827
2819,864691136523889553,train,BasketFam,BasketFam,-0.7705177,4.015614
2333,864691136211068860,train,BasketFam,BasketFam,-0.613515,4.1235147
418,864691135997140906,train,BipFam,BipFam,8.925869,6.321685
341,864691135503836253,train,L4IT,pyramidal,6.133686,9.701701
3627,864691135518791818,train,BasketFam,BasketFam,0.8691992,4.1438694
3752,864691136523889553,train,BasketFam,BasketFam,-1.0388036,5.1553817
2873,864691135755605197,train,thalamocortical,thalamocortical,6.3235545,4.416141
2748,864691135470255698,train,thalamocortical,thalamocortical,2.0400724,7.404782
743,864691136372954248,test,NglFam,NglFam,5.9371157,4.227075
77,864691135132887456,test,NglFam,NglFam,8.603999,3.1760497
892,864691135994158785,test,MartFam,MartFam,8.971222,8.165053
979,864691135106189901,test,BasketFam,BasketFam,7.3339224,10.559832
175,864691135693735103,train,NglFam,NglFam,9.803144,8.9562645
252,864691135641196091,train,MartFam,MartFam,6.0482707,2.8728611
955,864691135271343525,train,BipFam,BipFam,0.5602555,5.794734
12,864691135518510218,train,NglFam,NglFam,9.079265,6.2298255
502,864691135132887456,test,NglFam,NglFam,8.806079,4.1810446
83,864691135689555680,train,NglFam,NglFam,8.715495,4.9002666
1922,864691136053350131,test,thalamocortical,thalamocortical,3.07203,8.226166
109,864691136742067804,train,L3IT,pyramidal,7.079008,5.771728
1125,864691135442598728,train,BasketFam,BasketFam,0.47213057,3.987886
2189,864691135878586963,test,thalamocortical,thalamocortical,5.0186467,6.2480865
3595,864691136288755395,train,thalamocortical,thalamocortical,3.368243,5.072979
4977,864691135464991645,train,thalamocortical,thalamocortical,1.3433865,6.0994306
267,864691135106309709,train,NglFam,NglFam,8.698296,8.204265
2814,864691135124690471,train,BasketFam,BasketFam,-1.2099565,4.5820904
1811,864691136091233847,train,thalamocortical,thalamocortical,2.21333,7.6426806
3339,864691135869457430,train,BasketFam,BasketFam,-0.0816338,4.3272943
295,864691135656579010,train,L5IT,pyramidal,4.2218394,6.732682
765,864691135611140359,test,L4IT,pyramidal,6.4787755,9.360049
886,864691135997140906,train,BipFam,BipFam,6.0702353,8.114048
1837,864691136007059658,test,BipFam,BipFam,7.415033,4.338492
1205,864691135778618029,train,BipFam,BipFam,7.783905,9.101229
1854,864691136288755395,train,thalamocortical,thalamocortical,2.213283,6.5684333
603,864691136041321982,train,MartFam,MartFam,8.729603,6.3189607
2289,864691136040742142,test,BasketFam,BasketFam,9.442547,9.409827
796,864691134887444986,test,NglFam,NglFam,3.6210327,8.087658
352,864691135584019053,test,MartFam,MartFam,5.952954,2.904828
451,864691135886314096,test,L4IT,pyramidal,3.6286798,6.473067
212,864691135430290480,train,L4IT,pyramidal,5.6318784,9.815501
1349,864691136372954248,test,NglFam,NglFam,4.0146704,4.628904
701,864691136137168779,train,BipFam,BipFam,5.0955696,5.2839317
709,864691135387277397,test,thalamocortical,thalamocortical,7.2042756,9.466068
8458,864691136330880234,train,MartFam,MartFam,5.2221212,3.22003
1,864691136033871035,train,thalamocortical,thalamocortical,1.402561,5.4520345
4,864691135293096118,train,NglFam,NglFam,4.1398387,9.4306555
834,864691135941956865,train,BasketFam,BasketFam,5.8090873,9.06849
11,864691135742247787,train,L4IT,pyramidal,4.6474667,6.4635
3224,864691135689296608,train,BasketFam,BasketFam,0.39780235,6.081742
6366,864691135997428394,test,thalamocortical,thalamocortical,1.8864696,5.843211
36,864691136273370302,train,NglFam,NglFam,5.5840864,9.959178
1972,864691136742921308,test,BasketFam,BasketFam,-0.75845283,3.9347835
686,864691135106309709,train,NglFam,NglFam,7.74199,8.945848
2386,864691135387277397,test,thalamocortical,thalamocortical,2.711145,6.100882
373,864691136389688695,test,L2IT,pyramidal,3.721576,5.7951493
4095,864691135779780797,test,MartFam,MartFam,5.439097,4.381251
59,864691136927366986,train,thalamocortical,thalamocortical,3.1333518,5.9358463
532,864691135274038801,train,L3IT,pyramidal,8.25472,8.115609
103,864691136120465944,train,thalamocortical,thalamocortical,1.2760168,5.805872
130,864691135885623408,train,L6CT,pyramidal,5.1591744,9.60892
581,864691135751149353,train,L4IT,pyramidal,6.5020437,5.5532985
676,864691135756844242,test,MartFam,MartFam,3.8268878,2.4898202
805,864691136914542577,train,MartFam,MartFam,3.0369787,8.322809
5127,864691136007059658,test,BipFam,BipFam,7.0767303,7.3961716
18,864691135106309709,train,NglFam,NglFam,3.850795,10.135858
119,864691135689015264,train,thalamocortical,thalamocortical,8.83212,3.285867
1535,864691136288755395,train,thalamocortical,thalamocortical,2.2840161,5.307147
569,864691135293096118,train,NglFam,NglFam,4.984355,9.319966
98,864691135359413848,train,BipFam,BipFam,5.6814184,6.0788293
394,864691135774179147,train,L2IT,pyramidal,5.9389772,5.676445
3986,864691135725779883,train,BasketFam,BasketFam,8.474875,9.811146
642,864691134887444986,test,NglFam,NglFam,3.362179,3.7767794
287,864691136380718037,train,L6IT,pyramidal,6.4632764,9.784086
132,864691135389004929,train,BasketFam,BasketFam,-0.27788118,4.373186
342,864691135464633245,train,L6IT,pyramidal,8.07315,9.682139
7714,864691135477104960,train,thalamocortical,thalamocortical,2.6859348,6.746799
3065,864691135569282284,train,MartFam,MartFam,3.1118217,5.4742613
3103,864691135294194358,train,thalamocortical,thalamocortical,4.879484,5.7655854
2658,864691136288755395,train,thalamocortical,thalamocortical,3.7643535,4.557669
473,864691135685030130,train,thalamocortical,thalamocortical,4.827334,7.110174
3582,864691136814345075,train,MartFam,MartFam,4.3663416,3.7714005
537,864691135448017554,train,BasketFam,BasketFam,0.94374377,7.019604
4582,864691136123919654,train,BasketFam,BasketFam,0.18423966,4.492149
1052,864691135106309709,train,NglFam,NglFam,9.236669,9.318315
344,864691136239793212,test,NglFam,NglFam,9.484889,9.250405
3328,864691136007059658,test,BipFam,BipFam,6.379731,6.132541
2712,864691135387551061,train,BasketFam,BasketFam,-1.2429495,4.9022875
1360,864691136372954248,test,NglFam,NglFam,4.598093,3.1064384
2575,864691136288755395,train,thalamocortical,thalamocortical,2.3905284,7.072069
2712,864691135997428394,test,thalamocortical,thalamocortical,4.210859,6.5216923
3140,864691135478434216,train,BasketFam,BasketFam,-1.1501701,4.193002
5105,864691137056216950,train,MartFam,MartFam,3.009942,3.706258
3698,864691135584068717,train,BasketFam,BasketFam,-1.1476547,4.533597
1652,864691135755605197,train,thalamocortical,thalamocortical,2.3618388,5.4400387
3446,864691136053350131,test,thalamocortical,thalamocortical,1.9805212,5.1218233
5259,864691135703016059,train,MartFam,MartFam,5.824325,2.9522848
2731,864691135782873936,test,thalamocortical,thalamocortical,4.3143353,8.3968115
1078,864691135431441968,train,thalamocortical,thalamocortical,2.134124,5.4059954
44,864691137022180974,test,MartFam,MartFam,3.1088467,8.947323
981,864691136580010516,test,MartFam,MartFam,5.108768,2.7593994
2197,864691135212863360,train,MartFam,MartFam,9.115649,2.8634574
613,864691136273370302,train,NglFam,NglFam,8.365625,6.5529428
207,864691135742677867,train,BipFam,BipFam,6.1308103,6.2445283
381,864691136975332380,train,L4IT,pyramidal,7.0249224,6.403974
545,864691136196969548,train,L2IT,pyramidal,9.238939,4.972991
430,864691136145572404,train,BipFam,BipFam,4.04824,5.2085185
2195,864691136007059658,test,BipFam,BipFam,4.257343,5.1772795
1306,864691135778081453,train,thalamocortical,thalamocortical,2.4140565,6.653397
305,864691135303514791,train,NglFam,NglFam,9.032502,2.7646303
3051,864691136007059658,test,BipFam,BipFam,4.883602,4.075045
970,864691135810297885,train,BipFam,BipFam,8.171658,7.8573813
38,864691135578103301,train,L2IT,pyramidal,7.0474052,6.3020477
560,864691136007128778,test,MartFam,MartFam,6.23827,4.01572
522,864691135995711402,train,BipFam,BipFam,4.313885,4.5556192
3736,864691135739131780,train,MartFam,MartFam,5.102659,10.118278
742,864691135920571056,test,L4IT,pyramidal,4.891813,8.918761
993,864691135343601093,train,BasketFam,BasketFam,-0.46863693,3.8202314
1145,864691135997140906,train,BipFam,BipFam,7.0831122,7.198762
427,864691135756844242,test,MartFam,MartFam,5.4104505,2.7250824
723,864691136372954248,test,NglFam,NglFam,2.7469282,6.3121676
431,864691136524282001,train,NglFam,NglFam,4.1884584,3.8518553
4527,864691135477104960,train,thalamocortical,thalamocortical,4.2604475,5.6390586
7275,864691135477104960,train,thalamocortical,thalamocortical,5.030027,4.999125
80,864691134942595939,train,BasketFam,BasketFam,7.4904737,10.338911
217,864691134941495395,train,L4IT,pyramidal,8.327076,7.70961
206,864691135430004016,train,L4IT,pyramidal,7.932942,9.829703
565,864691135741874836,test,L2IT,pyramidal,7.963681,6.336436
11695,864691135779780797,test,MartFam,MartFam,6.1083302,4.827438
87,864691135858273326,train,L4IT,pyramidal,4.3991213,6.4613504
1443,864691136372954248,test,NglFam,NglFam,0.78638214,5.978795
6746,864691135456535658,train,MartFam,MartFam,4.637554,2.719553
1311,864691135618332265,train,BasketFam,BasketFam,0.0087939985,7.915938
983,864691134886037498,train,MartFam,MartFam,1.464397,6.21969
2072,864691136013367715,test,L3IT,pyramidal,6.323415,7.8092475
1114,864691135997140906,train,BipFam,BipFam,7.252133,8.172067
132,864691135941886118,train,BipFam,BipFam,3.291473,7.3826113
2757,864691136007059658,test,BipFam,BipFam,6.789013,8.35846
574,864691136137210507,train,BipFam,BipFam,6.190229,6.4614296
2003,864691135447888274,train,BasketFam,BasketFam,0.08923099,4.238512
4717,864691136268801012,test,BasketFam,BasketFam,0.5249063,8.144823
451,864691136273370302,train,NglFam,NglFam,5.950697,9.70484
656,864691135801604706,train,L3IT,pyramidal,6.595923,6.0976686
1440,864691136145572404,train,BipFam,BipFam,3.9323766,5.1333623
246,864691135693735103,train,NglFam,NglFam,6.01265,9.831342
1631,864691135431441968,train,thalamocortical,thalamocortical,4.6584625,6.3450575
3249,864691135689015264,train,thalamocortical,thalamocortical,2.9706745,7.911548
568,864691135546902056,train,L3IT,pyramidal,6.365481,7.138988
277,864691136090632503,train,L5IT,pyramidal,7.643163,9.410272
4,864691136033871035,train,thalamocortical,thalamocortical,4.042875,5.8366704
123,864691135303514791,train,NglFam,NglFam,5.032797,8.101797
180,864691135271343525,train,BipFam,BipFam,8.041753,4.5825777
4830,864691135518791818,train,BasketFam,BasketFam,7.3706384,10.523723
1813,864691135778290109,train,BasketFam,BasketFam,0.55770534,4.4363365
2164,864691135659538306,train,thalamocortical,thalamocortical,5.53177,5.52403
2835,864691136445968259,train,BasketFam,BasketFam,-0.8638131,4.0630746
5248,864691135362357319,train,BasketFam,BasketFam,0.7845406,6.269126
490,864691135349839831,train,L3IT,pyramidal,6.9308443,5.4011135
410,864691136391024144,train,NglFam,NglFam,6.5967827,4.624513
5974,864691135384716762,train,MartFam,MartFam,3.4628754,3.7338638
2957,864691135689296608,train,BasketFam,BasketFam,-0.86823505,5.9060864
502,864691134887444986,test,NglFam,NglFam,8.18716,3.784727
792,864691134887444986,test,NglFam,NglFam,3.2975593,4.468622
9229,864691136580010516,test,MartFam,MartFam,6.397135,9.145182
2,864691136438410654,train,BipFam,BipFam,7.044572,9.392012
440,864691135478316200,train,L4IT,pyramidal,8.848361,8.400059
169,864691135059845275,train,L4IT,pyramidal,4.642354,6.389663
14,864691135853090503,test,BasketFam,BasketFam,-0.09256073,3.5613637
3168,864691135387529301,test,BasketFam,BasketFam,0.11616172,7.111354
128,864691136372954248,test,NglFam,NglFam,3.4323053,4.057557
383,864691136033332155,train,L4IT,pyramidal,2.941888,8.023211
75,864691135732210873,train,L3IT,pyramidal,7.900815,6.837507
242,864691136914445809,train,L2IT,pyramidal,4.901489,8.870103
1735,864691135464991645,train,thalamocortical,thalamocortical,1.8828816,5.1235905
1084,864691135997428394,test,thalamocortical,thalamocortical,4.02216,4.6900945
1445,864691135503782210,test,BipFam,BipFam,6.3464737,5.845513
485,864691135528193883,test,BipFam,BipFam,6.1419625,9.420395
348,864691135885663600,train,L5NP,pyramidal,3.7387972,8.607535
25,864691135703016059,train,MartFam,MartFam,4.0567064,5.012152
716,864691135341516741,test,MartFam,MartFam,6.0714655,7.8140464
602,864691136086632812,train,NglFam,NglFam,9.280761,3.0251646
70,864691135305383591,train,NglFam,NglFam,9.248231,4.93624
637,864691136239793212,test,NglFam,NglFam,8.509453,8.313114
455,864691135520105354,test,L3IT,pyramidal,5.3051977,10.393075
2674,864691135294194358,train,thalamocortical,thalamocortical,2.0548396,8.40104
3230,864691135741889940,train,BasketFam,BasketFam,-0.09723519,3.5942507
5729,864691135592837899,train,BasketFam,BasketFam,8.170255,9.251455
1307,864691135920776624,train,MartFam,MartFam,3.3946266,8.114923
64,864691135132887456,test,NglFam,NglFam,8.519787,5.894143
9,864691135587758716,train,L3IT,pyramidal,9.126437,7.6326327
4591,864691136288755395,train,thalamocortical,thalamocortical,2.9935675,7.286567
61,864691136086632812,train,NglFam,NglFam,6.153845,4.048185
5564,864691135689015264,train,thalamocortical,thalamocortical,4.9733667,5.3411427
151,864691135616235979,train,BipFam,BipFam,5.585905,9.727646
1360,864691135571546917,train,MartFam,MartFam,3.4745595,5.0890794
308,864691135689015264,train,thalamocortical,thalamocortical,2.9357865,7.948034
1693,864691136211068860,train,BasketFam,BasketFam,-0.41799328,5.372757
7322,864691136914542577,train,MartFam,MartFam,1.1890059,5.8694077
3233,864691136524014993,train,BasketFam,BasketFam,0.25337395,7.1690145
429,864691135686283703,train,L4IT,pyramidal,4.8879576,8.5190115
613,864691136086632812,train,NglFam,NglFam,6.2238517,2.811865
4096,864691137056216950,train,MartFam,MartFam,4.131488,5.0580735
2728,864691135492600167,train,BasketFam,BasketFam,-0.06295951,4.2024755
1305,864691135782873936,test,thalamocortical,thalamocortical,6.444129,6.668439
3651,864691135464991645,train,thalamocortical,thalamocortical,4.335114,5.0559487
308,864691135587758716,train,L3IT,pyramidal,5.4579344,5.7843165
3027,864691135343506885,train,BipFam,BipFam,6.5158205,6.0149064
3980,864691135124690471,train,BasketFam,BasketFam,-0.32700136,6.931308
72,864691135618339945,test,BipFam,BipFam,4.335257,10.34564
7071,864691136595955362,train,MartFam,MartFam,3.8190536,5.3216667
635,864691135689555680,train,NglFam,NglFam,7.271399,5.1590505
846,864691136372954248,test,NglFam,NglFam,3.4516358,7.9153895
621,864691135689555680,train,NglFam,NglFam,8.945982,4.683479
167,864691135763362102,test,L4IT,pyramidal,8.570293,4.567773
681,864691134887444986,test,NglFam,NglFam,7.3461747,5.737658
173,864691136524282001,train,NglFam,NglFam,4.8768444,4.283703
389,864691136138756221,train,BipFam,BipFam,6.509084,5.8998375
1424,864691135343601093,train,BasketFam,BasketFam,1.0699528,4.215553
572,864691135726077611,train,L4IT,pyramidal,6.6461616,9.151644
1175,864691134989909114,test,MartFam,MartFam,2.7890687,7.5089483
760,864691135689555680,train,NglFam,NglFam,4.5388427,4.543283
334,864691135470860370,test,BipFam,BipFam,8.971456,8.094652
7,864691135990564864,train,NglFam,NglFam,8.992902,2.609638
2193,864691136452920319,train,BasketFam,BasketFam,-0.67629683,6.5236835
1250,864691135997428394,test,thalamocortical,thalamocortical,0.7027653,5.9447203
3107,864691135571546917,train,MartFam,MartFam,2.7456548,7.9515557
2337,864691136523971473,train,BipFam,BipFam,8.412165,7.1285896
303,864691136108370905,train,BipFam,BipFam,2.9465687,6.630032
905,864691136967478222,train,L5IT,pyramidal,6.989308,7.6023393
523,864691136239793212,test,NglFam,NglFam,5.2897415,9.979152
3852,864691135997140906,train,BipFam,BipFam,3.97548,7.1507983
536,864691136138756221,train,BipFam,BipFam,8.620877,8.228924
94,864691136311381338,train,L4IT,pyramidal,5.49652,9.563262
2753,864691135782873936,test,thalamocortical,thalamocortical,4.912773,5.4751396
320,864691135447888274,train,BasketFam,BasketFam,0.3414189,4.014355
2690,864691135990520064,train,BasketFam,BasketFam,0.8172052,4.9881816
4578,864691135196475434,train,MartFam,MartFam,3.5048878,4.0777745
4094,864691135477104960,train,thalamocortical,thalamocortical,2.9710834,6.553226
2177,864691135134565280,train,BasketFam,BasketFam,5.2566147,9.094573
955,864691135778081453,train,thalamocortical,thalamocortical,1.7489574,6.9532256
2155,864691135210446457,train,MartFam,MartFam,5.5013757,6.7892876
2902,864691135499752723,train,BasketFam,BasketFam,-0.7158936,4.270293
4917,864691135388984961,train,BasketFam,BasketFam,0.88047564,4.5184927
2386,864691135732257721,train,BasketFam,BasketFam,0.26976863,5.089142
2054,864691135720572977,train,MartFam,MartFam,5.5429296,3.716023
319,864691136119885080,train,L3IT,pyramidal,8.419646,7.295894
57,864691135756319186,train,L4IT,pyramidal,8.806703,5.323952
448,864691136927366986,train,thalamocortical,thalamocortical,6.397446,6.25962
274,864691135303514791,train,NglFam,NglFam,8.957352,3.1223447
1818,864691136312076122,train,MartFam,MartFam,6.0703807,8.912253
5459,864691135689015264,train,thalamocortical,thalamocortical,2.4042037,8.053295
11046,864691135858282030,train,MartFam,MartFam,4.128482,2.7909558
8631,864691135456535658,train,MartFam,MartFam,5.9519486,4.102284
2672,864691136288755395,train,thalamocortical,thalamocortical,2.929792,7.680567
2303,864691137056216950,train,MartFam,MartFam,3.5128217,3.213175
412,864691135591664907,train,L4IT,pyramidal,6.031741,7.6180334
161,864691135886208112,train,L3IT,pyramidal,5.057918,9.565964
124,864691135470235986,train,BipFam,BipFam,3.8956566,10.554083
3733,864691135571440006,train,MartFam,MartFam,5.6112924,6.397185
147,864691135941886118,train,BipFam,BipFam,7.2651186,6.88813
1336,864691135342958789,train,L4IT,pyramidal,7.466873,6.186627
202,864691136086632812,train,NglFam,NglFam,6.060038,2.6907048
424,864691135741458324,train,L2IT,pyramidal,6.46269,5.6292887
3516,864691136067404440,test,MartFam,MartFam,4.8063283,2.6886694
10828,864691135346954143,train,MartFam,MartFam,1.4561713,5.962073
720,864691134887444986,test,NglFam,NglFam,3.2851932,4.5479403
1837,864691135778081453,train,thalamocortical,thalamocortical,2.6792526,8.011312
7142,864691135477104960,train,thalamocortical,thalamocortical,2.1576328,5.200142
246,864691135868386070,train,L4IT,pyramidal,8.403769,7.6963177
1126,864691136137064075,train,BipFam,BipFam,6.5799003,6.896811
33,864691135106309709,train,NglFam,NglFam,5.437769,8.2413225
5460,864691135875919502,test,MartFam,MartFam,3.775226,2.5404623
156,864691135990564864,train,NglFam,NglFam,4.763508,3.911495
777,864691135994158785,test,MartFam,MartFam,6.562626,5.5053754
147,864691136145208372,test,L6IT,pyramidal,3.4502583,9.785277
5457,864691136006393034,train,MartFam,MartFam,3.5320785,6.365809
7651,864691135210446457,train,MartFam,MartFam,5.783402,3.801586
8,864691136239793212,test,NglFam,NglFam,5.9899716,9.757659
1771,864691135997428394,test,thalamocortical,thalamocortical,2.1124198,4.2058883
436,864691136125433894,train,L3IT,pyramidal,6.0791607,9.508588
408,864691136311529306,train,L4IT,pyramidal,4.9701366,8.176253
1607,864691135341516741,test,MartFam,MartFam,9.107884,4.713381
359,864691135102433056,test,L4IT,pyramidal,5.4209375,8.859853
1189,864691135783317840,train,thalamocortical,thalamocortical,3.4157517,8.689297
2856,864691135755605197,train,thalamocortical,thalamocortical,1.4207877,7.044628
5211,864691136007059658,test,BipFam,BipFam,5.625333,3.7640054
6497,864691135779780797,test,MartFam,MartFam,6.618568,3.330889
66,864691135591726603,train,L4IT,pyramidal,6.4797797,9.645052
118,864691136523628945,train,L6IT,pyramidal,4.4752965,10.078771
400,864691135214970752,train,BipFam,BipFam,4.564963,7.4711404
865,864691135717457946,test,L4IT,pyramidal,8.1666355,8.297655
356,864691135106309709,train,NglFam,NglFam,9.442487,9.0445795
11,864691135779377341,train,L4IT,pyramidal,5.6472554,9.381879
1695,864691136523971473,train,BipFam,BipFam,4.179057,4.363276
4447,864691135997140906,train,BipFam,BipFam,4.262279,7.5736585
3889,864691136007059658,test,BipFam,BipFam,4.5251,3.8263407
278,864691135585989240,train,BasketFam,BasketFam,-0.19075963,6.4296675
1009,864691135106309709,train,NglFam,NglFam,8.328864,9.14789
5823,864691135499765267,train,MartFam,MartFam,4.4042993,2.8917975
146,864691135106189901,test,BasketFam,BasketFam,0.19443926,8.215457
3745,864691135346954143,train,MartFam,MartFam,4.7826066,3.8368855
2772,864691136042989910,test,BasketFam,BasketFam,-0.39216122,5.70168
189,864691136034412219,train,MartFam,MartFam,8.431251,3.171786
5031,864691135939776309,train,MartFam,MartFam,7.2188964,2.8489368
1770,864691135878407251,train,BasketFam,BasketFam,-0.07867579,3.6680682
3024,864691136053350131,test,thalamocortical,thalamocortical,2.9178233,7.870304
568,864691136195284556,train,MartFam,MartFam,4.223358,7.2537565
107,864691135693735103,train,NglFam,NglFam,9.625154,9.057615
332,864691136010639022,train,L3IT,pyramidal,6.99044,8.683872
878,864691135689555680,train,NglFam,NglFam,7.409544,4.9052987
904,864691136313406781,test,L4IT,pyramidal,4.6684494,9.340814
605,864691136274546622,train,L4IT,pyramidal,5.699728,9.57656
50,864691135271343525,train,BipFam,BipFam,-0.8168215,3.9110944
35,864691136372954248,test,NglFam,NglFam,3.972376,4.5906277
492,864691135810297885,train,BipFam,BipFam,8.344864,4.482679
279,864691136391024144,train,NglFam,NglFam,6.2517686,2.9971354
6431,864691136311213914,test,BasketFam,BasketFam,0.83424723,5.4531484
39,864691135303514791,train,NglFam,NglFam,8.587331,2.5416703
5822,864691135689015264,train,thalamocortical,thalamocortical,4.8789296,5.414608
2609,864691135755605197,train,thalamocortical,thalamocortical,2.2154942,5.151932
17,864691136336204979,train,NglFam,NglFam,9.340489,3.1107647
483,864691135576991518,train,L4IT,pyramidal,6.9647937,8.523799
8580,864691135480702662,train,MartFam,MartFam,2.7258134,4.3015594
1602,864691135431441968,train,thalamocortical,thalamocortical,3.9772046,7.2018356
1494,864691136372954248,test,NglFam,NglFam,6.181854,3.3423064
2508,864691135685030130,train,thalamocortical,thalamocortical,2.526587,6.07445
174,864691134990847098,train,BasketFam,BasketFam,1.2790192,7.449042
339,864691136391024144,train,NglFam,NglFam,3.6043375,7.700374
637,864691136052101363,train,BipFam,BipFam,6.0489173,8.693512
3264,864691135997140906,train,BipFam,BipFam,8.00133,8.568648
629,864691136596901026,train,L4IT,pyramidal,4.453164,7.398203
256,864691136391024144,train,NglFam,NglFam,5.502443,3.4362586
326,864691135520105354,test,L3IT,pyramidal,4.8205843,6.310666
862,864691135293605558,train,L4IT,pyramidal,3.260962,5.913556
0,864691135656674242,train,L5IT,pyramidal,2.3694816,6.696002
3677,864691135477104960,train,thalamocortical,thalamocortical,2.9047828,8.026146
3327,864691136033871035,train,thalamocortical,thalamocortical,1.41188,5.770899
34,864691135305383591,train,NglFam,NglFam,4.7846684,7.765135
511,864691135763795510,test,L4IT,pyramidal,4.5343523,7.2781854
292,864691135765006134,train,L4IT,pyramidal,7.418291,6.506792
659,864691135474086450,train,BasketFam,BasketFam,3.1470168,9.162818
241,864691136273370302,train,NglFam,NglFam,6.3148184,9.768526
5386,864691135941898918,train,MartFam,MartFam,5.1683626,3.7066338
23,864691135464671550,train,L2IT,pyramidal,9.318554,4.9472938
5242,864691135343509701,train,MartFam,MartFam,4.656487,7.6996937
6425,864691135456535658,train,MartFam,MartFam,5.732391,3.0011961
2433,864691136392806271,train,BasketFam,BasketFam,-0.8337732,3.7097578
281,864691135778618029,train,BipFam,BipFam,4.777182,6.110845
729,864691135477104960,train,thalamocortical,thalamocortical,3.055803,6.4757724
581,864691135764678198,test,MartFam,MartFam,8.516428,4.897794
273,864691135990672896,train,MartFam,MartFam,9.303399,7.6904016
1604,864691135404765166,train,MartFam,MartFam,4.285363,2.9784186
779,864691135570303724,test,L4IT,pyramidal,7.3892465,6.7745624
634,864691135106309709,train,NglFam,NglFam,9.8598385,8.285657
521,864691135361291591,train,MartFam,MartFam,6.2245736,6.442342
8606,864691135756844242,test,MartFam,MartFam,7.471149,5.6614184
40,864691135106309709,train,NglFam,NglFam,9.654422,8.936675
513,864691136238679567,test,L3IT,pyramidal,6.389868,8.078818
1961,864691135119335645,train,thalamocortical,thalamocortical,3.1278915,6.0651603
4461,864691136011733934,train,MartFam,MartFam,3.6061726,4.4010625
533,864691135941789606,train,BasketFam,BasketFam,0.38734773,3.8239224
397,864691136086632812,train,NglFam,NglFam,6.8394766,5.8056374
483,864691136091233847,train,thalamocortical,thalamocortical,4.471327,5.2856874
3203,864691135478434216,train,BasketFam,BasketFam,-0.37751222,5.879011
544,864691135685030130,train,thalamocortical,thalamocortical,4.651264,5.100033
258,864691135258563503,train,L4IT,pyramidal,9.112474,6.251259
250,864691136006493898,test,L4IT,pyramidal,8.963313,7.961983
455,864691135562780385,train,L2IT,pyramidal,9.3348055,8.140369
2151,864691136007059658,test,BipFam,BipFam,5.382744,7.1881404
127,864691136425681967,train,L4IT,pyramidal,8.609501,3.6329787
7,864691136125840678,test,L6CT,pyramidal,8.346669,6.8823166
325,864691135571440006,train,MartFam,MartFam,8.983738,2.6014943
1656,864691135562950369,train,BipFam,BipFam,4.095541,7.146749
475,864691136438372254,train,BipFam,BipFam,7.1662927,5.351805
318,864691135470255698,train,thalamocortical,thalamocortical,4.427898,8.610209
8853,864691135271967397,train,MartFam,MartFam,2.4645536,4.4126863
1952,864691135755605197,train,thalamocortical,thalamocortical,3.9337275,7.7568436
1642,864691135764890678,train,MartFam,MartFam,8.923547,2.581781
2753,864691135878586963,test,thalamocortical,thalamocortical,3.3445973,5.86037
1933,864691135477104960,train,thalamocortical,thalamocortical,2.2430372,5.6742506
861,864691135561699041,train,MartFam,MartFam,5.141515,4.743121
1041,864691135343506885,train,BipFam,BipFam,7.3916616,6.3304687
376,864691135398762529,train,BipFam,BipFam,3.4885035,9.612586
172,864691135840033171,train,NglFam,NglFam,6.9087152,3.9476237
77,864691136336204979,train,NglFam,NglFam,6.562769,3.3238952
39,864691135389004929,train,BasketFam,BasketFam,0.953194,8.090011
65,864691136239793212,test,NglFam,NglFam,8.134978,6.47404
1248,864691135447979922,train,BipFam,BipFam,6.368545,4.279898
5230,864691136312445786,train,BasketFam,BasketFam,-0.6771665,4.7117915
189,864691136135963787,train,L3IT,pyramidal,7.5894756,8.206894
6576,864691136390905207,train,MartFam,MartFam,2.9407313,5.2825727
301,864691136905203378,test,L4IT,pyramidal,8.792423,8.605379
131,864691135717271834,test,L4IT,pyramidal,7.488265,7.5322866
4821,864691136390675216,train,BasketFam,BasketFam,0.16112243,3.656459
1793,864691136390675216,train,BasketFam,BasketFam,6.967939,6.1632824
2490,864691136007128778,test,MartFam,MartFam,5.724381,5.135955
399,864691135499752723,train,BasketFam,BasketFam,-0.30898643,6.5465775
1083,864691136288755395,train,thalamocortical,thalamocortical,3.4166343,7.3734303
4158,864691136391023120,train,BasketFam,BasketFam,0.8806021,4.5671062
3009,864691135928029966,train,thalamocortical,thalamocortical,6.2011585,6.198371
223,864691136391024144,train,NglFam,NglFam,4.7796307,3.3806083
2815,864691135343506885,train,BipFam,BipFam,7.34952,5.231927
6292,864691135362357319,train,BasketFam,BasketFam,-0.29886046,5.894922
726,864691135997140906,train,BipFam,BipFam,8.067001,4.2327404
3685,864691135703016059,train,MartFam,MartFam,3.661941,4.815972
941,864691136058745048,train,L4IT,pyramidal,2.9707859,6.207537
659,864691135106309709,train,NglFam,NglFam,8.557919,9.3077345
166,864691136239793212,test,NglFam,NglFam,9.685385,7.9188757
484,864691135106309709,train,NglFam,NglFam,6.180981,9.775369
497,864691135685030130,train,thalamocortical,thalamocortical,5.4417267,5.771309
260,864691135106309709,train,NglFam,NglFam,8.376702,8.652998
6778,864691135756844242,test,MartFam,MartFam,7.377595,3.0439618
803,864691136145537844,train,BipFam,BipFam,5.322541,5.2163258
483,864691136125440038,train,L4IT,pyramidal,8.489161,4.8829775
868,864691136579408916,test,L4IT,pyramidal,9.106337,5.6040635
62,864691135132887456,test,NglFam,NglFam,9.082718,3.4657867
92,864691136336204979,train,NglFam,NglFam,8.713369,2.700056
269,864691135689555680,train,NglFam,NglFam,8.499071,4.52787
2138,864691135571356038,test,MartFam,MartFam,5.0131493,3.1882493
955,864691136484972332,train,L3IT,pyramidal,3.6206472,6.3634486
254,864691135839999379,train,BipFam,BipFam,8.627596,4.578557
4405,864691135689015264,train,thalamocortical,thalamocortical,2.0469186,6.3902144
693,864691136137210507,train,BipFam,BipFam,3.607834,6.3792763
98,864691135567047191,train,L3IT,pyramidal,3.7501864,4.7420125
643,864691135772774651,test,MartFam,MartFam,3.4513898,4.0969157
860,864691135470860370,test,BipFam,BipFam,4.391618,6.0645695
564,864691136033871035,train,thalamocortical,thalamocortical,4.004089,5.0463996
371,864691136381353685,train,L3IT,pyramidal,7.911123,6.838173
2928,864691135464991645,train,thalamocortical,thalamocortical,2.7595932,6.209816
2851,864691135703016059,train,MartFam,MartFam,5.5999007,2.9803991
2135,864691135398746401,train,MartFam,MartFam,3.80425,2.6200337
2776,864691135783317840,train,thalamocortical,thalamocortical,2.3703556,6.6615458
114,864691135082864887,test,L5IT,pyramidal,5.2234926,8.242344
891,864691135106309709,train,NglFam,NglFam,8.6063795,9.499354
2094,864691135997428394,test,thalamocortical,thalamocortical,4.479399,5.3914933
3476,864691135778081453,train,thalamocortical,thalamocortical,1.8314412,5.4523554
3561,864691135373601736,train,BasketFam,BasketFam,0.3973472,8.603796
75,864691136025504569,train,L4IT,pyramidal,3.8006613,5.9500613
289,864691135778187360,train,L4IT,pyramidal,5.151353,8.2751465
2459,864691135387277397,test,thalamocortical,thalamocortical,5.673362,5.723861
5023,864691135294194358,train,thalamocortical,thalamocortical,7.6307116,7.3404284
5270,864691135470255698,train,thalamocortical,thalamocortical,3.181282,6.068907
4335,864691135755605197,train,thalamocortical,thalamocortical,3.1583116,7.2336526
3741,864691135456535658,train,MartFam,MartFam,3.5174882,9.849062
2653,864691136523889553,train,BasketFam,BasketFam,-1.1480104,4.309748
1782,864691135782873936,test,thalamocortical,thalamocortical,4.06932,7.1761866
28,864691135764644150,train,BipFam,BipFam,6.6380744,6.119817
1816,864691135742895723,test,BipFam,BipFam,0.4638547,5.792761
3947,864691136390675216,train,BasketFam,BasketFam,-0.11403709,4.8538294
235,864691136391024144,train,NglFam,NglFam,3.3250365,4.4205103
154,864691135778811325,train,L2IT,pyramidal,5.313172,9.802201
5788,864691135941898918,train,MartFam,MartFam,5.7079782,4.616517
6697,864691136390675216,train,BasketFam,BasketFam,0.51423925,5.942245
1655,864691135343506885,train,BipFam,BipFam,6.4667625,3.9512382
3320,864691135562001633,train,MartFam,MartFam,-0.93078434,4.369352
767,864691135689015264,train,thalamocortical,thalamocortical,4.6727905,6.231546
851,864691135774221643,train,MartFam,MartFam,3.678695,3.0722265
327,864691135778187360,train,L4IT,pyramidal,7.7408752,6.800706
471,864691136091233847,train,thalamocortical,thalamocortical,2.5612144,6.5374446
1290,864691135866821340,train,thalamocortical,thalamocortical,4.4624047,5.489031
467,864691136137210507,train,BipFam,BipFam,5.51391,5.311698
465,864691136274655166,train,L4IT,pyramidal,7.085226,6.089476
9059,864691136914542577,train,MartFam,MartFam,5.542355,2.919174
606,864691135470860370,test,BipFam,BipFam,9.629772,8.097495
419,864691136239793212,test,NglFam,NglFam,8.36038,6.674056
421,864691135447979922,train,BipFam,BipFam,6.4123473,7.7598486
477,864691136110765496,train,MartFam,MartFam,3.266828,8.155523
12,864691134989909114,test,MartFam,MartFam,4.449133,7.6719966
48,864691136336204979,train,NglFam,NglFam,4.399098,7.4629273
307,864691135456207722,train,L5ET,pyramidal,7.6549864,8.532003
58,864691136034084795,train,L3IT,pyramidal,9.02696,4.5865426
384,864691136991606421,train,L4IT,pyramidal,8.177196,9.521694
4725,864691136007059658,test,BipFam,BipFam,6.4569764,4.235442
2586,864691135566825495,train,BasketFam,BasketFam,0.9070932,7.814017
744,864691135271343525,train,BipFam,BipFam,4.951937,4.843073
74,864691136210847932,test,L4IT,pyramidal,3.2696028,7.1926246
2123,864691135990793216,train,MartFam,MartFam,3.5768397,5.7890944
5867,864691135703016059,train,MartFam,MartFam,5.2341175,2.7989905
4406,864691135373601736,train,BasketFam,BasketFam,0.28919506,7.9804482
1382,864691135499765267,train,MartFam,MartFam,4.504527,2.8182468
736,864691136372954248,test,NglFam,NglFam,4.117413,6.876586
441,864691135527555163,train,L4IT,pyramidal,6.7530947,6.629764
2510,864691135212863360,train,MartFam,MartFam,4.4553595,4.2865453
8418,864691135346954143,train,MartFam,MartFam,3.1797297,3.1397846
203,864691136288755395,train,thalamocortical,thalamocortical,4.480397,5.6720667
28,864691136120465944,train,thalamocortical,thalamocortical,2.0896595,3.8884935
1700,864691136145537844,train,BipFam,BipFam,5.082671,7.517203
671,864691136138622333,train,BasketFam,BasketFam,0.29941493,6.3202915
875,864691135387551061,train,BasketFam,BasketFam,1.5110545,7.631903
2793,864691136118294692,train,thalamocortical,thalamocortical,5.071382,5.4442296
2420,864691135409856713,train,BasketFam,BasketFam,0.4425023,5.8796983
2005,864691135994158785,test,MartFam,MartFam,1.2886655,7.2117844
153,864691135592789259,train,BipFam,BipFam,4.250681,3.7713797
253,864691135840033171,train,NglFam,NglFam,3.4557304,8.49414
1662,864691135739131780,train,MartFam,MartFam,2.6260512,4.0828304
725,864691136012173475,test,BipFam,BipFam,4.314735,4.5670543
175,864691136524282001,train,NglFam,NglFam,8.143688,3.533207
8932,864691136118878116,train,MartFam,MartFam,2.3592036,4.6215286
1238,864691135732257721,train,BasketFam,BasketFam,1.0629952,4.521741
29,864691135132887456,test,NglFam,NglFam,6.5235834,6.032242
1749,864691135470860370,test,BipFam,BipFam,9.403633,8.052043
2939,864691135659538306,train,thalamocortical,thalamocortical,4.6799855,5.351673
4248,864691136390675216,train,BasketFam,BasketFam,9.034548,6.7482605
438,864691135106309709,train,NglFam,NglFam,4.5833597,10.060703
127,864691135499964947,test,L5IT,pyramidal,6.4578004,8.107326
5658,864691135477104960,train,thalamocortical,thalamocortical,3.6791832,4.825593
9693,864691135858282030,train,MartFam,MartFam,5.453352,4.3391175
353,864691136010650796,train,BipFam,BipFam,7.566816,5.893921
1481,864691136445968259,train,BasketFam,BasketFam,9.175168,7.638654
74,864691135885623408,train,L6CT,pyramidal,5.9812346,8.571141
797,864691135398762529,train,BipFam,BipFam,6.5605183,5.4128814
419,864691135755707597,train,BipFam,BipFam,8.271633,2.6932428
579,864691136273370302,train,NglFam,NglFam,5.02123,9.927008
1601,864691136021595384,train,BasketFam,BasketFam,-0.5146141,3.7769644
287,864691135493665631,train,L4IT,pyramidal,3.7119992,5.930142
133,864691135343506885,train,BipFam,BipFam,8.3425865,6.777177
788,864691135271696549,test,L6IT,pyramidal,4.4572506,10.316644
1509,864691136445968259,train,BasketFam,BasketFam,3.4442718,9.470543
2117,864691135997428394,test,thalamocortical,thalamocortical,4.4453526,8.3033085
137,864691135157198692,train,L4IT,pyramidal,4.26149,4.780586
2863,864691135496262032,train,BasketFam,BasketFam,0.8565795,6.88089
127,864691135869457430,train,BasketFam,BasketFam,-0.26396987,6.141277
1008,864691135464991645,train,thalamocortical,thalamocortical,2.0856194,4.8938785
627,864691135343506885,train,BipFam,BipFam,6.1586685,9.925094
1931,864691137022180974,test,MartFam,MartFam,4.786844,7.0927896
268,864691135840033171,train,NglFam,NglFam,5.1834207,5.1010313
3268,864691135470255698,train,thalamocortical,thalamocortical,3.3824759,9.525914
2034,864691135478334888,train,BasketFam,BasketFam,0.092605084,8.385259
386,864691135996891050,test,BipFam,BipFam,3.4901743,7.566077
6916,864691135875919502,test,MartFam,MartFam,3.046809,4.1401587
262,864691136336204979,train,NglFam,NglFam,3.9475076,6.553493
3453,864691135470255698,train,thalamocortical,thalamocortical,1.974584,6.839758
4479,864691135689015264,train,thalamocortical,thalamocortical,5.9848685,8.119944
2241,864691135997140906,train,BipFam,BipFam,7.3636036,6.373459
3324,864691135954582563,train,MartFam,MartFam,9.299124,7.986375
657,864691136273370302,train,NglFam,NglFam,4.049319,10.250645
632,864691135941829121,test,BasketFam,BasketFam,-0.28826523,7.2075295
8023,864691135464991645,train,thalamocortical,thalamocortical,4.0340867,4.9222913
1810,864691135779780797,test,MartFam,MartFam,6.075276,3.3565223
156,864691135701272610,test,L6IT,pyramidal,5.1281295,8.234195
677,864691135106309709,train,NglFam,NglFam,8.9724865,9.366542
568,864691136145494068,train,BasketFam,BasketFam,-0.6637328,6.0733333
5943,864691135592837899,train,BasketFam,BasketFam,5.3219833,8.33875
1906,864691135755605197,train,thalamocortical,thalamocortical,6.047582,4.8460894
537,864691135994804394,train,BipFam,BipFam,4.516677,10.461434
2893,864691135641196091,train,MartFam,MartFam,4.4910254,7.8866134
234,864691135257638575,train,L3IT,pyramidal,5.016116,10.036401
376,864691135659538306,train,thalamocortical,thalamocortical,4.93266,5.524798
7868,864691135739131780,train,MartFam,MartFam,4.5320563,2.9739351
2048,864691135779780797,test,MartFam,MartFam,6.5616465,5.469283
258,864691135573296677,train,L3IT,pyramidal,6.1651497,9.262942
4823,864691136603935441,train,BasketFam,BasketFam,-1.3213704,4.7635145
106,864691135502873666,test,L3IT,pyramidal,8.581071,7.6394978
699,864691136138695549,train,BasketFam,BasketFam,-0.29833984,7.0027566
283,864691136336204979,train,NglFam,NglFam,6.419718,3.220922
1225,864691136145537844,train,BipFam,BipFam,6.220515,5.187463
137,864691135066958404,train,L4IT,pyramidal,9.1493635,3.7692826
1598,864691137199860033,test,BasketFam,BasketFam,0.3192216,6.689898
2966,864691135339982310,train,BasketFam,BasketFam,0.30686674,5.722588
365,864691136273370302,train,NglFam,NglFam,9.672845,8.105497
1627,864691135464991645,train,thalamocortical,thalamocortical,4.6047053,5.2388616
4946,864691135595810859,train,BasketFam,BasketFam,-0.84931546,6.122173
2250,864691136011549614,train,BipFam,BipFam,6.258418,8.234796
1112,864691136453186559,train,BasketFam,BasketFam,1.0898129,7.5003147
313,864691135810297885,train,BipFam,BipFam,7.473682,7.44493
1075,864691135817803599,test,BasketFam,BasketFam,2.0653265,4.9224634
221,864691135783317840,train,thalamocortical,thalamocortical,1.4561309,6.281413
616,864691136067404440,test,MartFam,MartFam,8.515521,7.1888995
1181,864691136925008100,train,BipFam,BipFam,0.5839622,6.0214357
793,864691135689015264,train,thalamocortical,thalamocortical,3.829119,7.118709
436,864691135477104960,train,thalamocortical,thalamocortical,4.489441,7.9220834
2542,864691135997140906,train,BipFam,BipFam,7.54427,6.544956
7156,864691135839979667,train,MartFam,MartFam,4.3951263,3.2831953
2543,864691135499752723,train,BasketFam,BasketFam,0.4036411,6.4092603
543,864691135566902039,train,BipFam,BipFam,5.408554,5.296525
52,864691135566824983,test,BipFam,BipFam,0.23903751,4.731083
449,864691136273370302,train,NglFam,NglFam,9.741399,8.519396
728,864691136372954248,test,NglFam,NglFam,5.9009924,5.1218004
3854,864691135997140906,train,BipFam,BipFam,7.698773,5.5006886
345,864691136026198585,train,L4IT,pyramidal,7.016368,6.4041877
2487,864691135839979667,train,MartFam,MartFam,4.092876,3.1462808
3448,864691135294194358,train,thalamocortical,thalamocortical,3.9339807,5.3596067
983,864691135456535658,train,MartFam,MartFam,5.4875903,2.874661
2747,864691135685030130,train,thalamocortical,thalamocortical,4.103891,6.798315
4844,864691135817803599,test,BasketFam,BasketFam,0.03367156,3.5665514
1340,864691135839979667,train,MartFam,MartFam,6.9350615,4.3103375
649,864691136580010516,test,MartFam,MartFam,4.340931,3.4495385
205,864691135060768923,test,BipFam,BipFam,4.0796623,8.767797
1533,864691135685250546,train,BasketFam,BasketFam,0.15199918,3.4404848
1239,864691136336192947,train,BasketFam,BasketFam,0.40426955,6.447151
870,864691135106309709,train,NglFam,NglFam,9.275572,9.47534
12,864691135480311494,train,L6IT,pyramidal,4.0591445,10.114775
5133,864691135464991645,train,thalamocortical,thalamocortical,2.8099344,6.283713
1898,864691136364183266,train,BasketFam,BasketFam,4.384003,10.331862
584,864691136137168779,train,BipFam,BipFam,3.2923644,5.7636166
281,864691136177029382,train,L6IT,pyramidal,3.9361572,10.469351
619,864691136012173475,test,BipFam,BipFam,6.872737,8.881776
155,864691136453186559,train,BasketFam,BasketFam,0.646539,7.6470594
353,864691136524282001,train,NglFam,NglFam,6.5621343,6.546426
248,864691135351159255,train,thalamocortical,thalamocortical,3.549191,5.7500114
6753,864691136580010516,test,MartFam,MartFam,3.0764332,8.634594
2115,864691135294194358,train,thalamocortical,thalamocortical,4.4654994,5.813031
483,864691136974876956,test,L5ET,pyramidal,3.8780327,9.586592
226,864691136228538961,train,L5IT,pyramidal,4.9846425,9.8106
1205,864691136288755395,train,thalamocortical,thalamocortical,7.2249594,6.910411
2929,864691135774221643,train,MartFam,MartFam,6.2969494,4.6483674
752,864691134966249759,train,thalamocortical,thalamocortical,4.1386247,5.5078473
69,864691135273655569,train,L5ET,pyramidal,4.9588575,9.578901
14629,864691135271967397,train,MartFam,MartFam,2.8538342,4.8570538
484,864691135210358137,train,L4IT,pyramidal,6.4828696,7.0107327
736,864691136380757461,train,L5IT,pyramidal,8.870009,4.7188716
628,864691135739131780,train,MartFam,MartFam,4.915534,2.2434993
429,864691135303514791,train,NglFam,NglFam,8.51616,2.6300333
1178,864691135456535658,train,MartFam,MartFam,4.7303348,2.323935
156,864691135106309709,train,NglFam,NglFam,8.695682,9.451382
289,864691135369651193,train,BipFam,BipFam,5.693728,5.361033
4568,864691135839979667,train,MartFam,MartFam,2.0080152,3.5233254
130,864691135295165196,test,L4IT,pyramidal,6.860485,7.3451247
12367,864691136914542577,train,MartFam,MartFam,3.6043634,7.79119
11,864691135257669039,train,L3IT,pyramidal,7.3375535,6.723828
925,864691135946994785,train,BasketFam,BasketFam,7.612075,10.365607
1049,864691136058602712,train,thalamocortical,thalamocortical,4.5638213,8.823142
640,864691136138756221,train,BipFam,BipFam,8.854165,7.3465858
480,864691136390828919,train,MartFam,MartFam,5.792711,2.8390312
593,864691135431579440,train,BipFam,BipFam,5.781828,8.963146
260,864691135810297885,train,BipFam,BipFam,6.029797,9.289983
316,864691135942924148,train,L4IT,pyramidal,8.67654,7.991658
546,864691135477104960,train,thalamocortical,thalamocortical,2.4137206,7.0517507
3713,864691135294194358,train,thalamocortical,thalamocortical,1.7610481,6.720204
42,864691135347627423,train,BipFam,BipFam,7.2080107,9.214793
151,864691135540272498,train,L2IT,pyramidal,7.635949,6.084981
2494,864691134886037498,train,MartFam,MartFam,3.9326541,6.206997
2519,864691135764678198,test,MartFam,MartFam,8.342886,3.249844
2012,864691135858363694,train,BasketFam,BasketFam,-0.41565827,3.57446
150,864691134887444986,test,NglFam,NglFam,6.370075,3.445378
644,864691135773209163,test,L4IT,pyramidal,2.230486,6.735113
693,864691135324705692,train,L4IT,pyramidal,4.9567246,6.323179
224,864691135573245165,train,BasketFam,BasketFam,0.10511343,3.9627194
127,864691135132887456,test,NglFam,NglFam,8.506822,3.8245125
2384,864691135258628527,test,BasketFam,BasketFam,-0.027376708,6.628215
5945,864691136138622333,train,BasketFam,BasketFam,-0.4796385,4.5047345
326,864691136391027728,train,L4IT,pyramidal,5.201495,9.811433
103,864691135106309709,train,NglFam,NglFam,8.943811,9.3820915
632,864691136390675216,train,BasketFam,BasketFam,-0.44834217,4.3832536
211,864691135573296677,train,L3IT,pyramidal,6.280062,9.313847
4427,864691135271967397,train,MartFam,MartFam,3.7958465,2.608992
73,864691135119335645,train,thalamocortical,thalamocortical,3.1051188,5.667175
3255,864691136118294692,train,thalamocortical,thalamocortical,3.3849373,6.029117
749,864691136925008100,train,BipFam,BipFam,4.709852,6.2680583
874,864691136138756221,train,BipFam,BipFam,8.471299,7.5761213
2090,864691136011549614,train,BipFam,BipFam,5.885828,6.5737543
2469,864691135616183499,train,BasketFam,BasketFam,-0.17881152,5.4864435
698,864691135685030130,train,thalamocortical,thalamocortical,6.4643383,9.347353
220,864691135106309709,train,NglFam,NglFam,8.20387,9.81862
442,864691135577749022,train,L2IT,pyramidal,8.663197,3.756372
307,864691135778116013,train,BasketFam,BasketFam,0.26242903,4.328954
238,864691136052101363,train,BipFam,BipFam,5.7960835,8.975425
762,864691136913135089,train,MartFam,MartFam,7.5726166,10.489654
5899,864691136007059658,test,BipFam,BipFam,6.075663,6.685112
62,864691136363009250,train,L4IT,pyramidal,8.937875,8.918534
247,864691135214643256,test,L6IT,pyramidal,6.1035333,8.709061
255,864691135592678411,train,BipFam,BipFam,7.6629443,4.4163184
140,864691135689555680,train,NglFam,NglFam,7.97103,7.287164
282,864691135742895723,test,BipFam,BipFam,5.1225915,5.67974
3798,864691135464991645,train,thalamocortical,thalamocortical,4.2077312,7.957297
359,864691135132887456,test,NglFam,NglFam,8.596254,4.4057417
146,864691136524282001,train,NglFam,NglFam,8.373685,2.4686332
348,864691135303514791,train,NglFam,NglFam,8.506464,4.0053015
2927,864691135496262032,train,BasketFam,BasketFam,-0.5315548,6.255202
553,864691135132887456,test,NglFam,NglFam,8.5242815,5.7516356
296,864691135566979927,train,MartFam,MartFam,6.6809196,8.799943
4880,864691135196475434,train,MartFam,MartFam,6.5311484,3.649671
2811,864691136312445786,train,BasketFam,BasketFam,-0.44209662,4.574018
850,864691135343506885,train,BipFam,BipFam,2.2079842,6.8486447
2038,864691135702887291,train,BasketFam,BasketFam,7.3152566,10.34951
155,864691135994804394,train,BipFam,BipFam,4.920255,9.333303
87,864691136239793212,test,NglFam,NglFam,9.629195,8.896889
42,864691135878468435,train,L2IT,pyramidal,7.8353558,8.045805
6066,864691135618332265,train,BasketFam,BasketFam,-1.1984445,4.3549595
1105,864691135866821340,train,thalamocortical,thalamocortical,3.3589365,8.977858
5230,864691135294194358,train,thalamocortical,thalamocortical,2.256682,5.5832977
107,864691135689555680,train,NglFam,NglFam,2.981621,4.315666
384,864691135014681590,test,L6IT,pyramidal,8.98963,9.026073
43,864691135351066583,train,L2IT,pyramidal,4.745111,9.366912
225,864691136273370302,train,NglFam,NglFam,8.486881,6.714297
4279,864691135106189901,test,BasketFam,BasketFam,7.6458473,10.371029
1013,864691136489623826,train,BasketFam,BasketFam,7.2448535,5.800376
1872,864691136091233847,train,thalamocortical,thalamocortical,7.310428,6.714328
885,864691136381324501,train,BasketFam,BasketFam,-0.85677487,5.4468794
537,864691136967703758,train,L4IT,pyramidal,6.2220573,6.42708
633,864691135997140906,train,BipFam,BipFam,6.992222,5.7565613
126,864691136914414321,train,L2IT,pyramidal,6.0777583,6.3157253
28,864691135369651193,train,BipFam,BipFam,6.4308476,6.0903206
446,864691136905203378,test,L4IT,pyramidal,7.5065227,8.8953905
127,864691135867644805,train,L4IT,pyramidal,7.141181,6.1903644
17,864691136372954248,test,NglFam,NglFam,4.246692,3.2412927
2734,864691134966621471,train,MartFam,MartFam,6.175757,4.306051
92,864691136298913563,train,MartFam,MartFam,4.9726973,4.481214
3037,864691135997140906,train,BipFam,BipFam,7.3591156,5.4095
812,864691135470255698,train,thalamocortical,thalamocortical,2.1943955,6.556441
6712,864691135839979667,train,MartFam,MartFam,4.1482334,2.5276685
3039,864691135294194358,train,thalamocortical,thalamocortical,2.080383,8.425753
326,864691135409859785,train,L5IT,pyramidal,5.1337967,5.4115953
1053,864691135689296608,train,BasketFam,BasketFam,-0.06243886,4.407682
1333,864691136372954248,test,NglFam,NglFam,6.759988,3.5693076
647,864691135504203357,train,L4IT,pyramidal,2.5064552,6.4988527
7,864691136313406781,test,L4IT,pyramidal,6.3439517,6.4769974
328,864691136927366986,train,thalamocortical,thalamocortical,2.0647094,6.2197785
818,864691136372954248,test,NglFam,NglFam,4.616074,8.699812
1985,864691135343506885,train,BipFam,BipFam,4.7857766,4.204915
392,864691135106309709,train,NglFam,NglFam,5.8255353,6.263088
406,864691136603306193,test,L6IT,pyramidal,8.981714,9.872805
1588,864691135477104960,train,thalamocortical,thalamocortical,3.0995991,6.900496
858,864691135855890478,train,L2IT,pyramidal,6.2179885,9.849839
1011,864691135106309709,train,NglFam,NglFam,6.140727,9.097863
1040,864691135689015264,train,thalamocortical,thalamocortical,2.9456255,7.6894455
1989,864691136523971473,train,BipFam,BipFam,5.6300864,3.6321108
2850,864691135928029966,train,thalamocortical,thalamocortical,7.0631366,7.081678
515,864691135689555680,train,NglFam,NglFam,7.9407067,3.3677382
13203,864691136914542577,train,MartFam,MartFam,4.8202314,3.5012295
138,864691136620914829,train,L4IT,pyramidal,7.2630854,6.655899
1207,864691135997428394,test,thalamocortical,thalamocortical,5.210522,5.4805164
2540,864691135470255698,train,thalamocortical,thalamocortical,2.3394666,7.4265313
306,864691135303514791,train,NglFam,NglFam,8.949981,2.7636092
224,864691135717386266,test,L3IT,pyramidal,9.169013,8.48222
2066,864691135405480430,train,BasketFam,BasketFam,-1.1046281,4.2483673
5703,864691135853090503,test,BasketFam,BasketFam,0.98144215,4.2246222
1330,864691135343506885,train,BipFam,BipFam,3.5185819,7.252749
5143,864691136011485614,test,BasketFam,BasketFam,0.47472885,6.814417
1383,864691136372954248,test,NglFam,NglFam,5.993773,4.9840636
534,864691135115194009,train,BipFam,BipFam,6.1711874,9.174704
148,864691135527713115,train,L6CT,pyramidal,3.8313847,10.48122
2376,864691135466333509,train,BasketFam,BasketFam,-0.8577554,3.9000301
170,864691136814345075,train,MartFam,MartFam,7.528787,3.9671826
82,864691136034084795,train,L3IT,pyramidal,7.6743817,6.5116706
89,864691135584646253,train,L2IT,pyramidal,6.518125,8.506335
197,864691135540272498,train,L2IT,pyramidal,8.830625,5.62123
386,864691136274712254,train,L6IT,pyramidal,9.282377,8.912873
873,864691135782873936,test,thalamocortical,thalamocortical,3.592442,5.7167964
11086,864691136914542577,train,MartFam,MartFam,4.4424996,3.2866983
155,864691135990564864,train,NglFam,NglFam,9.403337,3.3124595
9182,864691135480702662,train,MartFam,MartFam,6.2422314,4.6217513
67,864691134887444986,test,NglFam,NglFam,3.9185252,7.411669
700,864691135431579440,train,BipFam,BipFam,8.460782,7.246376
4037,864691136067404440,test,MartFam,MartFam,-0.38952136,4.7144055
537,864691135763433270,train,L3IT,pyramidal,7.258032,8.195696
833,864691135106309709,train,NglFam,NglFam,6.011451,9.720169
8058,864691135703016059,train,MartFam,MartFam,3.0398889,5.7574887
398,864691135386963541,train,L4IT,pyramidal,7.399163,4.6624284
3773,864691135387551061,train,BasketFam,BasketFam,0.63331974,4.7261095
372,864691135464946757,test,BasketFam,BasketFam,0.56678206,4.480951
965,864691136052101363,train,BipFam,BipFam,3.6630476,9.933977
8961,864691135210446457,train,MartFam,MartFam,4.3411813,3.2726328
1349,864691136058602712,train,thalamocortical,thalamocortical,4.4231358,6.0548954
23,864691135470556242,train,MartFam,MartFam,4.449016,5.161301
262,864691135640398651,test,L3IT,pyramidal,7.880688,8.3685875
394,864691135119630813,test,BipFam,BipFam,4.0892854,7.0721087
41,864691136314120765,train,BasketFam,BasketFam,-0.4452456,5.484077
1527,864691135742895723,test,BipFam,BipFam,3.292437,7.5592237
145,864691136136383883,test,L4IT,pyramidal,8.689343,9.619664
4456,864691135939776309,train,MartFam,MartFam,3.082304,4.007763
4549,864691135755605197,train,thalamocortical,thalamocortical,1.6688066,6.964505
383,864691135294194358,train,thalamocortical,thalamocortical,1.7082415,6.415937
5469,864691135369668089,train,BasketFam,BasketFam,-0.9216855,4.3093553
1932,864691136033871035,train,thalamocortical,thalamocortical,6.40111,6.640826
618,864691135106309709,train,NglFam,NglFam,8.631769,9.431557
2804,864691135119335645,train,thalamocortical,thalamocortical,4.028309,5.974133
649,864691135294194358,train,thalamocortical,thalamocortical,-0.15862055,3.521108
2359,864691135464991645,train,thalamocortical,thalamocortical,4.27924,5.452521
581,864691136086632812,train,NglFam,NglFam,6.653493,2.9600458
8008,864691135464991645,train,thalamocortical,thalamocortical,2.2015648,8.102933
3186,864691135124690471,train,BasketFam,BasketFam,-1.0177143,3.8764608
28,864691135342594225,test,L2IT,pyramidal,8.953547,5.517443
953,864691135274708753,train,BasketFam,BasketFam,7.887535,9.689941
4440,864691136595955362,train,MartFam,MartFam,5.4398456,4.8621545
359,864691136445557123,test,L4IT,pyramidal,7.070308,8.32834
3999,864691135997428394,test,thalamocortical,thalamocortical,-1.1743346,5.1112924
371,864691135997428394,test,thalamocortical,thalamocortical,2.081264,4.9277816
117,864691135990564864,train,NglFam,NglFam,8.556061,2.4958634
1985,864691135271915173,train,MartFam,MartFam,4.626597,8.505697
69,864691135695042751,train,L6IT,pyramidal,8.908946,7.6995215
316,864691136335689907,train,L4IT,pyramidal,4.3106885,10.150607
151,864691136524282001,train,NglFam,NglFam,5.9677577,5.473715
383,864691136118430628,train,BipFam,BipFam,3.8812065,7.8545675
67,864691135480718022,train,L2IT,pyramidal,7.2295184,5.889491
231,864691135106309709,train,NglFam,NglFam,9.841837,8.367328
380,864691135503004765,train,BipFam,BipFam,7.675906,5.9580383
126,864691136904656818,train,L2IT,pyramidal,7.473671,8.779983
243,864691136058602712,train,thalamocortical,thalamocortical,2.8784854,8.551582
284,864691136086632812,train,NglFam,NglFam,6.957025,2.8976865
6836,864691135477104960,train,thalamocortical,thalamocortical,2.974136,4.4743953
3795,864691136814345075,train,MartFam,MartFam,9.194555,3.240622
3397,864691136118878116,train,MartFam,MartFam,2.4146261,4.4344163
649,864691135689015264,train,thalamocortical,thalamocortical,3.8219304,7.5961504
1893,864691135990520064,train,BasketFam,BasketFam,-0.6887025,4.991886
255,864691135878061395,train,L5IT,pyramidal,7.729526,9.839648
72,864691136012173475,test,BipFam,BipFam,4.1529846,7.2831926
7083,864691136330880234,train,MartFam,MartFam,3.2880077,3.9718053
304,864691135293096118,train,NglFam,NglFam,3.2247357,7.428074
1940,864691136312057178,train,BasketFam,BasketFam,0.44483662,5.267269
435,864691135886314096,test,L4IT,pyramidal,4.4496927,6.4113793
43,864691135349839831,train,L3IT,pyramidal,3.9226556,9.309553
251,864691136674744199,train,L4IT,pyramidal,7.85925,7.711774
4185,864691136007128778,test,MartFam,MartFam,3.9259145,3.9203458
1108,864691136118294692,train,thalamocortical,thalamocortical,3.2839363,8.501777
300,864691136372954248,test,NglFam,NglFam,6.5474796,3.5873492
192,864691136336204979,train,NglFam,NglFam,3.2007089,5.155346
185,864691135741458324,train,L2IT,pyramidal,8.130395,5.5960054
868,864691135503782210,test,BipFam,BipFam,9.357679,8.025848
1757,864691135496444816,train,BasketFam,BasketFam,0.86890393,6.918492
145,864691136196265704,train,L4IT,pyramidal,4.9432344,9.730959
1417,864691136053350131,test,thalamocortical,thalamocortical,2.0020123,4.2388487
144,864691135593133067,train,L4IT,pyramidal,4.167384,9.534398
1589,864691136145537844,train,BipFam,BipFam,4.062152,5.0003023
175,864691136273370302,train,NglFam,NglFam,9.7831545,8.674514
3646,864691136007059658,test,BipFam,BipFam,7.2866273,3.5028312
726,864691136145537844,train,BipFam,BipFam,6.0684505,3.7788932
2367,864691136123919654,train,BasketFam,BasketFam,-0.016242528,8.3324585
576,864691136273370302,train,NglFam,NglFam,4.786859,10.201301
686,864691135325426076,train,MartFam,MartFam,8.313048,2.5013154
10857,864691135346954143,train,MartFam,MartFam,2.7723873,4.239601
3717,864691135274708753,train,BasketFam,BasketFam,-0.25027484,4.2542496
4,864691136137064075,train,BipFam,BipFam,4.437108,10.186781
868,864691136372954248,test,NglFam,NglFam,2.6956599,6.047075
560,864691136372954248,test,NglFam,NglFam,7.8464837,8.483741
1022,864691135235206489,train,MartFam,MartFam,3.595717,5.5690036
8372,864691135774221643,train,MartFam,MartFam,5.6418138,3.0222886
1699,864691135503782210,test,BipFam,BipFam,5.608086,6.334325
34,864691135470255698,train,thalamocortical,thalamocortical,2.2281678,6.127529
701,864691136007059658,test,BipFam,BipFam,4.526404,4.9388213
66,864691135496262032,train,BasketFam,BasketFam,-0.69082147,5.38669
3719,864691135689015264,train,thalamocortical,thalamocortical,3.2975743,9.594445
986,864691135994158785,test,MartFam,MartFam,1.0349756,6.450931
5,864691134887444986,test,NglFam,NglFam,6.129099,2.7012424
7692,864691135739131780,train,MartFam,MartFam,5.621923,3.8171675
401,864691135465001373,train,BasketFam,BasketFam,6.8243504,9.851564
4498,864691134886037498,train,MartFam,MartFam,2.636707,4.5662427
86,864691136336204979,train,NglFam,NglFam,8.489076,2.5757556
342,864691135503836253,train,L4IT,pyramidal,4.638496,4.7230234
735,864691136012173475,test,BipFam,BipFam,8.322071,9.646086
5702,864691135448017554,train,BasketFam,BasketFam,-0.029777866,6.029262
2662,864691136053350131,test,thalamocortical,thalamocortical,3.6471987,6.0829115
484,864691135660772080,train,MartFam,MartFam,8.818976,3.3806484
2888,864691135990520064,train,BasketFam,BasketFam,6.9845667,9.305226
2808,864691136021592568,train,BasketFam,BasketFam,3.8577838,9.447755
1116,864691136312445786,train,BasketFam,BasketFam,-0.70284224,4.799938
2423,864691135343601093,train,BasketFam,BasketFam,3.3072877,8.685591
369,864691136086632812,train,NglFam,NglFam,4.8006825,3.9772432
16,864691135659824514,train,BipFam,BipFam,7.9666424,9.182209
535,864691135293096118,train,NglFam,NglFam,5.4215565,6.7437253
266,864691136524282001,train,NglFam,NglFam,7.6672473,3.6426053
4907,864691135464991645,train,thalamocortical,thalamocortical,4.351446,5.933489
2552,864691135778290109,train,BasketFam,BasketFam,0.8335041,4.171498
5532,864691135477104960,train,thalamocortical,thalamocortical,4.2066026,8.531742
3217,864691135912137641,train,BasketFam,BasketFam,0.24899647,7.5141706
622,864691135810982860,train,L4IT,pyramidal,9.217392,9.203452
1515,864691135477104960,train,thalamocortical,thalamocortical,5.1477327,4.116775
908,864691136372954248,test,NglFam,NglFam,3.5477006,4.5134077
807,864691134887444986,test,NglFam,NglFam,8.036014,4.9281764
859,864691135545730856,train,BipFam,BipFam,7.522363,6.4771066
1535,864691136011733934,train,MartFam,MartFam,0.7656669,8.231047
1147,864691135685030130,train,thalamocortical,thalamocortical,3.9034386,8.615703
3490,864691136288755395,train,thalamocortical,thalamocortical,2.3986971,7.3398457
479,864691134920000010,train,BasketFam,BasketFam,1.3022562,7.401378
321,864691136391024144,train,NglFam,NglFam,6.503039,4.907777
657,864691136052101363,train,BipFam,BipFam,3.8248963,10.431432
3239,864691135442598728,train,BasketFam,BasketFam,-0.1327635,3.8867326
3181,864691135470255698,train,thalamocortical,thalamocortical,3.1068406,6.656168
232,864691135417313722,train,L3IT,pyramidal,7.8074927,5.365364
6712,864691135875919502,test,MartFam,MartFam,5.4605203,3.0352979
230,864691135303514791,train,NglFam,NglFam,9.09096,3.1859746
550,864691135132887456,test,NglFam,NglFam,8.118868,3.300883
5069,864691136211068860,train,BasketFam,BasketFam,-1.2511003,4.355449
442,864691135132887456,test,NglFam,NglFam,4.1667085,4.555096
1859,864691136067404440,test,MartFam,MartFam,4.356808,7.2227983
4636,864691135470255698,train,thalamocortical,thalamocortical,1.8842514,6.208353
6209,864691136914542577,train,MartFam,MartFam,5.6421113,4.7716713
224,864691135293096118,train,NglFam,NglFam,4.586794,8.4144125
650,864691135014258070,train,BasketFam,BasketFam,0.42122874,4.431576
328,864691135060784027,test,thalamocortical,thalamocortical,5.3932295,5.1361666
426,864691136086632812,train,NglFam,NglFam,6.324385,2.8152838
4069,864691135499765267,train,MartFam,MartFam,4.4662194,3.0051763
851,864691135689555680,train,NglFam,NglFam,2.564499,4.3504896
1168,864691135686540471,train,BasketFam,BasketFam,0.016806522,4.1146
3194,864691136011485614,test,BasketFam,BasketFam,0.48075497,5.564049
407,864691135996891050,test,BipFam,BipFam,9.434943,8.694118
778,864691135689555680,train,NglFam,NglFam,8.133082,3.0353248
173,864691135948215076,test,BipFam,BipFam,5.6685877,6.343302
8238,864691135703016059,train,MartFam,MartFam,5.5598774,6.8069096
43,864691136107670745,train,BasketFam,BasketFam,-0.18088067,5.9119987
1012,864691135447979922,train,BipFam,BipFam,5.6217537,4.854446
597,864691135106309709,train,NglFam,NglFam,4.0586324,9.627308
2992,864691136905941426,train,BasketFam,BasketFam,-0.8408219,4.889483
4491,864691136007059658,test,BipFam,BipFam,6.4895873,4.2664037
1812,864691136007059658,test,BipFam,BipFam,5.4508142,4.4646244
73,864691135309733190,train,NglFam,NglFam,8.790402,3.5013378
1689,864691135404765166,train,MartFam,MartFam,9.151181,5.692477
119,864691135689555680,train,NglFam,NglFam,3.2960389,5.3588715
644,864691135855890478,train,L2IT,pyramidal,6.3050523,8.101707
259,864691135132887456,test,NglFam,NglFam,8.748045,3.39119
2052,864691135616183499,train,BasketFam,BasketFam,0.2402564,6.677398
47,864691136239793212,test,NglFam,NglFam,6.760396,9.360698
1173,864691135470255698,train,thalamocortical,thalamocortical,1.761766,6.730343
1143,864691135853090503,test,BasketFam,BasketFam,-0.7018019,5.892888
8719,864691136011485614,test,BasketFam,BasketFam,-0.73175246,3.929983
8178,864691135774221643,train,MartFam,MartFam,3.2349913,5.218028
515,864691135060784027,test,thalamocortical,thalamocortical,4.6312013,6.680841
9732,864691136330880234,train,MartFam,MartFam,5.6146865,3.0983999
781,864691136814345075,train,MartFam,MartFam,3.2625573,6.077116
3657,864691136007059658,test,BipFam,BipFam,7.867167,5.407166
7389,864691136580010516,test,MartFam,MartFam,3.273732,3.2954805
404,864691135480652998,train,L5IT,pyramidal,7.3030763,7.26149
109,864691135375590217,train,L4IT,pyramidal,4.8160806,8.593509
215,864691135571515270,train,L4IT,pyramidal,7.6692743,6.522789
125,864691135742609771,train,L5IT,pyramidal,3.8093512,9.119153
1255,864691135447888274,train,BasketFam,BasketFam,-0.021791697,8.27019
4463,864691135346954143,train,MartFam,MartFam,3.5724382,3.7714508
1357,864691136927366986,train,thalamocortical,thalamocortical,7.1471353,8.122709
2375,864691136453186559,train,BasketFam,BasketFam,0.06844762,5.678606
1844,864691135470860370,test,BipFam,BipFam,6.4744844,5.15166
127,864691135430275120,train,L4IT,pyramidal,6.797365,5.67805
1497,864691135928029966,train,thalamocortical,thalamocortical,1.8956095,5.445083
86,864691135293096118,train,NglFam,NglFam,2.9069023,7.0838323
6889,864691135774221643,train,MartFam,MartFam,3.596847,4.631227
1427,864691135387551061,train,BasketFam,BasketFam,0.15289538,4.0638623
293,864691136086632812,train,NglFam,NglFam,4.2497015,7.8385797
2530,864691134966621471,train,MartFam,MartFam,7.405152,7.800582
3058,864691135858363694,train,BasketFam,BasketFam,-0.47145885,5.249666
505,864691136091233847,train,thalamocortical,thalamocortical,2.9672344,5.6278214
46,864691135778618029,train,BipFam,BipFam,3.9421155,8.606922
1902,864691136966189518,test,MartFam,MartFam,7.059331,4.4039264
4467,864691135528046939,train,MartFam,MartFam,5.535646,2.8820198
453,864691135528046939,train,MartFam,MartFam,5.1851983,3.2396328
214,864691135573276197,train,L6IT,pyramidal,8.828841,9.417614
1859,864691135756844242,test,MartFam,MartFam,5.962149,4.127391
1910,864691135442598728,train,BasketFam,BasketFam,-0.116829574,3.7304034
6079,864691135210446457,train,MartFam,MartFam,5.9948454,2.8260362
95,864691135917058150,train,L6IT,pyramidal,3.846253,10.519882
856,864691136137210507,train,BipFam,BipFam,2.8447719,7.111372
294,864691135996891050,test,BipFam,BipFam,4.5992403,8.356698
259,864691136927366986,train,thalamocortical,thalamocortical,2.1402147,5.6136627
252,864691135582973549,train,L4IT,pyramidal,3.7170439,5.9547377
711,864691135015437462,test,BasketFam,BasketFam,8.097981,5.4752793
5111,864691136312445786,train,BasketFam,BasketFam,-0.45320785,3.9717677
73,864691136273370302,train,NglFam,NglFam,9.336833,8.013884
365,864691135689555680,train,NglFam,NglFam,7.6538496,4.460001
337,864691135689555680,train,NglFam,NglFam,7.919663,3.358499
13838,864691135779780797,test,MartFam,MartFam,5.7348046,5.1756463
251,864691135210358137,train,L4IT,pyramidal,7.474377,9.059903
1510,864691136288755395,train,thalamocortical,thalamocortical,4.073118,9.267176
315,864691136058646488,test,L2IT,pyramidal,9.224987,5.0360384
599,864691135293096118,train,NglFam,NglFam,5.1483502,9.793738
1130,864691135741960340,train,BasketFam,BasketFam,0.2975766,7.8954554
1826,864691136813553523,train,BasketFam,BasketFam,7.5298862,10.068417
2429,864691136123919654,train,BasketFam,BasketFam,7.6551466,10.396987
4378,864691135755605197,train,thalamocortical,thalamocortical,1.5060654,7.019423
7705,864691135346954143,train,MartFam,MartFam,3.4120624,2.9399493
7493,864691135210446457,train,MartFam,MartFam,4.164575,2.3737292
192,864691135774177531,test,L2IT,pyramidal,9.144299,4.9371157
150,864691135295165196,test,L4IT,pyramidal,5.207539,6.5082145
9882,864691135739131780,train,MartFam,MartFam,6.4666805,6.2542453
6943,864691135477104960,train,thalamocortical,thalamocortical,4.3358264,7.0644026
546,864691135725842603,train,L4IT,pyramidal,8.638382,9.539716
4471,864691135689015264,train,thalamocortical,thalamocortical,5.063541,7.2751036
269,864691135398762529,train,BipFam,BipFam,5.6375017,4.730514
2478,864691135343509701,train,MartFam,MartFam,7.6103806,8.922104
618,864691135060094107,train,L4IT,pyramidal,7.7257047,7.1466303
370,864691136118430628,train,BipFam,BipFam,6.024331,5.8449388
6591,864691135739131780,train,MartFam,MartFam,3.89604,2.536962
6616,864691135362357319,train,BasketFam,BasketFam,0.7831242,4.6000695
167,864691136118430628,train,BipFam,BipFam,6.4914145,5.58603
389,864691135396940021,train,L4IT,pyramidal,7.8736153,7.734228
3945,864691135778116013,train,BasketFam,BasketFam,-1.1213179,4.2445045
2951,864691135778290109,train,BasketFam,BasketFam,0.26381263,4.043737
201,864691136125411622,test,L3IT,pyramidal,5.011094,7.6574945
1661,864691136927366986,train,thalamocortical,thalamocortical,3.985084,6.070936
839,864691135689555680,train,NglFam,NglFam,4.758631,4.1068854
239,864691135693735103,train,NglFam,NglFam,8.779955,8.722017
2327,864691136523971473,train,BipFam,BipFam,9.101331,8.2172785
634,864691135431441968,train,thalamocortical,thalamocortical,1.724735,5.613128
911,864691135465795653,train,BasketFam,BasketFam,-0.6639209,3.60185
877,864691135106309709,train,NglFam,NglFam,9.612716,8.471246
803,864691135113360025,test,BasketFam,BasketFam,0.27244854,8.242688
1171,864691135495529360,test,BasketFam,BasketFam,3.7036688,10.341577
727,864691135106309709,train,NglFam,NglFam,5.6205163,9.72265
798,864691136108370905,train,BipFam,BipFam,8.320084,7.092089
6578,864691135891796617,train,BasketFam,BasketFam,-0.8687976,4.914025
715,864691134887444986,test,NglFam,NglFam,5.2018876,4.80391
209,864691134966495519,train,L3IT,pyramidal,8.376315,7.0890675
1734,864691135503782210,test,BipFam,BipFam,6.3577366,9.506934
2589,864691135470860370,test,BipFam,BipFam,4.6238265,3.2170699
85,864691135988742147,train,L4IT,pyramidal,7.2667146,7.425074
43,864691136524282001,train,NglFam,NglFam,7.770749,3.4831843
2513,864691135470255698,train,thalamocortical,thalamocortical,2.2342734,8.6418
1081,864691135562950369,train,BipFam,BipFam,6.1659794,8.18366
198,864691135404765166,train,MartFam,MartFam,5.106485,6.710669
239,864691135994235841,train,L5IT,pyramidal,7.562329,9.541552
238,864691135772774651,test,MartFam,MartFam,2.911997,4.588636
1811,864691136381324501,train,BasketFam,BasketFam,-0.53676325,4.178778
1443,864691135369668089,train,BasketFam,BasketFam,0.6105062,6.401837
98,864691135562950369,train,BipFam,BipFam,4.8866076,4.689191
5219,864691135875919502,test,MartFam,MartFam,2.7104297,4.4514475
297,864691136058602712,train,thalamocortical,thalamocortical,3.1363895,8.079167
2231,864691135566979927,train,MartFam,MartFam,6.102613,8.053011
642,864691136372954248,test,NglFam,NglFam,3.741613,6.308178
269,864691135885996912,train,BipFam,BipFam,4.712013,7.513411
1424,864691136381325781,train,L5IT,pyramidal,7.1740713,7.4360757
1703,864691135134565280,train,BasketFam,BasketFam,0.91162777,3.9783576
622,864691135659538306,train,thalamocortical,thalamocortical,5.930688,5.4440985
2473,864691136288755395,train,thalamocortical,thalamocortical,4.145975,6.920589
3642,864691135571440006,train,MartFam,MartFam,8.75574,4.137125
689,864691136013554851,train,L4IT,pyramidal,5.2345915,6.062068
21,864691136336204979,train,NglFam,NglFam,5.2704706,3.0359755
612,864691135689296608,train,BasketFam,BasketFam,0.15320367,4.8641644
5510,864691135477104960,train,thalamocortical,thalamocortical,2.2653258,6.834174
736,864691135689555680,train,NglFam,NglFam,7.79152,2.9363153
2972,864691136011549614,train,BipFam,BipFam,6.2534556,4.1033854
34,864691135840033171,train,NglFam,NglFam,5.222569,6.21111
221,864691136138756221,train,BipFam,BipFam,8.671319,7.9653807
267,864691136052366067,train,L2IT,pyramidal,8.359491,8.221386
66,864691136372954248,test,NglFam,NglFam,5.708191,6.0883975
436,864691135892176009,train,MartFam,MartFam,4.8639736,6.4567156
98,864691136137210507,train,BipFam,BipFam,7.4868574,9.128547
1049,864691135210178169,test,BasketFam,BasketFam,0.7274022,6.7623754
373,864691135764631862,train,L3IT,pyramidal,4.722376,6.257313
2317,864691135499752723,train,BasketFam,BasketFam,7.6691303,10.219086
41,864691135490326074,train,L2IT,pyramidal,5.3112044,9.867661
566,864691135562410721,test,L6IT,pyramidal,8.418709,9.031547
1877,864691135499765267,train,MartFam,MartFam,3.4132698,2.8790755
296,864691135860969064,train,L4IT,pyramidal,6.3033414,7.2550855
737,864691136484732972,train,L4IT,pyramidal,5.3751807,9.297636
1623,864691135369668089,train,BasketFam,BasketFam,0.104945004,5.8556
3636,864691135210443897,train,BasketFam,BasketFam,0.7558577,4.013552
7672,864691135212863360,train,MartFam,MartFam,0.58937323,4.365106
923,864691135106309709,train,NglFam,NglFam,3.8864977,10.477097
467,864691135464595518,train,BasketFam,BasketFam,0.73960286,7.9034467
4782,864691135562001633,train,MartFam,MartFam,1.3696371,7.752175
645,864691136453186559,train,BasketFam,BasketFam,7.418282,10.074392
430,864691135303514791,train,NglFam,NglFam,8.90836,3.5263975
119,864691135997428394,test,thalamocortical,thalamocortical,1.3825911,6.6841154
266,864691135369002233,train,L6CT,pyramidal,6.518629,6.8261576
789,864691136954050527,train,L4IT,pyramidal,5.022179,8.578452
3267,864691136118294692,train,thalamocortical,thalamocortical,5.0533113,4.8831887
4762,864691135774221643,train,MartFam,MartFam,9.170537,7.4297075
336,864691135616048587,train,L4IT,pyramidal,8.918952,5.6369543
192,864691136125457446,test,L4IT,pyramidal,7.8065743,8.825369
1885,864691135387277397,test,thalamocortical,thalamocortical,1.6601985,6.9992104
5076,864691136268801012,test,BasketFam,BasketFam,-1.3350902,5.0176663
1357,864691136372954248,test,NglFam,NglFam,3.6765199,8.189247
4271,864691135584019053,test,MartFam,MartFam,7.262516,5.074095
347,864691135686399415,train,BipFam,BipFam,2.0333233,6.6422253
3886,864691136145494068,train,BasketFam,BasketFam,-0.011476646,5.904692
379,864691136086632812,train,NglFam,NglFam,6.5426345,3.2281775
49,864691135990564864,train,NglFam,NglFam,9.111665,3.1608238
691,864691135119709149,train,L3IT,pyramidal,6.5922956,6.1751766
1854,864691135196475434,train,MartFam,MartFam,2.6565506,4.054706
1529,864691135503782210,test,BipFam,BipFam,9.184051,8.216603
2892,864691135339982310,train,BasketFam,BasketFam,-0.07666626,5.960864
334,864691135616235979,train,BipFam,BipFam,7.2672186,9.684803
23,864691135927533070,train,L6IT,pyramidal,4.8338995,9.084033
9213,864691136011485614,test,BasketFam,BasketFam,1.4995774,3.822597
5175,864691135528046939,train,MartFam,MartFam,3.9666696,2.8765452
209,864691135725838763,train,L6IT,pyramidal,4.375218,9.848877
1960,864691135464678206,train,MartFam,MartFam,8.225136,4.1439047
421,864691136273370302,train,NglFam,NglFam,6.2157855,8.591878
3169,864691136053350131,test,thalamocortical,thalamocortical,1.7404006,7.099103
726,864691135689555680,train,NglFam,NglFam,2.311794,6.660713
6106,864691135869457430,train,BasketFam,BasketFam,-0.69856167,3.6553264
708,864691136273370302,train,NglFam,NglFam,4.6193576,10.210361
609,864691136125440038,train,L4IT,pyramidal,3.0653217,6.473004
986,864691135214970752,train,BipFam,BipFam,4.6517215,9.945916
1841,864691136487168530,train,MartFam,MartFam,8.969595,7.6387615
596,864691135857976366,train,BipFam,BipFam,6.974784,3.707747
3128,864691136392806271,train,BasketFam,BasketFam,-0.064919546,8.016821
292,864691136239793212,test,NglFam,NglFam,8.873489,9.578067
563,864691135778290109,train,BasketFam,BasketFam,0.79739726,4.1810784
722,864691135772774651,test,MartFam,MartFam,3.1752005,4.4514103
255,864691136058646488,test,L2IT,pyramidal,6.721371,8.392318
128,864691135764678198,test,MartFam,MartFam,4.1209197,3.0571272
6034,864691136007128778,test,MartFam,MartFam,3.9433491,2.575993
2264,864691134989909114,test,MartFam,MartFam,8.162602,3.3646986
359,864691135271915173,train,MartFam,MartFam,6.4247665,8.229208
70,864691134966249759,train,thalamocortical,thalamocortical,1.7987199,6.4288683
3568,864691136314120765,train,BasketFam,BasketFam,-1.2041898,4.425241
11606,864691135858282030,train,MartFam,MartFam,3.3927884,7.868048
1467,864691135940881830,train,MartFam,MartFam,9.266442,3.6857705
59,864691135293096118,train,NglFam,NglFam,2.659504,6.375333
2274,864691136007059658,test,BipFam,BipFam,3.8868215,8.565377
172,864691135689555680,train,NglFam,NglFam,4.9558935,3.7011259
3785,864691135756844242,test,MartFam,MartFam,6.71781,3.3039153
123,864691136058804696,train,BipFam,BipFam,8.670951,7.107591
1993,864691135858282030,train,MartFam,MartFam,3.6157904,4.7198863
6607,864691135720572977,train,MartFam,MartFam,4.5359015,3.182326
2948,864691136595955362,train,MartFam,MartFam,6.3536468,7.513209
120,864691135685030130,train,thalamocortical,thalamocortical,3.477349,4.6881547
146,864691135396115189,train,L6IT,pyramidal,5.1514378,9.873493
565,864691136239793212,test,NglFam,NglFam,8.75563,8.307534
4531,864691136033871035,train,thalamocortical,thalamocortical,3.945974,6.9485865
610,864691135689555680,train,NglFam,NglFam,7.9120846,2.8736184
237,864691134966249759,train,thalamocortical,thalamocortical,2.5260253,5.929406
3901,864691135875919502,test,MartFam,MartFam,2.7194283,4.915726
125,864691136742244188,train,L4IT,pyramidal,6.6615043,6.1317406
486,864691135756844242,test,MartFam,MartFam,7.765577,3.9303746
1817,864691136118878116,train,MartFam,MartFam,3.63941,3.2672942
1012,864691135343506885,train,BipFam,BipFam,4.4674397,7.430646
1080,864691135478434216,train,BasketFam,BasketFam,0.2068457,3.61362
2165,864691135499616019,train,BasketFam,BasketFam,-0.5079316,4.652696
7957,864691135464991645,train,thalamocortical,thalamocortical,5.182659,6.7957892
1626,864691136372954248,test,NglFam,NglFam,4.5482726,7.3530807
1671,864691135954480163,train,MartFam,MartFam,3.5080395,2.7829936
3018,864691135470255698,train,thalamocortical,thalamocortical,6.0372343,4.761238
1679,864691135685030130,train,thalamocortical,thalamocortical,3.2493126,5.3997555
1596,864691136058602712,train,thalamocortical,thalamocortical,3.8444524,5.493557
532,864691136372954248,test,NglFam,NglFam,6.39723,3.3379896
2240,864691136453186559,train,BasketFam,BasketFam,0.6365699,4.371183
109,864691136524282001,train,NglFam,NglFam,4.8432717,4.193003
519,864691136391024144,train,NglFam,NglFam,8.094825,3.216214
5671,864691136330880234,train,MartFam,MartFam,3.6455963,5.0856752
988,864691135503836253,train,L4IT,pyramidal,8.180523,9.555068
650,864691135689555680,train,NglFam,NglFam,8.033535,8.446915
1660,864691135562001633,train,MartFam,MartFam,-0.2411629,6.177394
462,864691135817952079,train,BasketFam,BasketFam,6.345217,6.756057
4273,864691135703016059,train,MartFam,MartFam,5.5490847,2.8633075
2838,864691136091233847,train,thalamocortical,thalamocortical,2.4566262,6.4695435
10165,864691135858282030,train,MartFam,MartFam,5.615182,5.118574
633,864691136453442303,train,L4IT,pyramidal,4.929573,5.6068687
113,864691135941300993,train,L4IT,pyramidal,4.5116096,5.5026903
673,864691135386963541,train,L4IT,pyramidal,9.020806,6.3958426
2492,864691135566979927,train,MartFam,MartFam,2.6724572,4.282708
2313,864691136268801012,test,BasketFam,BasketFam,-0.53916305,5.937526
89,864691135954940424,train,BipFam,BipFam,9.0124655,8.767103
203,864691135941886118,train,BipFam,BipFam,3.284421,4.534755
1062,864691135562001633,train,MartFam,MartFam,-1.1619879,4.9215775
276,864691135741458324,train,L2IT,pyramidal,6.8595243,6.5331383
1115,864691135343601093,train,BasketFam,BasketFam,0.61439985,8.27367
335,864691135840033171,train,NglFam,NglFam,5.5939274,6.2093997
117,864691136034084795,train,L3IT,pyramidal,7.750559,8.733602
642,864691135997428394,test,thalamocortical,thalamocortical,6.3687983,5.0853853
5075,864691135689015264,train,thalamocortical,thalamocortical,4.7628326,4.9933496
1934,864691135492888039,test,BasketFam,BasketFam,0.8332199,7.1604943
903,864691134949248508,test,L5IT,pyramidal,8.733338,5.4613605
3277,864691135528046939,train,MartFam,MartFam,3.1826553,3.9275942
167,864691136925008100,train,BipFam,BipFam,3.4099405,9.708851
404,864691135977768259,train,BasketFam,BasketFam,-0.4347433,3.7394366
175,864691135464946757,test,BasketFam,BasketFam,0.4880412,6.5406804
3749,864691135373601736,train,BasketFam,BasketFam,0.06360921,8.190786
9059,864691135779780797,test,MartFam,MartFam,4.57303,2.3275483
128,864691135840033171,train,NglFam,NglFam,9.329319,7.7673273
2557,864691135405480430,train,BasketFam,BasketFam,-0.82291436,4.585983
5259,864691135294194358,train,thalamocortical,thalamocortical,3.4696395,6.249019
89,864691137198382657,train,L2IT,pyramidal,6.3826413,6.036055
4132,864691136067404440,test,MartFam,MartFam,1.0140296,6.6766076
642,864691135562001633,train,MartFam,MartFam,-0.7886194,4.4866896
109,864691136086632812,train,NglFam,NglFam,7.5076394,5.8391666
8927,864691135739131780,train,MartFam,MartFam,4.282365,3.2310445
6787,864691135477104960,train,thalamocortical,thalamocortical,2.2264004,8.354536
4140,864691135997428394,test,thalamocortical,thalamocortical,6.092697,5.7216816
650,864691135106309709,train,NglFam,NglFam,7.679894,9.635317
71,864691135373601736,train,BasketFam,BasketFam,7.4131703,10.499352
63,864691135477104960,train,thalamocortical,thalamocortical,3.2850666,7.196269
72,864691136489623826,train,BasketFam,BasketFam,1.6877002,5.327123
462,864691135689555680,train,NglFam,NglFam,8.062606,3.4377801
2750,864691136067404440,test,MartFam,MartFam,3.2208047,3.7230208
470,864691136620914829,train,L4IT,pyramidal,7.8473463,8.562843
963,864691135503782210,test,BipFam,BipFam,4.1981635,10.305273
895,864691135885917808,train,BasketFam,BasketFam,3.536255,3.8954077
4270,864691136007059658,test,BipFam,BipFam,6.1756153,6.7725687
4546,864691135755605197,train,thalamocortical,thalamocortical,4.002264,7.5245285
362,864691136239793212,test,NglFam,NglFam,7.5654464,7.0172825
855,864691135492600167,train,BasketFam,BasketFam,0.043187954,8.201365
1175,864691136118430628,train,BipFam,BipFam,5.6669154,5.0568748
5324,864691135779780797,test,MartFam,MartFam,5.0860343,2.8421352
3976,864691135442598728,train,BasketFam,BasketFam,-0.107190326,4.182745
497,864691135566902039,train,BipFam,BipFam,2.0649233,8.212749
5653,864691135448017554,train,BasketFam,BasketFam,0.88870776,4.735263
2203,864691135343506885,train,BipFam,BipFam,6.8525524,4.0333257
6288,864691135362357319,train,BasketFam,BasketFam,0.23570898,6.060239
1337,864691135477104960,train,thalamocortical,thalamocortical,2.8999832,6.730661
486,864691135119335645,train,thalamocortical,thalamocortical,5.743624,9.620438
8602,864691135346954143,train,MartFam,MartFam,4.3623304,2.2932806
110,864691135570381292,test,BipFam,BipFam,4.977051,9.186952
756,864691135783317840,train,thalamocortical,thalamocortical,3.477942,9.394802
105,864691136381243349,train,L4IT,pyramidal,8.004943,8.244215
673,864691136273370302,train,NglFam,NglFam,3.4312818,8.509092
1990,864691135405480430,train,BasketFam,BasketFam,-0.76345944,3.6624217
168,864691135912137641,train,BasketFam,BasketFam,0.026310343,8.059847
2686,864691135309486662,train,BasketFam,BasketFam,0.7461111,5.814799
3061,864691136011485614,test,BasketFam,BasketFam,-0.9257897,4.087957
139,864691136086632812,train,NglFam,NglFam,8.245674,5.61426
69,864691135693735103,train,NglFam,NglFam,4.3690243,10.383033
161,864691136619529179,test,L2IT,pyramidal,9.230664,4.754933
164,864691135584019053,test,MartFam,MartFam,2.802195,5.620224
2759,864691136523971473,train,BipFam,BipFam,5.8763733,5.606771
677,864691135343506885,train,BipFam,BipFam,8.820461,5.8407226
1148,864691136595955362,train,MartFam,MartFam,2.9842703,8.737032
163,864691135511861968,test,MartFam,MartFam,7.371304,9.967839
2549,864691135210446457,train,MartFam,MartFam,3.8879902,3.48544
4505,864691136595955362,train,MartFam,MartFam,5.4847765,4.3636103
99,864691136336204979,train,NglFam,NglFam,9.211441,4.039665
121,864691135336847849,train,L2IT,pyramidal,7.2415547,5.6878014
1635,864691135346954143,train,MartFam,MartFam,5.6240077,4.818581
45,864691136742244188,train,L4IT,pyramidal,8.684966,8.813679
106,864691135303514791,train,NglFam,NglFam,8.911544,3.5977483
4456,864691135119335645,train,thalamocortical,thalamocortical,3.471203,8.722683
250,864691135442606920,train,L2IT,pyramidal,4.5806727,7.423473
519,864691135742677867,train,BipFam,BipFam,6.5268474,6.2044454
1475,864691136211068860,train,BasketFam,BasketFam,7.1942973,10.423712
1235,864691136137064075,train,BipFam,BipFam,3.979995,9.520037
103,864691135309733190,train,NglFam,NglFam,9.116184,3.2520678
571,864691135465571653,train,L6IT,pyramidal,6.190453,8.401115
459,864691136137168779,train,BipFam,BipFam,4.643211,5.2335057
1259,864691135778081453,train,thalamocortical,thalamocortical,2.7827075,7.9057918
1026,864691136372954248,test,NglFam,NglFam,6.9051948,8.564663
4541,864691137022180974,test,MartFam,MartFam,2.3257213,4.588227
726,864691136390675216,train,BasketFam,BasketFam,-0.27975258,3.4972303
4321,864691135464991645,train,thalamocortical,thalamocortical,2.4958122,3.907972
3572,864691136195284556,train,MartFam,MartFam,5.997742,2.8650267
2417,864691135920591792,train,BasketFam,BasketFam,0.46284324,6.5158734
1824,864691137056216950,train,MartFam,MartFam,2.9687788,7.131308
1198,864691136364183266,train,BasketFam,BasketFam,0.3030751,3.6155605
2147,864691134966621471,train,MartFam,MartFam,5.3124976,2.9171793
459,864691135106309709,train,NglFam,NglFam,9.934841,8.260577
720,864691135689555680,train,NglFam,NglFam,4.774121,8.308207
3498,864691135755605197,train,thalamocortical,thalamocortical,2.1829042,6.6828055
2148,864691135499624723,train,BasketFam,BasketFam,1.2514509,3.9376628
3372,864691134886037498,train,MartFam,MartFam,0.3423003,7.5365953
7747,864691136011485614,test,BasketFam,BasketFam,0.2369187,8.092157
567,864691136086632812,train,NglFam,NglFam,7.798349,8.07729
851,864691136814025587,train,BasketFam,BasketFam,-0.5366521,3.8819237
1475,864691136372954248,test,NglFam,NglFam,5.988952,2.8995764
464,864691135398762529,train,BipFam,BipFam,5.4478965,5.2080016
252,864691136524282001,train,NglFam,NglFam,8.43977,3.6837358
13360,864691135210446457,train,MartFam,MartFam,4.5060287,2.1815557
202,864691136619693275,train,L4IT,pyramidal,5.7302155,5.081305
2392,864691135866821340,train,thalamocortical,thalamocortical,1.3445647,6.9357185
1411,864691136288755395,train,thalamocortical,thalamocortical,3.4073954,7.841225
2840,864691135878586963,test,thalamocortical,thalamocortical,1.9989582,6.8427806
4290,864691136390675216,train,BasketFam,BasketFam,-0.24797195,4.461076
232,864691135890948233,train,L4IT,pyramidal,4.228473,4.980999
373,864691136905203378,test,L4IT,pyramidal,7.6752005,7.6509256
2554,864691135448017554,train,BasketFam,BasketFam,5.4432874,6.543287
323,864691135572576237,train,L2IT,pyramidal,7.387953,7.2782745
1,864691134966249759,train,thalamocortical,thalamocortical,3.2822912,7.859202
2100,864691135778081453,train,thalamocortical,thalamocortical,2.833919,5.370593
2103,864691135387551061,train,BasketFam,BasketFam,-0.30089045,4.973695
206,864691135717163802,train,L2IT,pyramidal,7.4202375,7.2143016
5183,864691135309486662,train,BasketFam,BasketFam,-0.3214495,7.153345
325,864691136006493898,test,L4IT,pyramidal,3.7869341,4.539346
207,864691135106309709,train,NglFam,NglFam,8.024418,8.930065
3958,864691135858282030,train,MartFam,MartFam,3.3893948,4.670842
42,864691136311451226,train,L6IT,pyramidal,4.4223228,10.378081
420,864691137198691137,train,L2IT,pyramidal,7.6937375,8.873347
2182,864691135361291591,train,MartFam,MartFam,3.7504354,9.84182
8385,864691136595955362,train,MartFam,MartFam,6.809846,6.0656667
754,864691135928029966,train,thalamocortical,thalamocortical,5.089214,5.5187273
601,864691136211068860,train,BasketFam,BasketFam,0.07458689,8.388644
2419,864691135470255698,train,thalamocortical,thalamocortical,1.5198754,6.2453685
1238,864691135659538306,train,thalamocortical,thalamocortical,6.135842,6.791181
482,864691135210358137,train,L4IT,pyramidal,7.9881706,7.5392423
881,864691135689555680,train,NglFam,NglFam,4.9631333,3.9539828
364,864691136364166370,train,BipFam,BipFam,3.9284618,5.897168
1109,864691136025504569,train,L4IT,pyramidal,5.2439766,8.989966
136,864691136391024144,train,NglFam,NglFam,3.3691723,4.391869
3514,864691136314120765,train,BasketFam,BasketFam,-0.37011814,5.281374
1270,864691135778081453,train,thalamocortical,thalamocortical,2.5171647,5.885166
514,864691134887444986,test,NglFam,NglFam,3.534706,8.534983
4168,864691136288755395,train,thalamocortical,thalamocortical,2.8616486,7.149603
1280,864691135742895723,test,BipFam,BipFam,3.142671,4.926897
120,864691135212863360,train,MartFam,MartFam,7.4750466,10.535837
2338,864691136091233847,train,thalamocortical,thalamocortical,4.883368,6.4896927
3145,864691135119335645,train,thalamocortical,thalamocortical,3.1001072,5.8449836
117,864691136118686884,test,L3IT,pyramidal,6.112072,7.0279
1524,864691135928029966,train,thalamocortical,thalamocortical,5.4912744,4.084528
665,864691134887444986,test,NglFam,NglFam,7.187794,5.794075
1085,864691135084038647,train,MartFam,MartFam,2.834015,5.6490536
790,864691136100014453,train,BipFam,BipFam,9.084164,8.568751
253,864691135493031519,train,L4IT,pyramidal,4.2147427,9.422081
173,864691135294194358,train,thalamocortical,thalamocortical,2.8617764,6.0076885
438,864691135492614239,train,MartFam,MartFam,9.321591,4.2209697
530,864691135778290109,train,BasketFam,BasketFam,0.6117331,4.243756
222,864691135939049988,train,L3IT,pyramidal,3.1668274,8.890929
2935,864691136453186559,train,BasketFam,BasketFam,0.8182626,7.6092
1237,864691135478095016,train,BasketFam,BasketFam,0.7766559,7.034295
133,864691135115194009,train,BipFam,BipFam,4.266006,10.420853
799,864691135585989240,train,BasketFam,BasketFam,-0.11386127,7.6901455
116,864691135742102635,train,L4IT,pyramidal,6.6136293,9.040027
3411,864691136288755395,train,thalamocortical,thalamocortical,2.2141206,7.5818815
888,864691136523971473,train,BipFam,BipFam,4.3734913,10.23237
900,864691135235206489,train,MartFam,MartFam,9.213554,5.107737
627,864691135689015264,train,thalamocortical,thalamocortical,2.5056646,7.395218
1304,864691136372954248,test,NglFam,NglFam,3.581859,4.1410565
8269,864691136390905207,train,MartFam,MartFam,4.0370345,6.5631723
1922,864691135994158785,test,MartFam,MartFam,1.1360258,8.346625
430,864691136968773070,train,L4IT,pyramidal,4.1205215,4.8709216
4250,864691136138695549,train,BasketFam,BasketFam,-0.22983539,3.4705002
479,864691136053350131,test,thalamocortical,thalamocortical,1.4074601,6.316659
366,864691136196240342,test,BipFam,BipFam,8.344227,6.8187604
2117,864691135343506885,train,BipFam,BipFam,8.923058,6.5658298
921,864691136288755395,train,thalamocortical,thalamocortical,4.0371795,4.887228
2371,864691135779780797,test,MartFam,MartFam,5.2243466,2.6055644
28,864691136091233847,train,thalamocortical,thalamocortical,4.791371,6.41729
2002,864691136120465944,train,thalamocortical,thalamocortical,0.62017214,6.1269355
31,864691136524282001,train,NglFam,NglFam,6.650573,5.215467
11,864691136274488254,train,L4IT,pyramidal,7.36036,8.548586
1968,864691136523971473,train,BipFam,BipFam,7.701287,4.1345625
281,864691136372954248,test,NglFam,NglFam,3.914225,6.5795646
631,864691135584316781,train,BasketFam,BasketFam,-0.23746641,4.5824924
1655,864691135503782210,test,BipFam,BipFam,4.5962863,6.703039
2034,864691136011485614,test,BasketFam,BasketFam,0.22798203,7.497457
5855,864691135858282030,train,MartFam,MartFam,3.1704538,3.620314
407,864691136288755395,train,thalamocortical,thalamocortical,2.6435356,5.9539747
1671,864691135573245165,train,BasketFam,BasketFam,6.60566,3.192712
1390,864691136372954248,test,NglFam,NglFam,5.4622884,4.9112124
1351,864691136453183487,test,MartFam,MartFam,2.5243154,5.5836186
173,864691135701340194,train,BasketFam,BasketFam,0.2197181,4.399501
3299,864691135977768259,train,BasketFam,BasketFam,-0.29902247,3.6083455
696,864691135839577235,train,MartFam,MartFam,5.0030475,6.957393
1093,864691135659538306,train,thalamocortical,thalamocortical,4.7499585,6.0965
1216,864691136484876588,train,MartFam,MartFam,6.825626,6.654833
83,864691136391024144,train,NglFam,NglFam,3.8274393,5.498912
226,864691135309733190,train,NglFam,NglFam,9.484286,3.214461
2115,864691136011549614,train,BipFam,BipFam,6.2170277,7.8263364
2150,864691135339982310,train,BasketFam,BasketFam,0.08399486,7.042621
201,864691135689555680,train,NglFam,NglFam,5.018783,3.4644182
498,864691135060784027,test,thalamocortical,thalamocortical,3.555541,6.4248962
3739,864691135571356038,test,MartFam,MartFam,6.3752394,7.770747
43,864691135686399415,train,BipFam,BipFam,7.8441486,6.7470336
123,864691135892048777,train,L2IT,pyramidal,6.5157003,5.3687444
2515,864691135442598728,train,BasketFam,BasketFam,-0.0035487579,5.599022
196,864691135990564864,train,NglFam,NglFam,8.769426,2.7171593
962,864691135060784027,test,thalamocortical,thalamocortical,6.4051275,5.621302
562,864691136314126653,train,BipFam,BipFam,7.085089,5.7985287
5265,864691136118878116,train,MartFam,MartFam,5.5219264,3.5659745
50,864691136086632812,train,NglFam,NglFam,7.2942834,3.470654
81,864691135990564864,train,NglFam,NglFam,9.058138,2.7483084
4640,864691135997428394,test,thalamocortical,thalamocortical,4.1264253,6.7415714
201,864691135504168285,train,L4IT,pyramidal,7.301501,8.244621
1383,864691136120465944,train,thalamocortical,thalamocortical,4.353247,8.633649
2809,864691136392806271,train,BasketFam,BasketFam,0.9137982,3.9520414
377,864691136391024144,train,NglFam,NglFam,4.024482,6.9499125
2841,864691135997140906,train,BipFam,BipFam,3.9391682,7.1607113
5839,864691136381324501,train,BasketFam,BasketFam,2.0138662,4.9469213
1689,864691136007059658,test,BipFam,BipFam,6.703046,6.259571
16,864691135689555680,train,NglFam,NglFam,8.630393,4.289161
975,864691135499765267,train,MartFam,MartFam,2.7239552,4.174558
55,864691135727686463,train,BipFam,BipFam,7.691623,8.728409
458,864691135293096118,train,NglFam,NglFam,4.3578224,9.795559
1539,864691135779780797,test,MartFam,MartFam,5.5636444,2.9028451
112,864691135396720885,train,BasketFam,BasketFam,-0.23522182,5.7676005
5862,864691136007059658,test,BipFam,BipFam,7.507225,6.3393555
4661,864691135398746401,train,MartFam,MartFam,2.9033556,7.696907
7363,864691135939776309,train,MartFam,MartFam,9.290783,4.1258583
9273,864691135480702662,train,MartFam,MartFam,2.4314842,8.177504
884,864691135997140906,train,BipFam,BipFam,7.4148703,7.571127
594,864691136138622333,train,BasketFam,BasketFam,-0.10631011,5.3914595
162,864691135303514791,train,NglFam,NglFam,9.07914,3.2790465
148,864691135764644150,train,BipFam,BipFam,5.58492,6.235579
1289,864691136523971473,train,BipFam,BipFam,6.1180935,9.835737
225,864691135375655880,train,BipFam,BipFam,3.7942154,8.853905
180,864691135994804394,train,BipFam,BipFam,3.4312189,8.470954
195,864691135955262472,test,L4IT,pyramidal,8.61825,7.984816
3696,864691135477104960,train,thalamocortical,thalamocortical,5.9823923,4.7941957
997,864691135659538306,train,thalamocortical,thalamocortical,7.655935,6.579585
3,864691136336204979,train,NglFam,NglFam,4.4271603,3.8543484
5883,864691136914542577,train,MartFam,MartFam,5.121366,2.6471517
3013,864691136091233847,train,thalamocortical,thalamocortical,4.2041793,8.047378
23,864691135755707597,train,BipFam,BipFam,6.9772987,4.1958594
375,864691135106309709,train,NglFam,NglFam,5.968163,9.778995
491,864691135214977920,train,L4IT,pyramidal,6.593501,6.715888
2076,864691135994158785,test,MartFam,MartFam,3.7627602,8.605105
504,864691135409859785,train,L5IT,pyramidal,6.371798,9.635421
2254,864691135528046939,train,MartFam,MartFam,5.563426,2.8994205
34,864691135778081453,train,thalamocortical,thalamocortical,3.224831,7.189191
325,864691136137210507,train,BipFam,BipFam,5.021204,5.622493
907,864691135855890478,train,L2IT,pyramidal,8.821376,8.351114
1124,864691135404765166,train,MartFam,MartFam,4.2937646,3.6265774
276,864691135662802416,train,L4IT,pyramidal,9.078411,9.027013
894,864691135474179378,test,MartFam,MartFam,3.9447699,3.385566
152,864691136391024144,train,NglFam,NglFam,3.91739,4.142816
2660,864691135477104960,train,thalamocortical,thalamocortical,2.4620032,5.67825
126,864691136336204979,train,NglFam,NglFam,4.502392,3.494478
1698,864691136927366986,train,thalamocortical,thalamocortical,5.3860736,8.127436
94,864691135811335116,train,L6IT,pyramidal,6.0555205,9.438136
4348,864691135772774651,test,MartFam,MartFam,4.111366,2.7832785
1755,864691135756844242,test,MartFam,MartFam,4.1669083,5.239308
2827,864691135755605197,train,thalamocortical,thalamocortical,2.2017326,7.6614
378,864691135865774206,train,L4IT,pyramidal,7.7856164,8.330539
424,864691135928029966,train,thalamocortical,thalamocortical,1.9711953,5.3617315
2883,864691135281109665,train,BasketFam,BasketFam,-1.136351,4.4919143
686,864691136196383190,train,BasketFam,BasketFam,-0.7262838,3.60507
204,864691135727686463,train,BipFam,BipFam,4.1907487,4.9012547
5373,864691135387529301,test,BasketFam,BasketFam,0.68399656,4.319175
240,864691135464671550,train,L2IT,pyramidal,7.800602,5.5774193
6461,864691137022180974,test,MartFam,MartFam,2.9346507,6.8731365
290,864691136391024144,train,NglFam,NglFam,8.529907,3.3587441
211,864691136239793212,test,NglFam,NglFam,6.9054494,3.8790205
3935,864691135294194358,train,thalamocortical,thalamocortical,2.1402564,4.0047884
559,864691135119709149,train,L3IT,pyramidal,6.510719,6.613879
1843,864691135464991645,train,thalamocortical,thalamocortical,2.2478652,5.690249
140,864691135867965317,train,L5IT,pyramidal,3.6896226,6.3895593
439,864691135470860370,test,BipFam,BipFam,0.78733414,5.1084957
57,864691136195526120,train,L4IT,pyramidal,3.049737,6.8727207
40,864691135464678206,train,MartFam,MartFam,6.1701136,3.1149645
4747,864691135343509701,train,MartFam,MartFam,2.3381743,6.894779
906,864691135660772080,train,MartFam,MartFam,8.9871855,5.783
227,864691135878586963,test,thalamocortical,thalamocortical,2.1754472,6.7827053
1050,864691136487168530,train,MartFam,MartFam,9.408687,9.5077715
4585,864691135518791818,train,BasketFam,BasketFam,6.220592,9.837014
196,864691135347627423,train,BipFam,BipFam,4.2857566,7.467971
1455,864691135659538306,train,thalamocortical,thalamocortical,4.942123,5.4406295
2752,864691135212863360,train,MartFam,MartFam,5.7541013,8.916905
986,864691135210178169,test,BasketFam,BasketFam,-0.36067447,4.448903
141,864691134887444986,test,NglFam,NglFam,6.091399,4.0392327
4311,864691136288755395,train,thalamocortical,thalamocortical,5.940868,7.252807
1220,864691135431441968,train,thalamocortical,thalamocortical,2.8348756,5.4205966
377,864691135389168001,test,L2IT,pyramidal,9.037553,8.466878
414,864691136364166370,train,BipFam,BipFam,5.484473,4.8907437
632,864691136034433723,train,MartFam,MartFam,4.0416393,3.6261277
1353,864691135470860370,test,BipFam,BipFam,4.7443857,3.4752562
4563,864691135210446457,train,MartFam,MartFam,4.6672697,2.8787012
202,864691135592678411,train,BipFam,BipFam,9.164398,3.9074879
387,864691136012173475,test,BipFam,BipFam,4.1092935,7.1334076
2513,864691136489623826,train,BasketFam,BasketFam,1.8312327,5.482823
4884,864691136288755395,train,thalamocortical,thalamocortical,5.5635376,4.856367
5617,864691135346954143,train,MartFam,MartFam,2.337285,7.535336
5079,864691135477104960,train,thalamocortical,thalamocortical,3.3839839,4.5228515
44,864691135878586963,test,thalamocortical,thalamocortical,2.3017194,6.704249
530,864691135587758716,train,L3IT,pyramidal,9.376475,9.455607
570,864691136137168779,train,BipFam,BipFam,3.3554308,6.3748255
2553,864691135569282284,train,MartFam,MartFam,2.6468945,6.9476237
12835,864691135779780797,test,MartFam,MartFam,5.8264947,2.7912047
208,864691136011485614,test,BasketFam,BasketFam,0.3749234,7.013107
124,864691135742677867,train,BipFam,BipFam,2.950213,6.7508936
2508,864691135470860370,test,BipFam,BipFam,1.3587239,6.4394574
2848,864691136390905207,train,MartFam,MartFam,2.6116524,6.281141
3400,864691135271970725,train,BasketFam,BasketFam,0.01692054,6.605033
2535,864691136229366097,test,BasketFam,BasketFam,-0.4906652,6.502647
46,864691136239793212,test,NglFam,NglFam,7.5284314,7.005743
471,864691135474086450,train,BasketFam,BasketFam,0.060916312,7.835376
5799,864691135720572977,train,MartFam,MartFam,4.2313967,3.23627
1213,864691135839577235,train,MartFam,MartFam,4.729217,4.723204
628,864691136618553563,test,L3IT,pyramidal,9.307337,8.644842
911,864691135689555680,train,NglFam,NglFam,4.3596196,6.0697927
353,864691135293096118,train,NglFam,NglFam,5.4607105,9.299189
1381,864691136523971473,train,BipFam,BipFam,8.552248,4.78564
612,864691136118430628,train,BipFam,BipFam,8.70433,8.15105
1485,864691135990672896,train,MartFam,MartFam,3.9342463,4.3830185
864,864691136009893294,train,L2IT,pyramidal,6.750567,8.275744
346,864691136524282001,train,NglFam,NglFam,8.536114,2.5683641
204,864691136967703758,train,L4IT,pyramidal,4.9178185,8.495276
764,864691135891690121,train,BasketFam,BasketFam,0.62007254,3.9216654
254,864691135134585248,train,BipFam,BipFam,8.878269,8.610381
244,864691135293096118,train,NglFam,NglFam,2.9266932,7.2088675
187,864691135293096118,train,NglFam,NglFam,1.58332,7.0587115
1099,864691136118430628,train,BipFam,BipFam,6.356878,6.1511316
386,864691136034526651,train,BipFam,BipFam,8.005373,9.752013
3331,864691135119335645,train,thalamocortical,thalamocortical,2.865251,6.5235505
662,864691135115194009,train,BipFam,BipFam,8.795224,8.374749
3027,864691135477104960,train,thalamocortical,thalamocortical,6.8991423,3.7631738
3635,864691136118294692,train,thalamocortical,thalamocortical,4.893266,4.760296
234,864691136033871035,train,thalamocortical,thalamocortical,2.8527524,7.9253855
2724,864691135528046939,train,MartFam,MartFam,5.4684606,2.916371
232,864691135810297885,train,BipFam,BipFam,7.2267523,9.552298
254,864691135511861968,test,MartFam,MartFam,4.9159765,3.4435978
181,864691135430004016,train,L4IT,pyramidal,8.188654,8.136694
127,864691135566824983,test,BipFam,BipFam,4.797904,4.3607283
8622,864691135456535658,train,MartFam,MartFam,6.1675153,5.074779
4,864691135387529301,test,BasketFam,BasketFam,0.6719143,7.017026
216,864691136273370302,train,NglFam,NglFam,6.178196,9.818852
1665,864691136118878116,train,MartFam,MartFam,5.5172343,3.251268
3434,864691135470255698,train,thalamocortical,thalamocortical,4.2845845,8.207947
616,864691135566824983,test,BipFam,BipFam,8.359966,7.2999907
453,864691136196240342,test,BipFam,BipFam,-0.04038994,3.3732798
4482,864691136390675216,train,BasketFam,BasketFam,2.6878312,4.6018267
380,864691136391024144,train,NglFam,NglFam,3.3915474,4.934491
720,864691135755707597,train,BipFam,BipFam,7.35683,5.2491083
446,864691135369651193,train,BipFam,BipFam,0.66579735,6.0301604
264,864691135566979927,train,MartFam,MartFam,3.2247992,3.924165
240,864691134887444986,test,NglFam,NglFam,3.743362,6.3627014
134,864691135727929663,train,BasketFam,BasketFam,8.185795,3.3482306
3551,864691136619344859,test,BasketFam,BasketFam,-1.3755593,4.5940347
392,864691135339729126,train,L4IT,pyramidal,8.14507,9.668211
707,864691136145537844,train,BipFam,BipFam,9.259657,7.6899247
30,864691135106309709,train,NglFam,NglFam,9.370125,9.309209
5212,864691137056216950,train,MartFam,MartFam,3.8746927,4.264002
551,864691135499283987,train,L6IT,pyramidal,3.612717,9.990887
1693,864691136034487483,train,BasketFam,BasketFam,-0.8315171,4.9292407
429,864691136436788382,train,BipFam,BipFam,5.134291,8.488519
1419,864691135688823008,train,L6IT,pyramidal,8.539748,9.660331
43,864691136364166370,train,BipFam,BipFam,9.06862,5.5120764
767,864691135271343525,train,BipFam,BipFam,2.9976354,8.928201
763,864691136138756221,train,BipFam,BipFam,5.601686,5.47264
810,864691136372954248,test,NglFam,NglFam,4.456618,3.1848228
1485,864691135940881830,train,MartFam,MartFam,8.9354,2.581243
571,864691136742067804,train,L3IT,pyramidal,9.115028,5.672115
571,864691136372954248,test,NglFam,NglFam,3.5599763,3.488557
5511,864691135853090503,test,BasketFam,BasketFam,0.33399856,7.732924
64,864691136975639836,train,BipFam,BipFam,5.0799837,8.409176
327,864691135659538306,train,thalamocortical,thalamocortical,7.150449,5.3599715
162,864691135938404612,train,BipFam,BipFam,6.5898304,5.6982126
392,864691135155894884,train,L2IT,pyramidal,8.204893,6.628176
1227,864691135928029966,train,thalamocortical,thalamocortical,3.214021,7.4255753
93,864691135742677867,train,BipFam,BipFam,4.371294,8.358855
617,864691135725779883,train,BasketFam,BasketFam,5.615856,9.663435
2135,864691136118294692,train,thalamocortical,thalamocortical,3.8375893,6.341005
311,864691136086088556,train,L3IT,pyramidal,6.4731855,5.2044463
958,864691135477104960,train,thalamocortical,thalamocortical,7.1307526,5.5944147
156,864691136273370302,train,NglFam,NglFam,5.6169195,9.728366
92,864691135942163201,train,L5IT,pyramidal,5.610147,5.7728243
591,864691135731889337,train,L3IT,pyramidal,4.0053,9.713964
855,864691136123919654,train,BasketFam,BasketFam,-0.29359713,4.072403
3164,864691136033871035,train,thalamocortical,thalamocortical,4.0143495,5.994287
313,864691135132887456,test,NglFam,NglFam,4.1281424,4.3253264
155,864691135408788169,test,L4IT,pyramidal,4.932118,9.447225
55,864691136238090767,train,L5IT,pyramidal,5.3031898,9.828809
585,864691135995711402,train,BipFam,BipFam,3.4806457,5.074258
7,864691135465900101,train,BipFam,BipFam,8.25984,3.2609112
136,864691136288755395,train,thalamocortical,thalamocortical,2.712951,6.159335
121,864691136524282001,train,NglFam,NglFam,8.045178,3.8934712
2299,864691136118294692,train,thalamocortical,thalamocortical,3.1060712,6.5195045
11,864691135840033171,train,NglFam,NglFam,9.29537,7.508518
198,864691135689015264,train,thalamocortical,thalamocortical,2.1890385,5.7744446
112,864691136524282001,train,NglFam,NglFam,4.501142,7.9168935
355,864691135689555680,train,NglFam,NglFam,3.4315765,8.133178
409,864691135134585248,train,BipFam,BipFam,6.066648,4.4957647
195,864691135106309709,train,NglFam,NglFam,7.7141194,7.883077
1637,864691135997140906,train,BipFam,BipFam,4.1251936,6.1673684
840,864691135948823905,test,MartFam,MartFam,8.593936,4.0298595
3995,864691136814345075,train,MartFam,MartFam,3.0881631,3.8145537
244,864691135518989962,train,L2IT,pyramidal,8.684906,8.330231
359,864691135280682401,train,L4IT,pyramidal,8.449383,7.1057405
94,864691136025992761,train,BipFam,BipFam,7.3317986,7.6277266
250,864691136022214648,train,L4IT,pyramidal,5.8327503,7.384389
6390,864691136007059658,test,BipFam,BipFam,7.3487716,3.675784
747,864691135447979922,train,BipFam,BipFam,5.719566,6.3622193
2960,864691135782873936,test,thalamocortical,thalamocortical,4.283765,9.109508
3878,864691136391023120,train,BasketFam,BasketFam,5.4057617,5.483286
1061,864691135545730856,train,BipFam,BipFam,8.90889,6.6673393
422,864691135994804394,train,BipFam,BipFam,6.109167,9.290964
3220,864691135810495005,train,BasketFam,BasketFam,-0.44882816,3.7716281
480,864691136100014453,train,BipFam,BipFam,5.0650854,7.2560625
974,864691136311213914,test,BasketFam,BasketFam,1.0215893,4.9674435
807,864691136619344859,test,BasketFam,BasketFam,-0.43610644,5.119491
2413,864691135511861968,test,MartFam,MartFam,6.548483,9.6874695
4628,864691136011485614,test,BasketFam,BasketFam,-0.33160827,5.7520194
773,864691135562950369,train,BipFam,BipFam,7.020964,9.149604
648,864691135447979922,train,BipFam,BipFam,5.647286,4.6088715
330,864691135134585248,train,BipFam,BipFam,5.906406,4.2572227
159,864691136041000190,train,L6IT,pyramidal,7.8437715,9.811929
281,864691136053350131,test,thalamocortical,thalamocortical,4.054023,4.933466
83,864691135866396798,train,L4IT,pyramidal,3.9840367,8.777917
2707,864691135997140906,train,BipFam,BipFam,8.848198,7.9634676
6306,864691137022180974,test,MartFam,MartFam,2.062723,6.8578277
824,864691136523971473,train,BipFam,BipFam,4.3241057,7.5405936
266,864691136484876588,train,MartFam,MartFam,9.4273405,7.997092
9334,864691135703016059,train,MartFam,MartFam,5.981913,6.3643217
391,864691136311059034,train,L2IT,pyramidal,7.2061186,9.33516
538,864691134966249759,train,thalamocortical,thalamocortical,1.8064058,7.07355
606,864691135689555680,train,NglFam,NglFam,4.4782214,4.237676
179,864691135689555680,train,NglFam,NglFam,5.045994,3.402804
452,864691135778618029,train,BipFam,BipFam,6.0551157,5.2470217
960,864691135941789606,train,BasketFam,BasketFam,-1.1174567,4.720077
2923,864691135309486662,train,BasketFam,BasketFam,-0.3424006,6.4449897
6065,864691135774221643,train,MartFam,MartFam,7.084459,4.715782
318,864691135866947804,train,L2IT,pyramidal,8.161513,8.220197
1952,864691135350977751,train,MartFam,MartFam,7.19319,5.3410606
1424,864691135742895723,test,BipFam,BipFam,1.3927128,6.2232237
116,864691135741659499,train,L4IT,pyramidal,7.575573,9.875444
5446,864691135891796617,train,BasketFam,BasketFam,6.161081,7.8955083
620,864691136086632812,train,NglFam,NglFam,7.483038,6.8389688
497,864691135689555680,train,NglFam,NglFam,8.6386795,3.306309
61,864691135778618029,train,BipFam,BipFam,4.2947984,6.2923923
7174,864691136007059658,test,BipFam,BipFam,8.004416,6.2971196
361,864691135646147567,test,L4IT,pyramidal,5.1569934,6.0488443
3662,864691136123919654,train,BasketFam,BasketFam,0.3043038,7.9919224
1608,864691135584019053,test,MartFam,MartFam,3.741473,3.0671458
130,864691135503004765,train,BipFam,BipFam,8.724719,5.171734
5555,864691136007059658,test,BipFam,BipFam,8.802153,6.6673694
286,864691135689555680,train,NglFam,NglFam,7.41213,5.4521894
1829,864691136034412219,train,MartFam,MartFam,5.818878,4.0112214
3169,864691135875919502,test,MartFam,MartFam,4.29707,3.7051058
1556,864691136372954248,test,NglFam,NglFam,4.6557655,4.113868
3012,864691135755605197,train,thalamocortical,thalamocortical,2.272329,6.616809
226,864691136330880234,train,MartFam,MartFam,3.7007346,4.8060126
694,864691137022180974,test,MartFam,MartFam,2.9518282,7.0360155
172,864691135778542509,train,L4IT,pyramidal,6.5032926,6.195227
136,864691135885996912,train,BipFam,BipFam,8.634167,4.0335865
8629,864691135891796617,train,BasketFam,BasketFam,8.979085,8.543755
293,864691135571356038,test,MartFam,MartFam,4.3642054,3.778094
2077,864691135941898918,train,MartFam,MartFam,8.133965,4.4616637
110,864691135343506885,train,BipFam,BipFam,6.2433386,9.213052
1348,864691135571440006,train,MartFam,MartFam,4.2382345,4.231281
192,864691135755707597,train,BipFam,BipFam,6.653756,3.4085476
5454,864691135686540471,train,BasketFam,BasketFam,-0.50370246,3.6891594
3008,864691135997428394,test,thalamocortical,thalamocortical,1.3962108,6.7747183
111,864691135215254584,train,L4IT,pyramidal,3.2821996,8.116252
32,864691135106309709,train,NglFam,NglFam,9.402434,9.126314
378,864691135616235979,train,BipFam,BipFam,8.669341,5.3875914
895,864691135755707597,train,BipFam,BipFam,4.5219893,8.0793295
255,864691135693735103,train,NglFam,NglFam,8.995955,9.441252
144,864691136336107187,test,L5IT,pyramidal,4.2525063,5.200781
2382,864691135124690471,train,BasketFam,BasketFam,-1.1680125,4.737811
316,864691135725779883,train,BasketFam,BasketFam,0.99729586,8.356364
196,864691135503004765,train,BipFam,BipFam,7.4867115,6.4168177
1517,864691135742668395,train,MartFam,MartFam,6.4335155,8.706619
705,864691135477104960,train,thalamocortical,thalamocortical,3.7262049,6.2178473
1144,864691136118878116,train,MartFam,MartFam,3.8252742,3.9411654
57,864691136380757461,train,L5IT,pyramidal,4.991626,10.428415
155,864691135948010081,test,L6CT,pyramidal,8.550693,7.416793
4675,864691136007059658,test,BipFam,BipFam,7.5613527,3.439283
10,864691135990564864,train,NglFam,NglFam,8.817308,2.7436054
99,864691136058804696,train,BipFam,BipFam,5.2994294,5.042555
20,864691135274038801,train,L3IT,pyramidal,5.7956324,7.1108866
3246,864691135106189901,test,BasketFam,BasketFam,0.4157735,8.318144
554,864691135115194009,train,BipFam,BipFam,4.2065125,9.343644
2691,864691135480702662,train,MartFam,MartFam,3.5340872,2.7330062
3862,864691135477104960,train,thalamocortical,thalamocortical,3.516715,7.772049
7166,864691135839979667,train,MartFam,MartFam,2.8347101,3.921329
298,864691135465113157,train,L4IT,pyramidal,7.6575108,9.04561
588,864691135689555680,train,NglFam,NglFam,7.418117,5.6590323
808,864691136619096795,train,L5IT,pyramidal,7.8144045,8.420956
5258,864691135477104960,train,thalamocortical,thalamocortical,2.1307998,6.935
283,864691135106309709,train,NglFam,NglFam,5.5877457,9.579247
302,864691135866427006,train,L5IT,pyramidal,9.092179,9.595189
1013,864691136425681967,train,L4IT,pyramidal,9.311958,8.137934
478,864691135928029966,train,thalamocortical,thalamocortical,2.0731757,5.3813043
8021,864691136067404440,test,MartFam,MartFam,6.462769,8.065097
13,864691135293096118,train,NglFam,NglFam,3.2765255,6.7295012
2810,864691135641196091,train,MartFam,MartFam,0.21697511,3.3658729
201,864691135757083346,train,L4IT,pyramidal,7.133441,7.4083304
674,864691136288755395,train,thalamocortical,thalamocortical,2.8580666,5.925425
3016,864691135853090503,test,BasketFam,BasketFam,-0.7385423,4.9579473
617,864691136273370302,train,NglFam,NglFam,8.465879,6.692707
1077,864691135477670312,train,L4IT,pyramidal,6.0627375,7.8983
2030,864691135928029966,train,thalamocortical,thalamocortical,2.7254198,8.981806
393,864691135852637127,train,L6IT,pyramidal,8.636427,9.866451
285,864691136914414321,train,L2IT,pyramidal,8.462297,6.6408916
178,864691135376096329,train,BipFam,BipFam,8.689806,8.728373
2763,864691135941789606,train,BasketFam,BasketFam,-1.2456946,4.298462
5780,864691136007059658,test,BipFam,BipFam,3.9974322,9.7009945
8710,864691135739131780,train,MartFam,MartFam,4.624048,4.4282985
3191,864691135398746401,train,MartFam,MartFam,3.4425204,4.677358
233,864691135387277397,test,thalamocortical,thalamocortical,3.9318984,5.795378
60,864691136336204979,train,NglFam,NglFam,6.029668,4.9995294
2088,864691135779780797,test,MartFam,MartFam,4.4049478,2.8307688
98,864691135689555680,train,NglFam,NglFam,8.378294,2.7288725
1089,864691135343506885,train,BipFam,BipFam,8.659084,8.186286
492,864691136239793212,test,NglFam,NglFam,8.224333,9.533094
7869,864691135562001633,train,MartFam,MartFam,-1.129827,4.950671
7354,864691136595955362,train,MartFam,MartFam,4.956261,6.5269375
393,864691135342958789,train,L4IT,pyramidal,6.3248305,9.800505
66,864691135840033171,train,NglFam,NglFam,3.7179933,7.3278766
445,864691136007059658,test,BipFam,BipFam,4.108263,8.328473
94,864691135196475434,train,MartFam,MartFam,3.5975058,3.940603
4160,864691135875919502,test,MartFam,MartFam,3.1877048,3.658463
2252,864691135294194358,train,thalamocortical,thalamocortical,2.604968,6.2445507
1041,864691136288755395,train,thalamocortical,thalamocortical,6.6485853,5.497866
5,864691135939949365,train,L4IT,pyramidal,5.6212687,5.471684
4596,864691136007059658,test,BipFam,BipFam,6.488129,4.267759
67,864691136524282001,train,NglFam,NglFam,4.387479,3.6931894
4958,864691135997428394,test,thalamocortical,thalamocortical,4.409048,5.107999
2676,864691135774221643,train,MartFam,MartFam,3.6924496,4.7508807
455,864691135570135020,train,L6IT,pyramidal,9.064074,8.831003
70,864691135309733190,train,NglFam,NglFam,9.049148,3.2490294
241,864691135839843475,train,BipFam,BipFam,6.1117992,9.073928
2519,864691137022180974,test,MartFam,MartFam,3.803159,5.7423463
2823,864691136118294692,train,thalamocortical,thalamocortical,3.3199291,5.536986
2367,864691136211068860,train,BasketFam,BasketFam,0.66319096,7.584879
4885,864691136011458734,test,BasketFam,BasketFam,-0.7936241,4.241656
189,864691135764015926,train,L3IT,pyramidal,3.2993438,8.32236
1706,864691135990672896,train,MartFam,MartFam,9.320072,8.103217
1581,864691136033871035,train,thalamocortical,thalamocortical,2.0698502,5.284748
118,864691136102330485,train,L2IT,pyramidal,5.9822946,7.476389
980,864691136372954248,test,NglFam,NglFam,3.7870555,6.0932665
345,864691135698016410,train,L4IT,pyramidal,3.7510285,8.128671
3458,864691135659538306,train,thalamocortical,thalamocortical,2.8791285,6.3950353
120,864691135134565280,train,BasketFam,BasketFam,0.26976153,3.9035249
726,864691135727799359,train,L4IT,pyramidal,7.2764206,6.2243266
5888,864691135346954143,train,MartFam,MartFam,3.3322952,3.1881835
291,864691135134114976,train,L4IT,pyramidal,4.3139243,7.4661365
1202,864691135866821340,train,thalamocortical,thalamocortical,6.049882,8.088396
679,864691134966249759,train,thalamocortical,thalamocortical,4.0641418,5.4992633
1027,864691136372954248,test,NglFam,NglFam,3.2520063,7.1605163
85,864691135990564864,train,NglFam,NglFam,8.72167,3.7980657
1290,864691135387277397,test,thalamocortical,thalamocortical,2.076732,4.0155
6312,864691135689015264,train,thalamocortical,thalamocortical,2.7017317,4.9655685
10611,864691135210446457,train,MartFam,MartFam,8.25539,7.744711
190,864691136420303511,train,L4IT,pyramidal,8.190189,9.593503
1388,864691135875919502,test,MartFam,MartFam,3.2458305,3.9044733
282,864691135528193883,test,BipFam,BipFam,4.6884055,7.141831
605,864691135976063855,test,L4IT,pyramidal,8.578835,7.2940297
11983,864691135779780797,test,MartFam,MartFam,5.757307,4.6510773
313,864691135689555680,train,NglFam,NglFam,8.109615,3.4783218
670,864691136927366986,train,thalamocortical,thalamocortical,2.9118338,6.066084
1047,864691134942595939,train,BasketFam,BasketFam,0.24569632,3.89632
3637,864691136742921308,test,BasketFam,BasketFam,-1.3701974,5.195346
1271,864691136595955362,train,MartFam,MartFam,3.7158518,8.911637
184,864691136524282001,train,NglFam,NglFam,8.298987,3.8343768
1180,864691135431441968,train,thalamocortical,thalamocortical,4.357322,8.48191
148,864691135303514791,train,NglFam,NglFam,5.9875383,5.4167314
244,864691135689555680,train,NglFam,NglFam,9.03329,3.3394458
2435,864691135990672896,train,MartFam,MartFam,6.336274,4.952382
4330,864691136489623826,train,BasketFam,BasketFam,-1.1842422,4.0970902
154,864691135840033171,train,NglFam,NglFam,3.5806296,8.9568615
3260,864691135869457430,train,BasketFam,BasketFam,8.798838,7.7757955
1828,864691135442598728,train,BasketFam,BasketFam,0.060124654,3.8796794
766,864691135866427006,train,L5IT,pyramidal,7.2063847,6.3034163
471,864691136273370302,train,NglFam,NglFam,9.841534,8.405527
355,864691136288755395,train,thalamocortical,thalamocortical,2.9039855,7.851014
350,864691135477104960,train,thalamocortical,thalamocortical,6.7242594,8.7637005
154,864691135518173395,train,L4IT,pyramidal,7.090431,8.790753
362,864691136010068652,train,L4IT,pyramidal,5.1590095,4.343225
77,864691135235206489,train,MartFam,MartFam,5.076101,3.4230022
198,864691136053350131,test,thalamocortical,thalamocortical,6.4802957,6.853959
1912,864691136091233847,train,thalamocortical,thalamocortical,2.324588,6.945403
123,864691135849426270,train,L5IT,pyramidal,7.7226987,9.708813
3598,864691135689015264,train,thalamocortical,thalamocortical,2.164754,5.3402395
24,864691135693735103,train,NglFam,NglFam,9.2405615,9.243272
2145,864691134966621471,train,MartFam,MartFam,3.4789298,2.8109975
2818,864691135689015264,train,thalamocortical,thalamocortical,6.187303,5.153474
531,864691135472556082,train,MartFam,MartFam,5.9291725,9.842581
513,864691135387753601,train,MartFam,MartFam,8.718075,7.953211
868,864691135717457178,train,L4IT,pyramidal,6.835409,6.2595196
1914,864691136925825354,test,BasketFam,BasketFam,1.2696605,3.8523617
2841,864691136011733934,train,MartFam,MartFam,8.36499,8.161566
274,864691136336204979,train,NglFam,NglFam,8.284876,3.430147
1212,864691136372954248,test,NglFam,NglFam,5.8419404,3.2817333
5287,864691135997428394,test,thalamocortical,thalamocortical,2.7223778,6.658891
538,864691134887460346,train,L3IT,pyramidal,7.734357,7.2318273
902,864691136011549614,train,BipFam,BipFam,6.604297,8.514049
1575,864691135447979922,train,BipFam,BipFam,5.758255,3.441037
630,864691135782506832,test,L4IT,pyramidal,8.053808,5.717511
2528,864691136288755395,train,thalamocortical,thalamocortical,8.05565,4.709967
114,864691136138622333,train,BasketFam,BasketFam,-0.21147463,4.908504
678,864691136058602712,train,thalamocortical,thalamocortical,3.515699,8.710203
1560,864691135499624723,train,BasketFam,BasketFam,0.17543519,4.734377
1260,864691135503782210,test,BipFam,BipFam,3.84179,10.178628
518,864691135546161704,train,L4IT,pyramidal,4.586006,7.6440096
338,864691135992790209,train,BipFam,BipFam,8.356444,8.970384
4789,864691135346954143,train,MartFam,MartFam,4.565506,6.868786
723,864691136052101363,train,BipFam,BipFam,9.355091,8.521436
10316,864691135703016059,train,MartFam,MartFam,5.0506043,2.7100263
3460,864691136091233847,train,thalamocortical,thalamocortical,2.0614786,3.8580031
2624,864691136580010516,test,MartFam,MartFam,3.1800404,8.545608
146,864691135309733190,train,NglFam,NglFam,8.374173,4.057319
435,864691135124603687,train,L4IT,pyramidal,3.7811742,10.321594
3930,864691135703016059,train,MartFam,MartFam,4.2103996,3.3826342
4553,864691136445968259,train,BasketFam,BasketFam,0.26297173,3.3192487
1874,864691136053350131,test,thalamocortical,thalamocortical,1.5896281,5.6536355
9505,864691135779780797,test,MartFam,MartFam,2.2902575,3.553939
301,864691136619529179,test,L2IT,pyramidal,9.274898,4.027717
1770,864691135447979922,train,BipFam,BipFam,5.1621175,6.242782
232,864691136137210507,train,BipFam,BipFam,9.135773,6.0534573
51,864691136239793212,test,NglFam,NglFam,9.805184,8.511821
4852,864691135477104960,train,thalamocortical,thalamocortical,3.7867043,7.571605
36,864691135570791558,test,L4IT,pyramidal,5.3536744,7.785173
233,864691136273370302,train,NglFam,NglFam,9.275025,8.009857
1368,864691135878407251,train,BasketFam,BasketFam,0.25496224,4.3219857
1792,864691135994158785,test,MartFam,MartFam,4.7519045,6.795015
185,864691136093003700,train,L5IT,pyramidal,6.4273357,8.606392
221,864691135132887456,test,NglFam,NglFam,8.870815,3.5572858
2096,864691136619344859,test,BasketFam,BasketFam,0.19562583,4.442016
3813,864691135470255698,train,thalamocortical,thalamocortical,6.5109076,8.567324
3632,864691135235206489,train,MartFam,MartFam,7.838075,3.5769851
7153,864691135869457430,train,BasketFam,BasketFam,4.627946,9.968196
457,864691135996891050,test,BipFam,BipFam,3.8678577,10.588581
2845,864691135866821340,train,thalamocortical,thalamocortical,5.318471,6.92397
2709,864691135941829121,test,BasketFam,BasketFam,-0.24106805,3.7762156
12353,864691136914542577,train,MartFam,MartFam,5.2242827,3.1866336
934,864691135577202181,train,MartFam,MartFam,4.3681026,4.2086697
193,864691135955060232,train,L6CT,pyramidal,6.222026,6.835899
2017,864691136145537844,train,BipFam,BipFam,3.2372925,5.968741
1063,864691135810297885,train,BipFam,BipFam,8.587976,7.426712
3838,864691135689296608,train,BasketFam,BasketFam,-0.617146,5.95122
6,864691136022214648,train,L4IT,pyramidal,6.5404606,7.002567
3748,864691136007059658,test,BipFam,BipFam,6.5278473,5.18019
752,864691135336055529,train,L4IT,pyramidal,5.3555956,5.2441444
113,864691135990564864,train,NglFam,NglFam,4.474234,3.7284498
1640,864691135685030130,train,thalamocortical,thalamocortical,4.465978,7.1579847
1814,864691136487168530,train,MartFam,MartFam,8.647225,7.3172207
80,864691136489623826,train,BasketFam,BasketFam,5.550439,5.833163
453,864691134942595939,train,BasketFam,BasketFam,-0.3172464,3.429576
810,864691136196383190,train,BasketFam,BasketFam,-0.3450936,4.3775215
2288,864691136523971473,train,BipFam,BipFam,6.147738,5.101671
371,864691135448811860,train,BasketFam,BasketFam,0.37687021,8.006794
107,864691136372954248,test,NglFam,NglFam,2.6446981,4.3907056
557,864691136058602712,train,thalamocortical,thalamocortical,4.6559343,6.2711244
2346,864691136742921308,test,BasketFam,BasketFam,0.4294891,6.033396
808,864691136125956134,train,L6IT,pyramidal,3.65678,6.350028
1094,864691135325426076,train,MartFam,MartFam,5.83198,4.808642
58,864691136273370302,train,NglFam,NglFam,9.676057,8.339071
1245,864691136137168779,train,BipFam,BipFam,3.3121722,4.3626976
561,864691135857976366,train,BipFam,BipFam,2.6749926,4.6995845
329,864691136521831825,train,L5IT,pyramidal,6.432612,7.145574
1012,864691135474179378,test,MartFam,MartFam,3.4780974,6.830602
179,864691135359413848,train,BipFam,BipFam,8.998877,9.250156
2511,864691134966621471,train,MartFam,MartFam,5.882892,5.396518
2136,864691136742921308,test,BasketFam,BasketFam,-0.8773941,3.8499398
358,864691135398762529,train,BipFam,BipFam,6.008561,5.2795076
4170,864691136138622333,train,BasketFam,BasketFam,0.535528,5.4698453
4893,864691136006393034,train,MartFam,MartFam,3.306646,6.987011
1776,864691135997428394,test,thalamocortical,thalamocortical,4.481977,5.164931
45,864691135293096118,train,NglFam,NglFam,3.0051458,7.140956
517,864691136118294692,train,thalamocortical,thalamocortical,2.8169382,5.8545213
729,864691135689555680,train,NglFam,NglFam,3.041623,6.700188
6975,864691136390675216,train,BasketFam,BasketFam,0.9124499,5.9929447
512,864691136227297105,train,MartFam,MartFam,9.055378,7.3329487
769,864691135778081453,train,thalamocortical,thalamocortical,4.271462,8.204064
674,864691134887444986,test,NglFam,NglFam,7.9481025,3.5456896
3070,864691136033871035,train,thalamocortical,thalamocortical,4.8124485,5.5065417
3429,864691136145494068,train,BasketFam,BasketFam,-0.7274154,5.6966968
6,864691135840033171,train,NglFam,NglFam,3.659736,7.931163
921,864691135396485877,test,L6IT,pyramidal,5.4388323,9.909444
4299,864691136905941426,train,BasketFam,BasketFam,-1.2083595,4.785168
601,864691135271970725,train,BasketFam,BasketFam,0.26025087,6.1531034
179,864691135409856713,train,BasketFam,BasketFam,-0.6828949,5.2698493
1383,864691135782873936,test,thalamocortical,thalamocortical,4.4960127,6.6390247
527,864691135929072340,train,L5IT,pyramidal,3.567179,6.8212376
772,864691134966621471,train,MartFam,MartFam,6.5515313,6.0323052
391,864691136138131325,train,L3IT,pyramidal,6.4778514,7.802515
399,864691136042982742,test,L2IT,pyramidal,6.5847707,6.8954334
807,864691136118805668,train,L6IT,pyramidal,8.777839,9.804108
231,864691134918921738,train,L3IT,pyramidal,6.4055333,5.6099916
1244,864691134966249759,train,thalamocortical,thalamocortical,2.588698,8.067122
1692,864691135659538306,train,thalamocortical,thalamocortical,6.946807,6.798791
498,864691136011549614,train,BipFam,BipFam,7.9377537,5.9841933
252,864691135469753426,train,L2IT,pyramidal,5.4985642,5.82643
2815,864691136330880234,train,MartFam,MartFam,4.5958967,2.1860738
2065,864691135778081453,train,thalamocortical,thalamocortical,3.0527341,8.361261
206,864691136927366986,train,thalamocortical,thalamocortical,3.0101607,8.1692505
78,864691135106309709,train,NglFam,NglFam,9.459612,9.112564
197,864691135840033171,train,NglFam,NglFam,6.7240047,5.1806207
2518,864691136053350131,test,thalamocortical,thalamocortical,3.3646486,8.062605
132,864691135280481697,train,L5IT,pyramidal,3.8922944,9.102823
307,864691135455819114,test,L4IT,pyramidal,8.520887,7.638133
494,864691135447312274,train,L4IT,pyramidal,4.4201107,10.345294
1919,864691135755605197,train,thalamocortical,thalamocortical,5.164876,6.6988845
3176,864691135442598728,train,BasketFam,BasketFam,-0.10605606,3.3165169
543,864691136138756221,train,BipFam,BipFam,0.05875178,4.998483
3418,864691135464991645,train,thalamocortical,thalamocortical,2.6579573,5.2308545
2978,864691135346954143,train,MartFam,MartFam,2.9942532,5.9330535
551,864691135562950369,train,BipFam,BipFam,8.469397,7.816955
104,864691135584629613,train,L2IT,pyramidal,5.044456,6.142904
283,864691134887444986,test,NglFam,NglFam,4.2875953,8.393069
355,864691135210178169,test,BasketFam,BasketFam,-0.014987843,4.2499185
2092,864691135343506885,train,BipFam,BipFam,6.2369347,7.346053
957,864691135456535658,train,MartFam,MartFam,5.257054,3.154915
2687,864691136392682879,train,BasketFam,BasketFam,7.2284746,10.394987
586,864691136118294692,train,thalamocortical,thalamocortical,8.127824,9.381754
354,864691136086632812,train,NglFam,NglFam,6.7413116,3.5370233
3890,864691136814345075,train,MartFam,MartFam,8.117362,3.2850778
1267,864691135954582563,train,MartFam,MartFam,4.8084397,6.4417377
5253,864691136067404440,test,MartFam,MartFam,8.895934,7.1269274
2076,864691136925008100,train,BipFam,BipFam,1.2222438,6.7839804
901,864691135875919502,test,MartFam,MartFam,3.0499883,4.095035
6129,864691135477104960,train,thalamocortical,thalamocortical,2.91015,4.7094207
174,864691135309733190,train,NglFam,NglFam,9.061232,4.014851
169,864691135503004765,train,BipFam,BipFam,7.6734757,4.261141
458,864691136314126653,train,BipFam,BipFam,8.714944,5.0373387
351,864691135584316781,train,BasketFam,BasketFam,4.397767,3.9304557
185,864691135271967397,train,MartFam,MartFam,5.520261,4.208249
420,864691135387753601,train,MartFam,MartFam,5.241629,6.6908126
3547,864691135350977751,train,MartFam,MartFam,4.0944734,3.499609
2385,864691135994158785,test,MartFam,MartFam,4.9661994,8.0141735
454,864691135996891050,test,BipFam,BipFam,3.9092476,5.359301
235,864691135689555680,train,NglFam,NglFam,8.546153,3.6797101
209,864691135210178169,test,BasketFam,BasketFam,-1.2086444,4.6167274
129,864691135584471405,train,BipFam,BipFam,9.307507,4.8407044
5350,864691136603935441,train,BasketFam,BasketFam,-0.5960968,4.2966433
6269,864691135477104960,train,thalamocortical,thalamocortical,4.7069626,7.537866
30,864691136273370302,train,NglFam,NglFam,7.910431,8.4398985
449,864691135293096118,train,NglFam,NglFam,3.5617611,7.586203
249,864691135853091015,train,L4IT,pyramidal,4.756775,9.004258
39,864691136137064075,train,BipFam,BipFam,5.353486,7.35258
427,864691136372954248,test,NglFam,NglFam,6.190602,4.450905
2310,864691135866821340,train,thalamocortical,thalamocortical,6.6499825,4.061412
496,864691136489055762,train,L4IT,pyramidal,4.1925592,10.287479
838,864691136372954248,test,NglFam,NglFam,5.3447247,4.993658
547,864691135214970752,train,BipFam,BipFam,4.619849,9.787214
122,864691136925029092,train,L4IT,pyramidal,5.30075,9.998554
939,864691136137064075,train,BipFam,BipFam,7.0701942,9.724316
2635,864691137199860033,test,BasketFam,BasketFam,-0.6398506,5.561108
788,864691135124690471,train,BasketFam,BasketFam,-0.07046758,5.971006
1999,864691136091233847,train,thalamocortical,thalamocortical,2.8848603,7.802715
30,864691135783317840,train,thalamocortical,thalamocortical,2.2002993,6.9617963
481,864691136086632812,train,NglFam,NglFam,6.1263165,3.5227041
215,864691136125840678,test,L6CT,pyramidal,8.2807,7.3743396
2491,864691135271915173,train,MartFam,MartFam,5.713181,6.0452275
121,864691135106309709,train,NglFam,NglFam,9.233214,8.8440695
3330,864691135212863360,train,MartFam,MartFam,-0.9770948,4.994802
67,864691135309290822,test,L3IT,pyramidal,3.8412204,5.763445
701,864691135760319822,train,L4IT,pyramidal,4.2578387,9.860466
10635,864691135456535658,train,MartFam,MartFam,5.3454103,2.9316728
910,864691135619294351,train,L4IT,pyramidal,8.0791025,5.8228536
459,864691137056216950,train,MartFam,MartFam,3.4905534,4.280228
2622,864691136336192947,train,BasketFam,BasketFam,0.106025055,5.307367
145,864691135271343525,train,BipFam,BipFam,3.0002286,5.156282
825,864691134887444986,test,NglFam,NglFam,8.451708,2.9567595
4289,864691135689015264,train,thalamocortical,thalamocortical,2.9154048,4.7679358
2165,864691135997428394,test,thalamocortical,thalamocortical,5.8887067,5.438393
477,864691135694264511,train,L4IT,pyramidal,7.5689483,6.924797
15,864691136298111003,test,L4IT,pyramidal,6.187075,8.794934
4261,864691135703016059,train,MartFam,MartFam,3.2795076,5.811484
6441,864691136390905207,train,MartFam,MartFam,5.9654703,2.7472847
89,864691135757083346,train,L4IT,pyramidal,8.60792,5.0569034
2206,864691135480702662,train,MartFam,MartFam,1.4020973,6.2364693
366,864691135060094107,train,L4IT,pyramidal,6.723923,5.911971
834,864691134887444986,test,NglFam,NglFam,7.5617924,6.2551465
2628,864691135339982310,train,BasketFam,BasketFam,1.0146362,8.0507
1261,864691134886037498,train,MartFam,MartFam,2.740346,4.815277
850,864691136145494068,train,BasketFam,BasketFam,0.049528528,5.9775405
475,864691136012173475,test,BipFam,BipFam,3.6437469,6.0992327
3839,864691135839979667,train,MartFam,MartFam,3.3158998,3.8457382
3630,864691135212863360,train,MartFam,MartFam,0.55650496,4.5082693
2159,864691135274708753,train,BasketFam,BasketFam,-0.74267834,5.815704
4706,864691135772774651,test,MartFam,MartFam,3.8216295,3.3687847
6,864691136438496158,train,L3IT,pyramidal,7.738212,9.622872
1854,864691136813553523,train,BasketFam,BasketFam,0.15117379,7.587912
12,864691135376096329,train,BipFam,BipFam,3.898439,5.1585507
116,864691135941886118,train,BipFam,BipFam,5.6645126,5.7763896
1022,864691136118878116,train,MartFam,MartFam,3.380514,3.515857
234,864691135763362102,test,L4IT,pyramidal,9.056432,8.892421
125,864691136391024144,train,NglFam,NglFam,3.7447586,3.912485
4117,864691136196932172,train,BasketFam,BasketFam,-0.46146023,4.7034063
1190,864691135817803599,test,BasketFam,BasketFam,-0.23896419,5.5257335
3724,864691136314120765,train,BasketFam,BasketFam,6.230702,5.108314
1488,864691135431441968,train,thalamocortical,thalamocortical,2.0954967,8.44365
792,864691136372954248,test,NglFam,NglFam,2.8463883,3.9255788
2726,864691135875414414,train,BasketFam,BasketFam,0.4781792,4.5508766
716,864691135343506885,train,BipFam,BipFam,4.745116,4.515652
1076,864691135431441968,train,thalamocortical,thalamocortical,1.9939016,5.0607357
6588,864691135464991645,train,thalamocortical,thalamocortical,5.2795625,5.09272
842,864691135060784027,test,thalamocortical,thalamocortical,1.974104,5.334346
145,864691136012173475,test,BipFam,BipFam,7.712671,6.5094295
349,864691135576991518,train,L4IT,pyramidal,5.0400558,8.35291
992,864691135885663600,train,L5NP,pyramidal,2.5936308,6.632806
2348,864691135387551061,train,BasketFam,BasketFam,-0.17277424,6.2460814
4414,864691135853090503,test,BasketFam,BasketFam,-1.0021216,4.4660015
880,864691135685250546,train,BasketFam,BasketFam,-0.9341053,3.9751396
47,864691136086632812,train,NglFam,NglFam,8.741974,7.807667
132,864691136523118481,train,L4IT,pyramidal,3.874725,9.631311
233,864691136391024144,train,NglFam,NglFam,3.793057,6.510595
416,864691135303514791,train,NglFam,NglFam,6.087141,5.539259
1291,864691136288755395,train,thalamocortical,thalamocortical,5.0096693,5.3309865
2228,864691135741641876,test,BasketFam,BasketFam,1.0009319,3.809962
452,864691135293096118,train,NglFam,NglFam,2.607914,6.1643376
1493,864691136966189518,test,MartFam,MartFam,7.717837,2.924993
331,864691135577749022,train,L2IT,pyramidal,5.999988,6.595663
622,864691135686283703,train,L4IT,pyramidal,6.982537,5.971551
225,864691135726881195,train,L4IT,pyramidal,5.4861116,6.5741735
1035,864691136364166370,train,BipFam,BipFam,7.719479,6.7362833
445,864691136391024144,train,NglFam,NglFam,8.150523,8.728047
570,864691136372954248,test,NglFam,NglFam,6.6564426,4.229614
3439,864691135294194358,train,thalamocortical,thalamocortical,8.1273155,8.454418
25,864691135886208112,train,L3IT,pyramidal,8.364334,9.267485
822,864691135350717399,train,L5IT,pyramidal,6.8940954,5.938177
3797,864691136053350131,test,thalamocortical,thalamocortical,4.6822486,4.829109
2215,864691136120465944,train,thalamocortical,thalamocortical,2.5914803,6.048124
1985,864691135755605197,train,thalamocortical,thalamocortical,4.9615383,5.118055
1348,864691136620192653,train,MartFam,MartFam,7.5193467,7.8356442
1976,864691135866821340,train,thalamocortical,thalamocortical,1.7975339,5.4861155
1449,864691136145537844,train,BipFam,BipFam,8.730244,6.289662
366,864691135215078712,train,BipFam,BipFam,6.865698,8.578739
2167,864691135336840425,train,BasketFam,BasketFam,0.867479,7.403934
89,864691136034199739,train,BipFam,BipFam,9.006778,8.854104
770,864691136137168779,train,BipFam,BipFam,3.466868,6.0104294
1228,864691135727961663,train,L4IT,pyramidal,8.145436,8.416146
346,864691136391024144,train,NglFam,NglFam,4.31147,3.447619
631,864691136974876956,test,L5ET,pyramidal,5.0939555,9.632228
3397,864691135739131780,train,MartFam,MartFam,4.518492,2.8554413
1789,864691135782873936,test,thalamocortical,thalamocortical,5.2455053,8.631431
384,864691135955909640,train,L4IT,pyramidal,8.874721,9.431334
1663,864691135702887291,train,BasketFam,BasketFam,0.7231636,8.215263
11213,864691135456535658,train,MartFam,MartFam,6.1856775,6.141442
9197,864691135271967397,train,MartFam,MartFam,1.0142115,6.639253
2048,864691135448017554,train,BasketFam,BasketFam,-0.47117192,6.2908154
528,864691135132887456,test,NglFam,NglFam,9.253594,4.0519476
14,864691135271970725,train,BasketFam,BasketFam,0.34825256,3.6038299
371,864691135303514791,train,NglFam,NglFam,8.6782055,3.6125882
658,864691135732557241,test,L4IT,pyramidal,6.5240955,7.1535296
1045,864691135106309709,train,NglFam,NglFam,8.61322,9.603256
216,864691134887444986,test,NglFam,NglFam,8.597522,4.682081
459,864691135157619556,train,L4IT,pyramidal,5.4361234,6.3301015
783,864691135659538306,train,thalamocortical,thalamocortical,8.95703,3.5877063
163,864691135347627423,train,BipFam,BipFam,9.147532,9.600893
3102,864691135470255698,train,thalamocortical,thalamocortical,1.8752766,6.435059
1670,864691136814345075,train,MartFam,MartFam,3.0697432,4.020302
744,864691136314126653,train,BipFam,BipFam,4.052345,4.433652
5582,864691135362357319,train,BasketFam,BasketFam,-0.37775332,4.2774687
3750,864691136392806271,train,BasketFam,BasketFam,0.6595374,6.4540696
1351,864691135214970752,train,BipFam,BipFam,6.728689,4.083073
47,864691135763941174,train,L2IT,pyramidal,6.7288847,7.271807
1041,864691135106309709,train,NglFam,NglFam,9.218481,9.543354
4761,864691136298913563,train,MartFam,MartFam,2.9944856,3.8305464
4452,864691136914542577,train,MartFam,MartFam,3.3081293,3.2473679
296,864691136273370302,train,NglFam,NglFam,9.273957,9.49516
200,864691135990564864,train,NglFam,NglFam,9.147402,3.209758
1406,864691135119636189,train,BasketFam,BasketFam,-0.23749149,3.5929794
8041,864691136390905207,train,MartFam,MartFam,3.4602222,4.5499544
6661,864691136007059658,test,BipFam,BipFam,3.9380536,5.59717
2443,864691135470255698,train,thalamocortical,thalamocortical,6.33341,4.568209
228,864691135015154934,test,L4IT,pyramidal,5.854002,6.331372
1321,864691135470255698,train,thalamocortical,thalamocortical,1.8271197,5.475787
151,864691135528193883,test,BipFam,BipFam,5.4936414,8.737727
230,864691136137210507,train,BipFam,BipFam,5.4067574,6.3684874
96,864691135689555680,train,NglFam,NglFam,8.382747,2.9647534
19,864691135293096118,train,NglFam,NglFam,7.8635726,7.797698
282,864691135778290109,train,BasketFam,BasketFam,7.331826,10.446028
572,864691136086632812,train,NglFam,NglFam,7.411086,4.535145
466,864691136033871035,train,thalamocortical,thalamocortical,2.1416726,4.117133
590,864691135878586963,test,thalamocortical,thalamocortical,2.7990377,6.82497
1651,864691136091233847,train,thalamocortical,thalamocortical,1.5144598,5.335166
3394,864691136392682879,train,BasketFam,BasketFam,-0.29586664,3.7849677
302,864691135455507818,train,L4IT,pyramidal,4.3694615,9.672031
852,864691135470860370,test,BipFam,BipFam,8.640104,7.289644
1866,864691135350977751,train,MartFam,MartFam,8.086685,2.674133
2099,864691136120465944,train,thalamocortical,thalamocortical,4.991729,4.5718784
6206,864691136196932172,train,BasketFam,BasketFam,-0.9198536,5.8282795
921,864691137056216950,train,MartFam,MartFam,3.3424993,5.137055
653,864691136927366986,train,thalamocortical,thalamocortical,3.2543435,6.7549043
2216,864691136013367715,test,L3IT,pyramidal,8.326541,5.7073636
638,864691134887444986,test,NglFam,NglFam,8.701356,4.5051117
3811,864691136011485614,test,BasketFam,BasketFam,-0.6561991,5.1396
181,864691136336204979,train,NglFam,NglFam,4.403008,4.642756
12405,864691135779780797,test,MartFam,MartFam,5.5812335,3.1741009
4,864691135356708303,train,MartFam,MartFam,3.6042972,9.291612
152,864691135990564864,train,NglFam,NglFam,9.277394,4.362225
5492,864691137022180974,test,MartFam,MartFam,3.6037662,4.5368276
1772,864691135920591792,train,BasketFam,BasketFam,0.3909694,6.6371603
457,864691135857976366,train,BipFam,BipFam,5.045862,7.4542036
566,864691135106309709,train,NglFam,NglFam,4.6801095,9.232311
1314,864691135271343525,train,BipFam,BipFam,4.0152664,4.2392807
691,864691135689015264,train,thalamocortical,thalamocortical,2.1082797,6.741216
6781,864691135212863360,train,MartFam,MartFam,3.958807,5.0221176
4124,864691136034487483,train,BasketFam,BasketFam,4.096561,4.7150984
2554,864691135779780797,test,MartFam,MartFam,5.7094984,2.9628987
318,864691136967478222,train,L5IT,pyramidal,9.022923,3.1176794
1100,864691135343506885,train,BipFam,BipFam,4.8828955,4.5395274
6649,864691136381324501,train,BasketFam,BasketFam,5.0645323,5.939321
872,864691136239859772,train,L4IT,pyramidal,4.971027,7.1120133
165,864691135688823008,train,L6IT,pyramidal,5.561925,9.5087185
113,864691135839999379,train,BipFam,BipFam,8.931913,3.6826649
129,864691135293096118,train,NglFam,NglFam,3.2860398,7.1600595
140,864691135970210661,train,L5IT,pyramidal,6.5084176,8.941663
316,864691135115194009,train,BipFam,BipFam,8.812313,9.895969
103,864691135938404612,train,BipFam,BipFam,6.3589487,8.609424
162,864691136102207349,train,BipFam,BipFam,5.733621,6.2955537
1494,864691135810495005,train,BasketFam,BasketFam,-0.7996927,4.694341
61,864691135689555680,train,NglFam,NglFam,9.0335245,3.136277
31,864691135731966649,train,L6CT,pyramidal,6.650639,7.4800344
7437,864691135271970725,train,BasketFam,BasketFam,-0.03600091,4.655353
362,864691135409940425,train,L3IT,pyramidal,6.871223,9.020751
2248,864691135196475434,train,MartFam,MartFam,7.684588,6.3100085
273,864691136273370302,train,NglFam,NglFam,8.770675,9.497607
3142,864691135477104960,train,thalamocortical,thalamocortical,2.4614155,7.0198736
1375,864691135689015264,train,thalamocortical,thalamocortical,4.145727,5.1708503
9454,864691135499765267,train,MartFam,MartFam,6.0908647,5.287477
6750,864691135212863360,train,MartFam,MartFam,7.775755,4.274559
655,864691136118294692,train,thalamocortical,thalamocortical,2.0579545,5.6646986
4451,864691135686540471,train,BasketFam,BasketFam,-0.05267203,6.0573635
2854,864691135361291591,train,MartFam,MartFam,6.818338,8.545681
416,864691136925008100,train,BipFam,BipFam,0.79271597,6.2060122
450,864691135340141542,test,MartFam,MartFam,9.012498,9.933029
944,864691135106309709,train,NglFam,NglFam,4.01215,10.435716
3013,864691135343506885,train,BipFam,BipFam,6.354052,8.370402
738,864691135134585248,train,BipFam,BipFam,8.3104315,3.8940995
270,864691136007059658,test,BipFam,BipFam,4.7219267,5.5967736
7,864691136010651052,train,L2IT,pyramidal,7.3528075,9.254067
3426,864691135996104618,train,BasketFam,BasketFam,-0.14947625,7.4520626
1879,864691135571440006,train,MartFam,MartFam,7.9840007,4.027926
37,864691135387753601,train,MartFam,MartFam,8.9570465,3.4033573
3,864691135742097044,train,L4IT,pyramidal,7.888234,8.74733
576,864691135528193883,test,BipFam,BipFam,8.00035,3.7374458
1241,864691136033871035,train,thalamocortical,thalamocortical,5.6688123,5.176405
5193,864691135477104960,train,thalamocortical,thalamocortical,3.9321847,5.841528
4103,864691136195284556,train,MartFam,MartFam,5.096846,7.4732556
82,864691135946994785,train,BasketFam,BasketFam,0.7369662,8.587619
1050,864691135235206489,train,MartFam,MartFam,4.269222,5.4372387
201,864691135465571653,train,L6IT,pyramidal,5.1950283,8.1290655
1515,864691136927366986,train,thalamocortical,thalamocortical,5.3024583,5.5525084
2058,864691135997428394,test,thalamocortical,thalamocortical,2.72957,9.185689
213,864691136336107187,test,L5IT,pyramidal,5.756272,5.9244485
2629,864691135878586963,test,thalamocortical,thalamocortical,3.0536551,8.21583
446,864691135376096329,train,BipFam,BipFam,5.002337,9.832952
1304,864691136107670745,train,BasketFam,BasketFam,7.2393513,10.572364
1391,864691135772774651,test,MartFam,MartFam,3.572152,5.349002
390,864691136372954248,test,NglFam,NglFam,5.7115073,4.076733
4684,864691135685250546,train,BasketFam,BasketFam,0.9333879,7.264694
1580,864691135294194358,train,thalamocortical,thalamocortical,5.2563686,4.205059
176,864691136196932172,train,BasketFam,BasketFam,-0.3681246,5.2749414
633,864691135641196091,train,MartFam,MartFam,3.846235,4.805963
4249,864691136006393034,train,MartFam,MartFam,6.9263206,3.3341177
2487,864691135470255698,train,thalamocortical,thalamocortical,2.3719666,7.330784
2150,864691136011549614,train,BipFam,BipFam,6.3299665,7.35199
2693,864691135875414414,train,BasketFam,BasketFam,0.434993,7.4373817
3775,864691136619344859,test,BasketFam,BasketFam,0.030188777,5.669547
854,864691135778618029,train,BipFam,BipFam,8.3804,8.347531
1937,864691135858282030,train,MartFam,MartFam,3.4444203,2.838689
515,864691135562410721,test,L6IT,pyramidal,6.777933,6.041406
4029,864691135997428394,test,thalamocortical,thalamocortical,3.984556,6.741409
3247,864691134942595939,train,BasketFam,BasketFam,-0.41945753,3.39999
123,864691135398868257,train,L4IT,pyramidal,5.878606,8.278404
7047,864691137022180974,test,MartFam,MartFam,4.087261,7.8452187
111,864691136336204979,train,NglFam,NglFam,8.593315,2.600403
4231,864691135212863360,train,MartFam,MartFam,8.4818735,7.256595
4226,864691135858282030,train,MartFam,MartFam,2.87181,4.4443445
1043,864691135545730856,train,BipFam,BipFam,5.918533,9.756459
435,864691135503836253,train,L4IT,pyramidal,5.4925838,6.919907
73,864691135388984961,train,BasketFam,BasketFam,-0.010663613,8.064364
198,864691135303514791,train,NglFam,NglFam,8.835658,2.9926205
1511,864691136372954248,test,NglFam,NglFam,4.2564793,6.084286
1006,864691135464595518,train,BasketFam,BasketFam,0.28795895,6.9128017
4658,864691135997140906,train,BipFam,BipFam,7.4181166,4.4657817
284,864691135867984005,train,L4IT,pyramidal,6.5611014,6.7903957
7028,864691135562001633,train,MartFam,MartFam,5.6263804,6.6173134
1187,864691136288755395,train,thalamocortical,thalamocortical,2.235513,6.5546284
3358,864691135470255698,train,thalamocortical,thalamocortical,2.4750395,5.9829254
426,864691135303514791,train,NglFam,NglFam,8.540033,4.306044
2325,864691135928029966,train,thalamocortical,thalamocortical,3.7825394,9.182451
167,864691136196240342,test,BipFam,BipFam,7.7490745,7.93763
49,864691136927566154,test,L4IT,pyramidal,8.393828,7.059351
350,864691134941824611,train,L4IT,pyramidal,8.044859,6.7579365
39,864691135997140906,train,BipFam,BipFam,3.6400263,7.516272
3138,864691135341516741,test,MartFam,MartFam,9.198772,5.029605
482,864691134920000010,train,BasketFam,BasketFam,7.666263,10.024265
1948,864691135119335645,train,thalamocortical,thalamocortical,3.2645202,8.758355
62,864691136391024144,train,NglFam,NglFam,3.6022592,7.7399225
154,864691136086632812,train,NglFam,NglFam,6.3049707,4.920899
312,864691136372954248,test,NglFam,NglFam,3.7068384,6.125199
15,864691135342585541,train,L4IT,pyramidal,7.964698,9.290729
2031,864691135586022264,train,BasketFam,BasketFam,-0.14655517,3.3187096
263,864691136086632812,train,NglFam,NglFam,8.141517,6.730153
6909,864691135477104960,train,thalamocortical,thalamocortical,1.1501437,7.15596
4512,864691135309486662,train,BasketFam,BasketFam,0.01923292,5.9421434
2591,864691135939776309,train,MartFam,MartFam,7.4387107,7.3492303
3,864691135258563503,train,L4IT,pyramidal,6.7986107,7.932059
42,864691135518510218,train,NglFam,NglFam,8.882638,2.947588
1081,864691135685030130,train,thalamocortical,thalamocortical,3.6399264,6.524359
2057,864691135398746401,train,MartFam,MartFam,2.9544592,5.265243
376,864691136034199739,train,BipFam,BipFam,7.0679135,6.8381066
3709,864691135997140906,train,BipFam,BipFam,7.9697914,6.2236986
201,864691135274708753,train,BasketFam,BasketFam,0.2333073,4.5569677
2172,864691136138803837,train,BasketFam,BasketFam,0.14042225,8.083488
810,864691136595955362,train,MartFam,MartFam,2.5179331,8.35247
768,864691135755605197,train,thalamocortical,thalamocortical,5.965099,6.012854
3473,864691136138803837,train,BasketFam,BasketFam,0.27550867,4.6693716
3357,864691136053350131,test,thalamocortical,thalamocortical,1.1998996,6.770692
5736,864691135839979667,train,MartFam,MartFam,4.1237903,3.324289
2210,864691135853090503,test,BasketFam,BasketFam,-1.0025927,4.560559
119,864691136137064075,train,BipFam,BipFam,3.8705664,9.42524
1004,864691136033871035,train,thalamocortical,thalamocortical,4.79047,5.3657036
1031,864691134966249759,train,thalamocortical,thalamocortical,2.2375014,8.170071
1336,864691135214970752,train,BipFam,BipFam,9.217939,8.8720665
1400,864691135685030130,train,thalamocortical,thalamocortical,5.2626824,6.73386
1696,864691135839577235,train,MartFam,MartFam,4.710637,8.606925
526,864691136372954248,test,NglFam,NglFam,6.2711353,3.2320366
1145,864691136580010516,test,MartFam,MartFam,3.864926,3.1034818
6662,864691135464991645,train,thalamocortical,thalamocortical,1.7211524,5.471906
3650,864691135739131780,train,MartFam,MartFam,6.837777,6.107689
375,864691135293096118,train,NglFam,NglFam,4.5599637,6.51259
182,864691135119335645,train,thalamocortical,thalamocortical,1.8362412,6.966078
1013,864691135342585541,train,L4IT,pyramidal,5.9931746,9.238135
352,864691135014734486,train,L4IT,pyramidal,6.608282,7.1090302
22,864691135132887456,test,NglFam,NglFam,8.680687,3.9693666
1536,864691135928029966,train,thalamocortical,thalamocortical,2.0065873,5.0219665
166,864691135840033171,train,NglFam,NglFam,2.8595486,7.6847267
1132,864691135940881830,train,MartFam,MartFam,9.154545,3.380181
246,864691135212863360,train,MartFam,MartFam,7.984841,9.650671
44,864691135742677867,train,BipFam,BipFam,4.0908723,3.8374119
457,864691135209280633,train,L4IT,pyramidal,6.938781,7.5368123
3611,864691135309486662,train,BasketFam,BasketFam,-0.10823568,6.710217
437,864691135878407251,train,BasketFam,BasketFam,3.4690492,9.666893
1051,864691136438216350,train,BasketFam,BasketFam,-0.37116644,3.4463515
405,864691134886499066,train,L4IT,pyramidal,7.494727,6.2378807
137,864691136034199739,train,BipFam,BipFam,4.0547366,10.08909
121,864691135990564864,train,NglFam,NglFam,8.175219,3.0978568
59,864691135106309709,train,NglFam,NglFam,7.863462,9.75616
2694,864691135997428394,test,thalamocortical,thalamocortical,1.4654695,5.6733413
32,864691135703164283,train,L4IT,pyramidal,8.091271,8.737587
6001,864691136914542577,train,MartFam,MartFam,1.9933783,4.033771
2264,864691135782873936,test,thalamocortical,thalamocortical,4.284012,7.8678694
1845,864691135783317840,train,thalamocortical,thalamocortical,3.3748133,6.263257
3129,864691135689015264,train,thalamocortical,thalamocortical,2.457544,7.1722407
1787,864691135764890678,train,MartFam,MartFam,5.6463184,5.5713496
2374,864691135470556242,train,MartFam,MartFam,9.009697,2.6951678
4052,864691136138695549,train,BasketFam,BasketFam,7.899428,9.718356
229,864691135430290480,train,L4IT,pyramidal,7.532233,7.4195237
1294,864691135562950369,train,BipFam,BipFam,7.288595,4.8944187
671,864691136086632812,train,NglFam,NglFam,6.3838973,3.1289449
99,864691135405337326,test,L3IT,pyramidal,5.9726562,6.260741
3657,864691136118294692,train,thalamocortical,thalamocortical,3.522654,5.6946282
641,864691135929072340,train,L5IT,pyramidal,7.537967,6.2284346
399,864691136927801674,train,L4IT,pyramidal,5.8796453,8.586397
3783,864691135119335645,train,thalamocortical,thalamocortical,1.3410381,5.670981
2447,864691135346954143,train,MartFam,MartFam,0.94797504,6.417025
4560,864691135464991645,train,thalamocortical,thalamocortical,3.0680075,5.9432783
189,864691135106309709,train,NglFam,NglFam,7.6636214,8.994228
1267,864691136452920319,train,BasketFam,BasketFam,9.106472,8.120509
45,864691136125840678,test,L6CT,pyramidal,8.425572,6.9054437
3759,864691135772774651,test,MartFam,MartFam,3.9879947,4.002974
675,864691134887444986,test,NglFam,NglFam,6.1012506,2.6313066
899,864691136619344859,test,BasketFam,BasketFam,-0.28240857,5.4734077
648,864691135387277397,test,thalamocortical,thalamocortical,8.522793,3.451214
4562,864691135997140906,train,BipFam,BipFam,4.654739,4.736776
157,864691135132887456,test,NglFam,NglFam,9.038923,3.902003
929,864691136007128778,test,MartFam,MartFam,1.0854278,6.6716785
4613,864691135755605197,train,thalamocortical,thalamocortical,5.2550387,5.032457
844,864691134887444986,test,NglFam,NglFam,6.5118732,3.1226602
1015,864691135351159255,train,thalamocortical,thalamocortical,6.4894276,8.615913
1953,864691136813553523,train,BasketFam,BasketFam,9.061873,9.486448
1151,864691136125433894,train,L3IT,pyramidal,4.0596266,5.204774
321,864691135499765267,train,MartFam,MartFam,3.235317,3.5420928
542,864691135566902039,train,BipFam,BipFam,4.335505,6.2860117
5457,864691135686540471,train,BasketFam,BasketFam,-0.57884926,5.4557514
142,864691136042515798,train,L6IT,pyramidal,4.9681344,10.15266
106,864691135990564864,train,NglFam,NglFam,9.390504,3.1118555
569,864691135810297885,train,BipFam,BipFam,6.509459,5.8423586
268,864691135689555680,train,NglFam,NglFam,7.15915,3.3751035
2099,864691135343601093,train,BasketFam,BasketFam,0.00649911,8.170269
3428,864691136033871035,train,thalamocortical,thalamocortical,2.3322456,5.5736775
1157,864691136372954248,test,NglFam,NglFam,8.50142,5.7024007
1580,864691135369668089,train,BasketFam,BasketFam,0.33033288,7.145737
8857,864691135210446457,train,MartFam,MartFam,3.7772138,3.3753946
3048,864691136118294692,train,thalamocortical,thalamocortical,5.101644,5.4712663
109,864691135994226881,train,L2IT,pyramidal,9.077627,5.9587893
444,864691135689555680,train,NglFam,NglFam,4.854025,3.4011557
1243,864691135492614239,train,MartFam,MartFam,1.9689239,3.4824166
9,864691135442591048,train,BasketFam,BasketFam,1.2370672,4.0923324
2912,864691135782873936,test,thalamocortical,thalamocortical,7.4800406,7.5742188
184,864691136336204979,train,NglFam,NglFam,8.029871,2.9922779
959,864691135014696182,train,L6IT,pyramidal,5.546028,9.444962
535,864691136033871035,train,thalamocortical,thalamocortical,4.496174,5.3691826
6127,864691136021592568,train,BasketFam,BasketFam,3.1785748,8.926812
404,864691135157198692,train,L4IT,pyramidal,8.4566765,8.789827
264,864691136239793212,test,NglFam,NglFam,9.034257,7.9867153
713,864691135742826603,train,BipFam,BipFam,4.949252,5.99261
1495,864691135294194358,train,thalamocortical,thalamocortical,2.7644036,6.1938553
535,864691135448256146,train,L4IT,pyramidal,7.609544,6.504831
110,864691135274038801,train,L3IT,pyramidal,6.506078,7.478807
2473,864691135464991645,train,thalamocortical,thalamocortical,2.3731878,6.030266
6141,864691136067404440,test,MartFam,MartFam,0.7812725,5.99516
1739,864691135210443897,train,BasketFam,BasketFam,-0.087901965,6.5501037
243,864691135351096279,train,L4IT,pyramidal,4.8843813,10.252254
2748,864691135343506885,train,BipFam,BipFam,7.5810328,6.3847523
4892,864691136033871035,train,thalamocortical,thalamocortical,7.294903,6.8916764
253,864691135528193883,test,BipFam,BipFam,5.9710975,5.007833
5100,864691135480702662,train,MartFam,MartFam,2.704275,3.8991103
688,864691135468948364,train,L3IT,pyramidal,5.4763327,5.496397
3140,864691136007059658,test,BipFam,BipFam,6.406228,4.8164315
908,864691135477104960,train,thalamocortical,thalamocortical,1.8758281,6.9060426
2680,864691135858282030,train,MartFam,MartFam,3.0304852,5.528845
3831,864691135362357319,train,BasketFam,BasketFam,-0.44969797,5.615923
502,864691136927801674,train,L4IT,pyramidal,4.7421727,9.880447
142,864691135659538306,train,thalamocortical,thalamocortical,4.33588,5.912881
1059,864691136523889553,train,BasketFam,BasketFam,-0.13750221,3.750154
126,864691135885917808,train,BasketFam,BasketFam,-0.058181915,4.0839877
18,864691135303514791,train,NglFam,NglFam,8.664789,3.9268417
2192,864691135294194358,train,thalamocortical,thalamocortical,2.3269808,6.8911915
434,864691135303514791,train,NglFam,NglFam,8.761896,3.6190596
707,864691136968109774,test,MartFam,MartFam,3.7922301,4.7296224
646,864691136372954248,test,NglFam,NglFam,7.6029606,5.4321384
8672,864691136011485614,test,BasketFam,BasketFam,3.308324,9.87109
1888,864691136033871035,train,thalamocortical,thalamocortical,5.564946,6.8746824
269,864691135346571423,train,L4IT,pyramidal,4.755635,9.235493
290,864691135997140906,train,BipFam,BipFam,6.217616,6.676773
1437,864691136138695549,train,BasketFam,BasketFam,5.954688,9.250826
625,864691135701746978,test,L4IT,pyramidal,7.730721,7.04051
10347,864691135779780797,test,MartFam,MartFam,3.1509194,3.7238135
1264,864691135742895723,test,BipFam,BipFam,1.988964,8.106739
4457,864691136580010516,test,MartFam,MartFam,3.060647,8.17309
1401,864691135717457946,test,L4IT,pyramidal,2.4850903,6.546229
568,864691136033332155,train,L4IT,pyramidal,5.458677,6.5258965
209,864691136391034487,train,L4IT,pyramidal,7.254347,7.4043093
399,864691135689015264,train,thalamocortical,thalamocortical,6.137948,8.311387
175,864691135503004765,train,BipFam,BipFam,8.097987,4.828056
416,864691135106309709,train,NglFam,NglFam,7.3714924,9.087125
540,864691136118370724,train,L3IT,pyramidal,6.1960754,8.765462
1758,864691136053350131,test,thalamocortical,thalamocortical,3.3542697,6.710035
99,864691135566902039,train,BipFam,BipFam,7.7305446,8.493857
2966,864691135928029966,train,thalamocortical,thalamocortical,5.0339046,5.2663302
152,864691135293096118,train,NglFam,NglFam,7.630324,8.399934
5058,864691135616183499,train,BasketFam,BasketFam,-0.8842408,5.612487
3558,864691136011549614,train,BipFam,BipFam,5.9241233,4.867445
5707,864691135703016059,train,MartFam,MartFam,3.574814,4.35121
10873,864691135779780797,test,MartFam,MartFam,5.825112,3.8397048
347,864691135293096118,train,NglFam,NglFam,3.1521778,7.246255
1057,864691135209280633,train,L4IT,pyramidal,5.604568,7.811713
4885,864691135741889940,train,BasketFam,BasketFam,0.5634271,7.8378563
191,864691136336192947,train,BasketFam,BasketFam,0.16733792,6.2988515
873,864691135866821340,train,thalamocortical,thalamocortical,2.1065466,5.1302404
340,864691135773240571,train,L6CT,pyramidal,5.475744,9.828102
2101,864691135477104960,train,thalamocortical,thalamocortical,4.793317,3.9872923
2059,864691135739131780,train,MartFam,MartFam,6.384102,4.9290805
1225,864691135954480163,train,MartFam,MartFam,9.04646,2.703823
3106,864691136007059658,test,BipFam,BipFam,4.381462,7.575403
2139,864691136145537844,train,BipFam,BipFam,7.7950325,5.2426443
479,864691135132887456,test,NglFam,NglFam,9.050913,6.6145973
566,864691135277501669,train,L4IT,pyramidal,8.823614,7.754069
351,864691136145537844,train,BipFam,BipFam,5.7546124,4.24995
205,864691135470860370,test,BipFam,BipFam,8.367748,6.8330917
2885,864691135235206489,train,MartFam,MartFam,9.004229,2.9258258
4551,864691136011458734,test,BasketFam,BasketFam,-1.2802727,4.9561634
393,864691134887444986,test,NglFam,NglFam,6.22228,4.032993
551,864691136364166370,train,BipFam,BipFam,5.0854626,6.057253
339,864691135809456669,test,L6IT,pyramidal,6.091152,3.9078612
471,864691136086632812,train,NglFam,NglFam,6.215624,4.8859987
2577,864691135511861968,test,MartFam,MartFam,3.2404907,8.824161
2241,864691136007059658,test,BipFam,BipFam,4.097542,10.465547
6369,864691135528046939,train,MartFam,MartFam,6.010933,3.081568
467,864691136196240342,test,BipFam,BipFam,7.5058956,7.688129
1347,864691135477104960,train,thalamocortical,thalamocortical,2.0394814,8.575141
40,864691135996104618,train,BasketFam,BasketFam,-0.8342693,6.262104
2610,864691135569282284,train,MartFam,MartFam,7.703419,9.5989
490,864691135867532933,train,L6IT,pyramidal,8.802596,9.831316
856,864691135566902039,train,BipFam,BipFam,6.3781805,5.6012
1053,864691135271343525,train,BipFam,BipFam,3.2023337,4.924001
1248,864691136025504569,train,L4IT,pyramidal,5.2289095,4.751846
169,864691135303514791,train,NglFam,NglFam,7.9776287,4.159321
1918,864691135764678198,test,MartFam,MartFam,2.8622718,4.4989614
2617,864691135350977751,train,MartFam,MartFam,3.9728005,4.239517
1971,864691135659538306,train,thalamocortical,thalamocortical,2.1143181,6.9013767
5279,864691136011485614,test,BasketFam,BasketFam,0.7577028,7.0216894
39,864691135594101291,test,BasketFam,BasketFam,-0.818459,6.1761737
141,864691135566902039,train,BipFam,BipFam,7.6141715,4.6745825
189,864691135732210873,train,L3IT,pyramidal,5.64816,9.258214
1696,864691135431441968,train,thalamocortical,thalamocortical,2.282696,8.220723
203,864691136086632812,train,NglFam,NglFam,8.125796,4.8181443
1043,864691135997428394,test,thalamocortical,thalamocortical,5.1194153,6.6208515
425,864691136391024144,train,NglFam,NglFam,4.7795787,8.97823
2316,864691135592837899,train,BasketFam,BasketFam,0.2595646,7.437879
1698,864691135703016059,train,MartFam,MartFam,4.583787,2.2155058
1037,864691136110765496,train,MartFam,MartFam,7.4140873,9.655978
1368,864691135562950369,train,BipFam,BipFam,4.8646173,5.515321
202,864691136118878116,train,MartFam,MartFam,2.7690115,4.4436703
907,864691136523971473,train,BipFam,BipFam,6.1757207,9.838794
29,864691135686283703,train,L4IT,pyramidal,5.8060613,8.539086
562,864691134887444986,test,NglFam,NglFam,8.099078,3.9173455
8988,864691136580010516,test,MartFam,MartFam,3.697815,8.774972
6085,864691135464991645,train,thalamocortical,thalamocortical,3.2340436,7.9466515
1895,864691135866821340,train,thalamocortical,thalamocortical,1.4994171,7.0790706
3552,864691136195284556,train,MartFam,MartFam,8.809409,7.5444684
5378,864691136033871035,train,thalamocortical,thalamocortical,6.246236,5.6420608
29,864691135060768923,test,BipFam,BipFam,3.7876992,8.012434
3671,864691135584068717,train,BasketFam,BasketFam,-0.32849076,6.0084095
4544,864691135741641876,test,BasketFam,BasketFam,0.12126141,4.651772
1646,864691135869457430,train,BasketFam,BasketFam,-0.6175002,3.7616563
243,864691135276504549,train,L2IT,pyramidal,7.348005,8.860637
558,864691136391024144,train,NglFam,NglFam,3.576895,8.010432
6047,864691135595810859,train,BasketFam,BasketFam,8.205306,5.194593
332,864691135293096118,train,NglFam,NglFam,3.2217128,7.2858543
35,864691136273370302,train,NglFam,NglFam,6.9051027,7.977625
919,864691135478334888,train,BasketFam,BasketFam,0.847739,7.817294
758,864691135997428394,test,thalamocortical,thalamocortical,3.6258895,6.9398293
457,864691135340141542,test,MartFam,MartFam,6.0964437,8.966765
287,864691136100014453,train,BipFam,BipFam,7.126472,9.5059595
8736,864691135891796617,train,BasketFam,BasketFam,-0.17275956,4.2615614
2559,864691135274708753,train,BasketFam,BasketFam,6.437121,7.6814194
1650,864691135783909427,train,MartFam,MartFam,2.3953526,8.193206
3552,864691136091233847,train,thalamocortical,thalamocortical,3.365635,6.5998325
283,864691136239793212,test,NglFam,NglFam,7.5982656,9.748478
414,864691135866821340,train,thalamocortical,thalamocortical,1.5481337,6.934315
65,864691135545730856,train,BipFam,BipFam,5.3695683,6.339505
278,864691135293096118,train,NglFam,NglFam,4.251381,9.373313
44,864691135132887456,test,NglFam,NglFam,8.714114,2.7430866
383,864691136298111003,test,L4IT,pyramidal,7.443226,6.317484
3336,864691135387529301,test,BasketFam,BasketFam,0.15695164,7.0283833
6787,864691136007059658,test,BipFam,BipFam,7.750038,6.214675
545,864691135875777166,test,BasketFam,BasketFam,0.21706817,3.9045308
2247,864691135464991645,train,thalamocortical,thalamocortical,1.7740539,6.612681
1306,864691135764890678,train,MartFam,MartFam,3.0940695,6.8155665
134,864691135869457430,train,BasketFam,BasketFam,-0.83382905,3.8593202
430,864691136524282001,train,NglFam,NglFam,4.7130885,4.443131
8127,864691134886037498,train,MartFam,MartFam,2.6689987,4.094745
670,864691136195284556,train,MartFam,MartFam,8.921021,9.481178
416,864691135210443897,train,BasketFam,BasketFam,0.42490718,3.6581085
2297,864691135783317840,train,thalamocortical,thalamocortical,3.0528848,8.028205
226,864691136373008520,train,L3IT,pyramidal,7.5634727,6.3647003
5158,864691135755605197,train,thalamocortical,thalamocortical,4.7076726,8.8817625
696,864691136273370302,train,NglFam,NglFam,9.052388,9.239365
4194,864691136445968259,train,BasketFam,BasketFam,2.1100557,4.0172195
5096,864691135464991645,train,thalamocortical,thalamocortical,3.9211106,2.4855888
162,864691136336204979,train,NglFam,NglFam,9.10984,3.1518426
510,864691135783317840,train,thalamocortical,thalamocortical,3.4904993,6.010262
1596,864691136372954248,test,NglFam,NglFam,3.1516144,5.6947937
66,864691135977134403,train,L4IT,pyramidal,7.1429057,9.601723
737,864691136273370302,train,NglFam,NglFam,0.6502416,8.818072
2748,864691136033871035,train,thalamocortical,thalamocortical,2.0832624,5.0865264
1270,864691135686540471,train,BasketFam,BasketFam,-0.8890643,4.4014683
4046,864691135875919502,test,MartFam,MartFam,6.17767,3.0942519
189,864691135134114976,train,L4IT,pyramidal,8.4033985,5.0580487
244,864691135662802416,train,L4IT,pyramidal,4.087115,7.8366
1002,864691136125411622,test,L3IT,pyramidal,5.756108,5.330843
749,864691135782873936,test,thalamocortical,thalamocortical,4.875293,4.6580853
235,864691135106309709,train,NglFam,NglFam,9.010833,9.249413
38,864691135293096118,train,NglFam,NglFam,4.9704785,9.295813
1819,864691136196932172,train,BasketFam,BasketFam,-0.63035583,5.211053
92,864691135518510218,train,NglFam,NglFam,8.402093,2.475294
84,864691136118294692,train,thalamocortical,thalamocortical,2.9719858,4.6814003
81,864691135293096118,train,NglFam,NglFam,4.5639315,8.629184
623,864691136239793212,test,NglFam,NglFam,7.8744283,6.6786866
381,864691135119636189,train,BasketFam,BasketFam,-0.14839028,3.8565156
209,864691135347627423,train,BipFam,BipFam,3.8729339,5.4039574
1676,864691135466333509,train,BasketFam,BasketFam,-1.1273559,4.59743
687,864691136372954248,test,NglFam,NglFam,4.618972,3.556379
395,864691136391024144,train,NglFam,NglFam,5.652505,4.5705447
2292,864691135477104960,train,thalamocortical,thalamocortical,3.4518306,5.4680405
3196,864691136524014993,train,BasketFam,BasketFam,0.0056889555,6.596971
57,864691135566902039,train,BipFam,BipFam,3.7873936,8.186015
399,864691135309628742,train,L5IT,pyramidal,8.671987,7.843638
5,864691135810297885,train,BipFam,BipFam,5.1984773,10.363552
1934,864691135561699041,train,MartFam,MartFam,2.7749715,7.629594
1061,864691136058602712,train,thalamocortical,thalamocortical,7.0825057,6.4157147
4186,864691136007059658,test,BipFam,BipFam,7.874796,6.55896
15184,864691135779780797,test,MartFam,MartFam,4.859396,2.610779
744,864691135106309709,train,NglFam,NglFam,8.793421,8.804664
1114,864691135136735001,train,L4IT,pyramidal,3.875267,8.850458
7681,864691135477104960,train,thalamocortical,thalamocortical,2.6767094,7.9910035
4935,864691135755605197,train,thalamocortical,thalamocortical,2.0867925,7.1436434
232,864691136336204979,train,NglFam,NglFam,3.411947,4.9495935
147,864691134887444986,test,NglFam,NglFam,6.5287766,4.944775
203,864691135511324169,train,BipFam,BipFam,3.350042,5.4880424
1401,864691135891690121,train,BasketFam,BasketFam,-0.33707383,5.488271
219,864691135214970752,train,BipFam,BipFam,3.4584708,8.43705
4890,864691136524014993,train,BasketFam,BasketFam,0.18831538,7.2565885
1729,864691135404765166,train,MartFam,MartFam,7.698205,7.627251
2870,864691135689015264,train,thalamocortical,thalamocortical,1.4603482,5.954573
902,864691136025504569,train,L4IT,pyramidal,4.5815043,7.981255
692,864691135689555680,train,NglFam,NglFam,3.2629924,7.010406
138,864691135990564864,train,NglFam,NglFam,8.100618,2.7956486
615,864691135742677867,train,BipFam,BipFam,4.4435353,3.6848934
102,864691135611140359,test,L4IT,pyramidal,5.8357806,9.316165
8134,864691136330880234,train,MartFam,MartFam,5.4392743,7.805717
2526,864691136925008100,train,BipFam,BipFam,5.7656384,6.421929
188,864691136196240342,test,BipFam,BipFam,4.623831,8.690955
324,864691135810297885,train,BipFam,BipFam,6.3450875,9.808107
605,864691135997140906,train,BipFam,BipFam,8.548469,4.70439
1470,864691135271343525,train,BipFam,BipFam,4.364997,4.3738785
661,864691135431648048,train,L4IT,pyramidal,6.8125877,7.159699
26,864691136118430628,train,BipFam,BipFam,2.9920187,6.1501265
310,864691135132887456,test,NglFam,NglFam,4.118899,5.0027947
467,864691136273370302,train,NglFam,NglFam,6.1797466,9.840647
4513,864691136211068860,train,BasketFam,BasketFam,0.27141234,6.0762467
1909,864691135689015264,train,thalamocortical,thalamocortical,3.699703,7.2294617
721,864691136229363025,train,L4IT,pyramidal,6.1578684,5.863098
762,864691136110765496,train,MartFam,MartFam,8.92136,4.3762
588,864691135655472066,train,L4IT,pyramidal,7.8636684,7.6079717
213,864691135015425942,test,BipFam,BipFam,3.8729644,8.265132
329,864691136914414321,train,L2IT,pyramidal,6.189742,3.7810693
2877,864691135470255698,train,thalamocortical,thalamocortical,1.7889814,5.4051905
5432,864691135362357319,train,BasketFam,BasketFam,-0.49615428,4.9326663
685,864691135476311616,test,L4IT,pyramidal,7.853434,4.6184263
4174,864691136288755395,train,thalamocortical,thalamocortical,3.3564842,4.8494363
1129,864691135717457946,test,L4IT,pyramidal,7.38824,6.9382863
2852,864691135878586963,test,thalamocortical,thalamocortical,5.256193,9.113961
2679,864691136033871035,train,thalamocortical,thalamocortical,1.9823427,4.951296
223,864691135689555680,train,NglFam,NglFam,7.907594,3.9132936
584,864691135384285931,train,L4IT,pyramidal,8.198997,8.886983
5365,864691135464991645,train,thalamocortical,thalamocortical,2.0314097,6.9072604
340,864691135271343525,train,BipFam,BipFam,3.257981,4.8679695
580,864691136228538961,train,L5IT,pyramidal,4.7191215,8.292249
182,864691135662059760,train,L4IT,pyramidal,6.1783433,7.7614036
176,864691136725353725,train,L6CT,pyramidal,8.147322,4.6473036
172,864691135742189163,test,L4IT,pyramidal,5.518602,7.9634094
861,864691136372954248,test,NglFam,NglFam,3.5221648,4.4181395
4612,864691135990672896,train,MartFam,MartFam,3.8381674,8.724813
1125,864691135271343525,train,BipFam,BipFam,3.613516,4.991619
442,864691136118878116,train,MartFam,MartFam,2.8128362,6.0534472
760,864691135503448898,train,L6IT,pyramidal,4.6623383,9.345443
6331,864691135477104960,train,thalamocortical,thalamocortical,4.294825,7.8300767
593,864691136603171281,train,L4IT,pyramidal,8.560233,8.010991
619,864691136288752835,train,thalamocortical,thalamocortical,3.332324,8.852425
395,864691134887444986,test,NglFam,NglFam,8.377342,4.6746445
310,864691136330122730,train,L5IT,pyramidal,9.072014,5.665365
5004,864691136196932172,train,BasketFam,BasketFam,-0.73471606,4.02803
327,864691135591664907,train,L4IT,pyramidal,7.6426044,9.679486
104,864691136596815778,train,L2IT,pyramidal,5.75027,6.0417514
124,864691135511486985,train,L4IT,pyramidal,5.220421,6.186962
1638,864691135772774651,test,MartFam,MartFam,5.070874,6.3632827
2576,864691136007059658,test,BipFam,BipFam,5.7244854,7.512832
3868,864691135346954143,train,MartFam,MartFam,1.3035564,6.100508
48,864691135755605197,train,thalamocortical,thalamocortical,2.9275079,7.543359
2562,864691135994158785,test,MartFam,MartFam,1.4402565,6.5992126
336,864691135132887456,test,NglFam,NglFam,8.398254,3.2204182
144,864691136372954248,test,NglFam,NglFam,7.273615,4.974914
284,864691136273370302,train,NglFam,NglFam,5.1194305,10.058361
5817,864691135858282030,train,MartFam,MartFam,3.553514,3.0664413
253,864691135948215076,test,BipFam,BipFam,0.5626873,6.039069
403,864691135686399415,train,BipFam,BipFam,4.7463427,4.640553
250,864691136144674612,train,L3IT,pyramidal,5.1830535,8.486654
2671,864691135384716762,train,MartFam,MartFam,3.2330081,4.0093684
378,864691136927366986,train,thalamocortical,thalamocortical,3.2929761,6.026976
2422,864691136091233847,train,thalamocortical,thalamocortical,7.4080024,8.710669
4446,864691136312445786,train,BasketFam,BasketFam,-0.2227516,3.5586464
2336,864691135616183499,train,BasketFam,BasketFam,0.012442765,6.5366893
498,864691136118430628,train,BipFam,BipFam,5.9534683,6.812291
36,864691134887444986,test,NglFam,NglFam,8.180496,2.9581852
7431,864691135271967397,train,MartFam,MartFam,3.2068706,5.506596
1466,864691136145572404,train,BipFam,BipFam,-0.6155796,5.5109224
10695,864691135480702662,train,MartFam,MartFam,5.680697,3.601868
497,864691136100014453,train,BipFam,BipFam,6.3097215,8.261479
497,864691135996891050,test,BipFam,BipFam,3.1997797,7.2008896
1927,864691135866821340,train,thalamocortical,thalamocortical,5.5842032,8.505011
982,864691136012173475,test,BipFam,BipFam,7.955375,6.611375
155,864691135303514791,train,NglFam,NglFam,9.115232,3.572304
1422,864691136120465944,train,thalamocortical,thalamocortical,1.1966593,5.701647
1441,864691135404765166,train,MartFam,MartFam,9.456224,3.15747
9,864691136925094628,test,L4IT,pyramidal,5.421895,9.635468
3876,864691135996104618,train,BasketFam,BasketFam,0.82683647,4.1481857
3361,864691135739131780,train,MartFam,MartFam,7.3139124,5.690211
318,864691135750649129,train,L4IT,pyramidal,8.11197,7.628126
642,864691136138756221,train,BipFam,BipFam,5.445619,3.845947
111,864691136524282001,train,NglFam,NglFam,5.0352077,8.025582
4738,864691135294194358,train,thalamocortical,thalamocortical,2.4265604,8.09922
227,864691135359413848,train,BipFam,BipFam,7.272355,9.889841
1493,864691136288755395,train,thalamocortical,thalamocortical,3.8601873,8.651603
799,864691136288755395,train,thalamocortical,thalamocortical,1.6436144,6.938595
157,864691135727686463,train,BipFam,BipFam,5.8653026,8.8136015
1393,864691135014258070,train,BasketFam,BasketFam,0.2042829,7.6992836
165,864691135751149353,train,L4IT,pyramidal,7.6380463,9.744478
172,864691135751110185,train,L4IT,pyramidal,6.920849,9.215512
260,864691135503836253,train,L4IT,pyramidal,5.4867897,5.2144184
202,864691136025992761,train,BipFam,BipFam,6.8118787,6.3942976
1415,864691136145572404,train,BipFam,BipFam,3.116588,4.726096
113,864691135495529360,test,BasketFam,BasketFam,1.09146,8.442501
70,864691137198382657,train,L2IT,pyramidal,4.8805637,8.144365
927,864691135492600167,train,BasketFam,BasketFam,-0.14468336,7.993973
395,864691135977768259,train,BasketFam,BasketFam,-0.901497,4.4007354
1214,864691135214970752,train,BipFam,BipFam,5.7510448,5.092276
5234,864691135470255698,train,thalamocortical,thalamocortical,5.674162,4.1804333
1760,864691136390675216,train,BasketFam,BasketFam,0.64780414,5.963177
1292,864691136288755395,train,thalamocortical,thalamocortical,6.102249,6.0107737
475,864691135616183499,train,BasketFam,BasketFam,-0.48692083,4.6608796
8315,864691135464991645,train,thalamocortical,thalamocortical,1.4941019,6.628594
112,864691135778081453,train,thalamocortical,thalamocortical,2.5107815,6.628203
195,864691135840033171,train,NglFam,NglFam,3.825305,7.7070932
1637,864691135496444816,train,BasketFam,BasketFam,-0.8227637,5.5176544
3954,864691135858282030,train,MartFam,MartFam,3.0849993,4.0940433
499,864691135212863360,train,MartFam,MartFam,6.883431,8.9695215
1025,864691135892233097,train,BasketFam,BasketFam,-0.003208884,3.8991666
580,864691135689555680,train,NglFam,NglFam,3.6964679,4.4487114
400,864691136372954248,test,NglFam,NglFam,4.3965816,5.013552
1310,864691136058602712,train,thalamocortical,thalamocortical,2.2607615,5.9606466
1656,864691136390905207,train,MartFam,MartFam,5.5138125,3.727117
4358,864691135584019053,test,MartFam,MartFam,2.8144445,7.647236
623,864691136086632812,train,NglFam,NglFam,5.7982197,4.307855
955,864691136925008100,train,BipFam,BipFam,9.147685,5.493892
3269,864691136033871035,train,thalamocortical,thalamocortical,3.5350246,8.694725
2938,864691135997140906,train,BipFam,BipFam,4.5746517,8.208144
9450,864691135346954143,train,MartFam,MartFam,5.5471644,3.132403
1199,864691136093003700,train,L5IT,pyramidal,6.364201,6.1996317
74,864691135689555680,train,NglFam,NglFam,8.877957,3.7369347
625,864691136445557123,test,L4IT,pyramidal,7.112817,9.552779
81,864691136239793212,test,NglFam,NglFam,9.367257,8.674154
1196,864691135361291591,train,MartFam,MartFam,4.085926,4.711774
2078,864691135866821340,train,thalamocortical,thalamocortical,6.47174,3.3241677
5310,864691135891796617,train,BasketFam,BasketFam,-1.0837139,4.283802
5196,864691136011458734,test,BasketFam,BasketFam,0.0846249,7.5630746
66,864691135994158785,test,MartFam,MartFam,7.6281433,8.518187
1074,864691135214970752,train,BipFam,BipFam,4.2400193,4.4023824
303,864691135442606920,train,L2IT,pyramidal,7.9023223,6.4198437
155,864691135106309709,train,NglFam,NglFam,9.176175,8.212567
1721,864691135447979922,train,BipFam,BipFam,3.5557408,4.2768545
710,864691136421324951,train,L4IT,pyramidal,3.0506532,7.9693375
29,864691135115269785,train,L6CT,pyramidal,4.232448,10.279359
23,864691135309733190,train,NglFam,NglFam,9.101797,3.2004607
1216,864691136372954248,test,NglFam,NglFam,4.025159,6.392524
187,864691136288755395,train,thalamocortical,thalamocortical,6.837193,6.4034395
265,864691135389195393,train,L4IT,pyramidal,6.1046877,6.98394
4621,864691135939776309,train,MartFam,MartFam,5.9522605,3.7804255
252,864691136273370302,train,NglFam,NglFam,8.357411,9.223485
1119,864691135561699041,train,MartFam,MartFam,3.020174,3.8100772
744,864691136034412219,train,MartFam,MartFam,8.959925,3.2834861
846,864691135499964947,test,L5IT,pyramidal,6.434099,8.956779
2194,864691135817803599,test,BasketFam,BasketFam,-1.2238172,4.130024
3165,864691136053350131,test,thalamocortical,thalamocortical,1.750035,6.721713
1369,864691135271967397,train,MartFam,MartFam,1.2496982,6.0331187
58,864691135778116013,train,BasketFam,BasketFam,-0.13693097,5.328527
3419,864691135477104960,train,thalamocortical,thalamocortical,2.082794,5.2539053
2139,864691135997140906,train,BipFam,BipFam,4.6365585,7.271023
118,864691135405480430,train,BasketFam,BasketFam,0.26867783,5.84711
386,864691136314448701,test,L4IT,pyramidal,4.347418,5.2181816
201,864691135210134905,test,L2IT,pyramidal,9.09996,8.796102
771,864691135511486985,train,L4IT,pyramidal,7.108848,5.616813
192,864691135778773856,train,BipFam,BipFam,6.7849007,6.8813386
3354,864691137022180974,test,MartFam,MartFam,3.0551302,7.0496387
1208,864691136137064075,train,BipFam,BipFam,4.80435,6.812958
214,864691135014696182,train,L6IT,pyramidal,3.783395,9.3584385
6638,864691136914542577,train,MartFam,MartFam,5.727773,4.243291
1371,864691136372954248,test,NglFam,NglFam,3.965362,4.5900235
431,864691136011549614,train,BipFam,BipFam,5.91807,4.166025
995,864691135954582563,train,MartFam,MartFam,4.475817,5.58369
325,864691136380718037,train,L6IT,pyramidal,4.236514,9.941957
1568,864691136195796182,test,BasketFam,BasketFam,-0.43169722,6.2305856
820,864691135993185985,test,BasketFam,BasketFam,-0.9025768,3.7912116
1953,864691136523971473,train,BipFam,BipFam,5.250186,4.520466
68,864691135689555680,train,NglFam,NglFam,7.4447327,4.8990574
14,864691136239793212,test,NglFam,NglFam,6.2018523,8.981535
3910,864691135446065810,train,MartFam,MartFam,4.9088254,8.834733
87,864691135309733190,train,NglFam,NglFam,8.969083,2.7339053
2534,864691136195284556,train,MartFam,MartFam,6.6158752,5.186241
5140,864691135858282030,train,MartFam,MartFam,1.5106093,6.2340508
790,864691135343506885,train,BipFam,BipFam,9.336868,7.798892
394,864691135518989962,train,L2IT,pyramidal,6.327568,5.157599
280,864691136925008100,train,BipFam,BipFam,7.907478,3.4390972
2242,864691135470255698,train,thalamocortical,thalamocortical,5.359949,4.219579
405,864691136239068732,train,L3IT,pyramidal,9.526858,8.806892
6619,864691136211068860,train,BasketFam,BasketFam,1.2135602,3.9004598
808,864691136372954248,test,NglFam,NglFam,4.2641764,4.968376
2760,864691135387551061,train,BasketFam,BasketFam,-0.014392724,6.5523005
862,864691135343506885,train,BipFam,BipFam,9.185478,4.9401994
640,864691135726077611,train,L4IT,pyramidal,7.6773114,6.036597
111,864691135293096118,train,NglFam,NglFam,3.9707038,9.909153
48,864691135518510218,train,NglFam,NglFam,8.489814,5.5521607
2954,864691135274708753,train,BasketFam,BasketFam,5.5796566,8.727446
2889,864691135782873936,test,thalamocortical,thalamocortical,2.0288846,6.804286
1400,864691136372954248,test,NglFam,NglFam,6.095278,3.4230084
1947,864691135783317840,train,thalamocortical,thalamocortical,4.967467,7.5719786
287,864691135801463650,train,L3IT,pyramidal,7.8861456,8.055363
218,864691134941412707,train,L3IT,pyramidal,8.147734,8.302213
2214,864691136007059658,test,BipFam,BipFam,3.2147326,5.7314243
910,864691136603935441,train,BasketFam,BasketFam,8.80351,9.275508
1216,864691136110765496,train,MartFam,MartFam,9.004885,3.2581248
588,864691135727929663,train,BasketFam,BasketFam,9.028431,6.649138
308,864691136925825354,test,BasketFam,BasketFam,-0.24467896,4.0120225
58,864691135954940424,train,BipFam,BipFam,5.016592,8.429154
281,864691136026013497,train,BipFam,BipFam,-0.0017609493,3.4418795
479,864691135566824983,test,BipFam,BipFam,5.497373,5.0593863
185,864691135693735103,train,NglFam,NglFam,9.533972,9.134714
51,864691135060768923,test,BipFam,BipFam,7.8244305,9.587593
57,864691136145537844,train,BipFam,BipFam,9.287025,8.662076
3063,864691135703016059,train,MartFam,MartFam,4.393854,2.4042158
603,864691136229366097,test,BasketFam,BasketFam,-0.010139475,6.103872
6872,864691135456535658,train,MartFam,MartFam,4.4139414,3.1588006
521,864691136391024144,train,NglFam,NglFam,3.3413205,4.0084825
332,864691135499964947,test,L5IT,pyramidal,5.848059,9.9644165
504,864691135210446457,train,MartFam,MartFam,1.1414711,5.6063356
5359,864691135470255698,train,thalamocortical,thalamocortical,2.1980438,7.0372734
860,864691135689555680,train,NglFam,NglFam,8.420141,5.416824
449,864691135106309709,train,NglFam,NglFam,9.484233,8.0159025
2937,864691135470255698,train,thalamocortical,thalamocortical,0.7098749,8.406474
879,864691135431441968,train,thalamocortical,thalamocortical,2.1647236,5.136782
194,864691135742895723,test,BipFam,BipFam,4.3460703,3.8292701
5737,864691135689296608,train,BasketFam,BasketFam,0.33687645,5.5678587
1671,864691135997428394,test,thalamocortical,thalamocortical,3.2192557,8.426149
187,864691136211068860,train,BasketFam,BasketFam,-1.2971061,4.221539
522,864691135119636189,train,BasketFam,BasketFam,7.463772,10.460837
159,864691135742097044,train,L4IT,pyramidal,7.422708,6.5292315
59,864691135890948233,train,L4IT,pyramidal,7.038042,7.1960516
21,864691136118430628,train,BipFam,BipFam,6.0959177,4.532135
6270,864691136330880234,train,MartFam,MartFam,4.063942,4.724843
2477,864691135685030130,train,thalamocortical,thalamocortical,5.579497,4.755261
3285,864691135689015264,train,thalamocortical,thalamocortical,2.0882158,5.9634714
1705,864691135431441968,train,thalamocortical,thalamocortical,1.7158616,5.5108986
1754,864691135783317840,train,thalamocortical,thalamocortical,4.311129,5.334968
332,864691136524282001,train,NglFam,NglFam,4.732058,3.7395303
2962,864691135235206489,train,MartFam,MartFam,8.894134,3.5553699
382,864691136196265704,train,L4IT,pyramidal,8.555302,9.907285
1105,864691135465795653,train,BasketFam,BasketFam,-0.17499141,7.497551
675,864691135511861968,test,MartFam,MartFam,7.10861,9.981617
115,864691136118430628,train,BipFam,BipFam,6.307156,8.268579
2577,864691136914542577,train,MartFam,MartFam,4.3043747,3.4435163
319,864691135106309709,train,NglFam,NglFam,8.515207,9.273622
941,864691136288755395,train,thalamocortical,thalamocortical,1.7446481,6.8384023
571,864691135659538306,train,thalamocortical,thalamocortical,6.15721,6.368035
57,864691136239793212,test,NglFam,NglFam,8.041272,6.7296915
3468,864691136390905207,train,MartFam,MartFam,5.607452,5.0466204
4,864691135456493418,test,BipFam,BipFam,6.208981,9.437976
291,864691135105879117,train,L5ET,pyramidal,5.0710187,9.940441
357,864691135132887456,test,NglFam,NglFam,9.355435,3.122666
10430,864691135210446457,train,MartFam,MartFam,4.8383403,2.7501116
489,864691135342958789,train,L4IT,pyramidal,4.8578224,6.6435866
359,864691135839843475,train,BipFam,BipFam,6.68945,5.5111895
258,864691135810297885,train,BipFam,BipFam,7.9157968,9.423951
133,864691136524282001,train,NglFam,NglFam,8.077019,2.834713
470,864691135577816862,train,L4IT,pyramidal,4.9062243,7.368331
164,864691135562842337,test,L3IT,pyramidal,6.5773096,3.2989063
445,864691136011549614,train,BipFam,BipFam,7.931279,7.1991997
906,864691135885917808,train,BasketFam,BasketFam,7.3850856,9.682232
1762,864691135350977751,train,MartFam,MartFam,9.04017,3.0699632
6266,864691135562001633,train,MartFam,MartFam,-0.8575825,3.9777257
1042,864691136336192947,train,BasketFam,BasketFam,-0.76306623,4.6597314
1,864691135840033171,train,NglFam,NglFam,3.026298,8.739863
1582,864691135772774651,test,MartFam,MartFam,6.495261,4.3575673
450,864691136380816597,test,L4IT,pyramidal,8.029257,6.4464083
1378,864691135741960340,train,BasketFam,BasketFam,0.08028765,8.35855
233,864691135339729894,train,L4IT,pyramidal,6.2447195,6.9924254
74,864691136391024144,train,NglFam,NglFam,3.8137171,7.8935876
2834,864691135477104960,train,thalamocortical,thalamocortical,2.132942,6.687889
5977,864691135997428394,test,thalamocortical,thalamocortical,4.7911367,4.7707915
879,864691135689555680,train,NglFam,NglFam,8.147132,2.9489827
5016,864691135618332265,train,BasketFam,BasketFam,-0.6066126,3.6559489
217,864691135060882843,train,L4IT,pyramidal,7.2903705,8.331932
2488,864691135725779883,train,BasketFam,BasketFam,7.2328897,9.970084
2467,864691135470255698,train,thalamocortical,thalamocortical,5.0471673,5.1334395
407,864691135480652998,train,L5IT,pyramidal,4.416727,10.047908
196,864691135839999379,train,BipFam,BipFam,9.354914,5.0001044
6897,864691136007059658,test,BipFam,BipFam,6.4998503,3.9223804
761,864691136312057178,train,BasketFam,BasketFam,-0.27226135,5.603675
6181,864691136007059658,test,BipFam,BipFam,3.2666414,5.7818766
758,864691135214643256,test,L6IT,pyramidal,8.6805525,9.832571
3277,864691135659538306,train,thalamocortical,thalamocortical,2.119065,5.30612
36,864691136665051614,train,L2IT,pyramidal,7.8057523,7.995456
1119,864691136372954248,test,NglFam,NglFam,4.319632,3.7339466
887,864691134949248508,test,L5IT,pyramidal,9.444319,8.887707
3355,864691135477104960,train,thalamocortical,thalamocortical,3.0235953,8.196776
314,864691136391034487,train,L4IT,pyramidal,2.7597976,7.515979
346,864691135878586963,test,thalamocortical,thalamocortical,2.8080802,6.739673
3201,864691135741889940,train,BasketFam,BasketFam,-0.54123014,6.3030477
2207,864691136138695549,train,BasketFam,BasketFam,-0.7411085,4.9042964
875,864691135689555680,train,NglFam,NglFam,8.965073,4.703972
2588,864691135782873936,test,thalamocortical,thalamocortical,4.4794936,8.354537
2060,864691135119335645,train,thalamocortical,thalamocortical,6.511716,6.5588064
3137,864691135659538306,train,thalamocortical,thalamocortical,5.827605,4.364011
19,864691135356708303,train,MartFam,MartFam,4.2185535,9.738838
459,864691135293096118,train,NglFam,NglFam,2.9708903,7.2602453
1423,864691135853090503,test,BasketFam,BasketFam,-0.28052372,6.1198792
4625,864691135477104960,train,thalamocortical,thalamocortical,2.0997202,8.47165
83,864691135134585248,train,BipFam,BipFam,4.9929166,7.436124
753,864691136238652476,train,MartFam,MartFam,8.863273,2.5315363
1032,864691136137064075,train,BipFam,BipFam,7.236756,9.139102
5102,864691136138622333,train,BasketFam,BasketFam,-0.4649648,4.72802
3658,864691135470255698,train,thalamocortical,thalamocortical,1.8359841,5.2643847
318,864691135772920651,train,L4IT,pyramidal,8.967075,9.433486
338,864691136389688695,test,L2IT,pyramidal,9.086484,6.108347
217,864691136523472529,train,L4IT,pyramidal,4.579972,10.098488
3862,864691136053350131,test,thalamocortical,thalamocortical,2.2890706,5.198271
1680,864691136927366986,train,thalamocortical,thalamocortical,2.2622535,5.226302
4647,864691135388984961,train,BasketFam,BasketFam,1.0071864,3.9162934
36,864691135209280633,train,L4IT,pyramidal,6.042002,4.997097
535,864691136330880234,train,MartFam,MartFam,5.835874,5.1942377
1384,864691136523971473,train,BipFam,BipFam,7.235414,3.4359312
4299,864691135210446457,train,MartFam,MartFam,6.1216297,3.3661532
2217,864691135990793216,train,MartFam,MartFam,9.029854,5.108422
98,864691135685030130,train,thalamocortical,thalamocortical,2.2153165,4.790079
3041,864691136195796182,test,BasketFam,BasketFam,-1.0939064,4.0285287
20,864691135342541509,train,L4IT,pyramidal,9.119868,8.642281
7083,864691136006393034,train,MartFam,MartFam,5.196439,5.1821346
134,864691136372954248,test,NglFam,NglFam,5.4119816,3.0993052
882,864691135689555680,train,NglFam,NglFam,4.7178807,4.220883
168,864691136391024144,train,NglFam,NglFam,3.7306213,9.256295
204,864691135350977751,train,MartFam,MartFam,8.559507,3.2940264
3050,864691136007059658,test,BipFam,BipFam,6.1958933,5.33726
4414,864691135584019053,test,MartFam,MartFam,2.8432956,3.9585931
7197,864691136011485614,test,BasketFam,BasketFam,0.5892561,6.847592
1368,864691135387277397,test,thalamocortical,thalamocortical,4.527214,7.3767953
329,864691136524282001,train,NglFam,NglFam,-0.11558358,3.5850165
1452,864691136312057178,train,BasketFam,BasketFam,-0.7644935,3.6674764
4434,864691135779780797,test,MartFam,MartFam,8.417876,6.9795575
9746,864691135210446457,train,MartFam,MartFam,5.105645,2.8993528
6221,864691136138695549,train,BasketFam,BasketFam,-0.1554622,7.9661493
351,864691135810297885,train,BipFam,BipFam,6.520426,9.838878
104,864691135518173395,train,L4IT,pyramidal,9.044096,6.2896266
3103,864691135853090503,test,BasketFam,BasketFam,-0.016695525,6.02385
2375,864691136007059658,test,BipFam,BipFam,6.596129,5.363391
418,864691135742824555,train,BipFam,BipFam,7.247472,6.949437
7456,864691135210446457,train,MartFam,MartFam,3.18403,4.3063903
2552,864691135703016059,train,MartFam,MartFam,5.45525,3.4647484
1590,864691135294194358,train,thalamocortical,thalamocortical,2.1924279,7.332772
3368,864691135689015264,train,thalamocortical,thalamocortical,3.761143,2.5600474
26,864691136041321982,train,MartFam,MartFam,8.840564,2.5448458
122,864691135106309709,train,NglFam,NglFam,6.0781507,8.85576
496,864691135946994785,train,BasketFam,BasketFam,7.3288736,10.426178
328,864691135430290480,train,L4IT,pyramidal,6.202451,7.6852303
913,864691135503782210,test,BipFam,BipFam,8.997731,7.816667
1500,864691135562950369,train,BipFam,BipFam,5.242572,5.938053
4299,864691135920591792,train,BasketFam,BasketFam,0.360076,5.8388534
4114,864691135997140906,train,BipFam,BipFam,5.125201,7.6707873
87,864691135375655880,train,BipFam,BipFam,3.8218386,6.6390495
4327,864691135941898918,train,MartFam,MartFam,8.629416,4.31702
368,864691135689555680,train,NglFam,NglFam,4.7809997,8.387205
1085,864691135742668395,train,MartFam,MartFam,6.303787,8.502191
4064,864691136390675216,train,BasketFam,BasketFam,-0.7721038,5.2804856
2399,864691135866821340,train,thalamocortical,thalamocortical,2.3592904,5.738673
18,864691135546902056,train,L3IT,pyramidal,7.564513,7.0196037
474,864691135783909427,train,MartFam,MartFam,4.3576756,8.684382
890,864691135336055529,train,L4IT,pyramidal,4.683611,9.623001
161,864691136273370302,train,NglFam,NglFam,6.0950165,9.465068
2318,864691135470255698,train,thalamocortical,thalamocortical,1.498009,6.4820857
0,864691136288755395,train,thalamocortical,thalamocortical,2.6151278,4.5205555
291,864691135997428394,test,thalamocortical,thalamocortical,0.8321241,7.589044
16,864691135742824555,train,BipFam,BipFam,2.410849,6.524249
3601,864691135755605197,train,thalamocortical,thalamocortical,4.6521516,5.539293
1695,864691135343506885,train,BipFam,BipFam,7.6050735,3.394317
422,864691136239793212,test,NglFam,NglFam,8.277661,9.299265
176,864691136372954248,test,NglFam,NglFam,6.2101865,5.194424
2954,864691136007059658,test,BipFam,BipFam,5.9361124,4.434701
781,864691135689555680,train,NglFam,NglFam,4.175733,4.123905
1590,864691136091233847,train,thalamocortical,thalamocortical,1.8340691,8.264599
331,864691135466158917,test,L2IT,pyramidal,7.1121297,6.0476046
981,864691135474179378,test,MartFam,MartFam,4.347294,9.204006
971,864691135470860370,test,BipFam,BipFam,9.36695,7.968188
188,864691135689555680,train,NglFam,NglFam,8.108641,2.6019654
499,864691135275949029,train,L2IT,pyramidal,4.8776603,9.995371
515,864691136273370302,train,NglFam,NglFam,3.8707542,10.353815
283,864691136058602712,train,thalamocortical,thalamocortical,0.079478614,3.594928
2487,864691136523971473,train,BipFam,BipFam,8.290411,5.8010716
444,864691134887444986,test,NglFam,NglFam,6.989184,4.9562764
1072,864691135545730856,train,BipFam,BipFam,4.7287703,9.960139
188,864691134989909114,test,MartFam,MartFam,8.719015,3.1530552
2345,864691136053350131,test,thalamocortical,thalamocortical,1.8486168,5.25758
2344,864691136058602712,train,thalamocortical,thalamocortical,3.664775,7.6249843
466,864691134887444986,test,NglFam,NglFam,7.2069545,3.4604685
5678,864691136390828919,train,MartFam,MartFam,3.12585,5.9377685
6535,864691135858282030,train,MartFam,MartFam,3.153785,3.7017696
1563,864691136372954248,test,NglFam,NglFam,5.97493,3.5301886
574,864691136011549614,train,BipFam,BipFam,5.5271616,7.321551
94,864691135686399415,train,BipFam,BipFam,6.1027074,4.8466077
2683,864691136011549614,train,BipFam,BipFam,4.9538317,8.04197
2418,864691136033871035,train,thalamocortical,thalamocortical,4.049774,5.1535845
628,864691134887444986,test,NglFam,NglFam,7.094867,5.7715
3033,864691136011458734,test,BasketFam,BasketFam,0.08495606,6.68778
290,864691136381301461,train,L4IT,pyramidal,7.7330556,8.885541
2144,864691135571546917,train,MartFam,MartFam,2.6279352,4.745072
142,864691135446065810,train,MartFam,MartFam,0.32073668,7.57665
313,864691135996891050,test,BipFam,BipFam,9.3078375,8.685095
2310,864691135869457430,train,BasketFam,BasketFam,-0.3122985,6.1568027
482,864691135215078712,train,BipFam,BipFam,5.7088184,4.925992
3642,864691135778081453,train,thalamocortical,thalamocortical,4.305577,5.3317046
18,864691136311106650,train,L5IT,pyramidal,7.6400867,9.065844
6984,864691136595955362,train,MartFam,MartFam,2.717864,4.1289353
377,864691135132887456,test,NglFam,NglFam,4.7368655,7.649781
2423,864691136021592568,train,BasketFam,BasketFam,0.44533962,5.620448
2562,864691135511861968,test,MartFam,MartFam,7.871344,5.646438
1219,864691135431441968,train,thalamocortical,thalamocortical,5.3752513,7.9536104
843,864691135464678206,train,MartFam,MartFam,7.5735054,7.3553567
3617,864691135496262032,train,BasketFam,BasketFam,1.0845399,4.5410094
835,864691135271343525,train,BipFam,BipFam,2.8952093,5.042463
417,864691135183646466,train,L6CT,pyramidal,7.876976,7.1519713
259,864691134887444986,test,NglFam,NglFam,6.480257,5.0796957
3266,864691135659538306,train,thalamocortical,thalamocortical,3.0634086,6.031545
467,864691136118337956,train,L4IT,pyramidal,3.6697392,9.439952
2036,864691136523971473,train,BipFam,BipFam,5.4105268,6.313112
5145,864691135869457430,train,BasketFam,BasketFam,-0.024788734,7.867476
1127,864691135720572977,train,MartFam,MartFam,6.4069934,4.378026
210,864691136086632812,train,NglFam,NglFam,5.7949963,3.5263047
1511,864691135499616019,train,BasketFam,BasketFam,-0.17668885,6.397815
117,864691136372954248,test,NglFam,NglFam,6.5766296,4.8694324
295,864691136011549614,train,BipFam,BipFam,6.008644,7.634417
88,864691135992790209,train,BipFam,BipFam,8.331422,7.5197406
3939,864691135470255698,train,thalamocortical,thalamocortical,4.073989,8.383106
145,864691135689555680,train,NglFam,NglFam,7.5382504,4.0003915
428,864691135499752723,train,BasketFam,BasketFam,-1.1168817,3.9013977
25,864691135518510218,train,NglFam,NglFam,9.038087,3.4472647
92,864691136034199739,train,BipFam,BipFam,4.0480742,7.228141
188,864691135741998484,train,L4IT,pyramidal,8.998475,8.998131
1662,864691135373601736,train,BasketFam,BasketFam,0.33572355,8.033337
1585,864691135755605197,train,thalamocortical,thalamocortical,4.953576,5.401784
1214,864691135954480163,train,MartFam,MartFam,6.1941285,2.5701754
183,864691135503782210,test,BipFam,BipFam,3.7754269,10.120614
1479,864691135585989240,train,BasketFam,BasketFam,4.7096496,8.456803
1195,864691136372954248,test,NglFam,NglFam,3.533324,4.062161
458,864691136273370302,train,NglFam,NglFam,7.4828806,10.244176
21,864691136391024144,train,NglFam,NglFam,6.4668217,3.8741224
1378,864691136372954248,test,NglFam,NglFam,3.3084702,4.4916563
6305,864691136007059658,test,BipFam,BipFam,3.1541078,5.296408
1071,864691135656579010,train,L5IT,pyramidal,5.580686,6.1114163
1065,864691136137064075,train,BipFam,BipFam,8.303007,9.728826
928,864691136007059658,test,BipFam,BipFam,5.1012883,4.7346334
532,864691136273370302,train,NglFam,NglFam,8.613005,9.585778
236,864691135586414716,train,L4IT,pyramidal,4.113104,7.403771
7405,864691135464991645,train,thalamocortical,thalamocortical,0.9045109,6.6756063
1258,864691136390905207,train,MartFam,MartFam,6.5775976,3.8792572
2036,864691135492600167,train,BasketFam,BasketFam,7.2109237,10.140631
215,864691135840033171,train,NglFam,NglFam,8.641471,7.9072094
4512,864691135592837899,train,BasketFam,BasketFam,0.21401724,3.7589176
322,864691134887444986,test,NglFam,NglFam,3.5699198,8.240208
431,864691134950156796,train,L2IT,pyramidal,6.911285,7.3746066
4358,864691135464991645,train,thalamocortical,thalamocortical,1.969966,5.4465885
2,864691135946994785,train,BasketFam,BasketFam,0.79698193,4.1527276
211,864691135496444816,train,BasketFam,BasketFam,-0.5938654,5.278533
1250,864691135689015264,train,thalamocortical,thalamocortical,2.2925017,6.272453
1090,864691136914414321,train,L2IT,pyramidal,5.5280566,5.9416785
8,864691135303514791,train,NglFam,NglFam,5.2889743,4.43197
53,864691135106309709,train,NglFam,NglFam,9.489677,7.961067
3761,864691135119335645,train,thalamocortical,thalamocortical,2.4417357,6.578024
1196,864691135755707597,train,BipFam,BipFam,7.1300473,4.0230765
3272,864691135755605197,train,thalamocortical,thalamocortical,1.6792872,6.8550215
3424,864691135659538306,train,thalamocortical,thalamocortical,3.52625,7.0247674
509,864691135997140906,train,BipFam,BipFam,7.900125,8.551783
292,864691136523971473,train,BipFam,BipFam,6.655869,3.926391
403,864691136314448701,test,L4IT,pyramidal,7.2457676,6.2163997
277,864691136336204979,train,NglFam,NglFam,9.088604,3.166821
249,864691136372954248,test,NglFam,NglFam,3.96045,3.8230777
5064,864691136007059658,test,BipFam,BipFam,6.1233683,8.908634
1518,864691136288755395,train,thalamocortical,thalamocortical,4.4447985,8.76438
437,864691136137210507,train,BipFam,BipFam,3.5911255,7.2022386
407,864691136372954248,test,NglFam,NglFam,5.4411993,4.9113274
1035,864691135954680867,train,L4IT,pyramidal,6.2487154,8.281476
2304,864691136392682879,train,BasketFam,BasketFam,-0.72632337,6.6187925
360,864691135235206489,train,MartFam,MartFam,4.04494,10.4484625
267,864691135132887456,test,NglFam,NglFam,8.252448,2.9510927
567,864691135562950369,train,BipFam,BipFam,1.946306,3.5326529
2798,864691136011549614,train,BipFam,BipFam,7.2862287,6.689425
374,864691135778572973,train,L4IT,pyramidal,4.4929347,7.3082786
1198,864691135878586963,test,thalamocortical,thalamocortical,2.2740312,6.3234377
1660,864691136118294692,train,thalamocortical,thalamocortical,1.3837123,6.156469
2324,864691135343506885,train,BipFam,BipFam,5.817522,5.392846
628,864691135562950369,train,BipFam,BipFam,7.5519986,4.538912
7212,864691135480702662,train,MartFam,MartFam,3.8349257,4.8625655
542,864691135106309709,train,NglFam,NglFam,9.140064,9.799642
764,864691135976063855,test,L4IT,pyramidal,6.736722,6.1330256
463,864691136524282001,train,NglFam,NglFam,7.508314,4.036816
710,864691135742826603,train,BipFam,BipFam,6.551158,4.7371883
138,864691135271343525,train,BipFam,BipFam,3.4823475,5.592872
875,864691135817952079,train,BasketFam,BasketFam,6.3676877,6.7649364
4365,864691135618332265,train,BasketFam,BasketFam,-0.013670025,8.2374525
324,864691136524282001,train,NglFam,NglFam,6.1527233,3.392162
2130,864691135470255698,train,thalamocortical,thalamocortical,2.1009023,7.5237947
42,864691136524282001,train,NglFam,NglFam,4.801046,4.671466
2304,864691135997428394,test,thalamocortical,thalamocortical,0.9946894,5.2489862
476,864691135994235841,train,L5IT,pyramidal,8.222308,6.897677
9836,864691135779780797,test,MartFam,MartFam,3.9676485,4.0586495
3161,864691136814345075,train,MartFam,MartFam,8.159604,5.2859564
413,864691135474179378,test,MartFam,MartFam,8.390838,6.8073425
1014,864691135810297885,train,BipFam,BipFam,8.5984745,7.4096413
2536,864691135866821340,train,thalamocortical,thalamocortical,6.131537,8.260079
5563,864691136524014993,train,BasketFam,BasketFam,-0.2492033,4.454251
388,864691135196576298,train,L5IT,pyramidal,3.6703863,9.644267
445,864691136524282001,train,NglFam,NglFam,4.6559296,3.9081583
377,864691135293096118,train,NglFam,NglFam,3.5508392,9.156534
437,864691136273370302,train,NglFam,NglFam,9.770297,8.831205
402,864691136086632812,train,NglFam,NglFam,6.10301,3.867591
4635,864691136445968259,train,BasketFam,BasketFam,3.6824582,9.345403
3583,864691135464991645,train,thalamocortical,thalamocortical,4.0377045,6.813143
670,864691136137168779,train,BipFam,BipFam,4.0004544,9.272668
138,864691136239793212,test,NglFam,NglFam,5.726319,9.617426
2047,864691135839577235,train,MartFam,MartFam,9.057247,2.938453
1046,864691135106309709,train,NglFam,NglFam,9.135191,9.099006
127,864691135210358137,train,L4IT,pyramidal,7.762639,8.211929
2013,864691136091233847,train,thalamocortical,thalamocortical,2.1724186,7.642685
461,864691136966189518,test,MartFam,MartFam,2.5528414,4.6827626
609,864691136445215875,train,L2IT,pyramidal,7.647598,4.6160207
3598,864691135686540471,train,BasketFam,BasketFam,0.67620265,8.012977
1148,864691135119335645,train,thalamocortical,thalamocortical,4.3845563,8.36478
76,864691136007059658,test,BipFam,BipFam,4.544448,6.73539
3058,864691136288755395,train,thalamocortical,thalamocortical,2.48477,7.489824
2671,864691136580010516,test,MartFam,MartFam,3.0786843,8.618675
7322,864691135271970725,train,BasketFam,BasketFam,0.38797244,5.990656
648,864691135106309709,train,NglFam,NglFam,6.3160367,9.441819
114,864691135616183499,train,BasketFam,BasketFam,0.2543114,7.8077188
138,864691136372954248,test,NglFam,NglFam,6.4221077,4.1059175
440,864691135659538306,train,thalamocortical,thalamocortical,1.979331,6.8167195
10666,864691135271967397,train,MartFam,MartFam,1.0896336,6.7091947
259,864691135405224174,train,L4IT,pyramidal,6.1746745,7.6767135
1269,864691135685030130,train,thalamocortical,thalamocortical,4.0138984,6.229327
235,864691135196592938,train,L4IT,pyramidal,9.079574,9.901814
2904,864691134942595939,train,BasketFam,BasketFam,0.6512395,3.7935774
451,864691135106309709,train,NglFam,NglFam,8.642631,9.545382
479,864691134966114591,train,L3IT,pyramidal,8.408491,5.7529087
5463,864691135464991645,train,thalamocortical,thalamocortical,1.118024,6.5186133
2761,864691136011549614,train,BipFam,BipFam,5.5304523,7.733993
1510,864691135470556242,train,MartFam,MartFam,8.523449,3.8538642
3719,864691135499624723,train,BasketFam,BasketFam,-0.1736384,4.8722677
1421,864691135689015264,train,thalamocortical,thalamocortical,3.1309595,5.916799
833,864691135689555680,train,NglFam,NglFam,8.800856,2.8645554
981,864691135388984961,train,BasketFam,BasketFam,0.5818245,8.056701
285,864691136273370302,train,NglFam,NglFam,7.530513,9.025683
180,864691135464671550,train,L2IT,pyramidal,8.677432,4.852699
6388,864691135689015264,train,thalamocortical,thalamocortical,2.4005907,5.3441315
5967,864691135477104960,train,thalamocortical,thalamocortical,5.0964084,5.0164266
4653,864691135387529301,test,BasketFam,BasketFam,0.38478822,6.826876
5501,864691135271967397,train,MartFam,MartFam,4.4599895,3.402332
3162,864691136091233847,train,thalamocortical,thalamocortical,3.2179773,5.446405
777,864691136058602712,train,thalamocortical,thalamocortical,3.3238168,5.8308663
63,864691135293096118,train,NglFam,NglFam,3.4606485,8.434107
1893,864691135595810859,train,BasketFam,BasketFam,-0.8193902,3.8596013
4478,864691135689015264,train,thalamocortical,thalamocortical,3.9649723,7.7515883
1215,864691135447979922,train,BipFam,BipFam,6.0415173,3.8025799
1142,864691136145572404,train,BipFam,BipFam,2.6881077,7.075417
1602,864691135875777166,test,BasketFam,BasketFam,-0.68437773,5.0756793
393,864691135939017525,train,L4IT,pyramidal,4.358275,9.58133
21,864691135573315053,test,L6IT,pyramidal,8.771614,9.889483
2343,864691135294194358,train,thalamocortical,thalamocortical,1.9255204,5.282432
202,864691135275949029,train,L2IT,pyramidal,5.057548,5.120197
1672,864691134989909114,test,MartFam,MartFam,3.5986786,4.3276534
160,864691135689555680,train,NglFam,NglFam,8.264781,3.0533242
218,864691135782873936,test,thalamocortical,thalamocortical,1.4906063,5.486154
1793,864691136196932172,train,BasketFam,BasketFam,-1.204124,4.2250304
27,864691136336204979,train,NglFam,NglFam,5.7331743,6.020025
301,864691136033871035,train,thalamocortical,thalamocortical,3.0956414,6.169956
1420,864691135464991645,train,thalamocortical,thalamocortical,1.799733,8.603238
697,864691135431648048,train,L4IT,pyramidal,5.4618964,6.4600472
12300,864691135210446457,train,MartFam,MartFam,5.6390233,3.243044
604,864691135928029966,train,thalamocortical,thalamocortical,5.019184,7.2384276
99,864691135375655880,train,BipFam,BipFam,8.994836,8.11561
5766,864691135941898918,train,MartFam,MartFam,8.792909,4.3907175
4532,864691135772774651,test,MartFam,MartFam,4.985916,3.2756007
493,864691135447979922,train,BipFam,BipFam,8.56552,4.957223
240,864691136100014453,train,BipFam,BipFam,5.7277117,9.000099
127,864691135840033171,train,NglFam,NglFam,7.5112705,5.9635005
11486,864691135703016059,train,MartFam,MartFam,5.539102,3.0455222
223,864691135742826603,train,BipFam,BipFam,3.05275,7.9514823
996,864691137055405174,test,L4IT,pyramidal,8.761354,9.929982
8658,864691135774221643,train,MartFam,MartFam,6.1067967,4.913518
971,864691135685030130,train,thalamocortical,thalamocortical,4.0196123,7.442624
1649,864691135997428394,test,thalamocortical,thalamocortical,1.1165284,6.3544908
4624,864691136314120765,train,BasketFam,BasketFam,0.7121971,3.778816
459,864691135996104618,train,BasketFam,BasketFam,0.8031112,8.202808
90,864691135878154067,train,BasketFam,BasketFam,7.3118024,10.356148
1906,864691135756844242,test,MartFam,MartFam,5.5407677,4.085941
1492,864691135891796617,train,BasketFam,BasketFam,-1.1155516,4.664972
259,864691135274195217,train,L2IT,pyramidal,6.146882,6.391294
691,864691136372954248,test,NglFam,NglFam,3.870022,3.6540709
1234,864691135478434216,train,BasketFam,BasketFam,-0.019977642,6.0464396
4280,864691135755605197,train,thalamocortical,thalamocortical,3.097928,8.862792
131,864691136273370302,train,NglFam,NglFam,9.435201,8.093287
1280,864691136145537844,train,BipFam,BipFam,5.1268234,7.5606136
3022,864691135778081453,train,thalamocortical,thalamocortical,3.1980624,8.799685
217,864691136086632812,train,NglFam,NglFam,6.300597,5.5075707
3046,864691135294194358,train,thalamocortical,thalamocortical,1.418799,6.212373
5093,864691135528046939,train,MartFam,MartFam,5.2373013,3.080451
381,864691135783317840,train,thalamocortical,thalamocortical,6.521707,6.7995496
27,864691136145537844,train,BipFam,BipFam,7.299108,4.3859386
618,864691135398925345,train,L3IT,pyramidal,7.755245,8.572692
37,864691135361780551,train,L6CT,pyramidal,8.09985,8.329447
4294,864691135779780797,test,MartFam,MartFam,6.315435,5.438943
1024,864691135447979922,train,BipFam,BipFam,6.0373416,4.3074455
897,864691135689555680,train,NglFam,NglFam,5.63178,5.012805
1542,864691136195796182,test,BasketFam,BasketFam,0.3698265,8.024737
131,864691135258628527,test,BasketFam,BasketFam,-0.6149847,5.317291
2686,864691135756844242,test,MartFam,MartFam,2.5073922,4.2847147
1225,864691136336192947,train,BasketFam,BasketFam,-0.98338556,4.0330873
6297,864691135528046939,train,MartFam,MartFam,8.773745,3.0375254
2446,864691135783317840,train,thalamocortical,thalamocortical,3.5363307,8.5413065
5099,864691135271967397,train,MartFam,MartFam,3.608623,3.5842543
54,864691135210134905,test,L2IT,pyramidal,7.613808,5.294057
206,864691136273370302,train,NglFam,NglFam,9.575203,8.720518
105,864691136091233847,train,thalamocortical,thalamocortical,2.1822064,5.767889
96,864691135293096118,train,NglFam,NglFam,2.6470666,5.9152203
71,864691136927761226,train,L4IT,pyramidal,4.3638167,9.685203
395,864691135343506885,train,BipFam,BipFam,6.2619953,8.689569
803,864691135447979922,train,BipFam,BipFam,3.843642,4.0426426
4426,864691134886037498,train,MartFam,MartFam,0.9725759,7.222399
253,864691136336204979,train,NglFam,NglFam,7.374507,6.722729
196,864691135886300016,train,L4IT,pyramidal,8.860222,8.082529
1241,864691135369668089,train,BasketFam,BasketFam,0.2946224,3.7385755
3851,864691136033871035,train,thalamocortical,thalamocortical,3.8452156,6.0098553
81,864691135470255698,train,thalamocortical,thalamocortical,1.9300244,6.3629136
1419,864691136372954248,test,NglFam,NglFam,5.6963067,4.438287
70,864691135939049988,train,L3IT,pyramidal,6.0034337,6.4940405
59,864691135990564864,train,NglFam,NglFam,9.199638,2.8934972
4572,864691135685250546,train,BasketFam,BasketFam,7.176844,7.7617297
1058,864691136372954248,test,NglFam,NglFam,3.860274,6.4186125
798,864691136927688266,test,L4IT,pyramidal,7.34106,6.317249
2293,864691135478434216,train,BasketFam,BasketFam,-0.6946114,4.090016
130,864691136391024144,train,NglFam,NglFam,6.0824585,2.9082317
138,864691135566274391,train,L6CT,pyramidal,5.6067357,9.901385
1903,864691135477104960,train,thalamocortical,thalamocortical,2.7992365,6.337224
6301,864691135997428394,test,thalamocortical,thalamocortical,1.9947612,5.078471
450,864691136372954248,test,NglFam,NglFam,3.5625699,4.602962
164,864691136118878116,train,MartFam,MartFam,3.5279143,2.732733
249,864691135303514791,train,NglFam,NglFam,7.634056,3.9091804
2837,864691135928029966,train,thalamocortical,thalamocortical,5.221579,5.160577
1544,864691135271915173,train,MartFam,MartFam,4.865592,10.043694
2639,864691137022180974,test,MartFam,MartFam,2.3288991,6.5405703
382,864691135941975974,test,L4IT,pyramidal,8.077872,8.290098
540,864691136288755395,train,thalamocortical,thalamocortical,3.031285,7.3901453
1446,864691135659538306,train,thalamocortical,thalamocortical,8.823033,4.5387487
230,864691136041321982,train,MartFam,MartFam,3.0025897,6.359897
1694,864691135447979922,train,BipFam,BipFam,6.9362383,6.5540843
483,864691135892176009,train,MartFam,MartFam,7.8880706,8.275368
566,864691135293096118,train,NglFam,NglFam,3.1262746,8.240611
1792,864691135431441968,train,thalamocortical,thalamocortical,6.5157323,8.63265
164,864691136619529179,test,L2IT,pyramidal,9.08598,5.687567
373,864691134919869706,test,L4IT,pyramidal,6.9991617,6.1186066
1592,864691136229366097,test,BasketFam,BasketFam,5.7991524,5.948983
407,864691136390788215,train,L3IT,pyramidal,8.66917,8.824042
1493,864691136011549614,train,BipFam,BipFam,7.976513,5.416927
1156,864691134966249759,train,thalamocortical,thalamocortical,2.302125,6.866665
3061,864691135685250546,train,BasketFam,BasketFam,3.6125534,4.98913
67,864691135386940245,test,BipFam,BipFam,5.4902005,6.406852
2700,864691135878586963,test,thalamocortical,thalamocortical,3.113064,5.9464817
630,864691136239068732,train,L3IT,pyramidal,7.842569,6.6644583
564,864691135689555680,train,NglFam,NglFam,7.9636555,4.2912984
2104,864691135389004929,train,BasketFam,BasketFam,7.52244,9.882618
2055,864691135912137641,train,BasketFam,BasketFam,0.31659427,3.8572037
1554,864691136288755395,train,thalamocortical,thalamocortical,7.451658,7.9211
101,864691136273370302,train,NglFam,NglFam,4.5814176,10.182101
1187,864691135387277397,test,thalamocortical,thalamocortical,5.2083983,5.5903535
54,864691136034181307,train,L4IT,pyramidal,3.6392004,10.060843
1267,864691135741960340,train,BasketFam,BasketFam,9.176825,7.670803
744,864691135689555680,train,NglFam,NglFam,5.8265624,7.28249
149,864691136102207349,train,BipFam,BipFam,8.094051,7.9048824
683,864691135619317391,test,L4IT,pyramidal,8.831181,8.090626
4453,864691136390828919,train,MartFam,MartFam,3.3376698,6.9442253
279,864691136118430628,train,BipFam,BipFam,5.7120805,5.2256804
277,864691135303514791,train,NglFam,NglFam,9.095186,3.0541165
268,864691135375655880,train,BipFam,BipFam,9.439007,8.991697
659,864691136391042167,train,L3IT,pyramidal,7.3429675,6.7289286
805,864691136138756221,train,BipFam,BipFam,9.021543,9.048891
112,864691135376096329,train,BipFam,BipFam,5.0737233,10.305036
1863,864691136336192947,train,BasketFam,BasketFam,-0.18079081,6.152667
1128,864691135755605197,train,thalamocortical,thalamocortical,2.0470133,7.219385
3981,864691135571356038,test,MartFam,MartFam,8.324142,3.3019662
395,864691135303514791,train,NglFam,NglFam,8.503245,4.4342604
8,864691135325071004,train,L2IT,pyramidal,7.5917573,7.2194
1144,864691135293605558,train,L4IT,pyramidal,7.527402,6.3995247
428,864691135015154934,test,L4IT,pyramidal,5.356346,6.426113
275,864691136108370905,train,BipFam,BipFam,7.0740504,9.056326
4058,864691136381324501,train,BasketFam,BasketFam,3.2462537,5.1371346
1078,864691136007059658,test,BipFam,BipFam,4.683404,7.5688567
2200,864691135977768259,train,BasketFam,BasketFam,0.16881268,8.129557
569,864691135499707667,train,L4IT,pyramidal,7.5067983,8.633376
354,864691135119709149,train,L3IT,pyramidal,5.2218432,5.130527
2276,864691135271915173,train,MartFam,MartFam,4.704345,5.0472574
4798,864691135294194358,train,thalamocortical,thalamocortical,2.2117596,5.283948
380,864691136523118481,train,L4IT,pyramidal,4.9216847,9.215868
1520,864691135571546917,train,MartFam,MartFam,3.0124445,3.7845955
2050,864691135409856713,train,BasketFam,BasketFam,0.5017877,6.1220503
537,864691136391024144,train,NglFam,NglFam,6.395293,7.4172206
1699,864691136905941426,train,BasketFam,BasketFam,-0.99171454,4.9283304
202,864691135742102635,train,L4IT,pyramidal,1.990554,3.5583637
238,864691135840033171,train,NglFam,NglFam,6.192632,6.1563673
1669,864691135464991645,train,thalamocortical,thalamocortical,6.882479,5.888729
934,864691136364166370,train,BipFam,BipFam,4.533917,9.955984
85,864691135106309709,train,NglFam,NglFam,7.700105,9.066739
460,864691134886499066,train,L4IT,pyramidal,3.560534,6.87874
5094,864691135774221643,train,MartFam,MartFam,2.8233643,4.274529
331,864691136453442303,train,L4IT,pyramidal,8.169219,9.775492
956,864691136487168530,train,MartFam,MartFam,4.9827414,5.932043
336,864691135106309709,train,NglFam,NglFam,9.877186,8.360707
654,864691136311059034,train,L2IT,pyramidal,7.368125,7.852137
2708,864691136007059658,test,BipFam,BipFam,5.9120975,5.1729426
194,864691135570381292,test,BipFam,BipFam,4.5684533,8.813683
65,864691135431441968,train,thalamocortical,thalamocortical,1.6999418,5.5555005
339,864691135273655569,train,L5ET,pyramidal,1.1494613,8.061398
271,864691135510406921,test,L3IT,pyramidal,6.312178,8.090881
399,864691135571440006,train,MartFam,MartFam,7.9877267,4.2303047
1893,864691136033871035,train,thalamocortical,thalamocortical,4.0860305,5.82708
1426,864691135702887291,train,BasketFam,BasketFam,-0.28210306,3.504523
780,864691135689296608,train,BasketFam,BasketFam,-0.38533658,5.193049
461,864691135431579440,train,BipFam,BipFam,7.839941,6.4883823
951,864691136010639022,train,L3IT,pyramidal,5.2022967,8.292312
351,864691136524282001,train,NglFam,NglFam,8.350692,2.489798
5263,864691135362357319,train,BasketFam,BasketFam,-0.54414374,5.6758738
235,864691135853088967,test,L4IT,pyramidal,9.365226,8.366865
9518,864691135271970725,train,BasketFam,BasketFam,0.87455755,4.381786
789,864691135875919502,test,MartFam,MartFam,8.018564,2.5298424
93,864691136273370302,train,NglFam,NglFam,6.430579,9.78556
1288,864691136118294692,train,thalamocortical,thalamocortical,5.5019627,8.080922
61,864691135853088967,test,L4IT,pyramidal,9.043299,9.923796
128,864691135693735103,train,NglFam,NglFam,8.794334,9.465888
2339,864691136288755395,train,thalamocortical,thalamocortical,3.7585447,7.0624404
704,864691135396794101,train,L3IT,pyramidal,7.4287124,6.293817
1056,864691134990847098,train,BasketFam,BasketFam,0.82036155,7.6306787
3399,864691135858363694,train,BasketFam,BasketFam,-0.24518822,5.800614
2195,864691135465795653,train,BasketFam,BasketFam,1.0047134,3.983773
6209,864691135456535658,train,MartFam,MartFam,5.6365514,3.6922548
20,864691136273370302,train,NglFam,NglFam,9.812214,8.357285
297,864691135303514791,train,NglFam,NglFam,8.935241,3.7475336
7028,864691135196475434,train,MartFam,MartFam,1.0876379,6.581186
4520,864691136138803837,train,BasketFam,BasketFam,0.2393817,5.932343
4308,864691136814345075,train,MartFam,MartFam,3.1986697,5.6873198
460,864691136144674612,train,L3IT,pyramidal,3.507562,7.37059
110,864691135309733190,train,NglFam,NglFam,8.891426,4.3430104
3265,864691135817803599,test,BasketFam,BasketFam,-0.5971688,6.1422005
212,864691136006493898,test,L4IT,pyramidal,8.435239,6.894788
5314,864691135592837899,train,BasketFam,BasketFam,0.49600527,5.556631
3128,864691135119335645,train,thalamocortical,thalamocortical,3.0920653,7.313879
911,864691135398762529,train,BipFam,BipFam,6.523058,5.406186
89,864691135132887456,test,NglFam,NglFam,8.8874855,3.3466225
841,864691134887444986,test,NglFam,NglFam,6.5875883,3.2647722
164,864691135309733190,train,NglFam,NglFam,8.781233,3.4478421
1838,864691135571356038,test,MartFam,MartFam,5.6970115,4.691929
1358,864691135866821340,train,thalamocortical,thalamocortical,1.9668101,4.083035
7403,864691135196475434,train,MartFam,MartFam,3.3412676,3.416363
21,864691135778618029,train,BipFam,BipFam,5.8653426,9.835469
974,864691135695042751,train,L6IT,pyramidal,4.1719713,10.271457
528,864691135294194358,train,thalamocortical,thalamocortical,2.871236,6.816233
3564,864691136118294692,train,thalamocortical,thalamocortical,2.5771463,7.802916
116,864691135375655880,train,BipFam,BipFam,9.284249,8.556641
610,864691136391027728,train,L4IT,pyramidal,7.7672443,8.757337
1796,864691135866821340,train,thalamocortical,thalamocortical,8.409486,8.784687
451,864691135305643175,train,L4IT,pyramidal,7.375035,7.7659097
5055,864691136007059658,test,BipFam,BipFam,8.080033,6.4993477
1855,864691136523971473,train,BipFam,BipFam,3.4131033,3.7043858
235,864691135562950369,train,BipFam,BipFam,6.3929977,4.220543
525,864691136033871035,train,thalamocortical,thalamocortical,4.0719795,4.987213
1078,864691135742826603,train,BipFam,BipFam,9.147907,3.8881373
3695,864691135778081453,train,thalamocortical,thalamocortical,3.1799297,8.577895
4448,864691136523889553,train,BasketFam,BasketFam,0.9455861,4.0661
442,864691135717457946,test,L4IT,pyramidal,4.798953,8.397403
522,864691135136735001,train,L4IT,pyramidal,6.328543,6.466472
2848,864691135015437462,test,BasketFam,BasketFam,-0.5844338,4.789338
2999,864691135928029966,train,thalamocortical,thalamocortical,4.8371277,5.5849223
435,864691136524282001,train,NglFam,NglFam,4.2863574,5.1558423
3,864691135592830731,train,L4IT,pyramidal,3.5704463,9.799026
1177,864691135465001373,train,BasketFam,BasketFam,0.26299992,7.273221
1299,864691135755707597,train,BipFam,BipFam,6.732167,3.477401
1088,864691135990520064,train,BasketFam,BasketFam,1.4013723,7.507635
565,864691136033871035,train,thalamocortical,thalamocortical,2.0607092,6.522288
91,864691136336204979,train,NglFam,NglFam,4.945809,6.6976824
1609,864691135343506885,train,BipFam,BipFam,5.1514816,8.284796
808,864691136336107187,test,L5IT,pyramidal,4.110516,5.407134
2369,864691135499765267,train,MartFam,MartFam,4.709241,6.8130302
75,864691135997140906,train,BipFam,BipFam,7.3896,6.390715
5735,864691135346954143,train,MartFam,MartFam,2.6281917,4.2860603
239,864691135490483514,train,L4IT,pyramidal,6.6603403,9.069323
458,864691135996891050,test,BipFam,BipFam,5.4292064,10.042074
218,864691136137168779,train,BipFam,BipFam,2.9299862,5.443582
1159,864691136033871035,train,thalamocortical,thalamocortical,3.9464211,5.3865323
2502,864691136392806271,train,BasketFam,BasketFam,0.30786616,7.401194
4159,864691135477104960,train,thalamocortical,thalamocortical,2.7084749,6.712178
330,864691135293096118,train,NglFam,NglFam,4.160235,6.167789
1909,864691136523971473,train,BipFam,BipFam,1.9931018,3.5325923
5686,864691135362357319,train,BasketFam,BasketFam,-0.8173365,5.8717723
987,864691136364166370,train,BipFam,BipFam,7.9867225,4.056649
1752,864691135464991645,train,thalamocortical,thalamocortical,1.7112677,6.4719625
287,864691136331214058,test,L2IT,pyramidal,5.407996,7.773963
273,864691135324705692,train,L4IT,pyramidal,6.04378,6.5576973
386,864691135511802576,train,L5IT,pyramidal,7.4767942,8.3243265
800,864691135878586963,test,thalamocortical,thalamocortical,5.6766863,7.4023895
137,864691136445557123,test,L4IT,pyramidal,6.732342,5.57871
750,864691136138779517,train,L2IT,pyramidal,3.9359958,5.759245
521,864691135384716762,train,MartFam,MartFam,4.004337,4.904441
501,864691135464991645,train,thalamocortical,thalamocortical,0.5380254,6.1760225
375,864691135732518585,train,L2IT,pyramidal,8.649229,9.5690975
373,864691136239793212,test,NglFam,NglFam,5.9351325,8.778992
3576,864691135294194358,train,thalamocortical,thalamocortical,1.6550434,7.2402935
546,864691136391024144,train,NglFam,NglFam,4.43032,4.168282
726,864691136137210507,train,BipFam,BipFam,5.1290436,6.715099
4470,864691135891796617,train,BasketFam,BasketFam,-0.8995538,4.793357
527,864691135566824983,test,BipFam,BipFam,7.1767855,4.761261
1806,864691135584316781,train,BasketFam,BasketFam,7.336555,6.2046237
89,864691135773208651,train,L4IT,pyramidal,9.10811,9.124682
4462,864691136006393034,train,MartFam,MartFam,2.9715862,7.226636
908,864691136288752835,train,thalamocortical,thalamocortical,1.8158164,7.1417394
1202,864691136364166370,train,BipFam,BipFam,5.8698316,8.624713
828,864691135456493418,test,BipFam,BipFam,4.4718356,10.28759
753,864691135343509701,train,MartFam,MartFam,9.310923,7.8404946
200,864691135132887456,test,NglFam,NglFam,8.992831,2.7431192
2289,864691136034412219,train,MartFam,MartFam,8.443792,3.793778
6592,864691135477104960,train,thalamocortical,thalamocortical,2.9603815,9.306928
4398,864691135755605197,train,thalamocortical,thalamocortical,3.0381563,5.7961035
77,864691134887444986,test,NglFam,NglFam,0.62421155,5.902979
1672,864691135396720885,train,BasketFam,BasketFam,8.269295,7.8635044
174,864691135810308125,train,L2IT,pyramidal,7.4323673,8.433513
486,864691134966249759,train,thalamocortical,thalamocortical,4.344242,9.051379
3934,864691135294194358,train,thalamocortical,thalamocortical,3.986251,9.610376
3776,864691136392806271,train,BasketFam,BasketFam,7.9510837,8.325424
378,864691135132887456,test,NglFam,NglFam,7.667394,4.030512
677,864691136372954248,test,NglFam,NglFam,5.9327188,5.215831
1157,864691135210446457,train,MartFam,MartFam,6.1913195,4.136932
4283,864691135309486662,train,BasketFam,BasketFam,3.4107003,8.798283
233,864691136100014453,train,BipFam,BipFam,8.594656,9.770894
335,864691135106309709,train,NglFam,NglFam,8.105981,8.521362
2703,864691136053350131,test,thalamocortical,thalamocortical,2.4325256,7.9138136
647,864691135214970752,train,BipFam,BipFam,5.523005,3.6766431
838,864691135689555680,train,NglFam,NglFam,3.4143617,5.3465548
812,864691135499624723,train,BasketFam,BasketFam,0.12649588,4.7164927
1314,864691135741889940,train,BasketFam,BasketFam,0.3603529,6.0554886
623,864691135703164283,train,L4IT,pyramidal,6.936194,8.988904
138,864691135214977920,train,L4IT,pyramidal,7.508783,7.0232873
45,864691136674495623,train,L5IT,pyramidal,7.8975644,5.675632
78,864691135757040082,train,L4IT,pyramidal,6.289076,6.892155
3916,864691135778116013,train,BasketFam,BasketFam,-0.4102275,5.616195
1032,864691136010639022,train,L3IT,pyramidal,7.67448,5.7058697
1062,864691135545730856,train,BipFam,BipFam,6.9855065,8.253979
2878,864691135387277397,test,thalamocortical,thalamocortical,1.6892048,5.514704
620,864691136421324951,train,L4IT,pyramidal,7.445372,7.9478183
2788,864691135387277397,test,thalamocortical,thalamocortical,2.2054002,7.629066
95,864691136391024144,train,NglFam,NglFam,4.986211,7.3906355
353,864691136034526651,train,BipFam,BipFam,8.806611,8.75865
307,864691135336113129,train,L4IT,pyramidal,4.842049,8.982469
243,864691135211926464,train,L4IT,pyramidal,6.4793625,7.009247
386,864691136086632812,train,NglFam,NglFam,6.812932,2.7110398
141,864691135293096118,train,NglFam,NglFam,3.1672404,7.262567
1436,864691136487168530,train,MartFam,MartFam,9.571441,9.0566845
501,864691135405733870,train,L4IT,pyramidal,8.691815,4.7481303
5776,864691135891796617,train,BasketFam,BasketFam,-0.8201411,5.135657
1609,864691135997140906,train,BipFam,BipFam,7.968964,6.3891845
939,864691135387277397,test,thalamocortical,thalamocortical,4.8461213,5.537407
2082,864691135389004929,train,BasketFam,BasketFam,0.15954742,8.417013
7836,864691135703016059,train,MartFam,MartFam,5.584741,4.5487914
475,864691134887444986,test,NglFam,NglFam,6.3775496,3.1292794
1485,864691136033871035,train,thalamocortical,thalamocortical,6.272468,6.9893785
2831,864691136118878116,train,MartFam,MartFam,2.0611138,3.5198288
391,864691135885996912,train,BipFam,BipFam,4.661157,9.016774
208,864691136336204979,train,NglFam,NglFam,3.9093993,7.051319
1581,864691136067404440,test,MartFam,MartFam,9.188279,3.8569617
116,864691136967985870,train,L6CT,pyramidal,8.452158,9.655922
5360,864691136007059658,test,BipFam,BipFam,7.0557847,7.352082
3478,864691135741960340,train,BasketFam,BasketFam,0.080043085,8.494777
303,864691135293096118,train,NglFam,NglFam,3.619097,7.5480566
3591,864691135398746401,train,MartFam,MartFam,3.2974043,5.600661
609,864691135778618029,train,BipFam,BipFam,5.585575,6.33355
5713,864691135196475434,train,MartFam,MartFam,-0.6435362,4.0661945
1521,864691135954680867,train,L4IT,pyramidal,7.3256326,8.256143
202,864691135309733190,train,NglFam,NglFam,8.65388,2.8202152
9811,864691135346954143,train,MartFam,MartFam,2.7992148,7.6781936
9758,864691135271967397,train,MartFam,MartFam,3.1097994,5.2570677
40,864691135271915173,train,MartFam,MartFam,4.4993863,10.287185
666,864691134887444986,test,NglFam,NglFam,3.6147277,8.0161295
1271,864691135783317840,train,thalamocortical,thalamocortical,2.81898,8.4720335
170,864691135132887456,test,NglFam,NglFam,9.416358,3.1749778
197,864691135430356784,train,L5IT,pyramidal,8.028142,8.409452
9554,864691136330880234,train,MartFam,MartFam,3.0709844,5.4842205
2003,864691136145537844,train,BipFam,BipFam,8.203747,6.6969986
119,864691136372954248,test,NglFam,NglFam,4.974632,4.566701
1600,864691135339088102,test,L4IT,pyramidal,5.0569124,6.1401057
3122,864691135755605197,train,thalamocortical,thalamocortical,2.2287567,6.6420436
1419,864691135778081453,train,thalamocortical,thalamocortical,5.4757824,6.7079883
426,864691135106309709,train,NglFam,NglFam,5.7327747,8.626466
1063,864691136011549614,train,BipFam,BipFam,7.1669316,7.2430634
94,864691136421279639,train,L2IT,pyramidal,6.9069858,6.7961197
3620,864691135477104960,train,thalamocortical,thalamocortical,2.9275405,6.5201197
289,864691135694406335,train,L4IT,pyramidal,7.6775646,8.663978
8145,864691135480702662,train,MartFam,MartFam,4.4659505,4.7224526
516,864691135132887456,test,NglFam,NglFam,9.097316,3.6595864
3176,864691135258628527,test,BasketFam,BasketFam,0.5803088,6.827614
567,864691135742826603,train,BipFam,BipFam,6.731606,4.9690647
413,864691136523472529,train,L4IT,pyramidal,3.9229314,8.887266
126,864691135119335645,train,thalamocortical,thalamocortical,1.9156587,5.2221837
1681,864691135470556242,train,MartFam,MartFam,4.7394567,7.592158
2998,864691136033871035,train,thalamocortical,thalamocortical,6.74081,5.757487
735,864691135398762529,train,BipFam,BipFam,3.3545687,6.8612866
332,864691135892214409,train,L2IT,pyramidal,4.053738,7.0467577
865,864691135384285931,train,L4IT,pyramidal,6.4850645,7.196996
1,864691136927688266,test,L4IT,pyramidal,4.527317,9.730182
6072,864691136580010516,test,MartFam,MartFam,7.0904226,4.22604
42,864691135875460494,train,L6CT,pyramidal,7.456377,9.612733
540,864691135997140906,train,BipFam,BipFam,4.3705106,7.8812838
612,864691135060784027,test,thalamocortical,thalamocortical,3.560304,5.5214963
167,864691135842794979,test,L6IT,pyramidal,4.414638,10.380818
395,864691135941898918,train,MartFam,MartFam,-1.0097777,4.699978
376,864691135857976366,train,BipFam,BipFam,8.542499,3.9684227
1085,864691136120465944,train,thalamocortical,thalamocortical,2.0250344,6.405566
399,864691136053350131,test,thalamocortical,thalamocortical,1.9977303,3.5322645
1092,864691136137168779,train,BipFam,BipFam,2.826946,4.078855
2718,864691136523971473,train,BipFam,BipFam,3.2371337,8.838809
1181,864691135477104960,train,thalamocortical,thalamocortical,4.8547707,9.171348
531,864691135616235979,train,BipFam,BipFam,4.9914246,6.5768547
1549,864691136372954248,test,NglFam,NglFam,4.036959,6.326951
12,864691135499616019,train,BasketFam,BasketFam,0.86422545,5.0103064
2144,864691136120465944,train,thalamocortical,thalamocortical,1.6183451,5.4785786
1213,864691136137168779,train,BipFam,BipFam,3.9011457,3.9633584
718,864691135582973549,train,L4IT,pyramidal,7.0012717,8.577325
321,864691136026198585,train,L4IT,pyramidal,5.050988,9.352446
68,864691136521831825,train,L5IT,pyramidal,5.664932,7.413234
3967,864691136580010516,test,MartFam,MartFam,3.4632704,3.386976
1599,864691136521831825,train,L5IT,pyramidal,3.8667247,8.311622
1344,864691135470255698,train,thalamocortical,thalamocortical,4.3272877,5.314083
478,864691136118430628,train,BipFam,BipFam,3.2825627,5.627832
432,864691135742895723,test,BipFam,BipFam,3.7762017,8.23835
4183,864691135755605197,train,thalamocortical,thalamocortical,2.0465055,5.1581554
327,864691135499616019,train,BasketFam,BasketFam,0.11791081,5.2260447
796,864691135763795510,test,L4IT,pyramidal,6.1323175,9.185712
5616,864691135891796617,train,BasketFam,BasketFam,-0.6878194,5.916667
6364,864691136905941426,train,BasketFam,BasketFam,-0.68504876,5.8762803
6968,864691135528046939,train,MartFam,MartFam,2.981169,6.239351
5636,864691135616183499,train,BasketFam,BasketFam,0.16639061,7.227842
122,864691135014600950,train,L5NP,pyramidal,8.885709,8.784773
5235,864691136145494068,train,BasketFam,BasketFam,0.36043692,6.836573
1326,864691135447979922,train,BipFam,BipFam,6.0974283,2.9765947
396,864691135997140906,train,BipFam,BipFam,8.203089,6.97004
3302,864691136288755395,train,thalamocortical,thalamocortical,3.3487532,6.8795114
248,864691135303514791,train,NglFam,NglFam,8.861781,2.9861908
211,864691135689555680,train,NglFam,NglFam,7.3218384,5.0784707
5607,864691136011485614,test,BasketFam,BasketFam,-0.6510599,6.0927167
14,864691135305383591,train,NglFam,NglFam,9.026846,3.3374891
1499,864691135470255698,train,thalamocortical,thalamocortical,5.8724184,9.512011
225,864691135351096279,train,L4IT,pyramidal,8.271016,9.451842
1601,864691136580010516,test,MartFam,MartFam,8.465464,4.11372
31,864691135209715833,train,L6IT,pyramidal,6.6793733,9.095255
4503,864691135398746401,train,MartFam,MartFam,2.894138,4.9376936
557,864691136007059658,test,BipFam,BipFam,6.10578,7.863468
3,864691135375655880,train,BipFam,BipFam,4.3188744,6.8827505
4785,864691135997140906,train,BipFam,BipFam,6.2824287,7.25203
2739,864691135210178169,test,BasketFam,BasketFam,0.8146525,7.1350226
2072,864691136330880234,train,MartFam,MartFam,4.451008,2.368017
5950,864691136603935441,train,BasketFam,BasketFam,0.23304294,5.308088
647,864691136425681967,train,L4IT,pyramidal,7.567539,6.6564655
1424,864691136372954248,test,NglFam,NglFam,5.964982,5.259611
836,864691136137210507,train,BipFam,BipFam,5.1994343,5.2414327
1849,864691136390828919,train,MartFam,MartFam,6.1505084,4.290223
57,864691135376096329,train,BipFam,BipFam,4.768131,10.084389
146,864691135594817067,test,L6CT,pyramidal,5.25146,8.26341
1018,864691136288755395,train,thalamocortical,thalamocortical,5.3007073,4.9514117
1640,864691135477104960,train,thalamocortical,thalamocortical,2.7764847,6.120612
1592,864691135689015264,train,thalamocortical,thalamocortical,2.879694,6.8849416
1792,864691135470860370,test,BipFam,BipFam,3.995863,2.8983307
1593,864691136619344859,test,BasketFam,BasketFam,0.94419336,3.8035073
5766,864691135689296608,train,BasketFam,BasketFam,-0.86254185,4.2798142
241,864691135309733190,train,NglFam,NglFam,8.775047,3.8667214
86,864691135309733190,train,NglFam,NglFam,9.034393,2.8031607
72,864691135689555680,train,NglFam,NglFam,9.053125,2.7508562
577,864691136927801674,train,L4IT,pyramidal,4.6677375,4.4266367
795,864691135997140906,train,BipFam,BipFam,5.3212647,8.978046
379,864691135689555680,train,NglFam,NglFam,8.087443,7.4703755
82,864691136137064075,train,BipFam,BipFam,4.959513,10.169305
3901,864691136138622333,train,BasketFam,BasketFam,-0.8385311,4.397175
7354,864691136006393034,train,MartFam,MartFam,8.790245,4.793704
6915,864691135464991645,train,thalamocortical,thalamocortical,4.8782635,4.726814
573,864691136211068860,train,BasketFam,BasketFam,-0.31992298,4.7769914
3463,864691136011549614,train,BipFam,BipFam,6.357497,8.263193
801,864691135940881830,train,MartFam,MartFam,4.066643,7.7248716
693,864691134887444986,test,NglFam,NglFam,5.7912345,6.828962
592,864691136372954248,test,NglFam,NglFam,4.055041,3.7534287
2266,864691135465795653,train,BasketFam,BasketFam,-0.056237176,4.2962503
4971,864691136211068860,train,BasketFam,BasketFam,-0.33643,7.490643
326,864691136381324501,train,BasketFam,BasketFam,-0.86646885,5.4202485
1786,864691135866821340,train,thalamocortical,thalamocortical,5.1576715,5.402061
395,864691135106309709,train,NglFam,NglFam,9.205834,8.326382
79,864691136314126653,train,BipFam,BipFam,5.588962,5.32815
3178,864691135892233097,train,BasketFam,BasketFam,-0.52204347,5.553307
3025,864691136011458734,test,BasketFam,BasketFam,-0.6391661,6.2253866
688,864691135689555680,train,NglFam,NglFam,7.98341,3.425381
568,864691135470860370,test,BipFam,BipFam,8.787034,3.4321687
6337,864691136007059658,test,BipFam,BipFam,5.1297803,6.685496
260,864691135132887456,test,NglFam,NglFam,8.630807,3.686507
606,864691135456535658,train,MartFam,MartFam,4.2690654,2.4380271
490,864691136674327431,train,L3IT,pyramidal,2.5506184,8.439939
291,864691135546339880,train,L4IT,pyramidal,4.5823216,7.534902
940,864691135336840425,train,BasketFam,BasketFam,-0.54205483,6.144954
86,864691135134695328,test,L2IT,pyramidal,6.402214,7.8289385
8507,864691136330880234,train,MartFam,MartFam,6.459366,4.149582
1014,864691135518989962,train,L2IT,pyramidal,7.467294,6.372562
149,864691136086632812,train,NglFam,NglFam,5.0419497,4.1777525
154,864691135503004765,train,BipFam,BipFam,3.9684093,6.8573775
1822,864691134966621471,train,MartFam,MartFam,3.286204,3.9925442
632,864691136311213914,test,BasketFam,BasketFam,-0.016221372,6.0701127
167,864691135464991645,train,thalamocortical,thalamocortical,2.0877974,3.8993566
1592,864691136372954248,test,NglFam,NglFam,8.087424,4.0030513
2603,864691136619344859,test,BasketFam,BasketFam,-0.544788,3.5424669
300,864691135503004765,train,BipFam,BipFam,6.1557903,6.559721
862,864691136914542577,train,MartFam,MartFam,3.6599479,3.933727
133,864691135700814114,train,L6CT,pyramidal,9.498018,8.868122
107,864691135343506885,train,BipFam,BipFam,8.498747,5.2859955
60,864691135518510218,train,NglFam,NglFam,9.070535,6.1878757
1196,864691135271970725,train,BasketFam,BasketFam,0.49787876,6.0461903
1287,864691136137168779,train,BipFam,BipFam,0.5216265,5.995536
715,864691135866821340,train,thalamocortical,thalamocortical,2.545863,7.6645803
1252,864691136372954248,test,NglFam,NglFam,3.6055555,3.96454
5290,864691135584068717,train,BasketFam,BasketFam,-1.2618308,4.2439017
11,864691135518510218,train,NglFam,NglFam,8.779243,2.7710993
1103,864691135214970752,train,BipFam,BipFam,4.664922,4.1235013
2814,864691136021592568,train,BasketFam,BasketFam,0.3310086,7.7381244
5147,864691136118878116,train,MartFam,MartFam,2.4960182,4.283074
329,864691136145572404,train,BipFam,BipFam,2.2654831,6.28147
993,864691136091233847,train,thalamocortical,thalamocortical,3.5326412,8.50704
704,864691135741910164,train,L6IT,pyramidal,6.5461307,9.4573
1153,864691135398746401,train,MartFam,MartFam,4.158514,3.894681
190,864691135060727707,train,L2IT,pyramidal,9.09293,6.2081647
4180,864691136603935441,train,BasketFam,BasketFam,0.93365765,6.752153
92,864691136436788382,train,BipFam,BipFam,7.8205066,7.7789235
6433,864691136007059658,test,BipFam,BipFam,4.304901,3.9150794
9183,864691135499765267,train,MartFam,MartFam,2.8604221,7.306796
7614,864691135196475434,train,MartFam,MartFam,2.862548,3.7605145
309,864691135464991645,train,thalamocortical,thalamocortical,2.5732856,6.1071754
581,864691134887444986,test,NglFam,NglFam,7.112045,2.8842316
1527,864691136603935441,train,BasketFam,BasketFam,-1.141399,4.8985744
3983,864691135470255698,train,thalamocortical,thalamocortical,2.345865,6.5148664
8302,864691135210446457,train,MartFam,MartFam,3.4410732,9.763684
781,864691135562950369,train,BipFam,BipFam,6.3509297,4.752321
88,864691135293096118,train,NglFam,NglFam,5.5361996,9.698858
1403,864691136229366097,test,BasketFam,BasketFam,0.5293773,7.2028975
1375,864691135878586963,test,thalamocortical,thalamocortical,5.50989,6.385599
941,864691135562950369,train,BipFam,BipFam,6.3173127,5.046315
7322,864691135464991645,train,thalamocortical,thalamocortical,1.328035,5.458191
3623,864691135477104960,train,thalamocortical,thalamocortical,2.348992,6.2631044
449,864691135510191369,train,L6CT,pyramidal,6.0191064,9.347058
4360,864691136390905207,train,MartFam,MartFam,5.6375637,2.7609406
457,864691136086632812,train,NglFam,NglFam,6.753393,2.8180034
1481,864691135503782210,test,BipFam,BipFam,3.979752,8.075121
18,864691135618339945,test,BipFam,BipFam,9.149705,9.2108965
512,864691134966249759,train,thalamocortical,thalamocortical,7.750268,6.308703
2369,864691135119636189,train,BasketFam,BasketFam,0.449133,8.725177
3504,864691135464991645,train,thalamocortical,thalamocortical,4.7970066,5.0847263
2008,864691135928029966,train,thalamocortical,thalamocortical,5.2954764,5.3777766
3753,864691135373601736,train,BasketFam,BasketFam,0.07934905,8.459399
923,864691136372954248,test,NglFam,NglFam,5.619845,3.1011884
209,864691136086632812,train,NglFam,NglFam,6.9312105,3.7821457
335,864691134887444986,test,NglFam,NglFam,3.796761,3.9926581
1337,864691135783317840,train,thalamocortical,thalamocortical,5.90656,3.937112
4133,864691135373601736,train,BasketFam,BasketFam,0.38212442,8.027185
41,864691136927366986,train,thalamocortical,thalamocortical,1.7620254,6.9861445
6027,864691135528046939,train,MartFam,MartFam,7.34813,4.283911
4999,864691136007128778,test,MartFam,MartFam,4.374292,2.2465827
1101,864691135431441968,train,thalamocortical,thalamocortical,2.1458426,6.9060006
2535,864691136067404440,test,MartFam,MartFam,4.7458253,3.4953387
549,864691136196932172,train,BasketFam,BasketFam,6.8947377,3.9359877
5850,864691135477104960,train,thalamocortical,thalamocortical,4.563929,5.520396
506,864691135119335645,train,thalamocortical,thalamocortical,2.043474,5.361324
2544,864691135134565280,train,BasketFam,BasketFam,1.458727,8.232329
326,864691135257669039,train,L3IT,pyramidal,6.839769,6.5822153
1664,864691135343506885,train,BipFam,BipFam,6.48361,8.007598
5907,864691136006393034,train,MartFam,MartFam,5.7118983,5.263414
899,864691136011458734,test,BasketFam,BasketFam,-0.17215003,5.1010985
2661,864691135778290109,train,BasketFam,BasketFam,0.6591608,8.336921
224,864691136010650796,train,BipFam,BipFam,8.970089,5.5587673
218,864691136523335057,test,L4IT,pyramidal,8.499022,9.518266
3340,864691135470255698,train,thalamocortical,thalamocortical,1.3715436,7.097338
1599,864691136120465944,train,thalamocortical,thalamocortical,5.6644754,8.624087
291,864691136391024144,train,NglFam,NglFam,6.22418,4.6596756
532,864691136239793212,test,NglFam,NglFam,5.6472216,8.571983
139,864691135303514791,train,NglFam,NglFam,8.528762,2.5365582
575,864691135577202181,train,MartFam,MartFam,5.7006907,9.326706
3133,864691135106209101,train,BasketFam,BasketFam,1.9901749,6.910984
5050,864691136288755395,train,thalamocortical,thalamocortical,1.5214931,6.3270946
1919,864691135470556242,train,MartFam,MartFam,8.551886,3.0019476
794,864691135809456669,test,L6IT,pyramidal,5.4594064,5.012532
967,864691136145572404,train,BipFam,BipFam,4.4943705,7.9916997
7546,864691136118878116,train,MartFam,MartFam,2.6908636,6.2925076
63,864691135685030130,train,thalamocortical,thalamocortical,3.254351,9.458014
140,864691136034526651,train,BipFam,BipFam,7.2656593,6.525185
194,864691135778773856,train,BipFam,BipFam,6.268397,4.376894
679,864691136137168779,train,BipFam,BipFam,4.47142,5.15016
948,864691136372954248,test,NglFam,NglFam,5.859922,3.5038903
33,864691135293096118,train,NglFam,NglFam,3.866723,8.235012
9,864691135890695049,test,L4IT,pyramidal,3.8419712,8.448708
111,864691136137168779,train,BipFam,BipFam,8.868181,9.343683
1032,864691136523971473,train,BipFam,BipFam,7.876388,3.6455934
9146,864691135562001633,train,MartFam,MartFam,2.7224345,4.149599
125,864691136336204979,train,NglFam,NglFam,8.221631,3.1375706
180,864691135817803599,test,BasketFam,BasketFam,-0.17239137,5.1071453
299,864691135741960340,train,BasketFam,BasketFam,0.53752154,8.427877
625,864691135742247787,train,L4IT,pyramidal,5.4923067,7.826685
440,864691136137210507,train,BipFam,BipFam,3.5694828,7.190331
573,864691135757040082,train,L4IT,pyramidal,8.127415,7.439245
8410,864691135756844242,test,MartFam,MartFam,4.5754714,2.9323518
128,864691136927176778,train,L5IT,pyramidal,4.3902297,9.599454
1551,864691135659538306,train,thalamocortical,thalamocortical,2.4309447,5.8978086
331,864691135106309709,train,NglFam,NglFam,9.637531,9.065735
2829,864691136390828919,train,MartFam,MartFam,5.6061625,3.7863326
330,864691135106309709,train,NglFam,NglFam,8.659044,9.512722
452,864691135656674242,train,L5IT,pyramidal,4.7029805,6.838014
4121,864691135858282030,train,MartFam,MartFam,0.32161647,3.4049356
160,864691135617409385,train,L5ET,pyramidal,4.719098,8.782495
2402,864691136288755395,train,thalamocortical,thalamocortical,2.3175173,6.591017
563,864691136618553563,test,L3IT,pyramidal,3.9381979,10.242707
999,864691136288755395,train,thalamocortical,thalamocortical,2.8034518,8.365194
71,864691134920000010,train,BasketFam,BasketFam,-0.09090616,5.398199
833,864691135470860370,test,BipFam,BipFam,4.7927904,3.477533
80,864691135592678411,train,BipFam,BipFam,9.031099,5.484983
196,864691136372954248,test,NglFam,NglFam,3.0332592,5.804375
2538,864691135387277397,test,thalamocortical,thalamocortical,1.3953099,5.76412
532,864691136579408916,test,L4IT,pyramidal,5.3480687,6.1577625
7192,864691136390675216,train,BasketFam,BasketFam,-0.23919152,5.474972
518,864691136239068732,train,L3IT,pyramidal,8.122001,6.956116
236,864691135014258070,train,BasketFam,BasketFam,0.12376441,7.6359653
0,864691136058895576,train,L4IT,pyramidal,4.445143,9.735149
344,864691135583172717,test,L4IT,pyramidal,3.481274,9.876457
24,864691135569282284,train,MartFam,MartFam,8.408971,9.582677
1080,864691135271343525,train,BipFam,BipFam,3.2728584,4.864903
265,864691135686283703,train,L4IT,pyramidal,6.844317,5.9414873
5663,864691135456535658,train,MartFam,MartFam,5.9012933,4.711692
457,864691135566824983,test,BipFam,BipFam,4.4329524,5.2391744
795,864691134887444986,test,NglFam,NglFam,3.2651758,4.49551
2560,864691135755605197,train,thalamocortical,thalamocortical,9.025085,7.9394555
2130,864691135387277397,test,thalamocortical,thalamocortical,2.0373287,3.5430055
1633,864691135562950369,train,BipFam,BipFam,3.3912923,5.4197164
352,864691136273370302,train,NglFam,NglFam,4.7201777,10.410344
1283,864691136372954248,test,NglFam,NglFam,3.3604462,5.336746
889,864691135106309709,train,NglFam,NglFam,4.5506134,9.157341
1714,864691135997428394,test,thalamocortical,thalamocortical,4.731372,4.5645294
1032,864691135101595680,test,L4IT,pyramidal,5.273557,6.1001477
72,864691136102207349,train,BipFam,BipFam,8.099178,7.773813
3917,864691136007059658,test,BipFam,BipFam,5.640564,5.403136
665,864691136086632812,train,NglFam,NglFam,8.0275,5.2361836
4773,864691135616183499,train,BasketFam,BasketFam,-0.7883589,5.8690143
1384,864691135477104960,train,thalamocortical,thalamocortical,3.2357268,3.8672035
1950,864691136053350131,test,thalamocortical,thalamocortical,4.393066,5.8530793
404,864691134887444986,test,NglFam,NglFam,4.7150855,4.852732
5697,864691136312445786,train,BasketFam,BasketFam,0.4599465,6.671918
328,864691136239793212,test,NglFam,NglFam,7.5003705,7.9317417
5824,864691136391023120,train,BasketFam,BasketFam,-0.67761594,5.7346187
380,864691135493665631,train,L4IT,pyramidal,7.8553767,7.5851173
5567,864691135362357319,train,BasketFam,BasketFam,1.1200039,3.8177855
179,864691136524282001,train,NglFam,NglFam,8.228425,2.573733
2204,864691135878586963,test,thalamocortical,thalamocortical,5.6942544,7.440288
879,864691135442598728,train,BasketFam,BasketFam,1.3013208,8.210052
7081,864691135464991645,train,thalamocortical,thalamocortical,4.861229,5.1251726
32,864691136273370302,train,NglFam,NglFam,9.686998,8.286129
209,864691135571356038,test,MartFam,MartFam,3.931692,2.5692706
5197,864691135271970725,train,BasketFam,BasketFam,4.634276,6.76945
1015,864691136372954248,test,NglFam,NglFam,4.1549664,3.813656
725,864691135503782210,test,BipFam,BipFam,9.478601,7.9843016
4404,864691135689015264,train,thalamocortical,thalamocortical,4.597074,5.6990485
3097,864691135343506885,train,BipFam,BipFam,6.3085327,8.189208
1871,864691136091233847,train,thalamocortical,thalamocortical,3.0407052,5.087309
3910,864691135741960340,train,BasketFam,BasketFam,-0.50611585,3.5249236
1823,864691135954480163,train,MartFam,MartFam,7.958453,3.446168
272,864691136436788382,train,BipFam,BipFam,8.0195675,9.00333
999,864691135442591048,train,BasketFam,BasketFam,0.46796685,3.8382597
2837,864691135387529301,test,BasketFam,BasketFam,-0.2796074,4.2927675
3054,864691135015437462,test,BasketFam,BasketFam,7.1282325,5.8101087
1427,864691136372954248,test,NglFam,NglFam,3.2799447,4.831086
444,864691135157619556,train,L4IT,pyramidal,4.9513583,9.790198
843,864691135106309709,train,NglFam,NglFam,5.7247767,9.883144
347,864691136905941426,train,BasketFam,BasketFam,-1.2291161,4.4161706
696,864691134887444986,test,NglFam,NglFam,6.3400893,5.051134
2105,864691135511861968,test,MartFam,MartFam,4.316445,5.1786666
1347,864691136524014993,train,BasketFam,BasketFam,0.43224034,6.70907
2913,864691135997140906,train,BipFam,BipFam,7.2109294,5.6517916
499,864691136336039091,train,L4IT,pyramidal,7.9678526,6.1364155
284,864691135782241616,test,L3IT,pyramidal,4.881674,7.117637
205,864691136136240011,test,L4IT,pyramidal,6.4884763,4.7297482
305,864691135840033171,train,NglFam,NglFam,3.3042154,8.194357
255,864691136925825354,test,BasketFam,BasketFam,0.6385958,8.070131
5678,864691135839979667,train,MartFam,MartFam,5.5431185,5.0075393
531,864691136239793212,test,NglFam,NglFam,8.87108,9.515126
331,864691135134945184,train,L4IT,pyramidal,3.4607556,6.3194523
1619,864691135478334888,train,BasketFam,BasketFam,-0.41499025,3.616832
520,864691135132887456,test,NglFam,NglFam,8.99753,3.8586195
280,864691135480892614,train,L4IT,pyramidal,7.5155463,8.69131
1615,864691136925008100,train,BipFam,BipFam,3.057978,5.1643195
325,864691136228491601,train,L3IT,pyramidal,5.6357093,6.2666583
2342,864691136268801012,test,BasketFam,BasketFam,0.31877494,3.7893767
1977,864691135447979922,train,BipFam,BipFam,8.815075,3.9713871
2138,864691135892233097,train,BasketFam,BasketFam,-0.23756519,5.652094
197,864691137199860033,test,BasketFam,BasketFam,-0.26480857,6.1047626
5256,864691136007059658,test,BipFam,BipFam,6.216416,5.4275675
355,864691136330122730,train,L5IT,pyramidal,6.7502985,8.99914
6287,864691135997428394,test,thalamocortical,thalamocortical,6.245571,5.617585
27,864691135689015264,train,thalamocortical,thalamocortical,3.9137433,5.0694656
143,864691135782156368,train,L5IT,pyramidal,3.6807544,8.873364
2228,864691135309486662,train,BasketFam,BasketFam,0.45739496,3.8750525
1667,864691135782873936,test,thalamocortical,thalamocortical,1.5803655,6.8442025
1253,864691136034412219,train,MartFam,MartFam,0.99234414,5.909638
383,864691136013554851,train,L4IT,pyramidal,9.063344,6.823201
45,864691135685030130,train,thalamocortical,thalamocortical,7.206178,6.6175385
5058,864691135346954143,train,MartFam,MartFam,4.436895,3.0119417
1211,864691135387277397,test,thalamocortical,thalamocortical,6.1106744,8.081294
3929,864691136312057178,train,BasketFam,BasketFam,-0.9362396,4.2971063
2617,864691135810495005,train,BasketFam,BasketFam,-1.2102342,4.0188575
133,864691135772920651,train,L4IT,pyramidal,7.4675,9.613872
556,864691135476311616,test,L4IT,pyramidal,3.8233562,10.329624
2085,864691135562001633,train,MartFam,MartFam,-0.86650383,5.888263
58,864691136239793212,test,NglFam,NglFam,3.9092064,10.424771
8515,864691135739131780,train,MartFam,MartFam,2.2046092,3.8493268
568,864691135339088102,test,L4IT,pyramidal,8.962898,6.50522
1010,864691136137064075,train,BipFam,BipFam,7.9720697,9.891109
126,864691135742677867,train,BipFam,BipFam,3.6675625,5.9200816
1460,864691136118878116,train,MartFam,MartFam,6.930017,3.634578
152,864691135732578745,train,L3IT,pyramidal,7.998323,6.326901
253,864691135782241616,test,L3IT,pyramidal,4.504026,9.137341
439,864691135778618029,train,BipFam,BipFam,5.3351107,6.664559
1664,864691136145537844,train,BipFam,BipFam,3.5320492,6.0652256
1225,864691135685030130,train,thalamocortical,thalamocortical,5.442927,7.061502
5120,864691136268801012,test,BasketFam,BasketFam,0.2628745,7.370038
2863,864691135343601093,train,BasketFam,BasketFam,0.6265668,6.4675026
1774,864691136925008100,train,BipFam,BipFam,2.642262,4.3636627
639,864691135106309709,train,NglFam,NglFam,9.206724,8.668073
1537,864691135113360025,test,BasketFam,BasketFam,8.264576,10.019582
2204,864691137199860033,test,BasketFam,BasketFam,5.0947113,5.2314153
397,864691136012173475,test,BipFam,BipFam,7.210708,4.9165864
1044,864691135783317840,train,thalamocortical,thalamocortical,2.5530114,8.375558
667,864691135106309709,train,NglFam,NglFam,9.391889,9.268276
695,864691136137064075,train,BipFam,BipFam,0.008696055,8.326069
2859,864691135686540471,train,BasketFam,BasketFam,-0.017260442,6.172752
3816,864691136620192653,train,MartFam,MartFam,4.9651113,7.2584515
62,864691134887444986,test,NglFam,NglFam,8.158593,4.606375
2846,864691135875414414,train,BasketFam,BasketFam,-0.03939674,4.0034447
2459,864691135772774651,test,MartFam,MartFam,7.1617975,3.2429922
1265,864691135562950369,train,BipFam,BipFam,3.8724716,7.516551
3756,864691136211068860,train,BasketFam,BasketFam,0.46586883,7.5812397
1657,864691135940881830,train,MartFam,MartFam,7.3374166,4.2630386
5048,864691136138622333,train,BasketFam,BasketFam,-0.86991096,5.9245853
88,864691136228538961,train,L5IT,pyramidal,8.384505,4.7920456
4988,864691136007059658,test,BipFam,BipFam,8.197227,4.7742853
3221,864691135499752723,train,BasketFam,BasketFam,-0.83013606,4.4924607
1023,864691135997140906,train,BipFam,BipFam,7.248832,7.719049
3333,864691136288755395,train,thalamocortical,thalamocortical,2.2589753,6.6430235
101,864691136239793212,test,NglFam,NglFam,5.894201,8.732055
785,864691136007059658,test,BipFam,BipFam,9.297321,8.566396
1287,864691135387277397,test,thalamocortical,thalamocortical,3.7454994,6.6972837
638,864691136273370302,train,NglFam,NglFam,7.2921643,9.441795
1234,864691135274708753,train,BasketFam,BasketFam,0.52138966,5.8502793
406,864691134887444986,test,NglFam,NglFam,3.387685,4.554565
1914,864691135941898918,train,MartFam,MartFam,7.003442,5.1801395
391,864691136391024144,train,NglFam,NglFam,6.2400904,2.7749293
2757,864691135499624723,train,BasketFam,BasketFam,1.1288781,7.407531
2164,864691135783317840,train,thalamocortical,thalamocortical,1.2866782,5.3120146
153,864691136145572404,train,BipFam,BipFam,2.7567785,8.166009
4087,864691136118878116,train,MartFam,MartFam,3.3308532,4.601096
819,864691135503782210,test,BipFam,BipFam,3.9643288,10.467482
4909,864691136311213914,test,BasketFam,BasketFam,5.512743,5.584714
1597,864691135343601093,train,BasketFam,BasketFam,0.42902976,7.565996
4459,864691135571356038,test,MartFam,MartFam,8.213,4.908276
3572,864691135779780797,test,MartFam,MartFam,4.8916907,3.0914059
440,864691135689555680,train,NglFam,NglFam,5.230576,4.3464417
495,864691135810308125,train,L2IT,pyramidal,8.145518,8.062505
2265,864691135477104960,train,thalamocortical,thalamocortical,2.3163412,5.272271
1078,864691136390677264,test,BasketFam,BasketFam,6.1494737,9.4317045
691,864691135689555680,train,NglFam,NglFam,3.3859453,7.886007
17,864691135659538306,train,thalamocortical,thalamocortical,8.923588,5.3832355
318,864691136364166370,train,BipFam,BipFam,4.663633,5.5568724
173,864691135840033171,train,NglFam,NglFam,8.060843,6.980387
33,864691135693735103,train,NglFam,NglFam,7.010469,9.32126
5509,864691135464991645,train,thalamocortical,thalamocortical,3.2357812,6.1544986
11834,864691135858282030,train,MartFam,MartFam,1.7756828,6.4805746
273,864691135106309709,train,NglFam,NglFam,8.054609,8.804331
7571,864691135196475434,train,MartFam,MartFam,2.6246119,5.058732
1530,864691136372954248,test,NglFam,NglFam,8.913229,5.071357
2261,864691136311213914,test,BasketFam,BasketFam,1.2798764,3.8109827
2001,864691135782873936,test,thalamocortical,thalamocortical,2.3645375,6.6946535
2473,864691135858363694,train,BasketFam,BasketFam,-0.9546094,5.3283877
163,864691135778132576,train,L5IT,pyramidal,7.4478135,7.159551
670,864691135595810859,train,BasketFam,BasketFam,-0.46759215,6.2342734
845,864691135398762529,train,BipFam,BipFam,5.5903025,4.705042
16,864691135398762529,train,BipFam,BipFam,8.27709,7.6660914
2370,864691136053350131,test,thalamocortical,thalamocortical,2.0432773,4.2313495
513,864691135867532933,train,L6IT,pyramidal,8.416919,9.709773
20,864691135726340523,train,L6IT,pyramidal,8.464665,9.764693
3371,864691135941898918,train,MartFam,MartFam,-0.13363849,4.6108217
1853,864691136312076122,train,MartFam,MartFam,8.91762,7.0888042
117,864691136091074615,train,L4IT,pyramidal,5.0420938,7.9843273
122,864691136010650796,train,BipFam,BipFam,0.017143346,3.7720804
15,864691136118294692,train,thalamocortical,thalamocortical,1.9494296,5.2471676
2567,864691135997140906,train,BipFam,BipFam,9.091195,8.131487
994,864691135783317840,train,thalamocortical,thalamocortical,4.6550045,8.83351
317,864691135106309709,train,NglFam,NglFam,5.1257396,9.535268
453,864691135566902039,train,BipFam,BipFam,6.3532424,5.62447
438,864691135511861968,test,MartFam,MartFam,3.3386781,4.5547037
1887,864691135685030130,train,thalamocortical,thalamocortical,4.724999,5.543654
5329,864691135853090503,test,BasketFam,BasketFam,0.9197835,7.19966
1848,864691135106209101,train,BasketFam,BasketFam,0.17931108,4.9378924
212,864691135309733190,train,NglFam,NglFam,9.16401,3.480254
2724,864691135997140906,train,BipFam,BipFam,7.3159,6.886891
6032,864691135725779883,train,BasketFam,BasketFam,4.8525743,9.562759
3017,864691136311213914,test,BasketFam,BasketFam,-1.1382096,4.27509
4255,864691135210443897,train,BasketFam,BasketFam,0.9079491,7.287691
2455,864691136620192653,train,MartFam,MartFam,6.764091,6.647107
9337,864691136011485614,test,BasketFam,BasketFam,-0.3400919,6.538963
1143,864691135782873936,test,thalamocortical,thalamocortical,3.063266,8.117757
311,864691136524282001,train,NglFam,NglFam,6.769413,4.6103964
3593,864691136118878116,train,MartFam,MartFam,5.594003,2.8976283
1592,864691136580010516,test,MartFam,MartFam,3.5093377,3.1512704
184,864691136335689907,train,L4IT,pyramidal,4.571389,10.31238
277,864691136273370302,train,NglFam,NglFam,7.6792684,7.9738126
1155,864691135387277397,test,thalamocortical,thalamocortical,5.4319935,9.3764715
3784,864691135569282284,train,MartFam,MartFam,5.9943237,2.5848527
285,864691135742824555,train,BipFam,BipFam,5.3130126,8.053384
375,864691136239793212,test,NglFam,NglFam,3.7671125,10.392032
12745,864691135779780797,test,MartFam,MartFam,4.1250587,2.334113
7370,864691135464991645,train,thalamocortical,thalamocortical,3.751695,9.226236
332,864691136273370302,train,NglFam,NglFam,8.872892,9.050376
858,864691135389004929,train,BasketFam,BasketFam,0.43233725,8.041338
1189,864691136118430628,train,BipFam,BipFam,7.7308445,6.90243
802,864691135351159255,train,thalamocortical,thalamocortical,7.9273973,8.868867
22,864691136372954248,test,NglFam,NglFam,5.353028,6.05253
182,864691135274860561,train,L4IT,pyramidal,3.482124,9.674374
596,864691135388984961,train,BasketFam,BasketFam,0.5298896,8.125783
31,864691135398762529,train,BipFam,BipFam,6.287935,4.751046
933,864691135941829121,test,BasketFam,BasketFam,0.14741671,7.656449
307,864691136118882468,train,BasketFam,BasketFam,7.164019,8.071872
92,864691135990564864,train,NglFam,NglFam,8.914707,2.836725
565,864691136138622333,train,BasketFam,BasketFam,-0.74553156,5.963375
6606,864691136914542577,train,MartFam,MartFam,3.9451513,4.3246474
741,864691136372954248,test,NglFam,NglFam,4.634808,4.171864
7936,864691135456535658,train,MartFam,MartFam,3.3093932,3.342596
765,864691135448811860,train,BasketFam,BasketFam,0.14040345,3.6423888
1735,864691136053350131,test,thalamocortical,thalamocortical,5.803041,5.3109593
276,864691136991606421,train,L4IT,pyramidal,5.1743813,6.0336103
404,864691136273370302,train,NglFam,NglFam,9.812226,8.382251
396,864691136239793212,test,NglFam,NglFam,9.535785,9.027189
298,864691135783317840,train,thalamocortical,thalamocortical,4.629506,7.5728507
159,864691136524282001,train,NglFam,NglFam,8.525028,4.3907685
2373,864691135294194358,train,thalamocortical,thalamocortical,0.6195645,4.3543124
1266,864691135858363694,train,BasketFam,BasketFam,1.0620862,5.903473
8574,864691136390905207,train,MartFam,MartFam,3.7115464,3.7563329
109,864691135878061395,train,L5IT,pyramidal,3.469741,10.021643
1417,864691135447979922,train,BipFam,BipFam,8.277407,4.778025
377,864691135783317840,train,thalamocortical,thalamocortical,5.138938,5.493854
216,864691136372954248,test,NglFam,NglFam,3.6898227,6.0249825
1665,864691136195284556,train,MartFam,MartFam,8.973805,8.080001
89,864691135235206489,train,MartFam,MartFam,4.465758,2.6884608
4085,864691135477104960,train,thalamocortical,thalamocortical,3.5680935,8.804368
11,864691135782330192,train,L6CT,pyramidal,5.251483,9.865008
5940,864691136312445786,train,BasketFam,BasketFam,0.11360031,5.155166
597,864691135468948364,train,L3IT,pyramidal,8.490185,7.004118
3513,864691136067404440,test,MartFam,MartFam,3.1353478,3.972979
309,864691135810495005,train,BasketFam,BasketFam,0.60906476,4.267052
4055,864691136067404440,test,MartFam,MartFam,2.90728,6.913737
751,864691136372954248,test,NglFam,NglFam,3.152294,3.9208384
308,864691136742921308,test,BasketFam,BasketFam,5.6214647,8.902735
825,864691135778081453,train,thalamocortical,thalamocortical,5.495431,8.828925
4681,864691135470255698,train,thalamocortical,thalamocortical,2.7698686,3.986007
1432,864691136007059658,test,BipFam,BipFam,3.605165,8.299705
1457,864691136118294692,train,thalamocortical,thalamocortical,3.0035875,7.0905385
2447,864691135584068717,train,BasketFam,BasketFam,-0.17878103,4.2428565
1779,864691135659538306,train,thalamocortical,thalamocortical,3.392588,7.4584613
2581,864691135741889940,train,BasketFam,BasketFam,0.0744804,6.684712
388,864691135764890678,train,MartFam,MartFam,5.5313435,5.52844
1025,864691135447979922,train,BipFam,BipFam,6.478545,4.4437237
2462,864691136523971473,train,BipFam,BipFam,4.518081,4.277286
845,864691135571546917,train,MartFam,MartFam,2.945581,6.8276653
3455,864691135325426076,train,MartFam,MartFam,7.9281044,5.9760866
120,864691136927187786,test,L5IT,pyramidal,7.0046844,7.9923778
552,864691137022180974,test,MartFam,MartFam,3.035274,6.192974
2722,864691136523971473,train,BipFam,BipFam,7.768369,7.9101696
1962,864691135258628527,test,BasketFam,BasketFam,0.91173315,6.765642
901,864691135689555680,train,NglFam,NglFam,4.9941363,4.0428634
359,864691136040742142,test,BasketFam,BasketFam,-0.51658064,4.2307525
9235,864691136118878116,train,MartFam,MartFam,4.503564,4.6604314
426,864691135346685855,train,L4IT,pyramidal,6.843331,8.5581875
2,864691135763549238,train,L6IT,pyramidal,0.76542944,6.835997
5494,864691136033871035,train,thalamocortical,thalamocortical,2.2144544,5.511139
3613,864691135566979927,train,MartFam,MartFam,5.423326,4.2661057
977,864691135592837899,train,BasketFam,BasketFam,-0.35670742,6.668884
49,864691135336840425,train,BasketFam,BasketFam,-0.08449508,7.681008
298,864691136025992761,train,BipFam,BipFam,5.209545,8.863598
734,864691135477104960,train,thalamocortical,thalamocortical,5.2450852,4.427446
795,864691135106309709,train,NglFam,NglFam,9.278461,9.221013
2739,864691136438216350,train,BasketFam,BasketFam,-1.2575215,4.806289
3847,864691135569282284,train,MartFam,MartFam,5.103846,4.8619056
438,864691135293096118,train,NglFam,NglFam,3.19818,4.2439737
251,864691136390905207,train,MartFam,MartFam,6.2510405,7.520568
769,864691136107486169,train,L4IT,pyramidal,7.4284825,7.577083
49,864691136239793212,test,NglFam,NglFam,5.8478622,9.788914
1361,864691136580010516,test,MartFam,MartFam,3.3598096,3.554648
169,864691135954940424,train,BipFam,BipFam,5.5911937,6.602852
1437,864691136484883756,train,BasketFam,BasketFam,5.8628316,9.110391
441,864691135640672571,train,L4IT,pyramidal,5.158341,6.1399713
7724,864691135774221643,train,MartFam,MartFam,3.2951484,4.519326
298,864691136108370905,train,BipFam,BipFam,8.326038,5.938483
1340,864691135726140843,train,L3IT,pyramidal,7.4955873,8.660066
467,864691136523971473,train,BipFam,BipFam,3.2899523,8.421717
10715,864691135271967397,train,MartFam,MartFam,3.118256,6.4429655
247,864691135742824555,train,BipFam,BipFam,4.768129,5.8239455
2760,864691136288755395,train,thalamocortical,thalamocortical,5.097339,7.131257
83,864691135309733190,train,NglFam,NglFam,8.805495,3.0194407
1309,864691136137168779,train,BipFam,BipFam,4.665842,5.114077
7798,864691135720572977,train,MartFam,MartFam,-1.2645457,4.5495553
4678,864691135778081453,train,thalamocortical,thalamocortical,4.143139,5.5310984
4707,864691135464991645,train,thalamocortical,thalamocortical,4.7464895,6.1309433
472,864691136086632812,train,NglFam,NglFam,8.420444,8.39064
1565,864691135343506885,train,BipFam,BipFam,7.1731343,8.93716
348,864691135132887456,test,NglFam,NglFam,9.170821,3.6765645
386,864691135387535957,train,L4IT,pyramidal,6.3941746,8.620624
1829,864691135281109665,train,BasketFam,BasketFam,-0.6230878,4.0428123
298,864691136372954248,test,NglFam,NglFam,5.7997804,4.115961
1904,864691135478434216,train,BasketFam,BasketFam,2.9350014,5.5525947
1005,864691135478334888,train,BasketFam,BasketFam,-0.64795136,3.6603835
503,864691135132887456,test,NglFam,NglFam,4.193684,3.6287606
520,864691135689555680,train,NglFam,NglFam,5.393125,6.701004
189,864691136372954248,test,NglFam,NglFam,3.289026,4.0804915
2495,864691135369668089,train,BasketFam,BasketFam,5.6753416,8.941038
1686,864691136925008100,train,BipFam,BipFam,3.3438094,4.542206
1262,864691136137064075,train,BipFam,BipFam,4.814779,6.8458824
5202,864691135456535658,train,MartFam,MartFam,4.8979287,2.6567075
667,864691135215078712,train,BipFam,BipFam,6.9276185,5.8238096
1332,864691135431441968,train,thalamocortical,thalamocortical,3.3391747,7.258578
1255,864691135783317840,train,thalamocortical,thalamocortical,1.7753407,5.496659
820,864691135593133067,train,L4IT,pyramidal,7.429448,7.3448563
1017,864691136011458734,test,BasketFam,BasketFam,-0.28718975,5.6470814
1751,864691135470255698,train,thalamocortical,thalamocortical,2.9213576,6.1506886
477,864691136273370302,train,NglFam,NglFam,8.321502,9.691552
264,864691136452920319,train,BasketFam,BasketFam,0.7599119,5.982583
1103,864691135384716762,train,MartFam,MartFam,3.0906687,5.6655436
2753,864691135346954143,train,MartFam,MartFam,3.140418,5.7788095
2880,864691135891690121,train,BasketFam,BasketFam,3.1243436,9.019711
338,864691135689555680,train,NglFam,NglFam,2.913449,5.329945
563,864691135970210661,train,L5IT,pyramidal,4.7591214,9.571095
19,864691135997428394,test,thalamocortical,thalamocortical,4.8217525,4.7743893
1031,864691135387277397,test,thalamocortical,thalamocortical,7.0213656,5.700386
659,864691136108370905,train,BipFam,BipFam,6.063043,4.5397673
115,864691137199828801,train,L5IT,pyramidal,7.380309,6.9611063
435,864691135689555680,train,NglFam,NglFam,8.527834,3.328952
619,864691135689555680,train,NglFam,NglFam,8.651425,4.3637238
3039,864691135492888039,test,BasketFam,BasketFam,0.3102417,4.0255485
1686,864691135778081453,train,thalamocortical,thalamocortical,3.5713835,6.1396422
1606,864691135892233097,train,BasketFam,BasketFam,-0.0005474916,3.6776488
5425,864691135703016059,train,MartFam,MartFam,3.050417,3.760115
1014,864691135060784027,test,thalamocortical,thalamocortical,1.5998027,5.4817376
63,864691136903387826,train,MartFam,MartFam,6.337841,3.23658
452,864691135755707597,train,BipFam,BipFam,6.8499494,3.29322
562,864691136138335101,train,L6IT,pyramidal,8.911657,9.939939
11,864691136313406781,test,L4IT,pyramidal,4.210379,6.43832
60,864691135716679194,train,L6CT,pyramidal,4.345016,9.519799
566,864691136445062787,test,L4IT,pyramidal,7.8696094,7.9780293
606,864691135694264511,train,L4IT,pyramidal,3.304456,7.9504304
93,864691135689555680,train,NglFam,NglFam,6.7176037,3.2783024
1231,864691136137168779,train,BipFam,BipFam,3.0533764,4.318425
221,864691135996104618,train,BasketFam,BasketFam,7.9331517,10.065167
494,864691135570301676,test,L4IT,pyramidal,4.573573,8.91914
102,864691136336204979,train,NglFam,NglFam,9.193396,3.1053917
4363,864691135477104960,train,thalamocortical,thalamocortical,5.188435,4.5605545
2144,864691135561699041,train,MartFam,MartFam,3.411123,5.919396
150,864691135293096118,train,NglFam,NglFam,4.80061,7.776069
77,864691135511324169,train,BipFam,BipFam,8.3823185,5.798757
2705,864691136905941426,train,BasketFam,BasketFam,-0.85931146,4.3428907
48,864691135369087481,train,L6CT,pyramidal,5.0064554,6.7340984
2562,864691135398746401,train,MartFam,MartFam,3.1621087,3.8704364
1580,864691135470255698,train,thalamocortical,thalamocortical,5.232808,5.3627806
137,864691136273370302,train,NglFam,NglFam,6.28566,8.614313
84,864691136372954248,test,NglFam,NglFam,4.2985525,6.664151
22,864691136524282001,train,NglFam,NglFam,6.981561,3.2190115
1544,864691136925825354,test,BasketFam,BasketFam,4.4252462,10.298922
610,864691135015437462,test,BasketFam,BasketFam,-1.2575216,4.2778234
547,864691135662802416,train,L4IT,pyramidal,6.698854,8.404691
265,864691136580010516,test,MartFam,MartFam,2.8515372,7.852592
295,864691136298045979,test,L5IT,pyramidal,7.3425694,8.538793
2924,864691135235206489,train,MartFam,MartFam,3.8192625,3.9148304
17,864691135686399415,train,BipFam,BipFam,6.742857,5.0789676
1251,864691136372954248,test,NglFam,NglFam,3.175435,6.617776
2686,864691135571440006,train,MartFam,MartFam,8.405811,5.708872
615,864691136372954248,test,NglFam,NglFam,5.112511,4.728118
340,864691135742668395,train,MartFam,MartFam,7.7390323,7.0210743
7086,864691135271967397,train,MartFam,MartFam,1.2955663,5.8942976
5013,864691135271970725,train,BasketFam,BasketFam,0.5868099,6.3542643
124,864691136314178365,train,BipFam,BipFam,8.913297,4.5338097
1139,864691135341516741,test,MartFam,MartFam,7.4134464,3.5035515
517,864691135810098717,test,BasketFam,BasketFam,0.7248778,8.223254
4,864691136239793212,test,NglFam,NglFam,9.322477,7.9786243
97,864691136372954248,test,NglFam,NglFam,3.3123178,7.0195165
50,864691135305383591,train,NglFam,NglFam,8.817753,3.5734234
250,864691136273370302,train,NglFam,NglFam,5.9958854,9.804179
2432,864691136489623826,train,BasketFam,BasketFam,0.12729056,5.3116794
1781,864691135571546917,train,MartFam,MartFam,3.3056707,3.6554885
206,864691136119885080,train,L3IT,pyramidal,8.420331,9.738717
4235,864691135499616019,train,BasketFam,BasketFam,0.24039552,7.1935163
2129,864691135954480163,train,MartFam,MartFam,3.5046058,4.023929
4023,864691135464991645,train,thalamocortical,thalamocortical,1.6349676,5.6283507
217,864691135778290109,train,BasketFam,BasketFam,0.8184842,4.1809654
110,864691135305383591,train,NglFam,NglFam,7.807138,4.3397756
84,864691135305383591,train,NglFam,NglFam,8.929582,4.990604
1631,864691135343506885,train,BipFam,BipFam,4.423823,8.102543
42,864691135293096118,train,NglFam,NglFam,3.977289,9.609595
43,864691135778773856,train,BipFam,BipFam,6.9092355,9.525219
580,864691135503782210,test,BipFam,BipFam,4.2861567,10.084773
665,864691135405337326,test,L3IT,pyramidal,7.0349016,7.089063
5155,864691136298913563,train,MartFam,MartFam,2.9893456,5.025253
1084,864691134989909114,test,MartFam,MartFam,7.8790574,3.040962
1831,864691135584019053,test,MartFam,MartFam,3.9612877,3.206024
459,864691136137210507,train,BipFam,BipFam,4.2358003,7.322181
349,864691135303514791,train,NglFam,NglFam,8.768023,2.9036272
80,864691135954680867,train,L4IT,pyramidal,6.638085,7.0443435
4629,864691136288755395,train,thalamocortical,thalamocortical,2.1211908,6.6558957
339,864691134887444986,test,NglFam,NglFam,5.10971,4.5701475
356,864691136380266965,train,L4IT,pyramidal,7.7545586,8.19431
2902,864691135782873936,test,thalamocortical,thalamocortical,2.389723,8.701558
3209,864691135470255698,train,thalamocortical,thalamocortical,4.9966545,5.7848244
987,864691136913135089,train,MartFam,MartFam,1.3924001,7.4376483
519,864691135386963541,train,L4IT,pyramidal,7.3813972,8.303763
622,864691136905560754,train,L5IT,pyramidal,7.89495,9.744853
524,864691135810297885,train,BipFam,BipFam,9.026873,9.439397
3300,864691135772774651,test,MartFam,MartFam,4.6931534,2.6344197
3674,864691135641196091,train,MartFam,MartFam,0.18320443,8.17892
3696,864691136053350131,test,thalamocortical,thalamocortical,1.5726782,6.6031036
501,864691136425073455,train,L5IT,pyramidal,9.0335455,8.087071
980,864691135106309709,train,NglFam,NglFam,9.411211,9.261727
257,864691136227297105,train,MartFam,MartFam,6.2954235,8.462655
1501,864691135431441968,train,thalamocortical,thalamocortical,2.9374225,8.932512
4462,864691135997140906,train,BipFam,BipFam,7.1293764,6.3910394
2720,864691136034412219,train,MartFam,MartFam,7.87253,3.5387232
949,864691136288755395,train,thalamocortical,thalamocortical,3.074432,6.1515203
158,864691135593133067,train,L4IT,pyramidal,6.3277717,6.9002686
6997,864691136312076122,train,MartFam,MartFam,7.813628,7.1424193
2904,864691136145494068,train,BasketFam,BasketFam,-0.8894976,5.0865974
976,864691135741998484,train,L4IT,pyramidal,6.3597865,6.4620194
571,864691135124209447,train,L6IT,pyramidal,5.722405,6.1362042
1393,864691135341516741,test,MartFam,MartFam,8.548156,2.5376787
477,864691135755605197,train,thalamocortical,thalamocortical,1.4886299,7.100504
642,864691135446065810,train,MartFam,MartFam,4.337462,3.1097627
2431,864691135384716762,train,MartFam,MartFam,2.6269972,4.1708107
193,864691135689555680,train,NglFam,NglFam,5.9665895,6.4419227
2180,864691135997428394,test,thalamocortical,thalamocortical,1.6602402,5.4700594
2524,864691136925008100,train,BipFam,BipFam,2.4487126,7.764149
799,864691136273370302,train,NglFam,NglFam,4.267155,10.458439
7069,864691136007059658,test,BipFam,BipFam,6.1502905,4.5336237
210,864691135989836288,train,L2IT,pyramidal,7.457529,7.0332093
4896,864691135470255698,train,thalamocortical,thalamocortical,2.2909634,6.6292233
993,864691135477104960,train,thalamocortical,thalamocortical,2.4803443,6.395439
3156,864691136123919654,train,BasketFam,BasketFam,-0.6180719,3.527734
575,864691135774221643,train,MartFam,MartFam,4.0087013,7.820757
28,864691135309733190,train,NglFam,NglFam,8.617786,3.9650304
84,864691135214970752,train,BipFam,BipFam,7.946074,8.023503
3269,864691135446065810,train,MartFam,MartFam,0.64810693,5.986388
4124,864691135477104960,train,thalamocortical,thalamocortical,8.166431,2.5423508
26,864691136229366097,test,BasketFam,BasketFam,-0.46012414,6.279905
426,864691136145572404,train,BipFam,BipFam,2.7717707,8.43467
1873,864691135778081453,train,thalamocortical,thalamocortical,2.2104561,7.978749
1362,864691135971464805,train,BasketFam,BasketFam,-0.8294765,4.1267834
14,864691136034199739,train,BipFam,BipFam,8.205745,8.898744
2721,864691135928029966,train,thalamocortical,thalamocortical,2.9523742,6.1747994
32,864691135809568029,train,L4IT,pyramidal,5.672712,9.069399
7422,864691135477104960,train,thalamocortical,thalamocortical,5.3408537,4.6560187
95,864691135504315317,test,L3IT,pyramidal,5.0397367,7.777586
184,864691135303514791,train,NglFam,NglFam,7.346463,5.1906033
1372,864691136487168530,train,MartFam,MartFam,8.3019705,8.992388
276,864691135369651193,train,BipFam,BipFam,3.385863,5.663843
168,864691135742895723,test,BipFam,BipFam,3.0190678,7.5825486
2907,864691135477104960,train,thalamocortical,thalamocortical,2.6522338,5.978321
91,864691135689417440,train,L5IT,pyramidal,4.864366,9.560797
4088,864691135939776309,train,MartFam,MartFam,5.639922,3.3833823
3211,864691135499765267,train,MartFam,MartFam,3.4654355,3.363623
1940,864691135384716762,train,MartFam,MartFam,3.4177036,3.3318856
989,864691136372954248,test,NglFam,NglFam,4.7010202,4.4457397
2342,864691135464991645,train,thalamocortical,thalamocortical,3.152913,7.6131315
765,864691135442591048,train,BasketFam,BasketFam,0.62871045,8.823639
964,864691136120658712,test,L2IT,pyramidal,8.835454,7.8854866
349,864691136372954248,test,NglFam,NglFam,4.984963,7.5247464
1681,864691136392682879,train,BasketFam,BasketFam,0.065134265,6.776759
96,864691135502885954,train,L2IT,pyramidal,8.060944,8.140762
1314,864691136033871035,train,thalamocortical,thalamocortical,4.297798,4.950601
747,864691136372954248,test,NglFam,NglFam,5.863248,5.2485185
291,864691135839932307,train,L2IT,pyramidal,8.149654,7.5220933
1505,864691136145572404,train,BipFam,BipFam,4.346912,6.3038516
7124,864691135774221643,train,MartFam,MartFam,2.6712887,4.2660465
2857,864691135592837899,train,BasketFam,BasketFam,-0.19001806,5.1762767
6454,864691136914542577,train,MartFam,MartFam,3.9948144,2.4938476
1166,864691135431441968,train,thalamocortical,thalamocortical,2.850251,5.474955
504,864691135015437462,test,BasketFam,BasketFam,0.92558604,4.9924264
13,864691135994134977,train,L4IT,pyramidal,6.4626503,6.883735
218,864691135584019053,test,MartFam,MartFam,3.1590466,4.0879107
226,864691136484948012,train,L2IT,pyramidal,4.275498,9.494409
449,864691136086632812,train,NglFam,NglFam,4.3102283,6.9796615
795,864691136034433723,train,MartFam,MartFam,9.195406,3.0116103
84,864691135853198023,test,L5ET,pyramidal,4.4397836,10.256601
2159,864691135990520064,train,BasketFam,BasketFam,-0.91823876,4.2394457
1315,864691135741998484,train,L4IT,pyramidal,8.894887,8.971159
127,864691135810297885,train,BipFam,BipFam,9.03918,9.684001
853,864691135756844242,test,MartFam,MartFam,8.455237,9.719912
2635,864691136905941426,train,BasketFam,BasketFam,-0.9951247,4.9725513
608,864691135742677867,train,BipFam,BipFam,4.869041,8.189931
589,864691135886132080,test,L4IT,pyramidal,6.412471,6.892512
2827,864691135294194358,train,thalamocortical,thalamocortical,2.5549657,6.20748
268,864691135106309709,train,NglFam,NglFam,8.021432,8.635843
2072,864691135778081453,train,thalamocortical,thalamocortical,1.825042,5.295231
1446,864691135920776624,train,MartFam,MartFam,8.664827,4.675904
1005,864691135396940021,train,L4IT,pyramidal,8.445361,7.0736856
6972,864691135477104960,train,thalamocortical,thalamocortical,3.9152954,8.165926
2420,864691135878586963,test,thalamocortical,thalamocortical,2.062103,7.2164407
212,864691135369651193,train,BipFam,BipFam,3.275301,5.060241
454,864691136086632812,train,NglFam,NglFam,7.3008313,4.9214587
584,864691135993150913,train,L3IT,pyramidal,9.006821,4.787673
39,864691135885996912,train,BipFam,BipFam,6.957915,4.563378
683,864691135583352941,train,L4IT,pyramidal,8.299818,9.409538
1877,864691136011458734,test,BasketFam,BasketFam,0.006457004,6.4487505
935,864691136484732972,train,L4IT,pyramidal,7.2259445,6.5315056
1338,864691135464991645,train,thalamocortical,thalamocortical,6.155645,8.263517
4292,864691135756844242,test,MartFam,MartFam,7.631895,8.087826
3486,864691135518791818,train,BasketFam,BasketFam,0.3412286,8.334976
1632,864691135346954143,train,MartFam,MartFam,5.868711,5.2789435
1152,864691135562950369,train,BipFam,BipFam,5.158045,6.4960966
1951,864691136966189518,test,MartFam,MartFam,8.990838,6.5827975
349,864691136086632812,train,NglFam,NglFam,6.0036316,5.626499
1272,864691135997428394,test,thalamocortical,thalamocortical,-0.13065621,5.983776
1784,864691136314120765,train,BasketFam,BasketFam,0.7101126,5.24577
3219,864691135477104960,train,thalamocortical,thalamocortical,2.5572627,7.4818444
303,864691136012173475,test,BipFam,BipFam,8.160986,7.8683505
1460,864691134966249759,train,thalamocortical,thalamocortical,2.4045613,8.215529
858,864691136372954248,test,NglFam,NglFam,2.6484368,5.948108
1484,864691136007059658,test,BipFam,BipFam,6.279416,7.8005257
955,864691135988742147,train,L4IT,pyramidal,5.602927,5.449514
1698,864691135398746401,train,MartFam,MartFam,8.40616,3.1438293
1155,864691136110765496,train,MartFam,MartFam,7.610841,8.977079
186,864691135106309709,train,NglFam,NglFam,9.718483,8.644925
1036,864691135742895723,test,BipFam,BipFam,4.8277335,7.0615554
7,864691136033332155,train,L4IT,pyramidal,6.3025336,7.2680264
3556,864691135858282030,train,MartFam,MartFam,4.2584867,2.9528944
2435,864691135119335645,train,thalamocortical,thalamocortical,5.982434,6.9000373
3995,864691136524014993,train,BasketFam,BasketFam,0.5361172,6.524855
307,864691135431648048,train,L4IT,pyramidal,5.47833,6.9412413
4385,864691136033871035,train,thalamocortical,thalamocortical,5.1227083,5.0633326
446,864691136814627955,train,L4IT,pyramidal,5.7382317,6.3042164
477,864691135595810859,train,BasketFam,BasketFam,0.25682098,6.7310295
374,864691135782873936,test,thalamocortical,thalamocortical,5.373419,8.099638
1240,864691135755605197,train,thalamocortical,thalamocortical,2.9369981,5.993272
1510,864691136120465944,train,thalamocortical,thalamocortical,5.131024,3.981487
16,864691135303514791,train,NglFam,NglFam,7.687819,3.8987868
5527,864691135369668089,train,BasketFam,BasketFam,-0.23541689,3.2751927
485,864691135810297885,train,BipFam,BipFam,7.8035083,9.205861
354,864691136524282001,train,NglFam,NglFam,7.966945,3.3530936
735,864691136118430628,train,BipFam,BipFam,5.7742586,4.903181
1380,864691135492614239,train,MartFam,MartFam,9.178725,4.9748483
4918,864691136138622333,train,BasketFam,BasketFam,0.40355232,5.213014
510,864691135293096118,train,NglFam,NglFam,4.1689773,9.426842
158,864691135566155351,test,L5ET,pyramidal,5.4971156,9.988415
2241,864691135336840425,train,BasketFam,BasketFam,0.2026841,5.8642864
3844,864691136392682879,train,BasketFam,BasketFam,0.6049732,4.418879
201,864691135592283403,train,L6IT,pyramidal,8.76255,9.495245
703,864691135878586963,test,thalamocortical,thalamocortical,2.0006614,7.062405
2271,864691136312076122,train,MartFam,MartFam,4.628894,2.719265
1179,864691135477104960,train,thalamocortical,thalamocortical,4.3161097,5.0903306
312,864691136905758130,train,L4IT,pyramidal,5.380143,5.408508
219,864691135431579440,train,BipFam,BipFam,7.4856853,6.293128
196,864691135106309709,train,NglFam,NglFam,9.481687,9.331363
54,864691135853090503,test,BasketFam,BasketFam,-1.1887622,4.7990274
1531,864691136372954248,test,NglFam,NglFam,3.9285543,6.3591895
45,864691134966621471,train,MartFam,MartFam,7.381555,4.6137896
1420,864691136007059658,test,BipFam,BipFam,8.472518,3.728505
2144,864691135928029966,train,thalamocortical,thalamocortical,4.929862,5.978235
1131,864691136372954248,test,NglFam,NglFam,4.3460646,3.706072
101,864691136091074615,train,L4IT,pyramidal,6.911931,9.02814
1763,864691136196932172,train,BasketFam,BasketFam,-0.104678884,4.009905
2506,864691135858282030,train,MartFam,MartFam,4.5782056,4.691724
3862,864691137056216950,train,MartFam,MartFam,4.48474,2.842751
2252,864691135941829121,test,BasketFam,BasketFam,0.31594038,7.5141044
3163,864691135478434216,train,BasketFam,BasketFam,-1.0381573,4.311925
390,864691135994804394,train,BipFam,BipFam,4.3888736,10.25117
763,864691135774221643,train,MartFam,MartFam,4.835804,5.334396
115,864691136905941426,train,BasketFam,BasketFam,0.037020355,3.5983462
349,864691136675427975,train,L5IT,pyramidal,5.3222013,5.414892
45,864691135119630813,test,BipFam,BipFam,8.342391,3.7418685
6073,864691135387529301,test,BasketFam,BasketFam,-0.09247954,4.2206974
19,864691136021592568,train,BasketFam,BasketFam,0.39397535,6.924354
694,864691136288752835,train,thalamocortical,thalamocortical,2.1547236,6.79796
2282,864691135465795653,train,BasketFam,BasketFam,0.3977075,8.277752
662,864691136438372254,train,BipFam,BipFam,6.5654664,5.2887864
571,864691136391024144,train,NglFam,NglFam,4.357477,3.710655
6007,864691136007059658,test,BipFam,BipFam,5.359964,7.9259853
9880,864691135346954143,train,MartFam,MartFam,3.5718617,3.1774123
1115,864691136523971473,train,BipFam,BipFam,7.986104,6.3079967
4358,864691135595810859,train,BasketFam,BasketFam,-0.15338972,6.9478703
362,864691135303514791,train,NglFam,NglFam,7.3153124,5.4453526
2839,864691135210178169,test,BasketFam,BasketFam,-0.5668449,3.6208215
164,864691136363473634,test,L4IT,pyramidal,7.874721,7.9106507
235,864691135693735103,train,NglFam,NglFam,6.104734,9.815966
1042,864691135997140906,train,BipFam,BipFam,5.148385,8.191825
1635,864691136925008100,train,BipFam,BipFam,7.9877844,2.9992595
8476,864691135271970725,train,BasketFam,BasketFam,0.11472207,6.699408
252,864691136330122730,train,L5IT,pyramidal,4.6291595,10.121228
1040,864691135866821340,train,thalamocortical,thalamocortical,2.1819777,8.399026
589,864691135783317840,train,thalamocortical,thalamocortical,4.9588265,5.829838
452,864691135689555680,train,NglFam,NglFam,9.027007,3.2187212
409,864691135470860370,test,BipFam,BipFam,4.8440537,3.440214
366,864691135511861968,test,MartFam,MartFam,3.8933306,5.152364
529,864691135293096118,train,NglFam,NglFam,2.7616405,7.637302
985,864691136372954248,test,NglFam,NglFam,2.856951,6.707559
2473,864691135477104960,train,thalamocortical,thalamocortical,5.454097,5.098174
4201,864691135210446457,train,MartFam,MartFam,4.252008,4.020636
3925,864691135779780797,test,MartFam,MartFam,3.4032698,3.1822703
2089,864691136966189518,test,MartFam,MartFam,3.6012027,4.341771
950,864691135106309709,train,NglFam,NglFam,9.272721,9.187602
73,864691136034487739,train,BasketFam,BasketFam,0.43945894,3.5505762
613,864691136925008100,train,BipFam,BipFam,4.5984244,6.3157206
866,864691135997428394,test,thalamocortical,thalamocortical,1.719163,5.3874807
1280,864691135878586963,test,thalamocortical,thalamocortical,5.3272467,6.192223
654,864691135573245165,train,BasketFam,BasketFam,1.9733919,3.4927087
4476,864691136390905207,train,MartFam,MartFam,9.660768,8.093948
3337,864691135212863360,train,MartFam,MartFam,6.1160526,2.628594
316,864691135343506885,train,BipFam,BipFam,6.6549563,3.9315205
1853,864691135470255698,train,thalamocortical,thalamocortical,2.939441,7.0273256
282,864691135431579440,train,BipFam,BipFam,5.4947805,8.733434
6192,864691136595955362,train,MartFam,MartFam,3.5376217,4.0818963
2439,864691135817803599,test,BasketFam,BasketFam,-0.10612621,4.7187386
2258,864691136053350131,test,thalamocortical,thalamocortical,2.782224,5.846246
9152,864691135210446457,train,MartFam,MartFam,4.887738,6.0221996
58,864691135689555680,train,NglFam,NglFam,8.643696,3.325852
470,864691135132887456,test,NglFam,NglFam,4.210717,3.6445482
5551,864691136580010516,test,MartFam,MartFam,3.0341065,3.83922
3716,864691135499624723,train,BasketFam,BasketFam,-0.29782897,5.17493
150,864691135782873936,test,thalamocortical,thalamocortical,3.9805825,8.019539
4105,864691135739131780,train,MartFam,MartFam,3.8893363,2.4697096
270,864691136108370905,train,BipFam,BipFam,5.0147924,9.979557
262,864691135115194009,train,BipFam,BipFam,5.7433944,8.624024
5171,864691136288755395,train,thalamocortical,thalamocortical,4.872033,5.300606
5323,864691135774221643,train,MartFam,MartFam,3.7923505,3.1829388
180,864691135361548615,train,L6IT,pyramidal,9.064309,9.859776
358,864691135885996912,train,BipFam,BipFam,4.8738494,6.0597963
1207,864691136011733934,train,MartFam,MartFam,6.8660955,8.946804
511,864691135866821340,train,thalamocortical,thalamocortical,1.8795025,5.670239
422,864691135303514791,train,NglFam,NglFam,8.966305,2.7854774
71,864691135518510218,train,NglFam,NglFam,8.955883,4.6828475
1970,864691136053350131,test,thalamocortical,thalamocortical,1.5047017,6.9506426
4049,864691135362357319,train,BasketFam,BasketFam,0.7161762,5.782159
166,864691136524282001,train,NglFam,NglFam,4.8309584,4.000408
1764,864691135866821340,train,thalamocortical,thalamocortical,8.258946,5.646871
200,864691134887444986,test,NglFam,NglFam,7.8840466,5.676852
1348,864691136372954248,test,NglFam,NglFam,6.7802877,3.6404376
3116,864691136196932172,train,BasketFam,BasketFam,-0.2996563,5.7121468
1988,864691135477104960,train,thalamocortical,thalamocortical,3.719917,6.2246203
542,864691135271696549,test,L6IT,pyramidal,9.072166,9.047525
182,864691135727686463,train,BipFam,BipFam,3.6956236,6.5939713
1549,864691135997140906,train,BipFam,BipFam,7.7860637,5.8437886
391,864691135398762529,train,BipFam,BipFam,3.4550703,8.227868
167,864691136026013497,train,BipFam,BipFam,6.492823,6.007215
1057,864691136312057178,train,BasketFam,BasketFam,-0.35482612,4.442033
1442,864691136372954248,test,NglFam,NglFam,5.0262237,4.8095217
499,864691136523472529,train,L4IT,pyramidal,7.8528705,9.285424
373,864691136391024144,train,NglFam,NglFam,6.424907,4.793329
2244,864691136742921308,test,BasketFam,BasketFam,-0.4023355,3.6558762
3776,864691136288755395,train,thalamocortical,thalamocortical,2.1313179,6.816046
85,864691136336204979,train,NglFam,NglFam,9.104787,3.902383
3022,864691135562001633,train,MartFam,MartFam,-0.672708,3.6331437
375,864691134887444986,test,NglFam,NglFam,5.2402477,4.347267
2615,864691135258628527,test,BasketFam,BasketFam,-1.0879164,4.3499784
2147,864691135309486662,train,BasketFam,BasketFam,-1.1429818,4.7107787
253,864691135499821331,train,L4IT,pyramidal,7.3146734,6.5480595
818,864691134887444986,test,NglFam,NglFam,3.3985262,7.341679
247,864691135119335645,train,thalamocortical,thalamocortical,6.349101,5.737652
3004,864691136392682879,train,BasketFam,BasketFam,0.120235644,4.195993
2472,864691135941898918,train,MartFam,MartFam,-1.1084783,4.734485
5,864691135518510218,train,NglFam,NglFam,8.865504,2.6224644
2119,864691135119636189,train,BasketFam,BasketFam,-0.00026421942,8.041711
7101,864691135839979667,train,MartFam,MartFam,2.66262,3.86873
277,864691135778081453,train,thalamocortical,thalamocortical,3.0012693,8.130123
2464,864691135134565280,train,BasketFam,BasketFam,-0.061357446,3.6082888
1484,864691135562950369,train,BipFam,BipFam,3.6108146,7.095436
772,864691136012173475,test,BipFam,BipFam,7.498049,9.734699
2812,864691136011549614,train,BipFam,BipFam,3.2466264,8.179869
611,864691135779297981,train,L4IT,pyramidal,6.6682053,7.1484647
2949,864691136007059658,test,BipFam,BipFam,4.650354,3.9432435
681,864691135689015264,train,thalamocortical,thalamocortical,4.8911786,4.135083
1000,864691135659538306,train,thalamocortical,thalamocortical,2.908123,8.143825
1048,864691135470255698,train,thalamocortical,thalamocortical,1.8131114,5.4060955
1528,864691135014276342,test,BasketFam,BasketFam,0.09013394,8.210075
1502,864691136372954248,test,NglFam,NglFam,7.3773184,4.593098
751,864691135562950369,train,BipFam,BipFam,7.7562585,5.506904
386,864691135431579440,train,BipFam,BipFam,5.9220862,4.7578635
8719,864691135739131780,train,MartFam,MartFam,6.578875,7.684538
198,864691135209116537,train,L2IT,pyramidal,7.6298733,8.391082
841,864691136091233847,train,thalamocortical,thalamocortical,2.9475882,6.549703
572,864691135258646703,test,L3IT,pyramidal,9.59666,8.779984
4886,864691135477104960,train,thalamocortical,thalamocortical,2.1687198,5.316249
8569,864691135739131780,train,MartFam,MartFam,5.5819526,2.7358851
107,864691136239793212,test,NglFam,NglFam,5.740264,9.56587
4519,864691135741889940,train,BasketFam,BasketFam,3.49827,6.9357505
177,864691136275771917,test,L6IT,pyramidal,8.051338,7.6472745
486,864691136273370302,train,NglFam,NglFam,9.542516,9.1629715
84,864691136524014993,train,BasketFam,BasketFam,-0.5084665,5.674474
6158,864691135997428394,test,thalamocortical,thalamocortical,1.8197705,3.6603734
7495,864691136118878116,train,MartFam,MartFam,3.831351,2.3969276
808,864691135695042751,train,L6IT,pyramidal,6.178405,8.529901
3127,864691135977768259,train,BasketFam,BasketFam,7.304925,10.558284
255,864691136381294805,train,L5IT,pyramidal,5.0080786,9.754846
83,864691136086632812,train,NglFam,NglFam,6.163078,3.726475
1013,864691136311106650,train,L5IT,pyramidal,2.2348182,6.771561
4618,864691135448017554,train,BasketFam,BasketFam,0.005061289,5.356422
6081,864691135869457430,train,BasketFam,BasketFam,-0.37606168,5.6897016
6533,864691137022180974,test,MartFam,MartFam,4.3905463,9.222281
2686,864691136311213914,test,BasketFam,BasketFam,-0.08313314,4.949487
222,864691135503344477,train,L4IT,pyramidal,7.4974003,6.0467505
2736,864691135464991645,train,thalamocortical,thalamocortical,2.272967,6.583652
1112,864691136137064075,train,BipFam,BipFam,4.932406,8.95408
358,864691135659538306,train,thalamocortical,thalamocortical,4.7210283,5.6583643
434,864691136524282001,train,NglFam,NglFam,7.0712867,5.855285
12101,864691135456535658,train,MartFam,MartFam,4.965245,2.5114553
7626,864691135779780797,test,MartFam,MartFam,5.709618,4.9274535
3518,864691135477104960,train,thalamocortical,thalamocortical,7.153966,5.7154503
2575,864691135869457430,train,BasketFam,BasketFam,0.32986146,5.9549475
1112,864691136381325781,train,L5IT,pyramidal,7.551134,7.3437243
175,864691135303514791,train,NglFam,NglFam,9.05558,2.751873
9529,864691135739131780,train,MartFam,MartFam,8.398388,8.304554
445,864691136086632812,train,NglFam,NglFam,7.9214087,5.920543
249,864691136273370302,train,NglFam,NglFam,9.579292,8.193424
772,864691135106309709,train,NglFam,NglFam,9.343511,9.238583
822,864691135106309709,train,NglFam,NglFam,9.930343,8.5892315
2513,864691135778081453,train,thalamocortical,thalamocortical,7.646608,5.77092
412,864691135499231763,train,L4IT,pyramidal,5.656608,6.557188
2526,864691135470860370,test,BipFam,BipFam,5.148114,3.635515
2812,864691135618332265,train,BasketFam,BasketFam,-0.23350225,7.628542
4608,864691135196475434,train,MartFam,MartFam,3.3828158,7.8523917
10,864691135941886118,train,BipFam,BipFam,9.008854,6.842841
282,864691136086632812,train,NglFam,NglFam,6.012681,2.7975063
107,864691136391024144,train,NglFam,NglFam,4.6095886,3.0229356
794,864691136195796182,test,BasketFam,BasketFam,0.60410726,8.175285
181,864691136372954248,test,NglFam,NglFam,6.986419,5.3963985
258,864691135778572973,train,L4IT,pyramidal,7.55793,6.945285
255,864691135210446457,train,MartFam,MartFam,5.584569,3.0769339
76,864691135464678206,train,MartFam,MartFam,3.8864303,3.9044406
259,864691135106309709,train,NglFam,NglFam,3.9736512,10.454261
356,864691135689555680,train,NglFam,NglFam,9.052994,4.619209
336,864691134887444986,test,NglFam,NglFam,3.9186928,6.260058
2459,864691135892233097,train,BasketFam,BasketFam,-0.40003252,4.1812553
2835,864691136033871035,train,thalamocortical,thalamocortical,4.172887,6.7233276
484,864691135398925345,train,L3IT,pyramidal,9.069725,5.4613714
1319,864691135470860370,test,BipFam,BipFam,4.4538755,5.4242573
6197,864691136603935441,train,BasketFam,BasketFam,-0.33785656,5.096868
598,864691135778132576,train,L5IT,pyramidal,6.241436,9.71628
891,864691136813553523,train,BasketFam,BasketFam,0.17291568,4.787468
8024,864691136067404440,test,MartFam,MartFam,4.746393,2.4464157
2918,864691135764678198,test,MartFam,MartFam,3.408303,3.6896145
1014,864691136372954248,test,NglFam,NglFam,3.2833762,4.450111
307,864691136580010516,test,MartFam,MartFam,4.6598053,4.6542892
1046,864691135783909427,train,MartFam,MartFam,4.9858,9.307253
904,864691135640672571,train,L4IT,pyramidal,8.314582,8.294105
4518,864691136312057178,train,BasketFam,BasketFam,-0.27264866,3.7903707
245,864691135325413788,test,L4IT,pyramidal,8.117147,8.327568
108,864691135293096118,train,NglFam,NglFam,5.238183,9.012919
2754,864691136523971473,train,BipFam,BipFam,7.0605683,3.470219
5135,864691136138695549,train,BasketFam,BasketFam,-0.31984234,5.5059705
1162,864691136288755395,train,thalamocortical,thalamocortical,2.913154,6.1836715
2115,864691135119335645,train,thalamocortical,thalamocortical,2.8652802,6.1596637
140,864691136195901772,test,L6CT,pyramidal,8.285677,9.802626
348,864691135659824514,train,BipFam,BipFam,8.309352,7.8711724
9,864691135293096118,train,NglFam,NglFam,3.2580073,8.376593
40,864691135868334870,train,L6CT,pyramidal,7.28669,6.8126836
6494,864691135456535658,train,MartFam,MartFam,5.197789,5.3001895
45,864691135802215266,train,L6CT,pyramidal,7.3087144,5.825365
233,864691135511324169,train,BipFam,BipFam,5.3256316,6.250565
1615,864691135997428394,test,thalamocortical,thalamocortical,2.0079377,8.195649
138,864691135990134784,train,L3IT,pyramidal,7.649187,7.0686836
1025,864691135106309709,train,NglFam,NglFam,6.0797853,9.836067
957,864691136314120765,train,BasketFam,BasketFam,4.4009953,5.2719297
110,864691135840033171,train,NglFam,NglFam,2.7865047,8.593886
346,864691136102207349,train,BipFam,BipFam,7.138604,7.585957
708,864691135478268840,train,L4IT,pyramidal,7.4412866,6.3039217
4344,864691135409856713,train,BasketFam,BasketFam,0.863007,6.754714
5496,864691135210446457,train,MartFam,MartFam,6.9004526,4.3243423
1243,864691135119335645,train,thalamocortical,thalamocortical,2.9514544,6.0475197
475,864691136273370302,train,NglFam,NglFam,9.737575,8.612663
482,864691136438372254,train,BipFam,BipFam,7.6325107,8.991449
8216,864691136390905207,train,MartFam,MartFam,4.1149735,4.7882085
204,864691136086632812,train,NglFam,NglFam,7.8673615,6.7579827
177,864691135686399415,train,BipFam,BipFam,4.138683,5.111385
6021,864691136523889553,train,BasketFam,BasketFam,-1.3612074,5.151531
1629,864691135343506885,train,BipFam,BipFam,8.910745,2.538245
87,864691135995711402,train,BipFam,BipFam,6.297107,6.2602663
940,864691136372954248,test,NglFam,NglFam,4.5563087,4.242201
5894,864691136145494068,train,BasketFam,BasketFam,-0.27668774,5.6137414
9255,864691135271970725,train,BasketFam,BasketFam,-0.7726329,5.352347
287,864691135840033171,train,NglFam,NglFam,3.1498787,8.193611
153,864691135996891050,test,BipFam,BipFam,5.881379,9.35759
681,864691136372954248,test,NglFam,NglFam,3.6968775,6.374351
2281,864691136195284556,train,MartFam,MartFam,8.953571,7.150384
558,864691135448811860,train,BasketFam,BasketFam,7.7772937,10.057736
588,864691135214970752,train,BipFam,BipFam,6.959963,3.681409
1205,864691135764678198,test,MartFam,MartFam,6.6825147,3.604062
146,864691135857976366,train,BipFam,BipFam,4.990251,9.2333
508,864691136390675216,train,BasketFam,BasketFam,-0.035065424,5.431327
245,864691135478400936,train,L4IT,pyramidal,8.144886,7.15915
2499,864691136523971473,train,BipFam,BipFam,5.69723,3.0716882
339,864691135810297885,train,BipFam,BipFam,5.2102838,9.609922
6648,864691135875919502,test,MartFam,MartFam,3.0680423,4.388991
773,864691135343506885,train,BipFam,BipFam,3.7361095,7.836699
223,864691135476311616,test,L4IT,pyramidal,4.665193,7.137114
247,864691136524282001,train,NglFam,NglFam,7.8704176,3.1190922
1440,864691136372954248,test,NglFam,NglFam,6.144928,3.3467822
758,864691136927366986,train,thalamocortical,thalamocortical,2.1196816,8.66367
531,864691135562519009,train,L6IT,pyramidal,3.8692582,8.342235
9271,864691135480702662,train,MartFam,MartFam,8.626195,5.6135592
985,864691135106309709,train,NglFam,NglFam,6.119433,9.044329
162,864691135868060950,train,L4IT,pyramidal,4.91312,8.757105
745,864691135398762529,train,BipFam,BipFam,3.924854,3.9625509
2143,864691135778081453,train,thalamocortical,thalamocortical,2.4960792,7.5131755
3589,864691135464991645,train,thalamocortical,thalamocortical,2.298653,6.2002974
290,864691135886300016,train,L4IT,pyramidal,4.4516687,6.0130725
593,864691136040742142,test,BasketFam,BasketFam,-0.35645482,6.5697527
2801,864691136011549614,train,BipFam,BipFam,5.2691174,4.612848
40,864691135386940245,test,BipFam,BipFam,7.3596096,5.859778
55,864691134966621471,train,MartFam,MartFam,3.1521835,3.486022
1278,864691136288755395,train,thalamocortical,thalamocortical,2.1478279,6.7983813
2545,864691135477104960,train,thalamocortical,thalamocortical,2.1362586,6.9229245
1876,864691135755605197,train,thalamocortical,thalamocortical,4.7872458,6.760203
2511,864691135689015264,train,thalamocortical,thalamocortical,4.4082427,5.931159
117,864691135132887456,test,NglFam,NglFam,3.9380739,4.5429745
40,864691135309733190,train,NglFam,NglFam,9.210106,3.0211139
264,864691135662059760,train,L4IT,pyramidal,6.9903636,5.9464874
336,864691135579134981,train,BipFam,BipFam,4.1960096,7.3093185
1218,864691135878586963,test,thalamocortical,thalamocortical,1.7423103,5.537833
3151,864691135470255698,train,thalamocortical,thalamocortical,1.6153721,7.1725283
3309,864691135689015264,train,thalamocortical,thalamocortical,1.5229553,5.62546
219,864691135993770945,test,BipFam,BipFam,4.962334,9.453825
880,864691136311213914,test,BasketFam,BasketFam,0.5564599,4.7571077
122,864691136011549614,train,BipFam,BipFam,5.416381,8.200441
2373,864691136033871035,train,thalamocortical,thalamocortical,5.3909674,5.6541357
3962,864691135373601736,train,BasketFam,BasketFam,0.6717374,8.812302
874,864691135106309709,train,NglFam,NglFam,8.658195,9.45421
1709,864691135878586963,test,thalamocortical,thalamocortical,3.3208764,5.7203627
1399,864691135477104960,train,thalamocortical,thalamocortical,3.5465147,7.076744
201,864691135276504549,train,L2IT,pyramidal,7.794198,7.809008
199,864691136239460668,train,L6IT,pyramidal,8.896111,9.750352
248,864691135347627423,train,BipFam,BipFam,6.823415,6.227818
297,864691135518844554,train,L4IT,pyramidal,6.3664308,7.4261065
3885,864691136211068860,train,BasketFam,BasketFam,0.3267278,7.984069
4270,864691135756844242,test,MartFam,MartFam,2.8876216,4.7811203
314,864691135741889940,train,BasketFam,BasketFam,0.21007149,5.3554735
275,864691136524282001,train,NglFam,NglFam,8.001167,2.6221592
9437,864691136330880234,train,MartFam,MartFam,4.4704404,2.2059917
4640,864691135997140906,train,BipFam,BipFam,7.9212217,7.056595
2327,864691136392806271,train,BasketFam,BasketFam,-0.79275185,4.822293
54,864691136006393034,train,MartFam,MartFam,2.359358,6.479136
1146,864691135783909427,train,MartFam,MartFam,4.42199,10.015738
2835,864691136391023120,train,BasketFam,BasketFam,-1.2973112,4.390391
847,864691136372954248,test,NglFam,NglFam,6.1099987,2.7172546
191,864691135369002233,train,L6CT,pyramidal,4.805815,10.255915
4793,864691136381324501,train,BasketFam,BasketFam,-0.5944831,5.9059987
3407,864691135755605197,train,thalamocortical,thalamocortical,2.9712098,8.30166
762,864691135584068717,train,BasketFam,BasketFam,-1.2969279,4.6785593
1,864691136138131325,train,L3IT,pyramidal,5.0372,10.137019
184,864691135271590309,train,L6IT,pyramidal,8.424291,7.6937723
9682,864691135779780797,test,MartFam,MartFam,4.7298303,2.1997437
747,864691134887444986,test,NglFam,NglFam,6.5166664,3.1358223
199,864691135990564864,train,NglFam,NglFam,8.908997,5.899726
1712,864691135503782210,test,BipFam,BipFam,9.31834,8.338285
228,864691135106309709,train,NglFam,NglFam,9.548971,8.973214
272,864691134887444986,test,NglFam,NglFam,5.437596,4.2071905
3087,864691135997428394,test,thalamocortical,thalamocortical,2.003158,3.8774924
869,864691136137210507,train,BipFam,BipFam,6.63159,5.8669662
348,864691135866821340,train,thalamocortical,thalamocortical,5.038784,6.413327
2656,864691135997140906,train,BipFam,BipFam,4.9292564,7.383786
350,864691135840033171,train,NglFam,NglFam,3.349199,8.723112
113,864691136742067804,train,L3IT,pyramidal,3.7053115,9.786881
411,864691136012173475,test,BipFam,BipFam,5.294689,9.208872
68,864691135570381292,test,BipFam,BipFam,5.3381534,6.7223744
1016,864691136372954248,test,NglFam,NglFam,6.5995393,5.7801766
217,864691135878586963,test,thalamocortical,thalamocortical,2.2751524,6.678858
571,864691135235206489,train,MartFam,MartFam,3.5820117,4.5360346
1228,864691135114295961,test,MartFam,MartFam,7.146408,7.4426265
326,864691135303514791,train,NglFam,NglFam,7.6216016,3.8783875
27,864691135840033171,train,NglFam,NglFam,2.7975647,8.473115
3327,864691135569282284,train,MartFam,MartFam,4.850955,8.348186
269,864691135778572973,train,L4IT,pyramidal,8.327212,9.550113
5984,864691135997428394,test,thalamocortical,thalamocortical,1.0249525,4.792743
311,864691136145537844,train,BipFam,BipFam,5.9022317,4.3245273
1466,864691135741960340,train,BasketFam,BasketFam,6.5129824,7.204938
734,864691136273370302,train,NglFam,NglFam,3.8234768,10.463679
583,864691135015154934,test,L4IT,pyramidal,6.0564756,6.642302
82,864691136273370302,train,NglFam,NglFam,9.105276,9.294669
4211,864691135756844242,test,MartFam,MartFam,4.7682233,2.3900187
8032,864691135346954143,train,MartFam,MartFam,3.8223615,5.921399
4701,864691136033871035,train,thalamocortical,thalamocortical,2.0243118,4.0706663
1797,864691135866821340,train,thalamocortical,thalamocortical,2.074853,4.9956946
6550,864691135703016059,train,MartFam,MartFam,5.2682557,2.731096
3975,864691136453186559,train,BasketFam,BasketFam,0.72199833,7.2048216
111,864691135132887456,test,NglFam,NglFam,9.033808,3.5013273
74,864691136108462553,train,L4IT,pyramidal,6.7559505,5.9994755
1807,864691136381324501,train,BasketFam,BasketFam,-0.16819692,5.2397213
3699,864691136288755395,train,thalamocortical,thalamocortical,2.8697145,5.862941
122,864691136086632812,train,NglFam,NglFam,7.345477,5.1406674
945,864691135546797608,train,BasketFam,BasketFam,0.75563395,8.283436
191,864691135303514791,train,NglFam,NglFam,9.120281,3.2241437
8328,864691135858282030,train,MartFam,MartFam,3.5711892,3.1021774
173,864691135405138670,train,L4IT,pyramidal,7.017214,6.9669304
5398,864691136007128778,test,MartFam,MartFam,0.9945829,6.6765347
839,864691137055405174,test,L4IT,pyramidal,4.1073813,10.472576
761,864691136925825354,test,BasketFam,BasketFam,0.26437673,8.618565
885,864691135732257721,train,BasketFam,BasketFam,0.5970917,7.849601
345,864691136058602712,train,thalamocortical,thalamocortical,4.67915,6.3040333
1423,864691135447979922,train,BipFam,BipFam,8.345392,7.0905457
304,864691136239793212,test,NglFam,NglFam,6.186064,2.9516025
126,864691136125840678,test,L6CT,pyramidal,9.577659,8.700134
1343,864691135741889940,train,BasketFam,BasketFam,-1.0217931,4.840935
365,864691135942163201,train,L5IT,pyramidal,3.548897,3.4846318
5332,864691135464991645,train,thalamocortical,thalamocortical,2.6669703,7.6539345
176,864691136524282001,train,NglFam,NglFam,5.9571695,5.491089
1215,864691135928029966,train,thalamocortical,thalamocortical,3.8821318,7.419802
435,864691136391024144,train,NglFam,NglFam,2.788018,7.105036
2838,864691135866821340,train,thalamocortical,thalamocortical,6.025344,4.7561893
4253,864691136033871035,train,thalamocortical,thalamocortical,5.287281,5.569872
798,864691136273370302,train,NglFam,NglFam,4.1839375,9.719163
2605,864691136381324501,train,BasketFam,BasketFam,0.37896132,4.871499
866,864691135772774651,test,MartFam,MartFam,3.0521855,5.4822083
3003,864691136007059658,test,BipFam,BipFam,5.4010057,7.9864073
750,864691135470255698,train,thalamocortical,thalamocortical,5.1527743,5.1456914
43,864691135293096118,train,NglFam,NglFam,3.4869158,8.052388
771,864691136053350131,test,thalamocortical,thalamocortical,4.1388364,6.750347
693,864691135732257721,train,BasketFam,BasketFam,-0.37795755,5.8074207
240,864691134966249759,train,thalamocortical,thalamocortical,2.69599,8.202729
5863,864691135689296608,train,BasketFam,BasketFam,-0.23393916,4.980982
397,864691136425681967,train,L4IT,pyramidal,5.199618,6.4676538
5906,864691135464991645,train,thalamocortical,thalamocortical,5.166219,4.973259
132,864691135938404612,train,BipFam,BipFam,8.390826,7.7430825
96,864691135990564864,train,NglFam,NglFam,8.94167,4.505082
594,864691135493031519,train,L4IT,pyramidal,4.2128925,4.962454
1054,864691135562950369,train,BipFam,BipFam,6.575588,6.067798
1007,864691136967703758,train,L4IT,pyramidal,8.447483,9.055049
2246,864691135465795653,train,BasketFam,BasketFam,-0.47444636,3.6139355
95,864691136380266965,train,L4IT,pyramidal,4.6481323,9.269754
272,864691135732318393,train,L2IT,pyramidal,8.040195,6.813717
5773,864691135839979667,train,MartFam,MartFam,3.5388145,3.1489966
545,864691136484876588,train,MartFam,MartFam,5.3879533,4.5332627
209,864691135866821340,train,thalamocortical,thalamocortical,2.9806354,3.6693106
160,864691136372954248,test,NglFam,NglFam,5.579533,5.11163
671,864691136052101363,train,BipFam,BipFam,9.27622,8.607406
197,864691136273370302,train,NglFam,NglFam,9.262687,8.934341
642,864691136273370302,train,NglFam,NglFam,9.336231,9.504711
34,864691135763975990,test,BasketFam,BasketFam,-0.09871445,6.044418
2250,864691135595810859,train,BasketFam,BasketFam,-0.12636603,3.603058
4040,864691135858282030,train,MartFam,MartFam,4.0524144,3.0138896
428,864691136026155577,train,L4IT,pyramidal,6.414476,7.101394
1925,864691135778081453,train,thalamocortical,thalamocortical,1.6049294,6.991233
136,864691135465503813,train,L5ET,pyramidal,5.3378787,6.864031
148,864691136436788382,train,BipFam,BipFam,7.6274724,8.704625
102,864691135942120449,train,L6IT,pyramidal,4.651912,9.772747
1089,864691135892176009,train,MartFam,MartFam,4.598476,9.8644285
3743,864691135869457430,train,BasketFam,BasketFam,-0.80075216,3.9541678
775,864691135755605197,train,thalamocortical,thalamocortical,1.6799709,7.0757847
201,864691136391024144,train,NglFam,NglFam,3.5421991,8.71186
678,864691136312076122,train,MartFam,MartFam,9.275054,8.407073
454,864691136229363025,train,L4IT,pyramidal,8.706908,8.827539
910,864691135689555680,train,NglFam,NglFam,7.956754,5.556246
439,864691136524282001,train,NglFam,NglFam,7.7017837,7.75619
2109,864691135388984961,train,BasketFam,BasketFam,0.012800952,4.551688
99,864691134887444986,test,NglFam,NglFam,8.264649,5.5985126
822,864691135493149927,train,L4IT,pyramidal,4.033902,10.321324
13,864691135727686463,train,BipFam,BipFam,3.169714,7.368283
2187,864691135659538306,train,thalamocortical,thalamocortical,1.0971863,6.7884626
1492,864691136925008100,train,BipFam,BipFam,5.114237,10.31974
125,864691135215078712,train,BipFam,BipFam,5.38393,4.4968176
76,864691135840033171,train,NglFam,NglFam,7.0059958,5.144479
99,864691136033332155,train,L4IT,pyramidal,8.338357,6.913967
4590,864691135387551061,train,BasketFam,BasketFam,-0.4138394,3.908311
1320,864691135875919502,test,MartFam,MartFam,4.9070644,2.2980797
35,864691135499231763,train,L4IT,pyramidal,5.4677386,7.85031
2391,864691135772774651,test,MartFam,MartFam,5.804943,6.6279235
696,864691135689555680,train,NglFam,NglFam,4.3453145,3.9698493
796,864691135562842337,test,L3IT,pyramidal,4.355525,4.5579705
1403,864691135783909427,train,MartFam,MartFam,2.8016355,4.0450606
832,864691135878586963,test,thalamocortical,thalamocortical,6.328482,9.842952
1235,864691135343509701,train,MartFam,MartFam,3.5618052,9.058939
158,864691136372954248,test,NglFam,NglFam,4.993548,4.268746
725,864691136273370302,train,NglFam,NglFam,8.918455,9.12595
3406,864691136007059658,test,BipFam,BipFam,6.468097,5.2347507
1506,864691135685030130,train,thalamocortical,thalamocortical,4.2019386,8.29517
129,864691135294194358,train,thalamocortical,thalamocortical,6.8000746,5.211108
89,864691135810495005,train,BasketFam,BasketFam,0.48319322,4.638226
430,864691135375655880,train,BipFam,BipFam,8.856777,8.54651
3366,864691135586022264,train,BasketFam,BasketFam,0.864211,4.1838617
2040,864691136487168530,train,MartFam,MartFam,4.09779,10.452946
1213,864691136145572404,train,BipFam,BipFam,7.3378854,5.8193264
859,864691136372954248,test,NglFam,NglFam,3.5339744,5.6700697
1161,864691136298913563,train,MartFam,MartFam,4.2410007,4.6924505
315,864691135293096118,train,NglFam,NglFam,4.3428254,6.5682826
290,864691135480311494,train,L6IT,pyramidal,3.4191072,9.878756
5629,864691136391023120,train,BasketFam,BasketFam,-0.113015875,5.677631
2440,864691136007128778,test,MartFam,MartFam,3.0070157,7.6360135
3019,864691136091233847,train,thalamocortical,thalamocortical,2.3431356,5.4630475
1070,864691135755707597,train,BipFam,BipFam,6.371039,9.355807
493,864691135783317840,train,thalamocortical,thalamocortical,2.6327536,8.588041
1564,864691136390675216,train,BasketFam,BasketFam,5.9207945,5.3848186
276,864691135115194009,train,BipFam,BipFam,8.595403,9.849108
31,864691135132887456,test,NglFam,NglFam,8.734072,3.9448817
1054,864691136311213914,test,BasketFam,BasketFam,6.626175,6.9587054
151,864691136618553563,test,L3IT,pyramidal,8.898446,8.355147
182,864691135742824555,train,BipFam,BipFam,4.468909,8.61977
310,864691136137210507,train,BipFam,BipFam,5.1129627,5.892443
22,864691135570381292,test,BipFam,BipFam,3.707798,7.9930835
1449,864691135106209101,train,BasketFam,BasketFam,-0.76130897,4.0449715
1093,864691136314120765,train,BasketFam,BasketFam,-0.56487787,4.6573925
1954,864691135518791818,train,BasketFam,BasketFam,7.363702,10.439066
486,864691136372954248,test,NglFam,NglFam,3.1913867,8.83193
39,864691134919869706,test,L4IT,pyramidal,4.839536,8.998973
249,864691136524282001,train,NglFam,NglFam,5.583521,8.169995
26,864691136033871035,train,thalamocortical,thalamocortical,3.243617,9.485397
176,864691136239793212,test,NglFam,NglFam,9.065484,9.316229
4679,864691136006393034,train,MartFam,MartFam,3.675495,5.5080853
842,864691135689555680,train,NglFam,NglFam,4.549505,8.680622
697,864691136372954248,test,NglFam,NglFam,3.8695858,6.579398
6542,864691135362357319,train,BasketFam,BasketFam,0.33082104,5.191724
5358,864691135369668089,train,BasketFam,BasketFam,-0.36064592,5.2589335
287,864691135689555680,train,NglFam,NglFam,8.213957,3.9389346
307,864691135119335645,train,thalamocortical,thalamocortical,3.915657,8.775681
3182,864691136312057178,train,BasketFam,BasketFam,-1.0793471,4.8940334
727,864691136012173475,test,BipFam,BipFam,4.943477,10.180904
7145,864691135756844242,test,MartFam,MartFam,4.1471047,2.5110934
1199,864691136137064075,train,BipFam,BipFam,9.006685,8.077615
377,864691136524282001,train,NglFam,NglFam,8.481183,5.1527176
4966,864691135106189901,test,BasketFam,BasketFam,0.10776775,4.731532
747,864691135336669673,train,MartFam,MartFam,9.228813,8.826699
362,864691136579408916,test,L4IT,pyramidal,8.096779,8.676181
474,864691135431441968,train,thalamocortical,thalamocortical,3.4686844,8.686755
1545,864691136523971473,train,BipFam,BipFam,3.7365625,6.479407
2256,864691135341516741,test,MartFam,MartFam,4.7141395,7.6194634
125,864691135305383591,train,NglFam,NglFam,8.8897295,3.1935782
4282,864691135271967397,train,MartFam,MartFam,2.041029,8.167181
184,864691136239793212,test,NglFam,NglFam,9.651502,8.504808
197,864691135689015264,train,thalamocortical,thalamocortical,5.027659,7.1233797
60,864691136177778950,train,L2IT,pyramidal,7.391514,6.883902
234,864691136524282001,train,NglFam,NglFam,8.543992,7.9097476
1130,864691135562950369,train,BipFam,BipFam,7.1474524,5.88968
304,864691135689555680,train,NglFam,NglFam,4.537148,4.0880575
2755,864691135373601736,train,BasketFam,BasketFam,0.30994213,7.970301
6271,864691136390675216,train,BasketFam,BasketFam,4.6612444,4.489047
511,864691136391024144,train,NglFam,NglFam,6.241236,5.8299785
658,864691135611702023,train,BasketFam,BasketFam,-0.15642352,5.2092547
292,864691135992790209,train,BipFam,BipFam,9.215318,8.150896
6728,864691135210446457,train,MartFam,MartFam,5.0152483,6.8210306
3706,864691135446065810,train,MartFam,MartFam,9.033205,3.5157492
419,864691134949081852,train,L4IT,pyramidal,2.7214975,5.284714
1181,864691135546797608,train,BasketFam,BasketFam,0.9778764,8.373154
23,864691135990564864,train,NglFam,NglFam,9.3479,3.1358974
3849,864691135346954143,train,MartFam,MartFam,3.4745517,2.7210145
383,864691135810297885,train,BipFam,BipFam,9.001326,8.473097
1121,864691136991606421,train,L4IT,pyramidal,5.505371,7.023012
484,864691136273370302,train,NglFam,NglFam,9.898845,8.483275
142,864691135343506885,train,BipFam,BipFam,8.462094,8.132332
88,864691135106309709,train,NglFam,NglFam,9.386478,8.887228
5063,864691136011458734,test,BasketFam,BasketFam,0.26105598,7.405877
228,864691136118294692,train,thalamocortical,thalamocortical,5.3949385,8.265325
6271,864691135271967397,train,MartFam,MartFam,2.530821,4.270154
2566,864691135764678198,test,MartFam,MartFam,7.056641,7.2937446
4887,864691135562001633,train,MartFam,MartFam,-0.3693573,6.257037
2268,864691136390675216,train,BasketFam,BasketFam,4.434624,5.9578424
1578,864691135940881830,train,MartFam,MartFam,9.118376,2.8306103
851,864691135448017554,train,BasketFam,BasketFam,-0.5115463,5.8156166
842,864691135755707597,train,BipFam,BipFam,6.192736,3.977778
4589,864691135212863360,train,MartFam,MartFam,8.136499,2.4976315
116,864691135431441968,train,thalamocortical,thalamocortical,3.8528676,7.3922763
248,864691135293096118,train,NglFam,NglFam,2.6286395,6.2170343
1024,864691135106309709,train,NglFam,NglFam,8.827323,9.547543
69,864691135990564864,train,NglFam,NglFam,8.325323,2.558217
109,864691135782241616,test,L3IT,pyramidal,6.84686,7.289365
1350,864691136372954248,test,NglFam,NglFam,5.706957,3.4700487
287,864691135474086450,train,BasketFam,BasketFam,-0.18468666,3.5856354
59,864691135686399415,train,BipFam,BipFam,7.1375685,7.588361
929,864691136372954248,test,NglFam,NglFam,3.4013815,4.8536925
423,864691136033871035,train,thalamocortical,thalamocortical,4.9577627,5.1465836
1562,864691136813553523,train,BasketFam,BasketFam,0.5283465,7.5503635
759,864691135763795510,test,L4IT,pyramidal,7.43741,9.738966
4152,864691136011485614,test,BasketFam,BasketFam,0.8885577,6.7438035
2802,864691135409856713,train,BasketFam,BasketFam,-1.098224,4.626731
712,864691135566902039,train,BipFam,BipFam,6.3281684,5.5950947
473,864691135376096329,train,BipFam,BipFam,5.3120737,6.729928
1960,864691135778081453,train,thalamocortical,thalamocortical,6.4041834,5.5272303
1364,864691135060784027,test,thalamocortical,thalamocortical,5.148515,5.460307
29,864691135760106830,test,L4IT,pyramidal,7.2713985,6.0589037
7344,864691135779780797,test,MartFam,MartFam,2.0033138,3.5446012
46,864691135518510218,train,NglFam,NglFam,8.815527,3.4778295
2563,864691135528046939,train,MartFam,MartFam,5.486139,3.6117957
3200,864691135258628527,test,BasketFam,BasketFam,0.40925497,6.8655553
2229,864691135492600167,train,BasketFam,BasketFam,0.16787481,5.9874043
645,864691135727961663,train,L4IT,pyramidal,6.4046845,5.0447416
2696,864691135685030130,train,thalamocortical,thalamocortical,4.4676514,5.8876514
1138,864691136137064075,train,BipFam,BipFam,7.3450074,6.051642
5324,864691135939776309,train,MartFam,MartFam,5.2258997,8.027215
699,864691136101341045,train,L4IT,pyramidal,4.689968,8.710737
4926,864691137022180974,test,MartFam,MartFam,2.7020874,6.676515
293,864691135511324169,train,BipFam,BipFam,5.7196217,8.545441
1055,864691136138779517,train,L2IT,pyramidal,4.144041,9.413446
7667,864691136330880234,train,MartFam,MartFam,3.4543326,4.3362775
4107,864691135373601736,train,BasketFam,BasketFam,7.288365,10.419114
587,864691136523971473,train,BipFam,BipFam,8.031895,7.642087
5477,864691136007059658,test,BipFam,BipFam,6.4365034,4.2712164
1376,864691135405480430,train,BasketFam,BasketFam,-1.0420638,4.2006273
210,864691136125457446,test,L4IT,pyramidal,5.2717195,6.1711802
4841,864691136211068860,train,BasketFam,BasketFam,1.1000749,7.557136
1310,864691135214970752,train,BipFam,BipFam,6.2379518,3.1617029
70,864691136484883756,train,BasketFam,BasketFam,3.049231,9.363917
57,864691135562950369,train,BipFam,BipFam,6.1534643,9.45246
8001,864691135756844242,test,MartFam,MartFam,4.007701,3.759702
269,864691135398892065,train,L3IT,pyramidal,3.6226592,9.91637
1464,864691136438216350,train,BasketFam,BasketFam,-0.7360258,4.9949
281,864691136210975676,test,L4IT,pyramidal,5.8841815,5.8552847
1077,864691135742895723,test,BipFam,BipFam,3.4653223,4.1962986
4027,864691135466333509,train,BasketFam,BasketFam,0.20334218,4.511047
868,864691135971464805,train,BasketFam,BasketFam,7.5688596,10.131613
3519,864691135464991645,train,thalamocortical,thalamocortical,2.087579,5.247624
2067,864691136021595384,train,BasketFam,BasketFam,1.2589434,7.413013
852,864691134887444986,test,NglFam,NglFam,4.046939,3.9937632
146,864691135689555680,train,NglFam,NglFam,8.889492,3.1475873
279,864691134887444986,test,NglFam,NglFam,3.7604034,5.746636
3878,864691136138803837,train,BasketFam,BasketFam,-0.6292611,4.3397884
934,864691135928029966,train,thalamocortical,thalamocortical,4.1540575,6.703606
345,864691135660772080,train,MartFam,MartFam,8.9668865,3.4880707
595,864691135503782210,test,BipFam,BipFam,9.071709,7.977581
129,864691136391024144,train,NglFam,NglFam,4.8447127,4.59343
725,864691135398762529,train,BipFam,BipFam,3.3438115,7.4196234
998,864691135562842337,test,L3IT,pyramidal,4.4638886,9.940998
1157,864691135271343525,train,BipFam,BipFam,4.9124594,5.9251785
271,864691135277501669,train,L4IT,pyramidal,9.329723,4.115833
2529,864691136195284556,train,MartFam,MartFam,3.2505813,8.619887
1325,864691136390675216,train,BasketFam,BasketFam,-1.2393104,4.869312
439,864691135857976366,train,BipFam,BipFam,3.324755,7.1533237
101,864691136086632812,train,NglFam,NglFam,7.2588034,4.796703
159,864691135686399415,train,BipFam,BipFam,6.777717,6.38506
697,864691136034433723,train,MartFam,MartFam,7.7497478,3.7364383
7206,864691136067404440,test,MartFam,MartFam,5.6425457,5.7783732
814,864691136913993713,train,L4IT,pyramidal,5.9776897,9.280054
2216,864691135997140906,train,BipFam,BipFam,5.6012664,7.653564
5835,864691135477104960,train,thalamocortical,thalamocortical,4.376662,7.0706134
543,864691134966249759,train,thalamocortical,thalamocortical,5.890853,8.460988
1628,864691135594101291,test,BasketFam,BasketFam,-0.5556275,6.1574345
1008,864691135954480163,train,MartFam,MartFam,3.5670223,2.7163596
28,864691135689555680,train,NglFam,NglFam,9.474751,3.5711572
1611,864691136118294692,train,thalamocortical,thalamocortical,4.5152254,7.456017
98,864691135810297885,train,BipFam,BipFam,9.165943,9.490618
60,864691136086632812,train,NglFam,NglFam,9.112903,5.860728
297,864691136086632812,train,NglFam,NglFam,4.45912,4.2585225
169,864691136273370302,train,NglFam,NglFam,6.481101,9.837912
2029,864691135212863360,train,MartFam,MartFam,3.984991,8.581022
196,864691135431579440,train,BipFam,BipFam,7.5314517,6.289872
565,864691136086632812,train,NglFam,NglFam,6.5076013,2.8051946
59,864691135727686463,train,BipFam,BipFam,3.3863397,7.12862
4017,864691135997140906,train,BipFam,BipFam,4.491954,4.4270606
222,864691135840033171,train,NglFam,NglFam,2.681898,8.347161
2413,864691136118294692,train,thalamocortical,thalamocortical,5.569139,8.466837
67,864691135941886118,train,BipFam,BipFam,5.9262476,4.8048024
89,864691135209194617,train,L2IT,pyramidal,6.599693,8.73973
777,864691134991032954,train,L4IT,pyramidal,4.7843204,4.957184
3487,864691135387551061,train,BasketFam,BasketFam,7.853202,5.647961
445,864691135387277397,test,thalamocortical,thalamocortical,6.512673,8.395388
370,864691135741889940,train,BasketFam,BasketFam,-0.32870463,5.7172794
43,864691135480892614,train,L4IT,pyramidal,6.7902412,7.220863
3229,864691135764678198,test,MartFam,MartFam,3.6584857,9.956307
75,864691135339088102,test,L4IT,pyramidal,3.0734787,5.5123963
1696,864691135456535658,train,MartFam,MartFam,3.5778532,4.0288296
2169,864691135866821340,train,thalamocortical,thalamocortical,5.780867,9.413308
482,864691136086632812,train,NglFam,NglFam,4.163779,7.911252
793,864691135976105839,train,L4IT,pyramidal,7.03832,7.3297524
3287,864691136123919654,train,BasketFam,BasketFam,7.5270286,10.468372
3668,864691136268801012,test,BasketFam,BasketFam,0.65267545,6.941788
9031,864691136580010516,test,MartFam,MartFam,3.1247396,4.132357
1187,864691135726140843,train,L3IT,pyramidal,5.3157444,5.3624144
247,864691136239793212,test,NglFam,NglFam,9.502813,8.486289
308,864691135303514791,train,NglFam,NglFam,8.454674,3.9458504
1197,864691135742895723,test,BipFam,BipFam,2.6046917,4.148767
2435,864691135659538306,train,thalamocortical,thalamocortical,5.6704893,7.5714436
1042,864691135492665959,train,MartFam,MartFam,8.840491,5.418442
511,864691135375655880,train,BipFam,BipFam,4.1478343,10.123392
218,864691136372954248,test,NglFam,NglFam,5.769263,5.407138
251,864691136138803837,train,BasketFam,BasketFam,-0.6984412,3.582112
192,864691135938404612,train,BipFam,BipFam,8.247836,9.835866
1335,864691135294194358,train,thalamocortical,thalamocortical,1.594014,6.3872027
985,864691135134565280,train,BasketFam,BasketFam,5.609108,8.375165
5129,864691135477104960,train,thalamocortical,thalamocortical,0.20327707,8.261635
1211,864691135701340194,train,BasketFam,BasketFam,0.5955726,4.21543
552,864691136137210507,train,BipFam,BipFam,-0.6833968,6.0487323
132,864691135941898918,train,MartFam,MartFam,7.9474273,3.9792233
10090,864691135858282030,train,MartFam,MartFam,3.4150238,3.664783
546,864691135689555680,train,NglFam,NglFam,7.7975225,3.6401782
616,864691136086632812,train,NglFam,NglFam,6.3786106,2.8706973
839,864691136580010516,test,MartFam,MartFam,1.5821348,6.6501346
475,864691135778572973,train,L4IT,pyramidal,8.228073,7.473067
316,864691136137064075,train,BipFam,BipFam,8.715936,8.340066
3212,864691135689015264,train,thalamocortical,thalamocortical,2.9383044,7.7749343
506,864691135726881195,train,L4IT,pyramidal,7.0562243,8.6890135
603,864691135106309709,train,NglFam,NglFam,9.446295,8.434764
624,864691136273370302,train,NglFam,NglFam,9.422299,7.8903384
2264,864691136523971473,train,BipFam,BipFam,3.2997284,3.485745
3260,864691136312057178,train,BasketFam,BasketFam,2.8255206e-05,5.3699403
3268,864691135442598728,train,BasketFam,BasketFam,-0.18544966,4.2726808
1650,864691135384716762,train,MartFam,MartFam,6.2944818,3.0891287
756,864691136273370302,train,NglFam,NglFam,4.0171905,9.547584
4682,864691136603935441,train,BasketFam,BasketFam,-0.044507816,3.5218246
2808,864691135210443897,train,BasketFam,BasketFam,-0.04443315,3.9365044
432,864691135912137641,train,BasketFam,BasketFam,5.5922647,8.766591
2594,864691136011549614,train,BipFam,BipFam,4.7040806,5.2555842
420,864691135060094107,train,L4IT,pyramidal,8.166647,7.8717756
1337,864691135118298333,train,MartFam,MartFam,6.9856067,8.484907
439,864691135132887456,test,NglFam,NglFam,9.377847,3.5516348
219,864691135106309709,train,NglFam,NglFam,6.2800875,9.771236
35,864691135359413848,train,BipFam,BipFam,8.199081,5.8140626
377,864691136619344859,test,BasketFam,BasketFam,-0.12930365,3.5055285
4887,864691136914542577,train,MartFam,MartFam,5.3641396,6.3221426
441,864691136914542577,train,MartFam,MartFam,1.2857304,5.4663515
1110,864691135976105839,train,L4IT,pyramidal,3.959155,7.756988
4,864691136420303511,train,L4IT,pyramidal,7.7237873,9.472356
429,864691136091233847,train,thalamocortical,thalamocortical,5.021571,5.324871
5403,864691135477104960,train,thalamocortical,thalamocortical,3.0523791,8.1215725
27,864691135309733190,train,NglFam,NglFam,8.768731,2.5382757
1622,864691135119335645,train,thalamocortical,thalamocortical,5.464451,5.264799
719,864691135387529301,test,BasketFam,BasketFam,0.22731401,6.211971
601,864691135339088102,test,L4IT,pyramidal,5.6675096,6.7758703
747,864691135470255698,train,thalamocortical,thalamocortical,2.688674,8.619229
294,864691136391024144,train,NglFam,NglFam,3.7538607,5.2520866
160,864691136021865976,train,L3IT,pyramidal,4.611591,4.843712
314,864691136239793212,test,NglFam,NglFam,8.410555,9.456395
676,864691136108370905,train,BipFam,BipFam,7.954603,5.261235
2024,864691135573245165,train,BasketFam,BasketFam,3.2601795,4.395794
6690,864691135480702662,train,MartFam,MartFam,-0.014427915,3.3060608
1561,864691136523971473,train,BipFam,BipFam,7.7995524,4.203557
137,864691136136838027,train,L6IT,pyramidal,8.801797,9.545426
416,864691135496262032,train,BasketFam,BasketFam,4.9555063,8.141996
734,864691135398762529,train,BipFam,BipFam,4.7479935,4.591862
281,864691136239793212,test,NglFam,NglFam,7.9286036,8.974461
5917,864691135464991645,train,thalamocortical,thalamocortical,6.5235043,5.790892
503,864691136273370302,train,NglFam,NglFam,4.462812,9.78711
5282,864691135448017554,train,BasketFam,BasketFam,4.673982,6.356145
5311,864691135470255698,train,thalamocortical,thalamocortical,2.842314,6.1247506
10332,864691135480702662,train,MartFam,MartFam,5.4124546,2.599656
970,864691135464991645,train,thalamocortical,thalamocortical,2.1760845,5.94437
4,864691135727925311,test,L2IT,pyramidal,5.5884275,7.490502
2572,864691135477104960,train,thalamocortical,thalamocortical,-0.3370567,5.911182
482,864691136239068732,train,L3IT,pyramidal,5.789817,6.3816423
1700,864691136925008100,train,BipFam,BipFam,2.050436,8.109063
202,864691136335553971,train,L2IT,pyramidal,4.7541356,9.038312
2425,864691136392806271,train,BasketFam,BasketFam,-0.040211108,4.1549845
4910,864691136381324501,train,BasketFam,BasketFam,0.30892095,6.7794886
3766,864691136138695549,train,BasketFam,BasketFam,-0.005929058,7.362081
324,864691135273655569,train,L5ET,pyramidal,0.29329446,7.828284
6095,864691135480702662,train,MartFam,MartFam,4.4910707,5.1002946
40,864691136137064075,train,BipFam,BipFam,3.707651,6.605625
9829,864691135210446457,train,MartFam,MartFam,5.533858,2.8143487
1455,864691136372954248,test,NglFam,NglFam,3.1380394,6.822903
250,864691135694415551,train,L4IT,pyramidal,3.812601,8.278186
776,864691136052101363,train,BipFam,BipFam,9.077542,9.87896
3111,864691136390675216,train,BasketFam,BasketFam,8.02896,3.9736934
5859,864691135448017554,train,BasketFam,BasketFam,-0.08367827,4.817836
1447,864691135659538306,train,thalamocortical,thalamocortical,6.5551243,5.734049
1449,864691136372954248,test,NglFam,NglFam,5.9832225,5.2681494
117,864691135431579440,train,BipFam,BipFam,4.8736973,5.956167
246,864691135492613471,test,L2IT,pyramidal,5.7119412,6.3151736
3920,864691135739131780,train,MartFam,MartFam,2.9467196,4.3088684
698,864691135689015264,train,thalamocortical,thalamocortical,2.6512125,8.301983
1244,864691135447979922,train,BipFam,BipFam,3.638014,8.40577
3854,864691135477104960,train,thalamocortical,thalamocortical,3.1539273,7.869334
2332,864691135477104960,train,thalamocortical,thalamocortical,5.086863,5.0533037
1030,864691136118430628,train,BipFam,BipFam,4.356941,8.303542
288,864691135369651193,train,BipFam,BipFam,8.004307,7.360306
245,864691135387513685,test,L4IT,pyramidal,7.762255,8.550316
371,864691135293605558,train,L4IT,pyramidal,7.5117035,7.700758
639,864691135941789606,train,BasketFam,BasketFam,0.16328263,3.567926
894,864691135346954143,train,MartFam,MartFam,4.551368,6.5776863
4127,864691136312076122,train,MartFam,MartFam,6.5568376,4.5159187
50,864691136390788215,train,L3IT,pyramidal,4.734956,10.215957
2300,864691135014276342,test,BasketFam,BasketFam,0.1780886,3.814477
1611,864691135294194358,train,thalamocortical,thalamocortical,4.582418,6.991508
37,864691136391024144,train,NglFam,NglFam,0.72101736,6.6328654
256,864691136524282001,train,NglFam,NglFam,7.7315183,5.8164763
4355,864691136067404440,test,MartFam,MartFam,5.924135,6.600723
121,864691135702298491,train,L6IT,pyramidal,6.2437654,8.251979
7892,864691135774221643,train,MartFam,MartFam,3.1411316,3.4730964
417,864691136086632812,train,NglFam,NglFam,5.7335963,4.2621007
38,864691135499283987,train,L6IT,pyramidal,5.9480643,9.631671
393,864691136058602712,train,thalamocortical,thalamocortical,3.371486,5.96653
4277,864691135119335645,train,thalamocortical,thalamocortical,2.3884344,6.663526
287,864691135994804394,train,BipFam,BipFam,6.3710876,8.3453245
1123,864691135546339880,train,L4IT,pyramidal,7.814484,7.9678893
443,864691135594982187,train,L4IT,pyramidal,5.138863,8.4069395
519,864691136274546622,train,L4IT,pyramidal,5.088157,6.8750744
499,864691134887444986,test,NglFam,NglFam,3.3156612,4.612396
573,864691136005322698,test,BasketFam,BasketFam,5.733104,4.015043
1125,864691136137064075,train,BipFam,BipFam,4.5834346,9.4812155
2286,864691135990793216,train,MartFam,MartFam,8.008794,2.9619694
333,864691135375655880,train,BipFam,BipFam,9.470634,9.418783
4165,864691135309486662,train,BasketFam,BasketFam,1.1672375,7.0173874
223,864691136138695549,train,BasketFam,BasketFam,-0.83432406,4.2513404
294,864691135396720885,train,BasketFam,BasketFam,4.2747335,3.1370647
3397,864691136007059658,test,BipFam,BipFam,7.4586506,6.4614854
460,864691135732257721,train,BasketFam,BasketFam,1.1707847,8.206894
3284,864691136011549614,train,BipFam,BipFam,8.691732,6.424368
340,864691136391024144,train,NglFam,NglFam,3.3365202,7.8229394
3504,864691136123919654,train,BasketFam,BasketFam,0.2136811,3.9501834
94,864691136524282001,train,NglFam,NglFam,3.5304534,5.1949043
1369,864691135866821340,train,thalamocortical,thalamocortical,4.9562807,5.3323135
4105,864691135755605197,train,thalamocortical,thalamocortical,2.669876,6.354958
1644,864691136452920319,train,BasketFam,BasketFam,9.662802,8.222579
559,864691135810297885,train,BipFam,BipFam,8.164318,8.389611
119,864691135480702662,train,MartFam,MartFam,3.6303003,3.1109352
134,864691135840033171,train,NglFam,NglFam,3.8547125,5.125618
359,864691136086632812,train,NglFam,NglFam,6.0331106,5.623159
171,864691136228538961,train,L5IT,pyramidal,7.685417,7.4477763
1322,864691135463999294,train,BasketFam,BasketFam,0.26534364,7.7754016
739,864691135585989240,train,BasketFam,BasketFam,0.4709546,6.1416473
4978,864691135470255698,train,thalamocortical,thalamocortical,2.7778308,7.666013
132,864691136120465944,train,thalamocortical,thalamocortical,2.24613,5.2147017
3301,864691135755605197,train,thalamocortical,thalamocortical,2.1718636,6.1321616
2159,864691135778081453,train,thalamocortical,thalamocortical,5.868212,5.00415
2632,864691136288755395,train,thalamocortical,thalamocortical,3.3628523,6.129171
517,864691135779705021,train,L4IT,pyramidal,4.7317424,10.170685
999,864691136011549614,train,BipFam,BipFam,6.21,8.192554
5825,864691134886037498,train,MartFam,MartFam,4.1619215,3.6387556
441,864691135479833030,train,L4IT,pyramidal,4.1159186,10.022632
1263,864691135470255698,train,thalamocortical,thalamocortical,3.1537485,7.9632854
711,864691136091233847,train,thalamocortical,thalamocortical,2.638726,6.461159
2635,864691135875919502,test,MartFam,MartFam,3.8803666,2.5732014
277,864691135689555680,train,NglFam,NglFam,7.7577147,3.8873372
53,864691135693735103,train,NglFam,NglFam,8.772832,9.9315195
121,864691136239793212,test,NglFam,NglFam,8.235002,6.546029
2525,864691136523971473,train,BipFam,BipFam,6.6800146,8.574358
4979,864691136011485614,test,BasketFam,BasketFam,-0.50419474,6.0901437
552,864691135662070512,train,L4IT,pyramidal,7.0531764,6.0260787
47,864691136052101363,train,BipFam,BipFam,9.224771,9.314191
94,864691135774127611,train,BipFam,BipFam,7.7041545,9.637172
2876,864691136814345075,train,MartFam,MartFam,8.968926,2.758405
8287,864691135858282030,train,MartFam,MartFam,5.68673,3.969012
1495,864691136093003700,train,L5IT,pyramidal,9.225633,9.4236555
1361,864691136453183487,test,MartFam,MartFam,5.7693005,5.0958185
126,864691135782873936,test,thalamocortical,thalamocortical,3.428443,5.70271
72,864691135274713617,test,BipFam,BipFam,4.403172,9.511317
3564,864691135470255698,train,thalamocortical,thalamocortical,3.055722,7.597736
320,864691135741659499,train,L4IT,pyramidal,3.1469276,6.932876
1327,864691136011549614,train,BipFam,BipFam,8.990422,7.481538
1322,864691135742895723,test,BipFam,BipFam,2.3449686,8.304448
475,864691135214970752,train,BipFam,BipFam,4.3842225,4.393862
1028,864691136927366986,train,thalamocortical,thalamocortical,5.7489014,6.93938
3891,864691136311213914,test,BasketFam,BasketFam,-1.2156559,4.326296
2266,864691135210178169,test,BasketFam,BasketFam,7.0117087,10.165242
5248,864691135271967397,train,MartFam,MartFam,2.1111367,6.7822876
687,864691135778081453,train,thalamocortical,thalamocortical,3.008596,5.6066947
5358,864691135703016059,train,MartFam,MartFam,5.105283,4.9574027
857,864691136108370905,train,BipFam,BipFam,8.4606085,7.294315
5134,864691135611702023,train,BasketFam,BasketFam,-0.94802845,4.319441
306,864691135397982753,train,L5IT,pyramidal,7.79455,7.9587865
4794,864691135778081453,train,thalamocortical,thalamocortical,2.6843672,7.7519827
2445,864691135727929663,train,BasketFam,BasketFam,7.8961287,3.2214568
118,864691135990009600,test,L4IT,pyramidal,7.0686173,7.0057516
1441,864691135562950369,train,BipFam,BipFam,4.7707467,6.5879135
1511,864691136966189518,test,MartFam,MartFam,9.265934,4.337444
2306,864691136330880234,train,MartFam,MartFam,2.8798602,4.0460067
163,864691135303514791,train,NglFam,NglFam,9.186065,3.8011918
970,864691135878586963,test,thalamocortical,thalamocortical,2.6863134,7.9629517
3569,864691136006393034,train,MartFam,MartFam,3.0088315,8.337509
145,864691135511324169,train,BipFam,BipFam,7.305648,4.683432
348,864691135511324169,train,BipFam,BipFam,4.984587,6.7789726
122,864691135280682401,train,L4IT,pyramidal,7.0200415,6.3910246
3330,864691136524014993,train,BasketFam,BasketFam,0.83348346,7.6514025
1649,864691136372954248,test,NglFam,NglFam,4.6373324,8.885491
144,864691134887444986,test,NglFam,NglFam,5.8213296,6.045662
1717,864691136091233847,train,thalamocortical,thalamocortical,2.1962912,7.6506677
243,864691136330122730,train,L5IT,pyramidal,5.8995695,6.3318753
76,864691135755605197,train,thalamocortical,thalamocortical,2.1769617,5.183037
967,864691135106209101,train,BasketFam,BasketFam,0.13667494,5.799172
2077,864691135741641876,test,BasketFam,BasketFam,-0.032608937,7.6982856
665,864691135528046939,train,MartFam,MartFam,3.485461,3.7586107
1221,864691135778081453,train,thalamocortical,thalamocortical,1.9581059,6.296227
386,864691136137210507,train,BipFam,BipFam,6.017177,4.517164
953,864691136042989910,test,BasketFam,BasketFam,0.24700907,7.570731
733,864691135294194358,train,thalamocortical,thalamocortical,1.4986334,6.916891
87,864691136445968259,train,BasketFam,BasketFam,1.1654478,8.2437935
1308,864691135659538306,train,thalamocortical,thalamocortical,2.576876,6.504919
664,864691135742677867,train,BipFam,BipFam,4.396541,7.555622
1678,864691135946994785,train,BasketFam,BasketFam,8.172805,8.310614
90,864691135977309763,train,L4IT,pyramidal,4.5314198,8.391898
3628,864691135499752723,train,BasketFam,BasketFam,-0.39160895,4.222765
1,864691135343506885,train,BipFam,BipFam,6.224805,9.167681
549,864691134966249759,train,thalamocortical,thalamocortical,3.746937,6.461133
3846,864691135119335645,train,thalamocortical,thalamocortical,4.3791027,8.399805
745,864691135015605910,train,L3IT,pyramidal,6.7865644,6.209324
234,864691135938404612,train,BipFam,BipFam,7.3530064,8.285312
6738,864691135477104960,train,thalamocortical,thalamocortical,3.7023022,4.835742
4537,864691135997140906,train,BipFam,BipFam,7.310721,5.309669
4971,864691135346954143,train,MartFam,MartFam,3.2397485,4.5890393
222,864691135430749232,train,L4IT,pyramidal,6.817149,8.760326
24,864691135490505018,train,L4IT,pyramidal,7.483437,7.8079243
4826,864691136390675216,train,BasketFam,BasketFam,4.094235,4.84087
4938,864691135119335645,train,thalamocortical,thalamocortical,2.4462378,6.6104302
6255,864691135689015264,train,thalamocortical,thalamocortical,2.2379591,8.182457
1252,864691135214970752,train,BipFam,BipFam,6.769274,5.6142206
106,864691135579134981,train,BipFam,BipFam,5.6083784,7.561653
3530,864691136011549614,train,BipFam,BipFam,5.9143133,6.6664753
7515,864691135464991645,train,thalamocortical,thalamocortical,4.5058203,5.1163964
274,864691135106309709,train,NglFam,NglFam,9.906425,8.359562
1950,864691135685030130,train,thalamocortical,thalamocortical,3.7569237,6.321558
1059,864691135891690121,train,BasketFam,BasketFam,0.22567858,3.904499
1060,864691136145537844,train,BipFam,BipFam,7.519279,6.5684843
881,864691135732257721,train,BasketFam,BasketFam,0.049811117,3.6438136
954,864691135920591792,train,BasketFam,BasketFam,-1.2363219,5.195048
108,864691136026013497,train,BipFam,BipFam,3.6665404,7.9758096
137,864691136144827444,train,L2IT,pyramidal,8.625733,4.947199
567,864691135106309709,train,NglFam,NglFam,8.312167,8.634424
137,864691135782873936,test,thalamocortical,thalamocortical,7.403432,7.970952
655,864691136273370302,train,NglFam,NglFam,3.7763073,10.1015625
72,864691135349839831,train,L3IT,pyramidal,6.9337134,6.976052
4717,864691135891796617,train,BasketFam,BasketFam,-0.23292679,5.475424
1409,864691135492665959,train,MartFam,MartFam,8.136223,3.1642857
67,864691136195526120,train,L4IT,pyramidal,7.156436,6.437239
2169,864691135920776624,train,MartFam,MartFam,4.0180674,8.335179
5723,864691135480702662,train,MartFam,MartFam,5.814587,6.819398
232,864691135586240120,train,L2IT,pyramidal,7.828183,7.321639
290,864691135132887456,test,NglFam,NglFam,5.703876,5.1802454
4503,864691136195284556,train,MartFam,MartFam,8.546474,7.671171
3012,864691135839979667,train,MartFam,MartFam,3.2612185,4.43545
151,864691135183646466,train,L6CT,pyramidal,8.767269,8.510887
675,864691135689555680,train,NglFam,NglFam,7.6769757,5.949072
944,864691135990793216,train,MartFam,MartFam,9.0660715,2.7078812
3665,864691135702887291,train,BasketFam,BasketFam,0.14646564,4.1607127
2287,864691135858282030,train,MartFam,MartFam,2.7115595,8.493533
2897,864691135571546917,train,MartFam,MartFam,9.066005,7.273929
471,864691135503443549,train,L4IT,pyramidal,4.8140516,4.466572
245,864691136005322698,test,BasketFam,BasketFam,1.191396,4.604733
92,864691135993770945,test,BipFam,BipFam,8.141712,9.276688
204,864691136438372254,train,BipFam,BipFam,6.8097663,5.301284
152,864691136273370302,train,NglFam,NglFam,9.418541,8.609991
3692,864691136011733934,train,MartFam,MartFam,2.4252012,8.41779
3822,864691135996104618,train,BasketFam,BasketFam,-0.44481802,3.785662
1666,864691135464991645,train,thalamocortical,thalamocortical,1.839034,5.622118
341,864691136052637171,train,L4IT,pyramidal,3.4843252,7.008947
724,864691136364166370,train,BipFam,BipFam,9.311412,4.0466285
3354,864691136595955362,train,MartFam,MartFam,1.2741575,6.172723
132,864691135750649129,train,L4IT,pyramidal,3.99449,7.8100147
3326,864691135997140906,train,BipFam,BipFam,8.469021,6.1796985
1409,864691136145572404,train,BipFam,BipFam,3.2646832,4.3462687
2536,864691135990672896,train,MartFam,MartFam,4.7856817,6.018915
3166,864691135362357319,train,BasketFam,BasketFam,-0.7835806,5.94986
3767,864691135196475434,train,MartFam,MartFam,4.4145093,2.2386565
216,864691135309733190,train,NglFam,NglFam,4.257004,7.630066
403,864691135860969064,train,L4IT,pyramidal,1.7904534,5.4280443
801,864691135755707597,train,BipFam,BipFam,6.1763144,9.40932
1277,864691136034433723,train,MartFam,MartFam,3.3611615,4.5081806
1919,864691135106189901,test,BasketFam,BasketFam,6.862627,9.871436
1505,864691135210178169,test,BasketFam,BasketFam,-0.6822462,6.6753416
5572,864691135477104960,train,thalamocortical,thalamocortical,4.2869806,8.494523
2387,864691135853090503,test,BasketFam,BasketFam,-0.30506462,3.627837
997,864691135571440006,train,MartFam,MartFam,4.316951,3.6024084
2103,864691135346954143,train,MartFam,MartFam,2.8773422,3.9935584
1079,864691136138695549,train,BasketFam,BasketFam,0.94887614,3.7976077
3404,864691135990672896,train,MartFam,MartFam,3.797105,8.73199
17,864691135106309709,train,NglFam,NglFam,8.673032,8.392056
2677,864691136118294692,train,thalamocortical,thalamocortical,5.0872645,5.404008
1439,864691136091233847,train,thalamocortical,thalamocortical,1.6144364,5.5382395
36,864691136968429774,train,L4IT,pyramidal,8.226344,5.521573
2771,864691136118294692,train,thalamocortical,thalamocortical,2.0938609,5.2572865
99,864691135839999379,train,BipFam,BipFam,9.07192,5.830791
850,864691135106309709,train,NglFam,NglFam,9.845108,8.415225
10,864691135132887456,test,NglFam,NglFam,9.101164,3.1636605
5699,864691135456535658,train,MartFam,MartFam,8.797368,4.5950685
621,864691135742189163,test,L4IT,pyramidal,4.657101,8.676439
2111,864691135343601093,train,BasketFam,BasketFam,0.8588183,6.8658986
239,864691135106309709,train,NglFam,NglFam,4.997087,9.834577
8591,864691136390905207,train,MartFam,MartFam,6.1637726,8.981566
2414,864691136445968259,train,BasketFam,BasketFam,0.31488127,3.9630756
3038,864691135258628527,test,BasketFam,BasketFam,1.1635643,7.9106965
539,864691135106309709,train,NglFam,NglFam,4.6407924,10.367697
5438,864691135839979667,train,MartFam,MartFam,1.2893568,6.152127
841,864691135742826603,train,BipFam,BipFam,3.7421548,9.806673
11,864691135119630813,test,BipFam,BipFam,9.059849,5.682448
2387,864691135346954143,train,MartFam,MartFam,2.7677875,4.0289507
314,864691135689555680,train,NglFam,NglFam,7.4659476,4.6438136
519,864691136137210507,train,BipFam,BipFam,5.4781117,7.2313967
740,864691135997428394,test,thalamocortical,thalamocortical,0.23878436,3.5089247
953,864691135477104960,train,thalamocortical,thalamocortical,3.3061073,8.60642
317,864691136298913563,train,MartFam,MartFam,2.6360228,6.270844
196,864691136273370302,train,NglFam,NglFam,3.6665184,8.739683
168,864691135773776459,train,L6IT,pyramidal,7.8275476,9.632564
2504,864691136905941426,train,BasketFam,BasketFam,5.8374057,7.0963106
456,864691135448256146,train,L4IT,pyramidal,5.1763763,10.378624
17,864691135293096118,train,NglFam,NglFam,2.9735553,6.3639913
1029,864691135106309709,train,NglFam,NglFam,6.0786467,9.10018
4739,864691136211068860,train,BasketFam,BasketFam,-0.7729353,6.2623897
489,864691135060094107,train,L4IT,pyramidal,5.0117626,9.000849
8,864691135885623408,train,L6CT,pyramidal,1.9885356,3.5282516
217,864691135309733190,train,NglFam,NglFam,8.248932,5.628185
1506,864691135294194358,train,thalamocortical,thalamocortical,2.2121325,6.915033
1829,864691136011549614,train,BipFam,BipFam,7.654137,5.123301
148,864691136007059658,test,BipFam,BipFam,8.6215725,6.432135
147,864691136578982164,test,L4IT,pyramidal,8.256279,5.076052
3439,864691136007059658,test,BipFam,BipFam,6.2284617,7.174821
2108,864691135659538306,train,thalamocortical,thalamocortical,2.908002,7.2615857
1931,864691136390905207,train,MartFam,MartFam,5.832482,6.9673214
121,864691136523971473,train,BipFam,BipFam,3.75646,5.1271634
704,864691135878586963,test,thalamocortical,thalamocortical,2.0612319,6.703987
7619,864691135477104960,train,thalamocortical,thalamocortical,8.02033,8.946748
430,864691136196240342,test,BipFam,BipFam,5.813588,8.416224
188,864691136052101363,train,BipFam,BipFam,9.046443,9.291308
1354,864691135119335645,train,thalamocortical,thalamocortical,2.7661808,6.0714865
835,864691135119335645,train,thalamocortical,thalamocortical,2.4605453,6.6038074
288,864691135566824983,test,BipFam,BipFam,6.9272623,5.877005
217,864691136025992761,train,BipFam,BipFam,5.5654397,5.987607
1561,864691135875414414,train,BasketFam,BasketFam,-0.15305775,3.5817344
41,864691135562798817,train,L3IT,pyramidal,8.767079,6.575737
49,864691135431648048,train,L4IT,pyramidal,3.7518475,5.988042
65,864691135990564864,train,NglFam,NglFam,9.060551,2.6486685
3635,864691136053350131,test,thalamocortical,thalamocortical,3.2174332,8.503249
1451,864691135343506885,train,BipFam,BipFam,6.338945,8.594132
13382,864691135271967397,train,MartFam,MartFam,4.4099784,2.9313395
278,864691136011549614,train,BipFam,BipFam,9.149577,5.1752133
1080,864691136742921308,test,BasketFam,BasketFam,-0.96133655,4.265143
1630,864691135431441968,train,thalamocortical,thalamocortical,2.145116,8.114572
3584,864691135271967397,train,MartFam,MartFam,2.8316772,5.1847796
45,864691135496444816,train,BasketFam,BasketFam,-0.25298178,5.917405
31,864691135840033171,train,NglFam,NglFam,9.470499,8.874507
4729,864691136603935441,train,BasketFam,BasketFam,-1.1690826,4.84055
338,864691135528193883,test,BipFam,BipFam,6.1355257,9.620388
13,864691136314485053,train,L5NP,pyramidal,8.613322,8.288217
1467,864691136925008100,train,BipFam,BipFam,3.3494964,5.87174
1890,864691136011549614,train,BipFam,BipFam,5.6710258,7.67258
100,864691135309733190,train,NglFam,NglFam,8.86782,3.7082725
7228,864691135618332265,train,BasketFam,BasketFam,7.6427345,7.9823513
1244,864691135755605197,train,thalamocortical,thalamocortical,2.3466213,7.02417
3675,864691135258628527,test,BasketFam,BasketFam,-0.13547757,7.4289722
1108,864691136053350131,test,thalamocortical,thalamocortical,2.9284844,6.1607
333,864691136067404440,test,MartFam,MartFam,6.232788,8.258617
190,864691135741910164,train,L6IT,pyramidal,9.2467785,9.079489
124,864691136381353685,train,L3IT,pyramidal,4.6968994,8.277914
4412,864691136011458734,test,BasketFam,BasketFam,-0.5766305,6.344934
2250,864691135477104960,train,thalamocortical,thalamocortical,6.116829,8.201824
5015,864691135499752723,train,BasketFam,BasketFam,-0.80781263,4.3279495
4130,864691135210446457,train,MartFam,MartFam,1.5963308,6.5846686
4566,864691135499624723,train,BasketFam,BasketFam,-0.20491865,5.4530497
5141,864691136033871035,train,thalamocortical,thalamocortical,1.7403651,6.0411997
172,864691136580010516,test,MartFam,MartFam,3.668828,4.2198286
4365,864691135755605197,train,thalamocortical,thalamocortical,3.5932417,6.5261354
400,864691135689555680,train,NglFam,NglFam,8.465905,4.1490464
596,864691135431579440,train,BipFam,BipFam,7.538778,7.5052533
95,864691135586022264,train,BasketFam,BasketFam,-0.49273297,4.2822695
539,864691136392806271,train,BasketFam,BasketFam,-0.80255836,3.9309285
114,864691134991032954,train,L4IT,pyramidal,4.16425,8.834747
90,864691135693735103,train,NglFam,NglFam,4.2226863,10.462628
150,864691136391024144,train,NglFam,NglFam,2.871016,6.8846645
1705,864691136145494068,train,BasketFam,BasketFam,-0.6992619,6.1030416
662,864691135431579440,train,BipFam,BipFam,8.742469,7.8103557
39,864691135566979927,train,MartFam,MartFam,5.422399,8.355425
131,864691135132887456,test,NglFam,NglFam,3.481388,5.1292934
2826,864691136390828919,train,MartFam,MartFam,3.9857833,2.37223
5505,864691136007059658,test,BipFam,BipFam,1.9600077,3.5675666
461,864691136137064075,train,BipFam,BipFam,4.3713436,10.090887
37,864691135993185985,test,BasketFam,BasketFam,7.4052753,10.54693
1129,864691135492614239,train,MartFam,MartFam,7.8330474,5.388873
6916,864691135941898918,train,MartFam,MartFam,4.870898,4.346413
737,864691134887444986,test,NglFam,NglFam,4.276019,9.451155
4068,864691136138803837,train,BasketFam,BasketFam,-0.5848387,5.6709585
1918,864691135477104960,train,thalamocortical,thalamocortical,2.942718,6.286296
262,864691134887444986,test,NglFam,NglFam,5.79898,4.3271627
3655,864691135235206489,train,MartFam,MartFam,7.5732546,4.0865664
1655,864691135369668089,train,BasketFam,BasketFam,-0.43619806,4.1518865
189,864691135693735103,train,NglFam,NglFam,6.3004575,9.849667
41,864691135119630813,test,BipFam,BipFam,7.843095,4.476463
1729,864691135869457430,train,BasketFam,BasketFam,0.2065219,8.454908
3394,864691135528046939,train,MartFam,MartFam,4.905769,4.695038
240,864691136579434260,train,L6IT,pyramidal,5.1987195,9.0233755
1494,864691134966249759,train,thalamocortical,thalamocortical,5.4664097,7.06079
3530,864691135309486662,train,BasketFam,BasketFam,0.34304118,6.143115
151,864691135309733190,train,NglFam,NglFam,8.890505,2.824618
999,864691135477104960,train,thalamocortical,thalamocortical,3.305354,6.2681713
214,864691135977045871,train,L4IT,pyramidal,7.065175,8.599408
174,864691136436788382,train,BipFam,BipFam,7.910509,6.363745
223,864691135778081453,train,thalamocortical,thalamocortical,3.7319887,4.2870727
260,864691136211325884,test,L2IT,pyramidal,8.998892,8.925033
7576,864691135464991645,train,thalamocortical,thalamocortical,5.4020786,4.5680947
280,864691136010650796,train,BipFam,BipFam,7.799449,5.220423
3639,864691135528046939,train,MartFam,MartFam,3.686575,4.0817165
503,864691136364166370,train,BipFam,BipFam,7.4648533,7.7755494
436,864691134887444986,test,NglFam,NglFam,4.582415,4.1341248
929,864691136058602712,train,thalamocortical,thalamocortical,2.0405147,6.8646083
104,864691135727907391,train,L2IT,pyramidal,9.020637,5.660698
7746,864691135456535658,train,MartFam,MartFam,9.254772,4.765202
701,864691136273370302,train,NglFam,NglFam,4.28796,7.9589233
3463,864691136021592568,train,BasketFam,BasketFam,0.3421459,7.4453287
2072,864691135659538306,train,thalamocortical,thalamocortical,3.9329975,6.701387
112,864691135309733190,train,NglFam,NglFam,8.447727,5.5228233
590,864691135106309709,train,NglFam,NglFam,9.071116,9.223998
1946,864691135456535658,train,MartFam,MartFam,5.462261,2.8443472
3879,864691136007059658,test,BipFam,BipFam,6.2658877,8.009493
1781,864691135954480163,train,MartFam,MartFam,3.3234277,3.151634
7469,864691135464991645,train,thalamocortical,thalamocortical,4.343974,7.107457
2154,864691135659538306,train,thalamocortical,thalamocortical,8.962573,8.215293
1698,864691136914542577,train,MartFam,MartFam,3.1707067,3.9179785
302,864691136273370302,train,NglFam,NglFam,8.625624,9.626697
5,864691135948215076,test,BipFam,BipFam,6.954634,8.071266
441,864691135106309709,train,NglFam,NglFam,5.834783,9.109319
985,864691136364166370,train,BipFam,BipFam,5.8220673,8.643151
851,864691136372954248,test,NglFam,NglFam,4.7509346,5.393041
522,864691136372954248,test,NglFam,NglFam,5.857589,4.144516
725,864691136145572404,train,BipFam,BipFam,3.3161988,8.379104
9,864691135305383591,train,NglFam,NglFam,9.322296,3.363911
8835,864691135703016059,train,MartFam,MartFam,5.4821925,2.9918473
966,864691135271343525,train,BipFam,BipFam,5.7044187,4.5025463
92,864691135891796617,train,BasketFam,BasketFam,-0.80767494,4.8570642
806,864691135496444816,train,BasketFam,BasketFam,0.007752092,5.9450545
35,864691135293096118,train,NglFam,NglFam,3.1194706,6.906297
580,864691136229363025,train,L4IT,pyramidal,2.5749276,7.5806665
105,864691136524282001,train,NglFam,NglFam,8.451866,5.209181
2794,864691136195284556,train,MartFam,MartFam,3.4769065,3.9165866
3489,864691135325426076,train,MartFam,MartFam,3.5562673,3.1158245
2041,864691136381324501,train,BasketFam,BasketFam,-0.69841826,4.288162
292,864691136336204979,train,NglFam,NglFam,4.3703575,3.8369288
2111,864691135866821340,train,thalamocortical,thalamocortical,5.9838743,6.829313
848,864691135810297885,train,BipFam,BipFam,5.4736013,9.936183
6563,864691136580010516,test,MartFam,MartFam,5.0157976,2.8081412
255,864691136144674612,train,L3IT,pyramidal,3.5215151,6.0241013
2089,864691135119335645,train,thalamocortical,thalamocortical,2.6748972,6.5099716
560,864691135755605197,train,thalamocortical,thalamocortical,5.868453,4.3668556
273,864691135132887456,test,NglFam,NglFam,9.07135,3.6639392
610,864691135891690121,train,BasketFam,BasketFam,1.0514263,7.0008082
2267,864691136523971473,train,BipFam,BipFam,3.4215953,3.4636245
259,864691135857976366,train,BipFam,BipFam,5.4882917,8.282292
3415,864691136118294692,train,thalamocortical,thalamocortical,1.9541856,5.3770604
84,864691136100014453,train,BipFam,BipFam,5.7889314,9.079576
326,864691135343506885,train,BipFam,BipFam,6.1312375,5.36177
82,864691135369651193,train,BipFam,BipFam,5.615685,5.8644495
268,864691136392622207,train,BasketFam,BasketFam,5.9176497,9.258112
3770,864691135997140906,train,BipFam,BipFam,5.5935526,5.958306
1505,864691135994158785,test,MartFam,MartFam,9.505424,7.7692776
3737,864691136053350131,test,thalamocortical,thalamocortical,2.0903785,8.167399
443,864691134887444986,test,NglFam,NglFam,3.4226582,8.35452
364,864691135387551061,train,BasketFam,BasketFam,0.47474128,4.0294065
1646,864691135994158785,test,MartFam,MartFam,7.27038,3.7644775
1311,864691136145572404,train,BipFam,BipFam,4.8828506,6.4180326
632,864691136196932172,train,BasketFam,BasketFam,-0.98996955,5.7733364
7879,864691136314120765,train,BasketFam,BasketFam,0.4052035,3.840974
1832,864691135611702023,train,BasketFam,BasketFam,-0.31414583,6.4732013
1859,864691135839979667,train,MartFam,MartFam,3.78664,3.378806
5234,864691135464991645,train,thalamocortical,thalamocortical,4.9197803,5.0785723
820,864691135939949365,train,L4IT,pyramidal,6.653309,6.1015816
525,864691135106309709,train,NglFam,NglFam,6.278965,8.72078
989,864691135885194352,train,BasketFam,BasketFam,0.9295956,7.8991356
372,864691136229186129,train,L2IT,pyramidal,5.9535236,9.368184
762,864691135504203357,train,L4IT,pyramidal,8.504049,7.880356
2733,864691135470255698,train,thalamocortical,thalamocortical,7.972814,9.016254
3668,864691136523889553,train,BasketFam,BasketFam,1.0019372,8.125715
487,864691136137168779,train,BipFam,BipFam,4.5664563,5.4051065
4066,864691135470255698,train,thalamocortical,thalamocortical,4.056959,5.5244036
2071,864691135235206489,train,MartFam,MartFam,5.39289,7.917737
779,864691135685030130,train,thalamocortical,thalamocortical,5.4931245,5.776833
112,864691136663528670,train,L3IT,pyramidal,6.3644314,8.198568
1781,864691136021592568,train,BasketFam,BasketFam,0.52309585,8.030321
5018,864691136033871035,train,thalamocortical,thalamocortical,1.6370317,5.357614
91,864691136596060322,train,L6CT,pyramidal,8.9173,9.557674
337,864691136311267930,train,L3IT,pyramidal,3.7537208,10.274388
55,864691135990564864,train,NglFam,NglFam,8.509834,2.4852195
1199,864691135778618029,train,BipFam,BipFam,3.5442536,8.137935
844,864691135214970752,train,BipFam,BipFam,5.869899,2.8655672
1483,864691135294194358,train,thalamocortical,thalamocortical,5.582404,4.680094
2223,864691135878586963,test,thalamocortical,thalamocortical,2.86074,6.237392
524,864691136145537844,train,BipFam,BipFam,5.112559,7.564256
1326,864691135470860370,test,BipFam,BipFam,6.4365044,3.8971398
1004,864691134949248508,test,L5IT,pyramidal,5.2949147,9.079473
357,864691135388368001,train,L4IT,pyramidal,5.2226734,6.574416
375,864691136273370302,train,NglFam,NglFam,6.1268554,9.146414
296,864691136524282001,train,NglFam,NglFam,8.086393,2.5962787
45,864691135106309709,train,NglFam,NglFam,6.873239,3.9627922
99,864691135479833030,train,L4IT,pyramidal,7.409851,6.3356247
8175,864691136580010516,test,MartFam,MartFam,4.0928993,2.3511484
168,864691135741874836,test,L2IT,pyramidal,7.752805,7.206224
3812,864691135739131780,train,MartFam,MartFam,9.302475,7.732352
1391,864691136381324501,train,BasketFam,BasketFam,3.2496219,4.3627257
271,864691135106309709,train,NglFam,NglFam,5.680957,9.761798
667,864691136927688266,test,L4IT,pyramidal,6.693836,5.8853674
3074,864691135997140906,train,BipFam,BipFam,3.6755683,7.4026504
3814,864691136034487483,train,BasketFam,BasketFam,-0.40568233,6.2675037
6669,864691134886037498,train,MartFam,MartFam,3.8003132,3.9381282
278,864691136288752835,train,thalamocortical,thalamocortical,4.8116555,8.844802
40,864691135014258070,train,BasketFam,BasketFam,0.57001,8.226516
398,864691135102274592,train,L3IT,pyramidal,8.014224,3.438378
205,864691136372954248,test,NglFam,NglFam,4.88844,4.609253
1911,864691135274708753,train,BasketFam,BasketFam,-0.37358865,5.2471237
76,864691136524282001,train,NglFam,NglFam,4.3690085,3.6861944
3448,864691136033871035,train,thalamocortical,thalamocortical,2.2820604,5.1902466
692,864691135396720885,train,BasketFam,BasketFam,-0.453789,6.6799364
334,864691135659824514,train,BipFam,BipFam,6.931064,6.938954
404,864691135583223405,train,L4IT,pyramidal,7.631271,9.771726
1739,864691135742895723,test,BipFam,BipFam,4.3571477,3.9090388
960,864691135398762529,train,BipFam,BipFam,6.2578464,5.771307
50,864691135566902039,train,BipFam,BipFam,3.985001,7.047279
1317,864691135689015264,train,thalamocortical,thalamocortical,4.00251,5.129249
1983,864691136288755395,train,thalamocortical,thalamocortical,1.7714287,6.3583274
713,864691135375590217,train,L4IT,pyramidal,7.5601606,7.2688603
238,864691135303514791,train,NglFam,NglFam,8.927568,3.2389603
684,864691135455819114,test,L4IT,pyramidal,6.578658,6.5282288
1661,864691135470860370,test,BipFam,BipFam,3.9434414,3.0127137
261,864691136137210507,train,BipFam,BipFam,8.155813,3.1162605
963,864691135343506885,train,BipFam,BipFam,6.795883,7.6266203
1855,864691136007059658,test,BipFam,BipFam,8.233971,4.619913
1953,864691135941829121,test,BasketFam,BasketFam,4.005866,9.835108
406,864691135431579440,train,BipFam,BipFam,7.939845,8.807486
305,864691135801163874,train,L2IT,pyramidal,8.787277,4.103713
90,864691136025992761,train,BipFam,BipFam,3.6439466,5.061068
1098,864691136372954248,test,NglFam,NglFam,3.3122647,4.4779983
778,864691136011549614,train,BipFam,BipFam,8.7148285,6.9853
214,864691134887444986,test,NglFam,NglFam,8.750872,5.2282844
576,864691135470255698,train,thalamocortical,thalamocortical,2.2046041,5.312758
296,864691136391024144,train,NglFam,NglFam,3.5625646,7.334391
465,864691135996891050,test,BipFam,BipFam,4.8443303,10.106243
262,864691135336055529,train,L4IT,pyramidal,6.073772,5.261796
891,864691136137210507,train,BipFam,BipFam,5.208037,6.7582674
1226,864691136145537844,train,BipFam,BipFam,3.8220017,9.232078
7,864691135842486243,train,L3IT,pyramidal,7.216303,7.6018143
1855,864691135496262032,train,BasketFam,BasketFam,-0.25579476,5.3390512
64,864691135384262362,test,L6CT,pyramidal,5.539943,9.894015
94,864691135892176009,train,MartFam,MartFam,4.701973,6.6673894
163,864691135955262472,test,L4IT,pyramidal,3.4147007,6.7607503
11,864691136372954248,test,NglFam,NglFam,4.5038686,8.545765
1149,864691136814345075,train,MartFam,MartFam,7.3913746,4.7349243
905,864691135106309709,train,NglFam,NglFam,9.580703,8.216694
30,864691135325263004,train,L3IT,pyramidal,8.925288,5.519962
9119,864691135456535658,train,MartFam,MartFam,5.7390347,4.4350176
814,864691136011549614,train,BipFam,BipFam,7.581928,4.8882465
2973,864691135755605197,train,thalamocortical,thalamocortical,1.6944269,7.1508884
1891,864691135511861968,test,MartFam,MartFam,4.3033977,3.0158374
887,864691135106309709,train,NglFam,NglFam,4.9166255,8.9321995
251,864691136336204979,train,NglFam,NglFam,6.2303452,5.7850595
637,864691136364166370,train,BipFam,BipFam,8.059976,4.2073026
2432,864691135994158785,test,MartFam,MartFam,8.934911,7.2201724
215,864691137198691137,train,L2IT,pyramidal,6.110972,5.9204955
4889,864691136007059658,test,BipFam,BipFam,4.3723106,9.693789
879,864691136053350131,test,thalamocortical,thalamocortical,2.1599283,7.4675207
604,864691135106309709,train,NglFam,NglFam,9.341848,8.321542
4284,864691135373601736,train,BasketFam,BasketFam,0.6097458,8.406834
2124,864691135941829121,test,BasketFam,BasketFam,-0.053807054,6.5320826
34,864691134948788476,train,L3IT,pyramidal,7.643887,8.664285
7684,864691135477104960,train,thalamocortical,thalamocortical,1.3734944,6.419412
7631,864691135858282030,train,MartFam,MartFam,5.8443995,3.622303
1587,864691135659538306,train,thalamocortical,thalamocortical,2.6998286,8.614737
918,864691135389004929,train,BasketFam,BasketFam,0.6700579,8.219258
4165,864691135779780797,test,MartFam,MartFam,5.5116005,3.308172
70,864691135997140906,train,BipFam,BipFam,6.530887,7.8198605
4590,864691135720572977,train,MartFam,MartFam,3.304003,3.8259373
464,864691136372954248,test,NglFam,NglFam,8.534505,5.708029
279,864691136100014453,train,BipFam,BipFam,3.5557702,8.148485
253,864691135566274391,train,L6CT,pyramidal,7.805201,7.0049853
40,864691135689015264,train,thalamocortical,thalamocortical,3.2628667,6.566376
916,864691136052101363,train,BipFam,BipFam,3.6144924,9.962107
379,864691135810982860,train,L4IT,pyramidal,6.6600676,5.1242075
2656,864691135343509701,train,MartFam,MartFam,8.241226,6.3466907
3875,864691135442598728,train,BasketFam,BasketFam,0.43812242,4.7766104
2765,864691135478095016,train,BasketFam,BasketFam,-1.2564925,4.6955214
3411,864691135499624723,train,BasketFam,BasketFam,0.28390604,6.121611
1583,864691136372954248,test,NglFam,NglFam,4.796024,8.826322
3723,864691135477104960,train,thalamocortical,thalamocortical,2.7407029,7.9844556
6017,864691135689015264,train,thalamocortical,thalamocortical,1.734544,5.538647
2644,864691136007059658,test,BipFam,BipFam,6.3130107,7.131996
38,864691136390675216,train,BasketFam,BasketFam,8.028008,3.9473505
712,864691135689555680,train,NglFam,NglFam,4.0653563,3.9718785
3622,864691136118294692,train,thalamocortical,thalamocortical,1.7210796,5.406095
415,864691136273370302,train,NglFam,NglFam,7.3828726,8.779742
1665,864691135119709149,train,L3IT,pyramidal,4.9268923,6.0012975
3685,864691135755605197,train,thalamocortical,thalamocortical,3.1292992,7.15011
1254,864691135742895723,test,BipFam,BipFam,5.4924393,8.248813
4417,864691135997140906,train,BipFam,BipFam,8.292871,7.222745
567,864691135912137641,train,BasketFam,BasketFam,-0.10200479,3.5971322
321,864691135102390816,train,L5IT,pyramidal,5.356495,6.6788054
60,864691135431579440,train,BipFam,BipFam,6.514266,5.8559856
18,864691135470556242,train,MartFam,MartFam,4.0423594,3.8429403
528,864691135293096118,train,NglFam,NglFam,6.299753,6.254218
5681,864691135689015264,train,thalamocortical,thalamocortical,4.074029,6.834819
2579,864691135294194358,train,thalamocortical,thalamocortical,4.115763,8.511642
2906,864691135782873936,test,thalamocortical,thalamocortical,2.4378836,3.8554804
532,864691135155894884,train,L2IT,pyramidal,8.16448,6.4558415
1024,864691135373601736,train,BasketFam,BasketFam,7.421364,10.514744
1548,864691135464991645,train,thalamocortical,thalamocortical,3.8552928,7.1406593
1806,864691134966249759,train,thalamocortical,thalamocortical,2.0818963,4.03648
166,864691136118878116,train,MartFam,MartFam,5.3218093,3.1869676
2001,864691136033871035,train,thalamocortical,thalamocortical,4.9327292,5.674758
1083,864691135431441968,train,thalamocortical,thalamocortical,3.3180299,7.5240273
991,864691135920591792,train,BasketFam,BasketFam,0.19416569,6.0933905
77,864691136138131325,train,L3IT,pyramidal,4.2899847,6.322272
3525,864691136298913563,train,MartFam,MartFam,7.72908,3.2456968
873,864691135106309709,train,NglFam,NglFam,9.384328,9.481605
64,864691136120465944,train,thalamocortical,thalamocortical,6.113557,6.1413407
3468,864691136453186559,train,BasketFam,BasketFam,-0.39123976,5.858023
1630,864691135778081453,train,thalamocortical,thalamocortical,4.699755,5.9391527
2012,864691136033871035,train,thalamocortical,thalamocortical,7.83639,8.461107
14276,864691135271967397,train,MartFam,MartFam,1.0530074,6.6546025
4239,864691135778081453,train,thalamocortical,thalamocortical,1.4784774,6.1824427
1308,864691135343601093,train,BasketFam,BasketFam,-0.23241587,6.8070464
427,864691136273370302,train,NglFam,NglFam,7.339986,5.4301863
694,864691135215254584,train,L4IT,pyramidal,6.3404717,5.138984
280,864691135511324169,train,BipFam,BipFam,7.210703,6.1231203
627,864691135659538306,train,thalamocortical,thalamocortical,3.6845922,9.814137
2453,864691135756844242,test,MartFam,MartFam,5.657629,3.5534132
424,864691135323181212,test,MartFam,MartFam,7.728985,2.7885485
1380,864691135387277397,test,thalamocortical,thalamocortical,6.420192,7.430473
1247,864691136372954248,test,NglFam,NglFam,5.8882647,5.1232085
2237,864691136053350131,test,thalamocortical,thalamocortical,4.391559,5.580507
420,864691136239793212,test,NglFam,NglFam,6.421236,8.83285
807,864691135375888840,train,L4IT,pyramidal,8.12511,8.752778
2316,864691135772774651,test,MartFam,MartFam,2.8942535,6.8229246
554,864691135431441968,train,thalamocortical,thalamocortical,9.31609,8.615009
1084,864691135866821340,train,thalamocortical,thalamocortical,1.9172024,3.533268
21,864691135303514791,train,NglFam,NglFam,7.322826,5.3146057
1635,864691136312057178,train,BasketFam,BasketFam,-0.5936803,5.7018204
1260,864691135778618029,train,BipFam,BipFam,9.001092,8.206179
402,864691136025992761,train,BipFam,BipFam,3.2280939,7.0666904
691,864691135584008045,test,L3IT,pyramidal,9.0499325,9.176966
1122,864691136145537844,train,BipFam,BipFam,5.0918455,10.20736
154,864691136012173475,test,BipFam,BipFam,4.374425,4.8694463
3459,864691135689015264,train,thalamocortical,thalamocortical,3.0444014,6.000736
295,864691136273370302,train,NglFam,NglFam,6.0273266,9.212009
180,864691135783317840,train,thalamocortical,thalamocortical,2.9083383,7.9597335
3060,864691135928029966,train,thalamocortical,thalamocortical,7.7175603,5.653641
430,864691135431579440,train,BipFam,BipFam,6.2993717,4.05495
670,864691136298913563,train,MartFam,MartFam,5.809686,4.7805924
285,864691135396115189,train,L6IT,pyramidal,6.9079046,9.535015
588,864691136372954248,test,NglFam,NglFam,4.73463,2.3422978
376,864691136363303138,train,L4IT,pyramidal,4.588948,10.431665
515,864691135594101291,test,BasketFam,BasketFam,7.5644493,10.196223
8014,864691135739131780,train,MartFam,MartFam,4.374441,2.9588835
839,864691135106309709,train,NglFam,NglFam,9.552604,8.684739
4702,864691135477104960,train,thalamocortical,thalamocortical,8.848089,7.806491
445,864691135941956865,train,BasketFam,BasketFam,-0.47176772,4.640107
4619,864691135309486662,train,BasketFam,BasketFam,1.0664403,4.0940957
3157,864691135720572977,train,MartFam,MartFam,7.1322556,3.7477424
536,864691135211926464,train,L4IT,pyramidal,7.884332,8.006665
214,864691135369651193,train,BipFam,BipFam,3.529461,5.777159
1677,864691135774221643,train,MartFam,MartFam,2.7664516,4.608436
4330,864691136312076122,train,MartFam,MartFam,8.118382,4.4505253
4962,864691135464991645,train,thalamocortical,thalamocortical,1.5522313,5.55377
93,864691136139027581,train,L4IT,pyramidal,4.6300464,7.2840834
2319,864691135685030130,train,thalamocortical,thalamocortical,5.8350677,5.0688505
1560,864691136390905207,train,MartFam,MartFam,4.6249437,6.666226
653,864691136953677535,train,L4IT,pyramidal,6.7067313,8.927585
2880,864691135106209101,train,BasketFam,BasketFam,-0.25326636,5.004622
622,864691135756844242,test,MartFam,MartFam,4.802817,5.7205887
1144,864691135839577235,train,MartFam,MartFam,3.173668,4.0979
385,864691135309486662,train,BasketFam,BasketFam,0.46815938,7.763686
7608,864691136067404440,test,MartFam,MartFam,6.977429,3.8144665
123,864691135309733190,train,NglFam,NglFam,8.7678,3.4691203
1492,864691135431441968,train,thalamocortical,thalamocortical,2.8003573,8.051641
436,864691135384404954,train,L5NP,pyramidal,8.875178,8.401112
96,864691136025992761,train,BipFam,BipFam,8.958807,8.784451
269,864691134887444986,test,NglFam,NglFam,3.3118398,4.6787252
1550,864691136196383190,train,BasketFam,BasketFam,7.5246553,10.084057
366,864691135118298333,train,MartFam,MartFam,3.0260715,6.657766
690,864691135928029966,train,thalamocortical,thalamocortical,1.8844323,5.2914925
1258,864691136007059658,test,BipFam,BipFam,6.562555,9.02556
6247,864691136196932172,train,BasketFam,BasketFam,-1.0522449,4.9395046
2176,864691135783317840,train,thalamocortical,thalamocortical,4.6717854,5.68689
1076,864691136021595384,train,BasketFam,BasketFam,-0.3560368,6.3340206
504,864691135742895723,test,BipFam,BipFam,7.504812,6.715116
1578,864691136145537844,train,BipFam,BipFam,5.542899,8.363737
509,864691135275949029,train,L2IT,pyramidal,7.1134787,6.9392505
181,864691135802453858,train,L2IT,pyramidal,6.376714,7.9426284
3656,864691135941789606,train,BasketFam,BasketFam,-1.2274057,4.3171906
749,864691135271343525,train,BipFam,BipFam,-0.49254605,3.5656579
850,864691135528046939,train,MartFam,MartFam,6.034019,2.8316545
194,864691136033871035,train,thalamocortical,thalamocortical,2.5198498,3.965012
202,864691135342523057,test,L3IT,pyramidal,4.741917,9.590121
3777,864691136118294692,train,thalamocortical,thalamocortical,2.1308446,4.0282726
3285,864691136288755395,train,thalamocortical,thalamocortical,3.7480035,8.3640785
319,864691136391024144,train,NglFam,NglFam,3.0958672,7.186117
2258,864691136118294692,train,thalamocortical,thalamocortical,2.0817268,5.7982593
196,864691135132887456,test,NglFam,NglFam,8.985178,4.7812266
108,864691135361548615,train,L6IT,pyramidal,8.613171,8.878644
4868,864691136196932172,train,BasketFam,BasketFam,-1.1746066,4.498211
5431,864691136619344859,test,BasketFam,BasketFam,9.126828,7.870504
254,864691135992790209,train,BipFam,BipFam,4.295545,6.6328044
673,864691134887444986,test,NglFam,NglFam,3.833423,6.4132333
373,864691135430486576,test,L4IT,pyramidal,7.569859,6.810084
992,864691136137210507,train,BipFam,BipFam,3.5828922,6.9797273
5071,864691136288755395,train,thalamocortical,thalamocortical,3.6839108,7.9513144
520,864691135271590309,train,L6IT,pyramidal,6.958948,9.075806
294,864691136390675216,train,BasketFam,BasketFam,-1.2208649,4.442907
4145,864691135346954143,train,MartFam,MartFam,3.433661,4.053994
1337,864691135465795653,train,BasketFam,BasketFam,0.8838651,4.129349
5751,864691136390905207,train,MartFam,MartFam,5.334977,3.046554
16,864691135106309709,train,NglFam,NglFam,7.781813,9.007989
62,864691135305383591,train,NglFam,NglFam,9.323426,3.8838437
1482,864691135571440006,train,MartFam,MartFam,8.192706,3.5028234
55,864691136524282001,train,NglFam,NglFam,4.2483582,3.6666558
1641,864691135990520064,train,BasketFam,BasketFam,5.487084,7.854775
6265,864691136007059658,test,BipFam,BipFam,6.960763,9.709775
1159,864691135214970752,train,BipFam,BipFam,4.5863914,4.307925
351,864691136391027728,train,L4IT,pyramidal,7.630072,9.066581
25,864691136273370302,train,NglFam,NglFam,9.530346,8.528945
1886,864691135210443897,train,BasketFam,BasketFam,-1.1422554,4.666922
228,864691136372954248,test,NglFam,NglFam,4.020266,4.4841647
3639,864691136814345075,train,MartFam,MartFam,8.863497,3.2181609
6600,864691135875919502,test,MartFam,MartFam,5.2549815,7.5053506
113,864691136372954248,test,NglFam,NglFam,3.9420848,3.4132783
2219,864691136391023120,train,BasketFam,BasketFam,0.43316323,6.240062
251,864691135511324169,train,BipFam,BipFam,7.1995935,4.549794
2311,864691136118878116,train,MartFam,MartFam,8.197984,8.334249
223,864691135547082280,train,L4IT,pyramidal,6.0277233,6.4895186
1139,864691136312057178,train,BasketFam,BasketFam,-0.48075405,5.3723884
1484,864691135387277397,test,thalamocortical,thalamocortical,1.6532606,7.090394
392,864691136025992761,train,BipFam,BipFam,4.8425603,5.843365
65,864691135465900101,train,BipFam,BipFam,5.5416665,4.478533
3110,864691135928029966,train,thalamocortical,thalamocortical,3.312717,7.4961195
1528,864691136058602712,train,thalamocortical,thalamocortical,4.5418353,6.765575
2607,864691135518791818,train,BasketFam,BasketFam,7.706124,10.249442
447,864691136138756221,train,BipFam,BipFam,5.822934,4.766112
11,864691134886037498,train,MartFam,MartFam,1.5318353,7.001176
2140,864691135271970725,train,BasketFam,BasketFam,-0.2793207,5.1002164
1699,864691135466333509,train,BasketFam,BasketFam,-0.9967465,3.9292169
248,864691135782156368,train,L5IT,pyramidal,6.547604,9.380323
2247,864691136966189518,test,MartFam,MartFam,8.221874,6.18395
909,864691135134585248,train,BipFam,BipFam,3.7731647,8.560726
58,864691136238090767,train,L5IT,pyramidal,4.1707616,4.873622
95,864691135566824983,test,BipFam,BipFam,5.076015,5.015335
1148,864691136058602712,train,thalamocortical,thalamocortical,3.1990216,7.9882317
359,864691136010650796,train,BipFam,BipFam,6.6371,6.9666886
813,864691135431441968,train,thalamocortical,thalamocortical,5.08153,9.736719
3565,864691135210446457,train,MartFam,MartFam,2.7089407,5.312401
1398,864691135387277397,test,thalamocortical,thalamocortical,6.1720204,5.570802
211,864691135376096329,train,BipFam,BipFam,8.414452,9.817203
82,864691135840033171,train,NglFam,NglFam,6.0380697,5.3537474
2143,864691135997140906,train,BipFam,BipFam,5.096022,4.853573
264,864691136007128778,test,MartFam,MartFam,3.492414,2.760478
909,864691135106309709,train,NglFam,NglFam,8.8964815,9.44377
5505,864691136914542577,train,MartFam,MartFam,4.102346,3.8512247
113,864691135132887456,test,NglFam,NglFam,8.352051,8.386451
378,864691135409962953,train,L3IT,pyramidal,6.3337874,7.401453
2740,864691136007059658,test,BipFam,BipFam,5.9813733,3.0944815
172,864691136067404440,test,MartFam,MartFam,3.2951484,3.8440762
3403,864691135810495005,train,BasketFam,BasketFam,-0.18343784,3.769125
664,864691135783909427,train,MartFam,MartFam,0.19448161,6.683965
292,864691134886037498,train,MartFam,MartFam,0.34547085,7.765882
195,864691135474086450,train,BasketFam,BasketFam,-0.27529618,7.617033
2056,864691135772774651,test,MartFam,MartFam,2.3049784,5.2885695
376,864691135119335645,train,thalamocortical,thalamocortical,5.0736747,5.2517757
248,864691136239793212,test,NglFam,NglFam,9.678356,8.579042
135,864691135456493418,test,BipFam,BipFam,4.601729,9.012019
294,864691135369651193,train,BipFam,BipFam,6.4345813,6.0857224
1341,864691136372954248,test,NglFam,NglFam,6.605075,7.319215
885,864691135689555680,train,NglFam,NglFam,9.274138,3.76807
138,864691135309733190,train,NglFam,NglFam,8.656407,2.4983716
559,864691135106309709,train,NglFam,NglFam,8.243629,9.579369
541,864691134887444986,test,NglFam,NglFam,5.11883,4.2701244
9020,864691135891796617,train,BasketFam,BasketFam,8.26217,8.362257
1633,864691134886037498,train,MartFam,MartFam,3.050083,4.1628485
20,864691135431579440,train,BipFam,BipFam,3.278102,8.039479
4265,864691135464991645,train,thalamocortical,thalamocortical,4.569516,5.135517
648,864691136118430628,train,BipFam,BipFam,6.8228364,6.551288
1132,864691136372954248,test,NglFam,NglFam,3.998457,3.6865935
711,864691136273370302,train,NglFam,NglFam,9.5617075,8.766038
3160,864691135384716762,train,MartFam,MartFam,3.2475994,3.5450664
3977,864691135562001633,train,MartFam,MartFam,0.10856794,6.61393
1451,864691135235206489,train,MartFam,MartFam,3.1891592,5.7114663
246,864691136137064075,train,BipFam,BipFam,5.0648265,10.317007
290,864691135993770945,test,BipFam,BipFam,6.0235796,9.628171
202,864691135783317840,train,thalamocortical,thalamocortical,6.6835413,4.8810153
307,864691135209947769,test,L5IT,pyramidal,8.70465,6.316424
262,864691135750649129,train,L4IT,pyramidal,7.4785357,6.9946876
345,864691135492888039,test,BasketFam,BasketFam,0.37536985,5.922483
163,864691136336204979,train,NglFam,NglFam,4.5929327,4.027244
444,864691135067181124,train,L5IT,pyramidal,4.7326236,10.014009
904,864691135659538306,train,thalamocortical,thalamocortical,5.350036,6.715296
917,864691135106309709,train,NglFam,NglFam,9.7349415,8.300715
4310,864691136145494068,train,BasketFam,BasketFam,3.1514294,8.960772
141,864691135994804394,train,BipFam,BipFam,6.1576033,9.248665
116,864691136391027728,train,L4IT,pyramidal,5.5834193,9.776702
5445,864691135528046939,train,MartFam,MartFam,8.006586,6.2887077
78,864691135470154834,train,L6IT,pyramidal,9.316334,8.683594
2011,864691136330880234,train,MartFam,MartFam,6.1795077,5.2154555
184,864691135773694795,train,L4IT,pyramidal,4.4539533,4.2869196
2640,864691135014276342,test,BasketFam,BasketFam,-0.4370691,3.6168227
325,864691135470860370,test,BipFam,BipFam,4.3617973,5.4206815
44,864691135518510218,train,NglFam,NglFam,8.49179,4.3422923
330,864691135566902039,train,BipFam,BipFam,4.377249,6.1739454
759,864691135989817088,train,L2IT,pyramidal,7.2061553,8.147871
739,864691135689555680,train,NglFam,NglFam,5.409929,5.359724
6417,864691135875919502,test,MartFam,MartFam,3.7183764,4.8746653
584,864691136041000190,train,L6IT,pyramidal,7.9454165,8.092455
1501,864691136053350131,test,thalamocortical,thalamocortical,6.304568,4.7013144
2501,864691135659538306,train,thalamocortical,thalamocortical,5.0583625,5.109051
9174,864691135891796617,train,BasketFam,BasketFam,0.66079146,3.7553158
787,864691136273370302,train,NglFam,NglFam,6.3211446,3.0527272
3713,864691135369668089,train,BasketFam,BasketFam,4.9699316,6.70688
182,864691135464991645,train,thalamocortical,thalamocortical,5.4763017,5.0391393
1134,864691136372954248,test,NglFam,NglFam,5.350971,6.824919
270,864691135490483514,train,L4IT,pyramidal,7.3621063,8.726772
350,864691135303514791,train,NglFam,NglFam,8.999998,2.914128
193,864691135693735103,train,NglFam,NglFam,9.418103,9.113316
284,864691134887444986,test,NglFam,NglFam,8.416155,4.422364
4,864691135839843475,train,BipFam,BipFam,4.8925753,7.019285
815,864691135470860370,test,BipFam,BipFam,5.586016,4.9090247
1375,864691136742921308,test,BasketFam,BasketFam,0.23375213,4.4745693
262,864691135840033171,train,NglFam,NglFam,4.8942833,4.865395
3454,864691136580010516,test,MartFam,MartFam,1.52183,6.618936
555,864691136195834070,train,L4IT,pyramidal,8.298042,4.881162
147,864691135303514791,train,NglFam,NglFam,8.838785,2.9779973
43,864691135347627423,train,BipFam,BipFam,6.484836,9.820469
447,864691135741874836,test,L2IT,pyramidal,7.5918064,7.817183
5078,864691135774221643,train,MartFam,MartFam,3.0350459,5.7540107
2154,864691135997428394,test,thalamocortical,thalamocortical,1.0959408,7.203633
32,864691135778811325,train,L2IT,pyramidal,6.7783904,5.870625
94,864691136391024144,train,NglFam,NglFam,3.450885,4.800782
457,864691136484972332,train,L3IT,pyramidal,7.4382467,6.3392735
114,864691135948238177,train,L6CT,pyramidal,7.9949827,7.5841327
2769,864691135212863360,train,MartFam,MartFam,7.8685546,8.919646
5457,864691136524014993,train,BasketFam,BasketFam,-0.58117634,6.7152343
1328,864691136034433723,train,MartFam,MartFam,3.112615,5.58914
3048,864691135778081453,train,thalamocortical,thalamocortical,2.1118417,7.213322
145,864691135840033171,train,NglFam,NglFam,5.835837,3.741099
3107,864691135659538306,train,thalamocortical,thalamocortical,2.389998,6.5274787
1137,864691135659538306,train,thalamocortical,thalamocortical,8.231127,7.395482
520,864691135106309709,train,NglFam,NglFam,8.776524,9.42913
5277,864691136145494068,train,BasketFam,BasketFam,-0.9640677,4.924583
3868,864691136011549614,train,BipFam,BipFam,7.5815144,4.0151653
3893,864691135325426076,train,MartFam,MartFam,5.451853,4.341132
2050,864691136011485614,test,BasketFam,BasketFam,-0.1070125,6.051833
1989,864691136813553523,train,BasketFam,BasketFam,0.51786387,5.3880863
6321,864691137056216950,train,MartFam,MartFam,5.802846,4.607626
1153,864691135492614239,train,MartFam,MartFam,9.341298,5.0402536
9,864691136389688695,test,L2IT,pyramidal,8.685521,4.8518777
779,864691136273370302,train,NglFam,NglFam,4.6237183,9.171875
621,864691136145537844,train,BipFam,BipFam,3.2967944,6.174121
2806,864691135611702023,train,BasketFam,BasketFam,0.09718327,4.107913
2319,864691136034412219,train,MartFam,MartFam,2.6392024,4.107895
542,864691135857976366,train,BipFam,BipFam,8.052052,3.382242
362,864691135592678411,train,BipFam,BipFam,3.6039307,6.5791264
2689,864691136011549614,train,BipFam,BipFam,5.863406,4.9684663
104,864691135490505018,train,L4IT,pyramidal,4.68508,8.719241
1541,864691136372954248,test,NglFam,NglFam,3.6919503,8.222828
1163,864691135701340194,train,BasketFam,BasketFam,0.78128564,8.37742
8932,864691135210446457,train,MartFam,MartFam,4.4921856,2.5761478
477,864691135689555680,train,NglFam,NglFam,3.4354465,4.795458
4109,864691136034487483,train,BasketFam,BasketFam,-0.36290792,3.6345255
1230,864691136145572404,train,BipFam,BipFam,7.6723146,6.279603
920,864691136364166370,train,BipFam,BipFam,3.7092493,9.995799
88,864691136268801268,test,L2IT,pyramidal,9.200386,5.3940263
2515,864691135119335645,train,thalamocortical,thalamocortical,1.9939457,6.9043517
178,864691134887444986,test,NglFam,NglFam,4.575301,4.9877133
2543,864691135755605197,train,thalamocortical,thalamocortical,1.2286055,5.726131
3455,864691136091233847,train,thalamocortical,thalamocortical,2.0599039,4.0299826
4972,864691135294194358,train,thalamocortical,thalamocortical,2.7338035,6.0227604
2844,864691136033871035,train,thalamocortical,thalamocortical,1.9261456,5.2863655
562,864691136086632812,train,NglFam,NglFam,6.911237,3.9247658
4313,864691135499752723,train,BasketFam,BasketFam,-0.31906766,3.6553915
2448,864691136011733934,train,MartFam,MartFam,3.7230709,9.122478
3435,864691135294194358,train,thalamocortical,thalamocortical,2.1034818,8.194334
1946,864691136453186559,train,BasketFam,BasketFam,0.015313969,8.323013
599,864691136391024144,train,NglFam,NglFam,3.5118387,7.7177367
4099,864691135196475434,train,MartFam,MartFam,3.2677624,3.8771577
1531,864691135997428394,test,thalamocortical,thalamocortical,1.8805758,3.6348884
153,864691136091233847,train,thalamocortical,thalamocortical,1.2294748,6.149476
106,864691135305383591,train,NglFam,NglFam,8.727265,3.9893425
260,864691136524282001,train,NglFam,NglFam,8.654528,6.84428
883,864691135339982310,train,BasketFam,BasketFam,0.61118776,7.361234
508,864691135106309709,train,NglFam,NglFam,9.614417,9.076473
3314,864691136595955362,train,MartFam,MartFam,0.74210244,6.3595204
426,864691135134695328,test,L2IT,pyramidal,7.900539,9.124376
1487,864691136196383190,train,BasketFam,BasketFam,-0.075862244,4.362321
268,864691135124690471,train,BasketFam,BasketFam,-0.49232706,4.2437415
870,864691135617152361,train,L5IT,pyramidal,7.6882677,6.2055383
654,864691135477104960,train,thalamocortical,thalamocortical,5.15867,5.725717
2726,864691135611702023,train,BasketFam,BasketFam,-0.13560762,5.945216
3578,864691135611702023,train,BasketFam,BasketFam,7.891611,3.980734
1400,864691135817803599,test,BasketFam,BasketFam,7.133446,9.401376
675,864691135448256146,train,L4IT,pyramidal,8.972749,8.889377
1043,864691135701340194,train,BasketFam,BasketFam,-0.10718283,3.6018112
885,864691136372954248,test,NglFam,NglFam,7.371642,4.175471
41,864691135886130288,train,L4IT,pyramidal,8.009432,8.293921
4870,864691134886037498,train,MartFam,MartFam,0.5424501,6.8255754
124,864691136273370302,train,NglFam,NglFam,7.065351,8.70075
436,864691135339088102,test,L4IT,pyramidal,6.0206237,6.390701
906,864691135689555680,train,NglFam,NglFam,8.984443,2.948565
3451,864691136288755395,train,thalamocortical,thalamocortical,2.164459,6.966527
1625,864691135562950369,train,BipFam,BipFam,3.6194603,6.6876087
794,864691135106309709,train,NglFam,NglFam,9.671367,8.3853445
532,864691135398762529,train,BipFam,BipFam,5.4224634,5.4235067
124,864691136086632812,train,NglFam,NglFam,6.8135543,5.2978897
6854,864691136580010516,test,MartFam,MartFam,2.7172272,4.3052454
1941,864691136120465944,train,thalamocortical,thalamocortical,1.0080671,5.637967
6285,864691135464991645,train,thalamocortical,thalamocortical,5.284023,4.6790185
988,864691135212863360,train,MartFam,MartFam,7.7140245,8.3007965
1804,864691135571356038,test,MartFam,MartFam,6.6212425,3.181113
2499,864691135954480163,train,MartFam,MartFam,4.9985495,2.4492235
35,864691135134585248,train,BipFam,BipFam,2.7615442,5.7647734
2305,864691135875414414,train,BasketFam,BasketFam,7.550628,10.455313
1885,864691135817803599,test,BasketFam,BasketFam,5.69354,8.890066
644,864691135470255698,train,thalamocortical,thalamocortical,2.1491687,6.383484
3601,864691136034487483,train,BasketFam,BasketFam,-0.45251003,4.5668826
1805,864691135954582563,train,MartFam,MartFam,9.719452,8.667431
302,864691135562798817,train,L3IT,pyramidal,4.1335635,8.886822
604,864691135742826603,train,BipFam,BipFam,5.7013674,4.675587
619,864691136120465944,train,thalamocortical,thalamocortical,2.475733,6.7135677
1261,864691135209280633,train,L4IT,pyramidal,5.0839276,6.1148815
481,864691136372954248,test,NglFam,NglFam,6.338848,3.9809754
6908,864691135774221643,train,MartFam,MartFam,3.1087399,5.1181126
209,864691135782241616,test,L3IT,pyramidal,4.4505153,9.812757
50,864691136595955362,train,MartFam,MartFam,3.173212,6.0820665
28,864691136052101363,train,BipFam,BipFam,9.193677,8.16167
591,864691136086632812,train,NglFam,NglFam,7.275475,5.168297
344,864691135157994084,test,L4IT,pyramidal,4.8048186,9.428639
410,864691135566902039,train,BipFam,BipFam,3.6023977,7.1084785
507,864691136489055762,train,L4IT,pyramidal,7.1731415,6.5071106
2711,864691135196475434,train,MartFam,MartFam,4.1303864,3.6853185
2035,864691135727929663,train,BasketFam,BasketFam,0.17488293,4.6209807
529,864691135689555680,train,NglFam,NglFam,4.89943,4.221039
853,864691136372954248,test,NglFam,NglFam,3.285825,6.6865754
1480,864691136925008100,train,BipFam,BipFam,0.40062964,5.9971185
98,864691135339982310,train,BasketFam,BasketFam,0.1675449,5.565242
180,864691135492614239,train,MartFam,MartFam,9.250532,3.9905493
1279,864691135778081453,train,thalamocortical,thalamocortical,4.676539,7.4116383
6421,864691134886037498,train,MartFam,MartFam,1.3291354,6.1344233
681,864691136007059658,test,BipFam,BipFam,4.319861,9.450832
3780,864691135858282030,train,MartFam,MartFam,4.3122296,2.5738525
182,864691135817195343,train,L6IT,pyramidal,8.798855,9.930786
7129,864691135562001633,train,MartFam,MartFam,0.067828506,5.8068995
667,864691135470556242,train,MartFam,MartFam,4.374027,4.4349937
2583,864691136011549614,train,BipFam,BipFam,4.4893875,3.898321
6623,864691135528046939,train,MartFam,MartFam,7.982833,6.342791
53,864691135849634142,train,L6IT,pyramidal,5.005356,9.952345
45,864691135693735103,train,NglFam,NglFam,8.425508,8.386989
2507,864691136390828919,train,MartFam,MartFam,3.427346,6.8241677
634,864691136239793212,test,NglFam,NglFam,8.686898,9.454261
534,864691135375361480,train,MartFam,MartFam,5.3085084,9.535997
510,864691136137064075,train,BipFam,BipFam,6.111567,9.815516
3415,864691135941898918,train,MartFam,MartFam,-0.59980255,4.404387
1825,864691135772774651,test,MartFam,MartFam,4.0590367,3.5353813
161,864691135395833333,train,BipFam,BipFam,8.667381,5.4179444
856,864691135858282030,train,MartFam,MartFam,3.1672914,3.9595318
78,864691136228250961,train,L5ET,pyramidal,1.5914835,6.763888
2423,864691135470860370,test,BipFam,BipFam,9.291321,8.686615
921,864691136137168779,train,BipFam,BipFam,3.2566886,8.641442
2542,864691136438216350,train,BasketFam,BasketFam,-0.7255874,5.153717
296,864691135810297885,train,BipFam,BipFam,3.4239423,8.253904
216,864691135970497125,test,L5IT,pyramidal,8.447069,5.8062196
358,864691135659824514,train,BipFam,BipFam,6.954288,6.382795
707,864691136288755395,train,thalamocortical,thalamocortical,6.4828353,6.1941156
536,864691136110765496,train,MartFam,MartFam,9.339984,8.391382
354,864691135014696182,train,L6IT,pyramidal,8.751711,9.927579
677,864691136211068860,train,BasketFam,BasketFam,0.5775429,8.573128
3779,864691135477104960,train,thalamocortical,thalamocortical,4.884436,5.3443465
32,864691135465571653,train,L6IT,pyramidal,7.4540973,5.7962275
450,864691135742826603,train,BipFam,BipFam,3.9093146,7.0427036
470,864691136524282001,train,NglFam,NglFam,8.03162,2.6449366
349,864691135689555680,train,NglFam,NglFam,5.522599,4.03882
5211,864691135470255698,train,thalamocortical,thalamocortical,2.268454,5.850201
2917,864691135294194358,train,thalamocortical,thalamocortical,3.3029904,7.5166206
39,864691135611702023,train,BasketFam,BasketFam,-0.13927653,6.077844
268,864691135810297885,train,BipFam,BipFam,7.864085,8.700049
1739,864691135470860370,test,BipFam,BipFam,9.435667,9.133637
638,864691136954050527,train,L4IT,pyramidal,8.39828,7.287674
741,864691135214970752,train,BipFam,BipFam,6.535843,3.2062886
112,864691135305383591,train,NglFam,NglFam,9.043239,4.8288116
243,864691136144674612,train,L3IT,pyramidal,3.4931154,6.0110435
482,864691135470860370,test,BipFam,BipFam,5.614787,4.01511
464,864691135106309709,train,NglFam,NglFam,9.353515,8.3188715
1399,864691136091233847,train,thalamocortical,thalamocortical,3.4930365,5.5586233
78,864691135840033171,train,NglFam,NglFam,5.845403,3.120926
5835,864691136007059658,test,BipFam,BipFam,6.8300385,3.6665382
142,864691136453419007,train,L3IT,pyramidal,6.76193,5.9861603
818,864691136137210507,train,BipFam,BipFam,4.66484,8.562702
147,864691135659824514,train,BipFam,BipFam,6.7180905,8.673159
5941,864691136391023120,train,BasketFam,BasketFam,2.7945564,6.797237
376,864691136010068652,train,L4IT,pyramidal,4.4445887,10.177754
6611,864691135464991645,train,thalamocortical,thalamocortical,0.7477742,6.5416565
2815,864691135928029966,train,thalamocortical,thalamocortical,5.393242,5.2182803
7770,864691135499765267,train,MartFam,MartFam,4.76962,2.3201165
177,864691136239793212,test,NglFam,NglFam,7.925182,8.304381
462,864691136424439855,train,L4IT,pyramidal,7.290835,7.420558
375,864691135774221643,train,MartFam,MartFam,2.0923803,6.6033273
5037,864691135210446457,train,MartFam,MartFam,4.53069,2.1694198
137,864691136086632812,train,NglFam,NglFam,6.5987053,3.0361133
5368,864691136619344859,test,BasketFam,BasketFam,-0.12707537,5.890109
839,864691135912137641,train,BasketFam,BasketFam,0.8989327,8.17429
97,864691134887444986,test,NglFam,NglFam,8.652669,4.891678
159,864691135840033171,train,NglFam,NglFam,7.8786325,8.430404
2910,864691136033871035,train,thalamocortical,thalamocortical,3.9227033,6.195806
594,864691135405138670,train,L4IT,pyramidal,4.5786667,5.6355376
973,864691136392806271,train,BasketFam,BasketFam,-1.2094464,4.727305
7211,864691136006393034,train,MartFam,MartFam,4.689913,3.115764
3833,864691135778081453,train,thalamocortical,thalamocortical,4.387781,6.0421324
767,864691134887444986,test,NglFam,NglFam,7.720215,4.135136
408,864691136273370302,train,NglFam,NglFam,3.8561475,7.674123
4518,864691135271967397,train,MartFam,MartFam,2.8106308,4.9754667
2296,864691136123919654,train,BasketFam,BasketFam,0.10608032,8.203775
10450,864691135703016059,train,MartFam,MartFam,5.365731,2.9181802
14722,864691135271967397,train,MartFam,MartFam,4.2804923,4.2352777
3269,864691135659538306,train,thalamocortical,thalamocortical,2.1837096,5.1526284
676,864691136438372254,train,BipFam,BipFam,7.7190604,4.6366506
3,864691135106309709,train,NglFam,NglFam,9.65761,8.1064625
103,864691136196240342,test,BipFam,BipFam,8.619183,7.5095935
630,864691136273370302,train,NglFam,NglFam,9.562313,8.85604
12864,864691135210446457,train,MartFam,MartFam,4.4860625,2.1951492
1432,864691135478334888,train,BasketFam,BasketFam,0.32964057,3.3671923
3742,864691136580010516,test,MartFam,MartFam,3.1536655,3.4170556
731,864691135566902039,train,BipFam,BipFam,7.0057907,5.0907145
52,864691135857976366,train,BipFam,BipFam,8.092418,3.7212706
849,864691134887444986,test,NglFam,NglFam,4.41071,4.3324676
386,864691135303514791,train,NglFam,NglFam,8.938716,3.2533507
440,864691136421279639,train,L2IT,pyramidal,7.438088,6.256386
1596,864691134966621471,train,MartFam,MartFam,4.325532,3.5842676
936,864691135474179378,test,MartFam,MartFam,5.802343,6.0097017
305,864691135215078712,train,BipFam,BipFam,9.102753,5.322829
1322,864691135293678006,train,L4IT,pyramidal,6.882993,8.384281
7514,864691135464991645,train,thalamocortical,thalamocortical,2.9930696,4.9501915
1102,864691135343506885,train,BipFam,BipFam,9.305572,7.651948
53,864691135995711402,train,BipFam,BipFam,6.4129014,5.2379627
308,864691136136383883,test,L4IT,pyramidal,8.925559,5.72811
4328,864691136007128778,test,MartFam,MartFam,-0.62285024,5.7302547
4709,864691135477104960,train,thalamocortical,thalamocortical,5.695267,8.519256
4302,864691134966621471,train,MartFam,MartFam,8.758466,5.8333964
289,864691135695042751,train,L6IT,pyramidal,2.4293091,8.127646
2656,864691136011549614,train,BipFam,BipFam,6.425749,6.094535
190,864691135014600950,train,L5NP,pyramidal,8.873068,9.8541975
641,864691135518283475,train,L3IT,pyramidal,9.150379,8.642467
870,864691136012173475,test,BipFam,BipFam,4.367622,4.6104307
246,864691134966249759,train,thalamocortical,thalamocortical,4.2515097,8.418326
2105,864691136007059658,test,BipFam,BipFam,6.312512,8.11034
5403,864691136011485614,test,BasketFam,BasketFam,0.068616785,7.932588
7177,864691134886037498,train,MartFam,MartFam,3.3877704,5.8694053
4183,864691135778081453,train,thalamocortical,thalamocortical,2.758387,6.549533
4918,864691135875919502,test,MartFam,MartFam,2.8455205,3.8144538
586,864691134989909114,test,MartFam,MartFam,1.8107616,6.709818
194,864691135214970752,train,BipFam,BipFam,7.16285,6.089675
344,864691135209280633,train,L4IT,pyramidal,6.3569226,9.49927
522,864691136210743740,train,L5IT,pyramidal,6.71085,7.564368
152,864691135347627423,train,BipFam,BipFam,6.699666,9.429228
439,864691135503004765,train,BipFam,BipFam,7.645753,7.558007
7880,864691136595955362,train,MartFam,MartFam,3.247599,9.263423
10,864691135303514791,train,NglFam,NglFam,9.311958,3.9220016
2675,864691135997428394,test,thalamocortical,thalamocortical,1.1089826,7.744335
1332,864691136372954248,test,NglFam,NglFam,3.3908794,5.2716894
3061,864691135492600167,train,BasketFam,BasketFam,7.625929,10.324891
4499,864691136007059658,test,BipFam,BipFam,8.968629,6.641543
2283,864691136033871035,train,thalamocortical,thalamocortical,5.1819706,4.003725
820,864691135685250546,train,BasketFam,BasketFam,-0.14438748,4.4794755
2538,864691135470556242,train,MartFam,MartFam,8.839615,3.3405051
149,864691136391024144,train,NglFam,NglFam,2.6967623,4.3200855
2390,864691135398746401,train,MartFam,MartFam,8.636368,2.6540155
165,864691136137064075,train,BipFam,BipFam,4.8118343,9.064543
1469,864691136914542577,train,MartFam,MartFam,6.470851,5.216672
221,864691136086632812,train,NglFam,NglFam,7.575786,3.3755398
695,864691135106309709,train,NglFam,NglFam,9.309141,8.114232
1467,864691136372954248,test,NglFam,NglFam,7.254635,5.470722
10292,864691135346954143,train,MartFam,MartFam,2.4124875,4.40105
1636,864691135343509701,train,MartFam,MartFam,1.1457757,6.320996
876,864691135659538306,train,thalamocortical,thalamocortical,5.0047092,5.4058723
465,864691135929072340,train,L5IT,pyramidal,4.4019227,6.5709305
3877,864691135477104960,train,thalamocortical,thalamocortical,3.7028387,9.513217
23,864691135293096118,train,NglFam,NglFam,3.0354626,3.7690444
2345,864691136523971473,train,BipFam,BipFam,6.610206,9.09882
24,864691136336204979,train,NglFam,NglFam,8.029141,3.9237387
893,864691135685030130,train,thalamocortical,thalamocortical,4.571106,8.553943
295,864691135646017007,train,L4IT,pyramidal,5.2740955,6.216709
5231,864691136007059658,test,BipFam,BipFam,7.727551,9.555844
506,864691135503004765,train,BipFam,BipFam,6.9420238,6.1819415
4388,864691135941898918,train,MartFam,MartFam,5.3536496,5.0522256
762,864691135447979922,train,BipFam,BipFam,3.7068264,7.2180643
3572,864691135571356038,test,MartFam,MartFam,8.6260195,4.0509424
132,864691136523971473,train,BipFam,BipFam,5.303683,4.4344807
1355,864691136524014993,train,BasketFam,BasketFam,0.6074879,7.0076475
6381,864691135346954143,train,MartFam,MartFam,4.0527263,2.6769714
5548,864691135015437462,test,BasketFam,BasketFam,0.24228427,5.0786114
55,864691135866821340,train,thalamocortical,thalamocortical,7.7434773,6.347672
4910,864691135939776309,train,MartFam,MartFam,5.4658513,2.8332624
6802,864691135210446457,train,MartFam,MartFam,5.2963104,2.5950515
200,864691134966025503,train,L4IT,pyramidal,7.408041,6.564121
1120,864691135014258070,train,BasketFam,BasketFam,7.2681932,9.727297
7600,864691135464991645,train,thalamocortical,thalamocortical,2.3514454,3.8560672
776,864691136372954248,test,NglFam,NglFam,4.1200075,4.4076123
2079,864691135464991645,train,thalamocortical,thalamocortical,2.4411616,5.177007
6089,864691136196932172,train,BasketFam,BasketFam,-1.250587,4.5955915
217,864691135840033171,train,NglFam,NglFam,5.207764,6.814032
47,864691135810773452,train,L4IT,pyramidal,4.171447,10.466906
76,864691136742921308,test,BasketFam,BasketFam,-0.007665089,4.115781
162,864691136042989910,test,BasketFam,BasketFam,-1.3178276,4.3301296
1573,864691136372954248,test,NglFam,NglFam,5.7902107,2.802914
1925,864691135928029966,train,thalamocortical,thalamocortical,2.570363,8.185788
4258,864691135839979667,train,MartFam,MartFam,2.9487844,3.8129694
37,864691136372954248,test,NglFam,NglFam,3.183076,3.8713899
2106,864691136058602712,train,thalamocortical,thalamocortical,4.807396,6.345642
139,864691135455400554,train,L3IT,pyramidal,5.78004,6.571589
727,864691136006393034,train,MartFam,MartFam,6.378942,7.9855127
182,864691135293678006,train,L4IT,pyramidal,6.6020107,9.615882
187,864691135610877191,train,L2IT,pyramidal,9.530971,8.810026
188,864691136336204979,train,NglFam,NglFam,8.263102,3.3525996
1019,864691135492600167,train,BasketFam,BasketFam,0.6538643,8.311801
824,864691135885917808,train,BasketFam,BasketFam,3.3005538,4.06822
89,864691135474179378,test,MartFam,MartFam,8.42152,8.303152
6836,864691135346954143,train,MartFam,MartFam,1.0704936,5.709134
2324,864691136452920319,train,BasketFam,BasketFam,4.1272454,8.880168
5816,864691137056216950,train,MartFam,MartFam,3.636305,4.008258
783,864691136523971473,train,BipFam,BipFam,6.784185,3.4306417
154,864691135990564864,train,NglFam,NglFam,8.312742,2.5637817
876,864691136053350131,test,thalamocortical,thalamocortical,6.7473803,6.134962
316,864691136335276211,train,L4IT,pyramidal,8.456886,9.460906
3997,864691135997140906,train,BipFam,BipFam,8.0028925,6.8975234
98,864691135928029966,train,thalamocortical,thalamocortical,7.465586,7.219529
226,864691135662070512,train,L4IT,pyramidal,9.074123,5.5821533
902,864691135689555680,train,NglFam,NglFam,3.4322147,4.3514137
1824,864691135577202181,train,MartFam,MartFam,4.1782646,7.269787
2306,864691136524014993,train,BasketFam,BasketFam,0.61507154,7.7427583
3728,864691135584019053,test,MartFam,MartFam,3.1310463,3.8851492
754,864691135810297885,train,BipFam,BipFam,8.921395,8.3141775
207,864691136372954248,test,NglFam,NglFam,3.0829253,6.532915
293,864691135920776624,train,MartFam,MartFam,3.3173065,7.550827
323,864691136391024144,train,NglFam,NglFam,3.1213095,7.239169
165,864691136011768494,train,L4IT,pyramidal,5.1275196,4.688361
303,864691135689555680,train,NglFam,NglFam,9.222714,4.861155
1286,864691135477104960,train,thalamocortical,thalamocortical,3.975994,5.807739
3110,864691135778081453,train,thalamocortical,thalamocortical,2.4414458,7.6345305
2284,864691136925008100,train,BipFam,BipFam,7.9145746,9.611533
303,864691135857976366,train,BipFam,BipFam,8.52371,3.6715248
237,864691135464991645,train,thalamocortical,thalamocortical,2.074735,5.5344815
50,864691135106309709,train,NglFam,NglFam,5.8355227,9.552344
276,864691134887444986,test,NglFam,NglFam,8.415059,2.7732105
2401,864691135997428394,test,thalamocortical,thalamocortical,4.206862,8.1763
993,864691135778081453,train,thalamocortical,thalamocortical,3.0372114,8.438978
1651,864691135586022264,train,BasketFam,BasketFam,7.1529408,9.963438
19,864691135741998484,train,L4IT,pyramidal,6.3315315,7.842812
2623,864691135875919502,test,MartFam,MartFam,3.8285036,4.4731417
548,864691136372954248,test,NglFam,NglFam,2.8263657,4.2820435
197,864691135756844242,test,MartFam,MartFam,5.731591,3.697574
184,864691135431441968,train,thalamocortical,thalamocortical,2.9394128,7.553676
5232,864691135477104960,train,thalamocortical,thalamocortical,2.2509685,6.369359
911,864691135258563503,train,L4IT,pyramidal,5.424772,7.925389
259,864691135584316781,train,BasketFam,BasketFam,-0.8612701,5.062199
1095,864691136210885820,test,L4IT,pyramidal,7.2121696,6.798038
2859,864691135343506885,train,BipFam,BipFam,3.4345198,7.359805
188,864691136010650796,train,BipFam,BipFam,9.058526,5.7117524
1563,864691136452920319,train,BasketFam,BasketFam,0.61260027,8.403898
490,864691135398762529,train,BipFam,BipFam,3.4453952,8.176745
2076,864691135783909427,train,MartFam,MartFam,0.6174343,8.4104395
1576,864691136007128778,test,MartFam,MartFam,3.1329753,7.4883966
4053,864691136033871035,train,thalamocortical,thalamocortical,2.1399062,4.41325
55,864691136239793212,test,NglFam,NglFam,6.202245,9.832386
31,864691135571515270,train,L4IT,pyramidal,8.083284,7.468706
1741,864691135447979922,train,BipFam,BipFam,6.155829,6.3420615
265,864691135464928318,train,L2IT,pyramidal,6.1063232,6.262243
667,864691135271282085,train,L4IT,pyramidal,4.9631667,5.5666485
4406,864691135997140906,train,BipFam,BipFam,8.517403,6.026391
119,864691136372047496,train,L4IT,pyramidal,6.9672,9.550562
601,864691135569866988,test,L4IT,pyramidal,4.1596994,5.2077518
173,864691135562842337,test,L3IT,pyramidal,3.6252797,5.08899
340,864691135997140906,train,BipFam,BipFam,6.9853783,7.329976
111,864691135060768923,test,BipFam,BipFam,7.899037,9.587314
386,864691135849640798,train,L3IT,pyramidal,5.8314023,5.278504
4783,864691135869457430,train,BasketFam,BasketFam,1.0816879,4.578096
3459,864691135477104960,train,thalamocortical,thalamocortical,3.0270126,6.5859365
453,864691135106309709,train,NglFam,NglFam,8.356767,8.634027
551,864691136138756221,train,BipFam,BipFam,9.169875,8.279354
485,864691135271967397,train,MartFam,MartFam,6.286973,3.99175
180,864691136314178365,train,BipFam,BipFam,8.180294,5.7812185
528,864691135741982868,train,L4IT,pyramidal,6.4445834,7.1742134
427,864691135778618029,train,BipFam,BipFam,7.027281,9.598204
14,864691135132887456,test,NglFam,NglFam,8.504187,2.568792
3094,864691136033871035,train,thalamocortical,thalamocortical,5.6693654,6.973105
3741,864691136311213914,test,BasketFam,BasketFam,-0.6431215,4.537421
1045,864691135492665959,train,MartFam,MartFam,8.394678,3.6199048
1268,864691135271343525,train,BipFam,BipFam,6.8326945,5.8912024
381,864691135119630813,test,BipFam,BipFam,8.52184,4.9591064
4493,864691135470255698,train,thalamocortical,thalamocortical,2.6636844,7.340147
383,864691135341516741,test,MartFam,MartFam,7.6817207,9.728254
260,864691135478316200,train,L4IT,pyramidal,5.0825515,8.805788
1752,864691136453186559,train,BasketFam,BasketFam,-0.45928314,3.6353436
1040,864691136118430628,train,BipFam,BipFam,9.275403,7.685095
151,864691135465900101,train,BipFam,BipFam,6.566388,4.342436
211,864691135342541509,train,L4IT,pyramidal,9.402761,8.641964
10030,864691136914542577,train,MartFam,MartFam,4.1008086,2.4028623
916,864691135478334888,train,BasketFam,BasketFam,0.9072751,4.026301
341,864691135583352941,train,L4IT,pyramidal,6.950919,9.447498
2973,864691136091233847,train,thalamocortical,thalamocortical,1.6435715,6.8677707
407,864691135742895723,test,BipFam,BipFam,2.2269888,7.676081
541,864691135569282284,train,MartFam,MartFam,3.6821465,5.6165805
2884,864691136007128778,test,MartFam,MartFam,3.4455633,3.810769
35,864691134949248508,test,L5IT,pyramidal,6.902752,6.139174
1841,864691135281109665,train,BasketFam,BasketFam,-0.24854906,4.298644
847,864691135464991645,train,thalamocortical,thalamocortical,2.3738587,5.2993436
1269,864691135878586963,test,thalamocortical,thalamocortical,2.6489177,7.630963
1332,864691135492600167,train,BasketFam,BasketFam,-0.5286248,3.8653903
716,864691135464991645,train,thalamocortical,thalamocortical,3.9121172,2.4810984
52,864691136336204979,train,NglFam,NglFam,3.2925076,5.101598
371,864691134887444986,test,NglFam,NglFam,9.033099,4.782381
489,864691135466283333,test,L4IT,pyramidal,9.007023,9.300353
433,864691136603811281,test,L2IT,pyramidal,3.4319606,6.058113
177,864691136025992761,train,BipFam,BipFam,5.0000963,6.3117085
453,864691137199860033,test,BasketFam,BasketFam,0.0798116,5.013555
3549,864691136524014993,train,BasketFam,BasketFam,0.23824638,5.2536426
433,864691135886130288,train,L4IT,pyramidal,8.004485,8.710419
4724,864691135997140906,train,BipFam,BipFam,5.563613,7.6936345
2056,864691135659538306,train,thalamocortical,thalamocortical,8.455844,7.3058124
405,864691135339729894,train,L4IT,pyramidal,8.632742,7.1611276
239,864691135303514791,train,NglFam,NglFam,8.75063,3.2168512
143,864691135689555680,train,NglFam,NglFam,7.65281,4.436451
458,864691136925008100,train,BipFam,BipFam,2.6593854,4.3749356
934,864691135739131780,train,MartFam,MartFam,4.2140365,2.9861436
732,864691136137168779,train,BipFam,BipFam,2.8501387,6.091183
2583,864691135015437462,test,BasketFam,BasketFam,0.32075515,3.8666992
1830,864691136229366097,test,BasketFam,BasketFam,6.4050684,5.609729
837,864691135954680867,train,L4IT,pyramidal,7.940613,7.5814943
1020,864691135492614239,train,MartFam,MartFam,6.7793264,7.2684536
188,864691135408788169,test,L4IT,pyramidal,5.1801705,6.8669057
1122,864691136390828919,train,MartFam,MartFam,3.0279858,5.1281986
2097,864691136007059658,test,BipFam,BipFam,5.813093,9.0613985
2692,864691135817803599,test,BasketFam,BasketFam,4.784616,4.6808357
729,864691135106309709,train,NglFam,NglFam,9.6373205,8.217867
163,864691135840033171,train,NglFam,NglFam,6.453626,5.0942445
6658,864691135562001633,train,MartFam,MartFam,4.151257,3.3693297
3091,864691135891690121,train,BasketFam,BasketFam,-0.65739316,6.384219
4745,864691135571356038,test,MartFam,MartFam,7.96481,4.8159423
106,864691135693735103,train,NglFam,NglFam,8.586551,9.349385
1995,864691135928029966,train,thalamocortical,thalamocortical,2.0967653,6.19632
7,864691135839999379,train,BipFam,BipFam,9.033974,3.0835972
757,864691135456493418,test,BipFam,BipFam,9.013489,8.833753
6105,864691135689015264,train,thalamocortical,thalamocortical,2.0182228,5.08062
134,864691135102274592,train,L3IT,pyramidal,4.5606065,6.5366163
1528,864691135503782210,test,BipFam,BipFam,3.5868785,8.505276
1005,864691135755605197,train,thalamocortical,thalamocortical,1.3943396,7.0811195
218,864691136010650796,train,BipFam,BipFam,8.432047,4.056487
464,864691136239793212,test,NglFam,NglFam,5.861508,9.4944725
256,864691135616183499,train,BasketFam,BasketFam,-1.0950651,4.347525
49,864691135919956656,train,L2IT,pyramidal,6.438978,7.7530446
399,864691135689555680,train,NglFam,NglFam,4.869633,5.9637704
1351,864691136268801012,test,BasketFam,BasketFam,-0.6875603,4.6245656
319,864691136058804696,train,BipFam,BipFam,5.2997894,6.1215024
404,864691135384292843,train,L4IT,pyramidal,8.8330345,8.4114
344,864691136137210507,train,BipFam,BipFam,7.797468,8.928634
1136,864691136145572404,train,BipFam,BipFam,4.6047907,5.7875905
866,864691135215078712,train,BipFam,BipFam,8.02556,3.9733138
1608,864691135562950369,train,BipFam,BipFam,6.365051,7.4151387
159,864691136373008520,train,L3IT,pyramidal,8.534807,9.592224
2558,864691135448017554,train,BasketFam,BasketFam,0.030218221,5.849726
1682,864691135470255698,train,thalamocortical,thalamocortical,4.369484,4.9388156
2745,864691135997140906,train,BipFam,BipFam,5.8195357,4.8141007
2152,864691136011549614,train,BipFam,BipFam,6.702381,8.484842
783,864691135990520064,train,BasketFam,BasketFam,4.368401,3.244819
3083,864691135810495005,train,BasketFam,BasketFam,-0.13003613,3.5370972
8512,864691135939776309,train,MartFam,MartFam,8.26448,6.7475224
178,864691135689555680,train,NglFam,NglFam,2.9907591,7.081776
1066,864691136034487739,train,BasketFam,BasketFam,0.86426634,5.928889
5632,864691136390828919,train,MartFam,MartFam,5.401563,4.315048
581,864691136239793212,test,NglFam,NglFam,8.399083,9.451041
573,864691136239793212,test,NglFam,NglFam,4.744047,10.498933
356,864691136118805668,train,L6IT,pyramidal,7.441507,8.350284
123,864691135305383591,train,NglFam,NglFam,6.5223165,5.2347417
360,864691135778572973,train,L4IT,pyramidal,4.018534,7.8888297
907,864691136052101363,train,BipFam,BipFam,6.100301,9.148813
4751,864691135346954143,train,MartFam,MartFam,1.4303737,6.2064433
602,864691136273370302,train,NglFam,NglFam,9.500839,8.993441
1724,864691136053350131,test,thalamocortical,thalamocortical,4.2562757,5.2973485
3556,864691135869457430,train,BasketFam,BasketFam,-0.43086803,4.919614
9,864691136975639836,train,BipFam,BipFam,7.715625,9.686759
281,864691135132887456,test,NglFam,NglFam,9.150224,3.5311298
410,864691135810297885,train,BipFam,BipFam,6.205529,9.720734
228,864691136120159768,test,L4IT,pyramidal,3.2184887,5.851855
132,864691135742895723,test,BipFam,BipFam,5.029183,5.4962697
3901,864691135778081453,train,thalamocortical,thalamocortical,3.771986,6.07334
5571,864691135369668089,train,BasketFam,BasketFam,1.5613374,3.699462
2092,864691135464991645,train,thalamocortical,thalamocortical,2.270046,6.0623093
470,864691135566902039,train,BipFam,BipFam,6.916522,10.084462
1425,864691135584068717,train,BasketFam,BasketFam,-0.335835,3.4876392
557,864691136107486169,train,L4IT,pyramidal,4.453848,7.6147466
137,864691135731889337,train,L3IT,pyramidal,6.2221136,9.406389
3480,864691136814345075,train,MartFam,MartFam,8.490677,3.7649236
6113,864691135309486662,train,BasketFam,BasketFam,-1.1898868,5.2392664
19,864691135742677867,train,BipFam,BipFam,3.9729037,4.9060097
528,864691136086632812,train,NglFam,NglFam,4.930893,3.9222474
359,864691135106309709,train,NglFam,NglFam,9.369199,7.9061875
163,864691135839843475,train,BipFam,BipFam,5.714353,8.641096
412,864691135689555680,train,NglFam,NglFam,7.3074546,5.3302326
1516,864691135119335645,train,thalamocortical,thalamocortical,2.2727334,8.520649
581,864691136975332380,train,L4IT,pyramidal,4.513384,8.366988
6729,864691135477104960,train,thalamocortical,thalamocortical,2.1556807,6.766081
241,864691135405224174,train,L4IT,pyramidal,6.938613,9.324121
258,864691135347627423,train,BipFam,BipFam,8.670604,7.167084
2055,864691135755605197,train,thalamocortical,thalamocortical,2.5057354,7.861665
5444,864691135689015264,train,thalamocortical,thalamocortical,3.2393951,5.254277
1016,864691135343506885,train,BipFam,BipFam,6.176721,5.2349405
4117,864691135595810859,train,BasketFam,BasketFam,0.18361054,5.528678
91,864691135685030130,train,thalamocortical,thalamocortical,2.1726677,5.3023868
245,864691136144827444,train,L2IT,pyramidal,8.519804,7.6035423
737,864691136107670745,train,BasketFam,BasketFam,0.1198531,7.5957274
34,864691136086632812,train,NglFam,NglFam,8.996256,4.708237
2611,864691135778081453,train,thalamocortical,thalamocortical,6.04865,8.159708
70,864691135342958789,train,L4IT,pyramidal,7.634225,8.269586
2542,864691135470255698,train,thalamocortical,thalamocortical,4.3744693,7.894418
3382,864691135778081453,train,thalamocortical,thalamocortical,7.474805,8.128789
40,864691135990564864,train,NglFam,NglFam,8.621546,2.621617
289,864691136336204979,train,NglFam,NglFam,8.216691,3.2975755
60,864691135303514791,train,NglFam,NglFam,5.1846733,4.5995746
1146,864691135343506885,train,BipFam,BipFam,6.520142,3.9394488
2517,864691135387277397,test,thalamocortical,thalamocortical,6.180802,6.8233423
425,864691135660772080,train,MartFam,MartFam,8.942046,5.8899736
368,864691135369651193,train,BipFam,BipFam,5.8641105,4.9470053
374,864691135466333509,train,BasketFam,BasketFam,0.4894184,3.9669905
2272,864691135685030130,train,thalamocortical,thalamocortical,5.8623753,6.9641175
163,864691135861093992,test,L2IT,pyramidal,8.111324,8.804205
2630,864691136312445786,train,BasketFam,BasketFam,0.12570412,4.935202
205,864691136091074615,train,L4IT,pyramidal,7.9823413,6.6875744
1000,864691135778618029,train,BipFam,BipFam,7.7087417,9.016646
4334,864691135778116013,train,BasketFam,BasketFam,0.33724374,4.9308667
558,864691134966249759,train,thalamocortical,thalamocortical,1.777056,7.066454
343,864691136210743740,train,L5IT,pyramidal,8.208482,7.258632
630,864691136372954248,test,NglFam,NglFam,3.2544942,7.1264467
1065,864691135447979922,train,BipFam,BipFam,4.640226,4.6677685
2141,864691135741889940,train,BasketFam,BasketFam,0.12925775,6.5908737
142,864691136238090767,train,L5IT,pyramidal,7.422844,7.01921
328,864691135742097044,train,L4IT,pyramidal,8.609584,9.832713
1124,864691136007059658,test,BipFam,BipFam,5.671222,4.0942264
699,864691135562950369,train,BipFam,BipFam,8.606718,9.260374
6265,864691135464991645,train,thalamocortical,thalamocortical,1.8746245,5.3011236
159,864691136137210507,train,BipFam,BipFam,4.2761564,4.267946
26,864691135783317840,train,thalamocortical,thalamocortical,4.905946,3.9401186
2086,864691136312076122,train,MartFam,MartFam,7.8132715,4.906222
975,864691135594101291,test,BasketFam,BasketFam,0.1097534,4.4118853
6192,864691136196932172,train,BasketFam,BasketFam,0.5216869,6.0886383
165,864691136273370302,train,NglFam,NglFam,8.436186,7.651153
270,864691135810982860,train,L4IT,pyramidal,7.753139,7.344896
988,864691135294194358,train,thalamocortical,thalamocortical,2.2264311,7.2145734
274,864691135573296677,train,L3IT,pyramidal,8.1912985,8.375574
1173,864691135858363694,train,BasketFam,BasketFam,3.2462626,8.045969
209,864691136975144988,train,L3IT,pyramidal,6.1186333,6.6625676
8003,864691135499765267,train,MartFam,MartFam,3.9712014,2.531319
5299,864691135294194358,train,thalamocortical,thalamocortical,3.0537355,8.726307
469,864691136372954248,test,NglFam,NglFam,3.166434,4.922438
722,864691135817952079,train,BasketFam,BasketFam,9.042484,6.7764897
511,864691135751149353,train,L4IT,pyramidal,7.6976104,5.6142135
388,864691136579434260,train,L6IT,pyramidal,4.655268,5.4774466
4308,864691135997428394,test,thalamocortical,thalamocortical,5.318816,5.157397
1168,864691136372954248,test,NglFam,NglFam,3.5902512,6.7074847
143,864691135101521952,test,L4IT,pyramidal,7.1272926,6.286007
1046,864691135688823008,train,L6IT,pyramidal,8.342689,5.3059864
2288,864691136007059658,test,BipFam,BipFam,6.4037833,8.192055
4691,864691136288755395,train,thalamocortical,thalamocortical,6.087107,5.1490364
895,864691135997140906,train,BipFam,BipFam,7.7586536,6.431228
374,864691135293096118,train,NglFam,NglFam,3.2648475,8.568024
415,864691135866576604,train,L3IT,pyramidal,7.07747,5.5946746
2996,864691135569282284,train,MartFam,MartFam,4.9124303,10.162267
2565,864691135685030130,train,thalamocortical,thalamocortical,1.9127015,6.4780707
288,864691135840033171,train,NglFam,NglFam,8.691821,9.489724
9354,864691136580010516,test,MartFam,MartFam,5.0666046,2.5936465
1215,864691136966189518,test,MartFam,MartFam,7.3661513,5.3963127
533,864691136391024144,train,NglFam,NglFam,6.488593,3.5460618
15,864691135562004193,train,L4IT,pyramidal,6.48167,7.1315513
480,864691136120465944,train,thalamocortical,thalamocortical,2.5309052,6.461898
1329,864691135343506885,train,BipFam,BipFam,8.973673,6.980707
138,864691136336204979,train,NglFam,NglFam,8.733019,4.3942122
2351,864691135618332265,train,BasketFam,BasketFam,7.577325,10.416579
108,864691135990564864,train,NglFam,NglFam,8.935258,2.646041
696,864691135492614239,train,MartFam,MartFam,9.164688,4.640197
2069,864691135741960340,train,BasketFam,BasketFam,0.020177048,4.316329
122,864691135742677867,train,BipFam,BipFam,8.643647,3.9080737
168,864691135464991645,train,thalamocortical,thalamocortical,2.4563196,8.235414
216,864691135499752723,train,BasketFam,BasketFam,-0.18544394,3.5983934
4387,864691136381324501,train,BasketFam,BasketFam,0.26328605,5.170072
274,864691135569866988,test,L4IT,pyramidal,6.2740684,5.168762
465,864691136086632812,train,NglFam,NglFam,7.877719,3.7932124
1422,864691134966249759,train,thalamocortical,thalamocortical,6.3865757,8.417897
708,864691135336954857,train,L4IT,pyramidal,5.894138,5.8913655
1029,864691136118430628,train,BipFam,BipFam,7.4966397,4.7519727
1538,864691135778081453,train,thalamocortical,thalamocortical,4.852329,4.695995
2484,864691136288755395,train,thalamocortical,thalamocortical,2.5291297,6.785573
3029,864691135755605197,train,thalamocortical,thalamocortical,4.074399,7.035279
12240,864691135858282030,train,MartFam,MartFam,2.906317,7.637371
352,864691135742895723,test,BipFam,BipFam,5.087595,6.9377117
739,864691135106309709,train,NglFam,NglFam,9.551695,8.948949
5340,864691136288755395,train,thalamocortical,thalamocortical,7.0720506,8.200578
594,864691136391034487,train,L4IT,pyramidal,7.024257,5.81203
67,864691135955262472,test,L4IT,pyramidal,4.795819,8.145632
102,864691135470255698,train,thalamocortical,thalamocortical,5.023877,4.9964876
1119,864691135343506885,train,BipFam,BipFam,9.253153,7.594334
7,864691135351159255,train,thalamocortical,thalamocortical,3.8015294,9.457207
246,864691135369651193,train,BipFam,BipFam,7.2678556,5.735565
2281,864691136314120765,train,BasketFam,BasketFam,0.09305522,3.7836633
308,864691135689555680,train,NglFam,NglFam,2.693939,6.5236974
107,864691135455701354,train,L4IT,pyramidal,4.840008,6.9160323
785,864691135511861968,test,MartFam,MartFam,4.5408087,7.028161
197,864691135995711402,train,BipFam,BipFam,5.9655895,4.368188
1998,864691135763975990,test,BasketFam,BasketFam,-0.28957525,5.9114566
2550,864691135343506885,train,BipFam,BipFam,6.615777,3.9539084
679,864691135115194009,train,BipFam,BipFam,1.0468744,4.181961
6209,864691135477104960,train,thalamocortical,thalamocortical,3.4079702,6.242035
793,864691136579408916,test,L4IT,pyramidal,6.375656,7.77852
17,864691135303514791,train,NglFam,NglFam,8.51376,4.2261233
2652,864691136288755395,train,thalamocortical,thalamocortical,2.777883,6.7491913
957,864691136118878116,train,MartFam,MartFam,4.324283,2.2526734
4801,864691135119335645,train,thalamocortical,thalamocortical,4.5466056,8.645196
135,864691135920800688,test,L4IT,pyramidal,6.666382,7.7758107
7177,864691136067404440,test,MartFam,MartFam,4.4926376,2.2068236
5262,864691135858282030,train,MartFam,MartFam,4.4223657,2.2083821
5051,864691136390905207,train,MartFam,MartFam,3.4329944,7.6582785
647,864691135478095016,train,BasketFam,BasketFam,0.24794786,4.062883
354,864691136364166370,train,BipFam,BipFam,6.0609307,6.319908
366,864691136966189518,test,MartFam,MartFam,5.065094,9.471138
4287,864691135499616019,train,BasketFam,BasketFam,-0.80935675,5.8991647
253,864691135852637127,train,L6IT,pyramidal,8.830137,9.95936
181,864691135293096118,train,NglFam,NglFam,3.58493,8.313365
1372,864691135106189901,test,BasketFam,BasketFam,0.83678305,4.1297207
786,864691135341516741,test,MartFam,MartFam,5.4368668,8.134626
172,864691135309733190,train,NglFam,NglFam,8.857595,4.2413607
275,864691136991606421,train,L4IT,pyramidal,5.471472,7.7123985
867,864691135941898918,train,MartFam,MartFam,5.5329056,4.9803653
879,864691135293678006,train,L4IT,pyramidal,7.4079113,5.9962454
1009,864691135503782210,test,BipFam,BipFam,4.1412168,9.791329
116,864691136524282001,train,NglFam,NglFam,4.3826084,8.054253
1100,864691135214970752,train,BipFam,BipFam,4.079784,9.50792
102,864691135472556082,train,MartFam,MartFam,8.327048,8.667902
436,864691135132887456,test,NglFam,NglFam,8.063524,3.4270158
847,864691135455819114,test,L4IT,pyramidal,7.058685,5.9590535
585,864691135570791558,test,L4IT,pyramidal,8.7693,5.8422084
2070,864691136390828919,train,MartFam,MartFam,5.8810983,4.322898
215,864691135132887456,test,NglFam,NglFam,8.592878,2.5707138
3840,864691135373601736,train,BasketFam,BasketFam,0.85599315,8.265173
403,864691136487168530,train,MartFam,MartFam,8.234575,7.108158
5078,864691135106209101,train,BasketFam,BasketFam,6.249801,8.402855
4163,864691136580010516,test,MartFam,MartFam,5.286093,2.6721704
786,864691135106309709,train,NglFam,NglFam,6.1047916,9.831692
304,864691136196517452,test,L4IT,pyramidal,5.7085843,8.230457
30,864691136524282001,train,NglFam,NglFam,3.810472,6.377912
794,864691136603935441,train,BasketFam,BasketFam,-0.37234598,5.061706
2825,864691135584068717,train,BasketFam,BasketFam,-1.2763249,5.0529494
768,864691136336192947,train,BasketFam,BasketFam,5.874471,4.7864556
712,864691135215078712,train,BipFam,BipFam,8.675309,5.107287
216,864691135840033171,train,NglFam,NglFam,8.520796,7.8400965
1749,864691135465001373,train,BasketFam,BasketFam,-0.43064144,6.230412
107,864691136196338764,train,L4IT,pyramidal,8.179179,6.876667
271,864691135293096118,train,NglFam,NglFam,6.0473156,6.251654
62,864691135971464805,train,BasketFam,BasketFam,-0.7955294,4.1048865
744,864691136196383190,train,BasketFam,BasketFam,-0.6073544,4.2360487
858,864691135447979922,train,BipFam,BipFam,6.144548,8.472752
333,864691136137064075,train,BipFam,BipFam,5.16241,9.870946
118,864691135465001373,train,BasketFam,BasketFam,1.0461593,7.493229
822,864691136421324951,train,L4IT,pyramidal,6.8891068,8.711134
45,864691135592789259,train,BipFam,BipFam,9.308949,4.80057
561,864691135916843366,train,L4IT,pyramidal,6.514318,8.697734
469,864691135388368001,train,L4IT,pyramidal,5.448644,6.0712094
2462,864691136118294692,train,thalamocortical,thalamocortical,4.6649756,5.7167196
535,864691135209947769,test,L5IT,pyramidal,5.271058,6.3789916
732,864691135106309709,train,NglFam,NglFam,9.306,8.522078
3094,864691135778081453,train,thalamocortical,thalamocortical,5.5456347,5.267094
2199,864691135685030130,train,thalamocortical,thalamocortical,8.3389845,9.238096
1245,864691136484883756,train,BasketFam,BasketFam,-0.1176094,3.470593
173,864691135941300993,train,L4IT,pyramidal,5.7826552,5.6083317
3985,864691135997428394,test,thalamocortical,thalamocortical,5.6334825,8.634073
505,864691135277501669,train,L4IT,pyramidal,6.4657526,7.89178
620,864691135646147567,test,L4IT,pyramidal,4.4553556,7.409242
39,864691136975639836,train,BipFam,BipFam,4.3017282,4.9621716
3726,864691135470255698,train,thalamocortical,thalamocortical,5.5508795,5.452407
529,864691136814508659,train,L4IT,pyramidal,5.241716,6.6819367
953,864691136314485053,train,L5NP,pyramidal,8.89075,8.359612
238,864691135997428394,test,thalamocortical,thalamocortical,2.0880125,5.1013155
2211,864691135571546917,train,MartFam,MartFam,4.564349,6.6265435
2305,864691135496444816,train,BasketFam,BasketFam,5.610439,7.896347
3272,864691135446065810,train,MartFam,MartFam,3.794558,4.160383
1289,864691135875414414,train,BasketFam,BasketFam,7.668666,10.327792
3913,864691135106209101,train,BasketFam,BasketFam,0.37208557,5.707748
2,864691136524282001,train,NglFam,NglFam,4.6732364,8.349754
1618,864691135878407251,train,BasketFam,BasketFam,0.17272939,4.3042173
789,864691134989909114,test,MartFam,MartFam,4.370128,7.7612057
1134,864691135396115445,test,L4IT,pyramidal,5.5890236,5.5599566
3224,864691136390828919,train,MartFam,MartFam,4.094215,2.4089098
31,864691136904967346,test,L6CT,pyramidal,5.7639117,7.3120756
1294,864691135875919502,test,MartFam,MartFam,3.9950132,2.5132642
3911,864691135396720885,train,BasketFam,BasketFam,7.8306093,7.909688
4085,864691136268801012,test,BasketFam,BasketFam,-0.5335089,6.5635366
47,864691135996891050,test,BipFam,BipFam,4.3929234,5.7060595
3246,864691136011733934,train,MartFam,MartFam,3.419613,8.039638
616,864691135293096118,train,NglFam,NglFam,3.7097535,9.443968
72,864691135570381292,test,BipFam,BipFam,3.9020028,8.336318
200,864691135499283987,train,L6IT,pyramidal,3.101487,7.5215907
1420,864691135941789606,train,BasketFam,BasketFam,-0.86478186,4.75751
24,864691136390828919,train,MartFam,MartFam,2.1761417,8.256603
239,864691135778618029,train,BipFam,BipFam,5.322298,6.2924705
10,864691135584008045,test,L3IT,pyramidal,7.696221,8.207237
1459,864691135446065810,train,MartFam,MartFam,3.8475292,8.0469885
423,864691135294441654,train,L4IT,pyramidal,3.8809268,8.241197
4568,864691136814345075,train,MartFam,MartFam,8.989549,3.5643275
3579,864691136011549614,train,BipFam,BipFam,7.8828855,8.712627
294,864691136102207349,train,BipFam,BipFam,8.853851,8.6214285
3489,864691136007059658,test,BipFam,BipFam,6.659227,6.418493
116,864691135347627423,train,BipFam,BipFam,8.242904,7.408839
4273,864691136007059658,test,BipFam,BipFam,5.9463024,5.849713
3653,864691135470255698,train,thalamocortical,thalamocortical,4.7643294,9.885982
2841,864691136523971473,train,BipFam,BipFam,5.9947867,2.5457397
4655,864691135387551061,train,BasketFam,BasketFam,-0.24446583,4.9359784
522,864691135271343525,train,BipFam,BipFam,2.0675437,8.052293
1281,864691135210178169,test,BasketFam,BasketFam,0.44016063,8.27115
68,864691136664680926,train,L6CT,pyramidal,3.920028,10.289943
2091,864691135258628527,test,BasketFam,BasketFam,0.44872704,6.782597
491,864691135060882843,train,L4IT,pyramidal,7.4941926,7.334303
4013,864691135398746401,train,MartFam,MartFam,8.58417,3.6236403
279,864691135503182685,train,L5ET,pyramidal,7.0894885,9.5631695
1176,864691135271343525,train,BipFam,BipFam,2.8740563,7.9668612
3491,864691135720572977,train,MartFam,MartFam,1.3709589,5.943593
1807,864691135641196091,train,MartFam,MartFam,8.81302,2.6492987
415,864691136380816597,test,L4IT,pyramidal,4.137361,5.234469
243,864691136145572404,train,BipFam,BipFam,3.111451,5.6953607
5140,864691136007059658,test,BipFam,BipFam,4.2873178,10.23627
6017,864691135464991645,train,thalamocortical,thalamocortical,4.4623175,5.2612796
351,864691135685030130,train,thalamocortical,thalamocortical,2.2524424,6.124356
0,864691135106309709,train,NglFam,NglFam,6.12503,8.850608
818,864691135562950369,train,BipFam,BipFam,4.941527,9.293151
3787,864691136288755395,train,thalamocortical,thalamocortical,3.2157714,7.6321354
1578,864691136123919654,train,BasketFam,BasketFam,0.33405623,8.049291
535,864691136239793212,test,NglFam,NglFam,9.573901,8.071794
6184,864691137022180974,test,MartFam,MartFam,8.486095,3.090415
4117,864691135477104960,train,thalamocortical,thalamocortical,3.371491,6.241522
147,864691136288752835,train,thalamocortical,thalamocortical,2.105945,6.9033475
86,864691136273370302,train,NglFam,NglFam,9.414589,9.432058
584,864691136364166370,train,BipFam,BipFam,5.5891247,3.1800466
2610,864691135477104960,train,thalamocortical,thalamocortical,4.6146784,6.0112963
191,864691135293096118,train,NglFam,NglFam,5.3540807,7.82749
161,864691135955909640,train,L4IT,pyramidal,7.4815264,7.9125905
1245,864691135499624723,train,BasketFam,BasketFam,0.007870619,5.4599056
144,864691135840033171,train,NglFam,NglFam,8.170254,8.834147
1413,864691135727929663,train,BasketFam,BasketFam,7.5616226,2.8479261
389,864691135271343525,train,BipFam,BipFam,0.78771204,6.341174
5456,864691136007059658,test,BipFam,BipFam,9.306247,8.211041
1699,864691136011549614,train,BipFam,BipFam,7.8182144,5.5177984
4101,864691135210446457,train,MartFam,MartFam,5.235687,4.725936
1452,864691135685030130,train,thalamocortical,thalamocortical,3.2795885,8.493651
5619,864691136138622333,train,BasketFam,BasketFam,-0.56139445,5.3973517
629,864691135742677867,train,BipFam,BipFam,4.740259,4.511462
1269,864691136137064075,train,BipFam,BipFam,6.5461054,9.914575
9409,864691135271967397,train,MartFam,MartFam,3.364354,2.8986871
3971,864691137056216950,train,MartFam,MartFam,3.11967,3.8496985
591,864691136372954248,test,NglFam,NglFam,6.5015936,5.3916965
281,864691135891467401,test,L5IT,pyramidal,8.58643,9.791798
63,864691135778331232,train,L6IT,pyramidal,4.4437456,10.257851
3936,864691135941898918,train,MartFam,MartFam,6.0861654,8.3962145
850,864691135689555680,train,NglFam,NglFam,3.5906532,4.5232983
1243,864691136372954248,test,NglFam,NglFam,6.638687,6.410005
2635,864691136381324501,train,BasketFam,BasketFam,-0.22156036,4.843869
27,864691135592678411,train,BipFam,BipFam,4.812873,4.33586
1229,864691136034487483,train,BasketFam,BasketFam,-1.3045295,5.091384
137,864691135576872222,train,L4IT,pyramidal,5.588984,5.3544183
319,864691135839932307,train,L2IT,pyramidal,7.446779,8.922899
257,864691135616183499,train,BasketFam,BasketFam,0.5037972,7.783891
582,864691136086632812,train,NglFam,NglFam,6.4653807,3.7023048
3662,864691136034487483,train,BasketFam,BasketFam,0.16870098,4.6800246
4270,864691135446065810,train,MartFam,MartFam,7.75275,8.65427
3633,864691135779780797,test,MartFam,MartFam,4.8555493,2.3070846
933,864691135577202181,train,MartFam,MartFam,3.9669998,6.1723013
378,864691135689555680,train,NglFam,NglFam,4.7485166,8.459317
4673,864691136288755395,train,thalamocortical,thalamocortical,3.4493198,5.2435465
1488,864691135404765166,train,MartFam,MartFam,7.7264237,3.5391157
107,864691135340141542,test,MartFam,MartFam,7.951967,5.146334
665,864691135997140906,train,BipFam,BipFam,7.4435487,8.41335
1463,864691135499616019,train,BasketFam,BasketFam,-0.0783191,3.5298493
6180,864691135387529301,test,BasketFam,BasketFam,0.118148744,3.7611058
6564,864691135774221643,train,MartFam,MartFam,8.996837,2.803602
853,864691136108370905,train,BipFam,BipFam,4.794351,9.001101
237,864691135693735103,train,NglFam,NglFam,8.698265,9.432034
199,864691136239793212,test,NglFam,NglFam,9.543814,8.907156
2493,864691136523971473,train,BipFam,BipFam,6.3914156,4.4518943
2432,864691135928029966,train,thalamocortical,thalamocortical,5.729644,5.3796506
3304,864691136118294692,train,thalamocortical,thalamocortical,2.4986708,8.205853
273,864691135303514791,train,NglFam,NglFam,8.362857,5.1260543
754,864691136312076122,train,MartFam,MartFam,2.3928874,8.253396
2248,864691135928029966,train,thalamocortical,thalamocortical,5.0807405,5.452844
2411,864691135118298333,train,MartFam,MartFam,9.036894,3.078344
960,864691135763975990,test,BasketFam,BasketFam,0.42278624,6.171879
480,864691135742826603,train,BipFam,BipFam,7.0931306,6.1503253
37,864691135877951571,train,L4IT,pyramidal,6.8624115,7.69374
2266,864691135772774651,test,MartFam,MartFam,7.131512,3.9513452
5629,864691137022180974,test,MartFam,MartFam,2.8750386,7.4734426
5428,864691135756844242,test,MartFam,MartFam,4.537493,3.16731
7010,864691135875919502,test,MartFam,MartFam,4.1863832,3.6019258
377,864691136210975676,test,L4IT,pyramidal,6.6979275,8.115158
203,864691135214970752,train,BipFam,BipFam,9.544237,9.145489
275,864691136086632812,train,NglFam,NglFam,9.3582535,7.6409125
9,864691135885996912,train,BipFam,BipFam,4.734348,7.610061
6680,864691136007059658,test,BipFam,BipFam,6.0878253,4.593819
4046,864691135997140906,train,BipFam,BipFam,5.4579787,6.527423
4442,864691135448017554,train,BasketFam,BasketFam,-0.27667323,4.341379
4234,864691135346954143,train,MartFam,MartFam,7.903192,6.3631573
3946,864691136007059658,test,BipFam,BipFam,6.4539547,8.539537
623,864691136814345075,train,MartFam,MartFam,4.716124,4.8557997
962,864691136012173475,test,BipFam,BipFam,4.1819425,7.15168
145,864691135114295961,test,MartFam,MartFam,9.153553,6.0026894
6405,864691136118878116,train,MartFam,MartFam,3.3590567,3.0063915
52,864691135342958789,train,L4IT,pyramidal,5.424229,9.76878
452,864691134887444986,test,NglFam,NglFam,5.7712874,4.489222
7971,864691135464991645,train,thalamocortical,thalamocortical,0.63273567,6.6082015
3348,864691135528046939,train,MartFam,MartFam,4.737825,2.4319453
383,864691135398746401,train,MartFam,MartFam,3.146469,3.7065587
150,864691135398762529,train,BipFam,BipFam,4.9258347,4.2891946
1373,864691135464946757,test,BasketFam,BasketFam,-0.96724576,6.0048733
222,864691136239793212,test,NglFam,NglFam,7.9973316,8.833382
344,864691135578670597,test,L6IT,pyramidal,3.9615831,9.8894415
4411,864691135853090503,test,BasketFam,BasketFam,-0.22988209,6.1123595
512,864691136364166370,train,BipFam,BipFam,3.7580023,10.058065
118,864691136273370302,train,NglFam,NglFam,7.584996,9.892513
232,864691135309733190,train,NglFam,NglFam,9.096018,3.2536037
66,864691135106309709,train,NglFam,NglFam,8.520612,7.902868
1329,864691136927366986,train,thalamocortical,thalamocortical,1.8912406,5.343673
2228,864691135866821340,train,thalamocortical,thalamocortical,1.9219773,3.5955472
809,864691136453183487,test,MartFam,MartFam,4.6460958,4.265977
266,864691136298913563,train,MartFam,MartFam,4.793057,3.6741066
3571,864691136033871035,train,thalamocortical,thalamocortical,2.1806648,3.8030703
431,864691135993767617,train,L6CT,pyramidal,5.2666607,10.135896
110,864691137055244406,train,L6CT,pyramidal,8.501277,9.5842285
419,864691135510191369,train,L6CT,pyramidal,2.6324766,6.607382
2686,864691135294194358,train,thalamocortical,thalamocortical,2.1476138,6.2420983
56,864691136211325884,test,L2IT,pyramidal,8.463695,4.8203883
54,864691135586724220,test,L5IT,pyramidal,8.824063,9.295951
879,864691135571440006,train,MartFam,MartFam,8.327283,4.705656
4790,864691135858282030,train,MartFam,MartFam,2.710968,8.266402
1798,864691135447979922,train,BipFam,BipFam,2.8922925,5.7558584
854,864691135689555680,train,NglFam,NglFam,3.3454938,7.4966397
625,864691135810098717,test,BasketFam,BasketFam,-0.009262704,8.348888
39,864691136118294692,train,thalamocortical,thalamocortical,4.0268283,4.867148
969,864691136595955362,train,MartFam,MartFam,5.276638,4.3305902
298,864691135578360837,train,L4IT,pyramidal,9.045785,9.405704
2391,864691135878586963,test,thalamocortical,thalamocortical,1.7994305,7.0352926
1128,864691135688823008,train,L6IT,pyramidal,3.7639902,6.4817886
168,864691136273370302,train,NglFam,NglFam,6.1025763,8.901168
1989,864691136145537844,train,BipFam,BipFam,6.888689,3.9172063
1262,864691135492665959,train,MartFam,MartFam,8.641116,4.673542
442,864691135293096118,train,NglFam,NglFam,4.0659513,9.503067
1078,864691135571356038,test,MartFam,MartFam,3.8349085,2.6403577
1393,864691135463999294,train,BasketFam,BasketFam,0.28254312,7.1867013
1213,864691136138803837,train,BasketFam,BasketFam,-0.57526684,4.7355247
416,864691135442598728,train,BasketFam,BasketFam,-0.069348864,4.4548936
414,864691135456493418,test,BipFam,BipFam,4.011216,4.4859896
4903,864691136067404440,test,MartFam,MartFam,7.5206,3.1379993
1128,864691135562950369,train,BipFam,BipFam,7.810354,4.292607
1043,864691136118430628,train,BipFam,BipFam,5.686261,4.8613186
154,864691135119630813,test,BipFam,BipFam,6.7689342,5.6451683
4256,864691136288755395,train,thalamocortical,thalamocortical,7.2454176,8.026556
19,864691135990564864,train,NglFam,NglFam,4.027175,5.880122
441,864691136288755395,train,thalamocortical,thalamocortical,3.3845663,5.3358693
310,864691136086632812,train,NglFam,NglFam,7.680764,3.2554018
640,864691136052101363,train,BipFam,BipFam,9.720418,8.69004
6892,864691135456535658,train,MartFam,MartFam,5.640497,3.0324214
1679,864691135875919502,test,MartFam,MartFam,4.296168,3.7457256
595,864691135215254584,train,L4IT,pyramidal,6.887963,9.563283
777,864691135920776624,train,MartFam,MartFam,9.288273,7.8230424
1776,864691135839577235,train,MartFam,MartFam,5.069218,7.3482246
268,864691136391024144,train,NglFam,NglFam,6.384147,2.9273913
609,864691135566825495,train,BasketFam,BasketFam,6.7839584,9.753797
1220,864691136238652476,train,MartFam,MartFam,9.930531,8.262108
630,864691136238652476,train,MartFam,MartFam,8.722356,4.3376465
584,864691136664127454,test,L4IT,pyramidal,9.089174,6.656275
890,864691135725779883,train,BasketFam,BasketFam,4.930967,9.781663
37,864691135689555680,train,NglFam,NglFam,7.335129,3.440957
2935,864691136053350131,test,thalamocortical,thalamocortical,5.3885374,8.487998
1346,864691135940881830,train,MartFam,MartFam,8.985172,2.7049162
1607,864691136489623826,train,BasketFam,BasketFam,-0.28191346,5.7842903
1149,864691136288755395,train,thalamocortical,thalamocortical,4.489833,5.7866044
18,864691135774127611,train,BipFam,BipFam,8.179074,5.8598137
1152,864691135492888039,test,BasketFam,BasketFam,3.319468,4.4935546
1860,864691135878407251,train,BasketFam,BasketFam,0.3237951,8.503856
1345,864691135659538306,train,thalamocortical,thalamocortical,7.0606546,8.349262
2,864691135566824983,test,BipFam,BipFam,6.102314,5.251217
877,864691136372954248,test,NglFam,NglFam,5.788325,4.1032696
154,864691135686399415,train,BipFam,BipFam,6.5582247,6.081821
1047,864691135885194352,train,BasketFam,BasketFam,0.5297512,8.102782
2854,864691136196932172,train,BasketFam,BasketFam,-0.46381,3.7179818
4773,864691135464991645,train,thalamocortical,thalamocortical,0.4825408,6.49867
4648,864691135778081453,train,thalamocortical,thalamocortical,2.1646914,7.252804
1561,864691135756844242,test,MartFam,MartFam,4.6679645,2.5325232
188,864691135478434216,train,BasketFam,BasketFam,-0.12376209,3.460366
1327,864691135755605197,train,thalamocortical,thalamocortical,1.9978056,7.0848875
1099,864691135351159255,train,thalamocortical,thalamocortical,2.463843,8.317127
2230,864691135405480430,train,BasketFam,BasketFam,-0.7525628,4.118935
6548,864691135196475434,train,MartFam,MartFam,5.0061193,3.8591392
3559,864691135703016059,train,MartFam,MartFam,7.865911,5.1473885
131,864691136524282001,train,NglFam,NglFam,8.493194,2.5467312
391,864691135689555680,train,NglFam,NglFam,4.9016085,8.247562
284,864691135293096118,train,NglFam,NglFam,4.31512,8.586621
431,864691135335635177,train,L3IT,pyramidal,4.680756,10.100916
1456,864691135336840425,train,BasketFam,BasketFam,0.058644697,4.7435455
5321,864691135492600167,train,BasketFam,BasketFam,-0.037448704,7.918573
640,864691135741998484,train,L4IT,pyramidal,3.030026,8.10803
6125,864691136011485614,test,BasketFam,BasketFam,1.9154925,8.14547
6,864691135867984005,train,L4IT,pyramidal,7.308776,9.418215
1776,864691136058602712,train,thalamocortical,thalamocortical,3.2581284,9.104636
165,864691135396794101,train,L3IT,pyramidal,6.162395,6.8676357
136,864691136211068860,train,BasketFam,BasketFam,-0.1775619,5.679006
410,864691135470255698,train,thalamocortical,thalamocortical,6.1564837,6.856823
485,864691136391024144,train,NglFam,NglFam,3.1618407,5.212438
729,864691136311213914,test,BasketFam,BasketFam,5.3768983,8.860865
232,864691135510406921,test,L3IT,pyramidal,9.06839,5.7946496
493,864691136239793212,test,NglFam,NglFam,9.723461,8.898702
2992,864691136288755395,train,thalamocortical,thalamocortical,2.1900651,6.9790998
2796,864691135294194358,train,thalamocortical,thalamocortical,4.68252,4.742611
2497,864691135499752723,train,BasketFam,BasketFam,1.3210104,3.8879035
4790,864691136580010516,test,MartFam,MartFam,4.7890654,6.9432325
135,864691135303514791,train,NglFam,NglFam,9.016562,3.897948
1561,864691136372954248,test,NglFam,NglFam,3.7182114,6.568117
280,864691135115194009,train,BipFam,BipFam,6.370821,9.593123
758,864691135106309709,train,NglFam,NglFam,9.895959,8.332676
330,864691135756630226,train,MartFam,MartFam,7.5614657,9.081911
687,864691135686540471,train,BasketFam,BasketFam,0.020646611,4.1729913
3435,864691135271967397,train,MartFam,MartFam,7.6289587,3.3674061
85,864691137198691137,train,L2IT,pyramidal,7.84996,6.018644
1056,864691136521831825,train,L5IT,pyramidal,4.884408,9.752559
2126,864691136145537844,train,BipFam,BipFam,8.155187,6.7469053
768,864691135294194358,train,thalamocortical,thalamocortical,6.2764435,6.96194
95,864691136579193108,train,L6CT,pyramidal,7.613641,7.636296
2290,864691135783317840,train,thalamocortical,thalamocortical,4.951497,4.910619
541,864691136239793212,test,NglFam,NglFam,9.636483,9.073119
3337,864691136914542577,train,MartFam,MartFam,4.221441,4.8281593
2154,864691135571440006,train,MartFam,MartFam,7.5144815,6.7796817
2383,864691136288755395,train,thalamocortical,thalamocortical,2.5069919,8.156556
326,864691135570791558,test,L4IT,pyramidal,9.127267,5.619906
1893,864691136489623826,train,BasketFam,BasketFam,0.104951695,4.482851
2234,864691135878586963,test,thalamocortical,thalamocortical,5.428862,5.2063117
614,864691136022214648,train,L4IT,pyramidal,5.441502,6.590547
470,864691134887444986,test,NglFam,NglFam,5.0218577,4.321883
3267,864691136033871035,train,thalamocortical,thalamocortical,4.706068,5.262378
224,864691135106309709,train,NglFam,NglFam,6.3697414,9.883249
8482,864691135756844242,test,MartFam,MartFam,6.080128,6.6566005
135,864691135948215076,test,BipFam,BipFam,5.479366,6.309647
2159,864691136925008100,train,BipFam,BipFam,0.40150526,6.7222295
2624,864691135387277397,test,thalamocortical,thalamocortical,4.3272285,8.33691
88,864691135840033171,train,NglFam,NglFam,6.276055,3.7542784
288,864691135545730856,train,BipFam,BipFam,7.8857727,6.7603197
687,864691135386963541,train,L4IT,pyramidal,8.37092,7.59767
3916,864691134966621471,train,MartFam,MartFam,5.204976,7.9485364
135,864691136991606421,train,L4IT,pyramidal,2.876711,7.900522
310,864691136364166370,train,BipFam,BipFam,9.170152,5.3323917
1510,864691135464991645,train,thalamocortical,thalamocortical,1.6618618,3.6910253
1072,864691135431441968,train,thalamocortical,thalamocortical,4.40356,5.4326806
627,864691135351159255,train,thalamocortical,thalamocortical,5.857813,6.774395
388,864691135689555680,train,NglFam,NglFam,2.9549875,7.1995745
141,864691135716679194,train,L6CT,pyramidal,9.458192,8.310233
2360,864691136195796182,test,BasketFam,BasketFam,7.65332,10.334883
294,864691136381324501,train,BasketFam,BasketFam,9.499182,9.414989
1695,864691135566979927,train,MartFam,MartFam,8.892678,8.241982
683,864691135571356038,test,MartFam,MartFam,7.187386,3.2386003
347,864691135764890678,train,MartFam,MartFam,5.1460876,9.055235
3373,864691135702887291,train,BasketFam,BasketFam,0.7287881,3.9928713
78,864691135293096118,train,NglFam,NglFam,5.340727,7.6758475
3936,864691135725779883,train,BasketFam,BasketFam,0.5011212,4.6624537
316,864691136239793212,test,NglFam,NglFam,3.6587348,9.910446
207,864691135293096118,train,NglFam,NglFam,5.649313,9.531482
267,864691134887444986,test,NglFam,NglFam,2.0039356,3.463034
294,864691136110366904,train,L4IT,pyramidal,6.5747347,8.949891
2937,864691135584019053,test,MartFam,MartFam,5.0030127,2.4808316
931,864691135878586963,test,thalamocortical,thalamocortical,2.0407505,5.806822
5520,864691136011485614,test,BasketFam,BasketFam,-0.29807815,5.9583025
25,864691135689555680,train,NglFam,NglFam,8.801713,3.2970695
2907,864691135866821340,train,thalamocortical,thalamocortical,5.324598,9.712697
649,864691134887444986,test,NglFam,NglFam,3.46963,4.21997
2796,864691135764678198,test,MartFam,MartFam,9.110733,8.516603
1297,864691134989909114,test,MartFam,MartFam,8.706347,4.728662
831,864691136905560754,train,L5IT,pyramidal,7.4684405,8.618275
1248,864691135474086450,train,BasketFam,BasketFam,-0.008017321,7.8421164
295,864691136086632812,train,NglFam,NglFam,5.8218446,4.289843
2570,864691135134565280,train,BasketFam,BasketFam,-0.6352578,3.4724877
1236,864691135689015264,train,thalamocortical,thalamocortical,3.9269469,7.940074
1526,864691135470860370,test,BipFam,BipFam,5.693036,3.0690434
7899,864691135464991645,train,thalamocortical,thalamocortical,2.0517833,6.4146223
1017,864691135134565280,train,BasketFam,BasketFam,3.2484221,9.168885
1880,864691136620192653,train,MartFam,MartFam,8.378937,8.265424
3896,864691135212863360,train,MartFam,MartFam,6.18422,2.8869762
1330,864691135271915173,train,MartFam,MartFam,8.966462,2.9721313
3430,864691135518791818,train,BasketFam,BasketFam,7.7422624,10.401584
121,864691135398746401,train,MartFam,MartFam,3.967846,3.430554
609,864691136314126653,train,BipFam,BipFam,7.3749156,6.2266126
2040,864691135689015264,train,thalamocortical,thalamocortical,5.554392,6.828544
4820,864691135212863360,train,MartFam,MartFam,7.6441298,10.467838
3978,864691135210443897,train,BasketFam,BasketFam,-0.013094439,4.3984423
1030,864691136372954248,test,NglFam,NglFam,3.2054996,5.6638865
195,864691135271343525,train,BipFam,BipFam,4.4439144,4.4407196
189,864691135059845275,train,L4IT,pyramidal,5.898675,8.066196
49,864691136118430628,train,BipFam,BipFam,3.262199,4.0182023
607,864691136137064075,train,BipFam,BipFam,7.926234,9.752986
760,864691135619463567,train,L4IT,pyramidal,6.141943,7.8528123
5533,864691135271967397,train,MartFam,MartFam,1.0141207,6.6404276
36,864691135274038801,train,L3IT,pyramidal,4.819156,9.561429
576,864691136364166370,train,BipFam,BipFam,6.1927624,9.119178
6138,864691135384716762,train,MartFam,MartFam,2.953391,6.0282745
23,864691135118298333,train,MartFam,MartFam,9.083204,3.7792742
1540,864691135294194358,train,thalamocortical,thalamocortical,1.8499615,6.4618707
7492,864691136603935441,train,BasketFam,BasketFam,-0.21882139,3.8482685
1166,864691136145537844,train,BipFam,BipFam,7.8107095,5.2239366
127,864691135861182824,test,L6IT,pyramidal,6.7556944,6.5494804
8761,864691135271967397,train,MartFam,MartFam,1.2440928,5.854598
2291,864691135387277397,test,thalamocortical,thalamocortical,4.3774133,9.387635
265,864691136524282001,train,NglFam,NglFam,4.3654957,8.068061
756,864691135562950369,train,BipFam,BipFam,6.0405874,4.7613
47,864691135994804394,train,BipFam,BipFam,4.3692155,10.18672
530,864691135447979922,train,BipFam,BipFam,5.1219583,5.708835
405,864691135695042751,train,L6IT,pyramidal,4.4189363,9.284236
377,864691135341516741,test,MartFam,MartFam,3.6145086,4.349056
736,864691135562780385,train,L2IT,pyramidal,8.167568,6.7758713
568,864691135350977751,train,MartFam,MartFam,9.016969,4.8052483
5911,864691136067404440,test,MartFam,MartFam,3.9746425,4.887096
1556,864691135293678006,train,L4IT,pyramidal,7.593337,8.421164
424,864691135611140359,test,L4IT,pyramidal,7.836968,7.6423426
973,864691137055405174,test,L4IT,pyramidal,7.4601045,9.02633
2025,864691135470860370,test,BipFam,BipFam,6.423922,4.1463113
665,864691135350542039,test,L5IT,pyramidal,8.534961,7.3670673
3543,864691135119335645,train,thalamocortical,thalamocortical,4.5909443,5.365149
10864,864691135210446457,train,MartFam,MartFam,4.85763,3.300109
81,864691135948238177,train,L6CT,pyramidal,5.3920474,9.776603
1265,864691135343506885,train,BipFam,BipFam,4.276005,7.5469766
3009,864691135866821340,train,thalamocortical,thalamocortical,2.2216468,3.9649453
5825,864691135477104960,train,thalamocortical,thalamocortical,1.9270858,7.4232903
369,864691136524282001,train,NglFam,NglFam,8.691382,2.841897
990,864691135106309709,train,NglFam,NglFam,6.077414,9.830197
408,864691136954028511,train,L4IT,pyramidal,2.9781432,6.673417
140,864691135106309709,train,NglFam,NglFam,9.231741,7.998254
4373,864691134966621471,train,MartFam,MartFam,7.07099,3.451031
1202,864691136364183266,train,BasketFam,BasketFam,6.8832307,9.980998
213,864691136391024144,train,NglFam,NglFam,3.4502444,7.539221
352,864691135853090503,test,BasketFam,BasketFam,-0.43516165,5.788206
3382,864691136006393034,train,MartFam,MartFam,8.542587,3.66156
233,864691135309733190,train,NglFam,NglFam,8.983616,2.5955458
480,864691135119630813,test,BipFam,BipFam,6.559172,8.885565
72,864691136137064075,train,BipFam,BipFam,5.120153,10.099965
834,864691136372954248,test,NglFam,NglFam,5.4894285,2.9827476
1103,864691135997140906,train,BipFam,BipFam,5.0100408,9.923618
4184,864691135470255698,train,thalamocortical,thalamocortical,2.7681282,6.2935
1667,864691135431441968,train,thalamocortical,thalamocortical,2.5247176,8.051511
490,864691136137064075,train,BipFam,BipFam,8.155484,8.391063
3936,864691136196932172,train,BasketFam,BasketFam,1.4434776,3.7437267
1352,864691134886037498,train,MartFam,MartFam,1.0105641,6.644276
5514,864691135703016059,train,MartFam,MartFam,5.257856,3.191199
243,864691136053350131,test,thalamocortical,thalamocortical,2.2281525,3.8189702
229,864691135499821331,train,L4IT,pyramidal,7.311724,7.038783
1030,864691136091233847,train,thalamocortical,thalamocortical,2.6812117,6.1347704
389,864691136111559352,test,L2IT,pyramidal,6.7638516,6.509585
1889,864691136091233847,train,thalamocortical,thalamocortical,4.0527496,8.698775
496,864691135351159255,train,thalamocortical,thalamocortical,7.5785556,9.31468
4156,864691135939776309,train,MartFam,MartFam,8.13081,4.164695
526,864691135928029966,train,thalamocortical,thalamocortical,2.2426276,5.3879805
152,864691136336204979,train,NglFam,NglFam,4.269401,4.4822507
4127,864691135294194358,train,thalamocortical,thalamocortical,2.4323895,5.9923735
2150,864691136523971473,train,BipFam,BipFam,7.1419306,3.5105462
2128,864691136145537844,train,BipFam,BipFam,6.168998,3.3084548
60,864691135727686463,train,BipFam,BipFam,4.5321097,8.449544
320,864691136086632812,train,NglFam,NglFam,5.7196207,4.2391334
11,864691135783317840,train,thalamocortical,thalamocortical,7.9625688,8.192699
1448,864691135990793216,train,MartFam,MartFam,8.115668,2.504948
3579,864691135442598728,train,BasketFam,BasketFam,-1.0029726,4.611415
4270,864691135015437462,test,BasketFam,BasketFam,0.28696442,5.4102597
1607,864691135503782210,test,BipFam,BipFam,3.9857771,10.545857
1224,864691135954680867,train,L4IT,pyramidal,7.7643657,9.577243
6895,864691136007059658,test,BipFam,BipFam,6.5377793,7.6864147
569,864691136034011579,train,L2IT,pyramidal,6.8085895,7.74233
3803,864691135528046939,train,MartFam,MartFam,3.8211343,4.158674
926,864691135997140906,train,BipFam,BipFam,6.5683966,5.558545
979,864691136053350131,test,thalamocortical,thalamocortical,0.11916139,5.0585175
4617,864691136312076122,train,MartFam,MartFam,3.6921685,4.819756
1695,864691136927366986,train,thalamocortical,thalamocortical,2.9450333,5.6519423
366,864691135465955397,train,L3IT,pyramidal,8.801244,5.120331
465,864691135586022264,train,BasketFam,BasketFam,-0.15810648,4.597724
420,864691135920591792,train,BasketFam,BasketFam,0.19499059,5.894859
405,864691136273370302,train,NglFam,NglFam,5.6559725,9.695408
3478,864691136091233847,train,thalamocortical,thalamocortical,4.6550226,5.8049955
129,864691135742102635,train,L4IT,pyramidal,4.854622,7.005608
6953,864691135464991645,train,thalamocortical,thalamocortical,2.8665793,6.2991586
2100,864691135782873936,test,thalamocortical,thalamocortical,4.8012657,5.6651063
32,864691135303514791,train,NglFam,NglFam,8.99714,2.817781
4488,864691135470255698,train,thalamocortical,thalamocortical,1.9668683,3.6248353
26,864691136138756221,train,BipFam,BipFam,8.193411,9.797822
1125,864691135875777166,test,BasketFam,BasketFam,8.1094055,9.049272
502,864691135562950369,train,BipFam,BipFam,7.2534227,5.594662
764,864691136967478222,train,L5IT,pyramidal,8.532211,6.2037134
161,864691137199860033,test,BasketFam,BasketFam,0.28746477,7.515051
1983,864691135336840425,train,BasketFam,BasketFam,-0.30708846,6.8846984
3272,864691136007059658,test,BipFam,BipFam,3.5597856,9.865651
8832,864691135346954143,train,MartFam,MartFam,4.1750875,2.9489946
114,864691135741965931,train,L4IT,pyramidal,3.242492,7.2713175
210,864691135196475434,train,MartFam,MartFam,5.44678,3.0347335
84,864691135927494158,train,L3IT,pyramidal,5.5541124,9.536224
3051,864691135611702023,train,BasketFam,BasketFam,0.559298,6.9227233
565,864691135492600167,train,BasketFam,BasketFam,-0.027182387,8.223573
942,864691135928029966,train,thalamocortical,thalamocortical,4.2025204,6.188309
502,864691136925008100,train,BipFam,BipFam,3.451099,9.73908
1274,864691136372954248,test,NglFam,NglFam,3.5640864,6.607733
287,864691136137168779,train,BipFam,BipFam,3.4724076,6.814142
1504,864691135294194358,train,thalamocortical,thalamocortical,7.6165605,7.476611
1558,864691136381325781,train,L5IT,pyramidal,8.55075,7.126251
1595,864691136268801012,test,BasketFam,BasketFam,-0.22910102,5.9549894
2515,864691135477104960,train,thalamocortical,thalamocortical,2.4714937,6.5747952
1382,864691135463999294,train,BasketFam,BasketFam,0.3121639,7.0400553
1111,864691136145537844,train,BipFam,BipFam,9.284851,8.187336
815,864691135210178169,test,BasketFam,BasketFam,-0.52135676,4.1983852
432,864691135397960481,train,L2IT,pyramidal,3.9620864,10.472083
2478,864691135387277397,test,thalamocortical,thalamocortical,1.7633555,6.9825015
974,864691136118430628,train,BipFam,BipFam,5.9261255,8.845357
856,864691135720572977,train,MartFam,MartFam,-0.49331203,4.790464
176,864691135778618029,train,BipFam,BipFam,8.849981,8.201757
4140,864691136196932172,train,BasketFam,BasketFam,-0.8532691,4.3316298
156,864691135132887456,test,NglFam,NglFam,8.54201,3.9857047
3800,864691135015437462,test,BasketFam,BasketFam,0.5436272,6.200314
11667,864691135210446457,train,MartFam,MartFam,3.3188574,3.2031324
2577,864691135212863360,train,MartFam,MartFam,4.3415775,3.1875434
3215,864691135659538306,train,thalamocortical,thalamocortical,2.3691728,6.4965467
72,864691135877951571,train,L4IT,pyramidal,7.8672132,6.8637137
165,864691135755707597,train,BipFam,BipFam,6.85275,3.149413
645,864691136006519498,train,L4IT,pyramidal,7.5808263,7.5682845
5,864691135293096118,train,NglFam,NglFam,2.6953707,6.2106605
77,864691135592283403,train,L6IT,pyramidal,4.9714036,10.069135
1037,864691135659538306,train,thalamocortical,thalamocortical,8.979989,3.5239816
644,864691135503782210,test,BipFam,BipFam,7.949881,8.936464
1204,864691135389004929,train,BasketFam,BasketFam,5.699141,8.98084
336,864691135447979922,train,BipFam,BipFam,8.481756,6.9509587
7228,864691135464991645,train,thalamocortical,thalamocortical,2.894323,6.6985307
6343,864691136914542577,train,MartFam,MartFam,2.9073937,8.322073
1512,864691136580010516,test,MartFam,MartFam,3.5216925,3.3231003
89,864691135990564864,train,NglFam,NglFam,4.733293,4.117256
1078,864691136523971473,train,BipFam,BipFam,7.824385,6.033722
831,864691136314126653,train,BipFam,BipFam,7.0889635,6.412824
5818,864691136391023120,train,BasketFam,BasketFam,-0.46259812,6.404485
500,864691136058602712,train,thalamocortical,thalamocortical,2.8353846,6.6086445
172,864691135473954354,test,L6IT,pyramidal,7.938844,8.266788
209,864691135470860370,test,BipFam,BipFam,9.317218,4.033752
707,864691136372954248,test,NglFam,NglFam,8.319403,9.191347
6832,864691135477104960,train,thalamocortical,thalamocortical,6.229978,7.320295
191,864691136026013497,train,BipFam,BipFam,0.36400777,4.0109906
453,864691135398868257,train,L4IT,pyramidal,3.205517,6.4766817
155,864691136010027182,train,L5IT,pyramidal,6.3587008,5.8684034
714,864691136927688266,test,L4IT,pyramidal,8.929298,9.379421
639,864691136372954248,test,NglFam,NglFam,4.4712124,4.3255453
17,864691135782542416,train,L3IT,pyramidal,8.019749,8.890772
1323,864691135084038647,train,MartFam,MartFam,3.444799,8.190742
184,864691135398762529,train,BipFam,BipFam,5.2040205,6.910245
3454,864691136195796182,test,BasketFam,BasketFam,-0.5909574,4.086994
9,864691136136838027,train,L6IT,pyramidal,8.847948,9.882876
436,864691135942163201,train,L5IT,pyramidal,5.2838783,2.777075
198,864691135689555680,train,NglFam,NglFam,3.441683,6.566994
14916,864691136914542577,train,MartFam,MartFam,4.574433,2.6919847
851,864691135106309709,train,NglFam,NglFam,4.8522725,4.244682
64,864691136118878116,train,MartFam,MartFam,5.6955686,4.2404594
677,864691135356708303,train,MartFam,MartFam,4.25651,10.343702
9336,864691136330880234,train,MartFam,MartFam,6.340589,4.624555
5170,864691136595955362,train,MartFam,MartFam,9.034148,3.7469113
1867,864691135258628527,test,BasketFam,BasketFam,4.9964952,5.2688622
2128,864691135396720885,train,BasketFam,BasketFam,0.27488148,7.656134
294,864691135779297981,train,L4IT,pyramidal,5.8364887,7.028841
287,864691135911276969,train,L4IT,pyramidal,8.511185,6.7383924
509,864691135499707667,train,L4IT,pyramidal,7.444502,7.0120325
767,864691135817803599,test,BasketFam,BasketFam,-0.26846963,4.881036
301,864691135755707597,train,BipFam,BipFam,5.7770696,7.9058995
268,864691136389679223,train,L2IT,pyramidal,7.4442205,8.00507
6410,864691135618332265,train,BasketFam,BasketFam,-0.21298274,5.778116
746,864691135948823905,test,MartFam,MartFam,8.40646,4.626228
1050,864691135106309709,train,NglFam,NglFam,9.273438,8.130371
54,864691135448256146,train,L4IT,pyramidal,5.6188073,6.4443374
1173,864691135492665959,train,MartFam,MartFam,6.0819187,9.527404
1332,864691135293678006,train,L4IT,pyramidal,7.65718,8.496009
224,864691135132887456,test,NglFam,NglFam,8.99799,3.7210748
554,864691135742826603,train,BipFam,BipFam,5.907647,5.339119
842,864691135398762529,train,BipFam,BipFam,6.4235916,6.987037
5653,864691136390828919,train,MartFam,MartFam,3.4477015,6.985814
360,864691134887444986,test,NglFam,NglFam,3.4577944,6.7616982
982,864691135928029966,train,thalamocortical,thalamocortical,2.8410387,7.2085714
143,864691135132887456,test,NglFam,NglFam,8.639442,2.7011418
3390,864691135119335645,train,thalamocortical,thalamocortical,4.2522883,8.50508
2376,864691135339982310,train,BasketFam,BasketFam,0.27840075,7.4198384
4320,864691136580010516,test,MartFam,MartFam,4.1384273,2.314338
471,864691135742824555,train,BipFam,BipFam,2.890933,6.7158637
91,864691136058602712,train,thalamocortical,thalamocortical,3.6681757,4.8318706
3052,864691135866821340,train,thalamocortical,thalamocortical,2.2142794,3.8157635
2218,864691136120465944,train,thalamocortical,thalamocortical,5.2963724,5.0841804
43,864691136177799686,train,L4IT,pyramidal,5.161596,9.144619
230,864691136953958879,train,L2IT,pyramidal,7.938957,7.9605145
573,864691136372954248,test,NglFam,NglFam,4.1861687,6.178794
241,864691135839999379,train,BipFam,BipFam,4.2678,4.5911546
6078,864691135592837899,train,BasketFam,BasketFam,0.1081415,5.7839465
1283,864691135119709149,train,L3IT,pyramidal,5.584704,8.096433
693,864691135741960340,train,BasketFam,BasketFam,-0.6524861,4.0185375
250,864691135273918993,test,L2IT,pyramidal,8.687567,8.102592
678,864691136273370302,train,NglFam,NglFam,9.819059,8.62049
1394,864691136011485614,test,BasketFam,BasketFam,0.5023508,5.5528812
749,864691136091233847,train,thalamocortical,thalamocortical,1.7266084,5.5650935
709,864691136090632503,train,L5IT,pyramidal,8.275727,9.508002
427,864691136239793212,test,NglFam,NglFam,9.027051,8.810932
2118,864691136336192947,train,BasketFam,BasketFam,0.3434405,3.9224205
254,864691136196240342,test,BipFam,BipFam,4.6427703,4.619874
1488,864691135503782210,test,BipFam,BipFam,4.552488,10.479628
183,864691135561699041,train,MartFam,MartFam,3.394082,5.674205
1221,864691135783317840,train,thalamocortical,thalamocortical,5.810116,4.5412903
3248,864691136034487483,train,BasketFam,BasketFam,-0.09995992,3.5529473
2552,864691136905941426,train,BasketFam,BasketFam,-0.7664422,5.0017676
965,864691135106309709,train,NglFam,NglFam,9.659416,8.130459
2833,864691135755605197,train,thalamocortical,thalamocortical,3.7464302,6.208027
0,864691136336204979,train,NglFam,NglFam,6.305143,2.6667135
2556,864691135464991645,train,thalamocortical,thalamocortical,6.1963115,5.474478
2545,864691136288755395,train,thalamocortical,thalamocortical,1.6291752,7.2205124
1879,864691135456535658,train,MartFam,MartFam,5.190803,3.20927
480,864691135132887456,test,NglFam,NglFam,8.987657,3.9067335
481,864691135778132576,train,L5IT,pyramidal,8.156988,8.362594
2899,864691135659538306,train,thalamocortical,thalamocortical,2.286746,5.5043135
1013,864691135492600167,train,BasketFam,BasketFam,-0.2718958,4.0120916
1095,864691135503836253,train,L4IT,pyramidal,7.6093955,7.504966
25,864691136137064075,train,BipFam,BipFam,7.5734,9.858683
3550,864691136298913563,train,MartFam,MartFam,9.369642,3.2515352
96,864691135693735103,train,NglFam,NglFam,9.122553,9.174707
1376,864691135866821340,train,thalamocortical,thalamocortical,2.1245222,4.712313
4810,864691134886037498,train,MartFam,MartFam,1.0715148,6.704047
1240,864691135060784027,test,thalamocortical,thalamocortical,2.496325,8.523139
114,864691135866751870,train,L5IT,pyramidal,7.206081,8.195308
2606,864691136298913563,train,MartFam,MartFam,8.159449,2.9795876
358,864691136227297105,train,MartFam,MartFam,7.5821133,4.5833397
2032,864691135499616019,train,BasketFam,BasketFam,-0.9259371,5.9895043
1824,864691135294194358,train,thalamocortical,thalamocortical,7.3323393,7.7290673
536,864691134966621471,train,MartFam,MartFam,8.860933,8.795376
483,864691136137210507,train,BipFam,BipFam,8.400613,7.022749
391,864691135137137433,test,L4IT,pyramidal,7.2421465,6.5510464
2711,864691135446065810,train,MartFam,MartFam,3.9524388,9.398329
3402,864691136011485614,test,BasketFam,BasketFam,-0.45140412,5.997736
518,864691136424990255,train,L6IT,pyramidal,8.681089,8.06304
1742,864691135343509701,train,MartFam,MartFam,9.27901,7.6920934
624,864691136034487739,train,BasketFam,BasketFam,-0.13429295,4.565973
2576,864691135764678198,test,MartFam,MartFam,3.3393738,4.7652745
235,864691134966249759,train,thalamocortical,thalamocortical,4.229074,8.407412
798,864691134887444986,test,NglFam,NglFam,7.6770353,4.159376
667,864691134942595939,train,BasketFam,BasketFam,0.60192895,7.803862
4391,864691135119335645,train,thalamocortical,thalamocortical,2.0626674,6.7255993
2552,864691137022180974,test,MartFam,MartFam,2.6218493,7.564542
243,864691135592678411,train,BipFam,BipFam,5.423459,6.6621842
520,864691136033871035,train,thalamocortical,thalamocortical,3.3197124,7.117887
10462,864691135271967397,train,MartFam,MartFam,2.5177171,4.2963233
2695,864691135941789606,train,BasketFam,BasketFam,0.3702135,4.424633
770,864691135339982310,train,BasketFam,BasketFam,0.21204779,5.735639
1059,864691135990793216,train,MartFam,MartFam,8.919359,3.8650427
135,864691135369651193,train,BipFam,BipFam,3.639297,6.809498
678,864691136438372254,train,BipFam,BipFam,5.31804,5.093475
3607,864691135235206489,train,MartFam,MartFam,3.3159232,5.871069
1046,864691135464991645,train,thalamocortical,thalamocortical,3.4751773,5.788414
57,864691135693735103,train,NglFam,NglFam,4.087409,10.495977
1135,864691135336840425,train,BasketFam,BasketFam,-0.50331396,6.1687684
612,864691136086632812,train,NglFam,NglFam,7.292863,3.451024
821,864691135977010031,test,L4IT,pyramidal,4.810955,8.6157
2863,864691135689015264,train,thalamocortical,thalamocortical,3.345527,7.513742
489,864691136288752835,train,thalamocortical,thalamocortical,2.2647166,6.84939
2842,864691137056216950,train,MartFam,MartFam,2.1451457,6.7282114
304,864691135755605197,train,thalamocortical,thalamocortical,2.3515205,5.995351
145,864691135132887456,test,NglFam,NglFam,4.209414,3.736109
616,864691136137210507,train,BipFam,BipFam,3.8858776,7.2760544
9292,864691136067404440,test,MartFam,MartFam,4.0596957,5.1177244
985,864691135742826603,train,BipFam,BipFam,7.1719103,4.991582
137,864691135877954899,train,L6IT,pyramidal,7.223065,9.504318
947,864691135939949365,train,L4IT,pyramidal,5.982076,9.751879
449,864691136238679567,test,L3IT,pyramidal,4.1342406,9.491218
70,864691135868142870,test,L6CT,pyramidal,8.424354,7.850077
613,864691135106309709,train,NglFam,NglFam,7.5552835,6.5366597
558,864691135275949029,train,L2IT,pyramidal,6.1263385,6.7335253
2663,864691135778290109,train,BasketFam,BasketFam,0.2599941,4.0539947
2099,864691135659538306,train,thalamocortical,thalamocortical,2.8520105,5.5973864
5474,864691135477104960,train,thalamocortical,thalamocortical,5.113345,6.7412586
749,864691134990847098,train,BasketFam,BasketFam,0.06741974,4.4141383
209,864691136390828919,train,MartFam,MartFam,5.5908327,6.630838
358,864691135840033171,train,NglFam,NglFam,3.1955118,5.73246
1284,864691136195284556,train,MartFam,MartFam,3.902149,7.1455975
1949,864691136489623826,train,BasketFam,BasketFam,-0.5186469,3.6096294
3597,864691135294194358,train,thalamocortical,thalamocortical,5.539783,6.5004935
1635,864691135566979927,train,MartFam,MartFam,8.628927,6.9007144
6,864691136137064075,train,BipFam,BipFam,5.2490478,9.807834
3986,864691135892233097,train,BasketFam,BasketFam,0.3955779,5.6339006
473,864691136137168779,train,BipFam,BipFam,3.6499944,10.200361
2649,864691136312057178,train,BasketFam,BasketFam,0.5428383,6.6730113
196,864691136034412219,train,MartFam,MartFam,3.1001766,5.736208
97,864691135719900721,test,L4IT,pyramidal,8.474785,7.2312884
777,864691136005322698,test,BasketFam,BasketFam,4.25525,6.513564
4813,864691135362357319,train,BasketFam,BasketFam,-0.6631112,5.950323
6353,864691135739131780,train,MartFam,MartFam,4.7895675,2.4078557
331,864691135689555680,train,NglFam,NglFam,2.9800596,6.924796
1072,864691135115058329,train,BasketFam,BasketFam,0.30469587,8.133341
2814,864691135271970725,train,BasketFam,BasketFam,0.26257962,4.5401063
743,864691134887444986,test,NglFam,NglFam,3.3937612,8.413137
4622,864691135997140906,train,BipFam,BipFam,7.5512037,6.5078664
645,864691135756844242,test,MartFam,MartFam,6.0210376,2.5534568
6250,864691136914542577,train,MartFam,MartFam,4.0472174,2.4689915
1004,864691135431441968,train,thalamocortical,thalamocortical,5.6220503,8.230141
122,864691136391024144,train,NglFam,NglFam,3.424748,8.042012
428,864691135503004765,train,BipFam,BipFam,8.757311,5.223849
591,864691135215078712,train,BipFam,BipFam,5.943622,6.0714655
832,864691136425073455,train,L5IT,pyramidal,3.8414536,8.056831
592,864691135430749232,train,L4IT,pyramidal,7.074108,9.262859
168,864691135309733190,train,NglFam,NglFam,6.81649,5.9831457
7584,864691135346954143,train,MartFam,MartFam,3.4869394,2.7984393
4738,864691135778081453,train,thalamocortical,thalamocortical,2.181125,8.09984
1476,864691136372954248,test,NglFam,NglFam,4.3425546,7.0400653
2684,864691135659538306,train,thalamocortical,thalamocortical,2.1195319,8.478912
762,864691135866427006,train,L5IT,pyramidal,9.308851,4.9349604
9091,864691135720572977,train,MartFam,MartFam,8.315389,7.7117934
842,864691135977768259,train,BasketFam,BasketFam,-0.43653876,6.683571
905,864691136137210507,train,BipFam,BipFam,4.9507766,8.200632
162,864691136010651052,train,L2IT,pyramidal,8.869333,5.650309
5034,864691135689296608,train,BasketFam,BasketFam,-0.40026498,5.255034
324,864691136239793212,test,NglFam,NglFam,9.271103,8.348188
1265,864691135113360025,test,BasketFam,BasketFam,7.7263246,10.431676
1748,864691135271967397,train,MartFam,MartFam,3.883721,2.3759553
5016,864691135369668089,train,BasketFam,BasketFam,7.615055,10.4194975
3585,864691136007059658,test,BipFam,BipFam,6.998581,3.4334123
559,864691134887444986,test,NglFam,NglFam,7.9419875,4.0268984
1104,864691136925008100,train,BipFam,BipFam,4.795307,8.941599
943,864691136484972332,train,L3IT,pyramidal,8.667093,7.5957346
1622,864691136372954248,test,NglFam,NglFam,5.8988585,5.309092
584,864691135741874836,test,L2IT,pyramidal,8.766646,9.182371
192,864691135878586963,test,thalamocortical,thalamocortical,3.9333527,6.082076
1396,864691135720572977,train,MartFam,MartFam,6.314235,3.102643
4659,864691136391023120,train,BasketFam,BasketFam,0.07597315,6.701898
601,864691136145572404,train,BipFam,BipFam,7.3199105,8.18799
444,864691135685030130,train,thalamocortical,thalamocortical,6.091005,9.070676
878,864691136521831825,train,L5IT,pyramidal,5.421401,8.592213
223,864691135732318393,train,L2IT,pyramidal,4.1934433,9.4738655
1684,864691135742895723,test,BipFam,BipFam,-0.3260677,6.115503
888,864691135742826603,train,BipFam,BipFam,5.644133,4.7678547
402,864691136372954248,test,NglFam,NglFam,3.3742752,7.058102
3964,864691135387529301,test,BasketFam,BasketFam,4.546967,8.275453
4407,864691136489623826,train,BasketFam,BasketFam,5.5119576,7.643392
2046,864691135782873936,test,thalamocortical,thalamocortical,2.004699,5.2712717
309,864691135492665959,train,MartFam,MartFam,4.4027414,7.0322385
1555,864691135755605197,train,thalamocortical,thalamocortical,3.177652,5.6429543
401,864691135342848433,train,L4IT,pyramidal,9.377602,9.435996
169,864691136523889553,train,BasketFam,BasketFam,-0.15366866,4.6387825
1281,864691135342958789,train,L4IT,pyramidal,6.73687,7.3237877
673,864691136229363025,train,L4IT,pyramidal,8.713034,8.850221
1095,864691135470860370,test,BipFam,BipFam,0.579533,5.108735
2966,864691135294194358,train,thalamocortical,thalamocortical,5.4369316,5.475417
612,864691135689555680,train,NglFam,NglFam,5.982058,5.1106186
190,864691135640672571,train,L4IT,pyramidal,4.4190297,9.725351
192,864691135866821340,train,thalamocortical,thalamocortical,2.1479146,8.55984
3484,864691136091233847,train,thalamocortical,thalamocortical,4.5979733,5.7548394
61,864691135384285931,train,L4IT,pyramidal,6.9842086,7.0202994
3,864691135465503813,train,L5ET,pyramidal,6.4820666,9.283081
99,864691135106309709,train,NglFam,NglFam,5.812545,8.764714
4751,864691135689015264,train,thalamocortical,thalamocortical,5.420005,4.2941804
74,864691136086632812,train,NglFam,NglFam,6.9950833,2.959273
6026,864691135464991645,train,thalamocortical,thalamocortical,2.6665437,5.7549424
672,864691135703016059,train,MartFam,MartFam,4.7025747,2.6468449
546,864691135545730856,train,BipFam,BipFam,5.095154,6.6168475
1370,864691135689015264,train,thalamocortical,thalamocortical,3.1330256,9.162799
31,864691136138756221,train,BipFam,BipFam,9.378411,8.82099
859,864691136925008100,train,BipFam,BipFam,-0.0012166103,4.784516
231,864691135857099310,train,L6IT,pyramidal,9.485278,9.074299
12101,864691136914542577,train,MartFam,MartFam,3.7476592,2.513581
843,864691136012173475,test,BipFam,BipFam,5.661504,5.187011
349,864691135885194352,train,BasketFam,BasketFam,0.21061161,8.252595
2645,864691135783317840,train,thalamocortical,thalamocortical,3.7967484,5.570455
36,864691135616363211,train,L2IT,pyramidal,7.396127,6.429382
1602,864691136007128778,test,MartFam,MartFam,2.8975065,4.227885
170,864691135303514791,train,NglFam,NglFam,8.993152,2.7637887
93,864691134966249759,train,thalamocortical,thalamocortical,5.422258,5.5484204
853,864691135569282284,train,MartFam,MartFam,4.0316696,7.1762185
2377,864691135878586963,test,thalamocortical,thalamocortical,1.5855886,7.082543
7823,864691136330880234,train,MartFam,MartFam,4.523973,3.1259618
646,864691136273370302,train,NglFam,NglFam,9.756506,8.1457205
692,864691135566825495,train,BasketFam,BasketFam,0.57254505,8.777444
1969,864691135464991645,train,thalamocortical,thalamocortical,2.943534,7.20369
563,864691136372954248,test,NglFam,NglFam,3.4400775,7.3471255
1304,864691135362357319,train,BasketFam,BasketFam,1.2856698,7.5559306
785,864691134887444986,test,NglFam,NglFam,3.5588872,5.7897296
885,864691135456493418,test,BipFam,BipFam,6.1103334,8.03909
117,864691135689555680,train,NglFam,NglFam,5.6270723,4.148019
3499,864691136091233847,train,thalamocortical,thalamocortical,5.1302786,5.18883
3586,864691135689015264,train,thalamocortical,thalamocortical,3.684697,9.257281
195,864691136137168779,train,BipFam,BipFam,3.6694572,4.4722157
283,864691135280481697,train,L5IT,pyramidal,8.497155,9.530938
794,864691135562842337,test,L3IT,pyramidal,6.810775,7.6842937
2989,864691134886037498,train,MartFam,MartFam,3.2168348,4.0379734
420,864691135774179147,train,L2IT,pyramidal,8.582999,4.8455677
444,864691135741998484,train,L4IT,pyramidal,7.472554,6.467012
632,864691134887444986,test,NglFam,NglFam,3.9171548,6.610865
1151,864691136453186559,train,BasketFam,BasketFam,0.37883097,7.4755425
5792,864691136311213914,test,BasketFam,BasketFam,0.47679093,5.6832104
355,864691135810297885,train,BipFam,BipFam,4.4452834,10.384966
3325,864691135511861968,test,MartFam,MartFam,5.839944,8.427173
328,864691135939017525,train,L4IT,pyramidal,4.637898,8.355417
1883,864691135778116013,train,BasketFam,BasketFam,-1.0470128,4.8710294
389,864691136239793212,test,NglFam,NglFam,4.2804565,9.813543
15,864691136138756221,train,BipFam,BipFam,7.4644346,7.01268
1246,864691135447979922,train,BipFam,BipFam,7.7588167,4.7349715
320,864691135132887456,test,NglFam,NglFam,8.834957,3.7521172
2992,864691136390675216,train,BasketFam,BasketFam,4.81371,3.6694474
341,864691135839979667,train,MartFam,MartFam,2.8988652,7.5953364
3551,864691135119335645,train,thalamocortical,thalamocortical,4.5652046,4.038646
1185,864691136033871035,train,thalamocortical,thalamocortical,1.9830985,4.034212
250,864691135997140906,train,BipFam,BipFam,4.499744,9.443982
5509,864691135997428394,test,thalamocortical,thalamocortical,2.2729888,6.215474
2948,864691135492600167,train,BasketFam,BasketFam,0.58002084,8.229941
11708,864691135779780797,test,MartFam,MartFam,5.34319,3.2188296
171,864691135566824983,test,BipFam,BipFam,7.550905,4.618571
812,864691136013367715,test,L3IT,pyramidal,5.0493627,5.642476
886,864691135878154067,train,BasketFam,BasketFam,7.2160764,10.483604
821,864691135742826603,train,BipFam,BipFam,4.2678137,6.5248523
315,864691136025992761,train,BipFam,BipFam,4.75586,10.072389
7561,864691135618332265,train,BasketFam,BasketFam,0.054340914,8.115924
602,864691135810297885,train,BipFam,BipFam,6.669374,7.5472302
18,864691135518791818,train,BasketFam,BasketFam,0.5792202,8.763917
657,864691135688823008,train,L6IT,pyramidal,4.7830315,9.069099
191,864691136012173475,test,BipFam,BipFam,4.030791,8.728299
1286,864691136372954248,test,NglFam,NglFam,7.67853,6.3315983
488,864691135431441968,train,thalamocortical,thalamocortical,6.7373843,5.971486
492,864691136391024144,train,NglFam,NglFam,5.841009,7.163852
1153,864691135866821340,train,thalamocortical,thalamocortical,5.4871736,8.447413
316,864691136273370302,train,NglFam,NglFam,6.1013207,8.996374
2256,864691135387277397,test,thalamocortical,thalamocortical,8.13406,7.6149225
427,864691135528193883,test,BipFam,BipFam,8.469528,7.469311
70,864691135774221643,train,MartFam,MartFam,4.4340467,3.065501
190,864691136125840678,test,L6CT,pyramidal,9.069621,9.093086
2178,864691135271970725,train,BasketFam,BasketFam,0.25628144,4.720689
424,864691136138756221,train,BipFam,BipFam,8.04501,7.6856256
1428,864691135885194352,train,BasketFam,BasketFam,-0.27866346,7.5796304
1530,864691135878586963,test,thalamocortical,thalamocortical,9.254029,8.877229
14,864691135778773856,train,BipFam,BipFam,8.207138,9.807269
259,864691135060882843,train,L4IT,pyramidal,8.848398,5.068631
1166,864691135774221643,train,MartFam,MartFam,2.8174372,7.5881066
450,864691135132887456,test,NglFam,NglFam,8.924796,3.273797
1001,864691136364166370,train,BipFam,BipFam,6.057817,8.339439
2883,864691135496444816,train,BasketFam,BasketFam,-0.75024444,5.1323957
282,864691135764015926,train,L3IT,pyramidal,6.156481,8.368389
2976,864691136195284556,train,MartFam,MartFam,3.4602861,3.8841472
123,864691135384716762,train,MartFam,MartFam,5.1988916,4.4913177
271,864691136991202453,train,L5ET,pyramidal,3.631015,9.648485
222,864691135375655880,train,BipFam,BipFam,4.1420536,9.779767
9793,864691135703016059,train,MartFam,MartFam,5.493635,2.8686497
3012,864691135997140906,train,BipFam,BipFam,9.141385,5.2109556
1055,864691135582973549,train,L4IT,pyramidal,6.2814784,5.1231546
571,864691136100014453,train,BipFam,BipFam,4.963059,6.171141
889,864691135689555680,train,NglFam,NglFam,6.226418,5.5012026
679,864691136118294692,train,thalamocortical,thalamocortical,4.139546,4.9716897
310,864691136391024144,train,NglFam,NglFam,3.000141,7.6273646
832,864691136814025587,train,BasketFam,BasketFam,0.7103209,4.29266
5056,864691136619344859,test,BasketFam,BasketFam,-0.31496838,4.1255674
1986,864691135448017554,train,BasketFam,BasketFam,0.3766893,5.6369853
869,864691136372954248,test,NglFam,NglFam,7.7800317,8.369461
4244,864691135997428394,test,thalamocortical,thalamocortical,1.6967173,5.394137
33,864691135518510218,train,NglFam,NglFam,8.726467,2.7839336
836,864691136007059658,test,BipFam,BipFam,4.1218057,6.1260896
119,864691135132887456,test,NglFam,NglFam,9.085607,2.8139281
1711,864691136489623826,train,BasketFam,BasketFam,0.08959148,8.100664
554,864691135134585248,train,BipFam,BipFam,4.8112073,7.187519
1496,864691136372954248,test,NglFam,NglFam,5.5994344,4.2441316
2441,864691135755605197,train,thalamocortical,thalamocortical,2.0429423,4.9138923
987,864691135546339880,train,L4IT,pyramidal,5.044116,7.2522397
6073,864691134886037498,train,MartFam,MartFam,2.712397,4.2518373
7,864691135954940424,train,BipFam,BipFam,5.500757,10.023707
2381,864691136053350131,test,thalamocortical,thalamocortical,1.5257155,6.627832
1562,864691135339982310,train,BasketFam,BasketFam,0.119297996,5.2973666
4386,864691136007059658,test,BipFam,BipFam,6.0397573,3.958288
421,864691136239793212,test,NglFam,NglFam,6.6571918,3.4399424
3300,864691136007059658,test,BipFam,BipFam,6.1696806,4.9113436
2241,864691135210443897,train,BasketFam,BasketFam,-0.07914691,3.5132585
5654,864691136905941426,train,BasketFam,BasketFam,0.17913663,3.6432037
505,864691135106309709,train,NglFam,NglFam,4.342506,8.320544
819,864691136364166370,train,BipFam,BipFam,5.82131,7.2960525
235,864691136445557123,test,L4IT,pyramidal,7.9654117,9.815194
79,864691136273370302,train,NglFam,NglFam,4.395555,10.088458
185,864691135852637127,train,L6IT,pyramidal,8.650203,9.857465
973,864691135562950369,train,BipFam,BipFam,6.95499,5.67375
64,864691136041000190,train,L6IT,pyramidal,5.329864,9.884463
572,864691135215254584,train,L4IT,pyramidal,6.747001,5.8289156
3581,864691136524014993,train,BasketFam,BasketFam,0.8066765,6.8943496
1413,864691135755605197,train,thalamocortical,thalamocortical,2.184161,6.7230325
199,864691135106309709,train,NglFam,NglFam,9.722701,9.09976
2784,864691136007059658,test,BipFam,BipFam,7.8304424,5.4962177
502,864691135343506885,train,BipFam,BipFam,4.009801,8.383534
35,864691135695042751,train,L6IT,pyramidal,5.997349,8.582878
101,864691135211926464,train,L4IT,pyramidal,4.3603454,9.748342
246,864691135503182685,train,L5ET,pyramidal,4.806717,9.697969
3432,864691136091233847,train,thalamocortical,thalamocortical,5.606344,5.126382
1287,864691135409856713,train,BasketFam,BasketFam,-0.86109865,5.331822
1476,864691135755605197,train,thalamocortical,thalamocortical,3.2517273,8.520649
86,864691135739131780,train,MartFam,MartFam,2.968043,3.6562684
601,864691135463999294,train,BasketFam,BasketFam,0.27282807,8.2258835
4947,864691136595955362,train,MartFam,MartFam,3.8767927,3.4639142
681,864691135271343525,train,BipFam,BipFam,3.5691025,7.0187526
169,864691135132887456,test,NglFam,NglFam,4.7288885,4.4590344
95,864691135755707597,train,BipFam,BipFam,6.2410116,4.0134516
5212,864691136033871035,train,thalamocortical,thalamocortical,5.2316613,4.711365
299,864691135689555680,train,NglFam,NglFam,2.6561463,5.048973
14103,864691136914542577,train,MartFam,MartFam,3.3520994,4.6797357
458,864691135466236229,train,L4IT,pyramidal,6.6444426,4.7903085
821,864691136138756221,train,BipFam,BipFam,8.318902,7.343646
1359,864691136372954248,test,NglFam,NglFam,4.119595,3.8349805
73,864691135134585248,train,BipFam,BipFam,2.8291168,6.1361833
308,864691135993150913,train,L3IT,pyramidal,6.3045278,8.6562
368,864691137022180974,test,MartFam,MartFam,4.609072,4.6374173
524,864691136288755395,train,thalamocortical,thalamocortical,2.379276,7.377412
989,864691135741889940,train,BasketFam,BasketFam,0.40502003,5.079458
3333,864691136007059658,test,BipFam,BipFam,6.79229,8.499291
1470,864691135464946757,test,BasketFam,BasketFam,0.0056201373,7.6128798
4117,864691136392682879,train,BasketFam,BasketFam,-0.6040363,3.5213168
227,864691136042515798,train,L6IT,pyramidal,8.877876,9.852936
2097,864691135685030130,train,thalamocortical,thalamocortical,6.1918745,8.230834
161,864691136914542577,train,MartFam,MartFam,3.0932744,5.292911
347,864691135885996912,train,BipFam,BipFam,6.250687,9.866776
111,864691136974876956,test,L5ET,pyramidal,4.843012,6.101965
87,864691135369651193,train,BipFam,BipFam,3.880546,7.5482903
810,864691135866821340,train,thalamocortical,thalamocortical,1.8223635,5.527093
3452,864691135853090503,test,BasketFam,BasketFam,-1.3333211,5.001448
6179,864691136390905207,train,MartFam,MartFam,4.8678102,4.6813297
64,864691134887444986,test,NglFam,NglFam,6.1664996,2.948716
9072,864691135779780797,test,MartFam,MartFam,5.5619626,3.77596
1895,864691136330880234,train,MartFam,MartFam,6.2648587,2.991693
5180,864691135294194358,train,thalamocortical,thalamocortical,1.8832916,6.179667
2601,864691135470255698,train,thalamocortical,thalamocortical,1.8385363,5.864557
2874,864691136312445786,train,BasketFam,BasketFam,-0.8973597,3.7733793
1695,864691135742895723,test,BipFam,BipFam,2.1691613,8.291466
4965,864691136007059658,test,BipFam,BipFam,6.728615,5.1365776
241,864691135727686463,train,BipFam,BipFam,6.640237,3.365898
1925,864691136007059658,test,BipFam,BipFam,6.2530375,6.9940867
3288,864691136268801012,test,BasketFam,BasketFam,-0.8894747,4.014799
659,864691136137168779,train,BipFam,BipFam,3.2817,9.528701
2,864691135395833333,train,BipFam,BipFam,4.647739,7.4735594
2816,864691135689015264,train,thalamocortical,thalamocortical,5.5672703,4.900841
420,864691135703164283,train,L4IT,pyramidal,7.6740174,6.9024653
396,864691135577749022,train,L2IT,pyramidal,3.7991688,4.9409084
222,864691136742244188,train,L4IT,pyramidal,8.2541895,9.613012
3328,864691135616183499,train,BasketFam,BasketFam,0.40391478,7.549225
497,864691135106309709,train,NglFam,NglFam,9.124366,9.352092
261,864691135134585248,train,BipFam,BipFam,6.335064,8.301442
4275,864691135343509701,train,MartFam,MartFam,5.298358,2.666508
501,864691135493665631,train,L4IT,pyramidal,4.8410788,6.097457
138,864691136391024144,train,NglFam,NglFam,2.621659,5.16116
3428,864691135685250546,train,BasketFam,BasketFam,-0.18240273,5.0298157
44,864691136086632812,train,NglFam,NglFam,7.3120832,5.072603
658,864691136372954248,test,NglFam,NglFam,3.4533818,6.002495
92,864691135503004765,train,BipFam,BipFam,8.448161,5.0224485
7710,864691135477104960,train,thalamocortical,thalamocortical,5.396308,5.4633656
168,864691135369651193,train,BipFam,BipFam,8.544333,7.633758
1661,864691135387551061,train,BasketFam,BasketFam,7.1367536,3.8523505
793,864691135375888840,train,L4IT,pyramidal,4.7573795,10.227
4182,864691135875919502,test,MartFam,MartFam,2.827076,3.8397992
2784,864691136053350131,test,thalamocortical,thalamocortical,1.9778678,5.395147
43,864691135742895723,test,BipFam,BipFam,2.858586,5.8272758
1046,864691135592837899,train,BasketFam,BasketFam,-0.34286046,4.4935884
2941,864691135954582563,train,MartFam,MartFam,7.0046716,7.6431684
610,864691136391042167,train,L3IT,pyramidal,3.996401,4.9434576
470,864691135113360025,test,BasketFam,BasketFam,7.3903046,10.512298
922,864691135912137641,train,BasketFam,BasketFam,1.0543214,8.11419
1042,864691135235206489,train,MartFam,MartFam,8.684854,4.6510034
6779,864691135779780797,test,MartFam,MartFam,4.12262,4.7529945
114,864691136273370302,train,NglFam,NglFam,9.308907,7.908822
1246,864691136487168530,train,MartFam,MartFam,3.8914704,10.406108
2190,864691136033871035,train,thalamocortical,thalamocortical,3.4240828,6.241099
772,864691135689555680,train,NglFam,NglFam,4.6487722,7.8703866
705,864691136603935441,train,BasketFam,BasketFam,-0.5250106,5.736889
1081,864691135431441968,train,thalamocortical,thalamocortical,2.0638368,6.9311805
6038,864691135689015264,train,thalamocortical,thalamocortical,1.982934,5.8368754
4177,864691135294194358,train,thalamocortical,thalamocortical,4.987715,4.958613
4863,864691135689015264,train,thalamocortical,thalamocortical,5.7171464,4.951783
102,864691135395833333,train,BipFam,BipFam,6.8032956,5.326983
808,864691135503782210,test,BipFam,BipFam,5.4746346,6.02718
2435,864691135689015264,train,thalamocortical,thalamocortical,5.5967526,8.668461
238,864691135309733190,train,NglFam,NglFam,9.005545,3.561528
1146,864691136120465944,train,thalamocortical,thalamocortical,1.9221313,5.3104944
822,864691135810495005,train,BasketFam,BasketFam,-0.4761079,4.7981215
2050,864691135954582563,train,MartFam,MartFam,8.546758,4.155511
38,864691135465900101,train,BipFam,BipFam,4.332108,7.5442457
2889,864691135954582563,train,MartFam,MartFam,9.453368,9.447297
1834,864691136011549614,train,BipFam,BipFam,6.6255684,3.5822089
4741,864691136268801012,test,BasketFam,BasketFam,-0.6195514,6.0219264
62,864691135258509487,train,L3IT,pyramidal,3.8009195,10.441482
2164,864691136523971473,train,BipFam,BipFam,7.55058,5.540497
6801,864691135212863360,train,MartFam,MartFam,8.118915,3.9417648
903,864691135343506885,train,BipFam,BipFam,6.920257,3.8316505
339,864691135101595680,test,L4IT,pyramidal,6.315558,8.520316
1824,864691135470255698,train,thalamocortical,thalamocortical,3.4822032,5.061274
244,864691136524282001,train,NglFam,NglFam,4.118709,3.4677768
463,864691136523081105,train,L4IT,pyramidal,6.5543833,6.814229
158,864691135447979922,train,BipFam,BipFam,3.6725674,3.9874895
338,864691135660772080,train,MartFam,MartFam,4.122627,4.527635
1479,864691136372954248,test,NglFam,NglFam,5.3802376,3.0337675
822,864691136033871035,train,thalamocortical,thalamocortical,5.02669,4.57432
78,864691135764644150,train,BipFam,BipFam,6.94199,7.4464054
4662,864691135477104960,train,thalamocortical,thalamocortical,2.1381552,6.3638687
2025,864691135756844242,test,MartFam,MartFam,7.39121,3.674383
1249,864691135577202181,train,MartFam,MartFam,4.8080244,3.907113
134,864691136391024144,train,NglFam,NglFam,2.9360423,6.938854
1098,864691135474086450,train,BasketFam,BasketFam,-0.27675173,3.7113779
13075,864691135271967397,train,MartFam,MartFam,0.12148285,7.1564775
623,864691135576872222,train,L4IT,pyramidal,7.582699,8.388108
874,864691135325426076,train,MartFam,MartFam,3.590899,3.083448
3244,864691135755605197,train,thalamocortical,thalamocortical,6.317284,4.1961126
1857,864691136138779517,train,L2IT,pyramidal,4.7334213,8.001324
169,864691135293096118,train,NglFam,NglFam,5.6967316,7.2670283
40,864691135755605197,train,thalamocortical,thalamocortical,1.9954736,6.2813077
2454,864691135875919502,test,MartFam,MartFam,4.9957104,2.962772
2429,864691135839979667,train,MartFam,MartFam,5.6851907,3.2328887
374,864691135464143934,train,L3IT,pyramidal,8.848942,9.365404
729,864691135641196091,train,MartFam,MartFam,8.528239,4.894396
3095,864691135858282030,train,MartFam,MartFam,2.6748223,8.374254
1581,864691136091233847,train,thalamocortical,thalamocortical,3.483651,5.447149
219,864691135132887456,test,NglFam,NglFam,8.506225,5.8845267
2738,864691135325426076,train,MartFam,MartFam,3.588177,5.202242
25,864691135387551061,train,BasketFam,BasketFam,-0.4860484,5.4910226
1512,864691136312076122,train,MartFam,MartFam,4.8745637,2.2705953
3124,864691136118294692,train,thalamocortical,thalamocortical,2.1493056,6.6698813
396,864691135689555680,train,NglFam,NglFam,4.6838026,4.173936
1523,864691136145572404,train,BipFam,BipFam,0.52937824,6.1041484
70,864691136111294648,train,L4IT,pyramidal,6.247992,6.557125
120,864691135787537348,train,L4IT,pyramidal,7.3641896,6.769139
598,864691135119636189,train,BasketFam,BasketFam,-0.4743839,3.6352944
87,864691135408788169,test,L4IT,pyramidal,6.698266,5.8655577
2664,864691135878586963,test,thalamocortical,thalamocortical,1.2882718,7.1670394
205,864691134920000010,train,BasketFam,BasketFam,1.2263024,8.165819
513,864691136273370302,train,NglFam,NglFam,3.635703,9.107057
3987,864691135996104618,train,BasketFam,BasketFam,0.5215831,4.429532
1944,864691135920776624,train,MartFam,MartFam,6.40508,4.281233
159,864691135293096118,train,NglFam,NglFam,4.4465604,5.9466143
1314,864691135387277397,test,thalamocortical,thalamocortical,3.229539,9.426262
1364,864691135928029966,train,thalamocortical,thalamocortical,5.6663184,8.255761
152,864691134942595939,train,BasketFam,BasketFam,0.4371374,5.872082
1940,864691136120465944,train,thalamocortical,thalamocortical,2.2037642,8.207317
1688,864691135113360025,test,BasketFam,BasketFam,0.31264374,8.630426
2302,864691135866821340,train,thalamocortical,thalamocortical,1.6012653,5.490565
675,864691135885917808,train,BasketFam,BasketFam,-0.589783,3.446683
634,864691135305643175,train,L4IT,pyramidal,4.459833,10.035347
376,864691136579434260,train,L6IT,pyramidal,5.0465174,9.419495
684,864691136137210507,train,BipFam,BipFam,3.942717,4.2331815
157,864691135857976366,train,BipFam,BipFam,5.2673173,4.3301954
3874,864691135477104960,train,thalamocortical,thalamocortical,8.110927,4.253283
606,864691136595955362,train,MartFam,MartFam,4.2390656,9.155599
1848,864691135470860370,test,BipFam,BipFam,4.8562994,3.5814772
1848,864691135447979922,train,BipFam,BipFam,4.3574495,5.1858053
8899,864691136011485614,test,BasketFam,BasketFam,-0.005051364,8.2444935
1549,864691135742895723,test,BipFam,BipFam,2.3127725,6.6951857
756,864691135405337326,test,L3IT,pyramidal,9.130974,8.560606
832,864691135084038647,train,MartFam,MartFam,5.4297266,6.4768467
5718,864691136381324501,train,BasketFam,BasketFam,-0.83550316,5.3621316
1448,864691135118298333,train,MartFam,MartFam,8.431487,6.5791817
4932,864691136033871035,train,thalamocortical,thalamocortical,4.5153413,8.231147
680,864691135941829121,test,BasketFam,BasketFam,0.18271889,8.254781
661,864691136273370302,train,NglFam,NglFam,5.3859687,10.086674
893,864691135342585541,train,L4IT,pyramidal,6.490903,7.975244
105,864691134887444986,test,NglFam,NglFam,3.5072618,5.3888
166,864691135990564864,train,NglFam,NglFam,8.655336,3.8459697
202,864691135995711402,train,BipFam,BipFam,5.9768305,4.378035
4539,864691135689015264,train,thalamocortical,thalamocortical,4.2355833,5.246724
4588,864691135920591792,train,BasketFam,BasketFam,-0.46758085,6.9632773
314,864691135503448898,train,L6IT,pyramidal,9.100335,9.88771
376,864691136391024144,train,NglFam,NglFam,4.2296157,6.926242
1174,864691135595810859,train,BasketFam,BasketFam,1.0403984,3.9884338
1543,864691136007059658,test,BipFam,BipFam,4.3345566,9.714222
3480,864691135464991645,train,thalamocortical,thalamocortical,2.099873,6.7994485
5701,864691135480702662,train,MartFam,MartFam,4.5332036,3.1459131
5558,864691135210446457,train,MartFam,MartFam,5.2150397,2.5375364
88,864691135448212882,train,L4IT,pyramidal,7.7162075,7.9080577
6008,864691136603935441,train,BasketFam,BasketFam,0.28675124,5.8422384
229,864691135946994785,train,BasketFam,BasketFam,4.0260267,7.033848
4272,864691135456535658,train,MartFam,MartFam,6.1443977,3.263155
226,864691135731889337,train,L3IT,pyramidal,5.819222,8.848852
2675,864691135577202181,train,MartFam,MartFam,5.1649265,4.5108447
27,864691136025992761,train,BipFam,BipFam,8.31727,7.9093857
403,864691136145572404,train,BipFam,BipFam,2.7875533,8.374297
2557,864691136138695549,train,BasketFam,BasketFam,-0.051419374,6.15806
119,864691135810495005,train,BasketFam,BasketFam,-1.131484,3.9638562
102,864691135060784027,test,thalamocortical,thalamocortical,5.218683,6.876899
231,864691135455701354,train,L4IT,pyramidal,4.643046,10.261437
15,864691135810297885,train,BipFam,BipFam,3.4691186,8.591099
0,864691134887444986,test,NglFam,NglFam,6.1952167,5.2006392
1641,864691136372954248,test,NglFam,NglFam,0.5583201,5.5441027
369,864691135339729894,train,L4IT,pyramidal,6.3338385,7.79648
528,864691136021865976,train,L3IT,pyramidal,3.3268518,6.245781
508,864691135742097044,train,L4IT,pyramidal,6.8254447,6.2013917
4572,864691135470255698,train,thalamocortical,thalamocortical,2.9655476,6.0112405
124,864691135234582361,train,L6CT,pyramidal,5.4924936,6.156537
783,864691135732578745,train,L3IT,pyramidal,5.3102603,6.116929
1150,864691135562950369,train,BipFam,BipFam,6.398839,5.4115696
767,864691136314126653,train,BipFam,BipFam,6.5770965,5.376126
103,864691136579629844,train,L4IT,pyramidal,7.541157,6.945797
8043,864691135271970725,train,BasketFam,BasketFam,-0.095062405,3.5175714
997,864691135464991645,train,thalamocortical,thalamocortical,2.0143917,6.2549562
174,864691135470255698,train,thalamocortical,thalamocortical,1.6100774,6.9011497
269,864691135996891050,test,BipFam,BipFam,8.579932,7.5615106
2632,864691135875414414,train,BasketFam,BasketFam,5.623428,8.850698
598,864691136445968259,train,BasketFam,BasketFam,0.72228104,8.008301
4155,864691135464991645,train,thalamocortical,thalamocortical,1.3960588,6.6299653
810,864691136137064075,train,BipFam,BipFam,0.56712437,8.597354
1026,864691136034412219,train,MartFam,MartFam,8.693448,5.6970463
1839,864691136523971473,train,BipFam,BipFam,6.725906,3.7298183
172,864691136968429774,train,L4IT,pyramidal,7.5450544,8.55697
833,864691136372954248,test,NglFam,NglFam,3.5217206,3.9005985
576,864691136086632812,train,NglFam,NglFam,6.3711925,5.007807
1374,864691135997428394,test,thalamocortical,thalamocortical,1.9852346,4.0634537
8801,864691135756844242,test,MartFam,MartFam,9.309471,7.8194356
190,864691136118337956,train,L4IT,pyramidal,5.561741,6.265724
3846,864691136011485614,test,BasketFam,BasketFam,0.44565216,5.526666
2960,864691135702887291,train,BasketFam,BasketFam,-0.61241704,3.6128662
5952,864691136007128778,test,MartFam,MartFam,3.2222035,5.0906835
1163,864691135685030130,train,thalamocortical,thalamocortical,2.4555006,6.9724264
1278,864691136372954248,test,NglFam,NglFam,5.57051,4.727561
202,864691135545730856,train,BipFam,BipFam,8.171834,9.145569
332,864691136137210507,train,BipFam,BipFam,4.8606553,5.960643
4371,864691135294194358,train,thalamocortical,thalamocortical,4.6398377,7.3547215
1275,864691135562001633,train,MartFam,MartFam,5.845008,5.960818
7276,864691135939776309,train,MartFam,MartFam,5.622202,3.0190887
262,864691135993770945,test,BipFam,BipFam,4.484203,9.777498
1753,864691135685250546,train,BasketFam,BasketFam,-0.6654076,3.7578583
232,864691136364166370,train,BipFam,BipFam,7.2990294,9.749994
330,864691136086632812,train,NglFam,NglFam,5.006813,4.0294766
3301,864691136011733934,train,MartFam,MartFam,1.0481279,6.4698644
648,864691135346954143,train,MartFam,MartFam,2.7375634,3.9804718
319,864691136086632812,train,NglFam,NglFam,6.1633286,3.7842577
1303,864691136137168779,train,BipFam,BipFam,3.3732483,4.752953
137,864691135764946742,train,L6IT,pyramidal,7.519537,9.472875
121,864691135518791818,train,BasketFam,BasketFam,7.3547444,10.49572
2509,864691135294194358,train,thalamocortical,thalamocortical,1.7852088,5.9990964
1291,864691135470860370,test,BipFam,BipFam,9.773179,8.109848
4989,864691135212863360,train,MartFam,MartFam,3.4680047,4.638772
1036,864691136372954248,test,NglFam,NglFam,3.463938,4.70761
7934,864691135464991645,train,thalamocortical,thalamocortical,3.6535342,6.2412963
708,864691135763795510,test,L4IT,pyramidal,6.319653,7.2993126
2792,864691135878586963,test,thalamocortical,thalamocortical,1.6207505,7.0169215
1018,864691135584019053,test,MartFam,MartFam,7.5752482,4.5995693
916,864691135810297885,train,BipFam,BipFam,6.463185,9.082316
2716,864691135566979927,train,MartFam,MartFam,6.473208,3.3477297
1930,864691135118298333,train,MartFam,MartFam,8.4101305,4.3474803
3252,864691135659538306,train,thalamocortical,thalamocortical,2.2396724,5.210655
667,864691135857976366,train,BipFam,BipFam,3.7582679,8.155286
1020,864691136372954248,test,NglFam,NglFam,5.891141,5.186449
33,864691135943593332,train,L2IT,pyramidal,6.6830273,6.2585044
1229,864691135271343525,train,BipFam,BipFam,-0.4307106,4.5210304
2163,864691135920776624,train,MartFam,MartFam,8.916297,7.9935346
201,864691135102390816,train,L5IT,pyramidal,6.9846845,7.871642
6010,864691136145494068,train,BasketFam,BasketFam,-0.92432123,5.333303
10394,864691135779780797,test,MartFam,MartFam,3.8055193,4.161254
1359,864691135470255698,train,thalamocortical,thalamocortical,6.264564,7.009754
2382,864691135878586963,test,thalamocortical,thalamocortical,2.2269008,6.6219354
64,864691135446065810,train,MartFam,MartFam,4.7939305,7.252689
5661,864691135464991645,train,thalamocortical,thalamocortical,2.4105763,6.9980464
240,864691136336204979,train,NglFam,NglFam,9.2641325,4.422937
44,864691135742793835,train,MartFam,MartFam,7.4543247,7.690979
4503,864691136390675216,train,BasketFam,BasketFam,7.513077,4.806291
6185,864691135756844242,test,MartFam,MartFam,6.0796657,8.101505
1033,864691135478334888,train,BasketFam,BasketFam,6.637567,3.2558713
498,864691136123919654,train,BasketFam,BasketFam,0.0008669656,8.332544
64,864691136273370302,train,NglFam,NglFam,9.23584,7.854106
209,864691135742668395,train,MartFam,MartFam,9.148334,4.7776527
2956,864691136053350131,test,thalamocortical,thalamocortical,2.9943295,8.192546
1238,864691136523971473,train,BipFam,BipFam,4.9528685,5.878
484,864691135518173395,train,L4IT,pyramidal,6.7586,9.696895
441,864691135409859785,train,L5IT,pyramidal,6.3734775,5.7182436
1254,864691136312445786,train,BasketFam,BasketFam,0.7678216,4.338725
2084,864691135584019053,test,MartFam,MartFam,3.4292605,7.9737864
3296,864691135477104960,train,thalamocortical,thalamocortical,5.0423584,4.886004
1171,864691136814025587,train,BasketFam,BasketFam,-1.2713811,4.1760564
7562,864691135891796617,train,BasketFam,BasketFam,-0.17832315,3.7952783
508,864691135215023416,train,L4IT,pyramidal,7.308365,9.424971
133,864691136138779517,train,L2IT,pyramidal,6.3811717,8.711376
4131,864691135720572977,train,MartFam,MartFam,4.6552405,3.0892134
33,864691135397982753,train,L5IT,pyramidal,7.0755606,7.5638885
6145,864691136007059658,test,BipFam,BipFam,4.6940517,8.588718
2103,864691135398746401,train,MartFam,MartFam,4.6631436,6.856354
402,864691134887444986,test,NglFam,NglFam,7.5642347,5.1954975
421,864691134887444986,test,NglFam,NglFam,5.833052,3.09159
206,864691135060768923,test,BipFam,BipFam,4.5437756,8.926367
3811,864691135119335645,train,thalamocortical,thalamocortical,2.6552334,8.59766
7764,864691135779780797,test,MartFam,MartFam,5.3593893,2.831906
133,864691136239793212,test,NglFam,NglFam,5.6627774,9.741344
2732,864691135396720885,train,BasketFam,BasketFam,-0.46780646,4.413371
1745,864691135478434216,train,BasketFam,BasketFam,0.5057986,5.126193
1427,864691136145537844,train,BipFam,BipFam,5.6261883,8.241217
3015,864691135341516741,test,MartFam,MartFam,9.291784,4.102495
713,864691136273370302,train,NglFam,NglFam,8.424571,9.492636
2772,864691135271967397,train,MartFam,MartFam,4.4422793,2.1890595
177,864691135742895723,test,BipFam,BipFam,2.7943172,7.7765665
5346,864691135470255698,train,thalamocortical,thalamocortical,2.2254448,5.3097005
269,864691136239793212,test,NglFam,NglFam,9.692324,8.013747
6,864691136967869902,test,L6CT,pyramidal,7.269149,6.863134
555,864691135456493418,test,BipFam,BipFam,4.062044,10.499323
1649,864691135470556242,train,MartFam,MartFam,8.734295,3.3850634
278,864691136579408916,test,L4IT,pyramidal,6.607798,8.38012
911,864691136905941426,train,BasketFam,BasketFam,-1.135099,4.5973587
141,864691135886208112,train,L3IT,pyramidal,4.249865,7.942267
305,864691136313301565,test,L5IT,pyramidal,6.287253,7.5290136
1293,864691135994158785,test,MartFam,MartFam,0.89825726,7.497296
332,864691135214970752,train,BipFam,BipFam,6.581726,3.1854835
860,864691136390905207,train,MartFam,MartFam,5.4509807,2.8389602
1304,864691136123919654,train,BasketFam,BasketFam,0.58710957,8.735532
100,864691135293096118,train,NglFam,NglFam,5.451164,6.650195
225,864691135465932357,test,L3IT,pyramidal,7.0671086,5.7189116
3395,864691135892233097,train,BasketFam,BasketFam,-0.047608223,5.936896
333,864691135417045946,train,L2IT,pyramidal,6.1295514,6.8912573
6618,864691135686540471,train,BasketFam,BasketFam,0.27866867,5.752406
227,864691136005322698,test,BasketFam,BasketFam,1.4020064,7.637198
179,864691135948123745,train,L5ET,pyramidal,-0.3761595,3.6815052
251,864691136239793212,test,NglFam,NglFam,5.9037085,9.740702
310,864691135810098717,test,BasketFam,BasketFam,0.18377459,4.0176587
415,864691135717299738,train,L4IT,pyramidal,7.461242,8.8959465
107,864691136336204979,train,NglFam,NglFam,8.232703,3.0577388
245,864691135214643256,test,L6IT,pyramidal,6.3010945,9.854173
913,864691135447979922,train,BipFam,BipFam,6.1187882,5.088569
410,864691135431579440,train,BipFam,BipFam,4.1123085,3.5965116
123,864691135693735103,train,NglFam,NglFam,9.91832,8.72795
592,864691135448017554,train,BasketFam,BasketFam,-0.29329345,3.361837
416,864691136086632812,train,NglFam,NglFam,6.4993496,2.9969864
191,864691135689555680,train,NglFam,NglFam,8.33568,4.6537194
5399,864691135480702662,train,MartFam,MartFam,4.833574,4.86938
7137,864691136007059658,test,BipFam,BipFam,7.257959,4.2255564
4508,864691135369668089,train,BasketFam,BasketFam,0.0040817265,6.64935
4443,864691135470255698,train,thalamocortical,thalamocortical,2.280966,6.9348016
1155,864691136390828919,train,MartFam,MartFam,3.511208,5.500817
252,864691135928395278,train,L4IT,pyramidal,8.57806,5.1864824
4566,864691135456535658,train,MartFam,MartFam,5.553853,2.8096514
1779,864691136288755395,train,thalamocortical,thalamocortical,1.986946,6.1758633
194,864691135840033171,train,NglFam,NglFam,9.014817,7.819703
205,864691136086632812,train,NglFam,NglFam,6.3768916,2.747796
631,864691135566825495,train,BasketFam,BasketFam,6.83026,9.820368
388,864691136239793212,test,NglFam,NglFam,9.628839,8.1710615
2457,864691136033871035,train,thalamocortical,thalamocortical,6.291736,5.683954
1141,864691135447979922,train,BipFam,BipFam,5.5821877,3.1851037
40,864691135778572973,train,L4IT,pyramidal,6.367992,7.192274
113,864691136137168779,train,BipFam,BipFam,8.90376,7.807211
2568,864691135685030130,train,thalamocortical,thalamocortical,7.9351463,8.584215
156,864691135464928318,train,L2IT,pyramidal,7.4608865,8.5056715
24,864691135309733190,train,NglFam,NglFam,8.927797,2.9044385
1831,864691136445968259,train,BasketFam,BasketFam,-0.7141779,3.5483155
800,864691136273370302,train,NglFam,NglFam,7.719849,8.060681
351,864691136086088556,train,L3IT,pyramidal,8.509398,9.321016
5337,864691136196932172,train,BasketFam,BasketFam,-0.15254594,4.30884
5760,864691135774221643,train,MartFam,MartFam,3.098331,3.7274
765,864691135809456669,test,L6IT,pyramidal,6.353244,5.4852448
1846,864691135387277397,test,thalamocortical,thalamocortical,3.3481023,9.839555
488,864691135741998484,train,L4IT,pyramidal,6.8818703,5.980665
816,864691136314126653,train,BipFam,BipFam,8.750255,5.9594193
539,864691135493665631,train,L4IT,pyramidal,8.951555,8.790947
395,864691135996891050,test,BipFam,BipFam,4.2439666,6.080042
2336,864691136392682879,train,BasketFam,BasketFam,-1.2056801,4.0295305
3808,864691135997140906,train,BipFam,BipFam,8.340253,5.3124967
67,864691135693735103,train,NglFam,NglFam,4.5480266,10.458902
417,864691135689555680,train,NglFam,NglFam,6.9648523,3.8343449
3517,864691135954480163,train,MartFam,MartFam,2.995771,6.894644
1232,864691135755605197,train,thalamocortical,thalamocortical,4.781348,5.608911
374,864691135323181212,test,MartFam,MartFam,8.493776,4.7218313
20,864691135303514791,train,NglFam,NglFam,8.755607,2.9590309
305,864691135499624723,train,BasketFam,BasketFam,6.489046,8.96929
107,864691135137299481,test,L4IT,pyramidal,7.4162526,6.9950733
918,864691135801604706,train,L3IT,pyramidal,4.320678,7.6316876
714,864691135778132576,train,L5IT,pyramidal,8.523441,8.34478
2552,864691136229366097,test,BasketFam,BasketFam,-0.88777125,4.636367
1,864691135210178169,test,BasketFam,BasketFam,0.13336824,4.287604
125,864691135990564864,train,NglFam,NglFam,9.025742,3.8962731
641,864691135783317840,train,thalamocortical,thalamocortical,1.6166707,5.5463834
674,864691135464263742,train,L5IT,pyramidal,8.594788,8.846837
571,864691135611140359,test,L4IT,pyramidal,8.742239,9.931533
1350,864691135214970752,train,BipFam,BipFam,6.0749,2.998998
396,864691135119335645,train,thalamocortical,thalamocortical,3.8699348,6.204438
1271,864691135271970725,train,BasketFam,BasketFam,1.4208994,6.5755467
646,864691135106309709,train,NglFam,NglFam,6.281699,9.5835705
154,864691135384176619,train,L4IT,pyramidal,8.983171,8.777184
223,864691136991901845,test,L6IT,pyramidal,5.7029185,8.524891
223,864691135480311494,train,L6IT,pyramidal,5.441064,5.3507414
735,864691135570791558,test,L4IT,pyramidal,9.125032,5.6879296
112,864691135303514791,train,NglFam,NglFam,9.060468,3.2451353
3402,864691135912137641,train,BasketFam,BasketFam,-0.029661436,7.893866
1469,864691135478095016,train,BasketFam,BasketFam,0.97212595,6.94523
517,864691135954393891,train,L4IT,pyramidal,6.5891333,5.592121
4965,864691135997140906,train,BipFam,BipFam,7.560869,6.434301
133,864691136521831825,train,L5IT,pyramidal,7.0970654,8.089988
13,864691136372954248,test,NglFam,NglFam,3.4159844,3.8693435
2953,864691135920591792,train,BasketFam,BasketFam,-0.44745502,5.7601743
7193,864691135480702662,train,MartFam,MartFam,3.4858725,9.043281
11370,864691135858282030,train,MartFam,MartFam,3.5463614,3.1489222
3254,864691135106189901,test,BasketFam,BasketFam,1.008208,8.177512
5722,864691136145494068,train,BasketFam,BasketFam,0.0093972655,5.978769
418,864691135115194009,train,BipFam,BipFam,8.993533,8.980258
5769,864691135387551061,train,BasketFam,BasketFam,0.35722953,3.7674127
368,864691135343506885,train,BipFam,BipFam,3.274637,6.939979
372,864691136145572404,train,BipFam,BipFam,3.189423,8.555813
73,864691136391042167,train,L3IT,pyramidal,5.623518,9.973997
4091,864691135274708753,train,BasketFam,BasketFam,-0.0212739,5.24351
1270,864691135994158785,test,MartFam,MartFam,3.18267,5.184458
578,864691136452920319,train,BasketFam,BasketFam,7.243093,10.440088
5663,864691135618332265,train,BasketFam,BasketFam,3.700317,8.780142
608,864691136067404440,test,MartFam,MartFam,-0.55825317,4.177835
127,864691135106309709,train,NglFam,NglFam,8.107827,8.78632
105,864691135489677882,train,L3IT,pyramidal,6.993511,7.3723397
157,864691135994804394,train,BipFam,BipFam,5.587093,9.369844
2203,864691135878586963,test,thalamocortical,thalamocortical,6.202347,6.952592
222,864691135106309709,train,NglFam,NglFam,9.249419,9.409157
160,864691135015425942,test,BipFam,BipFam,3.5432646,5.9479795
2915,864691135271970725,train,BasketFam,BasketFam,0.64709806,5.9593587
232,864691135840033171,train,NglFam,NglFam,3.323695,9.554892
1184,864691136145537844,train,BipFam,BipFam,4.396726,5.5285797
299,864691136523971473,train,BipFam,BipFam,7.1137295,3.4442487
314,864691136438372254,train,BipFam,BipFam,7.074167,6.380693
669,864691135689555680,train,NglFam,NglFam,2.9764814,6.627624
665,864691135689555680,train,NglFam,NglFam,8.152199,3.6449723
26,864691135293096118,train,NglFam,NglFam,4.524427,8.298561
5587,864691136138622333,train,BasketFam,BasketFam,1.3183838,3.9822617
1347,864691135839979667,train,MartFam,MartFam,4.8646393,7.9783783
483,864691136273370302,train,NglFam,NglFam,7.627755,8.093923
4825,864691136007059658,test,BipFam,BipFam,4.6017966,8.3720255
1632,864691135997140906,train,BipFam,BipFam,7.52675,6.66292
493,864691135689555680,train,NglFam,NglFam,8.6424055,3.5806646
2544,864691136011549614,train,BipFam,BipFam,7.440938,6.412097
199,864691136053350131,test,thalamocortical,thalamocortical,2.0512054,6.8913155
6116,864691135387551061,train,BasketFam,BasketFam,2.6928434,8.598018
2016,864691136453186559,train,BasketFam,BasketFam,0.5989529,4.3803234
524,864691136086632812,train,NglFam,NglFam,6.4854665,3.054116
39,864691135592789259,train,BipFam,BipFam,8.187924,3.8014085
6903,864691135689296608,train,BasketFam,BasketFam,1.4951715,5.620489
2661,864691135928029966,train,thalamocortical,thalamocortical,2.2607458,6.158609
303,864691135351159255,train,thalamocortical,thalamocortical,3.853487,6.6005473
596,864691135662070512,train,L4IT,pyramidal,6.221944,6.646158
626,864691136239793212,test,NglFam,NglFam,8.5650215,8.381971
490,864691136273370302,train,NglFam,NglFam,9.527616,9.0250225
2915,864691134886037498,train,MartFam,MartFam,3.9279096,5.843718
928,864691135866821340,train,thalamocortical,thalamocortical,2.1611793,4.0526667
2023,864691135885917808,train,BasketFam,BasketFam,7.3353896,9.96188
445,864691136273370302,train,NglFam,NglFam,5.485004,9.704487
2672,864691135294194358,train,thalamocortical,thalamocortical,5.4188957,6.229311
699,864691135996891050,test,BipFam,BipFam,3.4810135,6.971111
4230,864691136007059658,test,BipFam,BipFam,7.9780407,6.252932
105,864691135693735103,train,NglFam,NglFam,6.504501,9.827789
1375,864691135464991645,train,thalamocortical,thalamocortical,0.48532367,8.319287
1967,864691135470860370,test,BipFam,BipFam,7.591089,8.006944
2214,864691136145537844,train,BipFam,BipFam,5.0109777,4.6266317
8277,864691135464991645,train,thalamocortical,thalamocortical,1.701731,5.493006
3148,864691135470255698,train,thalamocortical,thalamocortical,5.0402203,5.504525
339,864691136524282001,train,NglFam,NglFam,7.94098,2.6844442
1171,864691135839979667,train,MartFam,MartFam,3.4836328,2.788342
3391,864691135464991645,train,thalamocortical,thalamocortical,1.5375047,6.498214
908,864691135997428394,test,thalamocortical,thalamocortical,3.4389877,5.5543847
7891,864691135720572977,train,MartFam,MartFam,5.4501863,4.122922
5405,864691135480702662,train,MartFam,MartFam,3.822328,2.6863503
223,864691135293096118,train,NglFam,NglFam,4.96025,6.575024
207,864691136086632812,train,NglFam,NglFam,7.309151,5.2604175
1271,864691135387529301,test,BasketFam,BasketFam,-0.7704917,5.129649
1396,864691136487168530,train,MartFam,MartFam,9.047375,9.53149
7780,864691135480702662,train,MartFam,MartFam,3.5869105,2.6569467
2289,864691135702887291,train,BasketFam,BasketFam,7.841249,7.8644724
1379,864691136053350131,test,thalamocortical,thalamocortical,3.6942194,6.123258
3915,864691135618332265,train,BasketFam,BasketFam,0.1626186,5.110781
493,864691136288752835,train,thalamocortical,thalamocortical,4.539299,6.2991652
249,864691134887460346,train,L3IT,pyramidal,5.634305,4.4291964
56,864691135409856713,train,BasketFam,BasketFam,-0.870265,5.3978705
1018,864691135990672896,train,MartFam,MartFam,8.407566,6.9555516
511,864691134887444986,test,NglFam,NglFam,2.0030556,3.4668193
964,864691136137210507,train,BipFam,BipFam,5.295067,6.164664
845,864691135685250546,train,BasketFam,BasketFam,-0.5124998,6.0105762
45,864691135703016059,train,MartFam,MartFam,5.2757206,2.5221753
2019,864691135511861968,test,MartFam,MartFam,3.1732192,4.9433513
262,864691135470255698,train,thalamocortical,thalamocortical,2.5080197,6.4123583
2974,864691136091233847,train,thalamocortical,thalamocortical,1.8518995,5.6425767
1824,864691136093003700,train,L5IT,pyramidal,9.161027,8.071181
577,864691135106309709,train,NglFam,NglFam,7.646866,9.0429535
6182,864691136196932172,train,BasketFam,BasketFam,0.09406998,3.5436482
912,864691136314126653,train,BipFam,BipFam,6.5601287,6.3136683
4628,864691136067404440,test,MartFam,MartFam,8.98999,9.439284
343,864691136025992761,train,BipFam,BipFam,6.5362267,8.402636
1189,864691135466333509,train,BasketFam,BasketFam,-0.60600054,5.3250995
391,864691135132887456,test,NglFam,NglFam,4.054851,4.458358
133,864691136372954248,test,NglFam,NglFam,5.916305,5.2337236
3532,864691135470255698,train,thalamocortical,thalamocortical,4.5442696,6.8080187
372,864691135885996912,train,BipFam,BipFam,6.8574667,7.3017673
443,864691135562950369,train,BipFam,BipFam,7.663151,8.901601
1062,864691135739131780,train,MartFam,MartFam,9.845757,8.122398
3638,864691136445968259,train,BasketFam,BasketFam,-0.58262134,3.5444498
99,864691136239793212,test,NglFam,NglFam,6.244008,9.799014
253,864691136372954248,test,NglFam,NglFam,3.6360767,4.6916614
617,864691136314126653,train,BipFam,BipFam,7.8972054,7.0244427
1859,864691136813553523,train,BasketFam,BasketFam,7.6269536,10.366601
1943,864691136033871035,train,thalamocortical,thalamocortical,4.012271,5.0316453
131,864691135855890478,train,L2IT,pyramidal,4.0335846,5.0176497
456,864691135417045946,train,L2IT,pyramidal,6.662918,7.4297795
340,864691136372954248,test,NglFam,NglFam,4.3512797,3.5814698
1055,864691136091233847,train,thalamocortical,thalamocortical,1.8283684,5.577762
61,864691135840033171,train,NglFam,NglFam,3.633292,4.868324
64,864691135689015264,train,thalamocortical,thalamocortical,2.3283246,4.9901857
73,864691135305383591,train,NglFam,NglFam,9.173852,3.8734245
26,864691136011733934,train,MartFam,MartFam,6.3093863,5.533292
665,864691135727961663,train,L4IT,pyramidal,3.3198154,6.7801867
680,864691136100014453,train,BipFam,BipFam,6.29861,8.361187
1114,864691136372954248,test,NglFam,NglFam,2.9929955,3.4284558
114,864691136954028511,train,L4IT,pyramidal,7.299071,8.575155
38,864691135990701056,train,L4IT,pyramidal,6.753243,6.116172
473,864691135293096118,train,NglFam,NglFam,5.131567,9.561683
156,864691136053350131,test,thalamocortical,thalamocortical,4.0443974,5.1351643
131,864691135293096118,train,NglFam,NglFam,5.211761,9.15056
1057,864691136025504569,train,L4IT,pyramidal,6.011267,7.1321807
598,864691134887444986,test,NglFam,NglFam,5.7665324,7.638797
446,864691135869457430,train,BasketFam,BasketFam,-1.2330319,4.694627
140,864691135954582563,train,MartFam,MartFam,1.6938083,6.5427814
4236,864691136390828919,train,MartFam,MartFam,5.361851,9.437792
5793,864691135858282030,train,MartFam,MartFam,3.4082234,3.4039888
2926,864691135659538306,train,thalamocortical,thalamocortical,2.3466249,5.3490705
35,864691136523971473,train,BipFam,BipFam,3.317826,4.4791417
2582,864691135387551061,train,BasketFam,BasketFam,-0.26195505,5.5351596
1944,864691135118298333,train,MartFam,MartFam,3.8584547,5.054408
464,864691134887444986,test,NglFam,NglFam,6.6522975,3.5314746
321,864691135446065810,train,MartFam,MartFam,3.5341733,9.541638
1008,864691136452920319,train,BasketFam,BasketFam,6.803541,9.910915
2691,864691135866821340,train,thalamocortical,thalamocortical,1.9571738,5.052857
1874,864691136381324501,train,BasketFam,BasketFam,2.9073215,4.7546387
4670,864691136524014993,train,BasketFam,BasketFam,0.32848576,6.656272
3912,864691135817803599,test,BasketFam,BasketFam,-0.70234287,4.014019
4073,864691135764678198,test,MartFam,MartFam,5.6227283,6.0115514
67,864691135060727707,train,L2IT,pyramidal,7.6470942,6.1144285
4945,864691134886037498,train,MartFam,MartFam,3.990673,3.0648184
4789,864691135689015264,train,thalamocortical,thalamocortical,4.9408064,5.183725
220,864691136391024144,train,NglFam,NglFam,3.407066,6.3331013
2423,864691135387277397,test,thalamocortical,thalamocortical,2.5719242,7.787889
2051,864691135309486662,train,BasketFam,BasketFam,-0.34465775,6.6893687
252,864691135132887456,test,NglFam,NglFam,4.142095,4.322777
456,864691136372954248,test,NglFam,NglFam,5.7739916,6.6376386
225,864691135878586963,test,thalamocortical,thalamocortical,1.5241597,7.0503807
16,864691135996891050,test,BipFam,BipFam,9.464959,8.758911
5636,864691136595955362,train,MartFam,MartFam,4.136679,2.3098478
2441,864691135778290109,train,BasketFam,BasketFam,0.87961096,4.147025
2854,864691135387551061,train,BasketFam,BasketFam,-0.68204474,4.176143
13,864691135587666812,train,L2IT,pyramidal,8.05779,7.9709888
22,864691135102351392,train,L4IT,pyramidal,6.94,9.219508
1269,864691135503782210,test,BipFam,BipFam,5.94606,8.844498
197,864691136145494068,train,BasketFam,BasketFam,7.914113,5.266851
640,864691136086632812,train,NglFam,NglFam,9.335337,7.6617637
61,864691136372954248,test,NglFam,NglFam,7.355615,8.05111
1165,864691135343506885,train,BipFam,BipFam,9.495915,7.753593
568,864691136052101363,train,BipFam,BipFam,3.5442045,9.862479
500,864691135405733870,train,L4IT,pyramidal,5.822472,9.76344
122,864691136372954248,test,NglFam,NglFam,4.36894,3.5611463
138,864691135545730856,train,BipFam,BipFam,7.3583217,7.032908
1219,864691135118298333,train,MartFam,MartFam,9.155724,4.5761456
1678,864691134920000010,train,BasketFam,BasketFam,6.5639806,9.810869
27,864691135405733870,train,L4IT,pyramidal,6.4652596,5.4406095
184,864691135431579440,train,BipFam,BipFam,5.539641,9.274677
441,864691136436788382,train,BipFam,BipFam,5.634392,9.601874
1781,864691135464946757,test,BasketFam,BasketFam,0.9728059,8.171758
54,864691136603811281,test,L2IT,pyramidal,3.6624844,6.401106
3443,864691136453186559,train,BasketFam,BasketFam,0.07824318,7.534789
331,864691136273370302,train,NglFam,NglFam,9.615144,9.010401
518,864691136086632812,train,NglFam,NglFam,5.0781703,3.9827132
302,864691136524282001,train,NglFam,NglFam,4.087443,5.7284584
4333,864691136007059658,test,BipFam,BipFam,5.684582,6.3771167
1447,864691136372954248,test,NglFam,NglFam,3.5358386,4.0794396
1422,864691136138779517,train,L2IT,pyramidal,4.895398,6.318248
883,864691135396940021,train,L4IT,pyramidal,7.683298,7.1372485
638,864691135689555680,train,NglFam,NglFam,2.710405,6.2772813
489,864691136523971473,train,BipFam,BipFam,7.991573,5.6527405
2014,864691135778081453,train,thalamocortical,thalamocortical,5.4865646,5.246688
3794,864691137056216950,train,MartFam,MartFam,9.289913,7.5745354
1033,864691135106309709,train,NglFam,NglFam,9.63733,8.999249
578,864691136372954248,test,NglFam,NglFam,5.9915037,4.5206017
183,864691135387529301,test,BasketFam,BasketFam,0.4161579,6.9043517
366,864691136391024144,train,NglFam,NglFam,5.124654,6.780782
378,864691136239793212,test,NglFam,NglFam,8.291664,8.356905
491,864691135293096118,train,NglFam,NglFam,3.703054,6.5984454
83,864691136445968259,train,BasketFam,BasketFam,8.717097,8.435267
70,864691135839499155,train,L6CT,pyramidal,4.676962,9.920778
6481,864691137022180974,test,MartFam,MartFam,4.031354,9.283122
3672,864691135703016059,train,MartFam,MartFam,2.894075,5.822092
652,864691134887444986,test,NglFam,NglFam,8.523961,2.5706813
223,864691136086632812,train,NglFam,NglFam,7.7185864,8.745324
645,864691136273370302,train,NglFam,NglFam,9.361961,9.487414
400,864691135106309709,train,NglFam,NglFam,8.504996,7.4280553
413,864691135742824555,train,BipFam,BipFam,3.7291632,7.237506
7851,864691135464991645,train,thalamocortical,thalamocortical,4.663177,5.048745
385,864691135132887456,test,NglFam,NglFam,4.335464,3.6122408
6385,864691136314120765,train,BasketFam,BasketFam,-1.2399037,4.4149404
911,864691135294194358,train,thalamocortical,thalamocortical,9.204052,7.4898443
3397,864691135294194358,train,thalamocortical,thalamocortical,2.2504883,6.094191
2941,864691136011485614,test,BasketFam,BasketFam,-1.3838977,5.1412253
2324,864691134920000010,train,BasketFam,BasketFam,1.0665998,4.5687118
628,864691136372954248,test,NglFam,NglFam,6.0476904,4.3708987
440,864691135336113129,train,L4IT,pyramidal,8.1549835,8.919047
135,864691135990564864,train,NglFam,NglFam,8.814981,3.0486991
5097,864691135196475434,train,MartFam,MartFam,2.8787806,3.7819533
5462,864691135499765267,train,MartFam,MartFam,4.2808194,2.240924
4422,864691135584019053,test,MartFam,MartFam,3.8569875,3.6825697
2308,864691136138803837,train,BasketFam,BasketFam,-1.0223387,5.0189815
2050,864691135685250546,train,BasketFam,BasketFam,-0.3498386,6.9659853
350,864691135997428394,test,thalamocortical,thalamocortical,7.3706584,6.904386
30,864691135518510218,train,NglFam,NglFam,7.942611,7.8356247
2095,864691135689015264,train,thalamocortical,thalamocortical,2.956644,8.0941305
2031,864691135878586963,test,thalamocortical,thalamocortical,3.4344726,9.386832
700,864691136453183487,test,MartFam,MartFam,4.583773,2.567269
1820,864691135350977751,train,MartFam,MartFam,7.3171663,5.20348
6429,864691135464991645,train,thalamocortical,thalamocortical,0.1701256,5.5273123
3588,864691136011549614,train,BipFam,BipFam,7.4667783,6.0505753
4236,864691135741641876,test,BasketFam,BasketFam,0.6061558,5.413021
347,864691135431579440,train,BipFam,BipFam,7.0471787,4.921481
2477,864691135778116013,train,BasketFam,BasketFam,-0.45021105,5.749172
790,864691135343509701,train,MartFam,MartFam,9.222656,7.7812147
1946,864691135470860370,test,BipFam,BipFam,0.8983803,5.3056445
583,864691136196240342,test,BipFam,BipFam,4.1698885,4.5870395
2950,864691135258628527,test,BasketFam,BasketFam,5.0169144,9.931281
89,864691136925029092,train,L4IT,pyramidal,7.417132,5.985521
5987,864691136390905207,train,MartFam,MartFam,3.4683638,7.648523
502,864691136425073455,train,L5IT,pyramidal,6.319969,6.5719385
2692,864691136011549614,train,BipFam,BipFam,9.18704,8.7166395
460,864691136421324951,train,L4IT,pyramidal,4.2644224,6.485415
179,864691135742895723,test,BipFam,BipFam,5.149183,5.645862
1158,864691135214970752,train,BipFam,BipFam,9.369267,8.435494
230,864691135842486243,train,L3IT,pyramidal,5.5464063,6.3981857
4974,864691136914542577,train,MartFam,MartFam,5.4630847,4.5843763
2459,864691136905941426,train,BasketFam,BasketFam,-0.40695524,4.461119
6180,864691135756844242,test,MartFam,MartFam,1.9487245,3.5554051
1730,864691135447979922,train,BipFam,BipFam,4.2298694,6.085146
526,864691135132887456,test,NglFam,NglFam,8.499121,5.880386
1064,864691135783317840,train,thalamocortical,thalamocortical,4.0856,5.391779
883,864691135119335645,train,thalamocortical,thalamocortical,2.9097495,6.24699
469,864691135465900101,train,BipFam,BipFam,5.6471763,6.3943143
1420,864691135685250546,train,BasketFam,BasketFam,-0.47369316,4.2002296
4176,864691136123919654,train,BasketFam,BasketFam,-0.6078069,3.665646
254,864691135478095016,train,BasketFam,BasketFam,-0.24275237,6.139013
1809,864691135685030130,train,thalamocortical,thalamocortical,4.2728543,6.0483947
4306,864691136298913563,train,MartFam,MartFam,4.316766,3.8524497
5862,864691136330880234,train,MartFam,MartFam,5.3736415,2.7783859
2175,864691135119335645,train,thalamocortical,thalamocortical,3.4019663,5.9128304
208,864691135742824555,train,BipFam,BipFam,5.382561,5.729865
799,864691135659538306,train,thalamocortical,thalamocortical,6.4495444,5.085776
4215,864691135294194358,train,thalamocortical,thalamocortical,2.7956903,4.1885705
257,864691135503004765,train,BipFam,BipFam,7.4937043,5.436588
1407,864691136372954248,test,NglFam,NglFam,6.180965,3.26935
2663,864691135119335645,train,thalamocortical,thalamocortical,7.010415,5.520524
499,864691136445215875,train,L2IT,pyramidal,8.850978,5.0497093
933,864691135106309709,train,NglFam,NglFam,9.9014635,8.35141
1358,864691136603935441,train,BasketFam,BasketFam,-1.0232522,4.214625
104,864691136273370302,train,NglFam,NglFam,6.1268673,9.121064
1166,864691135727929663,train,BasketFam,BasketFam,8.7054205,4.588008
1815,864691136914542577,train,MartFam,MartFam,1.2223735,5.8600545
414,864691135431441968,train,thalamocortical,thalamocortical,5.33276,8.378636
3945,864691135528046939,train,MartFam,MartFam,6.7664866,3.341099
202,864691135857976366,train,BipFam,BipFam,8.259195,8.373993
748,864691135271343525,train,BipFam,BipFam,0.068879515,3.7428322
679,864691136138756221,train,BipFam,BipFam,5.9212184,9.785725
0,864691135309733190,train,NglFam,NglFam,8.918916,3.4993951
1294,864691136137168779,train,BipFam,BipFam,3.9038432,5.053101
346,864691135566824983,test,BipFam,BipFam,7.390863,5.823338
6768,864691135774221643,train,MartFam,MartFam,3.947488,7.929643
510,864691136195796182,test,BasketFam,BasketFam,0.21724978,7.6984487
5498,864691135464991645,train,thalamocortical,thalamocortical,5.9210744,4.4757743
1986,864691136011549614,train,BipFam,BipFam,4.21918,7.611875
67,864691136299034139,train,L4IT,pyramidal,4.776386,9.73771
7,864691135742824555,train,BipFam,BipFam,5.9895816,6.783017
552,864691135014696182,train,L6IT,pyramidal,6.952042,7.5330977
1394,864691134886037498,train,MartFam,MartFam,0.5326688,6.8537097
291,864691135741982868,train,L4IT,pyramidal,5.909864,7.654881
264,864691136905758130,train,L4IT,pyramidal,3.9903295,4.5058475
333,864691136523335057,test,L4IT,pyramidal,7.2028484,5.9198475
684,864691134966621471,train,MartFam,MartFam,5.585183,4.524715
2292,864691135584019053,test,MartFam,MartFam,6.274769,4.0583844
6172,864691137056216950,train,MartFam,MartFam,3.2657716,5.6735034
660,864691135470860370,test,BipFam,BipFam,8.594223,7.6824727
1966,864691136312445786,train,BasketFam,BasketFam,0.33222532,6.133094
81,864691135342848433,train,L4IT,pyramidal,8.643481,8.844225
1173,864691136013367715,test,L3IT,pyramidal,5.627153,5.8253684
853,864691135689015264,train,thalamocortical,thalamocortical,4.943909,5.24368
493,864691136137168779,train,BipFam,BipFam,0.67704993,5.938131
1674,864691135875919502,test,MartFam,MartFam,4.2552342,3.743453
1031,864691135891796617,train,BasketFam,BasketFam,-0.49964616,4.6032786
531,864691135992790209,train,BipFam,BipFam,8.960044,7.2508135
555,864691135271343525,train,BipFam,BipFam,2.7681024,5.085479
2664,864691135387277397,test,thalamocortical,thalamocortical,5.1381483,5.4116173
2376,864691135920591792,train,BasketFam,BasketFam,0.14758213,6.7179384
5116,864691135464991645,train,thalamocortical,thalamocortical,5.750121,6.789177
592,864691136966189518,test,MartFam,MartFam,4.7673383,5.675789
3407,864691136011549614,train,BipFam,BipFam,7.7351575,3.8212266
13,864691136619344859,test,BasketFam,BasketFam,1.1884897,3.8300247
4101,864691135703016059,train,MartFam,MartFam,4.9363236,3.4999888
319,864691136239793212,test,NglFam,NglFam,5.965755,8.951268
93,864691135571440006,train,MartFam,MartFam,8.200357,4.8827252
308,864691135106309709,train,NglFam,NglFam,4.7369943,10.337712
1112,864691135492600167,train,BasketFam,BasketFam,0.45601997,8.239678
67,864691135878586963,test,thalamocortical,thalamocortical,3.0003407,7.1113358
2116,864691135990793216,train,MartFam,MartFam,3.748135,3.635434
245,864691135134585248,train,BipFam,BipFam,8.335056,6.802846
477,864691135293096118,train,NglFam,NglFam,6.70528,6.2608037
126,864691135309733190,train,NglFam,NglFam,8.86133,3.414632
51,864691135119335645,train,thalamocortical,thalamocortical,2.6278176,6.6441946
62,864691136012173475,test,BipFam,BipFam,7.8102803,4.844584
73,864691135106309709,train,NglFam,NglFam,6.3353467,9.703304
206,864691135132887456,test,NglFam,NglFam,4.4960194,4.10091
200,864691135810905036,train,L4IT,pyramidal,4.278322,6.082803
1113,864691135577202181,train,MartFam,MartFam,2.7700353,6.3430037
4096,864691135778081453,train,thalamocortical,thalamocortical,3.2269418,6.302158
2160,864691135343509701,train,MartFam,MartFam,5.3331256,5.7360153
611,864691136086632812,train,NglFam,NglFam,5.8399262,5.4378405
1584,864691135941956865,train,BasketFam,BasketFam,0.21075937,3.9751112
2009,864691135235206489,train,MartFam,MartFam,7.538475,4.330603
374,864691136086088556,train,L3IT,pyramidal,7.469945,5.2743425
2630,864691136484883756,train,BasketFam,BasketFam,-0.41630048,3.6441522
308,864691135387277397,test,thalamocortical,thalamocortical,2.9525218,5.0422015
912,864691136372954248,test,NglFam,NglFam,8.879791,4.4274983
537,864691135134695328,test,L2IT,pyramidal,7.08962,6.590682
688,864691135343506885,train,BipFam,BipFam,7.2889314,8.472233
385,864691135810492189,train,L4IT,pyramidal,8.954762,6.53181
174,864691135480311494,train,L6IT,pyramidal,6.429748,8.626851
347,864691135470860370,test,BipFam,BipFam,2.0947006,4.885785
3231,864691136905941426,train,BasketFam,BasketFam,5.0978913,4.8619113
2614,864691135997428394,test,thalamocortical,thalamocortical,-0.42443004,5.0383224
7166,864691135480702662,train,MartFam,MartFam,4.902061,5.9768295
5082,864691135309486662,train,BasketFam,BasketFam,-0.07310058,6.725485
325,864691136391024144,train,NglFam,NglFam,6.2912188,3.7646523
2977,864691135997140906,train,BipFam,BipFam,8.605659,7.3131948
1877,864691135294194358,train,thalamocortical,thalamocortical,5.0251207,5.018807
125,864691136925029092,train,L4IT,pyramidal,7.3644094,8.181372
3367,864691135997140906,train,BipFam,BipFam,7.3992896,8.510374
2709,864691135562001633,train,MartFam,MartFam,3.3064525,5.104664
4058,864691134886037498,train,MartFam,MartFam,3.6504796,4.8118515
4588,864691135528046939,train,MartFam,MartFam,6.79973,5.250921
637,864691135455819114,test,L4IT,pyramidal,8.176188,9.424123
1552,864691135562950369,train,BipFam,BipFam,6.496997,5.2706776
1054,864691135928029966,train,thalamocortical,thalamocortical,1.7464281,6.1573405
376,864691136273370302,train,NglFam,NglFam,9.789007,8.668581
422,864691135916843366,train,L4IT,pyramidal,5.183891,9.805408
266,864691135912137641,train,BasketFam,BasketFam,7.593157,8.683751
4116,864691135689015264,train,thalamocortical,thalamocortical,4.7266903,6.0900483
1748,864691136042989910,test,BasketFam,BasketFam,0.40658614,6.0285215
87,864691136524282001,train,NglFam,NglFam,7.6855955,8.02855
38,864691136975639836,train,BipFam,BipFam,5.6367044,6.991811
1171,864691135618332265,train,BasketFam,BasketFam,0.09790844,6.828744
1140,864691136007059658,test,BipFam,BipFam,6.4536467,7.572983
120,864691135778773856,train,BipFam,BipFam,6.7329683,8.818472
1498,864691135014276342,test,BasketFam,BasketFam,5.2334914,8.730929
5792,864691135448017554,train,BasketFam,BasketFam,0.9389746,4.6773953
134,864691135742895723,test,BipFam,BipFam,2.1128259,8.271935
343,864691136391024144,train,NglFam,NglFam,3.5427845,6.398971
2781,864691136288755395,train,thalamocortical,thalamocortical,1.6977445,7.158026
161,864691135689555680,train,NglFam,NglFam,8.1489525,2.5283334
56,864691136336204979,train,NglFam,NglFam,8.871108,3.7978332
1335,864691134966621471,train,MartFam,MartFam,8.608125,6.1282387
3855,864691135912137641,train,BasketFam,BasketFam,-0.33256936,7.6084847
392,864691136007059658,test,BipFam,BipFam,7.0015783,5.0584826
2805,864691135592837899,train,BasketFam,BasketFam,0.27725092,6.8492465
2469,864691135858282030,train,MartFam,MartFam,4.3593097,6.917415
147,864691135470255698,train,thalamocortical,thalamocortical,1.8707448,5.4146023
4322,864691135739131780,train,MartFam,MartFam,3.633484,3.2141705
198,864691135323181212,test,MartFam,MartFam,8.093418,3.166023
1216,864691135562950369,train,BipFam,BipFam,6.2458606,8.101498
1444,864691135742895723,test,BipFam,BipFam,5.3004136,4.968537
1360,864691135106189901,test,BasketFam,BasketFam,-0.548899,3.7129197
2645,864691135584019053,test,MartFam,MartFam,5.7083015,3.4366813
499,864691135387277397,test,thalamocortical,thalamocortical,2.9852757,7.254169
739,864691136273370302,train,NglFam,NglFam,8.46158,7.3402686
4793,864691135518791818,train,BasketFam,BasketFam,-0.028280742,4.7668614
559,864691136314126653,train,BipFam,BipFam,7.888556,5.5660825
779,864691135466333509,train,BasketFam,BasketFam,-0.6556671,3.7170916
289,864691135303514791,train,NglFam,NglFam,9.056743,3.4361892
269,864691136524282001,train,NglFam,NglFam,5.098322,7.480374
367,864691135106309709,train,NglFam,NglFam,6.1893053,9.114562
40,864691135274830353,train,L4IT,pyramidal,6.405597,7.588756
44,864691135948215076,test,BipFam,BipFam,7.5469017,5.837572
791,864691135464678206,train,MartFam,MartFam,5.8605957,4.214811
5123,864691135106209101,train,BasketFam,BasketFam,-0.24487379,5.6184254
2394,864691135912137641,train,BasketFam,BasketFam,0.09134982,3.7007535
2596,864691135783317840,train,thalamocortical,thalamocortical,2.2385638,5.549283
6584,864691135271967397,train,MartFam,MartFam,4.5174026,2.6189961
5937,864691135774221643,train,MartFam,MartFam,3.1387458,4.4932384
5229,864691135720572977,train,MartFam,MartFam,4.608029,3.0174162
334,864691135740860820,train,L2IT,pyramidal,7.6790495,9.550962
568,864691135969582181,train,MartFam,MartFam,5.717684,9.003129
936,864691136425681967,train,L4IT,pyramidal,8.556865,8.982174
123,864691136145537844,train,BipFam,BipFam,6.420693,3.9474583
855,864691135571546917,train,MartFam,MartFam,4.016277,8.831343
754,864691135782873936,test,thalamocortical,thalamocortical,3.0522375,5.943361
2630,864691136007059658,test,BipFam,BipFam,6.060807,4.8027835
30,864691135857976366,train,BipFam,BipFam,4.7381124,5.600966
2982,864691135477104960,train,thalamocortical,thalamocortical,2.5475976,6.1078115
637,864691135409937097,train,L2IT,pyramidal,8.437506,5.681566
455,864691135584068717,train,BasketFam,BasketFam,-0.3230505,5.8827786
711,864691136137064075,train,BipFam,BipFam,-0.0049055284,8.281717
2267,864691136288755395,train,thalamocortical,thalamocortical,4.954872,8.730283
566,864691135726340523,train,L6IT,pyramidal,6.713617,6.2197547
234,864691136381347029,train,L4IT,pyramidal,4.0706,8.349106
3909,864691136053350131,test,thalamocortical,thalamocortical,5.0770464,5.529492
362,864691135470255698,train,thalamocortical,thalamocortical,4.493487,8.198366
494,864691135293096118,train,NglFam,NglFam,4.4955096,9.874921
3814,864691136145494068,train,BasketFam,BasketFam,1.2670928,5.9169354
279,864691136524282001,train,NglFam,NglFam,4.752909,3.7507606
4965,864691135387551061,train,BasketFam,BasketFam,0.6569759,4.6815095
872,864691135134585248,train,BipFam,BipFam,4.890784,10.484059
1974,864691136021595384,train,BasketFam,BasketFam,-0.4641054,3.5766084
280,864691136273370302,train,NglFam,NglFam,9.614568,9.012966
793,864691136108370905,train,BipFam,BipFam,5.0669317,9.956345
2374,864691135892233097,train,BasketFam,BasketFam,4.3962264,4.909729
276,864691135119335645,train,thalamocortical,thalamocortical,1.4082682,6.719799
4617,864691136011733934,train,MartFam,MartFam,8.692392,3.6778533
341,864691134887444986,test,NglFam,NglFam,6.7669687,2.8785005
382,864691135115194009,train,BipFam,BipFam,7.654938,9.777635
2246,864691136524014993,train,BasketFam,BasketFam,0.19345964,5.884875
422,864691136391024144,train,NglFam,NglFam,4.1403284,7.136959
27,864691135470235986,train,BipFam,BipFam,4.35942,8.362299
3438,864691135997140906,train,BipFam,BipFam,4.349592,7.8024206
178,864691135686399415,train,BipFam,BipFam,4.1294065,5.2289677
2679,864691136312076122,train,MartFam,MartFam,6.855642,3.1628826
1073,864691136925008100,train,BipFam,BipFam,2.7130272,4.0150647
2559,864691135470860370,test,BipFam,BipFam,6.340566,4.783818
120,864691135448212882,train,L4IT,pyramidal,3.8543656,5.5587964
431,864691135583352941,train,L4IT,pyramidal,7.361777,6.235039
631,864691136138779517,train,L2IT,pyramidal,4.5351124,9.8126
189,864691135755605197,train,thalamocortical,thalamocortical,3.6847022,9.16693
679,864691136042989910,test,BasketFam,BasketFam,-0.39837912,4.443814
13792,864691136914542577,train,MartFam,MartFam,2.7312055,8.584177
869,864691135470154834,train,L6IT,pyramidal,6.4728413,9.488118
1352,864691135562798817,train,L3IT,pyramidal,3.6897902,4.913789
444,864691136108370905,train,BipFam,BipFam,4.39917,9.245283
1959,864691135447979922,train,BipFam,BipFam,8.592353,7.0583673
1555,864691136021592568,train,BasketFam,BasketFam,0.24193522,7.5572224
4791,864691136381324501,train,BasketFam,BasketFam,-0.15331115,4.662653
525,864691135778187360,train,L4IT,pyramidal,6.5048294,9.621177
10,864691136391024144,train,NglFam,NglFam,4.166941,6.064301
313,864691136372954248,test,NglFam,NglFam,5.9531555,5.0947175
3068,864691136438216350,train,BasketFam,BasketFam,0.5843978,7.2229404
1939,864691135373601736,train,BasketFam,BasketFam,7.0138216,9.718797
114,864691135763495478,train,L2IT,pyramidal,7.882096,8.160329
719,864691136273370302,train,NglFam,NglFam,9.420209,8.567072
629,864691135546161704,train,L4IT,pyramidal,6.492104,8.999808
5355,864691135106189901,test,BasketFam,BasketFam,0.5759125,8.729941
3841,864691137056216950,train,MartFam,MartFam,3.462884,2.7870612
774,864691135703016059,train,MartFam,MartFam,5.3292146,2.7705834
2863,864691136268801012,test,BasketFam,BasketFam,-0.28201142,5.35
4825,864691135343509701,train,MartFam,MartFam,5.257297,2.4376972
516,864691135948823905,test,MartFam,MartFam,9.481529,3.355734
2297,864691136196383190,train,BasketFam,BasketFam,-1.1469119,4.811174
538,864691135480892614,train,L4IT,pyramidal,8.413452,9.3510065
83,864691135464995134,train,L4IT,pyramidal,8.445516,5.8778996
163,864691135742895723,test,BipFam,BipFam,9.203574,7.403521
440,864691136914542577,train,MartFam,MartFam,2.4783297,8.29273
67,864691135346571423,train,L4IT,pyramidal,6.350367,9.821787
1155,864691135447888274,train,BasketFam,BasketFam,7.670874,10.108988
4167,864691135196475434,train,MartFam,MartFam,3.207864,5.7962136
213,864691136102207349,train,BipFam,BipFam,8.907742,6.697316
740,864691136372954248,test,NglFam,NglFam,3.0786116,7.141326
3400,864691135477104960,train,thalamocortical,thalamocortical,3.78926,9.584121
43,864691136389688695,test,L2IT,pyramidal,8.748895,8.33009
5031,864691136619344859,test,BasketFam,BasketFam,4.1297965,4.828911
3912,864691135941898918,train,MartFam,MartFam,9.669665,9.307653
116,864691135059845275,train,L4IT,pyramidal,4.8749456,8.323705
4625,864691135689296608,train,BasketFam,BasketFam,0.48353994,6.709592
3647,864691135294194358,train,thalamocortical,thalamocortical,5.081214,5.0274577
2992,864691135990520064,train,BasketFam,BasketFam,-0.08381351,4.5283117
1450,864691135387277397,test,thalamocortical,thalamocortical,6.3690085,5.1499314
610,864691136239793212,test,NglFam,NglFam,9.947237,8.355996
4263,864691135720572977,train,MartFam,MartFam,-0.29616687,3.2810252
369,864691135840033171,train,NglFam,NglFam,8.668625,9.20355
3029,864691135470255698,train,thalamocortical,thalamocortical,2.2693172,6.481601
458,864691136523971473,train,BipFam,BipFam,8.473312,7.4601097
525,864691135293096118,train,NglFam,NglFam,5.665816,6.9647355
1403,864691135885917808,train,BasketFam,BasketFam,-0.7567805,3.6586637
278,864691135757040082,train,L4IT,pyramidal,3.3601732,5.7869744
49,864691136391024144,train,NglFam,NglFam,6.96171,6.27611
1729,864691135503782210,test,BipFam,BipFam,8.447235,8.918314
2035,864691135573245165,train,BasketFam,BasketFam,8.281791,4.8544755
642,864691135619317391,test,L4IT,pyramidal,7.043102,8.505597
3609,864691135124690471,train,BasketFam,BasketFam,0.93109065,7.898571
4296,864691135817803599,test,BasketFam,BasketFam,0.07849433,6.6283336
867,864691135499616019,train,BasketFam,BasketFam,0.23125938,6.6325507
469,864691136086632812,train,NglFam,NglFam,5.734028,3.4926193
599,864691136086632812,train,NglFam,NglFam,7.472111,3.3869007
353,864691135685250546,train,BasketFam,BasketFam,0.13844715,5.279768
1265,864691136011549614,train,BipFam,BipFam,6.427465,7.8522134
519,864691136372954248,test,NglFam,NglFam,4.924547,7.908348
643,864691135763795510,test,L4IT,pyramidal,5.677091,6.334696
507,864691135132887456,test,NglFam,NglFam,4.060834,4.7630863
2904,864691136489623826,train,BasketFam,BasketFam,0.9544885,7.1934342
1647,864691135592837899,train,BasketFam,BasketFam,8.15523,8.812744
163,864691134948788476,train,L3IT,pyramidal,7.6660433,9.458998
132,864691135727799359,train,L4IT,pyramidal,5.0333266,6.922385
1949,864691135398746401,train,MartFam,MartFam,8.085859,4.480427
219,864691136288752835,train,thalamocortical,thalamocortical,3.7704136,5.7506523
1157,864691136137168779,train,BipFam,BipFam,2.9724734,4.9034705
3131,864691135928029966,train,thalamocortical,thalamocortical,1.9583807,5.3800693
623,864691135271915173,train,MartFam,MartFam,7.7647014,7.9817963
790,864691136137210507,train,BipFam,BipFam,4.821838,7.2188497
2438,864691135764678198,test,MartFam,MartFam,4.1419206,3.1965535
2214,864691135689015264,train,thalamocortical,thalamocortical,3.4905872,6.2770033
148,864691136110366904,train,L4IT,pyramidal,7.276308,9.255137
18,864691135849634142,train,L6IT,pyramidal,5.7979116,9.200652
5151,864691134886037498,train,MartFam,MartFam,0.4222011,7.660622
406,864691136086632812,train,NglFam,NglFam,8.288485,2.553934
5474,864691135858282030,train,MartFam,MartFam,2.8640583,5.1216784
623,864691136273370302,train,NglFam,NglFam,9.9556,8.369556
319,864691136006393034,train,MartFam,MartFam,3.150496,3.73719
1458,864691135755707597,train,BipFam,BipFam,4.204198,8.976343
226,864691136086632812,train,NglFam,NglFam,6.1440334,3.5703585
53,864691136111559352,test,L2IT,pyramidal,8.1810665,5.547885
8188,864691136067404440,test,MartFam,MartFam,6.4232926,3.087598
794,864691136372954248,test,NglFam,NglFam,8.607201,9.352576
913,864691136123919654,train,BasketFam,BasketFam,-0.37319377,3.5343332
2470,864691135997140906,train,BipFam,BipFam,5.893172,7.610874
680,864691136523971473,train,BipFam,BipFam,6.3851557,8.247602
0,864691135954940424,train,BipFam,BipFam,4.672579,9.566181
1757,864691135294194358,train,thalamocortical,thalamocortical,1.8874084,5.312296
1182,864691136021595384,train,BasketFam,BasketFam,-0.083604276,4.1090937
184,864691135271915173,train,MartFam,MartFam,5.7661586,9.308169
192,864691135361548615,train,L6IT,pyramidal,3.883923,10.541348
773,864691136927366986,train,thalamocortical,thalamocortical,2.1751761,5.428305
231,864691135343081925,test,L6CT,pyramidal,5.579505,9.711789
290,864691134887444986,test,NglFam,NglFam,6.150877,4.3670354
3905,864691136211068860,train,BasketFam,BasketFam,1.1739433,8.258754
5861,864691134886037498,train,MartFam,MartFam,3.0094426,3.8048773
210,864691136108370905,train,BipFam,BipFam,7.999222,4.731026
415,864691134887444986,test,NglFam,NglFam,1.9988264,3.4534943
1783,864691135503782210,test,BipFam,BipFam,3.7593648,10.338709
1860,864691135764678198,test,MartFam,MartFam,6.5661564,6.9432826
659,864691136086632812,train,NglFam,NglFam,8.814853,2.8993359
722,864691135336113129,train,L4IT,pyramidal,7.979603,7.49589
206,864691135271343525,train,BipFam,BipFam,3.5692475,5.056937
220,864691136336204979,train,NglFam,NglFam,8.413868,4.3296957
831,864691136137064075,train,BipFam,BipFam,7.3989577,8.684057
4854,864691136390675216,train,BasketFam,BasketFam,-1.1320432,4.92198
219,864691136524282001,train,NglFam,NglFam,8.710655,5.4776974
1277,864691135946994785,train,BasketFam,BasketFam,6.424539,9.672665
25,864691136137210507,train,BipFam,BipFam,5.325227,5.960914
117,864691135384404954,train,L5NP,pyramidal,5.273608,9.578205
364,864691135293096118,train,NglFam,NglFam,4.694568,7.763597
167,864691135853198023,test,L5ET,pyramidal,5.319528,6.304842
1430,864691136011549614,train,BipFam,BipFam,6.3010635,7.7950983
6861,864691135875919502,test,MartFam,MartFam,5.855834,2.7107193
186,864691135717299738,train,L4IT,pyramidal,6.9193134,6.3118753
3282,864691135339982310,train,BasketFam,BasketFam,-0.43070158,3.5133913
6695,864691135562001633,train,MartFam,MartFam,0.517891,4.7700973
312,864691136111294648,train,L4IT,pyramidal,6.1226687,8.059759
55,864691135861093992,test,L2IT,pyramidal,8.454196,9.14463
1327,864691136903387826,train,MartFam,MartFam,8.82943,7.146593
8781,864691136330880234,train,MartFam,MartFam,2.98568,3.9427853
32,864691135273918993,test,L2IT,pyramidal,6.7174964,7.5043235
2018,864691136034412219,train,MartFam,MartFam,3.6337512,5.5716453
1522,864691135702887291,train,BasketFam,BasketFam,-0.14763713,3.4627204
1587,864691135271915173,train,MartFam,MartFam,7.459822,8.02368
545,864691135294194358,train,thalamocortical,thalamocortical,7.4201236,3.594075
3318,864691136034487483,train,BasketFam,BasketFam,-0.96114475,3.9745352
8771,864691135703016059,train,MartFam,MartFam,5.3412037,2.757221
415,864691136391024144,train,NglFam,NglFam,3.9831328,5.8749485
207,864691136524282001,train,NglFam,NglFam,8.992268,3.1512864
543,864691134950156796,train,L2IT,pyramidal,7.5798807,8.570435
356,864691136381243349,train,L4IT,pyramidal,6.974238,9.271414
299,864691135616235979,train,BipFam,BipFam,3.9388134,8.40738
147,864691135132887456,test,NglFam,NglFam,4.756322,7.646315
558,864691135470860370,test,BipFam,BipFam,8.476208,6.7172976
159,864691135456493418,test,BipFam,BipFam,7.988187,7.593773
221,864691135868957462,train,L5IT,pyramidal,7.8154855,9.781213
667,864691136086632812,train,NglFam,NglFam,6.6220903,5.8322105
30,864691135840033171,train,NglFam,NglFam,6.168402,5.3281555
294,864691135465795653,train,BasketFam,BasketFam,0.9595324,4.0371737
2717,864691135764678198,test,MartFam,MartFam,6.210713,2.967798
1656,864691136011549614,train,BipFam,BipFam,6.271167,6.950363
5100,864691135689015264,train,thalamocortical,thalamocortical,3.1247947,5.9591403
107,864691135293096118,train,NglFam,NglFam,3.1594825,7.834196
8410,864691135562001633,train,MartFam,MartFam,4.9898996,3.1947796
69,864691135778081453,train,thalamocortical,thalamocortical,4.109769,8.299252
553,864691135215254584,train,L4IT,pyramidal,7.3615956,4.933166
377,864691136138622333,train,BasketFam,BasketFam,0.014141563,4.6894913
393,864691136372954248,test,NglFam,NglFam,5.0791717,4.5065904
249,864691135994158785,test,MartFam,MartFam,1.2544305,6.17006
1623,864691135755605197,train,thalamocortical,thalamocortical,3.3979776,6.1896386
1068,864691135464991645,train,thalamocortical,thalamocortical,2.5933838,7.884032
2393,864691135689015264,train,thalamocortical,thalamocortical,4.0485525,10.033218
2660,864691135118298333,train,MartFam,MartFam,5.2447457,9.771537
1785,864691135477104960,train,thalamocortical,thalamocortical,3.0655491,8.508907
1335,864691136580010516,test,MartFam,MartFam,2.7286925,5.256092
278,864691135868919318,test,L5IT,pyramidal,4.4966364,10.266022
4610,864691135739131780,train,MartFam,MartFam,3.6825457,4.5697083
507,864691136196240342,test,BipFam,BipFam,6.67272,5.84279
714,864691136137210507,train,BipFam,BipFam,0.8451452,7.6762056
3150,864691135309486662,train,BasketFam,BasketFam,-0.40272582,6.267354
255,864691136314120765,train,BasketFam,BasketFam,0.2926966,3.6132956
255,864691136336204979,train,NglFam,NglFam,8.362822,3.8465993
4737,864691135941898918,train,MartFam,MartFam,-0.022686003,3.7001517
255,864691135119335645,train,thalamocortical,thalamocortical,3.7020607,4.573166
373,864691135132887456,test,NglFam,NglFam,9.112686,2.7622974
630,864691136424990255,train,L6IT,pyramidal,5.485364,3.711464
575,864691135417443514,test,L4IT,pyramidal,8.868468,8.861164
7026,864691135210446457,train,MartFam,MartFam,6.707174,3.6853788
4274,864691135741641876,test,BasketFam,BasketFam,-0.9668849,4.4078374
407,864691135293096118,train,NglFam,NglFam,3.0297015,6.883131
91,864691135855890478,train,L2IT,pyramidal,8.580571,8.654529
414,864691134948788476,train,L3IT,pyramidal,7.5970855,8.706053
2,864691135519178378,train,L6CT,pyramidal,7.634102,7.9532223
6667,864691135618332265,train,BasketFam,BasketFam,7.2917137,8.516868
11023,864691135703016059,train,MartFam,MartFam,5.2402177,2.7083697
695,864691136033871035,train,thalamocortical,thalamocortical,4.4718804,8.3155775
7221,864691135477104960,train,thalamocortical,thalamocortical,6.3327937,7.103917
248,864691135442591048,train,BasketFam,BasketFam,-0.81507033,4.111812
1379,864691135592837899,train,BasketFam,BasketFam,0.3514172,5.982543
3226,864691135464991645,train,thalamocortical,thalamocortical,2.809832,7.6072726
10839,864691136914542577,train,MartFam,MartFam,4.053458,2.4265487
1153,864691135839979667,train,MartFam,MartFam,2.6509373,3.8416684
1569,864691136007059658,test,BipFam,BipFam,7.7750416,5.2141714
911,864691134886037498,train,MartFam,MartFam,3.0825617,9.111512
198,864691135939925813,train,L6CT,pyramidal,7.1428323,9.326425
602,864691135106309709,train,NglFam,NglFam,9.917264,8.354216
948,864691135885194352,train,BasketFam,BasketFam,-0.65568835,4.136259
4991,864691135869457430,train,BasketFam,BasketFam,0.024341173,6.5490017
175,864691135938629892,train,L3IT,pyramidal,8.210473,6.749619
1504,864691135641196091,train,MartFam,MartFam,7.25062,9.918916
6333,864691135997428394,test,thalamocortical,thalamocortical,2.224865,6.625599
217,864691135839843475,train,BipFam,BipFam,6.1507263,8.723484
974,864691135885194352,train,BasketFam,BasketFam,-0.073516674,6.767845
48,864691135693735103,train,NglFam,NglFam,9.675345,9.050092
640,864691135503182685,train,L5ET,pyramidal,0.76309127,8.328012
372,864691136123919654,train,BasketFam,BasketFam,8.029817,9.492247
302,864691136523971473,train,BipFam,BipFam,6.8207126,3.4719427
2996,864691135343506885,train,BipFam,BipFam,6.586586,3.9262605
470,864691135115194009,train,BipFam,BipFam,5.5638127,10.002448
734,864691136380816597,test,L4IT,pyramidal,4.321643,5.090731
815,864691135573245165,train,BasketFam,BasketFam,8.945081,3.3024697
337,864691135106309709,train,NglFam,NglFam,9.487297,8.91403
267,864691136524282001,train,NglFam,NglFam,7.325429,3.3020382
803,864691135356708303,train,MartFam,MartFam,4.2825713,10.316585
280,864691135430004016,train,L4IT,pyramidal,6.117053,9.74094
322,864691135478334888,train,BasketFam,BasketFam,0.025040656,8.375753
1633,864691136138779517,train,L2IT,pyramidal,4.380274,9.576931
115,864691135309733190,train,NglFam,NglFam,9.213253,3.9952328
649,864691135271343525,train,BipFam,BipFam,4.798005,7.0111113
893,864691135928029966,train,thalamocortical,thalamocortical,4.581203,7.9476514
4335,864691135839979667,train,MartFam,MartFam,4.4003353,4.353088
231,864691136058602712,train,thalamocortical,thalamocortical,3.3262568,9.691091
901,864691135492614239,train,MartFam,MartFam,5.55899,2.7200434
952,864691136091233847,train,thalamocortical,thalamocortical,2.2934325,6.71227
309,864691135510846217,train,L6CT,pyramidal,9.092779,8.703746
426,864691136227297105,train,MartFam,MartFam,8.785309,7.7300515
1361,864691136107670745,train,BasketFam,BasketFam,0.9370454,8.1262665
405,864691135293096118,train,NglFam,NglFam,2.9153423,7.772752
2303,864691135755605197,train,thalamocortical,thalamocortical,2.1705084,7.578368
545,864691135014099446,train,L4IT,pyramidal,8.331978,8.327584
4073,864691136007059658,test,BipFam,BipFam,5.5427575,5.2921863
90,864691134887444986,test,NglFam,NglFam,7.1356626,4.6767497
223,864691135477839784,test,L6IT,pyramidal,8.803926,9.34241
1098,864691136364166370,train,BipFam,BipFam,4.622947,6.722146
2680,864691136033871035,train,thalamocortical,thalamocortical,2.832777,6.011111
155,864691135741965931,train,L4IT,pyramidal,3.1840413,7.240722
114,864691136239793212,test,NglFam,NglFam,4.9649415,10.204696
4578,864691135869457430,train,BasketFam,BasketFam,-1.208669,4.7167306
7511,864691136118878116,train,MartFam,MartFam,2.5321867,6.3658814
464,864691135293096118,train,NglFam,NglFam,6.360316,7.415897
697,864691135106309709,train,NglFam,NglFam,8.918516,8.992364
2951,864691136091233847,train,thalamocortical,thalamocortical,2.072412,8.391014
789,864691135778081453,train,thalamocortical,thalamocortical,3.6727686,5.908028
7608,864691135739131780,train,MartFam,MartFam,3.2967575,3.6181607
3250,864691135689015264,train,thalamocortical,thalamocortical,4.3059125,5.471821
723,864691135685030130,train,thalamocortical,thalamocortical,4.84367,5.236866
2571,864691135464991645,train,thalamocortical,thalamocortical,4.971204,4.7632103
51,864691135339088102,test,L4IT,pyramidal,6.3348765,7.6681967
634,864691134966249759,train,thalamocortical,thalamocortical,3.262364,4.903922
2558,864691136091233847,train,thalamocortical,thalamocortical,2.1099885,6.6998324
992,864691136372954248,test,NglFam,NglFam,3.4729507,9.0940275
281,864691135196475434,train,MartFam,MartFam,3.7407074,6.584093
14,864691136391042167,train,L3IT,pyramidal,9.285848,7.6524315
123,864691134887444986,test,NglFam,NglFam,3.7330346,5.113615
2058,864691135584068717,train,BasketFam,BasketFam,-1.2035741,3.9813755
908,864691135060784027,test,thalamocortical,thalamocortical,5.274648,5.305776
1918,864691136042989910,test,BasketFam,BasketFam,-0.102188446,4.8495183
582,864691136391024144,train,NglFam,NglFam,2.5927036,4.5396266
766,864691136372954248,test,NglFam,NglFam,6.873242,7.618787
115,864691135106309709,train,NglFam,NglFam,7.548408,9.74711
267,864691135323181212,test,MartFam,MartFam,5.3537345,8.3461895
3542,864691135778116013,train,BasketFam,BasketFam,-0.023321345,4.0896277
211,864691136058804696,train,BipFam,BipFam,5.293589,6.147198
2887,864691134942595939,train,BasketFam,BasketFam,-0.6627324,6.54221
2867,864691135341516741,test,MartFam,MartFam,5.550067,3.1999195
183,864691135689015264,train,thalamocortical,thalamocortical,2.7798598,6.326793
824,864691135741960340,train,BasketFam,BasketFam,0.41958898,8.741192
510,864691136372954248,test,NglFam,NglFam,9.429572,8.019449
2173,864691135369668089,train,BasketFam,BasketFam,2.123752,8.167082
469,864691134966495519,train,L3IT,pyramidal,4.4122186,10.263876
2543,864691136138622333,train,BasketFam,BasketFam,-0.24463478,5.239262
3022,864691136053350131,test,thalamocortical,thalamocortical,2.5097392,7.0124536
309,864691136058745048,train,L4IT,pyramidal,6.009641,6.2690206
1039,864691135499765267,train,MartFam,MartFam,4.106122,5.742619
185,864691135309733190,train,NglFam,NglFam,9.256232,3.326005
107,864691136102207349,train,BipFam,BipFam,7.730272,8.778118
51,864691136579629844,train,L4IT,pyramidal,6.2722907,5.5707593
6507,864691136011485614,test,BasketFam,BasketFam,0.66695404,8.370907
3752,864691135346954143,train,MartFam,MartFam,4.6441965,2.2497597
391,864691135336847849,train,L2IT,pyramidal,9.335332,4.0637946
1827,864691136058745048,train,L4IT,pyramidal,5.535477,6.2731547
2021,864691135477104960,train,thalamocortical,thalamocortical,6.111466,8.208819
1681,864691135499752723,train,BasketFam,BasketFam,-0.67084503,3.8824975
2778,864691135343509701,train,MartFam,MartFam,5.4590874,7.347709
644,864691135619317391,test,L4IT,pyramidal,4.2007723,8.524147
74,864691135293096118,train,NglFam,NglFam,3.1271663,6.4470363
2007,864691136438216350,train,BasketFam,BasketFam,0.032238234,3.560185
174,864691136138756221,train,BipFam,BipFam,6.4208417,5.810988
300,864691136010651052,train,L2IT,pyramidal,8.556174,5.526055
165,864691135369087481,train,L6CT,pyramidal,8.768324,8.427272
138,864691135778811325,train,L2IT,pyramidal,4.298119,7.5579386
1023,864691136445215875,train,L2IT,pyramidal,7.902263,6.359947
11991,864691136914542577,train,MartFam,MartFam,3.414588,3.1774566
2941,864691135387277397,test,thalamocortical,thalamocortical,3.3550491,5.8629103
1067,864691135387277397,test,thalamocortical,thalamocortical,4.9170012,7.3121953
58,864691135619294351,train,L4IT,pyramidal,8.318614,9.312857
610,864691136298045979,test,L5IT,pyramidal,7.200458,8.212056
200,864691136372954248,test,NglFam,NglFam,5.453551,3.108682
1263,864691135388984961,train,BasketFam,BasketFam,1.0891511,3.959614
3330,864691135689015264,train,thalamocortical,thalamocortical,4.208863,5.901296
6029,864691135839979667,train,MartFam,MartFam,6.1877284,2.9686308
1885,864691136814345075,train,MartFam,MartFam,8.791261,4.7052107
420,864691136390828919,train,MartFam,MartFam,5.233501,2.6791081
35,864691136814025587,train,BasketFam,BasketFam,0.7028951,8.34229
1620,864691136033871035,train,thalamocortical,thalamocortical,5.2656417,6.948182
1952,864691135595810859,train,BasketFam,BasketFam,-0.5284497,6.33207
5160,864691136145494068,train,BasketFam,BasketFam,7.530812,10.265078
71,864691135698016410,train,L4IT,pyramidal,7.768528,8.707151
3289,864691136053350131,test,thalamocortical,thalamocortical,1.0443851,5.65471
2608,864691135912137641,train,BasketFam,BasketFam,0.20362467,7.8205485
6076,864691135480702662,train,MartFam,MartFam,3.479298,7.4425416
2980,864691135387277397,test,thalamocortical,thalamocortical,4.8296294,7.1771717
120,864691135857976366,train,BipFam,BipFam,5.0212984,9.297208
1805,864691135294194358,train,thalamocortical,thalamocortical,2.1670227,7.5438857
441,864691135539491442,train,L4IT,pyramidal,6.206788,6.4814305
199,864691136488621842,train,L6CT,pyramidal,3.888419,8.546718
708,864691136390677264,test,BasketFam,BasketFam,0.072807975,4.1835556
109,864691136975639836,train,BipFam,BipFam,4.440705,5.1235404
1271,864691135875414414,train,BasketFam,BasketFam,0.55620766,8.306971
3794,864691135756844242,test,MartFam,MartFam,6.3283496,3.055008
312,864691135303514791,train,NglFam,NglFam,8.450742,3.9954336
905,864691135755605197,train,thalamocortical,thalamocortical,4.196714,5.9066563
821,864691136372954248,test,NglFam,NglFam,6.1209574,4.5530357
34,864691135398762529,train,BipFam,BipFam,6.351547,4.7132306
472,864691135562780385,train,L2IT,pyramidal,7.863914,7.980824
673,864691135689555680,train,NglFam,NglFam,8.836768,2.7616649
5855,864691135875919502,test,MartFam,MartFam,3.3691795,3.6032264
5105,864691135755605197,train,thalamocortical,thalamocortical,5.2197385,5.73214
560,864691136086632812,train,NglFam,NglFam,8.67481,2.4788072
2096,864691135478095016,train,BasketFam,BasketFam,-0.6603948,3.9875247
6597,864691135464991645,train,thalamocortical,thalamocortical,4.9310026,4.7033467
1415,864691135271343525,train,BipFam,BipFam,6.5149155,7.310156
710,864691135875777166,test,BasketFam,BasketFam,-0.1654597,4.589745
555,864691134887444986,test,NglFam,NglFam,5.9726276,2.84801
923,864691136298913563,train,MartFam,MartFam,4.3602986,4.161635
2047,864691136011549614,train,BipFam,BipFam,6.192851,8.009541
260,864691136145572404,train,BipFam,BipFam,5.22065,8.327317
1532,864691136372954248,test,NglFam,NglFam,4.181968,7.635256
259,864691136814508659,train,L4IT,pyramidal,4.3961296,7.59588
901,864691135772774651,test,MartFam,MartFam,4.198089,3.244194
8,864691134887444986,test,NglFam,NglFam,3.5928159,4.6969957
1775,864691135470255698,train,thalamocortical,thalamocortical,2.9896739,8.23837
4809,864691135470255698,train,thalamocortical,thalamocortical,1.4203192,6.0768085
3827,864691135703016059,train,MartFam,MartFam,8.147208,5.2167187
381,864691136273370302,train,NglFam,NglFam,5.182741,10.296218
901,864691136298913563,train,MartFam,MartFam,9.2658825,4.5574107
561,864691136012173475,test,BipFam,BipFam,7.629338,5.983505
167,864691135014734486,train,L4IT,pyramidal,4.2273016,9.37635
2735,864691135119335645,train,thalamocortical,thalamocortical,3.4798262,6.75744
157,864691135389168001,test,L2IT,pyramidal,7.516237,6.998147
3701,864691135702887291,train,BasketFam,BasketFam,-0.3976525,3.9700215
348,864691136927366986,train,thalamocortical,thalamocortical,2.5877626,5.942012
373,864691136364183266,train,BasketFam,BasketFam,5.5724306,8.947116
2985,864691135346954143,train,MartFam,MartFam,3.0465608,3.7344663
325,864691136086632812,train,NglFam,NglFam,7.7542725,7.8897076
11629,864691135456535658,train,MartFam,MartFam,6.180347,5.32052
706,864691135409937097,train,L2IT,pyramidal,5.5281377,9.898328
2110,864691135741960340,train,BasketFam,BasketFam,2.1412199,4.892628
2854,864691135920591792,train,BasketFam,BasketFam,0.6284318,6.3385243
219,864691135857976366,train,BipFam,BipFam,8.241512,3.703917
2465,864691136298913563,train,MartFam,MartFam,6.6464496,4.1019683
287,864691135465343045,train,L4IT,pyramidal,4.8322306,8.767621
3191,864691135755605197,train,thalamocortical,thalamocortical,2.970986,8.048682
5244,864691135941898918,train,MartFam,MartFam,-0.43660006,4.521166
1099,864691135503782210,test,BipFam,BipFam,5.039031,6.745795
946,864691136137210507,train,BipFam,BipFam,5.2943907,5.927418
225,864691135132887456,test,NglFam,NglFam,9.030988,3.4662454
5373,864691135015437462,test,BasketFam,BasketFam,0.7300975,4.966263
750,864691135885917808,train,BasketFam,BasketFam,7.753783,6.595825
1683,864691136053350131,test,thalamocortical,thalamocortical,1.9016268,5.3451796
6057,864691135618332265,train,BasketFam,BasketFam,4.680904,9.709465
410,864691135014696182,train,L6IT,pyramidal,2.816936,6.0085025
1594,864691135496262032,train,BasketFam,BasketFam,5.9850717,8.617049
3516,864691136392682879,train,BasketFam,BasketFam,0.3124026,3.6891456
854,864691136145537844,train,BipFam,BipFam,5.553255,7.8555503
1508,864691136927366986,train,thalamocortical,thalamocortical,5.111887,4.2884684
282,864691136336204979,train,NglFam,NglFam,7.994275,3.2545354
160,864691135405733870,train,L4IT,pyramidal,3.1879907,8.316575
1279,864691136118294692,train,thalamocortical,thalamocortical,5.625814,5.9048657
190,864691135782873936,test,thalamocortical,thalamocortical,2.932418,6.582103
232,864691135060784027,test,thalamocortical,thalamocortical,4.597051,6.2622185
2697,864691136138695549,train,BasketFam,BasketFam,0.7311525,8.147467
2586,864691136814345075,train,MartFam,MartFam,2.834851,7.6177735
1473,864691135571440006,train,MartFam,MartFam,8.310093,4.8401713
4634,864691135212863360,train,MartFam,MartFam,4.248884,3.0998683
2449,864691135878586963,test,thalamocortical,thalamocortical,1.9130195,6.8433967
1645,864691136238652476,train,MartFam,MartFam,8.868925,7.696126
1138,864691136372954248,test,NglFam,NglFam,6.3275986,5.476557
59,864691136273370302,train,NglFam,NglFam,8.073146,8.919716
92,864691136391024144,train,NglFam,NglFam,3.4384944,5.482655
2379,864691135778081453,train,thalamocortical,thalamocortical,1.9733807,7.124508
2096,864691135470255698,train,thalamocortical,thalamocortical,3.917017,7.2129116
123,864691134966249759,train,thalamocortical,thalamocortical,3.092942,6.4375157
53,864691135309733190,train,NglFam,NglFam,8.650247,2.6465828
1380,864691135720572977,train,MartFam,MartFam,0.041218925,5.016899
66,864691135503443549,train,L4IT,pyramidal,5.6377287,6.5443983
531,864691135920776624,train,MartFam,MartFam,8.62245,5.0129447
1549,864691135878586963,test,thalamocortical,thalamocortical,3.4949157,6.671765
797,864691135106209101,train,BasketFam,BasketFam,5.3137226,8.588531
1720,864691135997140906,train,BipFam,BipFam,7.743783,8.625197
1040,864691135294194358,train,thalamocortical,thalamocortical,1.6205213,6.9375644
3042,864691136007059658,test,BipFam,BipFam,4.1161137,10.50815
3712,864691135346954143,train,MartFam,MartFam,3.0552368,5.5593233
94,864691136446104451,train,BipFam,BipFam,3.7352717,5.782645
151,864691135398762529,train,BipFam,BipFam,4.89669,4.2324038
4618,864691135106209101,train,BasketFam,BasketFam,-0.5794333,4.2745137
909,864691136372954248,test,NglFam,NglFam,7.450797,8.027511
7069,864691135464991645,train,thalamocortical,thalamocortical,2.1858578,6.3232126
9894,864691136914542577,train,MartFam,MartFam,3.891111,2.6263497
1738,864691135686540471,train,BasketFam,BasketFam,1.2589765,8.055078
183,864691136010650796,train,BipFam,BipFam,8.127095,7.797876
5308,864691135470255698,train,thalamocortical,thalamocortical,2.1833777,5.836667
4205,864691135119335645,train,thalamocortical,thalamocortical,4.3612494,8.00784
1616,864691135954582563,train,MartFam,MartFam,9.405481,7.835159
598,864691135351159255,train,thalamocortical,thalamocortical,6.992471,7.350686
58,864691135727278655,train,L6CT,pyramidal,8.867388,9.967889
2248,864691135343506885,train,BipFam,BipFam,3.7863014,4.7438602
1958,864691136392682879,train,BasketFam,BasketFam,0.13551024,8.305892
159,864691135517376211,train,L5ET,pyramidal,4.54977,10.27588
25,864691136579358228,train,L6CT,pyramidal,4.594222,9.4238
459,864691135878586963,test,thalamocortical,thalamocortical,1.7945511,6.9223924
1385,864691136372954248,test,NglFam,NglFam,7.9394903,8.795227
51,864691136107670745,train,BasketFam,BasketFam,0.28541556,7.574377
116,864691135303514791,train,NglFam,NglFam,9.055444,3.2302043
6384,864691135774221643,train,MartFam,MartFam,3.062938,4.689698
15,864691135165079085,train,L4IT,pyramidal,3.6572716,7.1999245
461,864691135566824983,test,BipFam,BipFam,-0.08664594,3.7812479
138,864691136524282001,train,NglFam,NglFam,8.461956,5.016261
249,864691136025333561,train,L4IT,pyramidal,6.5643635,8.089831
832,864691136484972332,train,L3IT,pyramidal,7.4496093,7.2653937
7058,864691135196475434,train,MartFam,MartFam,4.125072,3.3255322
2306,864691135566825495,train,BasketFam,BasketFam,7.556855,10.125327
207,864691136011768494,train,L4IT,pyramidal,7.387034,9.705984
340,864691136239793212,test,NglFam,NglFam,9.315736,8.891521
7112,864691136138695549,train,BasketFam,BasketFam,-0.55148107,4.615668
248,864691135309733190,train,NglFam,NglFam,9.441379,3.1774218
690,864691136009893294,train,L2IT,pyramidal,8.43631,7.3838468
344,864691135742365803,test,L6IT,pyramidal,5.5034304,5.400973
4595,864691135387529301,test,BasketFam,BasketFam,0.30382216,7.187807
2940,864691136091233847,train,thalamocortical,thalamocortical,4.8800583,5.244017
1061,864691135470860370,test,BipFam,BipFam,5.0863743,9.944527
278,864691135303514791,train,NglFam,NglFam,9.056963,2.7610319
1709,864691135343506885,train,BipFam,BipFam,6.176653,5.243273
982,864691136372954248,test,NglFam,NglFam,4.102209,7.5087194
4497,864691137022180974,test,MartFam,MartFam,1.4653788,6.8357954
459,864691134887444986,test,NglFam,NglFam,6.500507,4.1476254
350,864691135456493418,test,BipFam,BipFam,7.9408336,8.22874
3518,864691135464991645,train,thalamocortical,thalamocortical,3.2484038,7.9823947
177,864691135579134981,train,BipFam,BipFam,6.5856366,6.9850473
111,864691135757083346,train,L4IT,pyramidal,7.4533463,7.2214546
542,864691135215254584,train,L4IT,pyramidal,6.6700606,5.593174
20,864691136034526651,train,BipFam,BipFam,5.3893657,6.2993326
221,864691136336204979,train,NglFam,NglFam,9.044297,3.8510869
318,864691135465503813,train,L5ET,pyramidal,6.4694552,9.838619
56,864691135726881195,train,L4IT,pyramidal,8.788775,9.241251
1946,864691136053350131,test,thalamocortical,thalamocortical,4.423056,5.9328904
4276,864691135869457430,train,BasketFam,BasketFam,4.7989945,6.500049
96,864691134887444986,test,NglFam,NglFam,3.579937,5.499332
6664,864691136007059658,test,BipFam,BipFam,6.260803,6.8965344
7377,864691135941898918,train,MartFam,MartFam,5.714251,4.0476613
201,864691135655472066,train,L4IT,pyramidal,4.3234243,8.23448
5527,864691135499765267,train,MartFam,MartFam,0.9209176,6.8057985
715,864691136273370302,train,NglFam,NglFam,9.716003,8.280444
436,864691135994804394,train,BipFam,BipFam,8.731297,8.398786
497,864691135755605197,train,thalamocortical,thalamocortical,4.308421,8.573259
3061,864691135997140906,train,BipFam,BipFam,7.2420087,7.748281
98,864691135518510218,train,NglFam,NglFam,8.31974,2.5461037
493,864691135470860370,test,BipFam,BipFam,9.32918,7.791266
389,864691135405337326,test,L3IT,pyramidal,5.9011736,7.940716
288,864691136742470492,train,L5IT,pyramidal,9.187716,8.690987
97,864691136026013497,train,BipFam,BipFam,7.953343,7.6381965
2438,864691135309486662,train,BasketFam,BasketFam,-1.3216602,4.5270333
144,864691135570381292,test,BipFam,BipFam,7.177203,5.9773717
3390,864691135686540471,train,BasketFam,BasketFam,-0.6561598,4.5310407
4047,864691136007059658,test,BipFam,BipFam,4.194765,7.18678
191,864691135717275162,train,L3IT,pyramidal,7.380886,6.4303784
1958,864691136011549614,train,BipFam,BipFam,5.5377097,6.8057966
466,864691136007128778,test,MartFam,MartFam,3.5358126,2.7271366
298,864691136445968259,train,BasketFam,BasketFam,7.6160064,10.344584
111,864691135990564864,train,NglFam,NglFam,8.235395,3.5549366
1571,864691135477104960,train,thalamocortical,thalamocortical,4.4528236,8.494599
1743,864691135084038647,train,MartFam,MartFam,5.4323363,7.7375464
743,864691135374981320,train,L4IT,pyramidal,7.6688533,7.7376924
625,864691135447979922,train,BipFam,BipFam,4.6963477,4.366668
4702,864691136288755395,train,thalamocortical,thalamocortical,6.8011303,5.899984
2836,864691136138695549,train,BasketFam,BasketFam,-0.20630531,7.331194
6718,864691136118878116,train,MartFam,MartFam,5.882808,4.8123784
35,864691136674492295,test,L4IT,pyramidal,7.299151,5.9044585
3237,864691135480702662,train,MartFam,MartFam,4.03017,2.3468642
3983,864691136067404440,test,MartFam,MartFam,5.867319,5.953255
3794,864691136040742142,test,BasketFam,BasketFam,4.3557754,6.3514752
2045,864691135875777166,test,BasketFam,BasketFam,-0.05136366,4.7565536
1099,864691135274708753,train,BasketFam,BasketFam,-0.3593193,4.3275857
187,864691135384292843,train,L4IT,pyramidal,7.3861403,6.512254
2080,864691135464991645,train,thalamocortical,thalamocortical,5.6748962,8.678913
4449,864691135499616019,train,BasketFam,BasketFam,0.24012879,7.471364
248,864691136118686884,test,L3IT,pyramidal,6.3280234,5.965368
4741,864691135997428394,test,thalamocortical,thalamocortical,1.4834709,6.2471514
966,864691135343509701,train,MartFam,MartFam,6.1576014,8.898349
100,864691135742824555,train,BipFam,BipFam,5.552507,7.1159215
8598,864691136580010516,test,MartFam,MartFam,2.4590826,7.798653
157,864691136968773070,train,L4IT,pyramidal,3.0002618,7.347478
238,864691135387513685,test,L4IT,pyramidal,7.4689317,7.7396016
454,864691136372954248,test,NglFam,NglFam,4.063579,4.2859154
1043,864691136137168779,train,BipFam,BipFam,0.71536475,5.9887333
2011,864691136311213914,test,BasketFam,BasketFam,-0.8260829,5.859572
3254,864691136145494068,train,BasketFam,BasketFam,0.009359932,4.5378227
1386,864691136118878116,train,MartFam,MartFam,2.6269255,6.619862
470,864691135398762529,train,BipFam,BipFam,8.823838,7.9165955
1819,864691135997140906,train,BipFam,BipFam,5.5246377,5.187118
2460,864691135702887291,train,BasketFam,BasketFam,0.89687544,4.0000305
155,864691136364166370,train,BipFam,BipFam,4.4696016,9.526878
1004,864691135810098717,test,BasketFam,BasketFam,0.3021038,8.017656
982,864691136053350131,test,thalamocortical,thalamocortical,3.021802,8.2015705
288,864691135132887456,test,NglFam,NglFam,9.16817,3.6784005
10923,864691136914542577,train,MartFam,MartFam,3.4708881,8.030599
114,864691135702298491,train,L6IT,pyramidal,4.207132,10.473901
3461,864691136118294692,train,thalamocortical,thalamocortical,3.738878,9.929632
1202,864691135562950369,train,BipFam,BipFam,5.407104,4.541028
3809,864691135997428394,test,thalamocortical,thalamocortical,2.169707,6.2435493
679,864691135384285931,train,L4IT,pyramidal,9.140169,7.8167224
6895,864691135477104960,train,thalamocortical,thalamocortical,4.050672,5.020623
673,864691135954480163,train,MartFam,MartFam,4.002039,3.3265767
1593,864691136372954248,test,NglFam,NglFam,4.3928103,3.930735
2478,864691135499765267,train,MartFam,MartFam,2.1511023,6.53888
1267,864691135463999294,train,BasketFam,BasketFam,0.1414368,5.9069333
852,864691135689555680,train,NglFam,NglFam,3.0889478,6.5962462
499,864691135689555680,train,NglFam,NglFam,5.3485637,8.305818
26,864691136239793212,test,NglFam,NglFam,6.0905957,9.0336895
633,864691135810297885,train,BipFam,BipFam,4.9637623,9.89916
3576,864691135741889940,train,BasketFam,BasketFam,-0.9264427,4.4362497
1610,864691135659538306,train,thalamocortical,thalamocortical,6.2056203,4.84142
1674,864691136925008100,train,BipFam,BipFam,2.785654,4.994379
214,864691135397982753,train,L5IT,pyramidal,3.0673277,5.2625966
496,864691136391024144,train,NglFam,NglFam,4.5538363,3.2326028
236,864691135725779883,train,BasketFam,BasketFam,6.8174305,9.851665
3568,864691135119335645,train,thalamocortical,thalamocortical,1.6788851,7.216779
645,864691135325426076,train,MartFam,MartFam,9.250514,9.3466835
216,864691136925008100,train,BipFam,BipFam,3.217183,4.7873697
14732,864691135779780797,test,MartFam,MartFam,3.183586,5.546391
736,864691135362357319,train,BasketFam,BasketFam,0.9221276,4.45361
2237,864691135866821340,train,thalamocortical,thalamocortical,2.1810133,4.9611716
211,864691136273370302,train,NglFam,NglFam,3.713053,10.0377655
3605,864691135592837899,train,BasketFam,BasketFam,0.7702935,4.941622
67,864691135990564864,train,NglFam,NglFam,8.814961,3.384539
26,864691136391024144,train,NglFam,NglFam,3.996765,7.27406
217,864691135431579440,train,BipFam,BipFam,7.452265,6.307244
4596,864691135106189901,test,BasketFam,BasketFam,0.020834252,8.383943
3671,864691135294194358,train,thalamocortical,thalamocortical,2.0952482,8.276364
121,864691135431616048,train,L5ET,pyramidal,1.1143286,7.105172
1082,864691136125433894,train,L3IT,pyramidal,4.7715015,9.547539
2877,864691136438216350,train,BasketFam,BasketFam,4.5507965,4.273994
451,864691136453442303,train,L4IT,pyramidal,4.7552385,8.307133
300,864691136524282001,train,NglFam,NglFam,4.4438987,8.181983
560,864691136273370302,train,NglFam,NglFam,9.132503,9.213902
564,864691136086632812,train,NglFam,NglFam,5.6693125,4.391733
1234,864691135941956865,train,BasketFam,BasketFam,1.1123853,3.9580956
1592,864691135477104960,train,thalamocortical,thalamocortical,1.9602985,7.0598598
1059,864691136372954248,test,NglFam,NglFam,6.0594134,2.6436923
1032,864691135545730856,train,BipFam,BipFam,5.5918193,5.739007
2824,864691135954480163,train,MartFam,MartFam,4.559542,4.4800353
433,864691136210975676,test,L4IT,pyramidal,6.21369,7.1917825
298,864691136298111003,test,L4IT,pyramidal,8.385372,7.046255
393,864691135779020221,train,L4IT,pyramidal,4.7361135,8.263106
313,864691135659824514,train,BipFam,BipFam,8.34753,7.2448864
1517,864691135755605197,train,thalamocortical,thalamocortical,2.6469479,8.560347
1253,864691135470255698,train,thalamocortical,thalamocortical,2.0962982,6.666463
2213,864691135106209101,train,BasketFam,BasketFam,0.4894543,5.6193013
227,864691135303514791,train,NglFam,NglFam,9.033872,3.9538355
603,864691134949081852,train,L4IT,pyramidal,5.1564636,8.265527
188,864691135132887456,test,NglFam,NglFam,8.802958,3.3793268
872,864691134966249759,train,thalamocortical,thalamocortical,5.398505,5.5159965
3702,864691135755605197,train,thalamocortical,thalamocortical,2.1596558,8.50018
277,864691135840033171,train,NglFam,NglFam,8.624651,9.461719
6,864691136021865976,train,L3IT,pyramidal,7.76563,8.7084875
8895,864691135774221643,train,MartFam,MartFam,2.852207,7.344938
653,864691135994158785,test,MartFam,MartFam,-0.3460913,5.8787565
179,864691136239793212,test,NglFam,NglFam,6.0635185,3.1490765
1465,864691135689296608,train,BasketFam,BasketFam,-0.66196644,4.487169
1422,864691136372954248,test,NglFam,NglFam,5.653946,4.3066807
801,864691136138756221,train,BipFam,BipFam,7.4761186,4.9211836
1617,864691135779780797,test,MartFam,MartFam,8.999269,8.604649
577,864691135573245165,train,BasketFam,BasketFam,-0.8640727,5.088123
585,864691135389004929,train,BasketFam,BasketFam,4.545411,10.173476
209,864691136391024144,train,NglFam,NglFam,4.535793,3.1330643
436,864691136025333561,train,L4IT,pyramidal,4.6754355,10.321467
48,864691135764015926,train,L3IT,pyramidal,4.8903594,9.259826
307,864691136273370302,train,NglFam,NglFam,9.837583,8.472499
285,864691135293096118,train,NglFam,NglFam,3.750305,6.58843
1550,864691135084038647,train,MartFam,MartFam,3.9718947,4.6927824
172,864691135293096118,train,NglFam,NglFam,4.345581,6.4550705
126,864691135941708033,train,L4IT,pyramidal,4.091537,10.455906
1487,864691135134565280,train,BasketFam,BasketFam,0.20243059,4.0467634
264,864691135503782210,test,BipFam,BipFam,9.139951,8.004729
1749,864691136381324501,train,BasketFam,BasketFam,-1.1400527,4.9072404
97,864691135990564864,train,NglFam,NglFam,8.391596,2.996365
227,864691135361430087,test,L5IT,pyramidal,6.383871,7.7693105
137,864691135234382937,train,L3IT,pyramidal,9.189728,7.7183256
161,864691136012173475,test,BipFam,BipFam,8.298766,7.9026146
99,864691135727907391,train,L2IT,pyramidal,9.062562,5.1353235
1205,864691136372954248,test,NglFam,NglFam,3.6731563,6.557774
406,864691135210358137,train,L4IT,pyramidal,7.9654384,7.495796
2649,864691136311213914,test,BasketFam,BasketFam,-0.7454075,4.107286
36,864691135840033171,train,NglFam,NglFam,3.9699755,4.966972
1779,864691135480702662,train,MartFam,MartFam,4.602564,2.8496902
1276,864691136011549614,train,BipFam,BipFam,8.594646,6.9878983
662,864691135480652998,train,L5IT,pyramidal,4.414326,6.445089
5178,864691135106209101,train,BasketFam,BasketFam,-0.63589925,6.2727923
990,864691135695042751,train,L6IT,pyramidal,8.34106,9.209337
102,864691135689555680,train,NglFam,NglFam,8.03029,3.750422
1339,864691135398746401,train,MartFam,MartFam,3.6304812,2.620862
223,864691135840033171,train,NglFam,NglFam,7.393738,7.790574
1595,864691135389004929,train,BasketFam,BasketFam,-0.80573606,4.0866575
36,864691136086632812,train,NglFam,NglFam,8.537438,4.5061927
2685,864691135741641876,test,BasketFam,BasketFam,-0.314921,4.503015
1114,864691135373601736,train,BasketFam,BasketFam,0.53620815,8.284758
2056,864691135518791818,train,BasketFam,BasketFam,0.39837652,8.331276
4304,864691136011733934,train,MartFam,MartFam,3.1070309,3.5429304
13696,864691136914542577,train,MartFam,MartFam,3.8367367,2.4911711
539,864691135293096118,train,NglFam,NglFam,3.054945,7.331756
33,864691135209947769,test,L5IT,pyramidal,7.656946,6.0603127
685,864691136137210507,train,BipFam,BipFam,4.022491,4.306493
215,864691136311267930,train,L3IT,pyramidal,9.361366,7.8389544
100,864691135106209101,train,BasketFam,BasketFam,0.018341627,6.0929027
92,864691135611140359,test,L4IT,pyramidal,6.9185834,6.141343
3273,864691135339982310,train,BasketFam,BasketFam,0.39648902,5.9059553
457,864691136239793212,test,NglFam,NglFam,8.372121,6.5082345
4163,864691135464991645,train,thalamocortical,thalamocortical,7.7791786,7.0859976
168,864691136968585678,train,L2IT,pyramidal,3.018291,6.5573215
841,864691135731889337,train,L3IT,pyramidal,9.199485,5.3048086
2926,864691136288755395,train,thalamocortical,thalamocortical,3.0517223,7.6917443
142,864691135102390816,train,L5IT,pyramidal,5.356912,6.691383
419,864691135375361480,train,MartFam,MartFam,3.2274854,5.681803
6218,864691135779780797,test,MartFam,MartFam,-0.016695933,5.5448503
9641,864691135480702662,train,MartFam,MartFam,3.6982353,7.4584227
6008,864691135477104960,train,thalamocortical,thalamocortical,6.501868,5.5931396
230,864691135857976366,train,BipFam,BipFam,5.1049066,9.340675
662,864691135431441968,train,thalamocortical,thalamocortical,3.3946888,8.423209
151,864691136058804696,train,BipFam,BipFam,-0.087018296,3.358683
407,864691135948215076,test,BipFam,BipFam,3.644685,5.0744596
3751,864691135778290109,train,BasketFam,BasketFam,0.20915015,4.1968718
1275,864691136372954248,test,NglFam,NglFam,3.4287884,3.9249477
580,864691135293096118,train,NglFam,NglFam,2.8937688,7.8232718
13,864691136967985870,train,L6CT,pyramidal,8.03902,9.442154
350,864691134887444986,test,NglFam,NglFam,2.0256786,3.4527507
604,864691136603811281,test,L2IT,pyramidal,6.995423,9.175274
2414,864691136091233847,train,thalamocortical,thalamocortical,2.303226,6.61986
248,864691135997140906,train,BipFam,BipFam,6.443373,4.5963526
4022,864691135571356038,test,MartFam,MartFam,6.852064,5.9933805
245,864691135777400237,train,L6IT,pyramidal,8.989701,9.944497
1481,864691135492888039,test,BasketFam,BasketFam,-0.026409194,5.720292
3172,864691135997428394,test,thalamocortical,thalamocortical,0.3891154,5.812969
345,864691136118294692,train,thalamocortical,thalamocortical,6.246532,8.357624
511,864691136033871035,train,thalamocortical,thalamocortical,3.9672675,5.045538
8259,864691136011485614,test,BasketFam,BasketFam,-0.09598048,5.9245358
2203,864691135732257721,train,BasketFam,BasketFam,-0.79807097,4.0584693
322,864691135742824555,train,BipFam,BipFam,3.3711958,7.4668117
13,864691135134585248,train,BipFam,BipFam,6.6630597,3.270501
3008,864691135235206489,train,MartFam,MartFam,6.369417,8.331229
1197,864691136042989910,test,BasketFam,BasketFam,-0.91495335,5.566688
384,864691135810297885,train,BipFam,BipFam,7.6291566,8.514096
3173,864691136268801012,test,BasketFam,BasketFam,0.4609026,5.0124454
839,864691135387277397,test,thalamocortical,thalamocortical,2.2992246,8.2611065
722,864691135689015264,train,thalamocortical,thalamocortical,2.5866268,6.8582478
1297,864691135562950369,train,BipFam,BipFam,7.2607684,5.5960493
2232,864691135361291591,train,MartFam,MartFam,7.1690855,5.7454047
243,864691135157619556,train,L4IT,pyramidal,7.5989566,5.3747396
2261,864691135755605197,train,thalamocortical,thalamocortical,3.3348742,6.849959
581,864691136111556792,train,L4IT,pyramidal,6.822593,5.7957234
3396,864691136312076122,train,MartFam,MartFam,4.735444,2.603777
3999,864691137199860033,test,BasketFam,BasketFam,-0.13666512,4.3018856
44,864691135303514791,train,NglFam,NglFam,8.660526,2.6246068
393,864691135777381805,train,L6IT,pyramidal,7.171655,9.8942375
233,864691135280682401,train,L4IT,pyramidal,6.368574,7.3828783
4134,864691135858363694,train,BasketFam,BasketFam,-0.102093704,5.2499743
9698,864691135739131780,train,MartFam,MartFam,3.5660927,3.9357378
1644,864691136619344859,test,BasketFam,BasketFam,0.08527313,3.8264792
84,864691135562975969,train,L3IT,pyramidal,6.14957,7.4288735
667,864691136580010516,test,MartFam,MartFam,3.38309,6.1325974
496,864691135132887456,test,NglFam,NglFam,3.864119,4.6309085
509,864691136273370302,train,NglFam,NglFam,5.701858,9.624486
502,864691136372954248,test,NglFam,NglFam,0.9552352,6.33193
2653,864691135210178169,test,BasketFam,BasketFam,-0.59787196,5.5806146
1516,864691135084038647,train,MartFam,MartFam,4.6738467,4.7619796
2202,864691135294194358,train,thalamocortical,thalamocortical,7.4846125,7.33881
1086,864691135499752723,train,BasketFam,BasketFam,-0.49017432,4.6027007
2306,864691136058602712,train,thalamocortical,thalamocortical,2.7624636,8.537822
1331,864691136145572404,train,BipFam,BipFam,-0.61404425,5.7738323
4145,864691136523889553,train,BasketFam,BasketFam,-0.03328116,4.3892255
702,864691135976063855,test,L4IT,pyramidal,4.237946,7.676829
1594,864691135997428394,test,thalamocortical,thalamocortical,5.715291,8.651907
224,864691135281109665,train,BasketFam,BasketFam,6.7717414,5.1018796
311,864691134887444986,test,NglFam,NglFam,8.848588,3.0145004
147,864691135742826603,train,BipFam,BipFam,8.240958,8.640342
5630,864691135562001633,train,MartFam,MartFam,0.3678835,5.681996
269,864691136273370302,train,NglFam,NglFam,6.0266175,5.2758017
5532,864691136007059658,test,BipFam,BipFam,7.9173627,3.8880932
2716,864691135755605197,train,thalamocortical,thalamocortical,2.797569,7.9038663
313,864691136196383190,train,BasketFam,BasketFam,-0.22328855,3.5100582
3498,864691135853090503,test,BasketFam,BasketFam,4.6932845,5.2944217
296,864691135610877191,train,L2IT,pyramidal,7.608622,9.774144
7400,864691135456535658,train,MartFam,MartFam,5.8329372,8.377389
707,864691136438585502,train,L3IT,pyramidal,4.719854,6.5618167
492,864691136118294692,train,thalamocortical,thalamocortical,-0.16289361,5.774537
1578,864691135478434216,train,BasketFam,BasketFam,-0.96081245,3.8594792
89,864691136974813212,train,L5IT,pyramidal,3.8126822,5.6090164
6873,864691135387529301,test,BasketFam,BasketFam,4.214175,6.1030917
1945,864691136814345075,train,MartFam,MartFam,3.8597078,4.012252
869,864691136523971473,train,BipFam,BipFam,9.672826,8.555383
18,864691136524282001,train,NglFam,NglFam,4.832096,4.3484654
3156,864691136091233847,train,thalamocortical,thalamocortical,6.090389,6.191774
5569,864691136312076122,train,MartFam,MartFam,6.3283353,8.336522
2713,864691135271970725,train,BasketFam,BasketFam,0.25895894,4.793248
1108,864691135689015264,train,thalamocortical,thalamocortical,1.7612721,5.4929247
194,864691136288752835,train,thalamocortical,thalamocortical,2.4386673,8.219288
77,864691135786943684,train,L6CT,pyramidal,8.761487,9.487436
607,864691136118294692,train,thalamocortical,thalamocortical,5.97242,7.7805
6491,864691135210446457,train,MartFam,MartFam,5.7202253,4.084944
169,864691135106309709,train,NglFam,NglFam,6.2887144,9.665426
866,864691136372954248,test,NglFam,NglFam,3.2582464,8.084511
850,864691135878586963,test,thalamocortical,thalamocortical,2.6613185,6.1155334
560,864691136391024144,train,NglFam,NglFam,2.7934422,5.9827166
1041,864691135084038647,train,MartFam,MartFam,5.0084486,7.651138
1,864691135351159255,train,thalamocortical,thalamocortical,2.1872797,8.659968
215,864691135685030130,train,thalamocortical,thalamocortical,7.591144,9.134872
804,864691135782873936,test,thalamocortical,thalamocortical,1.5895492,6.952874
471,864691136579127060,test,L5ET,pyramidal,4.682682,10.196355
630,864691135431616048,train,L5ET,pyramidal,0.50022787,7.650918
5556,864691136033871035,train,thalamocortical,thalamocortical,2.0016289,3.8659024
3338,864691136007059658,test,BipFam,BipFam,6.2363043,8.359342
48,864691135106309709,train,NglFam,NglFam,8.714188,9.423904
239,864691135136735001,train,L4IT,pyramidal,2.766284,8.942592
339,864691136372954248,test,NglFam,NglFam,3.9557016,6.7893806
624,864691135971464805,train,BasketFam,BasketFam,-0.2695502,3.805841
363,864691135774307659,train,L2IT,pyramidal,4.055841,5.143647
263,864691136239793212,test,NglFam,NglFam,9.966703,8.354651
146,864691135211926464,train,L4IT,pyramidal,7.1111207,6.237737
515,864691136086632812,train,NglFam,NglFam,8.747543,2.891274
382,864691135465343045,train,L4IT,pyramidal,7.4411035,6.824395
1447,864691135866821340,train,thalamocortical,thalamocortical,2.0411932,5.4015064
8553,864691135480702662,train,MartFam,MartFam,6.0603614,2.9098492
498,864691136391024144,train,NglFam,NglFam,3.8654568,6.0567317
184,864691136137210507,train,BipFam,BipFam,4.4405127,4.750544
4065,864691135990672896,train,MartFam,MartFam,8.9606495,9.031607
242,864691136138756221,train,BipFam,BipFam,5.351399,8.3491745
515,864691136239793212,test,NglFam,NglFam,8.5293665,7.7638745
2778,864691135496262032,train,BasketFam,BasketFam,-0.8596587,5.0547724
5897,864691136312445786,train,BasketFam,BasketFam,-0.69674563,3.6525288
418,864691135689555680,train,NglFam,NglFam,7.2469034,3.899367
861,864691136314126653,train,BipFam,BipFam,9.104765,5.66865
161,864691135351159255,train,thalamocortical,thalamocortical,4.6917295,7.7563586
658,864691135528046939,train,MartFam,MartFam,5.4584317,3.6882308
2413,864691135616183499,train,BasketFam,BasketFam,0.012562135,5.5029087
1271,864691136145572404,train,BipFam,BipFam,3.3623097,7.9870825
2354,864691135994158785,test,MartFam,MartFam,4.708318,6.57921
825,864691136125411622,test,L3IT,pyramidal,5.898461,7.2202673
680,864691135106309709,train,NglFam,NglFam,6.1730227,8.8864355
2645,864691135274708753,train,BasketFam,BasketFam,-0.8460443,5.0526924
245,864691136452920319,train,BasketFam,BasketFam,3.113361,8.974822
405,864691135810297885,train,BipFam,BipFam,5.251317,8.655113
966,864691136011549614,train,BipFam,BipFam,7.2079854,3.6071932
241,864691136086632812,train,NglFam,NglFam,7.008442,4.038744
480,864691136445215875,train,L2IT,pyramidal,8.397368,7.2208214
1426,864691135778081453,train,thalamocortical,thalamocortical,1.1080089,7.178114
705,864691136228538961,train,L5IT,pyramidal,6.3195605,8.16408
1631,864691136372954248,test,NglFam,NglFam,5.8001094,4.2527285
1826,864691135373601736,train,BasketFam,BasketFam,2.565535,8.635609
996,864691135214970752,train,BipFam,BipFam,3.7453792,8.864737
42,864691136904656818,train,L2IT,pyramidal,9.260441,5.289269
1326,864691136372954248,test,NglFam,NglFam,6.183309,4.1505003
4332,864691137056216950,train,MartFam,MartFam,2.647704,6.148289
345,864691135132887456,test,NglFam,NglFam,9.097952,4.008667
454,864691135503004765,train,BipFam,BipFam,8.998501,5.8387527
283,864691135939949365,train,L4IT,pyramidal,5.9817667,5.6478777
691,864691135396115445,test,L4IT,pyramidal,6.3948264,6.2216268
458,864691135595810859,train,BasketFam,BasketFam,0.37469885,5.442346
153,864691136110765496,train,MartFam,MartFam,8.523127,3.7311459
862,864691135106309709,train,NglFam,NglFam,6.189088,3.7053165
1669,864691135755605197,train,thalamocortical,thalamocortical,2.4108467,3.8824053
6296,864691137022180974,test,MartFam,MartFam,2.6760361,4.0810328
570,864691135810297885,train,BipFam,BipFam,7.124907,5.4749203
6008,864691136905941426,train,BasketFam,BasketFam,-0.5224201,5.5541306
1102,864691135878586963,test,thalamocortical,thalamocortical,2.6531038,7.928653
2216,864691135755605197,train,thalamocortical,thalamocortical,3.1636255,8.1720295
4303,864691135210443897,train,BasketFam,BasketFam,-0.81927156,3.8388813
374,864691135571440006,train,MartFam,MartFam,8.094336,3.2612486
4376,864691135210446457,train,MartFam,MartFam,4.5871496,5.9837346
7060,864691135464991645,train,thalamocortical,thalamocortical,2.075403,4.900455
749,864691134887444986,test,NglFam,NglFam,8.128896,3.8672955
598,864691135118298333,train,MartFam,MartFam,6.7170863,5.0003314
83,864691136108462553,train,L4IT,pyramidal,8.415736,9.5616255
2806,864691135499616019,train,BasketFam,BasketFam,0.052522138,6.0724125
132,864691135990564864,train,NglFam,NglFam,8.86199,3.0655346
397,864691135479833030,train,L4IT,pyramidal,6.792267,6.2580595
427,864691136927366986,train,thalamocortical,thalamocortical,5.0042906,5.738439
220,864691134887444986,test,NglFam,NglFam,3.7319565,7.275773
1796,864691136007059658,test,BipFam,BipFam,4.171111,9.694001
1066,864691135294194358,train,thalamocortical,thalamocortical,4.6405573,5.601713
663,864691134887444986,test,NglFam,NglFam,3.3058147,4.526222
171,864691136034526651,train,BipFam,BipFam,8.801221,9.943569
1905,864691135343601093,train,BasketFam,BasketFam,5.5678377,8.926836
5400,864691136007059658,test,BipFam,BipFam,5.667476,4.152889
396,864691135106309709,train,NglFam,NglFam,7.6495657,9.052258
2369,864691136925008100,train,BipFam,BipFam,2.5889113,7.5249653
2009,864691135464991645,train,thalamocortical,thalamocortical,-1.0326813,5.592302
1620,864691136298913563,train,MartFam,MartFam,5.878747,5.4264007
8672,864691135779780797,test,MartFam,MartFam,6.220205,5.3538036
30,864691135689555680,train,NglFam,NglFam,6.876925,7.26174
109,864691136091233847,train,thalamocortical,thalamocortical,4.741273,6.4268765
1051,864691135477104960,train,thalamocortical,thalamocortical,3.4654381,8.697184
67,864691135838916755,test,L3IT,pyramidal,7.3091593,6.5294633
192,864691135376096329,train,BipFam,BipFam,4.5981445,10.024982
1046,864691135562950369,train,BipFam,BipFam,6.7983317,8.314717
1243,864691136229366097,test,BasketFam,BasketFam,0.35831594,4.03924
4805,864691136118878116,train,MartFam,MartFam,4.5830965,2.8793888
489,864691135869457430,train,BasketFam,BasketFam,-0.47697946,3.9627957
25,864691135891690121,train,BasketFam,BasketFam,8.854494,8.380209
176,864691136086632812,train,NglFam,NglFam,7.533573,4.684031
5811,864691135997428394,test,thalamocortical,thalamocortical,2.6681507,8.445639
359,864691136239793212,test,NglFam,NglFam,8.206951,8.149207
2173,864691135858363694,train,BasketFam,BasketFam,-1.0626166,4.0303655
1839,864691136138695549,train,BasketFam,BasketFam,0.14481845,4.2297993
2644,864691135685030130,train,thalamocortical,thalamocortical,4.271825,7.295823
3911,864691135869457430,train,BasketFam,BasketFam,0.40021732,4.964615
111,864691135976979567,train,L2IT,pyramidal,8.027574,6.139176
1209,864691136991606421,train,L4IT,pyramidal,5.222811,6.9322386
228,864691135303514791,train,NglFam,NglFam,8.635828,5.6022
300,864691135928029966,train,thalamocortical,thalamocortical,4.2108192,6.6987004
0,864691135343506885,train,BipFam,BipFam,9.314459,8.705682
193,864691136524282001,train,NglFam,NglFam,4.42936,4.8442235
156,864691135503782210,test,BipFam,BipFam,4.1993623,10.373313
6576,864691135499765267,train,MartFam,MartFam,3.9944022,2.3234916
7060,864691135839979667,train,MartFam,MartFam,3.8143651,4.777715
2748,864691135442598728,train,BasketFam,BasketFam,-0.9072451,3.9801917
165,864691136010650796,train,BipFam,BipFam,8.639345,4.996803
435,864691135470860370,test,BipFam,BipFam,4.216839,4.7886033
2290,864691135528046939,train,MartFam,MartFam,5.0319495,2.4064353
2422,864691135499616019,train,BasketFam,BasketFam,0.14573073,6.779879
454,864691136524282001,train,NglFam,NglFam,5.0842204,3.890947
128,864691136273370302,train,NglFam,NglFam,8.682448,9.428232
2724,864691135294194358,train,thalamocortical,thalamocortical,2.0401642,7.178342
554,864691135293096118,train,NglFam,NglFam,3.0583096,5.284803
130,864691136389921911,train,L2IT,pyramidal,9.307506,5.073707
114,864691135741963627,test,L4IT,pyramidal,8.965404,8.749925
3050,864691135928029966,train,thalamocortical,thalamocortical,3.57412,5.5444884
74,864691136927366986,train,thalamocortical,thalamocortical,2.9568295,7.614566
826,864691136372954248,test,NglFam,NglFam,4.690385,7.35913
669,864691135499616019,train,BasketFam,BasketFam,0.057433445,6.0631223
775,864691135778081453,train,thalamocortical,thalamocortical,3.9687576,7.16576
53,864691135518510218,train,NglFam,NglFam,9.455013,3.2069752
9736,864691135210446457,train,MartFam,MartFam,5.5340514,2.734064
247,864691135765013302,test,L4IT,pyramidal,7.627203,8.627931
2215,864691136813553523,train,BasketFam,BasketFam,0.10481646,7.5938635
2808,864691136595955362,train,MartFam,MartFam,3.2251136,3.8971076
254,864691135376096329,train,BipFam,BipFam,4.9791474,6.2921276
1859,864691136091233847,train,thalamocortical,thalamocortical,2.0928602,4.0607514
2352,864691135990672896,train,MartFam,MartFam,6.3983564,5.0626526
301,864691136273370302,train,NglFam,NglFam,7.503281,7.946913
8216,864691135499765267,train,MartFam,MartFam,2.7078893,4.079247
161,864691135783308368,train,L4IT,pyramidal,8.713963,8.686231
3999,864691135997140906,train,BipFam,BipFam,4.3141937,6.7313814
562,864691136239793212,test,NglFam,NglFam,4.4439993,8.189217
1307,864691135778081453,train,thalamocortical,thalamocortical,4.842189,5.1804333
2870,864691136391023120,train,BasketFam,BasketFam,-0.06002028,5.6499805
306,864691135656579010,train,L5IT,pyramidal,8.453185,4.3272066
1826,864691136484883756,train,BasketFam,BasketFam,-0.8322583,4.117621
2086,864691135839979667,train,MartFam,MartFam,3.33181,5.0596313
2768,864691135866821340,train,thalamocortical,thalamocortical,5.4326954,5.2768216
1979,864691135869457430,train,BasketFam,BasketFam,-0.95779955,3.948009
3384,864691136288755395,train,thalamocortical,thalamocortical,2.3646398,7.697773
1565,864691135562950369,train,BipFam,BipFam,7.04541,5.0466375
2933,864691135464991645,train,thalamocortical,thalamocortical,4.1633267,6.3700657
210,864691135342594225,test,L2IT,pyramidal,6.7563114,6.42147
935,864691136137064075,train,BipFam,BipFam,5.740675,8.704657
891,864691135689555680,train,NglFam,NglFam,5.0162625,4.1653347
2759,864691136619344859,test,BasketFam,BasketFam,0.44917855,4.9937963
8457,864691135480702662,train,MartFam,MartFam,2.7335358,4.047431
5362,864691136390675216,train,BasketFam,BasketFam,6.7413044,7.8402724
691,864691136007059658,test,BipFam,BipFam,7.407261,7.912558
564,864691134887444986,test,NglFam,NglFam,1.9871469,3.4573362
626,864691136086632812,train,NglFam,NglFam,7.1718698,4.7709365
3603,864691135778081453,train,thalamocortical,thalamocortical,0.29755446,4.450994
957,864691135689015264,train,thalamocortical,thalamocortical,3.0168571,8.102855
4465,864691136288755395,train,thalamocortical,thalamocortical,5.2570066,5.757317
1506,864691134966249759,train,thalamocortical,thalamocortical,2.940998,7.3127685
191,864691135994226881,train,L2IT,pyramidal,5.113608,9.7458725
6501,864691135689015264,train,thalamocortical,thalamocortical,0.94680035,5.65778
68,864691136438410654,train,BipFam,BipFam,8.447548,7.5440516
542,864691135409937097,train,L2IT,pyramidal,6.471724,8.818021
5414,864691135741889940,train,BasketFam,BasketFam,-0.9508118,4.387609
727,864691135760319822,train,L4IT,pyramidal,9.309872,4.2038345
448,864691135763975990,test,BasketFam,BasketFam,-0.8093844,4.797987
263,864691135840033171,train,NglFam,NglFam,7.609867,7.877985
2092,864691136011458734,test,BasketFam,BasketFam,-1.0083338,4.2564464
142,864691135970180709,test,L2IT,pyramidal,7.3891063,7.8195386
1429,864691136058602712,train,thalamocortical,thalamocortical,3.1532395,5.5250463
761,864691136914542577,train,MartFam,MartFam,1.1367546,7.167134
594,864691135293096118,train,NglFam,NglFam,5.4314795,9.793051
2874,864691135878586963,test,thalamocortical,thalamocortical,6.3255787,7.488677
1405,864691136372954248,test,NglFam,NglFam,5.845286,5.865646
886,864691136372954248,test,NglFam,NglFam,3.2905586,7.003641
1506,864691135866821340,train,thalamocortical,thalamocortical,3.329386,4.5035367
1131,864691135946994785,train,BasketFam,BasketFam,0.06327511,8.488952
5609,864691135689015264,train,thalamocortical,thalamocortical,1.9273895,5.2626734
3087,864691135562001633,train,MartFam,MartFam,9.080817,5.6897473
2305,864691135343601093,train,BasketFam,BasketFam,-0.56878674,4.5328054
4975,864691136196932172,train,BasketFam,BasketFam,-1.0288593,3.8721385
153,864691135840033171,train,NglFam,NglFam,4.01745,6.408214
1177,864691135014276342,test,BasketFam,BasketFam,-0.72690535,4.953327
139,864691135106309709,train,NglFam,NglFam,8.917132,9.422535
270,864691135464991645,train,thalamocortical,thalamocortical,6.138629,8.246148
498,864691135132887456,test,NglFam,NglFam,8.398889,2.534808
131,864691136239793212,test,NglFam,NglFam,9.397264,8.716023
178,864691135132887456,test,NglFam,NglFam,9.296616,4.2854285
762,864691137055405174,test,L4IT,pyramidal,8.0543785,9.190872
4132,864691135119335645,train,thalamocortical,thalamocortical,1.9766486,6.1065187
911,864691135878586963,test,thalamocortical,thalamocortical,2.2501476,6.845174
370,864691135941829121,test,BasketFam,BasketFam,-0.0006703517,6.844522
1020,864691136137064075,train,BipFam,BipFam,6.291099,9.907276
140,864691135408808649,train,L2IT,pyramidal,8.869904,5.8376975
1227,864691135839577235,train,MartFam,MartFam,6.293595,5.8847017
446,864691135293096118,train,NglFam,NglFam,3.3897157,7.0833983
46,864691135689555680,train,NglFam,NglFam,9.35527,3.1415768
844,864691135387277397,test,thalamocortical,thalamocortical,4.912233,7.324135
952,864691135106309709,train,NglFam,NglFam,3.829982,10.422095
8143,864691136067404440,test,MartFam,MartFam,6.5398355,2.873115
245,864691136603171281,train,L4IT,pyramidal,3.9430647,6.425803
138,864691136196240342,test,BipFam,BipFam,8.391134,7.2638884
3158,864691135997140906,train,BipFam,BipFam,8.432668,7.7736154
5179,864691135703016059,train,MartFam,MartFam,4.7961226,2.3309155
850,864691135470860370,test,BipFam,BipFam,9.124543,3.8451102
1888,864691136288755395,train,thalamocortical,thalamocortical,6.683713,9.003439
1891,864691136925008100,train,BipFam,BipFam,3.867923,4.5471954
