epoch,train_loss,window_accuracy,window_balanced_accuracy,window_macro_precision,window_macro_f1,cell_accuracy,cell_balanced_accuracy,cell_macro_precision,cell_macro_f1,window_recall_AltBasket,window_recall_AltDTC,window_recall_ChC,window_recall_DTC,window_recall_ITC,window_recall_ITCperi,window_recall_L1,window_recall_L2IT,window_recall_L3IT,window_recall_L4IT,window_recall_L5ET,window_recall_L5IT,window_recall_L5NP,window_recall_L6CT,window_recall_L6IT,window_recall_MC,window_recall_NGC,window_recall_NMC,window_recall_OPC,window_recall_PV,window_recall_astrocyte,window_recall_microglia,window_recall_oligo,window_recall_thalamocortical,cell_recall_AltBasket,cell_recall_AltDTC,cell_recall_ChC,cell_recall_DTC,cell_recall_ITC,cell_recall_ITCperi,cell_recall_L1,cell_recall_L2IT,cell_recall_L3IT,cell_recall_L4IT,cell_recall_L5ET,cell_recall_L5IT,cell_recall_L5NP,cell_recall_L6CT,cell_recall_L6IT,cell_recall_MC,cell_recall_NGC,cell_recall_NMC,cell_recall_OPC,cell_recall_PV,cell_recall_astrocyte,cell_recall_microglia,cell_recall_oligo,cell_recall_thalamocortical,window_precision_AltBasket,window_precision_AltDTC,window_precision_ChC,window_precision_DTC,window_precision_ITC,window_precision_ITCperi,window_precision_L1,window_precision_L2IT,window_precision_L3IT,window_precision_L4IT,window_precision_L5ET,window_precision_L5IT,window_precision_L5NP,window_precision_L6CT,window_precision_L6IT,window_precision_MC,window_precision_NGC,window_precision_NMC,window_precision_OPC,window_precision_PV,window_precision_astrocyte,window_precision_microglia,window_precision_oligo,window_precision_thalamocortical,cell_precision_AltBasket,cell_precision_AltDTC,cell_precision_ChC,cell_precision_DTC,cell_precision_ITC,cell_precision_ITCperi,cell_precision_L1,cell_precision_L2IT,cell_precision_L3IT,cell_precision_L4IT,cell_precision_L5ET,cell_precision_L5IT,cell_precision_L5NP,cell_precision_L6CT,cell_precision_L6IT,cell_precision_MC,cell_precision_NGC,cell_precision_NMC,cell_precision_OPC,cell_precision_PV,cell_precision_astrocyte,cell_precision_microglia,cell_precision_oligo,cell_precision_thalamocortical
0,0.3365415012527632,0.5074584822525415,0.4104678955422053,0.39356766299341844,0.3712314415975461,0.7676537585421412,0.6413577638110058,0.694633779437701,0.6419747567270552,0.3686965859770012,0.17416267942583732,0.0,0.3987800609969501,0.3198305084745763,0.07851167654234925,0.13663478350303404,0.5144522903643455,0.45499720262331766,0.3888020471965325,0.5618455451141101,0.2707235074157509,0.39693991790023636,0.8873971278980427,0.054628042894238615,0.39609208457822004,0.6390142791340396,0.42376798317753117,0.0,0.9231457965435822,0.0,0.0,0.0,0.0,0.8571428571428571,0.5,0.0,0.6666666666666666,0.8571428571428571,0.0,0.0,0.8840579710144928,0.8571428571428571,0.8073394495412844,0.75,0.5185185185185185,0.5,1.0,0.0,0.625,1.0,0.75,0.0,0.9714285714285714,0.0,0.0,0.0,0.0,0.3418945271980416,0.06727215123033055,0.0,0.1521208422337504,0.43482602350410937,0.1259259259259259,0.13286993048957343,0.6760728042004029,0.44845980638441274,0.6663996782147916,0.6419057459758795,0.3076608187134503,0.03743855079605317,0.23730274724110906,0.22942988245647117,0.5585941127309871,0.7328191854629972,0.3723610552120303,0.0,0.9208641459112152,0.0,0.0,0.0,0.0,1.0,1.0,0.0,0.25,1.0,0.0,0.0,0.8970588235294118,0.6461538461538462,0.967032967032967,1.0,0.875,1.0,0.49038461538461536,0.0,0.8333333333333334,1.0,0.6,0.0,0.9444444444444444,0.0,0.0,0.0,0.0
1,0.31057263237078897,0.5325053711368728,0.43262358540735457,0.3987748949635824,0.3851118744957966,0.7972665148063781,0.6928477053114972,0.7017736892736893,0.677673592457617,0.2246409235312542,0.13096377306903623,0.0,0.3702814859257037,0.32301318267419965,0.20555942837225513,0.16903219171037745,0.49705976578737643,0.4997552295402978,0.5014060191496135,0.6504204055677242,0.2704890850667246,0.5305386242069909,0.7804339044269658,0.117929223009631,0.40986197190054074,0.7637954859511745,0.4234765047573442,0.0,0.9185673326851723,0.0,0.0,0.0,0.0,0.5714285714285714,0.0,0.0,0.6666666666666666,0.8571428571428571,0.5,0.3333333333333333,0.8115942028985508,0.9183673469387755,0.8899082568807339,0.8333333333333334,0.5555555555555556,1.0,1.0,0.0,0.8125,1.0,0.75,0.0,0.9714285714285714,0.0,0.0,0.0,0.0,0.5079935242335323,0.06779421130847074,0.0,0.1332062304399439,0.49440793266459127,0.11137865911237016,0.15778609831029186,0.6769860444989362,0.43141365119718805,0.6194882371183146,0.4496053608408549,0.3101411460825898,0.03558882185562537,0.38550535244772755,0.306995499970779,0.5998482220294883,0.6306861402708048,0.3285095936430002,0.0,0.930613383319974,0.0,0.0,0.0,0.0,1.0,0.0,0.0,0.2857142857142857,1.0,0.6666666666666666,0.2,0.9333333333333333,0.6428571428571429,0.9238095238095239,1.0,1.0,1.0,0.5795454545454546,0.0,0.9285714285714286,1.0,0.5,0.0,0.9714285714285714,0.0,0.0,0.0,0.0
2,0.3003407083675415,0.5143625853281427,0.42973010754885854,0.3831237351836329,0.3763028504468546,0.7972665148063781,0.6996450716527358,0.727718491454517,0.686161733086418,0.28679135531791133,0.09760765550239234,0.0,0.3185340732963352,0.3340112994350283,0.1475252701289648,0.2196852823202715,0.4931438662822254,0.4346657134864638,0.410002530426336,0.5766268635624956,0.3271163764022459,0.45192188083094914,0.8537810200476835,0.08646945693738728,0.4604475830678947,0.8282818977429756,0.49719972517748956,0.0,0.911330085914403,0.0,0.0,0.0,0.0,0.7142857142857143,0.0,0.0,0.6666666666666666,0.7857142857142857,0.25,0.3333333333333333,0.8405797101449275,0.8775510204081632,0.8623853211009175,0.75,0.6666666666666666,1.0,1.0,0.0,0.875,1.0,1.0,0.0,0.9714285714285714,0.0,0.0,0.0,0.0,0.4275422739552413,0.06399569776821726,0.0,0.16299953947705062,0.4528301886792453,0.14028836592641697,0.1706070287539936,0.7014710645445575,0.46690677806945424,0.6643542323169864,0.46420486217762763,0.2729645268255445,0.03527766718778828,0.28774579682753243,0.2811777588514418,0.5421043451296562,0.5179445820611787,0.3127996227700207,0.0,0.9310129019834392,0.0,0.0,0.0,0.0,1.0,0.0,0.0,0.5,1.0,1.0,0.14285714285714285,0.9206349206349206,0.6417910447761194,0.9690721649484536,1.0,0.9,1.0,0.5483870967741935,0.0,0.9333333333333333,1.0,0.5714285714285714,0.0,0.9714285714285714,0.0,0.0,0.0,0.0
3,0.2920474618506987,0.5309290842509854,0.43955857862412784,0.39392257357867033,0.38902410420533123,0.8018223234624146,0.731818833067361,0.7291386024402329,0.7102915088100477,0.41896729160141394,0.19617224880382775,0.0,0.26653667316634166,0.38408662900188323,0.23265946322760545,0.18949912578422298,0.5496397849035323,0.5209453579088055,0.4271563721849007,0.6000847876775242,0.31866001898249263,0.44060206493344944,0.7971469080943215,0.11144120750424677,0.32728380124612133,0.7029018885306311,0.5150631883575191,0.0,0.9132076033254628,0.0,0.0,0.0,0.0,1.0,0.5,0.0,0.6666666666666666,0.9285714285714286,0.75,0.0,0.855072463768116,0.9183673469387755,0.8256880733944955,0.75,0.7777777777777778,1.0,1.0,0.0,0.5625,0.6666666666666666,1.0,0.0,0.9714285714285714,0.0,0.0,0.0,0.0,0.41651653655390225,0.07907643136606601,0.0,0.13189341646255473,0.387944152780948,0.10015379421583705,0.16434751583266435,0.6494517355190915,0.4280205450372371,0.6766007376209301,0.5556791415859723,0.3286143867924528,0.035944793992287394,0.3684696130371585,0.390558615263572,0.5135145605992122,0.6572769953051644,0.2751345700431514,0.0,0.9314087824078642,0.0,0.0,0.0,0.0,1.0,0.5,0.0,0.6666666666666666,1.0,0.75,0.0,0.921875,0.625,0.9782608695652174,1.0,0.875,1.0,0.6,0.0,0.9,1.0,0.3076923076923077,0.0,1.0,0.0,0.0,0.0,0.0
4,0.2852959367782396,0.5413122358118484,0.43740717266257356,0.40716247398054384,0.4003460225724766,0.8223234624145785,0.758205752163029,0.8097118565126025,0.7589365022962956,0.38232135666025324,0.16021872863978126,0.0,0.29668516574171294,0.34664783427495294,0.16547577553154408,0.18250539956803455,0.4977878742146358,0.46901128275261866,0.5044670187496428,0.5805412280081962,0.3335258264817208,0.4026620226396318,0.8285055723213649,0.11909661680298733,0.461410569808308,0.7583602026715799,0.4630342903541463,0.0,0.9210723427052124,0.0,0.0,0.0,0.0,1.0,0.5,0.0,0.6666666666666666,0.9285714285714286,0.25,0.3333333333333333,0.8260869565217391,0.9183673469387755,0.8990825688073395,0.75,0.6666666666666666,1.0,1.0,0.0,0.9375,1.0,1.0,0.0,0.9714285714285714,0.0,0.0,0.0,0.0,0.4590362093048243,0.07136333191256165,0.0,0.139511919875864,0.4486557632778414,0.1389275001828956,0.182,0.6952312630348928,0.46642530649779185,0.619477919194501,0.5812805093738946,0.3111740575373011,0.036942355317667736,0.3365389874680266,0.3176710113974331,0.5661311008553568,0.6645676919350932,0.3624511082138201,0.0,0.9315384962700233,0.0,0.0,0.0,0.0,1.0,1.0,0.0,0.6666666666666666,1.0,1.0,0.3333333333333333,0.9344262295081968,0.6923076923076923,0.9423076923076923,1.0,0.8571428571428571,1.0,0.5730337078651685,0.0,0.9375,1.0,0.6666666666666666,0.0,0.9714285714285714,0.0,0.0,0.0,0.0
5,0.27931403918603565,0.535904056615738,0.4347170333300067,0.399053747718391,0.3940946940954536,0.8154897494305239,0.7221246468986526,0.7632233830256723,0.7233384732675346,0.3849165510761108,0.18619275461380724,0.0,0.3111844407779611,0.2962900188323917,0.17357964447542698,0.17016352977476087,0.47863994641121976,0.49196919777453146,0.46750850957888807,0.6395958454038013,0.3567622271266681,0.3636024381141933,0.8150718025489311,0.11967283040611834,0.48546877700683966,0.746568401658222,0.41104703212508586,0.0,0.9266726522351634,0.0,0.0,0.0,0.0,1.0,0.5,0.0,0.6666666666666666,0.7857142857142857,0.25,0.0,0.7971014492753623,0.9591836734693877,0.8899082568807339,0.75,0.7407407407407407,1.0,1.0,0.0,0.9375,1.0,0.75,0.0,0.9714285714285714,0.0,0.0,0.0,0.0,0.47994309305958494,0.08210259810717946,0.0,0.15181228352602566,0.4950286325593103,0.12810289389067525,0.13882362812552443,0.6921454141700327,0.4553791379713376,0.642151792646659,0.44358308423580145,0.29917005087094317,0.037901479493263834,0.347274672390344,0.30565749235474005,0.541366840443498,0.6632565372181528,0.3511864527375574,0.0,0.9280813751304089,0.0,0.0,0.0,0.0,1.0,0.5,0.0,0.6666666666666666,1.0,1.0,0.0,0.9649122807017544,0.6811594202898551,0.9509803921568627,1.0,0.8333333333333334,1.0,0.5862068965517241,0.0,0.8333333333333334,1.0,0.75,0.0,0.9714285714285714,0.0,0.0,0.0,0.0
6,0.2742685024323711,0.5498901496300581,0.4466034188840292,0.4195703544494921,0.4112186875982228,0.8109339407744874,0.7531740192297378,0.771152447089947,0.7413610360476763,0.38874222560293525,0.17539302802460696,0.0,0.28443577821108945,0.37369114877589454,0.18891599860578598,0.1995783194487298,0.5280004024453853,0.5292636682932894,0.4800790146030088,0.6403730657811065,0.3612791455591259,0.4350043537753452,0.7913488423670683,0.14824404516915984,0.4282904104628098,0.7112851220635652,0.4531032041806333,0.0,0.921833766542987,0.0,0.0,0.0,0.0,0.8571428571428571,0.5,0.0,0.6666666666666666,0.9285714285714286,0.25,0.3333333333333333,0.8260869565217391,0.8775510204081632,0.8440366972477065,0.75,0.8148148148148148,1.0,1.0,0.0,0.9375,1.0,1.0,0.0,0.9714285714285714,0.0,0.0,0.0,0.0,0.481623149842009,0.08146548987237284,0.0,0.13454261659256456,0.45753879499181443,0.1400516795865633,0.19611905604123503,0.6826423761942416,0.42140822065278927,0.6414824752275466,0.5785710637863235,0.3195151674512917,0.04211324935571666,0.39114944463802614,0.40394771721620687,0.5763143613427695,0.7171318441461942,0.349522203485104,0.0,0.9371274696680887,0.0,0.0,0.0,0.0,1.0,0.5,0.0,0.5,1.0,1.0,0.3333333333333333,0.890625,0.6142857142857143,0.9583333333333334,1.0,0.88,1.0,0.6,0.0,0.9375,1.0,0.6666666666666666,0.0,1.0,0.0,0.0,0.0,0.0
7,0.2695104776812469,0.5560827052531874,0.4371169928104919,0.41040130069455844,0.40401730312573597,0.8246013667425968,0.760181418332524,0.7929997906783484,0.7634682136192541,0.3274866884424359,0.14559125085440874,0.0,0.30683465826708667,0.3355743879472693,0.2445102823283374,0.15689601974699166,0.5465684911740021,0.44699359711559383,0.5568243965749455,0.5892178336748393,0.3225479994053677,0.3759174026620226,0.8060182654912118,0.17532608451631732,0.39124422825254945,0.7679410409949332,0.4371135308446628,0.0,0.9354997122958789,0.0,0.0,0.0,0.0,1.0,0.5,0.0,0.6666666666666666,0.8571428571428571,0.5,0.3333333333333333,0.855072463768116,0.8163265306122449,0.9541284403669725,0.75,0.6666666666666666,1.0,1.0,0.0,0.8125,1.0,1.0,0.0,0.9714285714285714,0.0,0.0,0.0,0.0,0.45212503088707684,0.07244897959183673,0.0,0.1217803706790491,0.45305229971269484,0.1181026137463698,0.18822876179900055,0.6605338435842137,0.48765280344517725,0.5992875246533161,0.6025346454531004,0.3565230580606834,0.06371763515223075,0.3580113568397869,0.3448433199393591,0.5795396357074931,0.6819371727748691,0.33051020890071314,0.0,0.9163941515750805,0.0,0.0,0.0,0.0,1.0,1.0,0.0,0.6666666666666666,1.0,0.6666666666666666,0.3333333333333333,0.9076923076923077,0.7407407407407407,0.9043478260869565,1.0,0.9473684210526315,1.0,0.5930232558139535,0.0,0.9285714285714286,1.0,0.6666666666666666,0.0,0.918918918918919,0.0,0.0,0.0,0.0
8,0.2656287486812814,0.542229294910887,0.43496844657725,0.4052476778030475,0.39755048043511004,0.8132118451025057,0.724369577813348,0.7437540912134477,0.7192525720878231,0.28735066445925994,0.17402597402597403,0.0,0.30053497325133743,0.3605838041431262,0.24921575461833392,0.16157564537694127,0.49355425466849884,0.46799723370528085,0.5218943098058102,0.6039991521232247,0.3039028462303743,0.32727951237716135,0.8448621375218813,0.14707665137580353,0.45190416224268914,0.7675725472132657,0.4494597239282963,0.0,0.9166426913232405,0.0,0.0,0.0,0.0,0.5714285714285714,0.5,0.0,0.6666666666666666,0.8571428571428571,0.5,0.3333333333333333,0.8260869565217391,0.9183673469387755,0.926605504587156,0.75,0.5925925925925926,1.0,1.0,0.0,0.875,1.0,0.75,0.0,0.9714285714285714,0.0,0.0,0.0,0.0,0.48875527988127404,0.06976489285910012,0.0,0.11221879958928405,0.44217357165950766,0.12871866420630992,0.15639621702339473,0.689382144428871,0.4740773684189812,0.6241583220865559,0.6237340571461927,0.3200674434709301,0.06172144415511296,0.3053551593436165,0.31912060791063196,0.566884176182708,0.6476234891764797,0.3279256288734962,0.0,0.9363809340424076,0.0,0.0,0.0,0.0,1.0,0.5,0.0,0.5,1.0,0.6666666666666666,0.2,0.95,0.703125,0.926605504587156,1.0,0.9411764705882353,1.0,0.5666666666666667,0.0,0.9333333333333333,1.0,0.5,0.0,1.0,0.0,0.0,0.0,0.0
9,0.2620471224373278,0.5461486657020316,0.43917272827844955,0.4121359562077157,0.40413411333169297,0.8154897494305239,0.7190811321229088,0.7316836712670045,0.7126575467015419,0.3767058928811132,0.14900888585099112,0.0,0.3167341632918354,0.2997928436911488,0.17697804112931334,0.14846240872158797,0.5305474581072888,0.4767234948559351,0.48316450219983836,0.6336607079771073,0.3402040046198356,0.35539246174897376,0.8422640971413635,0.13991513945117526,0.4588343745113048,0.7789037309995394,0.47469342716162477,0.0,0.9231234746721165,0.0,0.0,0.0,0.0,0.8571428571428571,0.5,0.0,0.6666666666666666,0.9285714285714286,0.0,0.0,0.8405797101449275,0.8979591836734694,0.8899082568807339,0.75,0.7037037037037037,1.0,1.0,0.0,0.9375,1.0,1.0,0.0,0.9714285714285714,0.0,0.0,0.0,0.0,0.4823121652201312,0.08162959634539055,0.0,0.15829189675420405,0.5270145004303781,0.15605071071840185,0.14815765164733655,0.6697382317945427,0.4701277802256748,0.6486918927212303,0.5233115875220279,0.31370140346067465,0.06712718216207327,0.307303497425049,0.3489678599425137,0.5464106484748686,0.7129005059021922,0.32538889681746824,0.0,0.931321204174726,0.0,0.0,0.0,0.0,1.0,1.0,0.0,0.6666666666666666,1.0,0.0,0.0,0.9206349206349206,0.6875,0.9509803921568627,1.0,0.8636363636363636,1.0,0.5604395604395604,0.0,0.8823529411764706,1.0,0.6666666666666666,0.0,0.9714285714285714,0.0,0.0,0.0,0.0
10,0.25848753048730677,0.5479254415465861,0.43968956069611137,0.40522590971429623,0.4049712566706438,0.826879271070615,0.7592392780436497,0.7696045414468426,0.750687245355485,0.3704416304980089,0.14832535885167464,0.0,0.2738863056847158,0.3756120527306968,0.22882537469501568,0.1349377764064589,0.5305395151062641,0.4918837223759053,0.4828237109110351,0.616575990955981,0.35438369792679164,0.3607413857444956,0.8085925433072737,0.14867059290134774,0.46396207313760834,0.744956241363427,0.4559347088338781,0.0,0.9233194110994266,0.0,0.0,0.0,0.0,1.0,0.5,0.0,0.6666666666666666,0.9285714285714286,0.5,0.0,0.8260869565217391,0.9183673469387755,0.8899082568807339,0.75,0.7777777777777778,1.0,1.0,0.0,0.9375,1.0,1.0,0.0,0.9714285714285714,0.0,0.0,0.0,0.0,0.461881781918603,0.10166791604197901,0.0,0.1440896417486454,0.4585689980227158,0.13368630046326935,0.153810082063306,0.667746364351315,0.4547880938867295,0.6469139110510803,0.472591389114541,0.3031819404700761,0.07088211570894337,0.34565844541058877,0.3228831464326345,0.5695722903131284,0.712466960352423,0.3436916364549492,0.0,0.9299853610524055,0.0,0.0,0.0,0.0,1.0,1.0,0.0,0.6666666666666666,1.0,0.6666666666666666,0.0,0.9344262295081968,0.6716417910447762,0.9509803921568627,1.0,0.875,1.0,0.6071428571428571,0.0,0.9375,1.0,0.5714285714285714,0.0,0.9714285714285714,0.0,0.0,0.0,0.0
11,0.2557036765512147,0.5509796543469899,0.442660355282932,0.40215657994641035,0.4042404622276909,0.8291571753986332,0.7476263252596266,0.7520639437779839,0.7385284826661379,0.358338180679225,0.14736842105263157,0.0,0.3348832558372081,0.33743879472693034,0.22847682119205298,0.12460146045459221,0.5365073565427824,0.4706974792527896,0.5096421487400926,0.64555924538967,0.3583345721506249,0.3964423435750715,0.8111272168492424,0.1533701012489617,0.45061194926623704,0.7673422385997236,0.4191876080031646,0.0,0.9179572015317764,0.0,0.0,0.0,0.0,1.0,0.5,0.0,0.6666666666666666,0.8571428571428571,0.5,0.0,0.8405797101449275,0.8775510204081632,0.908256880733945,0.8333333333333334,0.8148148148148148,1.0,1.0,0.0,0.9375,1.0,0.75,0.0,0.9714285714285714,0.0,0.0,0.0,0.0,0.47068676716917923,0.08264969715556238,0.0,0.14041045636542776,0.46022654303547117,0.13468947449529975,0.15477483232194186,0.6578492005519032,0.4693189742000465,0.637432841154175,0.4758992843228152,0.30810980885707545,0.09683398152649489,0.36184903286902564,0.30582249015160556,0.5643949156211664,0.6598407731611676,0.32135218820825484,0.0,0.9366771778687736,0.0,0.0,0.0,0.0,1.0,1.0,0.0,0.5,0.9230769230769231,0.6666666666666666,0.0,0.9354838709677419,0.7049180327868853,0.9519230769230769,1.0,0.8461538461538461,1.0,0.6,0.0,0.9375,1.0,0.5,0.0,0.9714285714285714,0.0,0.0,0.0,0.0
12,0.2529890811318493,0.5439487284019189,0.4423139027681557,0.40485827403467445,0.4055890070039141,0.826879271070615,0.7737895425939141,0.7833240469808251,0.7667358622147662,0.45391292675287487,0.15023923444976076,0.0,0.3272836358182091,0.3130885122410546,0.2148832345765075,0.13689190579039393,0.5191704329729858,0.4801891337456874,0.48228293431502994,0.6409241856850137,0.36513282027238736,0.36036820500062194,0.82859270172437,0.14963593776893086,0.454834275743434,0.7391985260248733,0.4405071724511253,0.0,0.9045144744935415,0.0,0.0,0.0,0.0,1.0,0.5,0.0,0.6666666666666666,0.8571428571428571,0.5,0.3333333333333333,0.8260869565217391,0.9183673469387755,0.8899082568807339,0.75,0.7777777777777778,1.0,1.0,0.0,0.9375,1.0,1.0,0.0,0.9714285714285714,0.0,0.0,0.0,0.0,0.42043641337008103,0.06524191154645295,0.0,0.14699211820447758,0.4744171446508575,0.14140719077928782,0.15917244678306625,0.677946998115719,0.45423072258382247,0.6554565448307804,0.5166188263167487,0.2976342502400239,0.109049160581194,0.3329757706166206,0.2862910730904145,0.5693605885140843,0.7323840817816721,0.3068822974835013,0.0,0.9409513931353349,0.0,0.0,0.0,0.0,1.0,0.5,0.0,0.6666666666666666,1.0,1.0,0.3333333333333333,0.9193548387096774,0.6923076923076923,0.9509803921568627,1.0,0.84,1.0,0.5930232558139535,0.0,0.9375,1.0,0.6666666666666666,0.0,1.0,0.0,0.0,0.0,0.0
13,0.2502298634943954,0.548657079750657,0.44285901571423963,0.4085024818863726,0.4053462618592436,0.8291571753986332,0.7629694746113506,0.8456280109802469,0.7651749590518189,0.3508434381851537,0.16076555023923444,0.0,0.3294835258237088,0.31681732580037664,0.22063436737539213,0.12331584901779286,0.5479161536811838,0.4669015945047089,0.46938184133410604,0.6255210909347841,0.3874258139029606,0.3842517726085334,0.8088539315162893,0.17168920385239952,0.44052116513164935,0.7766927683095348,0.4580375174366555,0.0,0.9324093732018492,0.0,0.0,0.0,0.0,1.0,0.5,0.0,0.6666666666666666,0.9285714285714286,0.5,0.0,0.855072463768116,0.8571428571428571,0.8807339449541285,0.75,0.8518518518518519,1.0,1.0,0.034482758620689655,0.9375,1.0,1.0,0.0,0.9714285714285714,0.0,0.0,0.0,0.0,0.46225497420781136,0.08418038654259127,0.0,0.13908235194799712,0.4578060794078428,0.1506156683124145,0.166887048507203,0.6668804279522421,0.46487149333869743,0.6693166111361686,0.5093551505109086,0.2899977317178599,0.06865359825754545,0.35303451971443883,0.3553528282014745,0.5527476272604281,0.7033452907316259,0.33750095880954206,0.0,0.9211619273979148,0.0,0.0,0.0,0.0,1.0,1.0,0.0,0.6666666666666666,0.9285714285714286,1.0,0.0,0.8939393939393939,0.6885245901639344,0.9504950495049505,1.0,0.8518518518518519,1.0,0.6144578313253012,1.0,0.8823529411764706,1.0,0.8,0.0,0.9444444444444444,0.0,0.0,0.0,0.0
14,0.24827324884029697,0.5520394414938479,0.44772317499926473,0.40467368256951,0.40961997093639363,0.8405466970387244,0.7903340701537674,0.8697946840276214,0.7922552503115318,0.44078034811400957,0.16637047163362953,0.0,0.2735363231838408,0.36448210922787194,0.20704078075984664,0.14398848092152627,0.5092972826993495,0.4925675255649147,0.5005693459256054,0.6410937610400622,0.3824343331541813,0.35788033337479785,0.7850992879151518,0.19393703556809422,0.4031292953735483,0.7878857669276831,0.4807936540983948,0.0,0.9281310145042561,0.0,0.0,0.0,0.0,1.0,0.5,0.0,0.6666666666666666,0.9285714285714286,0.5,0.3333333333333333,0.8260869565217391,0.9183673469387755,0.8899082568807339,0.8333333333333334,0.8518518518518519,1.0,1.0,0.06896551724137931,0.9375,1.0,1.0,0.0,0.9714285714285714,0.0,0.0,0.0,0.0,0.4248226491579878,0.09917692119631652,0.0,0.12526330250022896,0.45935489995965156,0.13018464741657992,0.15427847264312083,0.6953232313008777,0.44992831185054794,0.6397388852811312,0.5260003014527704,0.3034882982295344,0.07823462228748572,0.3785340294141235,0.33884211076826526,0.5681491276911655,0.648432465218545,0.33729150235153216,0.0,0.9270825075313144,0.0,0.0,0.0,0.0,1.0,1.0,0.0,0.6666666666666666,1.0,1.0,0.3333333333333333,0.9344262295081968,0.6716417910447762,0.9603960396039604,1.0,0.8846153846153846,1.0,0.6296296296296297,1.0,0.9375,1.0,0.6666666666666666,0.0,0.9714285714285714,0.0,0.0,0.0,0.0
15,0.2462041913617001,0.5480200355020323,0.4374138701508043,0.40185520150216675,0.40273279194219935,0.8314350797266514,0.7670889962621418,0.8312381077602622,0.7546949616440219,0.4342923620743657,0.14326725905673274,0.0,0.3056847157642118,0.3057062146892655,0.1826420355524573,0.14326853851691865,0.5384295627907469,0.47116759394523355,0.4839460774310459,0.6328269624814526,0.39490445859872614,0.3220549819629307,0.7990558341056166,0.16304599980543436,0.42753319011992064,0.7642100414555505,0.44125668838874893,0.0,0.9201571459751186,0.0,0.0,0.0,0.0,1.0,0.5,0.0,0.6666666666666666,0.8571428571428571,0.25,0.3333333333333333,0.8260869565217391,0.9183673469387755,0.8899082568807339,0.8333333333333334,0.8518518518518519,1.0,1.0,0.034482758620689655,0.875,1.0,1.0,0.0,0.9714285714285714,0.0,0.0,0.0,0.0,0.41126247325268533,0.07656900708701687,0.0,0.13464884268945318,0.46690827508844596,0.13689504277970088,0.1345958741968211,0.6457984674353836,0.459756911271856,0.645235102382857,0.4773895060017483,0.3019352920861548,0.09163304310894033,0.36092377596107406,0.3722726263092248,0.5651185308484828,0.6841649484536082,0.3353374893199582,0.0,0.9329484187655911,0.0,0.0,0.0,0.0,1.0,0.5,0.0,0.5,1.0,1.0,0.3333333333333333,0.9193548387096774,0.6923076923076923,0.9509803921568627,1.0,0.8518518518518519,1.0,0.6144578313253012,1.0,0.9333333333333333,1.0,0.6666666666666666,0.0,1.0,0.0,0.0,0.0,0.0
16,0.2445240065993947,0.5521691942645927,0.44435081044137736,0.40192777910800004,0.4074559219569013,0.8291571753986332,0.7704042778057254,0.8473468848468848,0.7710603603929359,0.41310573180008053,0.15406698564593302,0.0,0.29078546072696365,0.3584934086629002,0.21235622168002788,0.15031368919057905,0.5076875011583544,0.4798860846051037,0.5253226293578431,0.6256765350102452,0.3754874269574266,0.35551685533026495,0.7884973346323535,0.18002559286393127,0.38244565709441386,0.7901427913403961,0.4820428473277675,0.0,0.9264618345602095,0.0,0.0,0.0,0.0,1.0,0.5,0.0,0.6666666666666666,0.8571428571428571,0.5,0.3333333333333333,0.8260869565217391,0.9387755102040817,0.8990825688073395,0.75,0.7777777777777778,1.0,1.0,0.034482758620689655,0.8125,1.0,1.0,0.0,0.9714285714285714,0.0,0.0,0.0,0.0,0.42760872585799636,0.07499833632794303,0.0,0.1302400573271229,0.45115419253922356,0.14491288577035144,0.15754864442408237,0.6891397478472132,0.4614226529140812,0.6239172269376003,0.48688652583656816,0.31211295987377086,0.11124085318387046,0.3725672924339052,0.33215972164692237,0.5477155924371729,0.6521689541116983,0.3305257748147725,0.0,0.9283798796597069,0.0,0.0,0.0,0.0,1.0,1.0,0.0,0.6666666666666666,1.0,0.6666666666666666,0.3333333333333333,0.95,0.696969696969697,0.9423076923076923,1.0,0.875,1.0,0.6071428571428571,1.0,0.9285714285714286,1.0,0.6666666666666666,0.0,0.918918918918919,0.0,0.0,0.0,0.0
17,0.24244723803071574,0.5466982314697347,0.43978977745840503,0.40645541278679964,0.4045114375679779,0.8291571753986332,0.754109775805129,0.8235237709736798,0.7502366099178904,0.3715155040493982,0.13082706766917293,0.0,0.32848357582120896,0.3510734463276836,0.2119205298013245,0.11313380643834207,0.5029137575425414,0.464706430858173,0.5187312768857798,0.6421112131703526,0.3561733124449679,0.36671227764647346,0.8075549113260303,0.19291930764568102,0.417960937307094,0.7617227084292952,0.4680727030459495,0.0,0.9096832278418222,0.0,0.0,0.0,0.0,1.0,0.5,0.0,0.6666666666666666,0.8571428571428571,0.5,0.0,0.8260869565217391,0.8979591836734694,0.9174311926605505,0.75,0.7777777777777778,1.0,1.0,0.034482758620689655,0.875,1.0,1.0,0.0,0.9714285714285714,0.0,0.0,0.0,0.0,0.4698658819534831,0.08518782268114652,0.0,0.12956024452770656,0.4670073650984518,0.13730803974706413,0.15192320972308543,0.6923870450361784,0.46034415736867024,0.6254308807066321,0.5206535812908918,0.3178735629251267,0.067031992541895,0.34117048652591914,0.3154327105433812,0.555104940970704,0.701433661350526,0.3371929087800342,0.0,0.9412889383914961,0.0,0.0,0.0,0.0,1.0,1.0,0.0,0.6666666666666666,1.0,0.6666666666666666,0.0,0.95,0.7213114754098361,0.9259259259259259,1.0,0.875,1.0,0.6,1.0,0.875,1.0,0.5714285714285714,0.0,0.9714285714285714,0.0,0.0,0.0,0.0
18,0.24058889572492295,0.5515639603726668,0.43856930154152357,0.40729817826155357,0.40591025785197654,0.8314350797266514,0.7647978020066619,0.8169543180983339,0.7575609935190474,0.37706385073157633,0.15160628844839372,0.0,0.287985600719964,0.3250659133709981,0.20224817009410945,0.09816928931399774,0.5244975389935158,0.47200292170453484,0.4994265727415945,0.660510139193104,0.39475008290546487,0.3404652319940291,0.7905171526111098,0.1856979293726755,0.45285068767130054,0.772639336711193,0.4350940017905103,0.0,0.9236567193793528,0.0,0.0,0.0,0.0,1.0,0.5,0.0,0.6666666666666666,0.8571428571428571,0.5,0.0,0.8260869565217391,0.8979591836734694,0.8899082568807339,0.8333333333333334,0.8518518518518519,1.0,1.0,0.034482758620689655,0.9375,1.0,1.0,0.0,0.9714285714285714,0.0,0.0,0.0,0.0,0.4831579852650288,0.0827241533641653,0.0,0.1362056326704344,0.48419310499593254,0.14374187155508764,0.176172019195275,0.6835184475935147,0.45627516375217836,0.6382484333069935,0.45691467002942415,0.2912323624322443,0.08915599856672855,0.3772391035648003,0.3472183354788157,0.5413329660166473,0.6880794158667651,0.3249370277078086,0.0,0.9310205173461199,0.0,0.0,0.0,0.0,1.0,0.5,0.0,1.0,1.0,0.6666666666666666,0.0,0.9193548387096774,0.676923076923077,0.9509803921568627,0.9090909090909091,0.8846153846153846,1.0,0.6219512195121951,1.0,0.9375,1.0,0.6666666666666666,0.0,0.9714285714285714,0.0,0.0,0.0,0.0
19,0.2394317646698404,0.5473524365686838,0.4471667262529183,0.3957462463083886,0.4031867690379856,0.8382687927107062,0.7823886877801284,0.8538068561248173,0.7826471757891613,0.41013020716810594,0.149419002050581,0.0,0.2993350332483376,0.40555555555555556,0.21871732310909725,0.1838424354623059,0.5529573116648265,0.4666840207627514,0.4819258176950265,0.6246732141595421,0.32819128863680547,0.35949744993158356,0.8018994209855128,0.18346790789562303,0.4017630064939875,0.8058959005066789,0.4544773167329433,0.0,0.9205688604932638,0.0,0.0,0.0,0.0,1.0,0.5,0.0,0.6666666666666666,0.9285714285714286,0.5,0.3333333333333333,0.8695652173913043,0.8775510204081632,0.8990825688073395,0.75,0.8148148148148148,1.0,1.0,0.034482758620689655,0.9375,1.0,1.0,0.0,0.9714285714285714,0.0,0.0,0.0,0.0,0.42294204503506827,0.07150801439319594,0.0,0.13152749401348887,0.4249713857204878,0.12447926998611386,0.17937782237832414,0.6440508093539046,0.4628518582740882,0.6455237751609976,0.5043469331872946,0.3177502837056104,0.07005211489516422,0.35225572542988565,0.3439920305309238,0.5601611181877647,0.5781317119915408,0.3562638725682204,0.0,0.9332461687389211,0.0,0.0,0.0,0.0,1.0,0.5,0.0,0.6666666666666666,0.9285714285714286,1.0,0.5,0.9090909090909091,0.7166666666666667,0.9514563106796117,1.0,0.88,1.0,0.6071428571428571,1.0,0.9375,1.0,0.8,0.0,0.9714285714285714,0.0,0.0,0.0,0.0
20,0.23791419852255152,0.5480644025784805,0.445121992421518,0.4045449737107848,0.4094097842081514,0.826879271070615,0.7754952908787538,0.8542588840797135,0.7787972367970019,0.4623025638731039,0.149419002050581,0.0,0.3017849107544623,0.37354048964218456,0.23257232485186477,0.13817751722719326,0.4998848264851426,0.4906676405681783,0.4836032454758426,0.6277255705504133,0.3595581424601768,0.3203134718248538,0.807903428938051,0.18942460955915918,0.45852984024296894,0.757300783049286,0.43113822323083006,0.0,0.9283492728030318,0.0,0.0,0.0,0.0,1.0,0.5,0.0,0.6666666666666666,0.8571428571428571,0.5,0.3333333333333333,0.8260869565217391,0.8775510204081632,0.8899082568807339,0.75,0.8148148148148148,1.0,1.0,0.034482758620689655,0.9375,1.0,1.0,0.0,0.9714285714285714,0.0,0.0,0.0,0.0,0.41515650741350907,0.08645100055366606,0.0,0.1277676643664536,0.4296731148322249,0.11880703316269753,0.1541860331669249,0.6935079818690724,0.4608939057191135,0.6482011810689796,0.55625680904617,0.31659073174415386,0.11084804132587171,0.32789820711560036,0.32493806241254924,0.5450542999706487,0.6985172281939075,0.3419362295866977,0.0,0.9251254952458866,0.0,0.0,0.0,0.0,1.0,1.0,0.0,0.6666666666666666,1.0,0.6666666666666666,0.3333333333333333,0.9344262295081968,0.671875,0.941747572815534,1.0,0.88,1.0,0.6,1.0,0.9375,1.0,0.8,0.0,0.9444444444444444,0.0,0.0,0.0,0.0
21,0.23690366507083396,0.5515438696210675,0.44352310465622835,0.4005588113137111,0.40705662295658207,0.8382687927107062,0.7781157888926375,0.8145687422112977,0.783157258562605,0.4158575327755157,0.1269993164730007,0.0,0.28103594820258987,0.3781732580037665,0.1965841756709655,0.18101409030134732,0.5003878832167036,0.48439296925993847,0.5131418916161261,0.6313007842860171,0.35369758373451954,0.347058091802463,0.7968063113371195,0.16257455231196355,0.49395458324073843,0.769737448180562,0.4261622702004955,0.0,0.9245371931982778,0.0,0.0,0.0,0.0,1.0,0.5,0.0,0.6666666666666666,1.0,0.5,0.3333333333333333,0.8260869565217391,0.9183673469387755,0.908256880733945,0.9166666666666666,0.7777777777777778,1.0,1.0,0.0,0.9375,1.0,0.75,0.0,0.9714285714285714,0.0,0.0,0.0,0.0,0.4200298278121752,0.07748769705563432,0.0,0.1461138549519106,0.4090066602847425,0.12257538712306439,0.15844436442203816,0.6968423226110939,0.4563740455220985,0.6313392402075859,0.5050820246695836,0.3045029878811148,0.09304962646744931,0.36024537768180404,0.35535527348861556,0.539039834733013,0.6730436183495107,0.336888362217943,0.0,0.9246380981674224,0.0,0.0,0.0,0.0,1.0,1.0,0.0,0.6666666666666666,1.0,1.0,0.3333333333333333,0.95,0.703125,0.9428571428571428,1.0,0.875,1.0,0.6144578313253012,0.0,0.8823529411764706,1.0,0.75,0.0,0.9444444444444444,0.0,0.0,0.0,0.0
22,0.23501355621128805,0.5480924459192544,0.4445022338610345,0.40102084372738767,0.4086242166285681,0.8428246013667426,0.7599644386406817,0.8124573953010145,0.7516031542501238,0.4644055662445747,0.10799726589200273,0.0,0.2978851057447128,0.3962523540489642,0.19536423841059603,0.1726319037334156,0.5315191518993039,0.42921082895595686,0.48916406141589597,0.6564968557902918,0.3682088989010738,0.3199402910809802,0.8132341642310038,0.18412643772777273,0.42861140604294756,0.7728235836020267,0.44712789656680063,0.0,0.9260401992103018,0.0,0.0,0.0,0.0,1.0,0.0,0.0,0.6666666666666666,0.9285714285714286,0.5,0.3333333333333333,0.855072463768116,0.8775510204081632,0.926605504587156,0.8333333333333334,0.8148148148148148,1.0,1.0,0.034482758620689655,0.9375,1.0,1.0,0.0,0.9714285714285714,0.0,0.0,0.0,0.0,0.42532527404979,0.06969563299514778,0.0,0.14166825185466997,0.4404278477833131,0.1491584059610139,0.17248998047477135,0.6806284497606357,0.4854503748363112,0.6516797116066889,0.4554518538852179,0.29736568697619653,0.13346479165585595,0.3325117967684789,0.3000865927579184,0.5536242053113903,0.6667196503079674,0.33463701949296476,0.0,0.9279896606146466,0.0,0.0,0.0,0.0,1.0,0.0,0.0,0.5,1.0,1.0,0.3333333333333333,0.9365079365079365,0.7413793103448276,0.9439252336448598,1.0,0.88,1.0,0.6071428571428571,1.0,0.9375,1.0,0.8,0.0,0.9444444444444444,0.0,0.0,0.0,0.0
23,0.2349206813120647,0.5458736735395174,0.43982084137327715,0.39354322132540726,0.39885942405548563,0.826879271070615,0.7340958935121075,0.7464015634609038,0.7198135255084035,0.40290393306188194,0.13055365686944634,0.0,0.32833358332083395,0.3474011299435028,0.18638898570930637,0.17844286742774865,0.541953607578682,0.4777336586578808,0.4861867291382674,0.6097929767540451,0.3236629349678098,0.3473068789650454,0.809883642642714,0.16185615613143656,0.4008658650007819,0.8070013818516812,0.44756511419708106,0.0,0.9289420425008432,0.0,0.0,0.0,0.0,1.0,0.0,0.0,0.6666666666666666,0.9285714285714286,0.25,0.3333333333333333,0.855072463768116,0.9183673469387755,0.8990825688073395,0.75,0.7037037037037037,1.0,1.0,0.0,0.9375,1.0,1.0,0.0,0.9714285714285714,0.0,0.0,0.0,0.0,0.44732854765394076,0.07759811489396279,0.0,0.12888601036269431,0.4654572062979411,0.14033591392205746,0.17417929926714185,0.6632073821110815,0.4623028480120312,0.6453027450874176,0.46053361792956243,0.32485165673885846,0.08043559678488087,0.3444933356693306,0.2904274032199589,0.5299673558215452,0.6048053024026512,0.31797003268892277,0.0,0.9256956149933515,0.0,0.0,0.0,0.0,1.0,0.0,0.0,0.5,1.0,1.0,0.3333333333333333,0.921875,0.703125,0.9514563106796117,1.0,0.8636363636363636,1.0,0.5862068965517241,0.0,0.9375,1.0,0.6666666666666666,0.0,0.9714285714285714,0.0,0.0,0.0,0.0
24,0.23328994161008468,0.5494594541426502,0.44864979149165546,0.4043682994800572,0.4123711325791032,0.8314350797266514,0.7818828102086061,0.8546789469850526,0.7826347044257306,0.41124882545080316,0.13998632946001366,0.0,0.3223838808059597,0.36071563088512243,0.23884628790519344,0.16661524220919469,0.521590400618495,0.4792411338700152,0.48125443844942006,0.630255069596552,0.3742238333199922,0.346436123896007,0.7968696781756687,0.1986664770898968,0.44206852844103145,0.7704283740211884,0.4709042076991943,0.0,0.9239617849560507,0.0,0.0,0.0,0.0,1.0,0.5,0.0,0.6666666666666666,0.8571428571428571,0.5,0.3333333333333333,0.8260869565217391,0.9183673469387755,0.8807339449541285,0.8333333333333334,0.8148148148148148,1.0,1.0,0.034482758620689655,0.9375,1.0,1.0,0.0,0.9714285714285714,0.0,0.0,0.0,0.0,0.43753124033037394,0.06967408314622031,0.0,0.14861251959067023,0.4326827505195627,0.12336844000360069,0.17256071580741372,0.6875202853383682,0.4557442343360896,0.6475272100251508,0.503266720077634,0.2963689136626472,0.1544305201286459,0.3614597218379819,0.3118158327460653,0.5508717948717948,0.6623371480616165,0.33356438125857213,0.0,0.9292928788986203,0.0,0.0,0.0,0.0,1.0,1.0,0.0,0.6666666666666666,1.0,0.6666666666666666,0.3333333333333333,0.95,0.6818181818181818,0.9504950495049505,1.0,0.8461538461538461,1.0,0.6071428571428571,1.0,0.9375,1.0,0.8,0.0,0.9444444444444444,0.0,0.0,0.0,0.0
25,0.23209647259553504,0.5358387616730406,0.4450176082661285,0.3933651452660991,0.3988286291299714,0.8246013667425968,0.7706714477612598,0.8640404278930603,0.7753393484169515,0.4476262920041165,0.17060833902939165,0.0,0.3065346732663367,0.4005649717514124,0.23039386545834786,0.14655970379512495,0.5024186438120051,0.45743325148416375,0.45698479295398703,0.6397512894792623,0.34118171734382324,0.3639756188580669,0.8227708734326609,0.1902702217299878,0.3677127830316798,0.7680792261630585,0.47117486623222504,0.0,0.926275818964662,0.0,0.0,0.0,0.0,1.0,0.5,0.0,0.6666666666666666,0.9285714285714286,0.5,0.3333333333333333,0.8260869565217391,0.9183673469387755,0.8899082568807339,0.75,0.7407407407407407,1.0,1.0,0.034482758620689655,0.8125,1.0,1.0,0.0,0.9714285714285714,0.0,0.0,0.0,0.0,0.42354833929592073,0.08457003455986989,0.0,0.11050430770339931,0.3928921070617138,0.12884362360508747,0.16471132173611513,0.7066268963514087,0.4729227086128361,0.664006950251146,0.5012566847880244,0.2949387109529458,0.08139761315269703,0.3179102650425415,0.2895965739538486,0.5303733602421796,0.6664401902401982,0.3214448042724845,0.0,0.9285881229673685,0.0,0.0,0.0,0.0,1.0,1.0,0.0,0.6666666666666666,1.0,1.0,0.3333333333333333,0.95,0.6818181818181818,0.9509803921568627,1.0,0.8695652173913043,1.0,0.5862068965517241,1.0,0.9285714285714286,1.0,0.6666666666666666,0.0,0.918918918918919,0.0,0.0,0.0,0.0
26,0.2313819285751432,0.5539384360772975,0.44074197159053663,0.4096399227723335,0.4113119757408637,0.8405466970387244,0.7701627823712069,0.8418250128275043,0.7645131136493145,0.3908228556087521,0.13615857826384142,0.0,0.27698615069246535,0.35182674199623354,0.18072499128616243,0.13411498508690733,0.5227792031051839,0.49640226276691635,0.5095360340872915,0.6378718292941425,0.35412640510468957,0.36198532155740765,0.7948181767776379,0.18424617042452723,0.4228664082240714,0.7381851681252879,0.5117111865253691,0.0,0.9281930197027719,0.0,0.0,0.0,0.0,1.0,0.5,0.0,0.6666666666666666,1.0,0.5,0.0,0.8405797101449275,0.9183673469387755,0.908256880733945,0.8333333333333334,0.8148148148148148,1.0,1.0,0.034482758620689655,0.875,1.0,1.0,0.0,0.9714285714285714,0.0,0.0,0.0,0.0,0.4702794378937167,0.08118021028608688,0.0,0.1531232725262576,0.4612270090112332,0.13834044823906083,0.15976476353834845,0.6866143429924644,0.4376297311183422,0.6378324665106726,0.5192628466909777,0.3018161794445717,0.12120959680106631,0.37174728075634983,0.31353147921760394,0.5425867841037502,0.7254209668658338,0.32507142101364933,0.0,0.9268803728920183,0.0,0.0,0.0,0.0,1.0,1.0,0.0,0.6666666666666666,0.9333333333333333,1.0,0.0,0.9354838709677419,0.7142857142857143,0.9519230769230769,1.0,0.88,1.0,0.6219512195121951,1.0,0.9333333333333333,1.0,0.5714285714285714,0.0,0.9444444444444444,0.0,0.0,0.0,0.0
27,0.23037889477519488,0.5465525735206406,0.44577262548356306,0.40424170881092414,0.4099168390245521,0.8382687927107062,0.7660148623483211,0.8684337446156779,0.7714656047720032,0.5085238713141528,0.1345181134654819,0.0,0.2645867706614669,0.3746139359698682,0.18499477169745557,0.14131440913298365,0.5288503035550225,0.5092235725608429,0.45817042013239845,0.6572458136084223,0.37291449873640636,0.34158477422565,0.773851674072666,0.19731948425140872,0.4105698083080241,0.7583141409488715,0.4944306801857134,0.0,0.9128802158772992,0.0,0.0,0.0,0.0,1.0,0.5,0.0,0.3333333333333333,1.0,0.25,0.3333333333333333,0.8260869565217391,0.9183673469387755,0.8807339449541285,0.9166666666666666,0.8518518518518519,1.0,1.0,0.06896551724137931,0.9375,1.0,1.0,0.0,0.9714285714285714,0.0,0.0,0.0,0.0,0.39025479019298126,0.0829329962073325,0.0,0.1584383701086794,0.45001470488428386,0.16154314411809464,0.17632338787295476,0.6657755971388002,0.4218029916840452,0.6647618765636797,0.41394839662860344,0.29278913274765334,0.12707668101254108,0.3819954097053062,0.36378687122320025,0.5736447480392833,0.7006128181121798,0.31521522717317724,0.0,0.9354336151838382,0.0,0.0,0.0,0.0,1.0,1.0,0.0,0.5,0.9333333333333333,1.0,0.5,0.9193548387096774,0.6716417910447762,0.9504950495049505,1.0,0.8846153846153846,1.0,0.6455696202531646,1.0,0.8823529411764706,1.0,0.8,0.0,0.9444444444444444,0.0,0.0,0.0,0.0
28,0.22996744137423442,0.5506950353660012,0.44475632086138706,0.40934815377834477,0.4117274493438503,0.8291571753986332,0.7798390302902273,0.810329632234626,0.7793590738279362,0.4565976106313482,0.12139439507860561,0.0,0.28303584820758965,0.3483804143126177,0.20233530846985012,0.1609585518872776,0.5270869573275508,0.4835459857644609,0.4855010652278608,0.660510139193104,0.3776258161900079,0.3663390969025998,0.8065172793447869,0.18633400932418376,0.4033186004592706,0.7558268079226163,0.45345714226228895,0.0,0.9268487469989484,0.0,0.0,0.0,0.0,1.0,0.5,0.0,0.6666666666666666,0.9285714285714286,0.5,0.3333333333333333,0.8260869565217391,0.8979591836734694,0.8899082568807339,0.8333333333333334,0.8148148148148148,1.0,1.0,0.0,0.875,1.0,1.0,0.0,0.9714285714285714,0.0,0.0,0.0,0.0,0.42013710192066206,0.0879730532989895,0.0,0.1569883527454243,0.4579187088469726,0.14098360655737704,0.17854087045804576,0.6722746966632109,0.45051166124297304,0.6515094256952888,0.520333077291298,0.29445910760780397,0.09213490176448505,0.3554927118792005,0.3101142067178957,0.5765958698593869,0.7084448665918315,0.3632482196167381,0.0,0.9306063292526222,0.0,0.0,0.0,0.0,1.0,1.0,0.0,0.6666666666666666,1.0,1.0,0.3333333333333333,0.9344262295081968,0.6666666666666666,0.9603960396039604,1.0,0.88,1.0,0.6,0.0,0.9333333333333333,1.0,0.6666666666666666,0.0,0.9444444444444444,0.0,0.0,0.0,0.0
29,0.22889262630642945,0.5539367618479976,0.44298468805343566,0.4133899844386709,0.4150325697670427,0.835990888382688,0.7758449208005025,0.8982445006649429,0.7789353810343086,0.3947156472325384,0.13861927546138073,0.0,0.27583620818959054,0.4097175141242938,0.19536423841059603,0.1529363365216497,0.5159349838889462,0.5206034563143008,0.5116807744737122,0.6478202501236487,0.35096456220196914,0.333126010697848,0.7828022400177427,0.2132663828003981,0.40003456875478405,0.7647167204053431,0.4514376132081364,0.0,0.914147602134963,0.0,0.0,0.0,0.0,1.0,0.5,0.0,0.6666666666666666,1.0,0.25,0.3333333333333333,0.8115942028985508,0.9591836734693877,0.8899082568807339,0.8333333333333334,0.7777777777777778,1.0,1.0,0.034482758620689655,0.9375,1.0,1.0,0.0,0.9714285714285714,0.0,0.0,0.0,0.0,0.4484292395282635,0.0924170616113744,0.0,0.1313227488038847,0.4110489721886336,0.14855552610654651,0.20791387024608501,0.6581175509046144,0.43932642843793956,0.6288689528214105,0.5856135510078946,0.3094447105084062,0.09990300678952474,0.3703698151673687,0.33203621069310624,0.5941687041564793,0.6871404329291007,0.354964393877384,0.0,0.9413785441180602,0.0,0.0,0.0,0.0,0.875,1.0,0.0,0.6666666666666666,1.0,1.0,1.0,0.9333333333333333,0.6714285714285714,0.941747572815534,1.0,0.875,1.0,0.6296296296296297,1.0,0.9375,1.0,0.6666666666666666,0.0,0.9714285714285714,0.0,0.0,0.0,0.0
30,0.2278665482757327,0.5471414836768922,0.4411598386811502,0.409258749803051,0.41028244550945053,0.835990888382688,0.7468563262220784,0.7252000121036069,0.7231971108322598,0.3880710546333169,0.1293233082706767,0.0,0.33998300084995753,0.3338418079096045,0.19562565353781805,0.11791628098323563,0.5107323182178024,0.4938535417896994,0.46429854133165727,0.6414611743093337,0.398375052887969,0.2973006592859808,0.7870715807649962,0.202370707395739,0.46193733178597,0.7683555964993091,0.4871020799067269,0.0,0.9232574059009108,0.0,0.0,0.0,0.0,1.0,0.0,0.0,0.6666666666666666,1.0,0.5,0.0,0.8260869565217391,0.9387755102040817,0.8807339449541285,0.8333333333333334,0.8888888888888888,1.0,1.0,0.0,0.9375,1.0,1.0,0.0,0.9714285714285714,0.0,0.0,0.0,0.0,0.48686426406197375,0.08363539916895057,0.0,0.15051240620642334,0.4828929447017162,0.1437536018441442,0.14947848761408083,0.6869402333970778,0.4417698598333849,0.6570245428004609,0.49767569345466506,0.28535212882722016,0.13233665559246954,0.35705636105571426,0.33974471720394983,0.5359127628287149,0.6892120811469653,0.31694166734400825,0.0,0.9295536893729976,0.0,0.0,0.0,0.0,1.0,0.0,0.0,0.5,1.0,1.0,0.0,0.95,0.6764705882352942,0.96,1.0,0.8571428571428571,1.0,0.6296296296296297,0.0,0.9375,1.0,0.5714285714285714,0.0,0.9714285714285714,0.0,0.0,0.0,0.0
31,0.22708234197163862,0.5553749248166405,0.4392624561777568,0.411947793643623,0.41215131796040866,0.8337129840546698,0.7811070156910029,0.8792850563297935,0.7895337180679864,0.39516309454561727,0.15160628844839372,0.0,0.2691865406729664,0.3497551789077213,0.19789125130707563,0.15165072508485036,0.5346539896370314,0.4708218071053368,0.5193353141401856,0.6273298947219671,0.35545289254308227,0.33349919144172163,0.8019548669692433,0.20087404868630782,0.4655258977587924,0.7417779824965454,0.4196664654077575,0.0,0.9205787813250262,0.0,0.0,0.0,0.0,1.0,0.5,0.0,0.6666666666666666,0.9285714285714286,0.5,0.3333333333333333,0.8260869565217391,0.8979591836734694,0.8990825688073395,0.75,0.8148148148148148,1.0,1.0,0.034482758620689655,0.9375,1.0,1.0,0.0,0.9714285714285714,0.0,0.0,0.0,0.0,0.5007370868061461,0.07750908582611127,0.0,0.13946018753561623,0.4620130354744017,0.131431217084322,0.16223799306816306,0.6683789822093504,0.45829362378034944,0.6229755796647345,0.5557252481754567,0.31544390377560494,0.09554866531237749,0.3585071350164654,0.3310027621584295,0.5401224252031667,0.7116531883865835,0.34769634140030703,0.0,0.9363238247076274,0.0,0.0,0.0,0.0,1.0,1.0,0.0,0.6666666666666666,0.9285714285714286,1.0,0.5,0.9344262295081968,0.676923076923077,0.9514563106796117,1.0,0.88,1.0,0.6071428571428571,1.0,0.9375,1.0,0.8,0.0,0.9444444444444444,0.0,0.0,0.0,0.0
32,0.22668152152017276,0.5460921604631588,0.4417073967100701,0.3992768597973454,0.40549640255734815,0.826879271070615,0.7612404953116327,0.838338959811732,0.7586928730086154,0.41332945545662,0.1923444976076555,0.0,0.2903354832258387,0.35824858757062145,0.18865458347856395,0.11395659775789366,0.5149182797577915,0.4736813477139216,0.4733999134757446,0.6228644103723592,0.3633889467003625,0.32516482149521087,0.8030400240793987,0.1957779257806946,0.46943545931175257,0.7797328420082911,0.44456705044658656,0.0,0.9278929145419552,0.0,0.0,0.0,0.0,1.0,0.5,0.0,0.6666666666666666,0.9285714285714286,0.5,0.0,0.8405797101449275,0.8775510204081632,0.8807339449541285,0.75,0.8148148148148148,1.0,1.0,0.034482758620689655,0.9375,1.0,1.0,0.0,0.9714285714285714,0.0,0.0,0.0,0.0,0.4521758284791228,0.09200889353910542,0.0,0.13888025255303374,0.44711606261458187,0.12052552468963981,0.16047505250199146,0.6990830107155823,0.4457028379657894,0.6520570816620804,0.4624836052672997,0.3010349319123742,0.1176576495476437,0.347130726563035,0.2883595842472472,0.5483923695242491,0.6581648522550544,0.3273794922114559,0.0,0.9283557201029303,0.0,0.0,0.0,0.0,0.875,1.0,0.0,0.6666666666666666,1.0,1.0,0.0,0.9206349206349206,0.6825396825396826,0.9504950495049505,1.0,0.8461538461538461,1.0,0.6,1.0,0.9375,1.0,0.6666666666666666,0.0,0.9444444444444444,0.0,0.0,0.0,0.0
33,0.22599200890786178,0.5455944958037535,0.44152401861561025,0.39718486262806985,0.4053922501102834,0.8405466970387244,0.7908386861369591,0.8756714386917857,0.7942901377366868,0.43091413486062013,0.1342447026657553,0.0,0.2687865606719664,0.36568738229755177,0.19675845242244686,0.16620384654941892,0.4934615863232113,0.4726789544027601,0.4980878955831816,0.6202218610895217,0.364989879815664,0.33461873367334244,0.7904537857725605,0.19468536492280983,0.44810159921644155,0.7876093965914325,0.45972392829630865,0.0,0.9202042699259906,0.0,0.0,0.0,0.0,1.0,0.5,0.0,0.6666666666666666,1.0,0.5,0.3333333333333333,0.8260869565217391,0.9183673469387755,0.8990825688073395,0.8333333333333334,0.8148148148148148,1.0,1.0,0.034482758620689655,0.9375,1.0,1.0,0.0,0.9714285714285714,0.0,0.0,0.0,0.0,0.4165981745036121,0.07646783990032706,0.0,0.13506519609074694,0.4195855571641565,0.11110564385179353,0.15621072982116965,0.7103204094777482,0.45505720943628414,0.6393940346520388,0.5513126491646778,0.2919872293322844,0.10455128454273388,0.35367375001772017,0.29548190718488065,0.5143750649546971,0.6563915547024952,0.33150174901289614,0.0,0.9302475434949942,0.0,0.0,0.0,0.0,1.0,1.0,0.0,0.6666666666666666,1.0,1.0,0.3333333333333333,0.9344262295081968,0.6923076923076923,0.9514563106796117,1.0,0.88,1.0,0.6219512195121951,1.0,0.9375,1.0,0.8,0.0,0.9444444444444444,0.0,0.0,0.0,0.0
34,0.22512828693190112,0.5541083703512407,0.4466775151149768,0.4041146769084896,0.4122202341852436,0.8428246013667426,0.7887763536719762,0.876467223273978,0.7931377262069168,0.45411427804376037,0.13998632946001366,0.0,0.2846857657117144,0.37783427495291905,0.20146392471244337,0.136686207960506,0.5108567585671885,0.48669303453206103,0.4992939294255932,0.626284180032502,0.38268590835801436,0.3313845005597711,0.773851674072666,0.20126317995075993,0.46138587784060514,0.8022109626900046,0.4370927109575066,0.0,0.9324217742415524,0.0,0.0,0.0,0.0,1.0,0.5,0.0,0.6666666666666666,1.0,0.5,0.3333333333333333,0.8260869565217391,0.9183673469387755,0.908256880733945,0.75,0.8518518518518519,1.0,1.0,0.034482758620689655,0.9375,1.0,1.0,0.0,0.9714285714285714,0.0,0.0,0.0,0.0,0.4434491949402486,0.07878741247980303,0.0,0.1503167898627244,0.42380650612589776,0.12767837419924896,0.15710148353921627,0.6971650322664567,0.4478764064628465,0.6448817361876196,0.5704521759277137,0.30304169081425675,0.1021511561026113,0.3682936759250882,0.32764816958031306,0.53860048616916,0.6383462229226992,0.3326203716906697,0.0,0.9218472991562392,0.0,0.0,0.0,0.0,1.0,1.0,0.0,0.6666666666666666,1.0,1.0,0.3333333333333333,0.9344262295081968,0.6923076923076923,0.9611650485436893,1.0,0.8846153846153846,1.0,0.6219512195121951,1.0,0.9375,1.0,0.8,0.0,0.9444444444444444,0.0,0.0,0.0,0.0
35,0.22482101390227846,0.5478927940752374,0.4408416038000312,0.40549390052883333,0.4089045008078032,0.835990888382688,0.7694857004982592,0.8724462731710971,0.7803834356610401,0.4101973242650678,0.1674641148325359,0.0,0.24768761561921904,0.37866290018832394,0.2097420704078076,0.13997737323871234,0.5173144184002266,0.4748119541230224,0.48349509015664155,0.6446548434960786,0.3388489290900982,0.3384749346933698,0.8201253079232311,0.18368492340849055,0.4956089450768332,0.7540304007369876,0.40527992338281527,0.0,0.9250877993610984,0.0,0.0,0.0,0.0,1.0,0.5,0.0,0.6666666666666666,0.9285714285714286,0.5,0.3333333333333333,0.8260869565217391,0.9387755102040817,0.8990825688073395,0.75,0.8148148148148148,1.0,1.0,0.034482758620689655,0.9375,1.0,0.75,0.0,0.9714285714285714,0.0,0.0,0.0,0.0,0.47189478560765946,0.0954421503700818,0.0,0.1442632498543972,0.4318050037581875,0.12869593113404268,0.17387416160970937,0.6744344188165771,0.45598501554040693,0.640301165584319,0.559618734512623,0.31730326490839195,0.09853697399869632,0.3226721266006613,0.2939007160133145,0.5416722889398642,0.6829939919893191,0.33526808012262965,0.0,0.9302281501581189,0.0,0.0,0.0,0.0,0.875,1.0,0.0,0.6666666666666666,1.0,1.0,0.5,0.95,0.696969696969697,0.9514563106796117,1.0,0.88,1.0,0.6071428571428571,1.0,0.8823529411764706,1.0,0.75,0.0,0.9444444444444444,0.0,0.0,0.0,0.0
36,0.22359824773727796,0.5544285667048531,0.4438958279587539,0.4125417019142313,0.4163498066832258,0.835990888382688,0.7598373035458896,0.8102474333762897,0.7518762914433947,0.4193923665488389,0.11401230348598769,0.0,0.3189840507974601,0.3699623352165725,0.1976298361798536,0.13858891288696903,0.5244313473183104,0.4917749355049265,0.4989143654751896,0.639426270048753,0.3521366739471006,0.3175768130364473,0.7972578000617827,0.22538183505324363,0.4534597562079722,0.7666973744818056,0.442443421956653,0.0,0.9220545050497033,0.0,0.0,0.0,0.0,1.0,0.0,0.0,0.6666666666666666,1.0,0.5,0.3333333333333333,0.8260869565217391,0.9183673469387755,0.8899082568807339,0.75,0.8148148148148148,1.0,1.0,0.06896551724137931,0.9375,1.0,1.0,0.0,0.9714285714285714,0.0,0.0,0.0,0.0,0.4594607843137255,0.09195148842337376,0.0,0.1548731642189586,0.47843452424441685,0.13856304985337242,0.15151515151515152,0.6784646317945626,0.4453416367602561,0.6309902339314104,0.5805470734648841,0.3077738021468407,0.12462777642177203,0.3562521900096626,0.32039402997776667,0.5534860357645168,0.6778108075090605,0.34034272901985907,0.0,0.9349215250865727,0.0,0.0,0.0,0.0,1.0,0.0,0.0,0.5,1.0,1.0,0.3333333333333333,0.9344262295081968,0.6818181818181818,0.9509803921568627,1.0,0.88,1.0,0.6219512195121951,1.0,0.9375,1.0,0.8,0.0,0.9444444444444444,0.0,0.0,0.0,0.0
37,0.22345210905213228,0.5523186192296118,0.44474816731724687,0.407484834251566,0.41358032683693496,0.8382687927107062,0.7813694663502789,0.8677500038556523,0.7870250769734685,0.3994809611168285,0.1390293916609706,0.0,0.34858257087145644,0.3855932203389831,0.17819797838968282,0.17242620590352772,0.5293586556205999,0.4733239051378485,0.4952370846223543,0.6369109022822017,0.3786607050966849,0.32217937554422194,0.7784140864482095,0.20685320023048545,0.4666617282731261,0.7794104099493321,0.3949324394661781,0.0,0.9202141907577531,0.0,0.0,0.0,0.0,1.0,0.5,0.0,0.6666666666666666,1.0,0.5,0.3333333333333333,0.8260869565217391,0.8775510204081632,0.8990825688073395,0.9166666666666666,0.8518518518518519,1.0,1.0,0.034482758620689655,0.9375,1.0,0.75,0.0,0.9714285714285714,0.0,0.0,0.0,0.0,0.45653507874821025,0.08479946635537397,0.0,0.14309170018881864,0.44190965402628796,0.15062237607718937,0.1600706545089989,0.6656523215629349,0.4531458647175882,0.6423746400135524,0.5579613261036421,0.29075367574425864,0.12717273887852304,0.36922209907388276,0.35292765761854905,0.5254144619176915,0.6454701506770932,0.3329822528832482,0.0,0.934620897432345,0.0,0.0,0.0,0.0,1.0,1.0,0.0,0.6666666666666666,1.0,1.0,0.3333333333333333,0.9193548387096774,0.6825396825396826,0.9514563106796117,1.0,0.8518518518518519,1.0,0.6375,1.0,0.8823529411764706,1.0,0.75,0.0,0.9444444444444444,0.0,0.0,0.0,0.0
38,0.22273028898851127,0.553043979073808,0.43920434048046725,0.41276179792995793,0.4133483524728007,0.8314350797266514,0.7429272180242766,0.8549288746454813,0.7505995374442215,0.3906886214148284,0.13848257006151743,0.0,0.2952852357382131,0.36427495291902073,0.1874346462181945,0.16203846549418904,0.5371110246206555,0.4887560998352656,0.4949799606559518,0.6392849572528793,0.3713821770403321,0.3429531036198532,0.7975983968189847,0.19167708091685312,0.4580936154802176,0.7376784891754952,0.3863754658449751,0.0,0.9215832655409829,0.0,0.0,0.0,0.0,1.0,0.5,0.0,0.6666666666666666,0.9285714285714286,0.25,0.3333333333333333,0.8405797101449275,0.9183673469387755,0.8899082568807339,0.75,0.8518518518518519,1.0,1.0,0.034482758620689655,0.9375,1.0,0.5,0.0,0.9714285714285714,0.0,0.0,0.0,0.0,0.4894064234067597,0.10316732864853854,0.0,0.15113363017554635,0.47472144504982083,0.1463265306122449,0.17035194896469696,0.6656385453614776,0.44340034965034963,0.6426262690489816,0.5312610094652043,0.3007895528954132,0.11124112330535829,0.3620439215911869,0.30681695674568477,0.5454215828466152,0.7136173246591213,0.33756548311990686,0.0,0.9341829371923349,0.0,0.0,0.0,0.0,1.0,1.0,0.0,0.5,1.0,1.0,0.3333333333333333,0.9206349206349206,0.6818181818181818,0.9603960396039604,1.0,0.8846153846153846,1.0,0.6144578313253012,1.0,0.8823529411764706,1.0,0.6666666666666666,0.0,0.9444444444444444,0.0,0.0,0.0,0.0
39,0.22266205805594244,0.5521411509238188,0.4455317989297465,0.4083710211646126,0.41263752386960534,0.8496583143507973,0.7943751236672791,0.8441826012926931,0.7871149540183087,0.4262159380732919,0.15297334244702665,0.0,0.2585870706464677,0.37760828625235404,0.21793307772743117,0.17258047927594364,0.5293824846236739,0.4842259037080782,0.512397048380119,0.6477495937257118,0.32870015666274055,0.3213086204751835,0.7886795142931825,0.22022584579925317,0.3739516202046141,0.7562413634269922,0.5335096083779226,0.0,0.9173024266354491,0.0,0.0,0.0,0.0,1.0,0.5,0.0,0.6666666666666666,1.0,0.5,0.3333333333333333,0.8260869565217391,0.9387755102040817,0.926605504587156,0.9166666666666666,0.7407407407407407,1.0,1.0,0.10344827586206896,0.875,1.0,1.0,0.0,0.9714285714285714,0.0,0.0,0.0,0.0,0.4716294499183047,0.08254647388610209,0.0,0.1415706347685654,0.4293024450820023,0.1306005221932115,0.18348824494259158,0.6640859572206722,0.45499083680755836,0.6321289568952062,0.5463864684777038,0.32393643996168364,0.09692307692307692,0.35675129522540144,0.30337924209310957,0.5718061341354443,0.7071237832715996,0.3168548217575705,0.0,0.9371735974032227,0.0,0.0,0.0,0.0,1.0,0.5,0.0,0.6666666666666666,1.0,1.0,0.3333333333333333,0.95,0.7076923076923077,0.926605504587156,1.0,0.9523809523809523,1.0,0.6538461538461539,1.0,0.9333333333333333,1.0,0.5714285714285714,0.0,1.0,0.0,0.0,0.0,0.0
40,0.22168625855467902,0.5548404271126367,0.44113238442255676,0.41411485627082467,0.41622152157024617,0.8314350797266514,0.764656957084052,0.8433283686367203,0.7659143267168592,0.3773099467537697,0.14258373205741626,0.0,0.29453527323633816,0.3629566854990584,0.19893691181596376,0.12182453975110563,0.517306475399202,0.46908898766046064,0.5217167718290084,0.6198544478202501,0.3520223215817219,0.33623585023012814,0.7889488233570167,0.22468588875335813,0.47295818003736717,0.77360663288807,0.44094439008140573,0.0,0.9248670608543821,0.0,0.0,0.0,0.0,1.0,0.5,0.0,0.6666666666666666,1.0,0.5,0.0,0.8260869565217391,0.8571428571428571,0.908256880733945,0.75,0.7777777777777778,1.0,1.0,0.06896551724137931,0.9375,1.0,1.0,0.0,0.9714285714285714,0.0,0.0,0.0,0.0,0.49866942637492606,0.10275862068965518,0.0,0.14212646867234432,0.4557881045287927,0.1331661222585161,0.16833653094578271,0.6793792530312356,0.45686262638493674,0.6182410864560561,0.5598539866494786,0.31578839387380364,0.17539419894880282,0.3522002793444246,0.3233919262418681,0.5421907287017729,0.6922633032438894,0.3096752496673539,0.0,0.9279811068612056,0.0,0.0,0.0,0.0,1.0,1.0,0.0,0.6666666666666666,0.9333333333333333,1.0,0.0,0.9193548387096774,0.6885245901639344,0.9339622641509434,1.0,0.875,1.0,0.6144578313253012,1.0,0.9375,1.0,0.6666666666666666,0.0,0.9444444444444444,0.0,0.0,0.0,0.0
41,0.22129983832653424,0.5416315950508108,0.44167757470298236,0.40178296003300024,0.4058100533184081,0.8314350797266514,0.7431603102220898,0.7813956081344083,0.7256115591991514,0.3982057362745537,0.12344497607655502,0.0,0.3262836858157092,0.34041431261770244,0.19283722551411642,0.1322122801604443,0.5097738627608283,0.48895813259565474,0.4485935727171065,0.632417155373419,0.3875344486500703,0.38810797362856075,0.7834913543869655,0.20771377898840837,0.46517197955505074,0.7855366190695532,0.417355457933418,0.0,0.9221437925355662,0.0,0.0,0.0,0.0,1.0,0.0,0.0,0.6666666666666666,0.9285714285714286,0.5,0.0,0.8260869565217391,0.9183673469387755,0.8715596330275229,0.8333333333333334,0.8888888888888888,1.0,1.0,0.034482758620689655,0.9375,1.0,1.0,0.0,0.9714285714285714,0.0,0.0,0.0,0.0,0.44348931080879056,0.07425376202614917,0.0,0.1329286674542714,0.4691044040173358,0.14983073798239674,0.1330263362135872,0.6866757017012018,0.4470962722437945,0.6607383851469346,0.56509880674285,0.27503469432473887,0.10363382714409088,0.3624242468654507,0.2929096799383726,0.5178252384486408,0.6703089379765742,0.31629771052590056,0.0,0.9314165610329227,0.0,0.0,0.0,0.0,1.0,0.0,0.0,0.5,1.0,1.0,0.0,0.9344262295081968,0.6617647058823529,0.9693877551020408,1.0,0.8571428571428571,1.0,0.6219512195121951,1.0,0.8823529411764706,1.0,0.6666666666666666,0.0,0.9714285714285714,0.0,0.0,0.0,0.0
42,0.22078866499455538,0.5466400520015621,0.4500390625403179,0.40695090419879487,0.4141332799103922,0.8223234624145785,0.7755628925992275,0.8320149427292285,0.7660401596009154,0.43950512327173474,0.18851674641148325,0.0,0.2830858457077146,0.3804708097928437,0.21714883234576507,0.16964928520004113,0.5459595277621124,0.4896069685761353,0.45529512117477083,0.6286864975623543,0.3509359741106245,0.3450677945018037,0.7957449167914201,0.2234361787309831,0.3969151501683169,0.7748502994011977,0.49797006100226937,0.0,0.9178579932141511,0.0,0.0,0.0,0.0,1.0,0.5,0.0,0.6666666666666666,0.9285714285714286,0.5,0.3333333333333333,0.855072463768116,0.8775510204081632,0.8532110091743119,0.75,0.8148148148148148,1.0,1.0,0.034482758620689655,0.875,1.0,1.0,0.0,0.9714285714285714,0.0,0.0,0.0,0.0,0.4472905282331512,0.08769475357710652,0.0,0.14649796889958344,0.42126443971808664,0.13090985501155705,0.21662617374745552,0.6637033413049146,0.43968877025871844,0.6601952377147896,0.5467225403691597,0.3057084368914147,0.1413287140819238,0.3484331917107431,0.29789484186371346,0.5572967225997318,0.6613721250245724,0.317332696492066,0.0,0.9351559380796192,0.0,0.0,0.0,0.0,1.0,0.5,0.0,0.6666666666666666,1.0,1.0,0.3333333333333333,0.9076923076923077,0.6615384615384615,0.9489795918367347,1.0,0.8461538461538461,1.0,0.6071428571428571,1.0,0.9333333333333333,1.0,0.5714285714285714,0.0,1.0,0.0,0.0,0.0,0.0
43,0.2203035780228017,0.543112450866602,0.44301164440762086,0.39716412699458803,0.40545316956510513,0.8246013667425968,0.761850945913892,0.834599962960178,0.75574066816931,0.42377735021701196,0.13301435406698564,0.0,0.2905854707264637,0.3538418079096045,0.2126176368072499,0.113288079810758,0.5252627147588902,0.47980449445186957,0.4463223110138847,0.6194729032713913,0.36878066072796717,0.3384749346933698,0.8005528756663419,0.2029843374666058,0.45550918952731345,0.789267618608936,0.4975120234848327,0.0,0.9231408361277009,0.0,0.0,0.0,0.0,1.0,0.5,0.0,0.6666666666666666,1.0,0.5,0.0,0.8405797101449275,0.8979591836734694,0.8623853211009175,0.75,0.8148148148148148,1.0,1.0,0.034482758620689655,0.875,1.0,1.0,0.0,0.9714285714285714,0.0,0.0,0.0,0.0,0.4248418786166061,0.07904142973192527,0.0,0.14031868662481892,0.40656511013978447,0.12035118871460984,0.15213037773634416,0.6791702898302647,0.4547493233664132,0.6699790778957816,0.5565048494388869,0.29435334815010883,0.13996193611439742,0.3346821862013014,0.2953634740189033,0.515826265262373,0.6321245434758549,0.3230105840846727,0.0,0.9299797364995365,0.0,0.0,0.0,0.0,1.0,1.0,0.0,0.6666666666666666,0.9333333333333333,1.0,0.0,0.9354838709677419,0.6666666666666666,0.9494949494949495,1.0,0.8461538461538461,1.0,0.6071428571428571,1.0,0.875,1.0,0.5714285714285714,0.0,0.9714285714285714,0.0,0.0,0.0,0.0
44,0.22005163380013562,0.5444514157492238,0.44511289229991013,0.40374561890001825,0.41062017392752315,0.8382687927107062,0.7925010341659884,0.8537155911747416,0.7875634089452811,0.4703342431428699,0.1593984962406015,0.0,0.30243487825608717,0.3568173258003767,0.16626002091321018,0.14676540162501286,0.5105258001911616,0.4694075777826128,0.4587601727220041,0.6256341411714831,0.39122231243353267,0.3316332877223535,0.797249879206964,0.21170985774258966,0.4754273768076578,0.8017503454629203,0.4168141408673565,0.0,0.9198868033095895,0.0,0.0,0.0,0.0,1.0,0.5,0.0,0.6666666666666666,1.0,0.5,0.3333333333333333,0.8260869565217391,0.9387755102040817,0.8715596330275229,0.8333333333333334,0.8518518518518519,1.0,1.0,0.034482758620689655,0.9375,1.0,1.0,0.0,0.9714285714285714,0.0,0.0,0.0,0.0,0.4289095174946445,0.08116950922380786,0.0,0.14116686114352392,0.409134096307493,0.1502953918865695,0.17384418590485473,0.6978379513014273,0.4564888841869814,0.6606782848914098,0.5880251291655045,0.2844942642956039,0.13018849497021193,0.33593666559863294,0.31090719270289574,0.5052481500271154,0.6467025822032324,0.33561322336216726,0.0,0.930780755534252,0.0,0.0,0.0,0.0,1.0,0.5,0.0,0.6666666666666666,0.9333333333333333,1.0,0.5,0.95,0.6764705882352942,0.95,1.0,0.8518518518518519,1.0,0.6296296296296297,1.0,0.9375,1.0,0.8,0.0,0.9714285714285714,0.0,0.0,0.0,0.0
45,0.21938769463747576,0.545581101969354,0.4339826780093954,0.4033613268514583,0.40336238960410187,0.8223234624145785,0.7354536994318909,0.7625070615613946,0.7155435262710282,0.40518591435858425,0.12863978127136022,0.0,0.29008549572521375,0.3133521657250471,0.1796793307772743,0.11215674174637458,0.5023974624759393,0.5237233083641563,0.46919410002530426,0.6300996255210909,0.3879518347837025,0.36646349048389104,0.7670714223478998,0.17813980289004797,0.4623077113015136,0.7430677107323814,0.4230392871270638,0.0,0.929133018512272,0.0,0.0,0.0,0.0,1.0,0.0,0.0,0.6666666666666666,0.9285714285714286,0.5,0.0,0.8260869565217391,0.9183673469387755,0.8532110091743119,0.75,0.8518518518518519,1.0,1.0,0.034482758620689655,0.9375,1.0,1.0,0.0,0.9714285714285714,0.0,0.0,0.0,0.0,0.43731588351765105,0.07392568151465158,0.0,0.1174755512361052,0.4535394008776951,0.13179087306659848,0.13274497869750457,0.6969119343014757,0.4170472124249737,0.6538469194784513,0.5190138631839928,0.2817200818770267,0.11926159825115375,0.38198506644367575,0.33927655207798874,0.5423602796338496,0.7163728407122874,0.32167621821866194,0.0,0.9242389478125069,0.0,0.0,0.0,0.0,1.0,0.0,0.0,0.5,1.0,0.6666666666666666,0.0,0.9344262295081968,0.6428571428571429,0.9587628865979382,1.0,0.8518518518518519,1.0,0.6219512195121951,1.0,0.9375,1.0,0.6666666666666666,0.0,0.9444444444444444,0.0,0.0,0.0,0.0
46,0.21848913520141122,0.5500366446938023,0.4407158625192792,0.4041768375872011,0.4088891228982848,0.8405466970387244,0.7328599594509194,0.7822484976896742,0.7143606302238692,0.42473936194013157,0.09036226930963773,0.0,0.29583520823958803,0.34585687382297553,0.15833042872080863,0.1271212588707189,0.5139254046297105,0.45511375998508063,0.4926576822927295,0.631993216985798,0.39386385207378016,0.346436123896007,0.780885393151629,0.21325889950685095,0.5042182111492465,0.786596038691847,0.45508109346047343,0.0,0.9166104486200123,0.0,0.0,0.0,0.0,1.0,0.0,0.0,0.6666666666666666,1.0,0.25,0.0,0.8405797101449275,0.9183673469387755,0.8990825688073395,0.75,0.8888888888888888,1.0,1.0,0.06896551724137931,0.9375,1.0,1.0,0.0,0.9714285714285714,0.0,0.0,0.0,0.0,0.43486726069129805,0.0710218115397013,0.0,0.1371835296299731,0.45661362506215813,0.12033112582781456,0.13810827420526287,0.6910626995966235,0.4719274497006615,0.6428986093875659,0.5765279156407513,0.2802225964706744,0.10411214953271028,0.3595129475860711,0.3294528386955064,0.5157431260628714,0.6766115931693015,0.33235513251326654,0.0,0.9366303912574068,0.0,0.0,0.0,0.0,1.0,0.0,0.0,0.5,1.0,1.0,0.0,0.9206349206349206,0.6923076923076923,0.9607843137254902,1.0,0.8888888888888888,1.0,0.6375,1.0,0.9375,1.0,0.5714285714285714,0.0,0.9714285714285714,0.0,0.0,0.0,0.0
47,0.21903540855065715,0.5405086057478803,0.4447214996624916,0.39716478151378687,0.40334999284217166,0.8314350797266514,0.7738475896274427,0.844784232748273,0.7708672581206968,0.4940265783703969,0.15516062884483936,0.0,0.2687365631718414,0.34163841807909606,0.19370860927152317,0.18255682402550652,0.511182421609199,0.45016007211015446,0.4754956778685648,0.648526814103017,0.37190248030280504,0.3825102624704565,0.8172025124951485,0.17757855587401128,0.41582096677284214,0.7529709811146937,0.45487289458891134,0.0,0.9109357328518423,0.0,0.0,0.0,0.0,1.0,0.5,0.0,0.6666666666666666,0.8571428571428571,0.5,0.3333333333333333,0.8405797101449275,0.8775510204081632,0.908256880733945,0.75,0.8148148148148148,1.0,1.0,0.034482758620689655,0.875,1.0,1.0,0.0,0.9714285714285714,0.0,0.0,0.0,0.0,0.40297826523349817,0.07523033074832637,0.0,0.14827995255041518,0.43503597122302157,0.10756798606406659,0.15763765541740674,0.6908966637680848,0.4773172942242729,0.6487818460253376,0.5522889188408587,0.29011913416978513,0.10811095875962451,0.3184860252761297,0.289294988235581,0.5513707600296852,0.6302093372913373,0.32367886931658246,0.0,0.9416811100741486,0.0,0.0,0.0,0.0,1.0,1.0,0.0,0.6666666666666666,1.0,0.6666666666666666,0.3333333333333333,0.9354838709677419,0.7049180327868853,0.9428571428571428,1.0,0.88,1.0,0.6,1.0,0.9333333333333333,1.0,0.5714285714285714,0.0,0.9714285714285714,0.0,0.0,0.0,0.0
48,0.21809484850887478,0.5466086602021883,0.43926912432139453,0.39700494118411456,0.40431082092382475,0.8291571753986332,0.7379406554980315,0.7789808330739703,0.7203273201989631,0.3897713544230167,0.12412850307587149,0.0,0.3021348932553372,0.3746516007532957,0.17950505402579295,0.12897253933970998,0.5248682123746661,0.4626822180088894,0.48619285113746746,0.6111354483148449,0.3482715639973013,0.3424555292946884,0.8092816576764964,0.17909018117053677,0.4612377260343877,0.7900506678949792,0.46765630530282526,0.0,0.9247579317049941,0.0,0.0,0.0,0.0,1.0,0.0,0.0,0.6666666666666666,1.0,0.5,0.0,0.8405797101449275,0.8775510204081632,0.8899082568807339,0.75,0.8148148148148148,1.0,1.0,0.034482758620689655,0.9375,1.0,1.0,0.0,0.9714285714285714,0.0,0.0,0.0,0.0,0.4391510385158298,0.07360570687418937,0.0,0.13857231305464468,0.42464086746782215,0.11706540887651304,0.13995535714285715,0.6805613726715325,0.4680743183488655,0.6429598844975779,0.5644496071419248,0.29809433389775764,0.1459548298165624,0.3332680960162832,0.28810478288610397,0.5296791999848769,0.6118284939716059,0.3226371732260845,0.0,0.927486156923031,0.0,0.0,0.0,0.0,1.0,0.0,0.0,0.5,1.0,1.0,0.0,0.9206349206349206,0.6825396825396826,0.9509803921568627,1.0,0.88,1.0,0.6071428571428571,1.0,0.9375,1.0,0.5714285714285714,0.0,0.9714285714285714,0.0,0.0,0.0,0.0
49,0.21752100873528238,0.5502065789677456,0.4421040743039316,0.40436146431655245,0.41180105514176546,0.8337129840546698,0.7418808125931533,0.793622226845774,0.7343160134142968,0.42053335719719004,0.11414900888585099,0.0,0.2600869956502175,0.3605838041431262,0.19963401882188916,0.13252082690527614,0.5453876316883378,0.45561107139526935,0.4746079879845562,0.6379707482512541,0.38894098274422806,0.32703072521457893,0.7836735340477944,0.22283003195366344,0.4520276220812037,0.7754491017964071,0.4889134100893173,0.0,0.9179224786206076,0.0,0.0,0.0,0.0,1.0,0.0,0.0,0.3333333333333333,1.0,0.5,0.3333333333333333,0.8695652173913043,0.8571428571428571,0.8807339449541285,0.75,0.8518518518518519,1.0,1.0,0.06896551724137931,0.9375,1.0,1.0,0.0,0.9714285714285714,0.0,0.0,0.0,0.0,0.4722152439330754,0.0707507202169124,0.0,0.14006462035541195,0.4197338711445294,0.13100411710887466,0.1618311981914092,0.6617769424766677,0.471377750979801,0.6466200323622796,0.5376251890488609,0.28908919373756947,0.1569364851957975,0.3671850064947115,0.3065716727239033,0.5365324684205899,0.6632130475890324,0.3107902433859633,0.0,0.9351885543325551,0.0,0.0,0.0,0.0,1.0,0.0,0.0,0.5,1.0,1.0,0.3333333333333333,0.9090909090909091,0.6885245901639344,0.96,0.9,0.8518518518518519,1.0,0.6219512195121951,1.0,0.8823529411764706,1.0,0.6666666666666666,0.0,0.9714285714285714,0.0,0.0,0.0,0.0
50,0.21691155110899424,0.5540958136314913,0.4420539280088536,0.4019194991721771,0.4081730323619846,0.8473804100227791,0.7882262878753725,0.8712974644450832,0.7944462423709081,0.3512685131325786,0.14039644565960355,0.0,0.29488525573721314,0.3588135593220339,0.19597420704078075,0.1714491412115602,0.5260146521892235,0.44311223696888696,0.5379849643699647,0.6247721331166537,0.35181076970577135,0.3484264211966662,0.7746912846834431,0.23276784578428658,0.4344469410767344,0.796130815292492,0.45418583831275633,0.0,0.9198396793587175,0.0,0.0,0.0,0.0,1.0,0.5,0.0,0.6666666666666666,1.0,0.5,0.3333333333333333,0.8695652173913043,0.8979591836734694,0.9174311926605505,0.75,0.7407407407407407,1.0,1.0,0.10344827586206896,0.9375,1.0,1.0,0.0,0.9714285714285714,0.0,0.0,0.0,0.0,0.4772630555048939,0.07458242556281772,0.0,0.1269342515872162,0.4335745494265429,0.11532741910671247,0.15918640183346067,0.6856256427600201,0.4623661145030122,0.6201923868627391,0.5502289924332935,0.30453805302726594,0.10615880234981998,0.3842548393306853,0.32286692962424746,0.5311116477501409,0.6146733525374302,0.3321710265858635,0.0,0.9334950943130277,0.0,0.0,0.0,0.0,1.0,1.0,0.0,0.6666666666666666,1.0,1.0,0.3333333333333333,0.9375,0.7457627118644068,0.9174311926605505,1.0,0.8695652173913043,1.0,0.6375,1.0,0.9375,1.0,0.6666666666666666,0.0,0.9714285714285714,0.0,0.0,0.0,0.0
51,0.21744140390234043,0.5476060823076238,0.44242274443214613,0.405024119929519,0.4098363663022827,0.8337129840546698,0.7547584937444412,0.8265419529252263,0.748186086058319,0.42735692872164305,0.13875598086124402,0.0,0.29463526823658814,0.35909604519774013,0.18856744510282328,0.11117967705440708,0.5089001326481171,0.4987100985298231,0.47334685614934413,0.6490920652865116,0.36915230591544784,0.35962184351287474,0.7991033592345286,0.19900322529951883,0.46999514391301844,0.7583602026715799,0.4388832212529408,0.0,0.91984960019048,0.0,0.0,0.0,0.0,1.0,0.5,0.0,0.6666666666666666,0.9285714285714286,0.25,0.0,0.8405797101449275,0.9183673469387755,0.8899082568807339,0.8333333333333334,0.8148148148148148,1.0,1.0,0.034482758620689655,0.9375,1.0,1.0,0.0,0.9714285714285714,0.0,0.0,0.0,0.0,0.453201736696007,0.07260371959942775,0.0,0.14927301281726532,0.440919391388799,0.13566547551877625,0.1554054054054054,0.6871873893908138,0.44239339098187486,0.6574949899231552,0.48682076881498204,0.29873452862926547,0.1362907788044503,0.34603327045103754,0.2942777783925548,0.5452089062022609,0.7012522361359571,0.3509005559809568,0.0,0.9367708235983522,0.0,0.0,0.0,0.0,1.0,0.5,0.0,0.6666666666666666,1.0,1.0,0.0,0.9206349206349206,0.6818181818181818,0.9603960396039604,1.0,0.88,1.0,0.6144578313253012,1.0,0.8823529411764706,1.0,0.8,0.0,0.9714285714285714,0.0,0.0,0.0,0.0
52,0.21618510728338383,0.539306927667853,0.4388084128050452,0.3956738949950703,0.404236168660251,0.826879271070615,0.7699958660550243,0.8609559862824202,0.7697415874218242,0.45198890330663566,0.15502392344497606,0.0,0.23513824308784562,0.3648964218455744,0.19013593586615546,0.1349377764064589,0.5030540838939769,0.5031198520498554,0.4282909827033116,0.6567936126616265,0.3807876590927283,0.30874486876477175,0.7733209767998163,0.21429159401635847,0.46957538046206904,0.7528788576692769,0.453165663842102,0.0,0.9224066945772733,0.0,0.0,0.0,0.0,1.0,0.5,0.0,0.3333333333333333,1.0,0.5,0.3333333333333333,0.8260869565217391,0.9591836734693877,0.8256880733944955,0.75,0.8888888888888888,1.0,1.0,0.034482758620689655,0.9375,1.0,1.0,0.0,0.9714285714285714,0.0,0.0,0.0,0.0,0.41598204542178846,0.07887049659201557,0.0,0.13484531353040685,0.4375790424570912,0.12489982827704636,0.17472366493541083,0.6788830528459642,0.4253282051113615,0.6823037561524308,0.418502043977021,0.2768602084381275,0.14761508266920423,0.3789302500688922,0.29046131375015216,0.5244424834077914,0.6665986949429038,0.3347019113961034,0.0,0.930602715937554,0.0,0.0,0.0,0.0,1.0,0.5,0.0,1.0,0.9333333333333333,1.0,0.5,0.95,0.6351351351351351,0.967741935483871,0.9,0.8275862068965517,1.0,0.6296296296296297,1.0,0.8823529411764706,1.0,0.8,0.0,0.9714285714285714,0.0,0.0,0.0,0.0
53,0.2169585625575777,0.5476864453140206,0.43959201709611084,0.4025415536882112,0.40764437389390346,0.8451025056947609,0.7566089794363395,0.782174404327651,0.7387950561644419,0.4090563336167166,0.11237183868762816,0.0,0.26288685565721714,0.3792655367231638,0.1913558731265249,0.12197881312352155,0.5227474311010852,0.46108538215273676,0.4735652074541462,0.6575990955981064,0.3842067948175508,0.36546834183356136,0.7778041806271733,0.2298942610621787,0.45031564565380217,0.7551819438046983,0.43055526639045616,0.0,0.9273175062997282,0.0,0.0,0.0,0.0,1.0,0.0,0.0,0.6666666666666666,1.0,0.5,0.0,0.8260869565217391,0.9183673469387755,0.8899082568807339,0.9166666666666666,0.8888888888888888,1.0,1.0,0.10344827586206896,0.9375,1.0,1.0,0.0,0.9714285714285714,0.0,0.0,0.0,0.0,0.45227199643802407,0.07383454594448935,0.0,0.12415584415584416,0.43727201667535176,0.1338534682433256,0.17492625368731562,0.6761402162969254,0.46229417516195254,0.6590686406766086,0.4999946277573036,0.2885688151402327,0.11920798506857097,0.36260076141101055,0.30547490255349613,0.529155181585183,0.7100476396708532,0.3093770570283047,0.0,0.9275038388930096,0.0,0.0,0.0,0.0,1.0,0.0,0.0,0.5,0.9333333333333333,1.0,0.0,0.9344262295081968,0.6923076923076923,0.9509803921568627,1.0,0.8571428571428571,1.0,0.6623376623376623,1.0,0.9375,1.0,0.6666666666666666,0.0,0.9444444444444444,0.0,0.0,0.0,0.0
54,0.21554017485570726,0.5487303272825291,0.44268544908221474,0.4068238555511345,0.4138611601016329,0.835990888382688,0.7695339361447562,0.8555408142288422,0.7707910174220879,0.42800572732560743,0.11688311688311688,0.0,0.27243637818109095,0.35638418079096046,0.22124433600557686,0.1398230998662964,0.5402299763563336,0.47397274111832904,0.4660086197748737,0.6460397088956406,0.3813251152100081,0.3123522826222167,0.795634024823959,0.19650380525476874,0.4743491608846309,0.7782588668816214,0.45356124169807,0.0,0.915325700906764,0.0,0.0,0.0,0.0,1.0,0.5,0.0,0.3333333333333333,1.0,0.5,0.3333333333333333,0.8405797101449275,0.9183673469387755,0.8807339449541285,0.75,0.8518518518518519,1.0,1.0,0.034482758620689655,0.9375,1.0,1.0,0.0,0.9714285714285714,0.0,0.0,0.0,0.0,0.4541160273452336,0.08796296296296297,0.0,0.14561342561663237,0.42346938775510207,0.12786422923905927,0.16448880822746523,0.6535261070932117,0.45116088136746574,0.661722220451404,0.538677255535001,0.2915286095204791,0.20933722384326803,0.35065034803918144,0.3078970510640793,0.5236749566118143,0.6583028130600794,0.332570032821922,0.0,0.9402670593660588,0.0,0.0,0.0,0.0,1.0,1.0,0.0,0.5,1.0,1.0,0.3333333333333333,0.9206349206349206,0.6818181818181818,0.9696969696969697,1.0,0.8518518518518519,1.0,0.6219512195121951,1.0,0.8823529411764706,1.0,0.6666666666666666,0.0,0.9714285714285714,0.0,0.0,0.0,0.0
55,0.21551525261859175,0.5436477856852557,0.4412996056946442,0.40193157825311343,0.4070520187657541,0.8337129840546698,0.7513440514952442,0.8373320220088452,0.7534182025188798,0.4495726878160097,0.1420369104579631,0.0,0.24518774061296936,0.3627683615819209,0.23013245033112584,0.13725187699269772,0.5045288344175529,0.49874506573835203,0.46916349002930396,0.6308485833392213,0.3769854429438873,0.37541982833685783,0.7744536590388835,0.1866483076531643,0.448241520366758,0.7264394288346384,0.46607399387895315,0.0,0.918894720133336,0.0,0.0,0.0,0.0,1.0,0.5,0.0,0.3333333333333333,1.0,0.5,0.0,0.8260869565217391,0.9387755102040817,0.8807339449541285,0.75,0.8518518518518519,1.0,1.0,0.034482758620689655,0.9375,1.0,1.0,0.0,0.9714285714285714,0.0,0.0,0.0,0.0,0.4321226587531987,0.09567219152854511,0.0,0.14001827318410234,0.4293930139765052,0.12512436632396834,0.14402892450488372,0.6724754292167346,0.44047516924987906,0.6524942457946763,0.5423510545242491,0.28303198887343534,0.09517202232663745,0.36555401019935096,0.29979086035722013,0.5412173913043479,0.7118162123126919,0.3309237660206661,0.0,0.9331068301049488,0.0,0.0,0.0,0.0,1.0,1.0,0.0,0.5,0.9333333333333333,1.0,0.0,0.95,0.6865671641791045,0.9504950495049505,1.0,0.8518518518518519,1.0,0.6219512195121951,1.0,0.8333333333333334,1.0,0.8,0.0,0.9444444444444444,0.0,0.0,0.0,0.0
56,0.21489038760453125,0.5547424846985906,0.44220977133862144,0.4136485133052497,0.41552038101954575,0.8291571753986332,0.7230938625307696,0.751091639652299,0.7053144759737542,0.34665980580786615,0.1391660970608339,0.0,0.3320833958302085,0.3241242937853107,0.19118159637504356,0.12804689910521444,0.5241268656123657,0.48819662449880336,0.4971757177023729,0.621083869144351,0.38097634049560314,0.32765269312103495,0.7689882692140135,0.22117622407974197,0.4893124933125921,0.7694610778443114,0.4831254814598905,0.0,0.9272381396456278,0.0,0.0,0.0,0.0,1.0,0.0,0.0,0.3333333333333333,0.9285714285714286,0.5,0.0,0.8260869565217391,0.9183673469387755,0.8807339449541285,0.8333333333333334,0.8518518518518519,1.0,1.0,0.034482758620689655,0.9375,1.0,1.0,0.0,0.9714285714285714,0.0,0.0,0.0,0.0,0.4846276545835549,0.08966003170688744,0.0,0.15660292834744063,0.4718056964280819,0.1418687358551568,0.15815548780487804,0.6773723327082849,0.44546308605867235,0.636895021096164,0.5645020421793522,0.294963678458072,0.15502324760167147,0.3764623766407507,0.34099404679496054,0.5184125849124062,0.6811416921508665,0.32289260568279854,0.0,0.9288299904844957,0.0,0.0,0.0,0.0,1.0,0.0,0.0,0.3333333333333333,1.0,0.6666666666666666,0.0,0.9344262295081968,0.6818181818181818,0.9504950495049505,1.0,0.8518518518518519,1.0,0.6296296296296297,1.0,0.8333333333333334,1.0,0.6666666666666666,0.0,0.9714285714285714,0.0,0.0,0.0,0.0
57,0.21477092639954226,0.550170164480472,0.4366862184697962,0.40649039243471335,0.40804442995769324,0.835990888382688,0.7648601787919921,0.8429817953549464,0.7661005856414762,0.3845362208599937,0.12781954887218044,0.0,0.27728613569321536,0.3201883239171375,0.2039037992331823,0.13195515787308443,0.5402167380212926,0.4719601840052218,0.4873886816478789,0.6486257330601286,0.333765966449016,0.32964299042169426,0.7968459156112128,0.2192380510510286,0.4750652279480152,0.7626439428834638,0.4240178218234057,0.0,0.9252514930851803,0.0,0.0,0.0,0.0,1.0,0.5,0.0,0.6666666666666666,0.8571428571428571,0.5,0.0,0.855072463768116,0.8979591836734694,0.8990825688073395,0.8333333333333334,0.8148148148148148,1.0,1.0,0.034482758620689655,0.9375,1.0,1.0,0.0,0.9714285714285714,0.0,0.0,0.0,0.0,0.48249726300423884,0.1026344676180022,0.0,0.15240450673261885,0.4558299150111263,0.12647964974866224,0.1479133041272769,0.6600553833811037,0.4553206641928108,0.6440720016180139,0.5580614961884035,0.31292549826852356,0.09357014229723527,0.33467623888859316,0.300217244276843,0.5437647790328507,0.6849377404542258,0.3313268692653088,0.0,0.9301398997190038,0.0,0.0,0.0,0.0,1.0,1.0,0.0,1.0,1.0,0.6666666666666666,0.0,0.921875,0.7096774193548387,0.9514563106796117,0.9090909090909091,0.88,1.0,0.6144578313253012,1.0,0.8823529411764706,1.0,0.6666666666666666,0.0,0.9714285714285714,0.0,0.0,0.0,0.0
58,0.21486535156589162,0.5480970500498292,0.43688635364846384,0.40710880676720085,0.4086859550091015,0.8246013667425968,0.7554006602542527,0.7908328181888933,0.7508956232266003,0.3843796143004161,0.13738892686261106,0.0,0.29668516574171294,0.35135593220338984,0.1618159637504357,0.12074462614419418,0.515625206848985,0.5039396388275883,0.48198295635422705,0.6340846463647283,0.36780294800397945,0.32628436372683167,0.7814398529889346,0.19779093174487955,0.45336921899306154,0.7855826807922617,0.44206866398784117,0.0,0.9216130280362705,0.0,0.0,0.0,0.0,1.0,0.5,0.0,0.6666666666666666,1.0,0.25,0.0,0.8260869565217391,0.8979591836734694,0.8623853211009175,0.8333333333333334,0.8518518518518519,1.0,1.0,0.0,0.9375,1.0,1.0,0.0,0.9714285714285714,0.0,0.0,0.0,0.0,0.4861767452389711,0.08038070862992881,0.0,0.12941920568798937,0.4362883801417113,0.15162897036008818,0.19873042742276767,0.6856323053091113,0.4195867084185192,0.643928199479817,0.5659456391499023,0.2976012583562721,0.12304733311441572,0.367220534810315,0.29362557767507996,0.5281765095072347,0.6544261540232531,0.33687667581589426,0.0,0.9292671886683456,0.0,0.0,0.0,0.0,1.0,1.0,0.0,0.6666666666666666,0.9333333333333333,1.0,0.0,0.9047619047619048,0.6376811594202898,0.9591836734693877,1.0,0.8846153846153846,1.0,0.6219512195121951,0.0,0.8823529411764706,1.0,0.8,0.0,0.9444444444444444,0.0,0.0,0.0,0.0
59,0.21444932425189478,0.5423276558822582,0.440264007067889,0.3986230484275126,0.40481158056522437,0.8382687927107062,0.7649374714009896,0.8114572068777618,0.7504310532764659,0.4212269005324623,0.13342447026657553,0.0,0.3294835258237088,0.3760828625235405,0.19179156500522831,0.12845829476499024,0.5015766857033924,0.5078948186367451,0.46888187806610127,0.634494453472762,0.3653729602396826,0.30675457146411245,0.7862319701542191,0.17914256422536687,0.42233964624640935,0.8045140488254261,0.44975120234848326,0.0,0.9173297089227961,0.0,0.0,0.0,0.0,1.0,0.0,0.0,0.6666666666666666,1.0,0.5,0.3333333333333333,0.8115942028985508,0.9387755102040817,0.8899082568807339,0.8333333333333334,0.8518518518518519,1.0,1.0,0.034482758620689655,0.9375,1.0,1.0,0.0,0.9714285714285714,0.0,0.0,0.0,0.0,0.44227290878767234,0.08156443255891693,0.0,0.13316359521500162,0.40069826237007905,0.13843637964651864,0.15685043325379883,0.676920713078465,0.4294100063397793,0.6554210750013549,0.5599481206195596,0.2901621925968978,0.12815715622076707,0.3448969593362034,0.3177040477770405,0.5351124181370709,0.6265155319606859,0.3210426976979208,0.0,0.9369379410974936,0.0,0.0,0.0,0.0,1.0,0.0,0.0,0.5,0.9333333333333333,1.0,0.5,0.9655172413793104,0.6571428571428571,0.9603960396039604,1.0,0.8846153846153846,1.0,0.6296296296296297,1.0,0.9375,1.0,0.6666666666666666,0.0,0.9714285714285714,0.0,0.0,0.0,0.0
60,0.21413625401834438,0.5474721439636291,0.4422448194232185,0.40682777949056276,0.41211118598249263,0.8314350797266514,0.7788498342872177,0.8681609748276415,0.7800920254403191,0.40630453264128147,0.15160628844839372,0.0,0.2749362531873406,0.4129001883239171,0.18804461484837923,0.1521135452020981,0.5337484875202215,0.4868950672924502,0.46962263996930836,0.6324878117713559,0.3645896465368386,0.3315088941410623,0.8043707276889321,0.18497204989860136,0.42529445171485714,0.7410409949332105,0.48014823759655223,0.0,0.919822317903133,0.0,0.0,0.0,0.0,1.0,0.5,0.0,0.6666666666666666,0.9285714285714286,0.5,0.3333333333333333,0.855072463768116,0.9183673469387755,0.8715596330275229,0.75,0.8148148148148148,1.0,1.0,0.034482758620689655,0.875,1.0,1.0,0.0,0.9714285714285714,0.0,0.0,0.0,0.0,0.44900734294261624,0.08971040284743569,0.0,0.1348620478234212,0.4193924786717166,0.1223217322299059,0.15486910994764397,0.6713109731731358,0.44663311783196596,0.6492925360080127,0.5801125022681909,0.2999369702443109,0.16578538102643858,0.3430765436603255,0.3001214181641574,0.5363615603396376,0.7011854951185496,0.3235500434916805,0.0,0.9353703750409846,0.0,0.0,0.0,0.0,1.0,1.0,0.0,0.6666666666666666,0.9285714285714286,1.0,0.5,0.9365079365079365,0.6818181818181818,0.95,1.0,0.88,1.0,0.6071428571428571,1.0,0.9333333333333333,1.0,0.5714285714285714,0.0,0.9714285714285714,0.0,0.0,0.0,0.0
61,0.21308323721590916,0.5444501600772489,0.4408502540522716,0.40324191252679764,0.40781925738823943,0.8405466970387244,0.7770692841170286,0.8417782946461747,0.7706619235173409,0.37194057899682315,0.15064935064935064,0.0,0.30938453077346134,0.3479472693032015,0.19937260369466714,0.1199218348246426,0.49522228488367476,0.5028401143816243,0.4783566921613922,0.6705433477001342,0.36238836350329906,0.3424555292946884,0.7793883515909037,0.22592811548218603,0.45220046585512397,0.7735145094426532,0.4410276696300306,0.0,0.9122229607730312,0.0,0.0,0.0,0.0,1.0,0.5,0.0,0.6666666666666666,0.9285714285714286,0.5,0.0,0.8260869565217391,0.9387755102040817,0.8807339449541285,0.9166666666666666,0.8518518518518519,1.0,1.0,0.06896551724137931,0.9375,1.0,1.0,0.0,0.9714285714285714,0.0,0.0,0.0,0.0,0.5079282637255201,0.08674433249370277,0.0,0.13244012584808337,0.45288753799392095,0.13842337709480307,0.1504516129032258,0.6978725150737269,0.43930429823936135,0.645466135414286,0.49837205394278034,0.29791304347826086,0.14286455630513753,0.36036521051243736,0.2814513046639756,0.5192960235919054,0.6560278146730213,0.3102827010399883,0.0,0.9402635184882199,0.0,0.0,0.0,0.0,1.0,1.0,0.0,0.6666666666666666,0.9285714285714286,1.0,0.0,0.95,0.6865671641791045,0.9504950495049505,1.0,0.8518518518518519,1.0,0.6375,1.0,0.9375,1.0,0.5714285714285714,0.0,0.9714285714285714,0.0,0.0,0.0,0.0
62,0.2140264224326384,0.5529209232202629,0.4381802542343739,0.41061869053149513,0.4142666745574728,0.835990888382688,0.7869634929712812,0.8726515383734601,0.7952012205590467,0.40426864736677254,0.13479152426520846,0.0,0.26593670316484175,0.3510169491525424,0.17941791565005227,0.18178545716342692,0.5255195384586872,0.488771640816834,0.5012611318352121,0.6420970818907652,0.33955791375544603,0.3117303147157607,0.790216160128001,0.23879189708974713,0.42840563964542333,0.7576692768309535,0.4159188857196394,0.0,0.9300878985694161,0.0,0.0,0.0,0.0,1.0,0.5,0.0,0.6666666666666666,1.0,0.5,0.3333333333333333,0.8260869565217391,0.9183673469387755,0.8807339449541285,0.75,0.7777777777777778,1.0,1.0,0.10344827586206896,0.9375,1.0,1.0,0.0,0.9714285714285714,0.0,0.0,0.0,0.0,0.47054840893703453,0.09646805596321299,0.0,0.13732830734276566,0.4312087912087912,0.1212603062426384,0.1852142931992036,0.663315843999599,0.4371555456712559,0.6418718169156516,0.5490333494441759,0.30247837912171865,0.172958796328249,0.35338457723778827,0.340798650048594,0.5371517027863777,0.6754126632175412,0.34923604069787767,0.0,0.9263109012044384,0.0,0.0,0.0,0.0,1.0,1.0,0.0,0.6666666666666666,1.0,1.0,0.3333333333333333,0.9344262295081968,0.6818181818181818,0.9320388349514563,1.0,0.84,1.0,0.6375,1.0,0.9375,1.0,0.8,0.0,0.9444444444444444,0.0,0.0,0.0,0.0
63,0.21272828631651536,0.5440835038605635,0.43516042090631574,0.4012344120276041,0.4059649039631346,0.8223234624145785,0.7209275443299037,0.7768725372050437,0.7042524387303104,0.41285963577788715,0.11784005468215994,0.0,0.28138593070346485,0.3446892655367232,0.16939700243987452,0.12958963282937366,0.5261126158685274,0.4846377397196407,0.46454954329885967,0.648526814103017,0.3358929204450594,0.32280134345067796,0.7965132397088294,0.1960997074032223,0.4314756742964847,0.7606632888070014,0.47944036143324104,0.0,0.930412805809639,0.0,0.0,0.0,0.0,1.0,0.0,0.0,0.6666666666666666,1.0,0.25,0.0,0.8405797101449275,0.9183673469387755,0.8715596330275229,0.8333333333333334,0.7777777777777778,1.0,1.0,0.034482758620689655,0.8125,1.0,1.0,0.0,0.9714285714285714,0.0,0.0,0.0,0.0,0.4679243369339216,0.07966728280961183,0.0,0.14727586748312138,0.4326234429290661,0.14881727015233867,0.15896044912634832,0.6622187266716434,0.435985264202778,0.6501719351558841,0.49503273754948385,0.29205277601018137,0.15524048815506103,0.3521873588137024,0.29173717491984325,0.5224015944195316,0.7070862770284736,0.30144123152644875,0.0,0.9213952026094346,0.0,0.0,0.0,0.0,1.0,0.0,0.0,0.5,1.0,1.0,0.0,0.9206349206349206,0.6617647058823529,0.9595959595959596,1.0,0.875,1.0,0.6144578313253012,1.0,0.8666666666666667,1.0,0.6666666666666666,0.0,0.918918918918919,0.0,0.0,0.0,0.0
64,0.21223753536389423,0.5427236111116924,0.4386708222369463,0.40084792929384866,0.40624063798453997,0.8291571753986332,0.7536388647851443,0.8463470245985141,0.7523655833797486,0.5075842319566871,0.14586466165413534,0.0,0.23103844807759613,0.36700564971751415,0.17776228651097944,0.10824848297850458,0.5420171515868792,0.4908657880831753,0.42340154600886465,0.6415459619868579,0.3789065626822491,0.3446946137579301,0.7921092444296588,0.21527938876458308,0.4118620212844762,0.7493781667434362,0.43694697174741315,0.0,0.9315636222940932,0.0,0.0,0.0,0.0,1.0,0.5,0.0,0.6666666666666666,0.9285714285714286,0.25,0.0,0.8405797101449275,0.8979591836734694,0.8623853211009175,0.75,0.9259259259259259,1.0,1.0,0.034482758620689655,0.9375,1.0,1.0,0.0,0.9714285714285714,0.0,0.0,0.0,0.0,0.4024336165457545,0.08651585177977783,0.0,0.14024279210925644,0.425465024888656,0.1411471666781983,0.15858068404399578,0.6518153654133327,0.4293997491732574,0.680922985031522,0.5415538404647445,0.2845439439413651,0.13776474097643432,0.34562810839954794,0.30735042735042734,0.5658777098010833,0.6491760105342963,0.34279600803619553,0.0,0.9240487021214305,0.0,0.0,0.0,0.0,1.0,1.0,0.0,0.6666666666666666,0.9285714285714286,1.0,0.0,0.8923076923076924,0.6567164179104478,0.9791666666666666,1.0,0.8620689655172413,1.0,0.6219512195121951,1.0,0.8823529411764706,1.0,0.8,0.0,0.9444444444444444,0.0,0.0,0.0,0.0
65,0.21297475268650085,0.5435230556024108,0.4406482177463738,0.39665644100697817,0.4046295632984023,0.8200455580865603,0.716464642687902,0.7650082653358514,0.7066249791801786,0.38863036377466553,0.11825017088174983,0.0,0.29208539573021347,0.34146892655367234,0.20625653537818056,0.1298981795742055,0.5477414076586415,0.4707052497435738,0.4466406549722878,0.6271037942485692,0.34195359581012935,0.3354894887423809,0.8018677375662382,0.22102655820879885,0.48332057581668686,0.8082450483648088,0.4564968457870958,0.0,0.9144873906228298,0.0,0.0,0.0,0.0,1.0,0.0,0.0,0.3333333333333333,0.9285714285714286,0.5,0.0,0.8405797101449275,0.8979591836734694,0.8532110091743119,0.75,0.8148148148148148,1.0,1.0,0.06896551724137931,0.9375,1.0,1.0,0.0,0.9714285714285714,0.0,0.0,0.0,0.0,0.46817054764984906,0.0769162368842255,0.0,0.14830798913457388,0.4395849495733126,0.1226679104477612,0.157875,0.6525491358834681,0.458603355338865,0.6630495371043575,0.5393347188293773,0.30054977084505907,0.12620496022461394,0.3403566457547455,0.2827954003619199,0.50358897836322,0.6103728955057743,0.311311780324005,0.0,0.9375761259004788,0.0,0.0,0.0,0.0,1.0,0.0,0.0,0.3333333333333333,1.0,1.0,0.0,0.9206349206349206,0.6567164179104478,0.9587628865979382,1.0,0.8148148148148148,1.0,0.6144578313253012,1.0,0.8333333333333334,1.0,0.6666666666666666,0.0,0.9714285714285714,0.0,0.0,0.0,0.0
66,0.21266534328713557,0.5453462913100384,0.44025502694296886,0.39998869637353246,0.4090700567097713,0.8337129840546698,0.7696815198868467,0.8559867587425835,0.7704523511627054,0.4997091592464987,0.1369788106630212,0.0,0.20858957052147392,0.36894538606403016,0.17471244336005576,0.1585930268435668,0.5020188460937645,0.4993550492649116,0.46409039335885527,0.6269059563343461,0.3779345675765303,0.3292698096778206,0.7689011398110084,0.21267520261017278,0.4810900680675243,0.760525103638876,0.43482334325747957,0.0,0.9194726085835037,0.0,0.0,0.0,0.0,1.0,0.5,0.0,0.3333333333333333,1.0,0.5,0.3333333333333333,0.8115942028985508,0.9591836734693877,0.8715596330275229,0.75,0.8518518518518519,1.0,1.0,0.034482758620689655,0.9375,1.0,1.0,0.0,0.9714285714285714,0.0,0.0,0.0,0.0,0.3632637793354693,0.09444811009520218,0.0,0.14396632043893853,0.4007076967130965,0.1320903880361025,0.15921528136293236,0.6813201818214485,0.427594742147655,0.6598779599641366,0.5454556632075935,0.2840396366355269,0.14021612458946922,0.3657390662205745,0.3238930993218987,0.529994740946267,0.6859861232290498,0.32838566644129624,0.0,0.9336019542169282,0.0,0.0,0.0,0.0,1.0,1.0,0.0,0.5,1.0,1.0,0.3333333333333333,0.9491525423728814,0.6714285714285714,0.9595959595959596,1.0,0.8518518518518519,1.0,0.6219512195121951,1.0,0.8823529411764706,1.0,0.6666666666666666,0.0,0.9714285714285714,0.0,0.0,0.0,0.0
67,0.21195035073934085,0.5442463226599821,0.43460107833343564,0.3990719936213647,0.40368158492670325,0.8291571753986332,0.7645933743028722,0.8475979406801488,0.7693955151653066,0.3132802362521813,0.13369788106630212,0.0,0.272236388180591,0.3693220338983051,0.2086964098989195,0.09775789365422195,0.5132899645477388,0.46011018555931993,0.46651674570847856,0.6379424856920795,0.362571327287905,0.32765269312103495,0.7867309840077942,0.22966976225576402,0.4927858301028009,0.7913864578535237,0.4257458724573713,0.0,0.933426258457509,0.0,0.0,0.0,0.0,0.8571428571428571,0.5,0.0,0.6666666666666666,0.9285714285714286,0.5,0.0,0.8405797101449275,0.8979591836734694,0.8623853211009175,0.9166666666666666,0.8148148148148148,1.0,1.0,0.06896551724137931,0.9375,1.0,1.0,0.0,0.9714285714285714,0.0,0.0,0.0,0.0,0.48146747352496216,0.09347223549651151,0.0,0.1274727847360412,0.41289792824658916,0.13524960469844138,0.140315913788013,0.6904196329680583,0.4570346871671375,0.6514980093987158,0.5285378104035685,0.2939338738012135,0.132474978624956,0.3474227669576897,0.2658403277637745,0.5114554680425757,0.6645907473309609,0.3325256927279823,0.0,0.9166859495073741,0.0,0.0,0.0,0.0,1.0,1.0,0.0,0.6666666666666666,1.0,1.0,0.0,0.9206349206349206,0.6567164179104478,0.9591836734693877,1.0,0.8461538461538461,1.0,0.6296296296296297,1.0,0.8333333333333334,1.0,0.8,0.0,0.9444444444444444,0.0,0.0,0.0,0.0
68,0.21170943929031016,0.5515204304108684,0.4388652724956004,0.40639065434774674,0.41016101131343524,0.8405466970387244,0.7743828487998957,0.8757545447033303,0.7803215148859,0.37601234954584095,0.1365686944634313,0.0,0.28843557822108895,0.33661016949152545,0.16678285116765423,0.1819911549933148,0.5114657219790781,0.46451993907935224,0.5181782562913745,0.6530064297322122,0.37436677377671557,0.3158353028983704,0.7796893440740125,0.22031564532181905,0.41810908911331146,0.7783970520497466,0.4556015906393787,0.0,0.923688962082581,0.0,0.0,0.0,0.0,1.0,0.5,0.0,0.6666666666666666,0.9285714285714286,0.25,0.3333333333333333,0.8260869565217391,0.9183673469387755,0.8990825688073395,0.75,0.8888888888888888,1.0,1.0,0.06896551724137931,0.9375,1.0,1.0,0.0,0.9714285714285714,0.0,0.0,0.0,0.0,0.48607455823235096,0.07981783317353787,0.0,0.1482995295750752,0.44653742380333766,0.12758298893480868,0.1594215955673679,0.6971169981270773,0.45395348837209304,0.620518259305599,0.5203887431164765,0.29839536611264794,0.13479507326396262,0.36000599796654303,0.3059886089631662,0.5598241147882435,0.6385655985489722,0.34344591625337434,0.0,0.9342996841548068,0.0,0.0,0.0,0.0,1.0,1.0,0.0,0.6666666666666666,1.0,1.0,0.3333333333333333,0.9193548387096774,0.6923076923076923,0.9514563106796117,1.0,0.8888888888888888,1.0,0.6296296296296297,1.0,0.9375,1.0,0.8,0.0,0.9444444444444444,0.0,0.0,0.0,0.0
69,0.21158851290815767,0.538475672820436,0.4355573882058397,0.3956194609561468,0.4007183312982396,0.826879271070615,0.7513860436007284,0.8418384350042657,0.7465218284120785,0.4333303503512461,0.14518113465481886,0.0,0.2704864756762162,0.360075329566855,0.15249215754618334,0.109379821042888,0.48063363966840617,0.4875594442544991,0.4642291586740566,0.6271037942485692,0.3573511418083683,0.32317452419455156,0.8071588685850977,0.18705240550471072,0.4505214120513264,0.8099493321050207,0.44956382336407735,0.0,0.9247901744082224,0.0,0.0,0.0,0.0,1.0,0.5,0.0,0.6666666666666666,0.9285714285714286,0.25,0.0,0.8260869565217391,0.9183673469387755,0.8807339449541285,0.8333333333333334,0.7777777777777778,1.0,1.0,0.034482758620689655,0.9375,1.0,1.0,0.0,0.9714285714285714,0.0,0.0,0.0,0.0,0.4348284841954023,0.08660903604632197,0.0,0.1312565203678094,0.4524051771052694,0.13550135501355012,0.14112261146496816,0.7023100701416374,0.4357125248688418,0.656077591054995,0.5477289558133794,0.2783282492039812,0.12209220358099535,0.32984615185423755,0.27691182824287947,0.5284157278422968,0.6163336838415703,0.3163253347396795,0.0,0.9293447918328283,0.0,0.0,0.0,0.0,1.0,1.0,0.0,0.6666666666666666,1.0,1.0,0.0,0.9344262295081968,0.6716417910447762,0.96,1.0,0.84,1.0,0.6,1.0,0.9375,1.0,0.5714285714285714,0.0,0.9714285714285714,0.0,0.0,0.0,0.0
70,0.21172332210925934,0.5486805189608561,0.44175853960598577,0.4005988098456863,0.40781614490964474,0.8382687927107062,0.7762839452728971,0.8725015556807144,0.7784875910090547,0.47695646337643743,0.12262474367737526,0.0,0.24898755062246888,0.35986817325800374,0.17767514813523877,0.13894888408927286,0.5391126608788666,0.4704332825661269,0.4726346635757373,0.6557196354129866,0.3458015529051218,0.3398432640875731,0.785891373397017,0.2163270498611849,0.4305703021473781,0.7729157070474436,0.4693635360496346,0.0,0.9279797218198774,0.0,0.0,0.0,0.0,1.0,0.5,0.0,0.6666666666666666,1.0,0.25,0.3333333333333333,0.855072463768116,0.8775510204081632,0.8899082568807339,0.8333333333333334,0.8518518518518519,1.0,1.0,0.06896551724137931,0.875,1.0,1.0,0.0,0.9714285714285714,0.0,0.0,0.0,0.0,0.4415608624510677,0.08195523069894929,0.0,0.13311592847023604,0.4389341908809004,0.13052941553037578,0.1755913698986223,0.6626960492356562,0.450700345799228,0.6493221042243729,0.5194156825432361,0.3034803901890731,0.0918381067634799,0.35396569438894915,0.30232169002300774,0.5345697935826691,0.6644491961669439,0.34858980702622466,0.0,0.9277427193493597,0.0,0.0,0.0,0.0,1.0,1.0,0.0,0.6666666666666666,0.9333333333333333,1.0,0.5,0.8939393939393939,0.6935483870967742,0.9509803921568627,1.0,0.8846153846153846,1.0,0.6375,1.0,0.9333333333333333,1.0,0.6666666666666666,0.0,0.9444444444444444,0.0,0.0,0.0,0.0
71,0.21114674691832827,0.550823951022096,0.4424664986631355,0.4125064121897559,0.41760909962418824,0.8382687927107062,0.7677163561478025,0.8670784458132732,0.7739284810391682,0.4099959729741823,0.13766233766233765,0.0,0.2713364331783411,0.39419962335216574,0.16599860578598816,0.1402344955260722,0.5354933000786357,0.5111040313306189,0.4583683647732003,0.6476506747686003,0.3767453029765921,0.342828710038562,0.7721803737059303,0.2321841488876084,0.4789583281891734,0.7380009212344542,0.4359684370510712,0.0,0.9154869144229052,0.0,0.0,0.0,0.0,1.0,0.5,0.0,0.3333333333333333,1.0,0.25,0.3333333333333333,0.8405797101449275,0.9183673469387755,0.8623853211009175,0.9166666666666666,0.8518518518518519,1.0,1.0,0.10344827586206896,0.9375,1.0,1.0,0.0,0.9714285714285714,0.0,0.0,0.0,0.0,0.4576008789452657,0.0945362373263237,0.0,0.14437350359138068,0.45116930703739627,0.13991920675725303,0.14382152840040083,0.665831569313629,0.4304717027438276,0.664919141176575,0.586749455895532,0.2883638289212833,0.17136106447802027,0.37211051056553074,0.31355606758832566,0.52106483761495,0.71088827757565,0.3303308040573583,0.0,0.9380474974269051,0.0,0.0,0.0,0.0,1.0,1.0,0.0,0.5,0.9333333333333333,1.0,0.5,0.9206349206349206,0.6617647058823529,0.9591836734693877,1.0,0.8518518518518519,1.0,0.6538461538461539,1.0,0.8823529411764706,1.0,0.8,0.0,0.9444444444444444,0.0,0.0,0.0,0.0
72,0.2112699609540223,0.5387004381039521,0.44058297392800555,0.3986515536638492,0.40598814834555014,0.8200455580865603,0.7589881797661018,0.8386967634655562,0.7559455129747619,0.44440467134994854,0.1695146958304853,0.0,0.3088345582720864,0.3694726930320151,0.1628616242593238,0.12701840995577496,0.5079152005210609,0.47348708544431667,0.4399493098466235,0.6350597046562566,0.3364875527450285,0.33424555292946884,0.8046954827364969,0.22744722407225867,0.4307349152653975,0.7505757715338554,0.47356915325518933,0.0,0.9342199249985119,0.0,0.0,0.0,0.0,1.0,0.5,0.0,0.6666666666666666,1.0,0.5,0.0,0.8260869565217391,0.8979591836734694,0.8623853211009175,0.75,0.7777777777777778,1.0,1.0,0.034482758620689655,0.875,1.0,1.0,0.0,0.9714285714285714,0.0,0.0,0.0,0.0,0.4619212613073507,0.08713372215585694,0.0,0.15304377988652412,0.3927885000400416,0.13121314237573714,0.13553555750658472,0.7001251820248832,0.44459036966506515,0.6701866404715128,0.5317084713677236,0.2903469303179208,0.15331507474609152,0.3250413532511494,0.26519732307235905,0.5129127422058002,0.6848365134067412,0.31665552956899434,0.0,0.9191758725789487,0.0,0.0,0.0,0.0,1.0,1.0,0.0,0.6666666666666666,1.0,1.0,0.0,0.9344262295081968,0.6470588235294118,0.9591836734693877,1.0,0.84,1.0,0.6,1.0,0.9333333333333333,1.0,0.5714285714285714,0.0,0.9444444444444444,0.0,0.0,0.0,0.0
73,0.2102469628117447,0.5534796972491157,0.44347604862449425,0.4075747045527164,0.4145030558953328,0.8451025056947609,0.7667619923719007,0.8132854542576766,0.7551271808254653,0.4512058705087476,0.11578947368421053,0.0,0.3294835258237088,0.35753295668549906,0.17628093412338794,0.13514347423634682,0.5151724557905801,0.473580331333727,0.5094360414336906,0.6454603264325585,0.37301741586524717,0.32516482149521087,0.7796576606547378,0.22090682551204435,0.436397606525264,0.7866881621372639,0.42672440715371324,0.0,0.9249265858449572,0.0,0.0,0.0,0.0,1.0,0.0,0.0,0.6666666666666666,1.0,0.5,0.3333333333333333,0.8260869565217391,0.9387755102040817,0.908256880733945,0.8333333333333334,0.8518518518518519,1.0,1.0,0.034482758620689655,0.9375,1.0,1.0,0.0,0.9714285714285714,0.0,0.0,0.0,0.0,0.4475512060892528,0.08028436018957345,0.0,0.15469120443182086,0.4556691628264209,0.1327602047512797,0.166423912355139,0.6790653846824996,0.4459762545048753,0.6321923202568862,0.5179095846609141,0.2941892659698235,0.1702266215160198,0.37629693628669075,0.313209549071618,0.5604756871035941,0.6416816952209198,0.3356808280651184,0.0,0.9320605039664489,0.0,0.0,0.0,0.0,1.0,0.0,0.0,0.5,1.0,1.0,0.3333333333333333,0.95,0.7076923076923077,0.9519230769230769,1.0,0.8846153846153846,1.0,0.6296296296296297,1.0,0.9375,1.0,0.8,0.0,0.9444444444444444,0.0,0.0,0.0,0.0
74,0.21041078081512674,0.5553770176032654,0.44641396087888235,0.4058904377465567,0.4151524109246094,0.8519362186788155,0.7730818937728221,0.8330990330990331,0.7760431327950834,0.47205691529822363,0.15502392344497606,0.0,0.2376381180940953,0.3358380414312618,0.19876263506448238,0.15154787616990642,0.5357501237784327,0.502199048891928,0.49287195226473157,0.6624743870557479,0.3602499742707178,0.356760791143177,0.7507306988570206,0.24836302953655964,0.45322106718684413,0.781437125748503,0.42104057796006744,0.0,0.9194850096232068,0.0,0.0,0.0,0.0,1.0,0.5,0.0,0.3333333333333333,0.9285714285714286,0.25,0.3333333333333333,0.8405797101449275,0.9183673469387755,0.8899082568807339,0.9166666666666666,0.8888888888888888,1.0,1.0,0.20689655172413793,0.9375,1.0,1.0,0.0,0.9714285714285714,0.0,0.0,0.0,0.0,0.4296302329369604,0.09050279329608939,0.0,0.14861484585079107,0.4569517757392508,0.12089892404727831,0.14431929480901076,0.6548987623634198,0.437548660523875,0.6382526108832608,0.5645132157264134,0.3019832825290926,0.11968451362517214,0.3992224389134363,0.3452763646577822,0.5358289706712337,0.6464334705075446,0.33489550558076375,0.0,0.9365722167766449,0.0,0.0,0.0,0.0,1.0,1.0,0.0,0.5,1.0,0.5,0.3333333333333333,0.9206349206349206,0.6923076923076923,0.9509803921568627,1.0,0.8888888888888888,1.0,0.6891891891891891,1.0,0.8823529411764706,1.0,0.6666666666666666,0.0,0.9714285714285714,0.0,0.0,0.0,0.0
75,0.2099106206937517,0.5474156387247563,0.43543006958718933,0.4090824383206835,0.41182329782873195,0.8473804100227791,0.7846822261972607,0.8480764457090487,0.7803336369985324,0.4191015257953376,0.11196172248803828,0.0,0.2743862806859657,0.33634651600753296,0.17218543046357615,0.1320065823305564,0.5280454127845249,0.47572498679016567,0.466039229770874,0.642860170988483,0.37963841782067265,0.31085955964672224,0.7778596266109038,0.22716285891746676,0.4516490119097591,0.7460156609857209,0.45793341800087445,0.0,0.9279648405722336,0.0,0.0,0.0,0.0,1.0,0.5,0.0,0.6666666666666666,1.0,0.5,0.0,0.8405797101449275,0.9183673469387755,0.8807339449541285,0.9166666666666666,0.8888888888888888,1.0,1.0,0.10344827586206896,0.9375,1.0,1.0,0.0,0.9714285714285714,0.0,0.0,0.0,0.0,0.4857891188216379,0.08297872340425531,0.0,0.14646774667058102,0.4452532907857998,0.12337662337662338,0.15722422980339315,0.6854057695083478,0.43425709847426247,0.6484712189359866,0.534803616143329,0.2762531620290241,0.17151681537405628,0.36931014771804205,0.2902020018546313,0.5427104864950401,0.715971884532072,0.3285483822782541,0.0,0.9249435735669663,0.0,0.0,0.0,0.0,1.0,1.0,0.0,0.6666666666666666,1.0,1.0,0.0,0.9354838709677419,0.6716417910447762,0.96,1.0,0.8888888888888888,1.0,0.6623376623376623,1.0,0.9375,1.0,0.5714285714285714,0.0,0.9714285714285714,0.0,0.0,0.0,0.0
76,0.2096246884770759,0.5498524794708096,0.4394445335953174,0.4088639661518457,0.4131966394371863,0.8314350797266514,0.7631708509016115,0.8380177756913868,0.7596647534931502,0.3920085909884111,0.13766233766233765,0.0,0.25888705564721765,0.352165725047081,0.17741373300801674,0.14136583359045563,0.5335128451564903,0.4680516271407702,0.4809809891518174,0.6412209425563484,0.3724056307104712,0.3140937927602936,0.7947389682294513,0.2284649519946719,0.43546754240845453,0.7850299401197605,0.4732984947221586,0.0,0.9232326038215044,0.0,0.0,0.0,0.0,1.0,0.5,0.0,0.6666666666666666,0.9285714285714286,0.5,0.0,0.855072463768116,0.8979591836734694,0.8715596330275229,0.75,0.8518518518518519,1.0,1.0,0.06896551724137931,0.875,1.0,1.0,0.0,0.9714285714285714,0.0,0.0,0.0,0.0,0.4964020624397983,0.0894157343278281,0.0,0.1429517972502899,0.4409129491653306,0.1348255082444871,0.15593624142038687,0.6632620817232049,0.448048349604835,0.6489285842113812,0.5692350151792659,0.29390689090342986,0.18860173289512996,0.35542228425281086,0.30155171221714094,0.5456176716270148,0.6442747514459608,0.3109636823746666,0.0,0.9292943414502624,0.0,0.0,0.0,0.0,1.0,1.0,0.0,0.6666666666666666,1.0,1.0,0.0,0.921875,0.676923076923077,0.9595959595959596,1.0,0.8518518518518519,1.0,0.6296296296296297,1.0,0.9333333333333333,1.0,0.5,0.0,0.9444444444444444,0.0,0.0,0.0,0.0
77,0.20967548982560094,0.5499839064708544,0.4428342498702571,0.40808537119360727,0.4154062080609647,0.8405466970387244,0.7433441933996006,0.8433094949660954,0.7513711805417163,0.46550181216161796,0.1498291182501709,0.0,0.2600369981500925,0.3570433145009416,0.15867898222377136,0.1336007405121876,0.5195834690262675,0.49949103285363505,0.4588091487156046,0.6524553098283049,0.38067902434561857,0.33213086204751835,0.7717684892553605,0.2518876607972701,0.5058478810176383,0.7770152003684938,0.37663175865586807,0.0,0.920025694954265,0.0,0.0,0.0,0.0,1.0,0.5,0.0,0.6666666666666666,1.0,0.25,0.0,0.8260869565217391,0.9387755102040817,0.8807339449541285,0.9166666666666666,0.8888888888888888,1.0,1.0,0.10344827586206896,0.9375,1.0,0.5,0.0,0.9714285714285714,0.0,0.0,0.0,0.0,0.4404716541767221,0.10234382295265665,0.0,0.14614887458903533,0.4518673880401363,0.1259946031965682,0.1618086696562033,0.6775048851388208,0.4314460512052944,0.653977829682396,0.5608381415122988,0.2913084377939664,0.1494542401343409,0.3726901700983411,0.3085469145308547,0.5227527898747959,0.6680792079207921,0.3471968984511449,0.0,0.9331061025305629,0.0,0.0,0.0,0.0,1.0,1.0,0.0,0.6666666666666666,1.0,1.0,0.0,0.9344262295081968,0.6666666666666666,0.96,1.0,0.8888888888888888,1.0,0.6623376623376623,1.0,0.7894736842105263,1.0,0.6666666666666666,0.0,0.9444444444444444,0.0,0.0,0.0,0.0
78,0.2096808776209049,0.549287427082082,0.44381736334973354,0.4070356259076293,0.41281339873889555,0.8542141230068337,0.7749218912572811,0.8069132057601484,0.7585331974086338,0.3982728533715155,0.1293233082706767,0.0,0.3094845257737113,0.3462523540489642,0.18386197281282676,0.1388974596318009,0.5134594152362646,0.4448605973953315,0.48843962484388903,0.6566522998657528,0.4137897517410148,0.3312601069784799,0.7644733819673819,0.23400258921956732,0.4536655226054964,0.7681713496084753,0.491932293726968,0.0,0.9219131331970872,0.0,0.0,0.0,0.0,1.0,0.0,0.0,0.6666666666666666,1.0,0.5,0.3333333333333333,0.8405797101449275,0.8979591836734694,0.926605504587156,0.9166666666666666,0.8888888888888888,1.0,1.0,0.06896551724137931,0.9375,1.0,1.0,0.0,0.9714285714285714,0.0,0.0,0.0,0.0,0.4662528482753202,0.08377612469004606,0.0,0.16128612001354908,0.4391735339782635,0.11921577490253686,0.15012227656736327,0.6942325384921046,0.4685613733554314,0.6438772573082583,0.5458411154573539,0.2686087986074253,0.14267345298687384,0.3747301557719486,0.328052874527906,0.5293439741853698,0.6619170470331415,0.3144069939189099,0.0,0.9345690062655255,0.0,0.0,0.0,0.0,1.0,0.0,0.0,0.5,1.0,1.0,0.3333333333333333,0.9354838709677419,0.7457627118644068,0.9528301886792453,1.0,0.8275862068965517,1.0,0.6538461538461539,1.0,0.9375,1.0,0.6666666666666666,0.0,0.9714285714285714,0.0,0.0,0.0,0.0
79,0.20924557333723817,0.5443635187109773,0.4381419755837577,0.41411802386012186,0.4137974483373139,0.8405466970387244,0.7874623302243603,0.8766483593812154,0.7944688882003441,0.4125911673900398,0.16172248803827752,0.0,0.2850857457127144,0.33461393596986816,0.17924363889857092,0.15396482567108918,0.4949495751818285,0.5032441799024027,0.46275375686684245,0.6238112061047127,0.36726549188669966,0.31334743127254633,0.7936696528289333,0.2334263756164363,0.4449821806299744,0.744956241363427,0.4462742811933959,0.0,0.9306533859798806,0.0,0.0,0.0,0.0,1.0,0.5,0.0,0.6666666666666666,0.9285714285714286,0.5,0.3333333333333333,0.8260869565217391,0.9591836734693877,0.8807339449541285,0.75,0.8518518518518519,1.0,1.0,0.06896551724137931,0.9375,1.0,1.0,0.0,0.9714285714285714,0.0,0.0,0.0,0.0,0.484729012248331,0.09385909235163441,0.0,0.14790029310300107,0.4818571351087487,0.14501233697567853,0.17551881814984172,0.7007433341705058,0.4277627881017566,0.659257148837696,0.5435516044031817,0.28476178232130905,0.16870939655749784,0.34101467179890343,0.2786930650608438,0.5457316765421382,0.7101831115795021,0.3408386204264657,0.0,0.9240005417451581,0.0,0.0,0.0,0.0,1.0,1.0,0.0,0.6666666666666666,1.0,1.0,0.3333333333333333,0.95,0.6811594202898551,0.96,1.0,0.8846153846153846,1.0,0.6219512195121951,1.0,0.9375,1.0,0.8,0.0,0.9444444444444444,0.0,0.0,0.0,0.0
80,0.20926530257139386,0.5455656153483297,0.4419201273740769,0.4046078944002012,0.40856446151504194,0.8246013667425968,0.7768493312021215,0.8582670443013395,0.776781104795606,0.3828582934359479,0.12781954887218044,0.0,0.2749862506874656,0.34193973634651603,0.20233530846985012,0.1341664095443793,0.5016269913765485,0.4993550492649116,0.46229868825963805,0.6370663463576627,0.3727658406614141,0.3236720985197164,0.7870002930716283,0.22512740307264034,0.43880095804834685,0.8081989866421004,0.5048406237638192,0.0,0.9297034663386178,0.0,0.0,0.0,0.0,1.0,0.5,0.0,0.6666666666666666,0.8571428571428571,0.5,0.3333333333333333,0.8260869565217391,0.9387755102040817,0.8440366972477065,0.75,0.8518518518518519,1.0,1.0,0.06896551724137931,0.875,1.0,1.0,0.0,0.9714285714285714,0.0,0.0,0.0,0.0,0.5131334332833584,0.08117728772356311,0.0,0.13921231143059634,0.4369495114790393,0.12637422444758897,0.1676519727541447,0.6994731615108857,0.4289447424015379,0.6488098818044088,0.5776855162162509,0.2890239523347209,0.12052992403186956,0.35939376401649425,0.30731826911289994,0.5269176410124631,0.6115293461592082,0.32422747268910374,0.0,0.9245896867954871,0.0,0.0,0.0,0.0,1.0,1.0,0.0,0.6666666666666666,1.0,1.0,0.3333333333333333,0.95,0.647887323943662,0.9583333333333334,1.0,0.8214285714285714,1.0,0.6219512195121951,1.0,0.9333333333333333,1.0,0.5714285714285714,0.0,0.9444444444444444,0.0,0.0,0.0,0.0
81,0.20932264832591982,0.5455358977782558,0.44563748182920065,0.41025839052620544,0.41520568540374597,0.8428246013667426,0.7833906202371502,0.8632300547079927,0.7871136930533927,0.4631527137679538,0.12973342447026656,0.0,0.31653417329133543,0.36615819209039546,0.17436388985709306,0.13190373341561246,0.5178015891297383,0.4931347713921611,0.4451591311658735,0.6313855719635413,0.41830667017347256,0.35713397188705065,0.7716179930138061,0.22367564412449206,0.46069450274492374,0.7761400276370336,0.4285981969977723,0.0,0.9159804758030913,0.0,0.0,0.0,0.0,1.0,0.5,0.0,0.6666666666666666,1.0,0.5,0.3333333333333333,0.8405797101449275,0.9387755102040817,0.8715596330275229,0.8333333333333334,0.8888888888888888,1.0,1.0,0.06896551724137931,0.9375,1.0,0.75,0.0,0.9714285714285714,0.0,0.0,0.0,0.0,0.46328745664093096,0.08681730857195133,0.0,0.14688072755956663,0.44610407488986786,0.12440935090773439,0.15557712136835083,0.6799845623209368,0.4354277088800837,0.6648927577578035,0.6047972277871028,0.2702390230749057,0.16249717002490377,0.3685337489691073,0.3227861771058315,0.5483678187945764,0.651711467801199,0.3177930778968168,0.0,0.934544249120028,0.0,0.0,0.0,0.0,1.0,1.0,0.0,0.6666666666666666,1.0,1.0,0.3333333333333333,0.9354838709677419,0.6865671641791045,0.9595959595959596,1.0,0.8571428571428571,1.0,0.6455696202531646,1.0,0.8823529411764706,1.0,0.6,0.0,0.9714285714285714,0.0,0.0,0.0,0.0
82,0.20841151037730157,0.5520118167103989,0.4412843816160359,0.4083013086675462,0.4156486109144446,0.8451025056947609,0.7729223010440431,0.8625636769427618,0.7772333174052435,0.4096603874893731,0.14914559125085441,0.0,0.2611869406529673,0.36574387947269305,0.16556291390728478,0.17294045047824746,0.54620046545986,0.45327992416000995,0.4957084785607588,0.6591817989118914,0.3791981612139647,0.30638139072023884,0.7702476851301793,0.24701603669807157,0.4559701062577677,0.7693689543988945,0.4305760862776124,0.0,0.9057496180479772,0.0,0.0,0.0,0.0,1.0,0.5,0.0,0.6666666666666666,1.0,0.25,0.3333333333333333,0.855072463768116,0.8775510204081632,0.8990825688073395,0.9166666666666666,0.8518518518518519,1.0,1.0,0.10344827586206896,0.9375,1.0,0.75,0.0,0.9714285714285714,0.0,0.0,0.0,0.0,0.4641336307411538,0.0883973424080376,0.0,0.12224744342779585,0.43590779521019907,0.11939173055171547,0.16647690708380775,0.6592179306510214,0.4702949143796962,0.6381584132405097,0.5734605313302927,0.29370527173527955,0.20526710559213268,0.3740302399735371,0.3099989669518506,0.5249696762944431,0.6581944280253773,0.3034540439018664,0.0,0.9421171845171143,0.0,0.0,0.0,0.0,1.0,1.0,0.0,0.6666666666666666,1.0,1.0,0.3333333333333333,0.9076923076923077,0.7166666666666667,0.9423076923076923,1.0,0.8518518518518519,1.0,0.6538461538461539,1.0,0.8823529411764706,1.0,0.6,0.0,0.9714285714285714,0.0,0.0,0.0,0.0
83,0.2090722026061081,0.5416797291431839,0.44331579448402564,0.3976982109774432,0.40675994324814607,0.8291571753986332,0.7398043798173217,0.7886464437427699,0.7301531417815217,0.47277283099914985,0.11004784688995216,0.0,0.26228688565571723,0.3946327683615819,0.1925758103868944,0.1378689704823614,0.5185905938981866,0.4929832468218693,0.4329069701001559,0.6389882003815446,0.3695468215760043,0.3522826222166936,0.7936854945385706,0.21086424557176103,0.4357638460208894,0.7632888070013818,0.4759842601653099,0.0,0.9246140796444374,0.0,0.0,0.0,0.0,1.0,0.0,0.0,0.3333333333333333,1.0,0.5,0.3333333333333333,0.8405797101449275,0.9387755102040817,0.8532110091743119,0.75,0.8518518518518519,1.0,1.0,0.06896551724137931,0.875,1.0,1.0,0.0,0.9714285714285714,0.0,0.0,0.0,0.0,0.4211407389692694,0.0708190375648808,0.0,0.1538235984048792,0.40287230361056636,0.1308698999230177,0.14444264856419373,0.6676449534717251,0.4350610832810448,0.6744001958284721,0.5423123051091389,0.28749032550774406,0.12357638434350046,0.3494098160578851,0.3075327963678432,0.53836611010555,0.6627869770418366,0.31800036164856105,0.0,0.9280182617938678,0.0,0.0,0.0,0.0,1.0,0.0,0.0,0.3333333333333333,1.0,1.0,0.3333333333333333,0.9354838709677419,0.6571428571428571,0.96875,1.0,0.8518518518518519,1.0,0.6296296296296297,1.0,0.875,1.0,0.6666666666666666,0.0,0.9444444444444444,0.0,0.0,0.0,0.0
84,0.20750573249686508,0.5499269826746567,0.4421378634344842,0.4053710698940118,0.4131093932705869,0.8428246013667426,0.7548468352507587,0.864281710043886,0.7705422798628139,0.47221352185780124,0.15926179084073822,0.0,0.27548622568871556,0.3358003766478343,0.18508191007319624,0.16255271006890878,0.5055455385487078,0.505144064899139,0.47319380616934265,0.6348194729032713,0.3603357385447518,0.3165816643861177,0.770936799499402,0.24064027059589466,0.4893207239684931,0.708475356978351,0.4343653057400429,0.0,0.9287262644100082,0.0,0.0,0.0,0.0,1.0,0.5,0.0,0.3333333333333333,1.0,0.5,0.3333333333333333,0.8405797101449275,0.9183673469387755,0.8807339449541285,0.9166666666666666,0.8518518518518519,0.5,1.0,0.10344827586206896,0.9375,1.0,1.0,0.0,0.9714285714285714,0.0,0.0,0.0,0.0,0.41362754512140154,0.10041372177210826,0.0,0.15087210098299608,0.4562575164402139,0.11492884584167523,0.1274802387481852,0.679045055105285,0.42675769710496947,0.6527897031955114,0.5521509341199606,0.300027611947404,0.14917062305843737,0.37662181875873063,0.3168801734331888,0.5424559290485054,0.6621749612536594,0.35355024572106425,0.0,0.9214745364389157,0.0,0.0,0.0,0.0,1.0,1.0,0.0,0.5,1.0,1.0,0.3333333333333333,0.9354838709677419,0.6818181818181818,0.9411764705882353,1.0,0.8846153846153846,1.0,0.6538461538461539,1.0,0.8823529411764706,1.0,0.8,0.0,0.9444444444444444,0.0,0.0,0.0,0.0
85,0.2082324224682409,0.5478036413650159,0.44375789811190386,0.3985375072323186,0.4099132038380665,0.8382687927107062,0.7781136567404926,0.873520014818056,0.7835134813876725,0.4962638149357913,0.1749829118250171,0.0,0.22538873056347183,0.38919020715630886,0.1764552108748693,0.1734032705954952,0.5128716331604407,0.47878267491374754,0.47631806642777264,0.6269907440118703,0.371559423206669,0.2759049633038935,0.774144745700956,0.22547911786935665,0.42071820703391855,0.7756794104099494,0.48683142137369617,0.0,0.9266776126510446,0.0,0.0,0.0,0.0,1.0,0.5,0.0,0.6666666666666666,1.0,0.25,0.3333333333333333,0.8260869565217391,0.8979591836734694,0.8807339449541285,0.75,0.8888888888888888,1.0,1.0,0.10344827586206896,0.9375,1.0,1.0,0.0,0.9714285714285714,0.0,0.0,0.0,0.0,0.41288040949278737,0.08559582720342383,0.0,0.13116852886405958,0.3675196955416052,0.11189699950268,0.14892019608709092,0.6834241239644928,0.4539262850028363,0.6498623226133368,0.5447725458898643,0.2952092380935075,0.1557037557037557,0.35916403913008327,0.3199469073533316,0.5465782720273739,0.6464243215231661,0.3347458233719382,0.0,0.9259358388164008,0.0,0.0,0.0,0.0,1.0,1.0,0.0,0.6666666666666666,1.0,1.0,0.3333333333333333,0.9193548387096774,0.676923076923077,0.9504950495049505,1.0,0.8571428571428571,1.0,0.6375,1.0,0.9375,1.0,0.8,0.0,0.9444444444444444,0.0,0.0,0.0,0.0
86,0.2087748153767599,0.5468053821449305,0.4473524455913645,0.4032939614940303,0.41272397171591463,0.8473804100227791,0.8028777902323996,0.8759230338839369,0.8077555569171937,0.4620788402165645,0.15078605604921394,0.0,0.2847357632118394,0.35858757062146895,0.20399093760892298,0.15267921423428982,0.5304600850960176,0.4952600006216393,0.4431041801010538,0.6464212534444994,0.371730951754737,0.3412115934817763,0.776148721970075,0.23948784338963264,0.4378462019638345,0.7716259788116075,0.4580999770981241,0.0,0.9280888509692653,0.0,0.0,0.0,0.0,1.0,0.5,0.0,0.6666666666666666,1.0,0.5,0.3333333333333333,0.8260869565217391,0.9387755102040817,0.8715596330275229,0.9166666666666666,0.8518518518518519,1.0,1.0,0.13793103448275862,0.9375,1.0,1.0,0.0,0.9714285714285714,0.0,0.0,0.0,0.0,0.4461870814430763,0.08628647422357819,0.0,0.15386485829303218,0.44787599379028087,0.12003897036201415,0.14959439713810652,0.6618152268703258,0.43874165347284366,0.6676331502856405,0.5534329441655073,0.2912806222110715,0.13608850962492558,0.3690919226770728,0.3050315964047771,0.5389439345125929,0.6393161088424989,0.3289823868903442,0.0,0.9250854756848561,0.0,0.0,0.0,0.0,1.0,1.0,0.0,0.6666666666666666,1.0,1.0,0.3333333333333333,0.9344262295081968,0.6666666666666666,0.9693877551020408,1.0,0.8518518518518519,1.0,0.6623376623376623,1.0,0.9375,1.0,0.8,0.0,0.9444444444444444,0.0,0.0,0.0,0.0
87,0.20752206538157697,0.5542318447621108,0.4413102302730152,0.4109543278174804,0.4160288522014057,0.8405466970387244,0.7813702798776516,0.8753520300410849,0.7843988728845448,0.46762718689874266,0.1291866028708134,0.0,0.2713364331783411,0.35971751412429376,0.15467061693970025,0.1888820322945593,0.5234834825293693,0.504988655083455,0.4962635398215641,0.6451635695612238,0.35454379123832175,0.31372061201641993,0.77341602705764,0.22456615605660363,0.4278130324205536,0.7281437125748503,0.4522079490329162,0.0,0.927853231214905,0.0,0.0,0.0,0.0,1.0,0.5,0.0,0.6666666666666666,0.9285714285714286,0.25,0.3333333333333333,0.8405797101449275,0.9183673469387755,0.8807339449541285,0.9166666666666666,0.8518518518518519,1.0,1.0,0.06896551724137931,0.9375,1.0,1.0,0.0,0.9714285714285714,0.0,0.0,0.0,0.0,0.4330315523420829,0.09228515625,0.0,0.14355623743519205,0.4611095017381228,0.1319997025358816,0.1485000404301771,0.6684257856872396,0.4270413058048915,0.6366335156247955,0.5488105398550289,0.3018277397843705,0.15253417200919317,0.3795985646918869,0.34600484261501213,0.5499444532613871,0.6946128833816679,0.35359044068569195,0.0,0.9276714665820255,0.0,0.0,0.0,0.0,1.0,1.0,0.0,0.6666666666666666,1.0,1.0,0.3333333333333333,0.9206349206349206,0.6716417910447762,0.96,1.0,0.8846153846153846,1.0,0.6375,1.0,0.9375,1.0,0.8,0.0,0.9444444444444444,0.0,0.0,0.0,0.0
88,0.20745399845842116,0.5495121923655981,0.438792196747928,0.409717228919382,0.41363752323200165,0.8428246013667426,0.7370522157409418,0.7863856244064578,0.7322830345415922,0.42482885140274734,0.12289815447710184,0.0,0.30008499575021247,0.36177024482109227,0.1598989194841408,0.13210943124550037,0.5028184415302456,0.47321123302147766,0.4924250463231273,0.6423797074825125,0.37770014522750406,0.3147157606667496,0.7724813661890392,0.23447403671303815,0.48060445936936713,0.767802855826808,0.41419083508567384,0.0,0.923865056846366,0.0,0.0,0.0,0.0,1.0,0.0,0.0,0.6666666666666666,1.0,0.5,0.0,0.8260869565217391,0.9183673469387755,0.908256880733945,0.8333333333333334,0.8518518518518519,1.0,1.0,0.10344827586206896,0.9375,1.0,0.75,0.0,0.9714285714285714,0.0,0.0,0.0,0.0,0.5104295467985592,0.06717979375280227,0.0,0.1407235469273874,0.4542552436803897,0.13682797703377825,0.16518775720164608,0.6940267144188427,0.44244126066171663,0.6339297676874618,0.5446550525987874,0.2812002485973829,0.15258428321572884,0.37578847183850245,0.28956804613422543,0.5284726496035912,0.6810623084780388,0.3447295915715053,0.0,0.9318478603485283,0.0,0.0,0.0,0.0,1.0,0.0,0.0,0.5,1.0,1.0,0.0,0.95,0.703125,0.9519230769230769,1.0,0.8846153846153846,1.0,0.6375,1.0,0.8333333333333334,1.0,0.75,0.0,0.9444444444444444,0.0,0.0,0.0,0.0
89,0.2073168429266383,0.5495460955089218,0.4349711592162704,0.40908053393937777,0.4094760764387952,0.8405466970387244,0.7748356888341191,0.8544570996103303,0.7775012147090248,0.31753098572643074,0.1495557074504443,0.0,0.23958802059897005,0.3307532956685499,0.173841059602649,0.15144502725496245,0.5060644812823181,0.5187696204892301,0.4806034658678138,0.6431286653006429,0.37345195485368615,0.3260355765642493,0.7669367678159827,0.22349604507936033,0.4682913981415179,0.7334408106863197,0.50098894463992,0.0,0.9255590388698188,0.0,0.0,0.0,0.0,0.8571428571428571,0.5,0.0,0.3333333333333333,1.0,0.5,0.3333333333333333,0.8115942028985508,0.9591836734693877,0.8715596330275229,0.9166666666666666,0.8518518518518519,1.0,1.0,0.10344827586206896,0.9375,1.0,1.0,0.0,0.9714285714285714,0.0,0.0,0.0,0.0,0.5053767269619712,0.08873387947116554,0.0,0.134689976952049,0.46515877850464815,0.13748191027496381,0.14123345482447727,0.677616628437521,0.43063878371143466,0.6460747978898799,0.5644285147336046,0.29074560427331403,0.13921495724225846,0.381068763577973,0.3072317662791894,0.5318924174293487,0.673476293194603,0.321054036024016,0.0,0.9273323211263825,0.0,0.0,0.0,0.0,1.0,1.0,0.0,0.5,1.0,1.0,0.25,0.9491525423728814,0.6527777777777778,0.9693877551020408,1.0,0.8846153846153846,1.0,0.6538461538461539,1.0,0.8823529411764706,1.0,0.6666666666666666,0.0,0.9714285714285714,0.0,0.0,0.0,0.0
90,0.20711480314394987,0.5433439130673179,0.44541608891903933,0.39645368219915705,0.40738913496737733,0.8314350797266514,0.7680771948133038,0.8657946558429591,0.7777629996794959,0.4825048100586156,0.13984962406015036,0.0,0.22883855807209638,0.4024858757062147,0.19126873475078424,0.1578216599814872,0.500994198961585,0.47094613495788396,0.4640557020300549,0.618808733130785,0.3465105375704696,0.34369946510760047,0.7897963548226125,0.2208843756314029,0.4573857790727343,0.8055734684477199,0.4669276092523579,0.0,0.9291379789281533,0.0,0.0,0.0,0.0,1.0,0.5,0.0,0.3333333333333333,1.0,0.5,0.3333333333333333,0.8260869565217391,0.9183673469387755,0.8715596330275229,0.75,0.8148148148148148,1.0,1.0,0.06896551724137931,0.9375,1.0,1.0,0.0,0.9714285714285714,0.0,0.0,0.0,0.0,0.41657652785289345,0.0885944401143154,0.0,0.1507873756341833,0.40490309379913986,0.1358712472918601,0.16812753369124575,0.6824381834444156,0.4441700256504214,0.652378097235331,0.5469374500399681,0.29621736814065,0.1178553147926975,0.33289041868788205,0.3162851999485663,0.5377751971742392,0.6018859483084971,0.32003367724074944,0.0,0.9224391805377721,0.0,0.0,0.0,0.0,1.0,1.0,0.0,0.5,0.9333333333333333,1.0,0.5,0.9344262295081968,0.6716417910447762,0.95,1.0,0.8461538461538461,1.0,0.6219512195121951,1.0,0.8823529411764706,1.0,0.8,0.0,0.9444444444444444,0.0,0.0,0.0,0.0
91,0.20686571958309313,0.5474620985878295,0.44149141240121803,0.4053508990291264,0.4096012695512136,0.8405466970387244,0.7712060955608169,0.8423958956938371,0.766447826057749,0.38147120676540336,0.15105946684894053,0.0,0.29073546322683863,0.3693596986817326,0.1899616591146741,0.11513936027974905,0.5298881890222431,0.45972943151089424,0.49210466169832423,0.6366706705292164,0.3889867236903795,0.35054111207861677,0.779380430736085,0.221034041502346,0.4231956344601101,0.7831414094887149,0.47891986425433575,0.0,0.9055263993333201,0.0,0.0,0.0,0.0,1.0,0.5,0.0,0.6666666666666666,0.9285714285714286,0.5,0.0,0.8405797101449275,0.9183673469387755,0.8899082568807339,0.8333333333333334,0.8888888888888888,1.0,1.0,0.06896551724137931,0.875,1.0,1.0,0.0,0.9714285714285714,0.0,0.0,0.0,0.0,0.4791221760143869,0.09955851878547617,0.0,0.13192522346748944,0.4478262855055256,0.12224527561262827,0.13279164936836488,0.6683453165334767,0.4557629494961945,0.6360773266441407,0.5805703387755629,0.28557816218848253,0.1457008427692467,0.3553998410749115,0.34467588540755,0.5371267994066398,0.6194935325195846,0.30940883717802137,0.0,0.9447072217765933,0.0,0.0,0.0,0.0,1.0,1.0,0.0,0.6666666666666666,1.0,1.0,0.0,0.9508196721311475,0.703125,0.9509803921568627,1.0,0.8571428571428571,1.0,0.6296296296296297,1.0,0.9333333333333333,1.0,0.5,0.0,0.9714285714285714,0.0,0.0,0.0,0.0
92,0.20683305370004812,0.5528819973890394,0.43718843874257013,0.4036480159070194,0.4096918243434237,0.8291571753986332,0.7363072178695071,0.842898189372744,0.741519224051856,0.38464808268826345,0.14094326725905673,0.0,0.30548472576371183,0.37740112994350283,0.173841059602649,0.1240357914224005,0.502601332835572,0.5034267864358313,0.5190761495073831,0.6298452624885184,0.338957563837208,0.2842393332504043,0.7709130369349461,0.21891626942850087,0.5058972649530441,0.7962229387379088,0.37842226895130227,0.0,0.914519633326058,0.0,0.0,0.0,0.0,1.0,0.5,0.0,0.6666666666666666,1.0,0.25,0.0,0.8260869565217391,0.9183673469387755,0.908256880733945,0.75,0.7407407407407407,1.0,1.0,0.034482758620689655,0.9375,1.0,0.75,0.0,0.9714285714285714,0.0,0.0,0.0,0.0,0.5012682585498119,0.0863845831587767,0.0,0.13623795932929006,0.426673479816045,0.12270127314102959,0.15275490816972767,0.6908840774345704,0.4388188797713349,0.6249103291044703,0.5494926830471071,0.31062614618810586,0.1358986558820031,0.37300471012965314,0.3028897425012683,0.5184513516933069,0.6378833167275545,0.31844701017923155,0.0,0.9383369215030614,0.0,0.0,0.0,0.0,1.0,1.0,0.0,0.6666666666666666,1.0,1.0,0.0,0.9193548387096774,0.6818181818181818,0.9252336448598131,1.0,0.9523809523809523,1.0,0.6219512195121951,1.0,0.8333333333333334,1.0,0.6,0.0,0.9714285714285714,0.0,0.0,0.0,0.0
93,0.20694253259079465,0.5458276322337693,0.4372553473625319,0.40269544827078196,0.40762725674046096,0.8337129840546698,0.7369454786104329,0.7876136697342366,0.719619990692656,0.35659313615821736,0.12809295967190704,0.0,0.3100344982750862,0.36188323917137477,0.1672185430463576,0.13149233775583669,0.5115398566553082,0.47506449507350884,0.4719163490029304,0.6459973150568784,0.35757984653912567,0.3230501306132604,0.7896062543069648,0.2183849555866528,0.48418479468628856,0.7655918931368033,0.4446711498823676,0.0,0.9276944979067046,0.0,0.0,0.0,0.0,1.0,0.0,0.0,0.6666666666666666,1.0,0.25,0.0,0.8260869565217391,0.9387755102040817,0.8715596330275229,0.9166666666666666,0.8518518518518519,1.0,1.0,0.034482758620689655,0.9375,1.0,1.0,0.0,0.9714285714285714,0.0,0.0,0.0,0.0,0.4606248013178048,0.08433084330843309,0.0,0.14329289428076256,0.4247944115306393,0.12703561498742222,0.12957332522549914,0.6694270142163674,0.44993210946383033,0.6468337435667935,0.5589396847909814,0.2913308799552802,0.13186757388036965,0.3457488502438246,0.3075164121855868,0.524318832054333,0.6841606981147609,0.3431941253032957,0.0,0.9255962544480903,0.0,0.0,0.0,0.0,1.0,0.0,0.0,0.5,1.0,1.0,0.0,0.9344262295081968,0.6764705882352942,0.95,1.0,0.8518518518518519,1.0,0.6375,1.0,0.8823529411764706,1.0,0.8,0.0,0.9444444444444444,0.0,0.0,0.0,0.0
94,0.20616461954053303,0.5446410222174414,0.4380757058295962,0.40489019874134186,0.4095413438361487,0.8246013667425968,0.7619790170200104,0.858869755052099,0.7693437412315327,0.44118305069578057,0.13520164046479835,0.0,0.2712364381780911,0.3430696798493409,0.19527710003485535,0.13972025095135246,0.5317945092681584,0.4858343953004072,0.4486058167155066,0.6358651875927365,0.3538919827556633,0.3106107724841398,0.7902240809828197,0.21363306418420874,0.48866227149641556,0.7521879318286504,0.4247673377610293,0.0,0.9235971943887775,0.0,0.0,0.0,0.0,1.0,0.5,0.0,0.3333333333333333,0.9285714285714286,0.5,0.3333333333333333,0.8405797101449275,0.9183673469387755,0.8532110091743119,0.75,0.8148148148148148,1.0,1.0,0.034482758620689655,0.9375,1.0,1.0,0.0,0.9714285714285714,0.0,0.0,0.0,0.0,0.44196418566081713,0.09340763128069512,0.0,0.1645385338630918,0.43677471947827756,0.1269185025768817,0.16932568864514522,0.6570534104923631,0.43812453575883287,0.6621136869497646,0.5308253114382786,0.2938648966879368,0.11304780876494024,0.33791496323292813,0.2866351396126389,0.5465231879522064,0.7079684383941732,0.35064622576653376,0.0,0.9303767107886493,0.0,0.0,0.0,0.0,1.0,1.0,0.0,0.5,1.0,1.0,0.3333333333333333,0.9354838709677419,0.6617647058823529,0.9489795918367347,1.0,0.8461538461538461,1.0,0.6071428571428571,1.0,0.8823529411764706,1.0,0.8,0.0,0.9444444444444444,0.0,0.0,0.0,0.0
95,0.2062916393037663,0.548431895909816,0.43986094874604376,0.4129994184939794,0.41760965536475164,0.8314350797266514,0.7809381314731877,0.8686532927760998,0.7807114210504814,0.5124837800349009,0.1315105946684894,0.0,0.2533873306334683,0.34250470809792843,0.1680027884280237,0.1380746683122493,0.5383315991114429,0.49565241040624125,0.44035744312662745,0.6470712923055183,0.3805818248350467,0.2883443214330141,0.7698991675181586,0.24991955459436807,0.4324633530046009,0.7584983878397052,0.4362807353584144,0.0,0.9341331177205897,0.0,0.0,0.0,0.0,1.0,0.5,0.0,0.6666666666666666,1.0,0.25,0.3333333333333333,0.8260869565217391,0.9183673469387755,0.8440366972477065,0.9166666666666666,0.8518518518518519,1.0,1.0,0.10344827586206896,0.875,1.0,1.0,0.0,0.9714285714285714,0.0,0.0,0.0,0.0,0.42696315073344393,0.12044572430199073,0.0,0.14343125601403747,0.45356376876652205,0.15479727017262143,0.17338240991863618,0.6553120034550665,0.42565621986660396,0.6659065099859284,0.5467593255958352,0.2846105167739894,0.1997414907367514,0.38679395449155174,0.2853273870548835,0.5473799354099386,0.7123021022579807,0.33495308578827065,0.0,0.9166634215675775,0.0,0.0,0.0,0.0,1.0,1.0,0.0,0.6666666666666666,0.9333333333333333,1.0,0.5,0.9047619047619048,0.6428571428571429,0.968421052631579,1.0,0.8214285714285714,1.0,0.6538461538461539,1.0,0.9333333333333333,1.0,0.6666666666666666,0.0,0.9444444444444444,0.0,0.0,0.0,0.0
96,0.2063134996109866,0.5449072246761308,0.44166023526165415,0.40573648245934485,0.4114566767979205,0.835990888382688,0.7715296614170927,0.8679436019120104,0.7708748945642114,0.3784509374021209,0.14244702665755296,0.0,0.29158542072896354,0.3902448210922787,0.1764552108748693,0.17592306901162194,0.49985570214805225,0.496584869300345,0.48072386518541493,0.6372924468310606,0.3473110041281204,0.35713397188705065,0.7819626294069656,0.22117622407974197,0.43623299340724464,0.7366190695532013,0.48054381545252023,0.0,0.91934115756265,0.0,0.0,0.0,0.0,1.0,0.5,0.0,0.6666666666666666,1.0,0.25,0.3333333333333333,0.8260869565217391,0.9387755102040817,0.8899082568807339,0.75,0.8518518518518519,1.0,1.0,0.034482758620689655,0.875,1.0,1.0,0.0,0.9714285714285714,0.0,0.0,0.0,0.0,0.4800499460809354,0.10136186770428016,0.0,0.14333112143331123,0.42371079213184476,0.11776679267228846,0.17071710165177903,0.6852667876588022,0.4330544854528144,0.638880903435071,0.5467816050146098,0.2937160319517243,0.14802021035265003,0.3639010940402819,0.2863814737658059,0.525121122350913,0.696333710702778,0.315879511146998,0.0,0.9329821267213193,0.0,0.0,0.0,0.0,1.0,1.0,0.0,0.6666666666666666,1.0,1.0,0.3333333333333333,0.9344262295081968,0.6865671641791045,0.9509803921568627,1.0,0.8846153846153846,1.0,0.6219512195121951,1.0,0.9333333333333333,1.0,0.6666666666666666,0.0,0.9444444444444444,0.0,0.0,0.0,0.0
97,0.20619922499286134,0.5537392027906054,0.44422194031596896,0.40950055848818717,0.4147056725065815,0.8428246013667426,0.7578330181144354,0.8429508377425043,0.754586821898813,0.3975569376705893,0.17047163362952836,0.0,0.2663366831658417,0.3935969868173258,0.17514813523875916,0.1177620076108197,0.5388584848460779,0.4563298417928076,0.5093401301128897,0.6349890482583198,0.35554437443538517,0.3500435377534519,0.7763625850501786,0.23574619661605467,0.42447138612476026,0.7775679410409949,0.49530511544627426,0.0,0.9205639000773825,0.0,0.0,0.0,0.0,1.0,0.5,0.0,0.6666666666666666,1.0,0.25,0.0,0.8405797101449275,0.8775510204081632,0.9174311926605505,0.75,0.8888888888888888,1.0,1.0,0.10344827586206896,0.875,1.0,1.0,0.0,0.9714285714285714,0.0,0.0,0.0,0.0,0.5246375955832423,0.08307241356338685,0.0,0.14553054311004263,0.42029480966074767,0.13702365532756153,0.15116509340550532,0.6543715978766571,0.4560906185563007,0.6297004573997593,0.5866187989556135,0.3033706220697932,0.14482013277752045,0.3668047587505099,0.31879496857891704,0.5555651312104106,0.6452981651376147,0.31384396190074143,0.0,0.9340067289230451,0.0,0.0,0.0,0.0,1.0,1.0,0.0,0.6666666666666666,1.0,1.0,0.0,0.90625,0.7166666666666667,0.9523809523809523,1.0,0.8888888888888888,1.0,0.6375,1.0,0.9333333333333333,1.0,0.5,0.0,0.9714285714285714,0.0,0.0,0.0,0.0
98,0.2055705354908184,0.5542582138735848,0.4384555304814322,0.4131260059677989,0.4154378176040433,0.8451025056947609,0.7423059482227214,0.8477058953493379,0.746546305195777,0.3845362208599937,0.11866028708133972,0.0,0.2702864856757162,0.36171374764595104,0.1830777274311607,0.1287154170523501,0.5000039715005123,0.5005283933733254,0.5152784693369467,0.6568784003391507,0.3497124038010726,0.3030227640253763,0.7656377476257238,0.24724053550448624,0.45717178201930914,0.769000460617227,0.4560388082696592,0.0,0.9246959265064782,0.0,0.0,0.0,0.0,1.0,0.5,0.0,0.6666666666666666,1.0,0.25,0.0,0.8260869565217391,0.9387755102040817,0.8990825688073395,0.9166666666666666,0.8518518518518519,0.5,1.0,0.10344827586206896,0.9375,1.0,1.0,0.0,0.9714285714285714,0.0,0.0,0.0,0.0,0.5124321745870849,0.09941587447027832,0.0,0.15140312552512183,0.4599267258925792,0.14145290513700937,0.16716756828958793,0.6805150158915483,0.43084990752786706,0.6229200433198391,0.5531373085664648,0.31007893416069715,0.1312358582049348,0.38108323345738976,0.3073852852517584,0.548673877611498,0.6986232581495585,0.31019783892484387,0.0,0.9297691724523183,0.0,0.0,0.0,0.0,1.0,1.0,0.0,0.6666666666666666,1.0,1.0,0.0,0.9344262295081968,0.696969696969697,0.9333333333333333,1.0,0.8846153846153846,1.0,0.6623376623376623,1.0,0.9375,1.0,0.5714285714285714,0.0,0.9714285714285714,0.0,0.0,0.0,0.0
99,0.20536836652959273,0.5481862027600507,0.4465051564441979,0.4091681330598705,0.416039009671352,0.8337129840546698,0.7647232563882106,0.8356935225764477,0.7577159359104141,0.49158799051411695,0.1547505126452495,0.0,0.2767361631918404,0.3705273069679849,0.16660857441617288,0.13756042373752958,0.51416369466045,0.518493768066391,0.45336056942755226,0.6428460397088956,0.37775160379192446,0.347058091802463,0.7714912593367076,0.23579109637733758,0.46495798250162557,0.7746660525103639,0.42049926089400597,0.0,0.9182424254449493,0.0,0.0,0.0,0.0,1.0,0.5,0.0,0.6666666666666666,1.0,0.25,0.3333333333333333,0.8260869565217391,0.9387755102040817,0.8715596330275229,0.8333333333333334,0.8518518518518519,1.0,1.0,0.034482758620689655,0.9375,1.0,0.75,0.0,0.9714285714285714,0.0,0.0,0.0,0.0,0.44081771857320545,0.0918011515692158,0.0,0.144929433636197,0.429528882679125,0.14340358508962725,0.14515166313961692,0.6804762755754588,0.4210346981657107,0.6629594041323991,0.6010093670317475,0.28817935967896713,0.12871378483114965,0.3715104148787251,0.30081339621560726,0.5611224236404271,0.6769168846850473,0.34015427108596064,0.0,0.9365036804694812,0.0,0.0,0.0,0.0,1.0,0.5,0.0,0.6666666666666666,1.0,1.0,0.3333333333333333,0.9193548387096774,0.6571428571428571,0.9693877551020408,1.0,0.8846153846153846,1.0,0.6296296296296297,1.0,0.8823529411764706,1.0,0.6,0.0,1.0,0.0,0.0,0.0,0.0
