root_id,total_nodes,kept_nodes,total_edges,kept_edges,total_components,kept_components,mapped_unique_sites,kept_unique_sites
864691134884807418,94160,76508,94152,76507,8,1,532,521
864691134886037498,121765,111791,121754,111788,11,3,8262,8242
864691134886335738,25166,18183,25156,18182,10,1,247,245
864691134886499066,65191,56493,65182,56490,9,3,797,785
864691134886569210,40339,31912,40332,31911,7,1,385,379
864691134886792442,26051,18624,26045,18621,6,3,201,188
864691134886828794,31331,26827,31322,26822,9,5,66,61
864691134887026938,63974,57500,63964,57497,10,3,716,710
864691134887444730,43886,38797,43876,38794,10,3,330,323
864691134887444986,81471,77728,81462,77724,9,4,812,803
864691134887460346,65439,56918,65431,56915,8,3,506,494
864691134887552506,57022,47904,57013,47901,9,3,271,261
864691134918921738,41209,36810,41203,36807,6,3,439,428
864691134919403530,56674,48283,56667,48281,7,2,408,401
864691134919529994,28691,21103,28683,21101,8,2,143,130
864691134919869706,47578,42244,47570,42242,8,2,454,442
864691134919927050,32126,24432,32121,24431,5,1,182,169
864691134919972106,43132,37280,43121,37277,11,3,289,281
864691134920000010,75108,74698,75099,74693,9,5,2274,2269
864691134941063523,37295,30569,37285,30566,10,3,165,160
864691134941412707,51758,44500,51750,44499,8,1,368,365
864691134941495395,32181,23907,32173,23906,8,1,343,337
864691134941824611,42125,37247,42116,37243,9,4,356,352
864691134942169955,112165,105534,112158,105530,7,4,1000,996
864691134942468707,66780,63784,66771,63779,9,5,494,492
864691134942472035,94807,79281,94798,79280,9,1,1057,1041
864691134942595939,136845,129365,136836,129362,9,3,3206,3196
864691134948788476,95217,88151,95209,88148,8,3,624,612
864691134949041148,14568,7296,14563,7295,5,1,44,32
864691134949081852,46340,37433,46333,37432,7,1,558,548
864691134949095932,38090,35617,38084,35614,6,3,120,119
864691134949221372,83314,78748,83301,78743,13,5,574,572
864691134949248508,133787,121989,133778,121987,9,2,1044,1035
864691134949263100,85598,73955,85591,73954,7,1,548,541
864691134949350652,47042,41275,47034,41271,8,4,402,392
864691134950156796,81853,74154,81844,74151,9,3,683,674
864691134965778719,67943,61499,67936,61497,7,2,557,556
864691134966025503,35293,26506,35286,26505,7,1,295,289
864691134966069023,56674,49525,56667,49524,7,1,548,545
864691134966114591,64668,53835,64662,53834,6,1,512,501
864691134966324767,46052,37125,46044,37123,8,2,269,258
864691134966495519,57232,52247,57227,52245,5,2,550,544
864691134966621471,140291,140220,140283,140216,8,4,5213,5213
864691134966710559,70919,66661,70913,66658,6,3,796,793
864691134966714655,48593,39206,48585,39204,8,2,363,356
864691134989865338,77857,67934,77850,67932,7,2,682,674
864691134989909114,89656,84044,89651,84042,5,2,2194,2188
864691134989919098,22642,13576,22637,13575,5,1,133,117
864691134990435194,50277,48870,50271,48868,6,2,443,439
864691134990847098,86737,78139,86726,78135,11,4,1495,1482
864691134991010426,76032,63259,76024,63256,8,3,611,600
864691134991032954,53032,47016,53027,47015,5,1,786,778
864691134991067002,87834,80703,87824,80699,10,4,2045,2041
864691135014099446,95362,85893,95354,85891,8,2,1257,1251
864691135014246390,19153,10863,19148,10862,5,1,76,72
864691135014256630,25299,21424,25292,21422,7,2,128,123
864691135014258070,110494,104178,110485,104173,9,5,2424,2412
864691135014276342,147786,140747,147775,140742,11,5,3452,3439
864691135014355094,73475,62581,73467,62578,8,3,507,500
864691135014600950,62711,56893,62703,56891,8,2,583,574
864691135014681590,57741,46593,57735,46592,6,1,355,341
864691135014696182,139662,129841,139655,129839,7,2,1112,1100
864691135014734486,44925,38034,44920,38033,5,1,458,452
864691135014966262,77044,67344,77036,67342,8,2,568,556
864691135015048342,34128,31875,34123,31873,5,2,221,213
864691135015154934,56729,54347,56723,54344,6,3,535,532
864691135015425942,20112,17946,20108,17943,4,3,191,189
864691135015437462,184895,179780,184880,179777,15,3,5469,5461
864691135015605910,126281,121683,126273,121681,8,2,1406,1397
864691135015652246,51753,36737,51740,36735,13,2,283,266
864691135059143323,52655,43506,52648,43504,7,2,329,324
864691135059845275,57290,51611,57282,51608,8,3,557,550
864691135059954075,16892,15962,16886,15959,6,3,110,105
864691135060020123,49696,44774,49687,44772,9,2,428,422
864691135060094107,63163,56312,63155,56311,8,1,614,610
864691135060651419,109743,100800,109736,100797,7,3,953,945
864691135060727707,51540,43080,51531,43076,9,4,301,297
864691135060768923,31332,31271,31329,31269,3,2,219,219
864691135060772763,115301,106150,115288,106146,13,4,5556,5546
864691135060869787,54883,49245,54874,49243,9,2,620,610
864691135060882843,61574,60480,61568,60477,6,3,652,649
864691135066892868,75220,64337,75210,64335,10,2,675,659
864691135066958404,75117,63994,75111,63993,6,1,662,651
864691135067066948,55804,49283,55798,49281,6,2,575,568
864691135067181124,51332,44544,51324,44543,8,1,434,432
864691135067448132,16920,15872,16917,15870,3,2,95,91
864691135067961412,73024,63550,73014,63547,10,3,462,454
864691135082074359,34826,29612,34821,29610,5,2,410,409
864691135082864887,112410,104224,112400,104222,10,2,1066,1058
864691135083577335,47138,41954,47131,41951,7,3,285,277
864691135083619831,43167,36259,43160,36258,7,1,455,440
864691135084038647,84348,80928,84340,80924,8,4,2323,2319
864691135099901728,48026,42013,48020,42011,6,2,330,318
864691135101431072,66089,58552,66081,58549,8,3,390,383
864691135101521952,38164,28717,38159,28716,5,1,370,366
864691135101595680,80895,77387,80889,77384,6,3,1185,1184
864691135101824288,41827,40192,41823,40189,4,3,184,180
864691135102151968,57815,42490,57806,42487,9,3,263,250
864691135102274592,52982,47792,52973,47790,9,2,1065,1055
864691135102351392,27890,20861,27885,20860,5,1,178,175
864691135102353696,52617,42586,52607,42584,10,2,259,248
864691135102381856,88056,76121,88050,76119,6,2,753,741
864691135102390816,85068,74054,85061,74052,7,2,416,406
864691135102433056,62560,53877,62554,53875,6,2,689,684
864691135102434592,48066,40228,48059,40227,7,1,338,330
864691135105879117,48284,41745,48273,41739,11,6,372,363
864691135106189901,129866,127499,129859,127495,7,4,5325,5315
864691135106209101,208619,203751,208608,203745,11,6,5860,5851
864691135106309709,135227,128649,135218,128644,9,5,1006,994
864691135113360025,78461,78434,78453,78429,8,5,2036,2036
864691135113733529,60201,54054,60193,54051,8,3,402,398
864691135114295961,67526,63732,67522,63730,4,2,1271,1264
864691135115049881,84495,73963,84486,73960,9,3,469,459
864691135115058329,97029,95010,97024,95007,5,3,1821,1820
864691135115194009,82291,75441,82286,75440,5,1,638,635
864691135115269785,32766,27611,32758,27610,8,1,150,142
864691135117980637,58843,46612,58832,46611,11,1,376,365
864691135118298333,82035,78474,82031,78472,4,2,2577,2572
864691135118894813,22144,15870,22136,15868,8,2,51,45
864691135118918109,90955,89572,90950,89569,5,3,2029,2028
864691135119409885,24399,22007,24394,22004,5,3,145,135
864691135119630813,54190,48276,54184,48274,6,2,505,500
864691135119636189,102371,102361,102364,102356,7,5,2394,2394
864691135119709149,98586,92803,98578,92800,8,3,1528,1523
864691135122469671,32379,27595,32370,27592,9,3,99,94
864691135123833127,35911,32658,35903,32655,8,3,323,314
864691135124146727,24700,21656,24694,21653,6,3,154,151
864691135124209447,65321,56864,65314,56862,7,2,597,586
864691135124538151,68223,61915,68214,61911,9,4,449,435
864691135124603687,63133,60421,63126,60419,7,2,641,639
864691135124690471,103148,103148,103142,103142,6,6,4483,4483
864691135132887456,24519,22312,24514,22309,5,3,522,517
864691135133991072,11617,10933,11612,10930,5,3,43,43
864691135134016928,55360,48757,55352,48755,8,2,436,426
864691135134052512,51889,42119,51880,42117,9,2,437,423
864691135134114976,82723,79203,82717,79200,6,3,886,880
864691135134155168,56846,50166,56839,50164,7,2,418,415
864691135134565280,95875,92832,95864,92826,11,6,2511,2507
864691135134585248,60957,57401,60947,57397,10,4,882,875
864691135134695328,109322,104969,109317,104967,5,2,968,963
864691135134945184,36902,30920,36896,30918,6,2,412,406
864691135135019168,91359,83984,91349,83982,10,2,794,788
864691135136312089,16436,9536,16430,9534,6,2,73,66
864691135136360217,51529,40912,51523,40911,6,1,454,442
864691135136735001,85146,77275,85138,77273,8,2,1245,1237
864691135137137433,58912,50278,58905,50277,7,1,531,529
864691135137299481,56661,48685,56654,48684,7,1,760,754
864691135155894884,132145,117485,132138,117483,7,2,922,911
864691135157025636,35511,28183,35504,28181,7,2,193,188
864691135157198692,43045,34599,43038,34598,7,1,543,540
864691135157210468,68096,62545,68088,62542,8,3,1005,999
864691135157619556,43633,37484,43628,37483,5,1,514,508
864691135157994084,63288,58557,63281,58555,7,2,384,377
864691135162585389,36658,35708,36655,35706,3,2,563,561
864691135162908461,60792,51710,60787,51709,5,1,405,399
864691135164434989,27086,19889,27079,19886,7,3,148,138
864691135164772653,72833,68636,72824,68630,9,6,433,431
864691135164804909,47810,47810,47808,47808,2,2,621,621
864691135164887085,56543,49707,56534,49703,9,4,303,295
864691135164887853,55868,48370,55857,48367,11,3,387,379
864691135165079085,37232,31207,37225,31205,7,2,385,380
864691135183646466,47474,40749,47468,40747,6,2,338,330
864691135183693826,54026,48305,54012,48299,14,6,221,219
864691135183999490,87974,81344,87964,81340,10,4,567,563
864691135184104194,117275,107157,117265,107156,10,1,1165,1158
864691135195825450,54749,41892,54740,41891,9,1,422,404
864691135196201514,40342,36307,40335,36306,7,1,1026,1019
864691135196385578,77589,68489,77581,68487,8,2,1172,1160
864691135196475434,136328,136296,136323,136294,5,2,8410,8409
864691135196576298,85680,80842,85675,80841,5,1,830,825
864691135196592938,59023,54604,59015,54601,8,3,457,453
864691135209116537,63053,52441,63043,52438,10,3,213,206
864691135209194617,62226,55706,62218,55702,8,4,549,541
864691135209280633,86419,81535,86411,81533,8,2,1225,1220
864691135209369465,91654,83777,91644,83775,10,2,988,974
864691135209432185,50036,42123,50028,42121,8,2,385,370
864691135209715577,18110,16338,18104,16335,6,3,48,43
864691135209715833,49862,45100,49855,45098,7,2,307,300
864691135209947769,109473,107857,109469,107855,4,2,902,898
864691135210061689,36231,34639,36225,34635,6,4,132,127
864691135210134905,51566,42298,51559,42296,7,2,386,371
864691135210178169,103276,101325,103267,101322,9,3,3266,3262
864691135210358137,72969,64941,72962,64939,7,2,817,810
864691135210387321,51991,46427,51983,46423,8,4,190,185
864691135210443897,108798,102060,108792,102058,6,2,4152,4146
864691135210446457,185217,185035,185209,185029,8,6,13020,13019
864691135211568576,38180,28435,38170,28434,10,1,354,349
864691135211756736,17529,9752,17522,9751,7,1,122,109
864691135211926464,46212,40044,46201,40042,11,2,544,535
864691135212078784,53854,43976,53846,43974,8,2,360,348
864691135212086720,25265,23003,25259,22999,6,4,109,104
864691135212492992,38027,32771,38021,32769,6,2,355,350
864691135212863360,249738,247374,249731,247371,7,3,7665,7661
864691135214123064,28107,24230,28101,24227,6,3,137,129
864691135214246528,51316,44206,51309,44203,7,3,688,678
864691135214611512,24150,19707,24143,19705,7,2,184,172
864691135214643256,136510,125488,136504,125486,6,2,1099,1095
864691135214653240,22705,22703,22702,22701,3,2,102,102
864691135214931072,49968,43549,49960,43547,8,2,591,587
864691135214970752,63835,57160,63830,57158,5,2,1296,1289
864691135214977920,74188,68490,74180,68488,8,2,720,715
864691135214986368,49530,46721,49521,46717,9,4,452,448
864691135215023416,57375,53641,57369,53639,6,2,558,551
864691135215078712,67782,67764,67780,67763,2,1,903,903
864691135215254584,62687,54662,62680,54661,7,1,726,721
864691135215381304,46087,36174,46077,36173,10,1,386,378
864691135233242713,94018,80372,94011,80369,7,3,623,616
864691135234382937,44193,34741,44186,34739,7,2,344,338
864691135234582361,39232,34203,39223,34200,9,3,139,135
864691135235206489,86719,81229,86713,81227,6,2,3485,3477
864691135257404079,62119,51381,62106,51379,13,2,254,246
864691135257521583,33352,24378,33340,24375,12,3,128,118
864691135257638575,54183,48220,54174,48218,9,2,278,270
864691135257669039,56408,49461,56399,49459,9,2,549,542
864691135257689519,28348,20377,28341,20376,7,1,172,161
864691135258509487,40352,32272,40344,32270,8,2,336,329
864691135258563503,108930,101224,108922,101222,8,2,1209,1196
864691135258628527,139220,136819,139210,136815,10,4,4037,4034
864691135258642863,40325,35833,40315,35829,10,4,232,223
864691135258646703,80901,75626,80893,75623,8,3,553,545
864691135270320293,32963,20936,32953,20934,10,2,38,28
864691135271038885,39914,30346,39904,30344,10,2,261,249
864691135271077541,37747,26995,37738,26994,9,1,310,291
864691135271081125,84207,73264,84197,73261,10,3,581,571
864691135271103653,24668,21982,24662,21979,6,3,128,119
864691135271282085,46671,41772,46665,41770,6,2,621,619
864691135271343525,50529,50506,50525,50503,4,3,1324,1324
864691135271463077,56934,52773,56927,52770,7,3,529,523
864691135271590309,60059,58432,60055,58431,4,1,702,702
864691135271696549,82755,75803,82748,75801,7,2,762,754
864691135271915173,129851,126856,129843,126853,8,3,2581,2574
864691135271967397,174150,170148,174136,170142,14,6,13966,13952
864691135271970725,309682,308087,309675,308081,7,6,9499,9498
864691135272003237,84033,77309,84023,77307,10,2,445,439
864691135272069285,59178,56052,59172,56050,6,2,287,282
864691135272206865,60994,49446,60984,49445,10,1,462,450
864691135273655569,70584,70574,70582,70573,2,1,580,580
864691135273918993,56363,46626,56354,46623,9,3,276,263
864691135274038801,91952,79773,91942,79771,10,2,767,750
864691135274195217,49717,44324,49710,44322,7,2,403,395
864691135274355473,55147,48272,55138,48270,9,2,320,310
864691135274708753,182747,173849,182736,173846,11,3,5321,5306
864691135274713617,14959,12561,14957,12560,2,1,87,82
864691135274816017,51037,45445,51030,45442,7,3,353,343
864691135274830353,97051,89071,97044,89068,7,3,712,705
864691135274860561,70665,61481,70645,61473,20,8,833,823
864691135274860817,35985,27792,35978,27791,7,1,366,359
864691135275621605,69432,67153,69424,67148,8,5,491,489
864691135275949029,70184,59248,70175,59246,9,2,520,512
864691135276132325,58830,50873,58823,50871,7,2,278,270
864691135276188133,34245,29342,34237,29340,8,2,179,169
864691135276189669,23771,21475,23763,21472,8,3,156,150
864691135276234469,45106,34969,45098,34968,8,1,373,364
864691135276504549,50183,44711,50176,44708,7,3,271,265
864691135276505573,53724,45875,53715,45872,9,3,445,431
864691135277186789,48052,34500,48043,34498,9,2,279,268
864691135277309669,87508,80718,87503,80715,5,3,365,362
864691135277501669,76096,69621,76089,69619,7,2,862,858
864691135279678881,37069,33338,37058,33332,11,6,335,331
864691135279848865,49050,45437,49044,45434,6,3,200,192
864691135280481697,55288,42024,55273,42021,15,3,283,265
864691135280682401,41767,35095,41758,35093,9,2,476,461
864691135280944545,53709,46872,53703,46871,6,1,447,436
864691135281109665,122261,117348,122252,117344,9,4,2822,2812
864691135293096118,129402,128856,129400,128855,2,1,594,590
864691135293398284,26337,26337,26334,26334,3,3,268,268
864691135293605558,80165,76164,80157,76162,8,2,1058,1054
864691135293678006,131235,127380,131225,127376,10,4,1438,1435
864691135294187190,43850,32943,43841,32942,9,1,353,346
864691135294190518,69418,63130,69412,63127,6,3,600,587
864691135294194358,164939,164939,164938,164938,1,1,5285,5285
864691135294361782,58438,50302,58429,50300,9,2,257,251
864691135294441654,56649,52884,56644,52882,5,2,786,786
864691135294442678,47987,42078,47979,42075,8,3,319,312
864691135294480310,109756,99487,109750,99486,6,1,811,800
864691135294520844,32774,27196,32766,27194,8,2,289,282
864691135294767884,35337,29645,35331,29643,6,2,153,144
864691135295103500,42393,34270,42387,34269,6,1,305,297
864691135295165196,51299,48584,51293,48581,6,3,502,501
864691135295330828,65857,61919,65853,61918,4,1,540,535
864691135303514791,19151,18870,19147,18867,4,3,405,405
864691135304641703,61116,45622,61107,45620,9,2,470,456
864691135304679079,65086,58629,65079,58626,7,3,760,749
864691135305383591,12674,12417,12668,12414,6,3,131,129
864691135305643175,68705,64535,68698,64532,7,3,646,642
864691135308295238,45974,39849,45968,39848,6,1,395,391
864691135308347974,26515,19649,26506,19647,9,2,228,217
864691135308553030,51509,43247,51501,43245,8,2,406,401
864691135309290822,47749,39638,47740,39636,9,2,294,289
864691135309486662,176895,173882,176885,173879,10,3,6967,6959
864691135309628742,82118,76099,82108,76095,10,4,622,612
864691135309722950,70127,56422,70116,56421,11,1,424,410
864691135309733190,22153,20321,22147,20317,6,4,250,245
864691135323181212,43381,40931,43377,40930,4,1,1384,1383
864691135324437916,61353,52636,61346,52634,7,2,696,682
864691135324623260,109174,104348,109166,104346,8,2,1021,1018
864691135324705692,52467,44025,52459,44024,8,1,668,665
864691135324725404,38460,32881,38452,32878,8,3,388,384
864691135324963484,45595,34565,45580,34563,15,2,269,252
864691135325071004,71854,56888,71843,56886,11,2,478,468
864691135325165724,43535,43213,43533,43212,2,1,569,569
864691135325263004,61153,55661,61143,55657,10,4,427,421
864691135325309084,48939,41565,48931,41562,8,3,360,347
864691135325413788,34098,30233,34092,30231,6,2,276,271
864691135325426076,142080,131727,142069,131722,11,5,3810,3795
864691135325487004,57885,50358,57877,50355,8,3,555,540
864691135335635177,57004,54775,56997,54772,7,3,603,596
864691135335855337,44784,40396,44778,40394,6,2,309,301
864691135335937513,41875,31117,41869,31116,6,1,428,420
864691135336055529,81046,76226,81038,76224,8,2,844,836
864691135336113129,69049,60472,69039,60471,10,1,833,830
864691135336669673,59935,57346,59931,57343,4,3,1034,1030
864691135336840425,57331,54372,57324,54370,7,2,2277,2270
864691135336847849,68958,57032,68948,57030,10,2,398,393
864691135336954857,51782,48100,51774,48097,8,3,730,725
864691135339088102,108993,102210,108984,102208,9,2,1497,1491
864691135339103718,71895,62156,71887,62153,8,3,521,515
864691135339600102,75192,72897,75184,72893,8,4,606,605
864691135339729126,67301,65349,67297,65347,4,2,653,650
864691135339729894,45106,37530,45097,37529,9,1,419,415
864691135339982310,93920,89203,93912,89200,8,3,3618,3610
864691135340055782,79549,76124,79544,76121,5,3,553,548
864691135340141542,64174,56985,64167,56982,7,3,740,731
864691135341198789,55542,48862,55532,48860,10,2,386,378
864691135341516741,122874,120577,122867,120573,7,4,2940,2931
864691135342523057,71344,64262,71335,64260,9,2,643,631
864691135342541509,57405,48977,57396,48976,9,1,609,602
864691135342585541,71884,65283,71877,65282,7,1,940,938
864691135342594225,45807,32929,45796,32927,11,2,360,346
864691135342823877,39547,30808,39538,30806,9,2,181,173
864691135342848433,58587,48823,58581,48822,6,1,554,541
864691135342958789,126531,115886,126521,115885,10,1,1479,1466
864691135343081925,54774,51835,54766,51831,8,4,256,248
864691135343097029,22293,19559,22287,19557,6,2,178,166
864691135343499441,33131,29123,33125,29121,6,2,126,121
864691135343506885,127015,120954,127009,120952,6,2,3120,3107
864691135343509701,193689,189847,193678,189844,11,3,5031,5025
864691135343601093,163082,156003,163074,155998,8,5,3316,3305
864691135343818161,48302,44497,48296,44495,6,2,272,268
864691135343923633,21774,21771,21770,21769,4,2,172,172
864691135346571423,98763,90665,98758,90664,5,1,1164,1161
864691135346685855,63509,53758,63502,53757,7,1,555,546
864691135346954143,177380,176054,177374,176050,6,4,10322,10320
864691135346975135,82129,73798,82122,73797,7,1,888,880
864691135347627423,27846,27846,27844,27844,2,2,233,233
864691135347633055,38445,27860,38432,27858,13,2,299,284
864691135347725215,68359,52614,68350,52613,9,1,394,384
864691135347733151,64465,58533,64457,58531,8,2,632,623
864691135349839831,64126,48345,64110,48342,16,3,603,582
864691135350420951,25093,22770,25085,22766,8,4,119,115
864691135350542039,102795,98553,102790,98552,5,1,945,938
864691135350717399,93693,80073,93684,80072,9,1,768,752
864691135350976727,78362,70167,78357,70166,5,1,1846,1843
864691135350977751,124610,119540,124602,119536,8,4,4379,4374
864691135351022807,61177,56111,61169,56107,8,4,443,439
864691135351066583,63523,52073,63512,52071,11,2,268,258
864691135351096279,57645,52272,57637,52270,8,2,380,371
864691135356087247,34297,30008,34290,30006,7,2,602,597
864691135356320463,12831,6389,12824,6387,7,2,44,36
864691135356708303,57712,49439,57704,49436,8,3,813,802
864691135357351375,51249,45907,51244,45904,5,3,391,385
864691135358995288,27527,17371,27517,17369,10,2,112,97
864691135359010904,39100,37653,39088,37651,12,2,75,74
864691135359413848,34115,34115,34113,34113,2,2,318,318
864691135360017752,53915,44073,53906,44071,9,2,265,259
864691135360096071,56665,46906,56654,46904,11,2,310,296
864691135360300632,68224,56548,68216,56547,8,1,642,626
864691135360346200,76227,65836,76218,65835,9,1,612,600
864691135360482392,59354,53556,59346,53554,8,2,427,422
864691135360809560,66202,58883,66195,58882,7,1,820,814
864691135361291591,128830,126512,128825,126509,5,3,3119,3115
864691135361314119,79037,70059,79023,70056,14,3,627,623
864691135361430087,53160,45580,53153,45579,7,1,379,373
864691135361432391,21813,18650,21808,18648,5,2,132,128
864691135361548615,42183,38689,42176,38686,7,3,345,340
864691135361778503,33796,32620,33787,32615,9,5,689,686
864691135361780551,20663,17344,20657,17341,6,3,106,101
864691135362104647,41994,30907,41978,30903,16,4,176,162
864691135362357319,176399,167072,176388,167070,11,2,6444,6433
864691135367033849,51448,35066,51439,35065,9,1,386,371
864691135368949241,74402,64666,74396,64664,6,2,658,647
864691135369002233,46732,42533,46723,42530,9,3,289,286
864691135369087481,19783,17703,19780,17702,3,1,170,160
864691135369651193,43472,41674,43469,41673,3,1,484,482
864691135369668089,182887,180605,182877,180599,10,6,5743,5736
864691135373601736,144690,143247,144680,143242,10,5,4379,4376
864691135374981320,73045,66128,73037,66126,8,2,795,789
864691135375107272,64361,64353,64356,64349,5,4,678,678
864691135375351369,47215,36384,47207,36383,8,1,379,373
864691135375361480,38687,35395,38679,35390,8,5,692,689
864691135375430985,161427,159889,161420,159886,7,3,9560,9554
864691135375484489,54513,48873,54506,48871,7,2,638,628
864691135375590217,59185,51557,59178,51556,7,1,731,730
864691135375655880,40085,37907,40082,37906,3,1,517,515
864691135375745736,54945,50918,54938,50916,7,2,275,269
864691135375767369,63675,59408,63665,59405,10,3,512,510
864691135375888840,74664,68755,74656,68753,8,2,826,822
864691135376096329,45315,45315,45313,45313,2,2,514,514
864691135382556378,77210,63459,77198,63457,12,2,366,341
864691135384176619,34551,25126,34543,25125,8,1,278,265
864691135384262362,46487,43435,46481,43431,6,4,205,202
864691135384285931,80573,74530,80563,74529,10,1,837,831
864691135384292843,60121,53050,60115,53048,6,2,612,608
864691135384344043,60712,54576,60705,54573,7,3,496,486
864691135384404954,60859,51449,60853,51447,6,2,411,408
864691135384716762,108804,108123,108798,108120,6,3,6074,6073
864691135384843738,67860,63057,67854,63055,6,2,541,535
864691135385422677,59412,48360,59405,48358,7,2,357,344
864691135386899029,63802,60482,63797,60480,5,2,628,623
864691135386940245,21690,19361,21688,19360,2,1,147,144
864691135386963541,78904,75049,78895,75045,9,4,774,772
864691135387277397,186195,186195,186194,186194,1,1,2995,2995
864691135387513685,51701,48490,51695,48488,6,2,592,589
864691135387529301,185502,185065,185495,185062,7,3,6793,6790
864691135387535957,42354,38413,42347,38411,7,2,424,423
864691135387551061,214530,203872,214517,203869,13,3,6950,6934
864691135387558997,64349,54509,64339,54506,10,3,542,536
864691135387690069,76719,70720,76710,70716,9,4,451,449
864691135387753601,44033,39841,44028,39839,5,2,680,669
864691135387988609,40755,30863,40747,30861,8,2,316,311
864691135388368001,65984,57210,65978,57208,6,2,577,570
864691135388545921,29993,24536,29987,24534,6,2,202,199
864691135388660865,71001,64021,70994,64019,7,2,629,617
864691135388675969,67566,63920,67560,63918,6,2,358,356
864691135388828033,28836,19820,28831,19819,5,1,267,259
864691135388984961,225609,223161,225602,223156,7,5,5667,5661
864691135389004929,96712,86568,96706,86566,6,2,2165,2154
864691135389122689,189976,187162,189967,187156,9,6,5519,5511
864691135389168001,53741,44991,53736,44989,5,2,410,404
864691135389195393,50923,41842,50915,41841,8,1,553,542
864691135395833333,22876,20449,22869,20447,7,2,206,201
864691135396115189,61052,56784,61048,56783,4,1,461,460
864691135396115445,105130,100191,105122,100189,8,2,1194,1184
864691135396312821,26442,18578,26432,18575,10,3,150,139
864691135396485877,69843,64618,69837,64616,6,2,843,832
864691135396720885,143427,141506,143419,141501,8,5,4644,4638
864691135396794101,112004,103621,111997,103618,7,3,831,819
864691135396940021,79348,76771,79340,76767,8,4,982,980
864691135397023777,53224,47260,53215,47255,9,5,260,254
864691135397846049,74365,62935,74356,62933,9,2,385,369
864691135397960481,69959,61133,69949,61129,10,4,438,419
864691135397982753,59514,52843,59502,52840,12,3,402,390
864691135398243105,74155,64041,74146,64038,9,3,441,429
864691135398746401,109321,102620,109311,102614,10,6,5054,5040
864691135398762529,46579,45084,46573,45082,6,2,896,892
864691135398805281,63266,49060,63257,49057,9,3,344,334
864691135398817569,66191,53065,66185,53064,6,1,184,179
864691135398868257,60953,56565,60946,56563,7,2,623,618
864691135398892065,36350,33153,36342,33150,8,3,240,233
864691135398925345,63684,56378,63675,56375,9,3,579,568
864691135404763374,34292,20897,34284,20895,8,2,81,67
864691135404765166,68992,60764,68987,60763,5,1,1692,1679
864691135404860654,38679,31448,38670,31446,9,2,251,246
864691135405138670,65532,56190,65524,56189,8,1,659,647
864691135405224174,74260,68438,74251,68435,9,3,877,870
864691135405337326,68227,63957,68220,63954,7,3,773,764
864691135405480430,98225,96912,98219,96909,6,3,2934,2933
864691135405626862,59169,45474,59161,45473,8,1,442,433
864691135405700334,56895,49345,56886,49343,9,2,472,466
864691135405713902,88292,78358,88285,78357,7,1,1159,1144
864691135405733870,97545,88554,97536,88553,9,1,965,949
864691135408560329,100654,90334,100646,90332,8,2,523,510
864691135408788169,28806,19603,28799,19602,7,1,209,197
864691135408808649,61939,53800,61927,53796,12,4,369,361
864691135409760457,49902,43786,49897,43785,5,1,1342,1337
864691135409856713,149936,138352,149925,138350,11,2,4270,4256
864691135409859785,87777,82050,87767,82049,10,1,1038,1030
864691135409937097,86466,79285,86457,79283,9,2,695,688
864691135409940425,82812,66329,82804,66328,8,1,441,428
864691135409962953,83611,78123,83603,78119,8,4,517,511
864691135416233914,34283,27954,34275,27951,8,3,129,124
864691135417045946,88197,81429,88189,81427,8,2,687,675
864691135417307322,27786,26799,27780,26796,6,3,170,168
864691135417313722,53973,52072,53968,52069,5,3,600,598
864691135417443514,66880,62079,66874,62077,6,2,627,617
864691135417478842,73486,65382,73478,65380,8,2,950,936
864691135417827770,17119,14245,17114,14243,5,2,89,82
864691135417948090,14694,10766,14688,10764,6,2,195,186
864691135428676144,33553,29519,33549,29517,4,2,105,101
864691135429763120,43359,37680,43352,37678,7,2,254,247
864691135430004016,43586,41172,43580,41169,6,3,388,382
864691135430131760,25424,21136,25416,21134,8,2,121,117
864691135430186032,64925,60562,64914,60557,11,5,327,322
864691135430275120,32037,24107,32030,24105,7,2,200,195
864691135430290480,46936,38471,46928,38470,8,1,561,557
864691135430346544,79317,72926,79306,72923,11,3,586,580
864691135430356784,98291,92771,98280,92766,11,5,714,704
864691135430486576,44573,36909,44565,36907,8,2,372,369
864691135430749232,70462,64243,70454,64240,8,3,581,579
864691135430859056,117520,112311,117513,112308,7,3,1438,1431
864691135431088176,25853,23777,25847,23773,6,4,107,100
864691135431089968,61474,56112,61465,56109,9,3,645,640
864691135431109168,32317,25137,32310,25136,7,1,203,188
864691135431441968,100754,100754,100753,100753,1,1,1810,1810
864691135431579440,53395,53395,53393,53393,2,2,750,750
864691135431591728,27069,22595,27063,22593,6,2,134,129
864691135431616048,57534,57521,57531,57520,3,1,821,821
864691135431648048,60836,58242,60830,58239,6,3,728,724
864691135431654960,74609,65198,74600,65196,9,2,447,444
864691135440543560,56144,46157,56137,46156,7,1,539,533
864691135441799752,206128,199686,206119,199683,9,3,2080,2076
864691135442591048,60958,60958,60955,60955,3,3,1099,1099
864691135442598728,88147,86799,88141,86795,6,4,3890,3890
864691135442606920,70981,59936,70975,59934,6,2,469,462
864691135446065810,157661,154222,157651,154218,10,4,4596,4587
864691135447312274,110441,103923,110434,103920,7,3,1181,1173
864691135447540882,49610,35143,49595,35140,15,3,205,180
864691135447582354,28834,26830,28829,26827,5,3,166,159
864691135447653010,94955,85356,94947,85354,8,2,617,610
864691135447820946,28933,27809,28928,27806,5,3,224,222
864691135447888274,113297,107125,113290,107121,7,4,2069,2064
864691135447979922,75611,73422,75606,73420,5,2,1923,1923
864691135447994514,68298,54826,68290,54824,8,2,444,435
864691135448017554,216863,209953,216849,209949,14,4,5984,5965
864691135448127572,35892,23581,35886,23580,6,1,179,170
864691135448130450,49828,40412,49819,40411,9,1,468,458
864691135448212882,59184,55461,59179,55458,5,3,566,564
864691135448215698,61984,56569,61978,56568,6,1,593,585
864691135448256146,77223,72015,77217,72013,6,2,752,746
864691135448303762,60708,53044,60700,53041,8,3,360,353
864691135448698196,61316,50651,61308,50650,8,1,384,373
864691135448811860,98607,93696,98599,93694,8,2,1869,1857
864691135455123562,37981,31670,37972,31668,9,2,132,123
864691135455400554,53747,44378,53742,44377,5,1,295,290
864691135455507818,68891,57842,68884,57841,7,1,683,668
864691135455701354,48353,44901,48344,44898,9,3,504,497
864691135455819114,54340,50855,54335,50853,5,2,798,796
864691135455875690,13591,9563,13585,9561,6,2,40,34
864691135455977578,81271,75419,81265,75417,6,2,737,727
864691135456165738,15398,12703,15390,12700,8,3,29,22
864691135456207722,64663,57860,64647,57857,16,3,456,443
864691135456493418,51762,47494,51757,47492,5,2,851,848
864691135456535658,184019,182256,184011,182250,8,6,11490,11482
864691135462420637,50378,40985,50370,40984,8,1,376,370
864691135463695429,51567,42051,51557,42049,10,2,272,256
864691135463999294,81375,80918,81368,80912,7,6,1626,1626
864691135464143934,77871,62634,77863,62633,8,1,665,650
864691135464162366,60721,49715,60711,49712,10,3,510,491
864691135464263742,89003,80502,88995,80501,8,1,1009,1005
864691135464302493,99400,87258,99394,87257,6,1,877,863
864691135464595518,108696,97382,108686,97381,10,1,2182,2167
864691135464633245,66259,63340,66252,63336,7,4,445,441
864691135464671550,84855,74631,84839,74624,16,7,624,616
864691135464678206,91806,87943,91801,87940,5,3,2409,2402
864691135464714565,80812,71523,80801,71520,11,3,364,350
864691135464787525,41934,33068,41928,33067,6,1,313,307
864691135464795710,84050,68856,84041,68854,9,2,404,392
864691135464928318,73299,59780,73290,59778,9,2,330,324
864691135464946757,80679,74633,80671,74630,8,3,1703,1691
864691135464991645,164596,164596,164595,164595,1,1,8190,8190
864691135464995134,61395,51751,61388,51750,7,1,342,336
864691135465001373,94015,86660,94003,86656,12,4,2298,2287
864691135465098653,30833,26967,30825,26964,8,3,142,136
864691135465100189,61858,55353,61852,55351,6,2,633,631
864691135465113157,33734,26730,33727,26728,7,2,331,328
864691135465343045,54709,49170,54702,49168,7,2,634,628
864691135465503813,59728,53596,59718,53592,10,4,292,282
864691135465571653,75505,67527,75499,67526,6,1,792,781
864691135465583685,36812,35363,36805,35361,7,2,278,276
864691135465585221,37538,35775,37530,35771,8,4,176,171
864691135465643333,12060,7978,12054,7976,6,2,46,35
864691135465795653,95928,90749,95918,90745,10,4,2226,2209
864691135465900101,37522,34980,37516,34977,6,3,479,474
864691135465932357,46296,41377,46289,41374,7,3,283,278
864691135465955397,65855,56836,65846,56834,9,2,720,715
864691135466025285,82461,72608,82454,72606,7,2,1624,1617
864691135466158917,55599,49233,55593,49230,6,3,355,348
864691135466236229,45273,40543,45265,40540,8,3,631,622
864691135466283333,59154,52668,59146,52665,8,3,550,545
864691135466333509,120000,119376,119990,119370,10,6,4350,4349
864691135468161164,35961,28740,35953,28737,8,3,103,94
864691135468854156,83379,71500,83369,71496,10,4,451,440
864691135468948364,111662,101842,111653,101841,9,1,1344,1328
864691135469215372,16124,9326,16113,9325,11,1,106,102
864691135469422674,70843,64874,70835,64872,8,2,852,845
864691135469753426,51049,43441,51040,43439,9,2,616,599
864691135469807954,19349,17575,19344,17572,5,3,121,115
864691135469845388,89720,87570,89712,87565,8,5,728,726
864691135470154834,102901,90430,102895,90429,6,1,1193,1182
864691135470235986,24549,20608,24544,20606,5,2,135,126
864691135470255698,142218,142218,142217,142217,1,1,5312,5312
864691135470556242,64323,59926,64314,59924,9,2,2452,2449
864691135470787666,67325,58251,67317,58249,8,2,301,297
864691135470860370,54199,54199,54197,54197,2,2,2222,2222
864691135472556082,40567,32206,40557,32203,10,3,728,712
864691135473383730,60730,52680,60724,52678,6,2,506,498
864691135473453362,15121,12793,15118,12792,3,1,86,81
864691135473540914,48655,40364,48649,40363,6,1,492,481
864691135473954354,58048,49776,58042,49775,6,1,556,554
864691135473961522,16222,15005,16216,15002,6,3,52,49
864691135474086450,111428,107719,111420,107713,8,6,2402,2392
864691135474179378,66211,63053,66205,63050,6,3,1065,1061
864691135474504498,27452,21579,27446,21577,6,2,265,263
864691135476041792,54031,49048,54021,49044,10,4,486,478
864691135476311616,57449,55598,57440,55594,9,4,808,801
864691135476495936,135679,132114,135673,132111,6,3,2188,2184
864691135476528704,82824,72711,82811,72708,13,3,400,392
864691135476581440,48943,44035,48936,44033,7,2,236,231
864691135476769344,30031,23368,30023,23366,8,2,280,274
864691135476793920,19660,12022,19654,12021,6,1,147,135
864691135477104960,193512,193512,193511,193511,1,1,7533,7533
864691135477448360,30816,23320,30810,23318,6,2,215,206
864691135477469352,63992,58664,63985,58662,7,2,737,732
864691135477469864,88868,82396,88860,82394,8,2,787,776
864691135477670312,85679,81428,85674,81427,5,1,1026,1022
864691135477839784,60140,56128,60134,56125,6,3,434,431
864691135477841320,20511,17368,20504,17366,7,2,131,127
864691135478095016,101908,95637,101902,95635,6,2,3685,3679
864691135478268840,72434,69126,72427,69122,7,4,756,754
864691135478316200,65352,58970,65345,58969,7,1,754,748
864691135478334888,111525,106446,111516,106443,9,3,2499,2490
864691135478400936,60804,56957,60798,56954,6,3,562,559
864691135478429352,51645,46388,51638,46385,7,3,572,571
864691135478434216,102129,98426,102114,98421,15,5,3304,3294
864691135479404742,67911,57210,67904,57209,7,1,926,917
864691135479744454,11171,9079,11166,9076,5,3,49,40
864691135479833030,81367,77177,81360,77175,7,2,979,977
864691135480311494,79830,78502,79824,78498,6,4,869,866
864691135480585158,11162,6578,11156,6576,6,2,40,32
864691135480652998,89049,86228,89043,86225,6,3,671,664
864691135480702662,156337,155282,156330,155277,7,5,10109,10104
864691135480718022,61233,52663,61220,52660,13,3,452,444
864691135480800198,58153,49440,58143,49438,10,2,219,214
864691135480892614,111182,105539,111173,105536,9,3,1214,1204
864691135480916422,47672,37719,47666,37718,6,1,390,379
864691135489677882,59801,54144,59793,54141,8,3,511,502
864691135489836346,41517,31009,41510,31007,7,2,307,305
864691135490326074,55052,45585,55044,45583,8,2,294,279
864691135490483514,50938,41833,50930,41832,8,1,435,420
864691135490505018,56110,53061,56103,53058,7,3,426,423
864691135491167207,37013,32319,37006,32317,7,2,203,193
864691135491204327,27519,14938,27511,14936,8,2,111,96
864691135491891559,20685,12626,20679,12624,6,2,82,76
864691135492274791,25896,21192,25891,21190,5,2,92,84
864691135492276839,28205,24961,28198,24959,7,2,164,159
864691135492308071,16975,11316,16967,11314,8,2,53,49
864691135492371303,52168,48226,52159,48223,9,3,275,270
864691135492568551,68230,66478,68225,66475,5,3,550,549
864691135492600167,203602,203597,203600,203596,2,1,5341,5341
864691135492613471,58483,53032,58475,53028,8,4,285,279
864691135492614239,66763,63535,66760,63533,3,2,1481,1477
864691135492665959,59857,55684,59849,55681,8,3,1960,1952
864691135492749415,50327,40797,50320,40793,7,4,262,260
864691135492888039,111038,107855,111029,107852,9,3,3598,3590
864691135492991839,46510,36784,46505,36783,5,1,456,450
864691135493031519,76264,73092,76259,73089,5,3,701,698
864691135493051879,50210,38525,50202,38524,8,1,384,374
864691135493079135,43601,37720,43590,37718,11,2,205,195
864691135493079783,64296,57382,64286,57378,10,4,523,515
864691135493149927,89800,86528,89795,86525,5,3,856,852
864691135493546591,45510,36390,45505,36389,5,1,288,281
864691135493620831,70022,59298,70013,59296,9,2,233,226
864691135493624415,48880,41635,48873,41633,7,2,479,469
864691135493665631,61625,54599,61617,54597,8,2,733,726
864691135493686111,68001,61516,67994,61513,7,3,756,750
864691135495529360,76509,71078,76499,71076,10,2,1510,1498
864691135495542672,176221,176127,176209,176118,12,9,4826,4826
864691135495698832,70980,66747,70972,66743,8,4,453,447
864691135496262032,135991,134454,135985,134451,6,3,3770,3769
864691135496333968,101648,93069,101630,93066,18,3,727,718
864691135496339088,51333,44804,51324,44802,9,2,343,331
864691135496381840,58392,41564,58383,41563,9,1,219,206
864691135496440208,58072,53674,58064,53670,8,4,369,360
864691135496444816,84763,82023,84754,82019,9,4,2908,2903
864691135497743635,123466,120238,123457,120235,9,3,941,935
864691135498973715,57629,50000,57621,49999,8,1,491,487
864691135498992403,28887,21642,28880,21640,7,2,144,135
864691135498997267,62974,57432,62966,57430,8,2,482,472
864691135499231763,50843,43752,50836,43749,7,3,506,499
864691135499283987,66307,60675,66301,60673,6,2,605,594
864691135499616019,89671,86097,89665,86094,6,3,4408,4404
864691135499624723,156194,150015,156182,150011,12,4,4676,4669
864691135499707667,74895,71240,74887,71236,8,4,730,727
864691135499752723,123640,122223,123633,122220,7,3,5020,5018
864691135499765267,141088,136304,141080,136300,8,4,8897,8888
864691135499797523,94837,88590,94828,88587,9,3,2471,2455
864691135499821331,67746,62217,67740,62215,6,2,850,847
864691135499964947,98899,88461,98891,88458,8,3,929,917
864691135501703746,39650,34178,39642,34175,8,3,213,208
864691135502730562,42085,32910,42075,32907,10,3,73,67
864691135502748482,62486,47810,62477,47809,9,1,320,310
864691135502873666,72371,67097,72363,67095,8,2,629,626
864691135502885954,42105,30326,42095,30325,10,1,286,274
864691135502902338,70562,62619,70553,62617,9,2,652,644
864691135503004765,35694,32940,35691,32939,3,1,493,490
864691135503163202,113588,102742,113578,102739,10,3,978,960
864691135503182685,74868,70399,74857,70394,11,5,610,605
864691135503287618,83049,78316,83037,78311,12,5,1113,1109
864691135503293250,41483,34006,41474,34004,9,2,137,129
864691135503344477,38449,29546,38443,29545,6,1,346,341
864691135503350082,25955,21546,25948,21544,7,2,162,145
864691135503367517,36233,29139,36225,29137,8,2,163,159
864691135503439170,18942,16887,18937,16884,5,3,45,38
864691135503443549,53963,48243,53954,48240,9,3,642,638
864691135503448898,93407,89700,93401,89697,6,3,820,812
864691135503466818,34928,31657,34921,31654,7,3,410,406
864691135503782210,108185,102337,108178,102333,7,4,1774,1768
864691135503836253,81859,75617,81851,75615,8,2,1050,1045
864691135504081986,49541,35206,49531,35205,10,1,317,309
864691135504168285,51522,42701,51515,42700,7,1,471,465
864691135504203357,61195,58985,61189,58982,6,3,1002,1002
864691135504315317,34238,26642,34232,26640,6,2,201,194
864691135504327861,64521,59905,64512,59902,9,3,362,359
864691135510191369,40082,34355,40073,34352,9,3,412,401
864691135510267401,19503,12021,19497,12019,6,2,96,89
864691135510406921,42829,35361,42821,35359,8,2,276,267
864691135510593289,53094,44181,53086,44180,8,1,603,597
864691135510846217,57672,45558,57665,45556,7,2,339,326
864691135511316745,48949,43116,48939,43112,10,4,505,502
864691135511324169,39789,37768,39787,37767,2,1,349,345
864691135511486985,68012,60970,68004,60967,8,3,792,788
864691135511802576,74055,64205,74044,64202,11,3,569,560
864691135511861968,143498,142027,143489,142021,9,6,3694,3689
864691135511977680,53331,44334,53322,44333,9,1,627,622
864691135517376211,59669,59669,59668,59668,1,1,468,468
864691135517531786,73668,65874,73659,65871,9,3,398,393
864691135518173395,51576,45774,51569,45772,7,2,567,560
864691135518283475,80073,71076,80066,71073,7,3,633,622
864691135518453642,36778,26291,36771,26289,7,2,101,96
864691135518510218,26884,19798,26876,19796,8,2,91,82
864691135518791818,151815,150506,151804,150502,11,4,4720,4714
864691135518844554,41422,29471,41414,29470,8,1,278,268
864691135518989962,110191,104296,110178,104289,13,7,996,985
864691135519105162,20464,15986,20456,15984,8,2,117,111
864691135519106442,58491,55517,58482,55512,9,5,286,280
864691135519178378,28358,25576,28353,25574,5,2,222,215
864691135520064650,52877,47013,52872,47011,5,2,269,266
864691135520105354,60096,52354,60088,52352,8,2,604,592
864691135526405723,80146,75276,80136,75272,10,4,2213,2205
864691135527555163,52744,44114,52735,44113,9,1,461,457
864691135527713115,57153,54585,57145,54581,8,4,387,386
864691135528046939,129621,127585,129616,127582,5,3,6482,6475
864691135528193883,65965,64245,65960,64243,5,2,671,667
864691135539491442,69938,62353,69929,62351,9,2,850,843
864691135539591282,21094,19165,21088,19162,6,3,124,121
864691135540272498,77547,67732,77536,67730,11,2,421,420
864691135540440178,50625,37358,50618,37357,7,1,139,126
864691135545730856,60953,60104,60949,60103,4,1,1091,1089
864691135546161704,74375,69235,74365,69231,10,4,825,818
864691135546339880,141295,129240,141287,129239,8,1,1274,1262
864691135546797608,58490,56363,58482,56359,8,4,1378,1374
864691135546902056,112925,107706,112918,107703,7,3,762,755
864691135547082280,43763,40517,43759,40515,4,2,237,235
864691135561699041,61546,58168,61539,58165,7,3,2110,2103
864691135562001633,149087,147719,149083,147717,4,2,8800,8800
864691135562004193,44005,36483,43997,36482,8,1,499,491
864691135562048225,23920,20930,23913,20928,7,2,123,116
864691135562052065,79853,71679,79843,71676,10,3,716,702
864691135562410721,71926,66435,71919,66433,7,2,848,837
864691135562474977,66571,61068,66565,61065,6,3,506,498
864691135562519009,50802,45710,50796,45708,6,2,486,479
864691135562780385,116527,99786,116518,99785,9,1,1030,1014
864691135562798817,123526,115259,123519,115257,7,2,1310,1306
864691135562842337,101032,89830,101022,89829,10,1,1146,1132
864691135562950369,80931,79938,80924,79935,7,3,1599,1599
864691135562975969,63081,60004,63075,59999,6,5,289,288
864691135565770007,40864,39487,40860,39484,4,3,454,449
864691135565962775,47684,43122,47676,43118,8,4,280,274
864691135566122071,26072,20822,26064,20820,8,2,198,194
864691135566155351,60017,49141,60005,49139,12,2,180,163
864691135566168599,43717,39252,43710,39248,7,4,240,231
864691135566274391,30080,25568,30073,25566,7,2,215,209
864691135566649431,52670,47256,52660,47254,10,2,313,302
864691135566657623,17657,12230,17651,12228,6,2,58,46
864691135566824983,37504,35870,37498,35867,6,3,571,563
864691135566825495,129916,123767,129910,123765,6,2,2685,2680
864691135566902039,56819,56610,56815,56607,4,3,855,853
864691135566945559,83299,78928,83291,78926,8,2,1429,1426
864691135566966807,61199,56640,61192,56636,7,4,460,454
864691135566979927,134606,130207,134597,130204,9,3,3521,3516
864691135567047191,52507,47075,52499,47072,8,3,458,449
864691135567059223,59259,51289,59248,51286,11,3,608,597
864691135569282284,147064,146921,147055,146917,9,4,3595,3594
864691135569363948,18719,10585,18712,10584,7,1,122,112
864691135569592300,58429,50770,58419,50768,10,2,795,787
864691135569866988,64536,62875,64530,62872,6,3,740,737
864691135569902316,69015,60196,69006,60194,9,2,682,672
864691135570135020,49643,46268,49639,46266,4,2,422,421
864691135570301676,36660,29132,36655,29131,5,1,551,544
864691135570303724,67260,61397,67249,61392,11,5,815,812
864691135570381292,24404,22968,24402,22967,2,1,205,205
864691135570502278,54304,43397,54296,43395,8,2,413,404
864691135570791558,78964,70462,78956,70461,8,1,857,846
864691135571192966,76579,69655,76569,69653,10,2,539,531
864691135571356038,110300,107008,110295,107007,5,1,5012,5008
864691135571440006,125106,120961,125098,120958,8,3,4091,4083
864691135571515270,55542,49349,55537,49347,5,2,513,507
864691135571546917,84854,81428,84843,81422,11,6,3058,3048
864691135572346349,76881,71210,76875,71207,6,3,374,369
864691135572385061,32012,25202,32002,25200,10,2,171,163
864691135572530981,83668,75592,83658,75589,10,3,420,401
864691135572576237,74552,65332,74543,65329,9,3,366,355
864691135572712485,12736,6405,12729,6404,7,1,26,12
864691135573191405,45854,33803,45846,33801,8,2,356,344
864691135573245165,94502,89053,94486,89051,16,2,2437,2428
864691135573276197,70550,63519,70544,63516,6,3,591,577
864691135573296677,59706,46972,59698,46971,8,1,350,343
864691135573315053,55400,50380,55393,50377,7,3,261,255
864691135573327085,49305,38048,49299,38046,6,2,256,243
864691135576872222,56566,47995,56558,47993,8,2,650,636
864691135576881950,52459,49020,52454,49018,5,2,693,685
864691135576991518,90162,85113,90157,85112,5,1,712,708
864691135577135390,27017,22837,27009,22835,8,2,227,223
864691135577202181,99305,99305,99302,99302,3,3,2591,2591
864691135577208606,50431,48218,50425,48214,6,4,514,512
864691135577221406,86303,77713,86296,77711,7,2,945,940
864691135577349150,39243,36322,39235,36319,8,3,689,683
864691135577574430,57867,55517,57861,55513,6,4,261,261
864691135577617694,50068,44832,50060,44829,8,3,264,262
864691135577644574,56313,48490,56305,48488,8,2,546,533
864691135577651230,93192,87842,93185,87838,7,4,589,584
864691135577749022,56717,48356,56706,48354,11,2,832,825
864691135577816862,78305,75449,78296,75446,9,3,1119,1113
864691135577956101,35716,35706,35711,35703,5,3,302,302
864691135578103301,63837,59609,63832,59606,5,3,300,294
864691135578146565,70842,66040,70830,66035,12,5,315,308
864691135578360837,62732,56876,62725,56873,7,3,498,493
864691135578670597,63094,54608,63086,54605,8,3,599,584
864691135579134981,33992,27931,33986,27930,6,1,394,391
864691135582973549,85068,80287,85062,80284,6,3,1108,1099
864691135583172717,36812,29514,36805,29512,7,2,361,353
864691135583223405,54951,46747,54946,46746,5,1,556,552
864691135583277677,44035,39795,44032,39794,3,1,499,494
864691135583352941,66764,60883,66756,60880,8,3,637,635
864691135583913069,39290,34794,39282,34792,8,2,241,235
864691135584008045,95130,85148,95122,85146,8,2,812,797
864691135584019053,120431,118068,120425,118065,6,3,4854,4851
864691135584068717,143197,138540,143187,138537,10,3,5178,5169
864691135584316781,122058,117726,122051,117725,7,1,3011,3003
864691135584471405,21141,16089,21135,16088,6,1,139,137
864691135584504429,63790,58745,63783,58741,7,4,385,382
864691135584625773,59097,48447,59089,48445,8,2,626,619
864691135584629613,67129,59225,67118,59221,11,4,459,453
864691135584646253,82020,68674,82011,68673,9,1,501,496
864691135585046648,33857,27855,33845,27851,12,4,118,110
864691135585266808,44197,39908,44189,39904,8,4,226,213
864691135585415544,37885,21671,37877,21669,8,2,143,125
864691135585503864,21716,18723,21710,18721,6,2,90,81
864691135585713528,102578,96238,102570,96236,8,2,848,837
864691135585989240,72813,72813,72811,72811,2,2,1483,1483
864691135586022264,192202,189441,192191,189436,11,5,4957,4951
864691135586240120,77366,62042,77357,62041,9,1,369,358
864691135586414716,38771,29614,38764,29613,7,1,310,304
864691135586724220,111847,103991,111837,103988,10,3,846,830
864691135586773628,19115,15972,19110,15969,5,3,48,43
864691135587371132,43968,38128,43961,38126,7,2,280,278
864691135587519868,60195,48259,60184,48258,11,1,452,441
864691135587532924,67532,57716,67523,57713,9,3,339,325
864691135587622268,16301,14364,16298,14363,3,1,77,73
864691135587666812,51500,43521,51493,43519,7,2,244,240
864691135587758716,73212,64227,73205,64224,7,3,610,600
864691135587771772,69004,60326,68997,60324,7,2,468,460
864691135591041291,126827,116841,126817,116838,10,3,1005,999
864691135591533579,26773,20227,26767,20226,6,1,142,129
864691135591664907,56327,48600,56317,48599,10,1,466,455
864691135591725067,16072,14006,16065,14003,7,3,58,53
864691135591726603,40416,36687,40408,36685,8,2,205,205
864691135591854347,50986,42350,50977,42348,9,2,272,259
864691135592276491,27580,26013,27575,26011,5,2,136,131
864691135592283403,43535,40533,43530,40530,5,3,318,310
864691135592678411,32245,32245,32242,32242,3,3,343,343
864691135592789259,14178,11623,14174,11622,4,1,143,140
864691135592830731,51438,46545,51430,46543,8,2,595,590
864691135592837899,239722,235509,239714,235506,8,3,6126,6119
864691135593133067,60133,55246,60124,55243,9,3,765,758
864691135593659947,82503,78348,82497,78346,6,2,622,620
864691135594101291,94967,91288,94960,91284,7,4,1977,1970
864691135594721579,59577,54927,59570,54925,7,2,416,410
864691135594817067,27642,20387,27637,20386,5,1,183,172
864691135594982187,46278,38203,46270,38202,8,1,671,663
864691135595040043,43129,30381,43120,30380,9,1,277,266
864691135595810859,184045,179810,184036,179806,9,4,6124,6120
864691135610877191,77854,72583,77847,72580,7,3,498,489
864691135611019015,44960,37856,44952,37854,8,2,462,456
864691135611140359,73990,69603,73984,69601,6,2,719,716
864691135611337735,79618,79161,79612,79158,6,3,479,479
864691135611702023,199072,189268,199060,189265,12,3,6541,6532
864691135616048587,72253,62405,72246,62404,7,1,671,655
864691135616183499,179669,175885,179660,175881,9,4,5451,5444
864691135616235979,62278,56531,62276,56530,2,1,526,521
864691135616363211,85996,81469,85986,81465,10,4,380,374
864691135617152361,121566,119001,121555,118996,11,5,1107,1100
864691135617409385,39199,32781,39189,32778,10,3,199,185
864691135617440105,65709,61703,65703,61701,6,2,657,649
864691135618332265,247814,240782,247805,240780,9,2,7986,7977
864691135618339945,24094,24009,24089,24005,5,4,134,134
864691135618505065,44411,37430,44400,37425,11,5,215,203
864691135619294351,97026,86851,97016,86849,10,2,898,894
864691135619317391,59513,53082,59507,53081,6,1,698,690
864691135619463567,108557,99947,108551,99946,6,1,1309,1303
864691135619527311,22939,21300,22934,21297,5,3,121,117
864691135619541903,12257,8495,12252,8494,5,1,40,36
864691135619756943,40104,28935,40095,28934,9,1,287,279
864691135619865231,57656,50258,57648,50255,8,3,782,772
864691135640297787,38924,33532,38915,33530,9,2,286,281
864691135640398651,42980,35416,42971,35414,9,2,313,303
864691135640544571,55427,49920,55419,49917,8,3,289,271
864691135640672571,83886,79451,83879,79449,7,2,987,977
864691135640929595,27663,24024,27654,24022,9,2,194,191
864691135641196091,134137,129477,134129,129472,8,5,3634,3626
864691135646017007,41009,32960,41003,32959,6,1,405,399
864691135646147567,51902,44531,51893,44529,9,2,645,639
864691135646292719,85494,77353,85488,77352,6,1,771,758
864691135646353391,29506,25051,29498,25049,8,2,160,149
864691135646481135,57402,49821,57395,49819,7,2,493,486
864691135646493679,90855,87661,90848,87658,7,3,680,676
864691135646775791,38336,34674,38329,34672,7,2,380,378
864691135646778863,33778,30546,33771,30544,7,2,196,188
864691135646806255,47275,40100,47264,40098,11,2,357,354
864691135654715586,39064,27571,39058,27569,6,2,84,74
864691135655390658,65606,55427,65597,55425,9,2,352,348
864691135655472066,58372,55923,58366,55921,6,2,572,568
864691135655473858,10294,4626,10289,4625,5,1,23,10
864691135655521986,17314,13327,17307,13325,7,2,69,62
864691135655894978,44949,35274,44942,35273,7,1,286,274
864691135656578242,67133,48490,67126,48489,7,1,296,287
864691135656579010,103169,100686,103162,100683,7,3,1021,1018
864691135656664770,74112,70028,74105,70025,7,3,799,795
864691135656674242,65036,59004,65027,59002,9,2,568,558
864691135659140738,25996,24531,25989,24527,7,4,137,137
864691135659358850,35891,35887,35886,35885,5,2,128,128
864691135659538306,111823,111823,111822,111822,1,1,3473,3473
864691135659566210,33262,28342,33255,28340,7,2,345,339
864691135659824514,48428,46635,48425,46634,3,1,415,415
864691135659857026,13270,11798,13265,11795,5,3,56,51
864691135660029314,48181,42383,48169,42379,12,4,271,254
864691135660772080,52981,46973,52977,46972,4,1,1081,1072
864691135662059248,66382,58044,66372,58043,10,1,639,630
864691135662059760,36130,25175,36123,25174,7,1,394,387
864691135662070512,68306,59975,68299,59974,7,1,924,918
864691135662408944,112925,102439,112917,102438,8,1,1179,1165
864691135662774512,45131,39763,45123,39760,8,3,442,433
864691135662802416,61133,57428,61127,57426,6,2,645,643
864691135662825456,82465,74821,82456,74817,9,4,699,692
864691135684284914,58939,58051,58923,58046,16,5,1539,1532
864691135684657079,43569,34131,43561,34128,8,3,99,90
864691135684809458,21829,21829,21825,21825,4,4,96,96
864691135685087474,63439,52128,63431,52125,8,3,371,361
864691135685250546,99080,97958,99069,97952,11,6,4471,4467
864691135685620210,70013,64731,70007,64728,6,3,839,828
864691135685980087,20799,20778,20793,20773,6,5,204,204
864691135686055351,53680,44505,53675,44504,5,1,442,436
864691135686283703,65672,61417,65665,61414,7,3,702,695
864691135686399415,37310,34477,37308,34476,2,1,400,396
864691135686414775,60044,50247,60035,50245,9,2,215,211
864691135686442423,25003,21064,24997,21062,6,2,169,158
864691135686494647,69879,52435,69869,52434,10,1,449,444
864691135686540471,211857,200739,211846,200737,11,2,6540,6519
864691135688186080,45849,38421,45837,38417,12,4,254,238
864691135688387040,44362,34801,44355,34800,7,1,475,469
864691135688407776,17516,10222,17510,10221,6,1,71,66
864691135688823008,154769,150952,154758,150948,11,4,1346,1340
864691135689296608,206425,205337,206423,205336,2,1,7294,7291
864691135689417440,112435,103719,112427,103717,8,2,949,937
864691135689555680,160460,154990,160452,154986,8,4,889,883
864691135693735103,56277,53352,56266,53346,11,6,249,242
864691135694189759,10099,7840,10095,7838,4,2,17,15
864691135694246079,44100,33461,44090,33460,10,1,316,305
864691135694264511,52371,44857,52360,44855,11,2,584,578
864691135694406335,52634,47456,52625,47452,9,4,497,489
864691135694415551,41119,35359,41110,35357,9,2,407,401
864691135694421439,47393,46232,47388,46230,5,2,317,313
864691135695042751,64504,57650,64498,57648,6,2,1013,1003
864691135695057855,33905,23233,33898,23231,7,2,164,154
864691135695146943,76682,67942,76673,67941,9,1,400,392
864691135697271450,38065,33650,38062,33649,3,1,387,382
864691135697613077,60327,47599,60316,47597,11,2,219,200
864691135698016410,71062,65616,71055,65614,7,2,747,741
864691135698211994,83865,77385,83859,77383,6,2,774,773
864691135698731541,62343,55892,62335,55890,8,2,435,425
864691135698820373,25823,21355,25814,21353,9,2,166,161
864691135698922005,43374,39064,43366,39061,8,3,306,300
864691135699301397,31661,27198,31653,27195,8,3,172,162
864691135699522069,89247,81498,89237,81494,10,4,451,446
864691135700409211,95076,84205,95070,84202,6,3,870,869
864691135700648226,47826,39829,47817,39827,9,2,151,144
864691135700757026,60081,55924,60075,55923,6,1,1275,1270
864691135700814114,28602,24586,28594,24583,8,3,162,156
864691135701272610,55372,51960,55365,51957,7,3,503,496
864691135701340194,78072,75628,78069,75627,3,1,1678,1673
864691135701624699,90646,80947,90639,80945,7,2,550,545
864691135701629474,49477,35313,49469,35311,8,2,333,325
864691135701746978,68067,66266,68059,66260,8,6,638,638
864691135702061947,35622,33868,35615,33863,7,5,186,184
864691135702298491,60148,50597,60142,50595,6,2,350,336
864691135702887291,155201,143589,155189,143584,12,5,3667,3645
864691135702946683,20320,15566,20315,15564,5,2,66,60
864691135703016059,185042,180562,185030,180558,12,4,10935,10925
864691135703164283,63341,56443,63332,56441,9,2,577,574
864691135716679194,53764,48366,53756,48364,8,2,373,367
864691135717163802,50716,44761,50706,44758,10,3,379,373
864691135717271834,54683,46597,54676,46596,7,1,491,484
864691135717275162,70954,65259,70946,65257,8,2,857,850
864691135717299738,75163,71669,75157,71667,6,2,767,764
864691135717386266,70877,62433,70868,62431,9,2,705,693
864691135717457178,72986,67313,72978,67310,8,3,799,794
864691135717457946,125867,120455,125859,120452,8,3,1622,1612
864691135719761713,39763,34918,39759,34917,4,1,128,123
864691135719900721,54736,47665,54728,47663,8,2,663,654
864691135720061233,66956,56593,66944,56591,12,2,426,411
864691135720245297,13597,13101,13590,13097,7,4,47,45
864691135720572977,170841,165080,170829,165076,12,4,9533,9523
864691135720638769,63285,62108,63277,62105,8,3,524,524
864691135724393131,62304,51602,62296,51600,8,2,328,317
864691135725748139,52132,46581,52116,46577,16,4,510,500
864691135725779883,177006,176999,177000,176997,6,2,6197,6196
864691135725838763,49569,46956,49562,46953,7,3,392,386
864691135725842603,58298,53140,58290,53139,8,1,671,668
864691135725920939,35156,26385,35148,26383,8,2,261,253
864691135726077611,68201,61199,68194,61196,7,3,700,692
864691135726140843,104936,100374,104929,100372,7,2,1402,1395
864691135726340523,67926,61070,67919,61068,7,2,581,570
864691135726881195,81229,76469,81219,76467,10,2,1021,1019
864691135726939455,47692,41301,47682,41299,10,2,279,275
864691135727278655,21571,14322,21564,14321,7,1,88,73
864691135727686463,34144,31549,34136,31546,8,3,391,383
864691135727790911,44728,31455,44720,31454,8,1,291,279
864691135727799359,54715,51372,54712,51371,3,1,722,718
864691135727867967,51842,42200,51832,42197,10,3,374,369
864691135727907391,62833,59244,62826,59240,7,4,327,327
864691135727925311,48419,37416,48413,37414,6,2,206,201
864691135727929663,124365,116468,124355,116467,10,1,2428,2422
864691135727961663,96256,87790,96249,87788,7,2,1158,1151
864691135728030015,45541,38532,45532,38531,9,1,466,461
864691135731679929,40002,29527,39992,29525,10,2,264,250
864691135731705273,63429,60918,63424,60915,5,3,522,521
864691135731707065,25603,18077,25597,18076,6,1,101,92
864691135731889337,94722,92269,94713,92264,9,5,996,994
864691135731966649,28795,27504,28790,27500,5,4,209,207
864691135732038329,104484,95426,104478,95425,6,1,1195,1191
864691135732210873,47438,41392,47427,41389,11,3,394,384
864691135732257721,75233,70858,75225,70855,8,3,2406,2400
864691135732318393,46441,40729,46431,40725,10,4,341,332
864691135732377785,16452,13573,16446,13570,6,3,42,34
864691135732518585,99490,85005,99481,85004,9,1,421,410
864691135732557241,69235,58684,69228,58683,7,1,735,727
864691135732578745,90574,82019,90566,82016,8,3,1119,1109
864691135738047620,91063,81492,91055,81491,8,1,917,904
864691135738266500,27151,25615,27145,25611,6,4,106,103
864691135738953860,68443,56661,68434,56659,9,2,384,376
864691135738969220,64984,55580,64976,55578,8,2,492,486
864691135738995588,72090,51353,72077,51352,13,1,317,302
864691135739004292,31483,27361,31477,27358,6,3,149,144
864691135739008132,72317,58990,72308,58989,9,1,275,268
864691135739131780,188189,187307,188183,187303,6,4,9342,9335
864691135739587697,60016,50608,60009,50607,7,1,420,414
864691135739689073,60928,51162,60922,51160,6,2,290,284
864691135739733140,26770,21699,26762,21696,8,3,96,91
864691135740860820,63033,51427,63025,51425,8,2,438,425
864691135740865684,65527,51275,65520,51274,7,1,441,435
864691135741090196,45751,41902,45744,41900,7,2,429,421
864691135741197716,49183,40911,49177,40910,6,1,577,567
864691135741458324,59970,50741,59960,50737,10,4,819,808
864691135741524587,43183,38871,43179,38869,4,2,227,222
864691135741619051,49666,40828,49661,40827,5,1,377,371
864691135741641876,153874,149504,153865,149502,9,2,4776,4764
864691135741659499,58987,52572,58979,52570,8,2,514,508
864691135741684075,42819,31713,42812,31711,7,2,417,403
864691135741780116,45305,42438,45299,42435,6,3,411,404
864691135741874836,85189,79196,85181,79192,8,4,570,564
864691135741889940,158034,150553,158024,150551,10,2,5231,5213
864691135741910164,72371,63309,72363,63308,8,1,868,858
864691135741930603,45076,41295,45070,41292,6,3,409,408
864691135741960340,139784,131213,139771,131208,13,5,3772,3750
864691135741963627,40385,30613,40378,30612,7,1,421,415
864691135741965931,38797,29023,38789,29021,8,2,376,366
864691135741982868,40763,32955,40755,32954,8,1,526,519
864691135741998484,103633,101822,103628,101819,5,3,1286,1286
864691135742097044,76492,70058,76483,70056,9,2,787,780
864691135742102635,62991,52262,62983,52261,8,1,621,609
864691135742189163,56653,47028,56647,47027,6,1,572,560
864691135742247787,45275,37767,45270,37765,5,2,680,679
864691135742327147,32447,30390,32442,30388,5,2,140,136
864691135742365803,52112,49568,52108,49566,4,2,511,509
864691135742609771,74475,68990,74468,68989,7,1,689,680
864691135742664043,62288,55520,62278,55518,10,2,679,675
864691135742668395,74899,70174,74893,70172,6,2,1656,1650
864691135742677867,44439,40790,44436,40789,3,1,640,632
864691135742733163,8014,4692,8011,4691,3,1,21,17
864691135742756203,45708,36044,45700,36040,8,4,280,270
864691135742793835,28613,27587,28607,27584,6,3,297,293
864691135742824555,27764,22942,27758,22941,6,1,477,470
864691135742826603,47617,41691,47610,41690,7,1,990,984
864691135742895723,55374,55372,55370,55370,4,2,1551,1551
864691135743102827,123765,113737,123759,113735,6,2,1593,1580
864691135749141801,93576,87336,93568,87332,8,4,811,801
864691135749995049,58123,52985,58116,52982,7,3,293,288
864691135750307881,47567,42376,47555,42372,12,4,235,228
864691135750642473,95671,90357,95665,90355,6,2,1232,1221
864691135750649129,95243,87375,95238,87374,5,1,1231,1225
864691135750958889,60258,54530,60250,54528,8,2,630,622
864691135751110185,51911,46657,51903,46655,8,2,501,497
864691135751149353,61925,53108,61921,53107,4,1,559,555
864691135753932237,68428,61012,68421,61010,7,2,651,642
864691135755197133,55891,48510,55883,48507,8,3,307,301
864691135755384269,62578,51352,62570,51351,8,1,544,537
864691135755605197,164993,164993,164992,164992,1,1,5067,5067
864691135755707597,56650,52447,56642,52446,8,1,1485,1479
864691135756075981,94099,83600,94081,83596,18,4,712,700
864691135756148685,49600,39104,49589,39101,11,3,301,280
864691135756319186,71880,67748,71872,67746,8,2,904,898
864691135756460754,23431,16716,23423,16714,8,2,118,97
864691135756630226,34783,32409,34778,32407,5,2,547,542
864691135756844242,141263,136922,141256,136919,7,3,8358,8341
864691135757002450,53300,38822,53291,38821,9,1,210,204
864691135757040082,61035,55079,61026,55077,9,2,721,710
864691135757083346,72993,66676,72987,66674,6,2,656,651
864691135757092306,54010,43915,54002,43913,8,2,447,433
864691135760050254,57211,48995,57202,48993,9,2,327,319
864691135760106830,59558,52750,59550,52748,8,2,491,487
864691135760319822,66337,60043,66328,60041,9,2,729,718
864691135760577870,69938,65944,69930,65941,8,3,1729,1724
864691135760635214,33710,29173,33700,29171,10,2,219,212
864691135763362102,37006,28634,36995,28632,11,2,433,427
864691135763364662,17716,13084,17709,13082,7,2,58,51
864691135763433270,63258,57828,63251,57825,7,3,594,590
864691135763447862,22323,18343,22317,18341,6,2,109,103
864691135763491126,39726,35363,39719,35361,7,2,233,227
864691135763495478,106073,103653,106063,103648,10,5,615,614
864691135763549238,46573,39370,46565,39368,8,2,441,428
864691135763795510,74701,68309,74695,68307,6,2,762,756
864691135763941174,65620,56152,65609,56149,11,3,543,534
864691135763975990,55443,55162,55436,55159,7,3,1931,1930
864691135764015926,47942,38541,47934,38540,8,1,486,477
864691135764062006,15269,7043,15261,7042,8,1,53,38
864691135764274742,36577,31426,36569,31425,8,1,487,474
864691135764583990,161336,146711,161325,146710,11,1,1491,1480
864691135764631862,58866,54933,58857,54931,9,2,805,799
864691135764644150,16821,16809,16818,16807,3,2,131,131
864691135764678198,180364,180080,180358,180075,6,5,4504,4501
864691135764890678,66318,60018,66311,60016,7,2,1880,1868
864691135764932662,86783,73299,86774,73297,9,2,576,561
864691135764946742,34917,29667,34912,29664,5,3,285,280
864691135765006134,56172,49964,56164,49962,8,2,458,454
864691135765013302,29818,23423,29811,23421,7,2,314,304
864691135772053835,85469,77806,85459,77803,10,3,454,452
864691135772774651,88219,83985,88213,83983,6,2,4515,4510
864691135772920651,49751,48823,49745,48819,6,4,304,303
864691135772987899,44358,40923,44352,40921,6,2,319,314
864691135773073147,50185,42433,50175,42430,10,3,456,450
864691135773074683,28799,26615,28794,26612,5,3,105,101
864691135773208651,76492,69928,76485,69926,7,2,807,798
864691135773209163,64510,54439,64501,54438,9,1,790,784
864691135773240571,50331,46259,50325,46257,6,2,298,293
864691135773640699,29008,22093,29002,22092,6,1,127,119
864691135773694795,73402,68072,73394,68069,8,3,747,738
864691135773724747,25822,16866,25817,16865,5,1,147,139
864691135773731403,80783,73018,80775,73017,8,1,622,615
864691135773776459,36033,31544,36026,31543,7,1,531,520
864691135773910603,96383,91911,96376,91908,7,3,948,939
864691135774053371,53697,37873,53688,37872,9,1,362,344
864691135774127611,34257,33477,34254,33475,3,2,196,193
864691135774177531,52105,45645,52098,45643,7,2,477,472
864691135774179147,54280,47054,54272,47051,8,3,465,457
864691135774221643,144700,143075,144692,143072,8,3,8785,8774
864691135774294603,34567,29287,34559,29284,8,3,212,199
864691135774307659,92676,83261,92668,83259,8,2,572,569
864691135774368763,65069,54988,65060,54984,9,4,323,309
864691135774389755,52136,48065,52127,48060,9,5,358,352
864691135775906989,37614,31971,37607,31969,7,2,292,284
864691135777381805,65435,65430,65430,65426,5,4,598,598
864691135777400237,60523,50827,60518,50825,5,2,444,434
864691135777789357,48859,44998,48852,44995,7,3,486,479
864691135778116013,168118,163378,168108,163374,10,4,5208,5200
864691135778132576,105533,99725,105524,99721,9,4,791,783
864691135778187360,81485,78350,81479,78348,6,2,604,602
864691135778288573,85525,80730,85519,80728,6,2,1070,1065
864691135778290109,107796,107778,107793,107777,3,1,3654,3653
864691135778331232,64564,53931,64558,53930,6,1,419,405
864691135778335328,23909,15760,23902,15758,7,2,61,53
864691135778414176,65006,60158,65000,60154,6,4,697,693
864691135778419901,60161,55181,60155,55179,6,2,566,560
864691135778465376,43363,43005,43357,43000,6,5,353,352
864691135778467517,78717,68349,78710,68347,7,2,826,814
864691135778542509,39642,38855,39636,38851,6,4,462,461
864691135778544480,21551,15851,21546,15850,5,1,120,111
864691135778572973,54286,45603,54278,45602,8,1,467,457
864691135778604640,31848,25244,31841,25242,7,2,114,105
864691135778618029,82189,82149,82185,82147,4,2,1118,1116
864691135778638013,48276,42253,48268,42250,8,3,337,329
864691135778675552,20799,13852,20794,13850,5,2,105,94
864691135778773856,23757,16919,23753,16918,4,1,176,173
864691135778811325,60261,54915,60251,54912,10,3,664,658
864691135778815421,37585,30666,37577,30664,8,2,416,411
864691135778954848,39210,33390,39204,33388,6,2,315,312
864691135779020221,44723,39419,44717,39417,6,2,378,371
864691135779049056,38090,33528,38081,33525,9,3,264,258
864691135779049568,24386,20986,24380,20984,6,2,161,157
864691135779297981,128759,120148,128751,120146,8,2,1132,1125
864691135779305405,37194,36683,37189,36680,5,3,310,310
864691135779377341,54648,50861,54637,50858,11,3,596,588
864691135779629245,55241,47669,55229,47666,12,3,254,248
864691135779683261,70413,60250,70406,60247,7,3,271,259
864691135779705021,63214,58134,63208,58131,6,3,580,574
864691135779716797,46387,39659,46380,39656,7,3,465,461
864691135779780797,235119,234161,235107,234156,12,5,14730,14727
864691135782145872,83837,73255,83826,73252,11,3,446,443
864691135782156368,64420,58747,64413,58743,7,4,469,466
864691135782156880,53878,49506,53869,49503,9,3,617,609
864691135782241616,46978,39122,46968,39120,10,2,294,286
864691135782265424,71024,58373,71009,58371,15,2,503,481
864691135782278224,11210,11207,11206,11204,4,3,43,43
864691135782330192,17010,11152,17005,11150,5,2,124,115
864691135782506832,47093,39386,47085,39385,8,1,632,626
864691135782542416,53515,44073,53508,44072,7,1,574,567
864691135782544435,80561,72794,80546,72790,15,4,887,866
864691135782702387,65985,64079,65977,64075,8,4,727,723
864691135783308368,51469,43352,51462,43350,7,2,540,533
864691135783909427,98751,93667,98743,93664,8,3,2724,2715
864691135784641843,23564,18732,23558,18730,6,2,71,57
864691135784960307,69823,55888,69815,55886,8,2,329,317
864691135786943684,28511,21041,28505,21040,6,1,206,201
864691135787093956,24484,22182,24477,22179,7,3,128,126
864691135787242948,20510,19333,20504,19330,6,3,147,142
864691135787537348,60546,54882,60539,54879,7,3,489,483
864691135801133666,68342,59642,68336,59639,6,3,349,340
864691135801163874,49893,40086,49884,40085,9,1,421,412
864691135801267554,54479,45385,54470,45383,9,2,369,361
864691135801376610,25944,22825,25936,22822,8,3,161,156
864691135801393250,7635,5848,7631,5847,4,1,15,12
864691135801463650,43558,32101,43549,32100,9,1,313,310
864691135801604706,121867,113684,121859,113682,8,2,970,963
864691135802215266,31223,27689,31216,27687,7,2,216,209
864691135802341986,46138,37762,46127,37761,11,1,584,572
864691135802453858,61881,55436,61873,55434,8,2,399,392
864691135807579933,74917,69111,74911,69109,6,2,554,541
864691135808684573,52520,39827,52508,39826,12,1,507,485
864691135808925981,112360,106731,112353,106729,7,2,1080,1069
864691135809375005,25530,22629,25525,22627,5,2,163,157
864691135809384221,23080,21173,23075,21170,5,3,136,130
864691135809456669,74120,69853,74113,69849,7,4,901,896
864691135809509917,58714,54354,58706,54351,8,3,543,538
864691135809568029,66781,59870,66773,59868,8,2,573,568
864691135809608652,74272,56036,74264,56035,8,1,604,591
864691135809663773,29607,22918,29599,22915,8,3,154,144
864691135809954845,66260,58241,66252,58240,8,1,680,674
864691135810098717,75287,75286,75281,75281,6,5,1398,1398
864691135810297885,78595,70861,78592,70860,3,1,1084,1078
864691135810308125,76405,66000,76397,65997,8,3,473,466
864691135810466333,50757,40373,50750,40372,7,1,498,486
864691135810473245,43926,34900,43916,34899,10,1,445,433
864691135810492189,100588,92263,100580,92261,8,2,907,901
864691135810495005,75336,72767,75328,72763,8,4,3697,3691
864691135810531357,41862,36744,41855,36743,7,1,752,748
864691135810773452,40432,34479,40424,34477,8,2,361,353
864691135810803660,17246,12376,17241,12375,5,1,72,64
864691135810905036,68808,62856,68799,62853,9,3,689,684
864691135810982860,90811,85080,90804,85077,7,3,1154,1150
864691135811335116,50418,47164,50406,47161,12,3,381,376
864691135811658700,36573,31790,36560,31785,13,5,212,198
864691135816565839,89508,85937,89501,85935,7,2,826,821
864691135816693327,61752,56156,61746,56154,6,2,403,396
864691135817195343,55343,42821,55337,42820,6,1,378,369
864691135817419343,33554,30066,33547,30063,7,3,182,177
864691135817803599,198249,190266,198237,190262,12,4,5185,5171
864691135817949519,77643,70451,77635,70449,8,2,455,453
864691135817952079,71657,68989,71651,68986,6,3,2288,2281
864691135838738579,28946,24539,28940,24537,6,2,185,180
864691135838788755,40355,32067,40346,32066,9,1,429,419
864691135838916755,51935,47508,51926,47504,9,4,344,333
864691135839248787,46693,42476,46686,42472,7,4,407,407
864691135839499155,27814,23314,27806,23312,8,2,126,120
864691135839577235,71109,63522,71102,63520,7,2,2390,2380
864691135839843475,38025,37558,38020,37555,5,3,381,381
864691135839932307,63656,58082,63649,58080,7,2,311,306
864691135839950227,46714,36555,46705,36552,9,3,274,269
864691135839979667,122338,118315,122327,118311,11,4,7771,7763
864691135839999379,25631,20022,25625,20020,6,2,245,237
864691135840033171,86716,81084,86710,81082,6,2,354,342
864691135842486243,51893,43405,51885,43402,8,3,370,362
864691135842794979,39495,34939,39487,34936,8,3,269,262
864691135843236323,132213,121436,132203,121433,10,3,1401,1383
864691135843242211,74830,67571,74824,67570,6,1,1281,1276
864691135848030814,98332,88716,98321,88714,11,2,495,490
864691135849088094,113070,97040,113059,97039,11,1,893,876
864691135849300318,99387,95991,99381,95990,6,1,1036,1034
864691135849426270,82051,70794,82041,70792,10,2,520,509
864691135849610334,14188,6730,14182,6729,6,1,63,48
864691135849634142,53662,49986,53653,49984,9,2,406,399
864691135849640798,52592,51880,52587,51876,5,4,586,585
864691135849699166,97152,84153,97144,84150,8,3,611,595
864691135850033758,62672,54865,62664,54863,8,2,202,199
864691135851792071,21170,13343,21158,13341,12,2,55,41
864691135852138183,38728,29630,38718,29628,10,2,127,119
864691135852558279,49985,37346,49978,37344,7,2,223,215
864691135852637127,53819,48518,53812,48516,7,2,540,530
864691135853055175,63818,59121,63810,59117,8,4,313,309
864691135853088967,56668,51791,56660,51788,8,3,581,573
864691135853090503,164587,162835,164580,162831,7,4,6386,6381
864691135853091015,65167,62564,65160,62562,7,2,615,611
864691135853198023,44390,38591,44380,38587,10,4,229,218
864691135855860782,22801,15750,22792,15747,9,3,35,25
864691135855890478,129957,123177,129950,123174,7,3,1160,1156
864691135857099310,118162,103722,118150,103719,12,3,887,874
864691135857976366,33024,29793,33019,29792,5,1,759,753
864691135857993774,73639,70206,73632,70203,7,3,519,515
864691135858273326,54791,47832,54785,47830,6,2,528,521
864691135858282030,160784,158485,160776,158482,8,3,11371,11361
864691135858298670,122438,110886,122428,110885,10,1,1118,1109
864691135858363694,156789,153966,156783,153962,6,4,4155,4151
864691135860969064,93127,87897,93121,87895,6,2,1138,1129
864691135861093992,50506,50497,50500,50494,6,3,370,370
864691135861182824,58063,52467,58055,52464,8,3,347,341
864691135864188286,24626,19328,24615,19324,11,4,142,133
864691135865648254,13041,9372,13035,9370,6,2,76,62
864691135865774206,48368,41209,48362,41208,6,1,504,502
864691135866223998,22517,17694,22510,17692,7,2,135,125
864691135866279900,32129,29872,32122,29868,7,4,170,168
864691135866396798,42186,32653,42177,32652,9,1,272,266
864691135866427006,121243,118553,121234,118548,9,5,804,796
864691135866576604,44278,34496,44270,34495,8,1,436,425
864691135866751870,105946,100615,105937,100612,9,3,846,841
864691135866821340,123295,123295,123294,123294,1,1,3072,3072
864691135866910428,30268,25752,30263,25751,5,1,138,133
864691135866947804,80355,70720,80347,70718,8,2,396,386
864691135867532933,65025,57777,65018,57775,7,2,612,605
864691135867561349,14947,13213,14942,13210,5,3,71,62
864691135867644805,51907,42015,51897,42013,10,2,502,495
864691135867905302,61591,57500,61584,57497,7,3,500,492
864691135867965317,73498,68587,73491,68583,7,4,508,504
864691135867984005,26264,19092,26257,19091,7,1,272,265
864691135868060950,36523,27389,36517,27388,6,1,298,288
864691135868142870,40667,36444,40661,36441,6,3,231,224
864691135868210454,45244,34109,45235,34108,9,1,522,511
864691135868334870,24554,21650,24548,21648,6,2,198,191
864691135868386070,45015,39964,45008,39962,7,2,622,620
864691135868415766,35471,25421,35466,25420,5,1,258,251
864691135868435734,23589,22079,23584,22076,5,3,117,116
864691135868466710,71159,65012,71152,65010,7,2,800,795
864691135868684566,86346,77810,86339,77807,7,3,642,635
864691135868916246,55795,49850,55788,49848,7,2,473,467
864691135868919318,84699,77815,84691,77813,8,2,512,506
864691135868946966,13527,12838,13523,12835,4,3,42,38
864691135868957462,49155,40524,49148,40523,7,1,382,374
864691135869457430,192895,192874,192886,192867,9,7,7032,7032
864691135874782350,45297,34876,45287,34874,10,2,458,450
864691135874914702,36854,33105,36847,33101,7,4,209,205
864691135875414414,126632,122043,126624,122039,8,4,2818,2808
864691135875460494,18865,10781,18859,10780,6,1,95,92
864691135875763086,31248,26073,31228,26063,20,10,400,387
864691135875777166,53512,51951,53503,51946,9,5,2138,2124
864691135875919502,121564,118257,121557,118256,7,1,7563,7558
864691135877606483,32622,24319,32612,24318,10,1,190,179
864691135877825107,34397,28489,34389,28486,8,3,131,125
864691135877951571,44615,36034,44607,36033,8,1,408,397
864691135877954899,51014,49537,51008,49535,6,2,317,315
864691135878061395,51190,44888,51181,44885,9,3,333,323
864691135878154067,101613,89518,101604,89516,9,2,2143,2131
864691135878407251,86352,80981,86335,80971,17,10,1837,1824
864691135878468435,64229,60141,64222,60137,7,4,291,289
864691135878586963,125741,125741,125740,125740,1,1,2815,2815
864691135885140848,48443,40060,48433,40055,10,5,311,299
864691135885194352,75370,70409,75363,70405,7,4,1608,1600
864691135885298544,43829,39506,43822,39504,7,2,306,299
864691135885361520,25985,21313,25979,21311,6,2,122,114
864691135885406064,74550,69711,74542,69709,8,2,762,754
864691135885623408,60123,55297,60116,55294,7,3,477,471
864691135885635952,20158,16577,20151,16574,7,3,112,105
864691135885663600,99230,89840,99222,89838,8,2,1425,1414
864691135885911920,48189,41248,48178,41245,11,3,354,346
864691135885917808,78017,77023,78012,77019,5,4,2433,2431
864691135885921648,70564,61998,70555,61997,9,1,455,444
864691135885996912,30947,26522,30943,26521,4,1,447,443
864691135886130288,57259,47708,57249,47706,10,2,611,604
864691135886132080,99290,93522,99284,93519,6,3,812,805
864691135886208112,41866,35936,41861,35935,5,1,336,332
864691135886221168,58378,49927,58368,49924,10,3,366,360
864691135886300016,66764,60849,66757,60846,7,3,943,933
864691135886314096,47669,39838,47661,39836,8,2,524,517
864691135888577417,50195,45927,50190,45925,5,2,442,433
864691135890141321,82784,71103,82776,71101,8,2,660,642
864691135890695049,66916,62547,66908,62545,8,2,647,635
864691135890948233,73032,69121,73025,69118,7,3,881,873
864691135891467401,61724,54279,61717,54277,7,2,272,265
864691135891690121,100602,95511,100593,95508,9,3,3277,3268
864691135891796617,297881,293183,297872,293179,9,4,9238,9228
864691135892048777,102717,98707,102707,98703,10,4,502,499
864691135892176009,82497,74692,82489,74690,8,2,1478,1475
864691135892202633,64994,55684,64983,55681,11,3,246,238
864691135892214409,66761,50345,66753,50344,8,1,362,344
864691135892233097,140329,138572,140322,138568,7,4,3836,3833
864691135911276969,61659,50188,61651,50187,8,1,484,479
864691135912137641,175451,163515,175434,163507,17,8,3971,3951
864691135915343462,92639,80599,92631,80598,8,1,970,959
864691135916843366,54269,45907,54261,45905,8,2,688,682
864691135917047910,61799,54442,61790,54440,9,2,364,356
864691135917058150,68248,62467,68242,62466,6,1,751,743
864691135919645872,79056,72404,79047,72400,9,4,509,502
864691135919749808,32997,29107,32991,29105,6,2,156,147
864691135919756208,48335,40063,48325,40061,10,2,349,341
864691135919956656,63685,58917,63676,58913,9,4,311,310
864691135920381616,25387,21286,25381,21284,6,2,178,164
864691135920571056,60070,56594,60063,56592,7,2,831,827
864691135920591792,133046,131083,133039,131080,7,3,4867,4863
864691135920776624,84955,79747,84948,79744,7,3,2082,2075
864691135920800688,51999,42658,51992,42657,7,1,609,601
864691135920851376,43925,39030,43920,39028,5,2,882,876
864691135927381774,44398,37700,44390,37697,8,3,360,354
864691135927494158,42977,36611,42971,36610,6,1,278,268
864691135927533070,49605,46011,49598,46008,7,3,330,325
864691135927647956,38085,33114,38079,33112,6,2,297,289
864691135927648212,24856,15822,24848,15820,8,2,52,36
864691135928029966,116210,116192,116208,116191,2,1,3124,3124
864691135928151310,35013,24334,35006,24332,7,2,152,143
864691135928366606,45783,37433,45772,37430,11,3,344,339
864691135928376590,44974,42780,44967,42775,7,5,511,508
864691135928395278,57340,49205,57334,49204,6,1,485,479
864691135929072340,100928,92223,100924,92222,4,1,1035,1028
864691135937286404,66490,59833,66483,59830,7,3,536,524
864691135938404612,30203,29437,30200,29435,3,2,222,221
864691135938555908,56138,48177,56130,48174,8,3,261,252
864691135938629892,88759,79999,88750,79996,9,3,660,655
864691135938816260,49847,37095,49838,37094,9,1,254,240
864691135938925109,15979,14427,15974,14424,5,3,106,101
864691135938990901,14490,12081,14485,12079,5,2,38,35
864691135939008565,86901,75797,86890,75794,11,3,496,486
864691135939017525,44123,36511,44115,36509,8,2,469,464
864691135939049988,39500,33790,39491,33787,9,3,339,333
864691135939114293,11529,6055,11522,6052,7,3,41,35
864691135939209988,17921,16987,17916,16983,5,4,54,51
864691135939462453,50562,44984,50555,44982,7,2,362,357
864691135939477508,55091,48528,55083,48526,8,2,425,419
864691135939776309,192566,187379,192557,187375,9,4,8632,8624
864691135939925813,48704,44517,48696,44515,8,2,198,192
864691135939949365,93739,90693,93731,90688,8,5,1042,1036
864691135940685057,38420,27712,38410,27710,10,2,158,142
864691135940881830,46754,40738,46746,40736,8,2,1585,1573
864691135940996774,32633,23346,32626,23345,7,1,261,259
864691135941293057,31692,23255,31685,23253,7,2,169,158
864691135941300993,38021,30099,38012,30098,9,1,518,505
864691135941435393,30244,22871,30237,22870,7,1,351,349
864691135941549825,33737,28814,33731,28812,6,2,187,181
864691135941708033,57041,52465,57034,52463,7,2,586,581
864691135941789606,100157,97723,100151,97721,6,2,3761,3754
864691135941829121,106079,101442,106069,101436,10,6,2706,2694
864691135941886118,26258,21084,26255,21083,3,1,239,231
864691135941898918,214392,213425,214384,213419,8,6,7240,7238
864691135941956865,108230,100448,108221,100445,9,3,1798,1789
864691135941975974,47432,43619,47427,43617,5,2,469,468
864691135942120449,83371,72222,83364,72220,7,2,523,505
864691135942163201,60572,53408,60563,53406,9,2,521,515
864691135942611316,48933,38363,48923,38361,10,2,279,267
864691135942730612,30655,25876,30648,25873,7,3,293,284
864691135942924148,98361,90377,98353,90374,8,3,924,917
864691135943149428,7647,7647,7646,7646,1,1,39,39
864691135943389556,305992,301163,305980,301159,12,4,9898,9894
864691135943593332,55359,38651,55350,38649,9,2,159,155
864691135946676260,33658,24242,33650,24240,8,2,161,149
864691135946994785,115048,114706,115040,114700,8,6,2818,2814
864691135947139108,41838,35400,41830,35397,8,3,257,245
864691135947258916,56164,44124,56155,44121,9,3,407,399
864691135947366692,11539,7773,11534,7771,5,2,40,31
864691135947629348,62303,58664,62296,58662,7,2,589,586
864691135947876644,23670,20249,23663,20246,7,3,95,90
864691135948010081,22160,19602,22155,19600,5,2,131,127
864691135948123745,48637,42809,48626,42803,11,6,307,300
864691135948150625,26390,22448,26382,22444,8,4,103,98
864691135948215076,42978,42809,42973,42807,5,2,391,391
864691135948238177,43928,37744,43921,37741,7,3,183,173
864691135948823905,40491,38167,40486,38166,5,1,1096,1094
864691135952121379,31264,13367,31255,13366,9,1,102,78
864691135952122147,135165,124863,135155,124858,10,5,674,660
864691135953985800,42366,35196,42360,35195,6,1,366,355
864691135954393891,48208,43543,48201,43541,7,2,488,483
864691135954480163,86227,78048,86219,78046,8,2,5006,4994
864691135954582563,146074,141861,146066,141856,8,5,3209,3206
864691135954640675,97897,80736,97889,80735,8,1,575,563
864691135954680867,118568,115457,118562,115455,6,2,1556,1556
864691135954940424,30585,25539,30581,25537,4,2,236,234
864691135955060232,31918,23605,31910,23604,8,1,224,217
864691135955262472,55166,45774,55158,45773,8,1,504,492
864691135955477512,61455,56002,61449,56000,6,2,452,447
864691135955877896,56400,43681,56394,43680,6,1,165,155
864691135955909640,55084,50268,55075,50266,9,2,355,349
864691135955962888,32675,27546,32667,27543,8,3,156,151
864691135969582181,43707,39713,43700,39709,7,4,870,865
864691135970180709,61677,51469,61668,51467,9,2,222,216
864691135970206821,78121,70475,78114,70473,7,2,573,565
864691135970210661,131107,126236,131098,126233,9,3,1582,1577
864691135970226021,53892,47590,53882,47586,10,4,426,422
864691135970292837,23088,18293,23081,18291,7,2,105,98
864691135970293349,21006,17254,21001,17252,5,2,143,137
864691135970293605,16469,14327,16464,14324,5,3,97,96
864691135970497125,64731,57358,64723,57356,8,2,369,361
864691135971464805,62653,62463,62646,62458,7,5,1419,1419
864691135975539779,123483,113593,123474,113591,9,2,1325,1313
864691135975633475,87003,82618,86997,82616,6,2,462,460
864691135975824495,110277,106665,110270,106663,7,2,775,774
864691135976028015,27997,25825,27992,25823,5,2,329,322
864691135976063855,51861,45253,51853,45252,8,1,698,693
864691135976105839,96609,92746,96602,92744,7,2,1076,1074
864691135976155459,16983,13050,16976,13049,7,1,547,541
864691135976425327,44899,38795,44891,38793,8,2,343,338
864691135976979567,76529,64352,76519,64351,10,1,336,332
864691135977010031,90928,86561,90924,86560,4,1,775,770
864691135977045871,99054,94675,99049,94673,5,2,960,953
864691135977134403,56863,49808,56857,49807,6,1,422,414
864691135977309763,72597,70155,72590,70150,7,5,664,662
864691135977654851,96817,90034,96810,90033,7,1,953,944
864691135977666883,40911,28448,40900,28445,11,3,206,181
864691135977768259,142662,136653,142654,136650,8,3,3959,3948
864691135977801539,121025,114295,121020,114293,5,2,1339,1335
864691135988557315,35759,27520,35748,27517,11,3,263,253
864691135988742147,95737,88549,95729,88548,8,1,1070,1066
864691135989136899,18550,18547,18546,18544,4,3,107,107
864691135989149187,57616,49589,57611,49588,5,1,511,499
864691135989177347,32285,27586,32280,27584,5,2,126,121
864691135989817088,101647,94291,101637,94286,10,5,806,799
864691135989836288,63594,56706,63590,56704,4,2,344,338
864691135989943040,40790,33763,40782,33761,8,2,388,370
864691135989998080,18780,16096,18775,16093,5,3,72,65
864691135990004992,56793,52127,56784,52125,9,2,643,638
864691135990009600,56747,47929,56739,47928,8,1,587,577
864691135990134784,36486,31348,36478,31346,8,2,271,268
864691135990520064,113111,101285,113101,101281,10,4,3238,3225
864691135990564864,28188,21398,28180,21396,8,2,191,178
864691135990672896,147518,141900,147509,141896,9,4,4458,4449
864691135990701056,35520,32074,35516,32073,4,1,292,288
864691135990793216,68452,59419,68420,59402,32,17,2306,2287
864691135992790209,39507,37510,39504,37508,3,2,495,490
864691135993020097,54097,47734,54090,47732,7,2,259,254
864691135993150913,80640,77969,80635,77966,5,3,813,813
864691135993185985,90332,90235,90326,90230,6,5,2101,2101
864691135993274305,44862,34122,44855,34120,7,2,181,169
864691135993615041,30547,27146,30539,27144,8,2,253,247
864691135993767617,67048,58189,67040,58188,8,1,361,350
864691135993770945,44022,35354,44016,35353,6,1,342,328
864691135994077377,25658,15967,25653,15966,5,1,123,112
864691135994134977,99078,87966,99067,87963,11,3,890,878
864691135994158785,95140,85864,95130,85861,10,3,2783,2768
864691135994226881,82398,78673,82391,78670,7,3,377,375
864691135994235841,119064,113601,119054,113598,10,3,1057,1052
864691135994804394,56624,49529,56614,49526,10,3,525,509
864691135995711402,34470,34458,34466,34456,4,2,699,699
864691135996104618,142046,137140,142039,137136,7,4,3884,3876
864691135996158378,46856,38260,46849,38259,7,1,522,513
864691135996177834,52608,44712,52602,44710,6,2,421,416
864691135996891050,64149,51933,64138,51932,11,1,683,668
864691135997140906,312795,309525,312789,309522,6,3,4975,4970
864691135997332650,65918,59265,65910,59263,8,2,357,355
864691136005322698,95584,89936,95573,89933,11,3,1864,1856
864691136006393034,141717,137427,141708,137422,9,5,7093,7084
864691136006493898,51427,43925,51419,43923,8,2,471,462
864691136006519498,49904,42030,49896,42028,8,2,625,621
864691136007059658,252746,247594,252734,247589,12,5,6961,6948
864691136007128778,102690,95020,102682,95018,8,2,6143,6129
864691136009893294,89163,80872,89155,80868,8,4,989,981
864691136010027182,53600,46376,53594,46375,6,1,290,283
864691136010028974,104418,98919,104410,98916,8,3,861,855
864691136010068652,65553,63896,65548,63893,5,3,585,584
864691136010639022,73497,66060,73479,66050,18,10,881,865
864691136010650796,54921,51452,54914,51449,7,3,473,472
864691136010651052,107226,97873,107218,97870,8,3,709,695
864691136010928046,96627,89506,96620,89504,7,2,778,765
864691136011458734,174056,167708,174048,167705,8,3,5537,5527
864691136011485614,203399,201721,203388,201714,11,7,9191,9187
864691136011549614,195676,187424,195669,187422,7,2,3878,3867
864691136011600302,164175,158682,164169,158680,6,2,3026,3019
864691136011684526,77587,65058,77580,65057,7,1,363,353
864691136011686318,61653,51720,61644,51718,9,2,274,268
864691136011733934,110104,105771,110097,105768,7,3,4543,4534
864691136011768494,34166,23281,34158,23280,8,1,265,254
864691136012173475,44471,41072,44468,41071,3,1,881,876
864691136012739747,34331,27391,34323,27390,8,1,380,373
864691136013161891,40823,37385,40818,37383,5,2,201,194
864691136013367715,177565,169489,177556,169487,9,2,2432,2423
864691136013554851,69288,59358,69280,59357,8,1,660,652
864691136021592568,224089,221903,224082,221898,7,5,6806,6802
864691136021595384,71510,68218,71504,68216,6,2,2834,2821
864691136021849848,41516,36782,41510,36781,6,1,318,307
864691136021865976,62360,55736,62354,55734,6,2,540,535
864691136021997560,26857,23261,26850,23259,7,2,175,169
864691136022090744,55495,44570,55488,44568,7,2,452,440
864691136022214648,71700,68508,71694,68505,6,3,621,616
864691136022520056,34386,23027,34373,23025,13,2,113,93
864691136023889209,82637,74582,82631,74581,6,1,979,973
864691136023980601,98566,94143,98556,94139,10,4,785,777
864691136025184569,34642,26688,34633,26686,9,2,141,136
864691136025333561,91204,83398,91197,83397,7,1,1069,1061
864691136025504569,114622,109315,114615,109312,7,3,1669,1662
864691136025624889,21808,19585,21802,19582,6,3,62,60
864691136025913913,81772,81179,81769,81178,3,1,2992,2991
864691136025992761,51546,47151,51541,47150,5,1,552,548
864691136026013497,29732,25283,29729,25282,3,1,304,298
864691136026155577,57287,52306,57280,52304,7,2,487,483
864691136026198585,50256,43424,50250,43422,6,2,546,540
864691136026254649,66735,56759,66727,56758,8,1,678,667
864691136033116347,36510,30734,36504,30732,6,2,194,186
864691136033227451,69609,56758,69601,56757,8,1,440,433
864691136033332155,73686,70115,73678,70112,8,3,896,891
864691136033794747,17165,15601,17160,15597,5,4,70,66
864691136033871035,180447,180447,180446,180446,1,1,5495,5495
864691136034011579,92081,89213,92073,89208,8,5,673,669
864691136034084795,70051,56052,70040,56050,11,2,457,442
864691136034181307,39748,31574,39741,31573,7,1,290,285
864691136034199739,45980,42726,45976,42724,4,2,404,402
864691136034271675,50651,44554,50643,44550,8,4,639,632
864691136034412219,94611,91094,94607,91092,4,2,3131,3125
864691136034433723,49625,40588,49619,40587,6,1,1561,1547
864691136034464443,44275,37134,44269,37132,6,2,184,178
864691136034482107,51613,45376,51608,45375,5,1,1374,1366
864691136034487483,145826,141251,145818,141247,8,4,4730,4722
864691136034487739,72508,66000,72494,65996,14,4,1574,1559
864691136034526651,44340,44340,44338,44338,2,2,351,351
864691136040742142,175549,174635,175545,174632,4,3,5233,5229
864691136040834558,51763,45336,51756,45333,7,3,351,340
864691136041000190,90335,83603,90329,83601,6,2,636,630
864691136041321982,39502,37123,39497,37120,5,3,735,732
864691136041575422,49977,46156,49971,46153,6,3,423,417
864691136042462038,42998,39070,42991,39068,7,2,358,352
864691136042515798,44768,38638,44763,38636,5,2,279,271
864691136042688854,41836,36910,41829,36908,7,2,189,184
864691136042982742,86446,78279,86439,78277,7,2,451,442
864691136042989910,120475,108796,120467,108795,8,1,3705,3691
864691136043283030,60416,50938,60409,50937,7,1,671,668
864691136043380566,53808,44285,53802,44284,6,1,279,266
864691136043508822,54035,41030,54024,41029,11,1,327,313
864691136052101363,62486,55592,62480,55590,6,2,949,940
864691136052366067,51747,43305,51737,43302,10,3,268,263
864691136052637171,66946,63665,66941,63662,5,3,718,715
864691136052688115,71579,65581,71571,65578,8,3,635,631
864691136052738803,57650,57124,57645,57120,5,4,617,617
864691136053263859,32564,30614,32557,30610,7,4,444,442
864691136053350131,146547,146532,146545,146531,2,1,3904,3904
864691136053465587,43447,35603,43439,35601,8,2,240,233
864691136057790424,32328,28760,32321,28758,7,2,246,237
864691136058023640,23906,19804,23900,19802,6,2,134,124
864691136058602712,68856,68845,68852,68842,4,3,2314,2314
864691136058646488,59522,52933,59516,52930,6,3,300,294
864691136058745048,145648,140509,145640,140506,8,3,1842,1832
864691136058804696,31279,31279,31277,31277,2,2,304,304
864691136058895576,69159,65967,69155,65964,4,3,704,700
864691136066069400,47875,40343,47866,40341,9,2,221,214
864691136066631832,69481,62700,69472,62698,9,2,602,597
864691136067382936,43308,38265,43302,38264,6,1,476,473
864691136067404440,171629,167965,171622,167961,7,4,9105,9103
864691136084313196,46197,38701,46187,38697,10,4,311,299
864691136084684396,29400,22195,29391,22192,9,3,110,98
864691136085781356,51467,45239,51459,45237,8,2,484,478
864691136085904236,47150,40970,47142,40968,8,2,413,403
864691136086088556,55993,53420,55985,53415,8,5,554,546
864691136086206316,69927,64311,69914,64308,13,3,495,488
864691136086630764,51266,47438,51260,47434,6,4,473,467
864691136086632812,122354,118872,122347,118869,7,3,636,626
864691136089194039,84125,75502,84113,75498,12,4,518,506
864691136090632503,89111,80787,89102,80782,9,5,736,727
864691136090728503,18241,11858,18236,11857,5,1,88,76
864691136091074615,66169,61271,66161,61266,8,5,725,718
864691136091233847,75989,75989,75988,75988,1,1,3483,3483
864691136091532855,48405,36936,48396,36934,9,2,428,418
864691136091634487,52366,42314,52357,42312,9,2,292,283
864691136092725684,85724,79543,85715,79541,9,2,990,975
864691136093003700,179529,178459,179522,178455,7,4,1962,1960
864691136100014453,75072,74961,75065,74955,7,6,815,815
864691136101340021,39904,35557,39896,35554,8,3,350,341
864691136101341045,65409,55143,65400,55141,9,2,678,669
864691136101464181,69096,58408,69086,58407,10,1,719,709
864691136101516661,65397,54410,65389,54409,8,1,630,625
864691136102207349,37066,37012,37063,37010,3,2,333,333
864691136102330485,70307,63615,70299,63611,8,4,321,315
864691136106969561,50687,42451,50682,42450,5,1,228,224
864691136107283417,85322,78217,85313,78215,9,2,826,816
864691136107486169,86620,75931,86610,75930,10,1,876,868
864691136107670745,87214,80891,87202,80885,12,6,1467,1448
864691136107964377,31727,28885,31722,28882,5,3,186,178
864691136108370905,70805,70798,70802,70796,3,2,846,846
864691136108378073,47096,42880,47091,42879,5,1,390,386
864691136108410329,49065,39605,49059,39604,6,1,296,288
864691136108462553,60766,54711,60758,54708,8,3,670,662
864691136108938168,112065,96492,112056,96489,9,3,1065,1054
864691136110256824,61832,55621,61824,55618,8,3,266,259
864691136110366904,48321,42381,48313,42378,8,3,275,267
864691136110765496,84148,80596,84141,80592,7,4,2077,2069
864691136111251896,50956,36263,50948,36261,8,2,316,308
864691136111294392,65831,62361,65817,62351,14,10,598,595
864691136111294648,54123,47594,54112,47590,11,4,622,621
864691136111402424,17268,13807,17259,13804,9,3,62,59
864691136111478712,51215,39467,51207,39465,8,2,218,213
864691136111478968,28318,21034,28311,21033,7,1,184,176
864691136111556792,69641,67759,69635,67755,6,4,820,814
864691136111559352,60604,51534,60594,51531,10,3,388,381
864691136117695908,49618,42613,49611,42612,7,1,559,558
864691136117770660,93005,83083,92996,83081,9,2,837,830
864691136117811876,32494,28947,32488,28945,6,2,207,203
864691136118337956,41348,31960,41338,31957,10,3,511,504
864691136118346148,13690,6087,13683,6086,7,1,49,32
864691136118359716,83024,78214,83017,78212,7,2,754,747
864691136118370724,106097,99761,106087,99758,10,3,1120,1111
864691136118430628,54095,50819,54089,50817,6,2,1210,1207
864691136118618136,40503,27105,40495,27104,8,1,262,256
864691136118667428,62011,57289,62000,57285,11,4,773,769
864691136118686884,32272,24824,32266,24823,6,1,375,364
864691136118771108,99587,89578,99578,89577,9,1,961,955
864691136118805668,142436,133643,142431,133642,5,1,1237,1227
864691136118878116,138305,137425,138298,137421,7,4,8996,8994
864691136118882468,64554,61897,64545,61894,9,3,2830,2822
864691136118921124,50014,39561,50007,39560,7,1,384,369
864691136119885080,107988,100857,107979,100855,9,2,724,714
864691136120038424,16814,13143,16806,13141,8,2,73,68
864691136120159768,35242,29324,35234,29322,8,2,361,355
864691136120658712,100463,94157,100453,94155,10,2,1023,1015
864691136120663064,50986,40498,50977,40496,9,2,216,208
864691136123919654,158208,153162,158195,153155,13,7,4819,4812
864691136124845606,26879,18115,26869,18113,10,2,80,69
864691136125411622,82547,74992,82537,74990,10,2,1261,1251
864691136125433894,117233,107557,117224,107555,9,2,1344,1329
864691136125440038,66138,59143,66131,59142,7,1,823,814
864691136125457446,65654,62556,65648,62553,6,3,655,651
864691136125840678,52859,47897,52851,47895,8,2,277,269
864691136125956134,65667,59174,65661,59173,6,1,789,779
864691136125985318,8033,4170,8027,4169,6,1,19,9
864691136126503206,50472,47280,50467,47278,5,2,262,260
864691136134678667,29235,25292,29230,25290,5,2,160,154
864691136135963787,63717,55703,63706,55701,11,2,364,360
864691136136240011,56617,51931,56611,51930,6,1,622,617
864691136136383883,46020,41036,46012,41034,8,2,416,413
864691136136766845,24078,18315,24071,18312,7,3,63,54
864691136136778621,54775,54771,54770,54768,5,3,294,294
864691136136838027,40174,37849,40169,37848,5,1,317,310
864691136137064075,103102,94553,103097,94551,5,2,1220,1211
864691136137140093,191480,188926,191473,188922,7,4,5178,5174
864691136137168779,50278,47967,50273,47965,5,2,1238,1235
864691136137210507,61311,58859,61307,58856,4,3,984,982
864691136137237899,60813,55775,60807,55772,6,3,290,283
864691136137239691,78391,65556,78382,65555,9,1,415,408
864691136137293195,73476,54137,73466,54135,10,2,331,317
864691136137794941,72395,70246,72387,70242,8,4,443,435
864691136137834877,120687,108849,120676,108848,11,1,1721,1704
864691136138131325,85960,76957,85951,76955,9,2,685,677
864691136138335101,72474,65291,72464,65288,10,3,575,566
864691136138583677,69684,64267,69678,64264,6,3,497,490
864691136138622333,186590,183469,186582,183464,8,5,6285,6282
864691136138695549,237811,235619,237803,235612,8,7,6877,6873
864691136138756221,63550,61898,63540,61897,10,1,765,760
864691136138779517,139545,132709,139535,132706,10,3,2254,2243
864691136138803837,139375,129110,139364,129108,11,2,4436,4425
864691136138988157,22844,19384,22837,19381,7,3,107,101
864691136139027581,49795,41625,49788,41622,7,3,484,478
864691136143696692,32400,30934,32393,30932,7,2,118,118
864691136144674612,92845,87381,92838,87379,7,2,1190,1179
864691136144827444,39934,27098,39928,27097,6,1,250,241
864691136145208372,49637,47388,49631,47385,6,3,591,588
864691136145494068,197272,190157,197263,190152,9,5,7041,7030
864691136145537844,83845,79653,83840,79651,5,2,2247,2242
864691136145572404,50557,47432,50554,47431,3,1,1396,1392
864691136145574196,78715,71273,78705,71271,10,2,747,744
864691136176327430,44153,29438,44145,29436,8,2,91,78
864691136177029382,59353,54002,59349,54001,4,1,517,507
864691136177127174,35246,23494,35239,23493,7,1,190,184
864691136177129478,66132,60544,66121,60539,11,5,348,343
864691136177629702,53014,40012,53005,40010,9,2,455,446
864691136177632518,31936,31897,31930,31895,6,2,226,226
864691136177726726,71388,62881,71376,62878,12,3,440,427
864691136177731846,47843,45824,47834,45820,9,4,442,442
864691136177778950,59420,54125,59416,54123,4,2,411,409
864691136177799686,34241,25768,34232,25767,9,1,329,324
864691136194355176,22244,14613,22233,14611,11,2,76,65
864691136195284556,170116,167153,170109,167149,7,4,4295,4290
864691136195391208,56105,43669,56095,43667,10,2,320,308
864691136195400150,82577,71522,82568,71520,9,2,656,642
864691136195526120,59574,58007,59566,58002,8,5,754,752
864691136195537366,28539,22739,28532,22737,7,2,82,71
864691136195652328,61928,53531,61917,53529,11,2,316,311
864691136195796182,123481,112135,123463,112126,18,9,3323,3308
864691136195798504,38228,30544,38218,30542,10,2,173,165
864691136195824204,55125,46261,55118,46260,7,1,442,437
864691136195834070,76297,71583,76289,71581,8,2,610,599
864691136195891788,51164,48282,51156,48277,8,5,466,466
864691136195901772,48958,44274,48952,44272,6,2,262,259
864691136195906774,21949,21928,21944,21924,5,4,166,166
864691136196127208,102951,96695,102943,96692,8,3,860,852
864691136196202472,39298,33844,39291,33842,7,2,335,332
864691136196240342,59306,57601,59304,57600,2,1,634,633
864691136196265704,47700,44163,47694,44161,6,2,465,462
864691136196338764,51799,43344,51791,43342,8,2,582,572
864691136196383190,85226,80727,85218,80724,8,3,3271,3264
864691136196517452,88399,80036,88392,80035,7,1,1033,1019
864691136196932172,185096,178836,185088,178834,8,2,6061,6050
864691136196969548,92297,84027,92289,84025,8,2,532,522
864691136196979020,95400,92853,95392,92850,8,3,983,979
864691136210344892,118751,114221,118745,114217,6,4,970,966
864691136210743740,90319,82243,90312,82241,7,2,593,583
864691136210847932,66810,59940,66803,59938,7,2,752,746
864691136210885820,90391,85802,90385,85800,6,2,1046,1040
864691136210975676,105261,97643,105252,97640,9,3,1206,1198
864691136211068860,167297,167214,167289,167207,8,7,6522,6521
864691136211175612,34688,30132,34683,30130,5,2,234,230
864691136211325884,104330,92162,104324,92160,6,2,634,627
864691136211371452,63675,59197,63669,59195,6,2,616,613
864691136211385020,62099,54760,62093,54758,6,2,598,588
864691136227020113,30710,26371,30705,26369,5,2,163,157
864691136227297105,52095,52054,52089,52049,6,5,1098,1098
864691136227484753,67118,44766,67108,44765,10,1,198,185
864691136228250961,39076,34107,39068,34103,8,4,210,205
864691136228367697,63265,54097,63253,54093,12,4,384,377
864691136228491601,35663,32737,35659,32735,4,2,323,321
864691136228538961,87876,77258,87869,77256,7,2,692,686
864691136228723281,38211,29968,38205,29966,6,2,112,108
864691136229186129,101046,89394,101038,89392,8,2,819,810
864691136229363025,52187,49876,52181,49873,6,3,701,699
864691136229366097,73948,70942,73942,70939,6,3,2656,2648
864691136238090767,61283,56867,61274,56863,9,4,375,366
864691136238652476,74288,74216,74283,74212,5,4,1695,1695
864691136238679567,99064,90256,99058,90255,6,1,983,971
864691136239068732,79395,65776,79389,65775,6,1,749,735
864691136239108156,26380,15131,26372,15130,8,1,120,110
864691136239387708,51733,49147,51728,49145,5,2,356,347
864691136239460668,54244,47213,54235,47210,9,3,487,473
864691136239793212,100933,96612,100924,96608,9,4,590,576
864691136239859772,67494,60211,67487,60210,7,1,812,806
864691136239902780,49505,40495,49498,40494,7,1,473,467
864691136239980604,59230,55504,59223,55503,7,1,763,756
864691136268801012,142372,139632,142362,139629,10,3,5240,5233
864691136268801268,51144,41443,51134,41440,10,3,312,306
864691136273370302,111764,106004,111757,106000,7,4,772,765
864691136273494206,54284,45229,54276,45226,8,3,217,215
864691136274488254,44232,38926,44224,38924,8,2,458,455
864691136274546622,67978,60298,67970,60297,8,1,701,690
864691136274655166,63840,56045,63833,56043,7,2,757,748
864691136274695358,50088,47053,50081,47050,7,3,417,415
864691136274712254,51141,48635,51136,48633,5,2,433,431
864691136274786494,31926,30506,31921,30505,5,1,286,281
864691136274933950,88963,83815,88955,83811,8,4,1391,1384
864691136275031565,52268,41056,52259,41054,9,2,328,312
864691136275166398,63476,50324,63466,50322,10,2,381,375
864691136275364365,42757,34964,42752,34962,5,2,253,247
864691136275729677,20039,19100,20035,19097,4,3,76,75
864691136275771917,38174,30585,38168,30584,6,1,255,245
864691136275807757,52359,47193,52354,47190,5,3,461,452
864691136275890189,27046,22944,27037,22942,9,2,251,244
864691136275894285,69429,60843,69424,60841,5,2,537,531
864691136275919117,44592,28626,44584,28624,8,2,210,196
864691136287879619,22121,13531,22112,13529,9,2,71,59
864691136288598467,59047,49257,59037,49255,10,2,268,265
864691136288604355,43278,35362,43272,35361,6,1,303,298
864691136288644291,61903,60944,61895,60940,8,4,403,402
864691136288752835,91943,91943,91942,91942,1,1,958,958
864691136288755395,180978,180978,180977,180977,1,1,5291,5291
864691136298045979,82833,67692,82823,67690,10,2,689,670
864691136298111003,77948,72582,77941,72580,7,2,773,768
864691136298125851,45885,32404,45877,32403,8,1,285,269
864691136298624539,63220,56205,63212,56203,8,2,693,685
864691136298913563,134100,132789,134093,132785,7,4,5329,5327
864691136299026971,68711,60404,68703,60402,8,2,467,461
864691136299034139,39998,30826,39989,30825,9,1,294,280
864691136309871706,97922,84752,97909,84750,13,2,867,852
864691136310966106,17516,12721,17509,12719,7,2,69,64
864691136311059034,93517,78722,93512,78721,5,1,656,647
864691136311106650,118421,114694,118416,114691,5,3,1089,1082
864691136311179354,23075,19817,23066,19813,9,4,89,83
864691136311213914,204865,196499,204857,196496,8,3,6276,6266
864691136311267930,43522,35739,43514,35738,8,1,403,394
864691136311381338,37224,31988,37219,31987,5,1,334,328
864691136311451226,89991,84259,89983,84256,8,3,542,533
864691136311529306,47823,39175,47816,39174,7,1,510,504
864691136312057178,129224,122966,129213,122962,11,4,4441,4433
864691136312076122,148329,142105,148319,142102,10,3,6732,6725
864691136312150874,51478,44785,51472,44783,6,2,499,494
864691136312445786,215694,212322,215685,212318,9,4,7358,7353
864691136313301565,80504,69630,80495,69629,9,1,489,483
864691136313406781,76313,69541,76303,69539,10,2,997,995
864691136314078013,162379,156242,162372,156239,7,3,5833,5819
864691136314114621,40580,39669,40577,39667,3,2,534,532
864691136314120765,248797,240564,248771,240548,26,16,8506,8500
864691136314126653,60544,54545,60536,54543,8,2,935,923
864691136314178365,29417,28200,29413,28198,4,2,253,252
864691136314250813,53767,50754,53763,50752,4,2,541,537
864691136314404669,100199,89992,100192,89988,7,4,517,510
864691136314448701,59546,55782,59540,55781,6,1,703,699
864691136314457149,136220,128867,136214,128865,6,2,1297,1291
864691136314473021,61923,56983,61917,56981,6,2,490,479
864691136314485053,62571,55252,62566,55250,5,2,878,872
864691136314491965,50226,38132,50219,38131,7,1,407,400
864691136330101226,45954,42996,45946,42991,8,5,269,261
864691136330122730,54546,44467,54532,44465,14,2,370,355
864691136330407914,61109,47250,61101,47249,8,1,479,466
864691136330880234,177139,173360,177127,173355,12,5,9520,9511
864691136331214058,49850,43012,49842,43010,8,2,419,406
864691136331247338,72047,64166,72038,64165,9,1,437,431
864691136331249642,58712,47340,58700,47338,12,2,498,488
864691136334080435,37505,25701,37497,25699,8,2,133,121
864691136335213235,44480,38647,44473,38645,7,2,263,256
864691136335276211,50785,45544,50774,45542,11,2,518,505
864691136335553971,75774,58466,75766,58465,8,1,298,289
864691136335689907,67072,58878,67066,58877,6,1,777,771
864691136335899059,36245,36156,36242,36155,3,1,529,529
864691136336039091,64121,60177,64116,60176,5,1,683,681
864691136336107187,92105,83169,92095,83167,10,2,920,907
864691136336179123,47128,39378,47122,39376,6,2,202,193
864691136336192947,109763,100169,109752,100168,11,1,3352,3337
864691136336204979,46037,42393,46028,42391,9,2,278,271
864691136362774498,30224,24836,30215,24833,9,3,155,143
864691136363009250,55742,51983,55735,51981,7,2,477,474
864691136363161570,26635,20647,26630,20645,5,2,119,112
864691136363303138,44995,39797,44987,39794,8,3,524,520
864691136363473634,64996,59044,64988,59042,8,2,793,788
864691136364166370,79594,74663,79590,74662,4,1,1288,1284
864691136364183266,146946,141678,146938,141674,8,4,2558,2548
864691136364187874,209933,207647,209924,207642,9,5,15035,15027
864691136364308962,50648,39379,50640,39378,8,1,189,175
864691136364362466,75519,66796,75511,66793,8,3,535,525
864691136372012168,27925,22892,27917,22890,8,2,89,81
864691136372039560,37239,34360,37235,34358,4,2,366,363
864691136372047496,45963,34525,45953,34524,10,1,290,283
864691136372630152,66355,66355,66353,66353,2,2,672,672
864691136372759688,47159,38086,47154,38084,5,2,333,326
864691136372954248,95355,90549,95348,90545,7,4,1610,1602
864691136373008520,52371,38380,52364,38378,7,2,273,261
864691136378815445,38886,30462,38878,30461,8,1,395,391
864691136380264149,78412,69688,78405,69686,7,2,547,538
864691136380264405,25578,19736,25570,19734,8,2,172,161
864691136380266965,44647,38773,44639,38772,8,1,574,566
864691136380268245,49273,36136,49265,36134,8,2,284,278
864691136380312021,55874,43533,55865,43531,9,2,354,345
864691136380324821,71146,66983,71138,66978,8,5,464,458
864691136380400341,19925,14603,19919,14600,6,3,98,93
864691136380718037,71318,66641,71311,66639,7,2,681,674
864691136380757461,113006,107175,112992,107172,14,3,866,858
864691136380816597,89767,86329,89760,86326,7,3,1039,1034
864691136381224149,61958,51129,61949,51126,9,3,277,271
864691136381243349,60546,55428,60539,55426,7,2,553,547
864691136381294805,96310,85572,96300,85570,10,2,628,619
864691136381301461,54783,50360,54777,50357,6,3,589,586
864691136381324501,233773,233757,233770,233756,3,1,6496,6496
864691136381325781,179951,169969,179940,169968,11,1,1463,1449
864691136381346005,61104,54160,61095,54158,9,2,554,549
864691136381347029,47276,38088,47268,38086,8,2,271,262
864691136381353685,49772,43781,49760,43778,12,3,399,390
864691136389607287,43729,34215,43722,34214,7,1,492,480
864691136389679223,58575,53195,58568,53192,7,3,279,274
864691136389688695,92832,84034,92823,84031,9,3,841,832
864691136389885047,15378,8339,15370,8338,8,1,51,34
864691136389921911,48077,41590,48069,41587,8,3,264,256
864691136390099728,14003,8913,13994,8911,9,2,34,22
864691136390183696,32174,28160,32169,28158,5,2,250,245
864691136390474359,65304,60498,65301,60497,3,1,723,718
864691136390601335,7476,4914,7469,4912,7,2,22,15
864691136390675216,215265,208547,215254,208545,11,2,7115,7107
864691136390677264,76103,73076,76096,73072,7,4,1707,1702
864691136390788215,78045,70482,78037,70479,8,3,548,539
864691136390828919,82567,82421,82560,82415,7,6,5328,5328
864691136390905207,174228,170423,174223,170421,5,2,8198,8191
864691136391023120,179552,174387,179542,174385,10,2,5804,5790
864691136391024144,84230,74477,84223,74474,7,3,574,560
864691136391027728,62851,57129,62844,57127,7,2,725,718
864691136391034487,67245,64070,67238,64067,7,3,643,640
864691136391042167,94251,82596,94241,82594,10,2,762,744
864691136391623039,84875,76255,84865,76251,10,4,430,417
864691136392254847,77780,65838,77775,65837,5,1,593,581
864691136392355711,24026,20856,24021,20854,5,2,147,142
864691136392622207,89542,83213,89531,83210,11,3,1822,1813
864691136392682879,185431,183137,185421,183130,10,7,4400,4395
864691136392785279,62242,56158,62235,56155,7,3,343,340
864691136392806271,137352,131711,137340,131706,12,5,4777,4764
864691136419797655,50759,44402,50749,44399,10,3,226,217
864691136420195223,75807,67968,75800,67965,7,3,544,534
864691136420279191,39879,33714,39873,33712,6,2,237,235
864691136420303511,40880,35295,40872,35293,8,2,396,391
864691136420378007,37781,30765,37771,30761,10,4,123,110
864691136421279639,46938,42238,46932,42236,6,2,399,392
864691136421324951,100680,96867,100673,96863,7,4,954,950
864691136424439855,52907,44356,52898,44354,9,2,537,524
864691136424640047,37964,33912,37957,33909,7,3,205,198
864691136424704815,65100,57843,65093,57841,7,2,496,483
864691136424990255,77106,71423,77098,71420,8,3,740,733
864691136425073455,83141,78237,83135,78235,6,2,783,779
864691136425681967,114084,111762,114078,111758,6,4,996,995
864691136436788382,48451,48451,48448,48448,3,3,577,577
864691136437631902,42301,28793,42289,28791,12,2,137,120
864691136438216350,82045,81905,82035,81898,10,7,3673,3665
864691136438372254,48357,48357,48355,48355,2,2,646,646
864691136438410654,31324,31270,31321,31268,3,2,206,206
864691136438426526,65513,56225,65504,56222,9,3,361,348
864691136438469534,59328,47126,59322,47125,6,1,212,210
864691136438496158,51942,47342,51934,47338,8,4,471,467
864691136438529438,69772,54932,69765,54931,7,1,268,260
864691136438585502,72650,65032,72644,65031,6,1,860,853
864691136438666398,68808,60921,68801,60919,7,2,617,612
864691136438717086,78141,73668,78132,73665,9,3,607,602
864691136445062787,60648,56063,60640,56061,8,2,860,853
864691136445215875,97815,94232,97809,94229,6,3,1249,1245
864691136445249923,75188,61345,75179,61344,9,1,483,468
864691136445557123,76079,75610,76074,75607,5,3,690,689
864691136445968259,188628,182228,188617,182224,11,4,5427,5420
864691136446104451,26658,25505,26649,25502,9,3,307,304
864691136451224831,59465,47600,59455,47597,10,3,201,192
864691136452081151,37365,33083,37359,33080,6,3,125,122
864691136452447743,69067,60942,69059,60939,8,3,424,418
864691136452543231,21752,17790,21745,17788,7,2,139,126
864691136452602367,51871,32964,51860,32963,11,1,193,178
864691136452609023,73465,68387,73458,68384,7,3,422,418
864691136452920319,142234,140668,142227,140664,7,4,2443,2442
864691136453183487,72048,66745,72039,66742,9,3,2011,2001
864691136453186559,170362,163783,170354,163780,8,3,4258,4248
864691136453384959,52772,50328,52767,50326,5,2,405,403
864691136453419007,88262,79870,88254,79867,8,3,607,593
864691136453442303,69605,67188,69599,67186,6,2,709,709
864691136484364844,35596,31864,35591,31862,5,2,207,201
864691136484415020,51322,48004,51316,48001,6,3,325,316
864691136484732972,89323,85426,89316,85424,7,2,915,909
864691136484824108,54230,54229,54225,54225,5,4,1325,1325
864691136484876588,59146,54315,59140,54312,6,3,1406,1400
864691136484883756,177829,172123,177822,172122,7,1,3244,3232
864691136484948012,74329,70965,74321,70962,8,3,454,451
864691136484972332,113980,105840,113971,105837,9,3,995,987
864691136485007404,90765,86080,90759,86078,6,2,838,836
864691136487168530,96653,92082,96641,92074,12,8,2133,2125
864691136488414994,38075,32250,38067,32248,8,2,308,305
864691136488446226,65516,53692,65509,53691,7,1,595,583
864691136488591378,15834,13314,15827,13312,7,2,75,72
864691136488621842,36524,34080,36519,34078,5,2,284,283
864691136488999186,45121,35896,45115,35895,6,1,477,473
864691136489055762,65264,57896,65258,57895,6,1,807,801
864691136489080850,40311,35383,40302,35381,9,2,257,254
864691136489147922,57387,52484,57378,52482,9,2,581,577
864691136489262866,73650,68916,73643,68913,7,3,559,546
864691136489623826,154423,154421,154421,154420,2,1,4908,4908
864691136521831825,168924,162191,168915,162189,9,2,1768,1761
864691136523033233,22793,13403,22787,13402,6,1,77,70
864691136523081105,44682,36260,44676,36258,6,2,523,514
864691136523118481,65136,58690,65130,58687,6,3,721,714
864691136523216017,56767,50592,56759,50590,8,2,635,625
864691136523288465,41176,38130,41170,38128,6,2,385,383
864691136523335057,71881,69288,71875,69284,6,4,548,546
864691136523472529,56987,49417,56983,49416,4,1,462,459
864691136523628945,35805,34905,35798,34900,7,5,185,181
864691136523889553,173982,167987,173972,167984,10,3,5909,5893
864691136523971473,111477,108783,111472,108779,5,4,2770,2766
864691136524014993,206826,201715,206817,201713,9,2,5773,5763
864691136524089489,41603,32175,41593,32173,10,2,158,153
864691136524172689,51466,38655,51459,38654,7,1,260,251
864691136524282001,79160,72339,79149,72337,11,2,447,437
864691136524297617,10115,6344,10109,6343,6,1,13,6
864691136578820884,65954,58506,65945,58501,9,5,361,348
864691136578982164,61011,52208,61004,52207,7,1,623,617
864691136579127060,66849,59245,66837,59239,12,6,591,575
864691136579129876,41241,37721,41234,37719,7,2,454,453
864691136579193108,38487,32206,38481,32204,6,2,309,301
864691136579217172,11387,8457,11382,8455,5,2,33,26
864691136579358228,33763,29984,33754,29982,9,2,194,190
864691136579408916,109669,99196,109661,99195,8,1,1127,1111
864691136579434260,76911,67148,76904,67146,7,2,559,548
864691136579629844,57991,54652,57985,54650,6,2,600,598
864691136579969300,54717,40723,54709,40721,8,2,236,226
864691136580010516,152075,150066,152066,150061,9,5,8868,8863
864691136595955362,146417,142763,146408,142761,9,2,8196,8191
864691136596060322,24737,23061,24732,23058,5,3,107,103
864691136596107938,64860,54764,64853,54762,7,2,454,440
864691136596177570,38395,31195,38383,31192,12,3,127,121
864691136596815778,40903,28605,40888,28603,15,2,115,103
864691136596901026,79046,74395,79034,74393,12,2,767,763
864691136602371025,47080,40908,47074,40906,6,2,335,327
864691136603171281,64626,54589,64620,54587,6,2,784,773
864691136603221201,56170,50803,56164,50802,6,1,745,740
864691136603306193,79344,61928,79337,61927,7,1,392,377
864691136603811281,92577,88437,92569,88432,8,5,1021,1016
864691136603935441,171239,166676,171230,166673,9,3,8070,8059
864691136604001745,45295,38430,45286,38428,9,2,249,244
864691136618553563,59646,56436,59639,56433,7,3,597,591
864691136618795227,37645,24685,37635,24683,10,2,123,111
864691136619096795,88264,82309,88253,82305,11,4,750,741
864691136619199963,19038,12223,19027,12221,11,2,212,189
864691136619344859,193740,191117,193735,191115,5,2,5642,5639
864691136619529179,82466,74064,82457,74061,9,3,416,415
864691136619693275,48286,46130,48279,46127,7,3,321,320
864691136619828877,21134,19084,21129,19082,5,2,115,112
864691136619882637,48973,40837,48966,40834,7,3,424,417
864691136619939213,27939,18488,27933,18487,6,1,183,172
864691136620192653,175443,175443,175440,175440,3,3,3628,3628
864691136620636045,43855,41573,43849,41571,6,2,397,396
864691136620797837,44871,37744,44861,37742,10,2,453,446
864691136620914829,66509,65930,66504,65927,5,3,564,564
864691136663528670,67317,56516,67309,56514,8,2,460,452
864691136664127454,72443,67094,72436,67091,7,3,908,897
864691136664680926,24206,17377,24199,17375,7,2,154,145
864691136664950750,47475,39168,47467,39167,8,1,360,354
864691136665051614,72311,64668,72302,64665,9,3,336,333
864691136674327431,59845,50898,59840,50897,5,1,568,555
864691136674492295,49082,40790,49075,40788,7,2,538,527
864691136674495623,74824,67929,74809,67922,15,7,481,473
864691136674744199,45866,38506,45859,38504,7,2,455,449
864691136674749575,81209,66981,81199,66980,10,1,1231,1224
864691136675220103,19902,14660,19897,14659,5,1,134,128
864691136675339655,33679,25354,33669,25352,10,2,268,249
864691136675427975,81015,77930,81009,77927,6,3,708,703
864691136675875719,66522,60058,66513,60055,9,3,816,804
864691136724880893,28953,14868,28944,14867,9,1,98,90
864691136725093373,53345,44112,53338,44110,7,2,549,537
864691136725343485,42871,35747,42861,35744,10,3,288,280
864691136725353725,34535,32281,34528,32278,7,3,234,230
864691136742067804,67167,54924,67160,54923,7,1,677,666
864691136742244188,45475,39121,45470,39120,5,1,461,458
864691136742372956,17492,15900,17486,15896,6,4,103,97
864691136742470492,65461,60273,65452,60268,9,5,471,462
864691136742623580,47981,46727,47976,46723,5,4,407,405
864691136742708828,15800,12911,15795,12908,5,3,67,62
864691136742921308,134337,129015,134329,129011,8,4,4246,4238
864691136812081779,112893,104171,112884,104168,9,3,1010,998
864691136813553523,104813,103931,104806,103927,7,4,2221,2218
864691136813937267,62701,51633,62691,51631,10,2,587,578
864691136814025587,93086,89440,93077,89436,9,4,2507,2494
864691136814060915,17750,12538,17745,12537,5,1,398,395
864691136814180211,54592,48713,54585,48710,7,3,332,330
864691136814271603,30285,18221,30280,18220,5,1,185,176
864691136814345075,100588,95200,100577,95197,11,3,4483,4478
864691136814442867,68140,60485,68130,60482,10,3,281,277
864691136814508659,49930,47167,49924,47165,6,2,494,494
864691136814627955,62475,52933,62466,52932,9,1,597,590
864691136814655859,78403,75633,78398,75632,5,1,739,738
864691136903144370,76815,72264,76809,72261,6,3,861,856
864691136903387826,61793,59989,61786,59984,7,5,1312,1310
864691136903681458,22600,20274,22593,20269,7,5,52,50
864691136904366770,44028,44007,44024,44004,4,3,780,780
864691136904488114,80219,75347,80211,75344,8,3,683,672
864691136904594610,44686,35314,44676,35313,10,1,376,365
864691136904656818,59318,50423,59311,50421,7,2,363,355
864691136904761266,92525,82539,92516,82537,9,2,795,782
864691136904967346,24191,22124,24186,22121,5,3,181,178
864691136905203378,50456,45282,50447,45280,9,2,434,426
864691136905458866,59893,54590,59884,54588,9,2,387,375
864691136905506482,43491,36220,43481,36218,10,2,262,252
864691136905560754,98996,90233,98987,90230,9,3,806,786
864691136905758130,64240,57242,64235,57241,5,1,598,593
864691136905941426,202535,199277,202528,199272,7,5,6505,6501
864691136906067890,59915,53777,59910,53776,5,1,335,330
864691136912172017,51766,48511,51759,48509,7,2,470,467
864691136913135089,55656,49772,55648,49769,8,3,1103,1093
864691136913691121,24942,20842,24935,20840,7,2,173,166
864691136913993713,70928,66895,70922,66893,6,2,941,935
864691136914414321,110680,104050,110673,104047,7,3,1200,1191
864691136914445809,72693,69354,72687,69350,6,4,369,366
864691136914541041,55955,50184,55948,50182,7,2,497,487
864691136914542577,208055,205944,208047,205941,8,3,14588,14584
864691136924515300,41571,38473,41566,38471,5,2,234,232
864691136925008100,65884,65884,65881,65881,3,3,2103,2103
864691136925029092,51835,40486,51828,40485,7,1,576,565
864691136925094628,95808,84875,95801,84874,7,1,1061,1057
864691136925601354,69905,64080,69896,64078,9,2,592,586
864691136925825354,103905,99510,103899,99507,6,3,1930,1926
864691136926764362,17473,14043,17466,14041,7,2,77,74
864691136927119946,31272,28298,31266,28295,6,3,158,151
864691136927176778,76894,69930,76888,69928,6,2,511,501
864691136927187786,91150,86358,91142,86354,8,4,749,744
864691136927566154,61063,55968,61058,55966,5,2,725,719
864691136927688266,88137,82977,88127,82974,10,3,848,846
864691136927732810,68670,57246,68663,57244,7,2,580,562
864691136927761226,65507,61595,65499,61592,8,3,626,623
864691136927801674,48163,39668,48153,39666,10,2,639,635
864691136953197279,59778,54232,59771,54230,7,2,603,597
864691136953413599,77277,74640,77270,74636,7,4,958,958
864691136953631711,15400,15331,15395,15327,5,4,94,94
864691136953677535,111435,102051,111428,102049,7,2,976,974
864691136953873631,63244,54945,63232,54943,12,2,408,396
864691136953958879,53250,44441,53240,44439,10,2,231,228
864691136953976287,109996,106757,109989,106753,7,4,2281,2274
864691136954019039,38690,34043,38684,34041,6,2,388,387
864691136954023903,66624,62280,66613,62276,11,4,545,539
864691136954028511,34928,28267,34923,28266,5,1,412,403
864691136954050527,71628,69846,71624,69843,4,3,822,818
864691136966189518,94412,93623,94406,93619,6,4,2479,2476
864691136967478222,101776,97740,101771,97738,5,2,947,941
864691136967634382,62652,59683,62645,59680,7,3,969,967
864691136967703758,68377,59142,68368,59140,9,2,936,924
864691136967869902,29661,24843,29654,24842,7,1,116,112
864691136967985870,43681,36507,43672,36505,9,2,293,289
864691136968094158,47871,44094,47863,44091,8,3,420,412
864691136968109774,56510,50074,56505,50073,5,1,1425,1420
864691136968429774,50185,37933,50176,37931,9,2,229,224
864691136968529870,92131,86644,92123,86641,8,3,618,611
864691136968542926,80853,71023,80843,71021,10,2,447,441
864691136968585678,81408,71000,81401,70997,7,3,372,367
864691136968773070,79714,74471,79707,74468,7,3,858,852
864691136974813212,90062,84489,90055,84488,7,1,891,887
864691136974876956,94720,85828,94707,85824,13,4,668,651
864691136975088156,56070,51681,56064,51678,6,3,679,675
864691136975144988,43550,39829,43543,39827,7,2,336,330
864691136975300636,19567,10098,19559,10097,8,1,83,74
864691136975332380,97459,90555,97451,90552,8,3,1042,1039
864691136975624220,62476,53547,62469,53546,7,1,566,549
864691136975639836,22946,22943,22941,22941,5,2,139,139
864691136976001308,54041,49477,54034,49474,7,3,394,387
864691136990522517,96329,88206,96313,88204,16,2,669,658
864691136991166101,28748,23647,28740,23643,8,4,72,68
864691136991202453,97801,94490,97793,94485,8,5,1018,1012
864691136991359893,57419,48262,57413,48260,6,2,276,272
864691136991390869,97718,92316,97708,92313,10,3,658,653
864691136991606421,99455,93589,99448,93586,7,3,1189,1181
864691136991901845,64182,58458,64177,58457,5,1,550,543
864691137021162094,19569,12499,19564,12498,5,1,96,85
864691137021264750,33412,27727,33405,27725,7,2,108,104
864691137022180974,175763,174816,175757,174812,6,4,7226,7223
864691137054934902,30448,18265,30440,18264,8,1,141,128
864691137055244406,25058,20751,25052,20750,6,1,110,100
864691137055253878,30686,25148,30677,25147,9,1,165,157
864691137055290998,29909,28971,29904,28968,5,3,360,354
864691137055367798,40182,36642,40175,36638,7,4,303,298
864691137055405174,90670,90065,90665,90062,5,3,1080,1080
864691137055712630,51377,41705,51370,41704,7,1,612,603
864691137055840886,66106,52555,66100,52554,6,1,465,454
864691137056216950,99278,99272,99274,99269,4,3,6155,6155
864691137056393846,45267,38050,45257,38048,10,2,337,331
864691137198382657,51314,40112,51307,40110,7,2,325,313
864691137198691137,48615,44389,48610,44386,5,3,588,586
864691137198844737,30614,27350,30607,27348,7,2,151,149
864691137199038273,44249,34015,44239,34014,10,1,364,352
864691137199050049,58321,52521,58313,52519,8,2,487,474
864691137199765313,129818,121918,129807,121916,11,2,1205,1199
864691137199828801,53231,47845,53223,47843,8,2,371,360
864691137199860033,120507,115469,120496,115463,11,6,4331,4323
