epoch,train_loss,window_accuracy,window_balanced_accuracy,window_macro_precision,window_macro_f1,cell_accuracy,cell_balanced_accuracy,cell_macro_precision,cell_macro_f1,window_recall_AltBasket,window_recall_AltDTC,window_recall_ChC,window_recall_DTC,window_recall_ITC,window_recall_ITCperi,window_recall_L1,window_recall_L2IT,window_recall_L3IT,window_recall_L4IT,window_recall_L5ET,window_recall_L5IT,window_recall_L5NP,window_recall_L6CT,window_recall_L6IT,window_recall_MC,window_recall_NGC,window_recall_NMC,window_recall_OPC,window_recall_PV,window_recall_astrocyte,window_recall_microglia,window_recall_oligo,window_recall_thalamocortical,cell_recall_AltBasket,cell_recall_AltDTC,cell_recall_ChC,cell_recall_DTC,cell_recall_ITC,cell_recall_ITCperi,cell_recall_L1,cell_recall_L2IT,cell_recall_L3IT,cell_recall_L4IT,cell_recall_L5ET,cell_recall_L5IT,cell_recall_L5NP,cell_recall_L6CT,cell_recall_L6IT,cell_recall_MC,cell_recall_NGC,cell_recall_NMC,cell_recall_OPC,cell_recall_PV,cell_recall_astrocyte,cell_recall_microglia,cell_recall_oligo,cell_recall_thalamocortical,window_precision_AltBasket,window_precision_AltDTC,window_precision_ChC,window_precision_DTC,window_precision_ITC,window_precision_ITCperi,window_precision_L1,window_precision_L2IT,window_precision_L3IT,window_precision_L4IT,window_precision_L5ET,window_precision_L5IT,window_precision_L5NP,window_precision_L6CT,window_precision_L6IT,window_precision_MC,window_precision_NGC,window_precision_NMC,window_precision_OPC,window_precision_PV,window_precision_astrocyte,window_precision_microglia,window_precision_oligo,window_precision_thalamocortical,cell_precision_AltBasket,cell_precision_AltDTC,cell_precision_ChC,cell_precision_DTC,cell_precision_ITC,cell_precision_ITCperi,cell_precision_L1,cell_precision_L2IT,cell_precision_L3IT,cell_precision_L4IT,cell_precision_L5ET,cell_precision_L5IT,cell_precision_L5NP,cell_precision_L6CT,cell_precision_L6IT,cell_precision_MC,cell_precision_NGC,cell_precision_NMC,cell_precision_OPC,cell_precision_PV,cell_precision_astrocyte,cell_precision_microglia,cell_precision_oligo,cell_precision_thalamocortical
0,0.3495342696461651,0.49018378433582693,0.4031288832961804,0.38045538254909556,0.3577458580689328,0.7676537585421412,0.7135664658985077,0.7172259528935966,0.6723410805204392,0.23951854669112713,0.1468215994531784,0.0,0.2697865106744663,0.2248210922787194,0.2068665040083653,0.23932942507456548,0.488584583694078,0.4542823174711715,0.35838999583704056,0.5686568218752208,0.30354835389770035,0.4610026122652071,0.8098994843523513,0.04277450591554355,0.34127591627776815,0.7244127130354675,0.4483146301347047,0.0,0.9280342863945713,0.0,0.0,0.0,0.0,0.8571428571428571,0.5,0.0,0.6666666666666666,0.5714285714285714,0.5,0.3333333333333333,0.8405797101449275,0.8979591836734694,0.7889908256880734,0.75,0.6666666666666666,1.0,1.0,0.0,0.5,1.0,1.0,0.0,0.9714285714285714,0.0,0.0,0.0,0.0,0.38317823908375087,0.07714963005531211,0.0,0.12054867968366025,0.4370492403441333,0.1379350415431991,0.20627603935821293,0.6813168961303162,0.4448997762659239,0.6569681099784906,0.4447403903538825,0.25626173547455966,0.017391957275666746,0.3124807085206453,0.2840107323859684,0.5523819673878291,0.5901756229360552,0.33267415452593196,0.0,0.9127579645801824,0.0,0.0,0.0,0.0,1.0,1.0,0.0,0.25,1.0,1.0,0.25,0.9206349206349206,0.6376811594202898,0.9662921348314607,1.0,0.72,0.3333333333333333,0.5543478260869565,0.0,0.8888888888888888,1.0,0.4444444444444444,0.0,0.9444444444444444,0.0,0.0,0.0,0.0
1,0.3304376868497176,0.5115712265278284,0.4140657928280598,0.3743658399716362,0.36326893360375917,0.7744874715261959,0.6916766456541991,0.7331730303125422,0.6736727108682623,0.26146583739764645,0.19302802460697197,0.0,0.2511374431278436,0.2177024482109228,0.20303241547577552,0.17798004731050088,0.47958251586614453,0.4652037422683617,0.4542094866499604,0.5751713417649968,0.2555260780569246,0.4129866898868018,0.7832616495972246,0.09104174929469959,0.3923635974550812,0.7828189774297559,0.530594824176053,0.0,0.9260774023294113,0.0,0.0,0.0,0.0,0.5714285714285714,0.5,0.0,0.6666666666666666,0.42857142857142855,0.5,0.3333333333333333,0.8115942028985508,0.9183673469387755,0.8807339449541285,0.75,0.5555555555555556,1.0,1.0,0.0,0.5625,1.0,1.0,0.0,0.9714285714285714,0.0,0.0,0.0,0.0,0.38471920468760284,0.0555009630124602,0.0,0.13194462686175104,0.4438471875599923,0.11215943005680178,0.15070103631455195,0.6890106128038344,0.4449498327759197,0.6131044855055697,0.5157047830218562,0.33375652524588695,0.020119383086386087,0.3403020823654515,0.3201241974528997,0.4759104704097117,0.4730952314673051,0.31803773773274097,0.0,0.91559732912873,0.0,0.0,0.0,0.0,1.0,1.0,0.0,0.2857142857142857,1.0,0.5,0.14285714285714285,0.9333333333333333,0.6338028169014085,0.9320388349514563,1.0,0.9375,1.0,0.5604395604395604,0.0,0.9,1.0,0.4,0.0,0.9714285714285714,0.0,0.0,0.0,0.0
2,0.32431884958623114,0.5237098075096718,0.4225723471095051,0.38202629781441333,0.3752637144317187,0.7927107061503417,0.725951560665829,0.7575953222498882,0.7159460341283439,0.32641281489104657,0.19179767600820233,0.0,0.29493525323733816,0.26623352165725045,0.23117811084001394,0.1742260619150468,0.5176877394483851,0.47159497093836444,0.4754344578765642,0.5736027697307992,0.26807053253896557,0.3522826222166936,0.8136460486815738,0.09021110371096527,0.3819600483962567,0.776600644864118,0.48914242884803566,0.0,0.9112854421714717,0.0,0.0,0.0,0.0,0.8571428571428571,0.5,0.0,0.6666666666666666,0.6428571428571429,0.5,0.3333333333333333,0.8405797101449275,0.9183673469387755,0.8807339449541285,0.75,0.5185185185185185,1.0,1.0,0.0,0.6875,1.0,1.0,0.0,0.9714285714285714,0.0,0.0,0.0,0.0,0.3973527969933003,0.060735930735930733,0.0,0.12463553771392352,0.4413399100899101,0.11948835742917624,0.17277780610943955,0.6648780255578451,0.450106054762823,0.6129568630752554,0.537557939345782,0.32038403717370506,0.035989325200152494,0.3024704808456759,0.30142774985622484,0.5379024966965714,0.5403672959200025,0.32403729449409685,0.0,0.9320654586596246,0.0,0.0,0.0,0.0,1.0,1.0,0.0,0.3333333333333333,1.0,0.6666666666666666,0.25,0.9206349206349206,0.6521739130434783,0.9320388349514563,1.0,0.9333333333333333,1.0,0.5604395604395604,0.0,0.9166666666666666,1.0,0.5,0.0,0.9714285714285714,0.0,0.0,0.0,0.0
3,0.32038065254717296,0.5146497156530813,0.41880682725816665,0.38324333277012407,0.37168952633972874,0.8041002277904328,0.7291151913719438,0.7486104985306519,0.71993002532778,0.30607633451161126,0.19822282980177716,0.0,0.25173741312934356,0.24696798493408664,0.19336005576856047,0.17396893962768692,0.4992414434021462,0.4471218102135331,0.44156551763543905,0.5684589839609977,0.29488616222026554,0.40253762905834056,0.8299392470435409,0.0794127111224192,0.40546680164942345,0.7834638415476739,0.49832399908392494,0.0,0.9177711859362289,0.0,0.0,0.0,0.0,1.0,0.5,0.0,0.6666666666666666,0.6428571428571429,0.5,0.0,0.8260869565217391,0.8979591836734694,0.8899082568807339,0.75,0.6666666666666666,1.0,1.0,0.0,0.8125,1.0,1.0,0.0,0.9714285714285714,0.0,0.0,0.0,0.0,0.3955761168136475,0.058074335148990706,0.0,0.11521739130434783,0.4326624876278456,0.11926901370599301,0.17457041126993136,0.6756498183303593,0.46334903571284775,0.6282660642890948,0.5680656367384981,0.30584349352436074,0.027987753195758594,0.29151353110889155,0.29169873556899395,0.5252758969984539,0.5650455119261178,0.3333054824469789,0.0,0.9270092741511221,0.0,0.0,0.0,0.0,1.0,1.0,0.0,0.5,1.0,0.6666666666666666,0.0,0.9193548387096774,0.6666666666666666,0.9603960396039604,1.0,0.8571428571428571,1.0,0.5666666666666667,0.0,0.8666666666666667,1.0,0.5,0.0,0.9714285714285714,0.0,0.0,0.0,0.0
4,0.317481618250501,0.5256686557905941,0.4214535597071321,0.3808443635050614,0.3752493215434316,0.7972665148063781,0.72350296092081,0.7571124674295212,0.7156511514471916,0.24864647187793637,0.19398496240601504,0.0,0.28938553072346385,0.30167608286252356,0.21897873823631928,0.19191607528540575,0.5120508563878938,0.45616277624094737,0.4827135149254341,0.5936691867448598,0.2791627119806973,0.38014678442592365,0.7973766128840625,0.10021626718351281,0.38023984131295424,0.7484108705665592,0.48289646270117215,0.0,0.9285303279826981,0.0,0.0,0.0,0.0,0.7142857142857143,0.5,0.0,0.6666666666666666,0.7857142857142857,0.5,0.3333333333333333,0.8260869565217391,0.8775510204081632,0.9174311926605505,0.75,0.5555555555555556,1.0,1.0,0.0,0.625,1.0,1.0,0.0,0.9714285714285714,0.0,0.0,0.0,0.0,0.42570957980618224,0.06201380998164496,0.0,0.12150984590838476,0.4093162305805397,0.11363841910102197,0.14292279411764705,0.6549857926162246,0.46581261009632935,0.6191049494999725,0.48784764559019916,0.32656460059794934,0.0328549158737838,0.330301598551067,0.29256783326779395,0.515050838387442,0.6146164321379937,0.3254430397508033,0.0,0.9149376072261243,0.0,0.0,0.0,0.0,1.0,1.0,0.0,0.3333333333333333,1.0,0.6666666666666666,0.16666666666666666,0.9344262295081968,0.671875,0.9259259259259259,1.0,0.9375,1.0,0.5666666666666667,0.0,0.9090909090909091,1.0,0.5714285714285714,0.0,0.9444444444444444,0.0,0.0,0.0,0.0
5,0.3152220853656639,0.5070344836823334,0.4223625480156934,0.38905199428560067,0.37444031722188564,0.806378132118451,0.7394986931527474,0.7414490421012161,0.7272251625356368,0.3022954047160947,0.26479835953520164,0.0,0.2063896805159742,0.31883239171374766,0.2360578598814918,0.21958243340532757,0.5173779624084238,0.42068660056569174,0.4015949848582553,0.5594008337454957,0.31052956580406865,0.4068914044035328,0.8329729344390847,0.07938277794823058,0.3830135723515807,0.7430216490096729,0.4857904270158856,0.0,0.9139070219647215,0.0,0.0,0.0,0.0,0.8571428571428571,0.5,0.0,0.3333333333333333,0.7857142857142857,0.75,0.3333333333333333,0.855072463768116,0.8775510204081632,0.8807339449541285,0.75,0.6666666666666666,1.0,1.0,0.0,0.75,1.0,1.0,0.0,0.9714285714285714,0.0,0.0,0.0,0.0,0.41567710576508954,0.06372129745377986,0.0,0.11393872481369031,0.3989443174588213,0.11080207779459282,0.173450320903404,0.6510573363852322,0.4866295740339586,0.6579561487385575,0.5504860174382222,0.2930518159597257,0.021198276141408248,0.2945730788407778,0.3128649796496195,0.5640879557796742,0.6311279784029109,0.33365269118572327,0.0,0.9297162003956239,0.0,0.0,0.0,0.0,1.0,0.5,0.0,0.5,1.0,0.75,0.25,0.9365079365079365,0.6825396825396826,0.96,1.0,0.8181818181818182,1.0,0.5543478260869565,0.0,0.9230769230769231,1.0,0.5,0.0,0.9714285714285714,0.0,0.0,0.0,0.0
6,0.3133677802639978,0.5128880078722262,0.42455998230622566,0.3970936319535283,0.3809723356902227,0.7949886104783599,0.7370353576459416,0.7732170496722736,0.7306676507857017,0.3539755693767059,0.20437457279562543,0.0,0.28773561321933905,0.287834274952919,0.21148483792262113,0.1798827522369639,0.5216698306287415,0.448493301836944,0.39991959774383923,0.5810216915141666,0.3269219773811021,0.42480408010946635,0.8132658476502784,0.09503034475533371,0.36029696206490697,0.7108245048364809,0.5125439820116175,0.0,0.9219999404750094,0.0,0.0,0.0,0.0,0.8571428571428571,0.5,0.0,0.6666666666666666,0.7142857142857143,0.5,0.3333333333333333,0.8405797101449275,0.8979591836734694,0.8440366972477065,0.75,0.7037037037037037,1.0,1.0,0.0,0.6875,1.0,1.0,0.0,0.9714285714285714,0.0,0.0,0.0,0.0,0.3917985290840205,0.07024385659916366,0.0,0.14568144997974888,0.4411348745923168,0.11993476971733544,0.1620795107033639,0.6547870272210351,0.45562011067343444,0.668347980888266,0.5760560420315236,0.28783721878508106,0.021332017390435262,0.31743293420023433,0.35794013191273466,0.5663733988873075,0.6424913610058703,0.3442788017788717,0.0,0.9243153597127669,0.0,0.0,0.0,0.0,1.0,1.0,0.0,0.5,1.0,1.0,0.25,0.9206349206349206,0.6567164179104478,0.9583333333333334,1.0,0.76,1.0,0.5666666666666667,0.0,0.9166666666666666,1.0,0.4444444444444444,0.0,0.9444444444444444,0.0,0.0,0.0,0.0
7,0.3120852776797485,0.5226081646303156,0.427526452844306,0.3958953348902306,0.3841572664456504,0.8041002277904328,0.7360176437109042,0.7689822565858003,0.7208603464093677,0.34585440064432416,0.15256322624743676,0.0,0.33808309584520774,0.27148775894538607,0.23936911815963752,0.16908361616784942,0.5148732694186517,0.46077456252136884,0.45239941555314306,0.607786335052639,0.3072362176811627,0.42492847369075754,0.7905092317562912,0.11679924568401044,0.34101253528893716,0.7231229847996316,0.5154795861006434,0.0,0.9241130776404294,0.0,0.0,0.0,0.0,0.8571428571428571,0.5,0.0,0.6666666666666666,0.8571428571428571,0.5,0.3333333333333333,0.8260869565217391,0.9183673469387755,0.8899082568807339,0.75,0.7407407407407407,1.0,1.0,0.0,0.4375,1.0,1.0,0.0,0.9714285714285714,0.0,0.0,0.0,0.0,0.41437263784276407,0.07724787153042154,0.0,0.13613029211040203,0.4791915968621194,0.1366938694267516,0.20019483682415976,0.6454946193014718,0.4506611947104423,0.6342011837705007,0.4485534906034249,0.30644425434844597,0.025728703773442795,0.3556269019434566,0.31463301550184447,0.5879047592019752,0.6588467349336915,0.3319434761623854,0.0,0.922246589176452,0.0,0.0,0.0,0.0,1.0,1.0,0.0,0.2222222222222222,1.0,1.0,0.3333333333333333,0.9344262295081968,0.6716417910447762,0.9603960396039604,1.0,0.8695652173913043,1.0,0.5862068965517241,0.0,0.875,1.0,0.4444444444444444,0.0,0.9444444444444444,0.0,0.0,0.0,0.0
8,0.31090079352660316,0.5278020424760345,0.4257110256952103,0.39353015254735,0.38404416064386393,0.806378132118451,0.7245086766627643,0.7719775398296463,0.7295653991751812,0.3054275359076469,0.18619275461380724,0.0,0.29808509574521275,0.2732391713747646,0.22743116068316488,0.2191196132880798,0.5043885080661176,0.45199002268983307,0.4958656098735603,0.5853458630679008,0.2680934030120413,0.39494962059957706,0.8311511378307948,0.099265888903024,0.4379202778669432,0.7484108705665592,0.4193958068747267,0.0,0.9165261215500308,0.0,0.0,0.0,0.0,0.7142857142857143,0.5,0.0,0.6666666666666666,0.8571428571428571,0.5,0.3333333333333333,0.8260869565217391,0.8775510204081632,0.926605504587156,0.75,0.5555555555555556,1.0,1.0,0.0,0.8125,1.0,0.75,0.0,0.9714285714285714,0.0,0.0,0.0,0.0,0.4399187961202591,0.0806680881307747,0.0,0.1307771611572967,0.4327944159408185,0.13248730964467004,0.17201566347745348,0.6723477094656596,0.4649550172457205,0.6006951482999521,0.5724037863608098,0.32500415881113454,0.03417359107934731,0.30289262281595575,0.2950794145126129,0.5504277748466321,0.5964538746742043,0.3501660090044675,0.0,0.9302822042645319,0.0,0.0,0.0,0.0,1.0,1.0,0.0,0.4,1.0,0.6666666666666666,0.25,0.9344262295081968,0.7049180327868853,0.9181818181818182,1.0,1.0,1.0,0.5483870967741935,0.0,0.9285714285714286,1.0,0.6,0.0,0.9444444444444444,0.0,0.0,0.0,0.0
9,0.30973378091720827,0.5254652369306522,0.4363575654768588,0.3967531684690744,0.38704449570790206,0.7949886104783599,0.7356539134783068,0.7505603184091224,0.7200052234745855,0.3412680656852656,0.17525632262474367,0.0,0.2918854057297135,0.2855743879472693,0.2269083304287208,0.23305564126298467,0.5103325204995618,0.4849019364063034,0.4448265025426703,0.5922560587861231,0.3331313108211643,0.47978604304017913,0.7823032261641676,0.11192762158481191,0.3499427969414883,0.7512666973744818,0.5348420811559201,0.0,0.9249712295878887,0.0,0.0,0.0,0.0,0.8571428571428571,0.5,0.0,0.6666666666666666,0.7142857142857143,0.5,0.3333333333333333,0.8115942028985508,0.9183673469387755,0.8532110091743119,0.75,0.7407407407407407,1.0,1.0,0.0,0.625,1.0,1.0,0.0,0.9714285714285714,0.0,0.0,0.0,0.0,0.4269719531993506,0.059858990521548305,0.0,0.1505143475906876,0.4528730139768248,0.12762828995735923,0.17835497835497835,0.6752757185498676,0.4465458760894766,0.6423807881933087,0.506759044302573,0.2837219268002883,0.031031264582361176,0.3591781071006455,0.3696828888504412,0.5760018424689083,0.59560327198364,0.3371967867268718,0.0,0.9219779431942072,0.0,0.0,0.0,0.0,1.0,1.0,0.0,0.4,1.0,0.6666666666666666,0.2,0.9333333333333333,0.6338028169014085,0.9587628865979382,1.0,0.8333333333333334,1.0,0.5862068965517241,0.0,0.9090909090909091,1.0,0.4444444444444444,0.0,0.9444444444444444,0.0,0.0,0.0,0.0
10,0.30884891087128613,0.5249759434177466,0.4309480722416337,0.3941045949134387,0.3873716066386471,0.806378132118451,0.7608098091699167,0.7762904986702238,0.7542356787605239,0.39974942950467585,0.19097744360902255,0.0,0.304034798260087,0.27885122410546137,0.1929243638898571,0.1879049676025918,0.5090669356696347,0.4867241164951978,0.4349598804985756,0.6000565251183495,0.315772621756681,0.3842517726085334,0.8087271978391908,0.11245893542665998,0.4212696609792834,0.7800092123445417,0.42945181237117697,0.0,0.9198744022698863,0.0,0.0,0.0,0.0,1.0,0.5,0.0,0.6666666666666666,0.8571428571428571,0.5,0.3333333333333333,0.8115942028985508,0.8979591836734694,0.8532110091743119,0.75,0.7407407407407407,1.0,1.0,0.0,0.8125,1.0,1.0,0.0,0.9714285714285714,0.0,0.0,0.0,0.0,0.4079079536115423,0.08023663201424387,0.0,0.14709368423598848,0.47643103059944014,0.14569623585153987,0.18053359683794468,0.6688257024983129,0.43649673694516744,0.6434537951354403,0.4864700760700211,0.30426135581081454,0.027291843370087644,0.3319504907682254,0.3250843644544432,0.5712197136256598,0.5877820201318986,0.34794710030025977,0.0,0.9252003761808661,0.0,0.0,0.0,0.0,1.0,1.0,0.0,0.5,1.0,0.6666666666666666,0.3333333333333333,0.9333333333333333,0.6285714285714286,0.9587628865979382,1.0,0.8333333333333334,1.0,0.5795454545454546,0.0,0.9285714285714286,1.0,0.6666666666666666,0.0,0.9444444444444444,0.0,0.0,0.0,0.0
11,0.30802274370150756,0.5228802268915548,0.4275221703371525,0.39108964550200426,0.38204531741286657,0.7972665148063781,0.7293346313198663,0.7325738853026172,0.7128398975963077,0.3470401360239832,0.18332194121667805,0.0,0.271786410679466,0.28738229755178907,0.2375392122690833,0.1532963077239535,0.5059956419401045,0.48414042830945203,0.43418646793296817,0.5808238535999435,0.33213644524236985,0.4468217439980097,0.8136935738104857,0.09210437697839573,0.39606739261051715,0.7294795025333948,0.47465178738731234,0.0,0.9249315462608385,0.0,0.0,0.0,0.0,1.0,0.5,0.0,0.6666666666666666,0.7142857142857143,0.5,0.0,0.8115942028985508,0.8979591836734694,0.8623853211009175,0.75,0.7037037037037037,1.0,1.0,0.0,0.75,1.0,1.0,0.0,0.9714285714285714,0.0,0.0,0.0,0.0,0.4239641412484968,0.06487977163868595,0.0,0.11955661124307206,0.4378263613932404,0.12393162393162394,0.1751983543931825,0.673809876386509,0.444383422904237,0.6491865602421402,0.5130631249141816,0.293044912701976,0.03619873022271491,0.31975994969900334,0.28406573116691286,0.5623254455156296,0.6421620306544481,0.3525282201948353,0.0,0.9237287505851871,0.0,0.0,0.0,0.0,1.0,1.0,0.0,0.5,1.0,0.4,0.0,0.9333333333333333,0.6285714285714286,0.9591836734693877,1.0,0.8636363636363636,1.0,0.5730337078651685,0.0,0.8571428571428571,1.0,0.5,0.0,0.9714285714285714,0.0,0.0,0.0,0.0
12,0.30730088470474165,0.5230539281814228,0.4262148224259827,0.39378177799149744,0.38201819548881244,0.7995444191343963,0.7266524096601071,0.7418664127837514,0.7209638098714447,0.3232359389681865,0.21599453178400546,0.0,0.2785860706964652,0.2767608286252354,0.23631927500871383,0.19016764373135864,0.5003614065466214,0.4488973673577223,0.47152862238692667,0.5930756730021903,0.2781792816384407,0.3983082472944396,0.8350798818208461,0.09518749391982399,0.4461920870474168,0.7507600184246891,0.4185838312756345,0.0,0.914648604138971,0.0,0.0,0.0,0.0,0.8571428571428571,0.5,0.0,0.6666666666666666,0.7857142857142857,0.5,0.3333333333333333,0.8115942028985508,0.8775510204081632,0.908256880733945,0.75,0.5555555555555556,1.0,1.0,0.0,0.8125,1.0,0.75,0.0,0.9714285714285714,0.0,0.0,0.0,0.0,0.44511537632089715,0.06467722788489091,0.0,0.1182889289884301,0.46636202081746636,0.12346353455340071,0.15885562094591693,0.6810137621125689,0.4829519092106088,0.6148561088862575,0.5565516052460582,0.314936725248406,0.030178507473940172,0.2954828909273849,0.28850079383080063,0.555087956421126,0.6207014737804182,0.33935926000945243,0.0,0.9316883011889303,0.0,0.0,0.0,0.0,1.0,0.5,0.0,0.5,1.0,0.6666666666666666,0.25,0.9333333333333333,0.671875,0.9166666666666666,1.0,1.0,1.0,0.5483870967741935,0.0,0.8666666666666667,1.0,0.5,0.0,1.0,0.0,0.0,0.0,0.0
13,0.30663251726587176,0.5239073665670639,0.42523888930546927,0.38604367178754195,0.38127030758274555,0.7949886104783599,0.7183132278750263,0.7802672741932827,0.7212116363444132,0.3514698644234641,0.19412166780587833,0.0,0.27913604319784013,0.2739924670433145,0.18795747647263855,0.18322534197264218,0.4966017193949551,0.4785184782270848,0.44070639708103077,0.5819684872465202,0.32020949353337375,0.3291454160965294,0.8300580598658207,0.09856994260313849,0.4194424553692684,0.7655458314140949,0.49934417355457933,0.0,0.9242866921962737,0.0,0.0,0.0,0.0,1.0,0.5,0.0,0.6666666666666666,0.7142857142857143,0.5,0.3333333333333333,0.8260869565217391,0.8979591836734694,0.8532110091743119,0.75,0.6666666666666666,0.5,1.0,0.0,0.75,1.0,1.0,0.0,0.9714285714285714,0.0,0.0,0.0,0.0,0.4194926568758344,0.06644829199812821,0.0,0.137039764359352,0.47014153687067795,0.13423361752442592,0.16588295544485313,0.6902792958902395,0.438872556879933,0.6522955176996497,0.5033981175895368,0.2890827440251897,0.04361011306325609,0.29887089920229987,0.2656716417910448,0.5333605450720588,0.5910594260108823,0.3272836440053492,0.0,0.9217627678730436,0.0,0.0,0.0,0.0,1.0,1.0,0.0,0.5,1.0,1.0,0.25,0.9193548387096774,0.6376811594202898,0.9587628865979382,1.0,0.8571428571428571,1.0,0.5543478260869565,0.0,0.9230769230769231,1.0,0.5,0.0,0.9444444444444444,0.0,0.0,0.0,0.0
14,0.3058110182743134,0.5276664299027398,0.4268056923184342,0.3937335892454341,0.3843451060841099,0.806378132118451,0.7509642087566755,0.7667835508601765,0.739964228691114,0.351514609154772,0.18058783321941216,0.0,0.2942852857357132,0.26591337099811674,0.2020738933426281,0.16512393294250746,0.5129510631706872,0.45744490722034004,0.46411284068925546,0.5976259450293224,0.3221020251803909,0.40116929966413734,0.8122123739593977,0.11756254162582036,0.3783961743911372,0.7239520958083833,0.5106493722804022,0.0,0.9248248973193912,0.0,0.0,0.0,0.0,1.0,0.5,0.0,0.6666666666666666,0.7857142857142857,0.5,0.3333333333333333,0.8260869565217391,0.8775510204081632,0.8899082568807339,0.75,0.6666666666666666,1.0,1.0,0.0,0.75,1.0,1.0,0.0,0.9714285714285714,0.0,0.0,0.0,0.0,0.4320281566212055,0.06478983765756045,0.0,0.1258633593499412,0.449095130562005,0.13397654399445375,0.18572502747411648,0.6756609715523284,0.45460828603420983,0.6364849926537466,0.49494996781555384,0.2905228741316803,0.03819460893457767,0.32565931553139055,0.3205272070675127,0.5516571072019967,0.6676153258006966,0.3198492495077136,0.0,0.919996644527125,0.0,0.0,0.0,0.0,1.0,1.0,0.0,0.5,1.0,0.6666666666666666,0.3333333333333333,0.9193548387096774,0.671875,0.941747572815534,1.0,0.8571428571428571,1.0,0.5730337078651685,0.0,0.9230769230769231,1.0,0.4444444444444444,0.0,0.9714285714285714,0.0,0.0,0.0,0.0
15,0.3052809345337443,0.5231146189935454,0.42638482141043776,0.3913368856104689,0.38120602692484057,0.7949886104783599,0.7087505852848608,0.7595133190440166,0.7079521217322137,0.3209315853058302,0.1543403964456596,0.0,0.3216339183040848,0.2830508474576271,0.1870860927152318,0.17150056566903218,0.48973896650966003,0.4602189724302987,0.4493914732795142,0.5893026213523634,0.3343034225662958,0.4149769871874611,0.8157213126440606,0.09864477553861005,0.4138044560771048,0.7532473514509442,0.4896212862526285,0.0,0.9274117542014723,0.0,0.0,0.0,0.0,0.5714285714285714,0.5,0.0,0.6666666666666666,0.7857142857142857,0.5,0.0,0.8260869565217391,0.8979591836734694,0.8715596330275229,0.75,0.6666666666666666,1.0,1.0,0.0,0.75,1.0,1.0,0.0,0.9714285714285714,0.0,0.0,0.0,0.0,0.4610612927072285,0.06933611742307928,0.0,0.12421077021104053,0.4553993455338747,0.1368998278390614,0.1577578051087985,0.7016565573801585,0.4677905994044657,0.64344568850658,0.5182432768305414,0.2838039209975779,0.030744276919674126,0.32230644525259605,0.32355612282467294,0.4998260212552318,0.5971081169898127,0.33232530205610117,0.0,0.9185924537479456,0.0,0.0,0.0,0.0,1.0,1.0,0.0,0.3333333333333333,1.0,1.0,0.0,0.9344262295081968,0.6470588235294118,0.9595959595959596,1.0,0.8571428571428571,1.0,0.5666666666666667,0.0,0.8571428571428571,1.0,0.5714285714285714,0.0,0.9444444444444444,0.0,0.0,0.0,0.0
16,0.3047275341724723,0.535625297437299,0.43310162614254233,0.39518599318194847,0.3922959043048844,0.8177676537585421,0.7528495581901206,0.7881110423497042,0.7494726452837309,0.3018479574030158,0.19330143540669856,0.0,0.280085995700215,0.3107532956685499,0.19972115719762984,0.2035380026740718,0.5389114381862422,0.47541416715879775,0.45937033197560995,0.614569349254575,0.330998639206852,0.375544221918149,0.783594325499608,0.13919674327064827,0.43122875461945565,0.7549055734684477,0.481210051841519,0.0,0.9216378301156769,0.0,0.0,0.0,0.0,0.7142857142857143,0.5,0.0,0.6666666666666666,0.9285714285714286,0.5,0.3333333333333333,0.855072463768116,0.8979591836734694,0.8807339449541285,0.75,0.7407407407407407,1.0,1.0,0.0,0.8125,1.0,1.0,0.0,0.9714285714285714,0.0,0.0,0.0,0.0,0.47825316365956544,0.06760374832663989,0.0,0.15074132874095203,0.4459609199751358,0.12453814388176483,0.1709497689284326,0.6466865345389615,0.44700157811678065,0.639202657807309,0.4751239976402211,0.2964011612130273,0.03982849604221636,0.3610260602366989,0.3107988437567879,0.5608928380259073,0.6218554354012521,0.3510213379907358,0.0,0.925461862992683,0.0,0.0,0.0,0.0,1.0,1.0,0.0,0.5,1.0,1.0,0.2,0.921875,0.676923076923077,0.96,1.0,0.8695652173913043,1.0,0.5862068965517241,0.0,0.9285714285714286,1.0,0.5714285714285714,0.0,0.9714285714285714,0.0,0.0,0.0,0.0
17,0.30415203474639224,0.5278355270620331,0.43117372797974934,0.3906949129883103,0.38574365438246816,0.8086560364464692,0.7668440795436003,0.7859395278270213,0.7603810452412856,0.3597476397154235,0.19043062200956937,0.0,0.3247337633118344,0.30365348399246705,0.2299581735796445,0.16476396174020363,0.5110738672618622,0.5085747365803625,0.4407145597466309,0.5927223910125062,0.3248007410033277,0.3795248165194676,0.7907547782556693,0.1010843292349829,0.4018123904293933,0.7326116996775679,0.4807936540983948,0.0,0.9233714954661799,0.0,0.0,0.0,0.0,0.8571428571428571,0.5,0.0,0.6666666666666666,0.9285714285714286,0.75,0.3333333333333333,0.8115942028985508,0.9183673469387755,0.8623853211009175,0.75,0.7037037037037037,1.0,1.0,0.0,0.75,1.0,1.0,0.0,0.9714285714285714,0.0,0.0,0.0,0.0,0.44736256398842644,0.06362473737096921,0.0,0.13401423707830393,0.4236691365810079,0.1315487762324909,0.16878259495337933,0.6747154721624116,0.42711290354157283,0.6538559352822922,0.4552104360660719,0.30299167408940353,0.0350600997448921,0.3482689812036895,0.30631774683659124,0.5556832927356751,0.649422236740027,0.33279052340327414,0.0,0.9220770857791053,0.0,0.0,0.0,0.0,1.0,1.0,0.0,0.4,1.0,1.0,0.3333333333333333,0.9333333333333333,0.6338028169014085,0.9690721649484536,0.9,0.8636363636363636,1.0,0.5795454545454546,0.0,0.9230769230769231,1.0,0.6666666666666666,0.0,0.9444444444444444,0.0,0.0,0.0,0.0
18,0.3037170552758692,0.5253756656631057,0.4307635913586809,0.3911863957410943,0.38486844594142966,0.8018223234624146,0.7473571180923531,0.7664363191650511,0.7391732555963323,0.3506644592599221,0.19179767600820233,0.0,0.2678866056697165,0.2892467043314501,0.22133147438131753,0.21973670677774348,0.5185270498899894,0.49313088614676903,0.4330294100841571,0.591097293859959,0.317676588640236,0.36957333001617115,0.8127430712322474,0.10203470751547171,0.4145945990435978,0.7680792261630585,0.47725427328183884,0.0,0.9153405821544078,0.0,0.0,0.0,0.0,0.8571428571428571,0.5,0.0,0.6666666666666666,0.7857142857142857,0.5,0.3333333333333333,0.8115942028985508,0.8979591836734694,0.8623853211009175,0.75,0.7037037037037037,1.0,1.0,0.0,0.8125,1.0,1.0,0.0,0.9714285714285714,0.0,0.0,0.0,0.0,0.4225481209899175,0.0644080246063444,0.0,0.1270481113508643,0.4321487859092316,0.11567011248235348,0.1598219628964692,0.662128353021523,0.4380798542080848,0.654205319349001,0.5473209028459274,0.3017569585879158,0.02998738329548322,0.32948218173411,0.3326258782201405,0.5571815718157181,0.5936698946169182,0.3426559837364346,0.0,0.9306157236732615,0.0,0.0,0.0,0.0,1.0,1.0,0.0,0.5,1.0,0.6666666666666666,0.2,0.9333333333333333,0.6285714285714286,0.9591836734693877,1.0,0.8636363636363636,1.0,0.5730337078651685,0.0,0.9285714285714286,1.0,0.5714285714285714,0.0,0.9714285714285714,0.0,0.0,0.0,0.0
19,0.30319245228952724,0.5234687184904814,0.4295006350537994,0.39684903300494556,0.38582717055206683,0.7995444191343963,0.7318830272214368,0.767543399000997,0.726730874155849,0.3867063403284263,0.17689678742310322,0.0,0.3474326283685816,0.2567608286252354,0.19806552805855698,0.16178134320682916,0.5107720332229256,0.4941682466664595,0.4488282493531088,0.5790009185331731,0.28909421491383547,0.44333872372185595,0.7864299915246853,0.09080976719473775,0.43489962715128766,0.7441271303546753,0.46925943661385355,0.0,0.9126396357070576,0.0,0.0,0.0,0.0,1.0,0.5,0.0,0.6666666666666666,0.7142857142857143,0.5,0.0,0.8115942028985508,0.9183673469387755,0.8623853211009175,0.75,0.6666666666666666,1.0,1.0,0.0,0.8125,1.0,1.0,0.0,0.9714285714285714,0.0,0.0,0.0,0.0,0.4279100856562856,0.06744149684682336,0.0,0.14503067996827648,0.4960162986138902,0.15085949425897657,0.15093796478434007,0.6723007116321538,0.442331166731004,0.6356135721943987,0.5401133667281834,0.3020033209494571,0.023764119113979756,0.3572826853597801,0.30959001964436056,0.5480541841264572,0.6192264939246426,0.3240457192150097,0.0,0.930761214341001,0.0,0.0,0.0,0.0,1.0,1.0,0.0,0.5,1.0,1.0,0.0,0.9180327868852459,0.6338028169014085,0.9591836734693877,1.0,0.9,1.0,0.5666666666666667,0.0,0.8666666666666667,1.0,0.5,0.0,0.9714285714285714,0.0,0.0,0.0,0.0
20,0.30276765844764375,0.5304259783463553,0.43400404327172304,0.39872601784271317,0.3901457740489991,0.8132118451025057,0.7485858352387231,0.7703758732502552,0.7429028220413263,0.33742001879278716,0.16869446343130554,0.0,0.3048347582620869,0.28135593220338984,0.22786685256186825,0.207034865782166,0.543340985090987,0.4496433344730053,0.4557910031099756,0.5992086483431075,0.3211700534025546,0.4428411493966911,0.8154282410157704,0.10867238889179906,0.41607611710577214,0.7558268079226163,0.45818325664674897,0.0,0.9186839024583822,0.0,0.0,0.0,0.0,0.8571428571428571,0.5,0.0,0.6666666666666666,0.7142857142857143,0.5,0.3333333333333333,0.8405797101449275,0.8979591836734694,0.8899082568807339,0.75,0.7407407407407407,1.0,1.0,0.0,0.8125,1.0,1.0,0.0,0.9714285714285714,0.0,0.0,0.0,0.0,0.4492300360408662,0.07290128197554203,0.0,0.14494924280246296,0.43430232558139537,0.1300412750509722,0.17562380038387715,0.6389785808364029,0.47894370918481366,0.6326842782118031,0.5386012600345493,0.30483860464106627,0.031785714285714285,0.33380890464038704,0.33899017250636104,0.57346401669843,0.625057138503733,0.343805655366349,0.0,0.9290623244241111,0.0,0.0,0.0,0.0,1.0,1.0,0.0,0.5,1.0,0.6666666666666666,0.25,0.9206349206349206,0.6875,0.941747572815534,1.0,0.8695652173913043,1.0,0.5862068965517241,0.0,0.9285714285714286,1.0,0.5714285714285714,0.0,0.9444444444444444,0.0,0.0,0.0,0.0
21,0.3023431574702372,0.5326376352515676,0.42989319607856286,0.39536209093518626,0.38869987096976966,0.806378132118451,0.7390390213440831,0.783075945969307,0.7377922860138739,0.3240189717660745,0.22624743677375256,0.0,0.25193740312984353,0.29615819209039546,0.2156674799581736,0.20122390208783297,0.5108249865630899,0.46722795511764526,0.4777812242365867,0.5935420052285735,0.32957495225788747,0.370070904341336,0.7888141688250996,0.11810133876121559,0.41778809353317364,0.7500690925840626,0.47067518894047594,0.0,0.9283542332189131,0.0,0.0,0.0,0.0,0.7142857142857143,0.5,0.0,0.6666666666666666,0.7142857142857143,0.5,0.3333333333333333,0.8115942028985508,0.8979591836734694,0.8899082568807339,0.75,0.7407407407407407,1.0,1.0,0.0,0.8125,1.0,1.0,0.0,0.9714285714285714,0.0,0.0,0.0,0.0,0.46125672792127137,0.07219822885311696,0.0,0.14288144724530014,0.4417043507569587,0.12856474988312294,0.15946045071111292,0.67123120866428,0.4524886367056982,0.6188627178363462,0.46984205109848315,0.2923333620720259,0.03159213753995476,0.3584716172923941,0.34880431419351987,0.5781848004373975,0.6091347772416115,0.3617004255863812,0.0,0.917805632794378,0.0,0.0,0.0,0.0,1.0,1.0,0.0,0.5,1.0,1.0,0.16666666666666666,0.9180327868852459,0.6567164179104478,0.9603960396039604,1.0,0.8695652173913043,1.0,0.5795454545454546,0.0,0.9285714285714286,1.0,0.5714285714285714,0.0,0.9444444444444444,0.0,0.0,0.0,0.0
22,0.3019122776328123,0.528520705403031,0.4291040135068698,0.39801961509090317,0.38857869282566276,0.806378132118451,0.7346313745129996,0.7504091409607251,0.7264637411847312,0.37366325115217686,0.1848257006151743,0.0,0.304134793260337,0.2832203389830508,0.22359707215057512,0.16820940039082588,0.49866425199435516,0.44777064619401363,0.46396183137565405,0.5993075673002191,0.35756269368431887,0.3883567607911432,0.8102796853836466,0.1005904318608706,0.42484999629620485,0.7109626900046062,0.4563719264641586,0.0,0.9275432052223258,0.0,0.0,0.0,0.0,1.0,0.5,0.0,0.6666666666666666,0.7142857142857143,0.5,0.0,0.8260869565217391,0.8979591836734694,0.8807339449541285,0.75,0.7037037037037037,1.0,1.0,0.0,0.8125,1.0,1.0,0.0,0.9714285714285714,0.0,0.0,0.0,0.0,0.42992097608690055,0.07144744490831263,0.0,0.13078907761771663,0.4687237026647966,0.13381309970796829,0.1539149256540561,0.6879257508738736,0.4763556102984637,0.6303733031674208,0.537911265569113,0.2711020171061701,0.03590486705308676,0.3290646954373504,0.3071333912169264,0.5587815016887503,0.676084099868594,0.34371373914134284,0.0,0.9213936035754146,0.0,0.0,0.0,0.0,1.0,1.0,0.0,0.5,1.0,0.6666666666666666,0.0,0.9344262295081968,0.676923076923077,0.9411764705882353,1.0,0.8260869565217391,1.0,0.5795454545454546,0.0,0.8666666666666667,1.0,0.5714285714285714,0.0,0.9444444444444444,0.0,0.0,0.0,0.0
23,0.30159089134350253,0.5296939215849594,0.4261053883909077,0.39754420536623947,0.3842501107413704,0.8109339407744874,0.7250618121028987,0.7412116210660007,0.7142082148479801,0.2815785941205423,0.17935748462064252,0.0,0.29443527823608817,0.27305084745762714,0.22168002788428023,0.169957831944873,0.5042799537187806,0.46253457868398967,0.4786383041245949,0.5957464848442027,0.3234513830918593,0.3866152506530663,0.8066281713122481,0.10260343782505556,0.40996897042725333,0.7596038691847075,0.49216131248568634,0.0,0.9276052104208417,0.0,0.0,0.0,0.0,0.8571428571428571,0.5,0.0,0.6666666666666666,0.7142857142857143,0.5,0.0,0.855072463768116,0.9183673469387755,0.8899082568807339,0.75,0.7407407407407407,1.0,1.0,0.0,0.6875,1.0,1.0,0.0,0.9714285714285714,0.0,0.0,0.0,0.0,0.5032185838231178,0.06712027421087635,0.0,0.11603940886699507,0.4612081305468079,0.13639288012009437,0.1683390210360108,0.6943540125628416,0.4597729115977291,0.6160193932517577,0.5194558761921191,0.2896205357142857,0.035238494767514374,0.33139275684435576,0.3373852703068481,0.5411130786194609,0.6321781798665951,0.3294588228735488,0.0,0.9174880653913521,0.0,0.0,0.0,0.0,1.0,1.0,0.0,0.4,1.0,0.6666666666666666,0.0,0.9365079365079365,0.6923076923076923,0.9603960396039604,1.0,0.8695652173913043,1.0,0.5862068965517241,0.0,0.7857142857142857,1.0,0.5,0.0,0.9444444444444444,0.0,0.0,0.0,0.0
24,0.3011144066247712,0.5190696810049059,0.42732158167946716,0.3907682663287532,0.3826612051346063,0.8018223234624146,0.7463062151934103,0.7744549564733991,0.7347204397785432,0.3265246767193163,0.17826384142173615,0.0,0.3187340632968352,0.3066478342749529,0.21505751132798884,0.1617299187493572,0.5018997010783948,0.4817160351847823,0.4160347403047939,0.5796933512329542,0.3331084403480886,0.41348426421196666,0.8058440066852015,0.1184380869708376,0.39283274484143643,0.7401658222017503,0.4801690574837084,0.0,0.9214443738963075,0.0,0.0,0.0,0.0,0.8571428571428571,0.5,0.0,0.6666666666666666,0.9285714285714286,0.5,0.3333333333333333,0.8260869565217391,0.9183673469387755,0.8532110091743119,0.75,0.7037037037037037,1.0,1.0,0.0,0.625,1.0,1.0,0.0,0.9714285714285714,0.0,0.0,0.0,0.0,0.4412298204244513,0.06896916485957581,0.0,0.12224352828379674,0.45332553801609177,0.14939467312348667,0.14398864572841316,0.6859923136494243,0.4408391111111111,0.6650313152400835,0.49125202083707564,0.2873957290212464,0.02781589958158996,0.33513191225833655,0.26874617944712353,0.5705064607513836,0.6135313657363216,0.34245029474215627,0.0,0.9259848211058909,0.0,0.0,0.0,0.0,1.0,1.0,0.0,0.3333333333333333,1.0,1.0,0.25,0.9344262295081968,0.6428571428571429,0.96875,1.0,0.8636363636363636,1.0,0.5666666666666667,0.0,0.9090909090909091,1.0,0.5,0.0,0.9714285714285714,0.0,0.0,0.0,0.0
25,0.3008638340268988,0.5280079726799263,0.42883361515625257,0.3942567060941337,0.385738936363533,0.8018223234624146,0.7245091823016492,0.760848852539008,0.7198877277007886,0.34350530225066,0.18769651401230347,0.0,0.3088345582720864,0.2827683615819209,0.2203729522481701,0.17124344338167233,0.5165969006410002,0.4466750069934417,0.45826837211959937,0.5803716526531477,0.33274823039714574,0.3403408384127379,0.8401967540336953,0.09788147959680014,0.42720396388388193,0.7738369415016122,0.47138306510378714,0.0,0.9190807357288835,0.0,0.0,0.0,0.0,0.8571428571428571,0.5,0.0,0.6666666666666666,0.7857142857142857,0.5,0.0,0.8260869565217391,0.8775510204081632,0.8899082568807339,0.75,0.6666666666666666,1.0,1.0,0.0,0.75,1.0,1.0,0.0,0.9714285714285714,0.0,0.0,0.0,0.0,0.46518814760952554,0.06865343267163358,0.0,0.14301921741143783,0.4630686198920586,0.11978969306555513,0.15473977695167287,0.6660908631590446,0.4756028445076925,0.6379210921765412,0.5733631160128437,0.29214628146883864,0.04194453387297061,0.2917045938922271,0.2926436370144979,0.5713845374783958,0.5755198520091809,0.33612434863938,0.0,0.9277161218609099,0.0,0.0,0.0,0.0,1.0,1.0,0.0,0.5,1.0,1.0,0.0,0.9193548387096774,0.6825396825396826,0.941747572815534,1.0,0.8181818181818182,1.0,0.5604395604395604,0.0,0.8571428571428571,1.0,0.4444444444444444,0.0,0.9714285714285714,0.0,0.0,0.0,0.0
26,0.3005636401974198,0.5286224148330019,0.431400777516889,0.3967244403038925,0.3882815162283675,0.8132118451025057,0.7520784829687758,0.7756008269684018,0.7479800099451972,0.35800259519441585,0.1699248120300752,0.0,0.29638518074096293,0.29329566854990585,0.23414081561519692,0.18996194590147075,0.5152518858008266,0.446647810275697,0.46515562121966547,0.6060623189429802,0.31749362485563015,0.364597586764523,0.8378046558784624,0.10894927075304384,0.42652905010000247,0.7402118839244588,0.48320876100851534,0.0,0.9115905077481696,0.0,0.0,0.0,0.0,0.8571428571428571,0.5,0.0,0.6666666666666666,0.8571428571428571,0.5,0.3333333333333333,0.855072463768116,0.8775510204081632,0.8899082568807339,0.75,0.6666666666666666,1.0,1.0,0.0,0.8125,1.0,1.0,0.0,0.9714285714285714,0.0,0.0,0.0,0.0,0.4436496714630292,0.07265182067917471,0.0,0.13458351306558902,0.4460163812360387,0.11724408761672048,0.16111304954640615,0.6727719007121621,0.4769669284674077,0.6326197004851297,0.5588158649085319,0.3084259053543657,0.03847971642378889,0.2920047373608262,0.34504905910793005,0.5359436567279948,0.6284462868092762,0.34044269725551174,0.0,0.9358149482501814,0.0,0.0,0.0,0.0,1.0,1.0,0.0,0.5,1.0,0.6666666666666666,0.3333333333333333,0.9365079365079365,0.6935483870967742,0.941747572815534,1.0,0.8571428571428571,1.0,0.5604395604395604,0.0,0.9285714285714286,1.0,0.5714285714285714,0.0,0.9714285714285714,0.0,0.0,0.0,0.0
27,0.30022984664438984,0.5324463545540502,0.43071743271239016,0.39821649977725576,0.3906231695842051,0.8086560364464692,0.7516019638587164,0.7869729042246436,0.7482018122722227,0.40066669649648756,0.19808612440191387,0.0,0.3350832458377081,0.26080979284369116,0.18970024398745208,0.18142548596112312,0.5092999303663577,0.46723961085382154,0.47247141026373574,0.6023316611319155,0.3031538382371439,0.34556536882696853,0.8183035113149411,0.1177421406709521,0.45091648353457287,0.7151543067710733,0.46132705960733694,0.0,0.9236368777158277,0.0,0.0,0.0,0.0,1.0,0.5,0.0,0.6666666666666666,0.7142857142857143,0.5,0.3333333333333333,0.8260869565217391,0.8979591836734694,0.8899082568807339,0.75,0.6666666666666666,1.0,1.0,0.0,0.8125,1.0,1.0,0.0,0.9714285714285714,0.0,0.0,0.0,0.0,0.44547534948510026,0.05792292932523185,0.0,0.1495481423630481,0.483335078351307,0.14393388429752066,0.172265625,0.6765760030389257,0.4543205026010283,0.6310779907162346,0.48050322973384285,0.31879483155660576,0.03531700123317103,0.3189495750323395,0.2954519848274308,0.5528700601461268,0.6755721869289009,0.35226784947775075,0.0,0.9237147718760387,0.0,0.0,0.0,0.0,1.0,1.0,0.0,0.5,1.0,1.0,0.25,0.9193548387096774,0.676923076923077,0.9509803921568627,1.0,0.8571428571428571,1.0,0.5666666666666667,0.0,0.9285714285714286,1.0,0.5714285714285714,0.0,0.9444444444444444,0.0,0.0,0.0,0.0
28,0.30003478377741793,0.5324836061559737,0.4270972926660704,0.3992165138333742,0.3876135446311669,0.8041002277904328,0.7288322335488682,0.782639969781506,0.7315218492742408,0.27526958700613,0.1621326042378674,0.0,0.3111344432778361,0.30109227871939737,0.22228999651446496,0.1824025506530906,0.5140127776409816,0.4433570074285892,0.4950126113183521,0.6000565251183495,0.3082082127868815,0.3818882945640005,0.8152381405001228,0.12027149388989082,0.40000987678708116,0.7470290188853063,0.4829381024754846,0.0,0.9254077461854402,0.0,0.0,0.0,0.0,0.5714285714285714,0.5,0.0,0.6666666666666666,0.8571428571428571,0.5,0.3333333333333333,0.8405797101449275,0.8775510204081632,0.908256880733945,0.75,0.5925925925925926,1.0,1.0,0.0,0.75,1.0,1.0,0.0,0.9714285714285714,0.0,0.0,0.0,0.0,0.5023681202025151,0.08032509312563495,0.0,0.1350096543943766,0.44882376059738366,0.1339951675596176,0.17661703928695913,0.675775022451807,0.48260534907719116,0.6087665759860265,0.4885915152630913,0.30560468966142823,0.031039572927830467,0.33157969342981036,0.32072158365261816,0.5715965892384592,0.6322560523956181,0.3390930620121042,0.0,0.9211287077382643,0.0,0.0,0.0,0.0,1.0,1.0,0.0,0.4,1.0,1.0,0.2,0.9206349206349206,0.7049180327868853,0.9252336448598131,1.0,0.8421052631578947,1.0,0.5604395604395604,0.0,0.9230769230769231,1.0,0.6666666666666666,0.0,0.9444444444444444,0.0,0.0,0.0,0.0
29,0.29950931826065724,0.5359622360839107,0.42960268056449746,0.396447759458311,0.3912507027543305,0.8018223234624146,0.7154566885183065,0.7571449701351662,0.7155462972988686,0.3829701552642176,0.18414217361585783,0.0,0.2755362231888406,0.2711864406779661,0.22281282676890904,0.17669443587370154,0.5209867325406218,0.4734093805364747,0.4840848427462472,0.618808733130785,0.29936305732484075,0.3703196915039184,0.8078162995350459,0.13275362752654699,0.42913816802060956,0.7409028097650853,0.4162520039141388,0.0,0.9256706482271474,0.0,0.0,0.0,0.0,1.0,0.5,0.0,0.6666666666666666,0.7857142857142857,0.5,0.0,0.8405797101449275,0.9183673469387755,0.8899082568807339,0.75,0.5555555555555556,1.0,1.0,0.0,0.75,1.0,0.75,0.0,0.9714285714285714,0.0,0.0,0.0,0.0,0.43197819668407905,0.08641262509622787,0.0,0.13557529090506532,0.477754553598089,0.13569305879855656,0.157715964380795,0.6629359980324709,0.45849231255503126,0.6183246100592209,0.4755389042732258,0.31381034007408026,0.03487622863435607,0.34211091282354045,0.3085539360628935,0.5671474568159074,0.64448273098806,0.3612235311122353,0.0,0.9234330193557645,0.0,0.0,0.0,0.0,1.0,1.0,0.0,0.4,1.0,1.0,0.0,0.9206349206349206,0.6818181818181818,0.9326923076923077,1.0,0.8823529411764706,1.0,0.5666666666666667,0.0,0.8,1.0,0.5,0.0,0.9444444444444444,0.0,0.0,0.0,0.0
30,0.2992735361696996,0.5321604799010865,0.42687812972510536,0.40214441109525917,0.3893421232753446,0.8041002277904328,0.7336040921733917,0.787855963477854,0.7377818425885541,0.2850686831625576,0.15570745044429254,0.0,0.31668416579171044,0.2842184557438795,0.2192401533635413,0.19330453563714903,0.5108964735723117,0.47683616697230596,0.47116130243492316,0.5850773687557408,0.3323308442635136,0.38910312227889043,0.8126401001196049,0.11095479342368163,0.4015078561610575,0.7292491939198527,0.47827444775249317,0.0,0.9315512212543899,0.0,0.0,0.0,0.0,0.5714285714285714,0.5,0.0,0.6666666666666666,0.7857142857142857,0.5,0.3333333333333333,0.8405797101449275,0.8979591836734694,0.8715596330275229,0.75,0.7037037037037037,1.0,1.0,0.0,0.8125,1.0,1.0,0.0,0.9714285714285714,0.0,0.0,0.0,0.0,0.5035766509900012,0.07150929181315922,0.0,0.14466141372616192,0.4720675633406318,0.14070801409317152,0.18218388019192555,0.6770727702083911,0.446441887620177,0.6233473813232828,0.5083990274810285,0.290428317310575,0.03995554817530369,0.328823804670423,0.2980241603183856,0.5885290995077695,0.6504786556555323,0.3564921864088518,0.0,0.9158997468798923,0.0,0.0,0.0,0.0,1.0,1.0,0.0,0.5,1.0,1.0,0.2,0.9206349206349206,0.6567164179104478,0.9595959595959596,1.0,0.8636363636363636,1.0,0.5666666666666667,0.0,0.9285714285714286,1.0,0.6666666666666666,0.0,0.918918918918919,0.0,0.0,0.0,0.0
31,0.29890390265717814,0.5231585675126686,0.4327723675038975,0.39687459639855166,0.3876589860308548,0.806378132118451,0.746168175777848,0.7554048895660332,0.7305982124793824,0.41811714170656405,0.20287081339712917,0.0,0.2975351232438378,0.2810734463276836,0.2305681422098292,0.14815386197675615,0.5140180729749981,0.45707192366269855,0.4235831653184664,0.6009467957323535,0.35135907786252557,0.3915909939047145,0.8356105790936957,0.10271568722826291,0.3975489106726915,0.7057116536158452,0.5156253253107368,0.0,0.9158019008313657,0.0,0.0,0.0,0.0,1.0,0.5,0.0,0.6666666666666666,0.7857142857142857,0.75,0.0,0.8260869565217391,0.9183673469387755,0.8715596330275229,0.75,0.7037037037037037,1.0,1.0,0.0,0.6875,1.0,1.0,0.0,0.9714285714285714,0.0,0.0,0.0,0.0,0.4112986641431369,0.07407407407407407,0.0,0.1396030777892465,0.4532478969904947,0.1518420750602548,0.16554617020054013,0.6679948112899174,0.45976207411344466,0.6642229489731266,0.5185844592946686,0.2757908814698794,0.038385562736251676,0.30473766764976906,0.31374431415575216,0.5717989392934937,0.665609522982014,0.33564177971729436,0.0,0.9318578152405709,0.0,0.0,0.0,0.0,1.0,1.0,0.0,0.4,1.0,1.0,0.0,0.9193548387096774,0.6818181818181818,0.9693877551020408,1.0,0.7916666666666666,1.0,0.5730337078651685,0.0,0.8461538461538461,1.0,0.4444444444444444,0.0,0.9714285714285714,0.0,0.0,0.0,0.0
32,0.2987477695115333,0.5334446137741355,0.43398010720298963,0.39674239432170766,0.39013016398234607,0.8132118451025057,0.7533787548220153,0.7654785290579375,0.7413880341281636,0.32818023177770816,0.17539302802460696,0.0,0.3430828458577071,0.2734463276836158,0.21436040432206344,0.17561452226679009,0.5084367909216794,0.4624646442669319,0.4738774294133492,0.6062318942980287,0.3352754176720145,0.3825102624704565,0.8052974677027145,0.1340781704843936,0.4347020914096644,0.777798249654537,0.4580166975494993,0.0,0.9228754538780531,0.0,0.0,0.0,0.0,1.0,0.5,0.0,0.6666666666666666,0.7142857142857143,0.5,0.3333333333333333,0.8260869565217391,0.9183673469387755,0.8899082568807339,0.75,0.7407407407407407,1.0,1.0,0.0,0.75,1.0,1.0,0.0,0.9714285714285714,0.0,0.0,0.0,0.0,0.4846052196894615,0.06242093996302423,0.0,0.1331522266420879,0.48189572201387276,0.13488321087838578,0.15698984048177264,0.6908669655127753,0.4633251072376667,0.6228044531817828,0.5028129395218003,0.2877168707803423,0.041626055880441847,0.3366345157327665,0.29938508839354344,0.5845729844600877,0.5817142069725783,0.3500684255752522,0.0,0.9258883248730965,0.0,0.0,0.0,0.0,1.0,1.0,0.0,0.4,1.0,0.6666666666666666,0.25,0.9344262295081968,0.6818181818181818,0.9509803921568627,1.0,0.8695652173913043,1.0,0.5862068965517241,0.0,0.9230769230769231,1.0,0.5714285714285714,0.0,0.9444444444444444,0.0,0.0,0.0,0.0
33,0.29851466373310154,0.5305511269865254,0.43495310229654455,0.40218673177057895,0.39305664110104627,0.8132118451025057,0.7597666981347834,0.7897391657064277,0.7554071176101358,0.37516219965099107,0.2051948051948052,0.0,0.2929353532323384,0.28344632768361583,0.22481700941094457,0.191401830710686,0.5191307179678626,0.4661789388617785,0.4461060003754826,0.593796368261146,0.3655616416425574,0.380395571588506,0.8126955461033355,0.12286819675075394,0.3947011037309563,0.7536619069553201,0.47821198809102455,0.0,0.922890335125697,0.0,0.0,0.0,0.0,1.0,0.5,0.0,0.6666666666666666,0.7857142857142857,0.5,0.3333333333333333,0.855072463768116,0.8979591836734694,0.8623853211009175,0.75,0.7407407407407407,1.0,1.0,0.0,0.8125,1.0,1.0,0.0,0.9714285714285714,0.0,0.0,0.0,0.0,0.4476030322442878,0.06828624721350257,0.0,0.13601541461602748,0.46535571839347,0.13890384408312695,0.18052187409060044,0.6739826890421224,0.46694271159661116,0.6523547772943487,0.5448298217179903,0.2690150504697749,0.03546411838381964,0.3367455782491541,0.32325956843597414,0.5966555932962562,0.6340385956754243,0.3463359469240048,0.0,0.9230505901439267,0.0,0.0,0.0,0.0,1.0,1.0,0.0,0.5,1.0,1.0,0.3333333333333333,0.921875,0.676923076923077,0.9591836734693877,1.0,0.8,1.0,0.5795454545454546,0.0,0.9285714285714286,1.0,0.5714285714285714,0.0,0.9444444444444444,0.0,0.0,0.0,0.0
34,0.29835858129085546,0.5300877840277688,0.43525024560870595,0.3964099746021764,0.38989975324754717,0.8086560364464692,0.750816706670554,0.7783961648347035,0.7387542910180457,0.3833057407490268,0.19644565960355434,0.0,0.2817859107044648,0.2889642184557439,0.2371906587661206,0.1884706366347835,0.5107958622259996,0.47431075746744167,0.45668073366038414,0.598572740761676,0.35846607737081043,0.3861176763279015,0.8047430078654089,0.11766730773548054,0.35350667094660776,0.7586826347305389,0.5160417230538611,0.0,0.9227564038969027,0.0,0.0,0.0,0.0,1.0,0.5,0.0,0.6666666666666666,0.7857142857142857,0.5,0.3333333333333333,0.8260869565217391,0.8979591836734694,0.8807339449541285,0.75,0.7777777777777778,1.0,1.0,0.0,0.625,1.0,1.0,0.0,0.9714285714285714,0.0,0.0,0.0,0.0,0.4458583808259817,0.07097698310777438,0.0,0.12388446828153163,0.4649274308396206,0.13546332238479147,0.17161453455703315,0.6835811270480185,0.4507275217739643,0.645041347326187,0.5012721742937953,0.27928369378800366,0.03729514105829769,0.345861999707237,0.3132333313412618,0.577758646201859,0.6183968462549277,0.342385898994364,0.0,0.9278166950545271,0.0,0.0,0.0,0.0,1.0,1.0,0.0,0.4,1.0,1.0,0.3333333333333333,0.9193548387096774,0.6567164179104478,0.96,1.0,0.875,1.0,0.5862068965517241,0.0,0.9090909090909091,1.0,0.4,0.0,0.9714285714285714,0.0,0.0,0.0,0.0
35,0.2980307067111421,0.5302702750214615,0.43344421021102014,0.40180877172886204,0.39168779095000983,0.8041002277904328,0.7535792935068614,0.766525518563562,0.7431090401282864,0.3853192536578818,0.20095693779904306,0.0,0.29643517824108795,0.2771186440677966,0.2299581735796445,0.208988995166101,0.5029375865456154,0.5073547695272433,0.44876294802830813,0.5990249417084716,0.3259042413292319,0.3831322303769126,0.821812449999604,0.10102446288660566,0.42326971036321887,0.7359281437125749,0.42984739022714497,0.0,0.9242197265818767,0.0,0.0,0.0,0.0,1.0,0.5,0.0,0.6666666666666666,0.7857142857142857,0.5,0.3333333333333333,0.8115942028985508,0.9387755102040817,0.8532110091743119,0.75,0.7037037037037037,1.0,1.0,0.0,0.75,1.0,1.0,0.0,0.9714285714285714,0.0,0.0,0.0,0.0,0.43762069315987395,0.0699933339681935,0.0,0.14194397893224803,0.47186147186147187,0.12349087505849321,0.149417257987426,0.6814504701328425,0.4376788958231386,0.6432392747141532,0.567659859390693,0.2963486724099386,0.037731688493060064,0.3172205253325751,0.31128942999446596,0.5928547548505355,0.6524420124142437,0.375709710292619,0.0,0.9246049863035452,0.0,0.0,0.0,0.0,1.0,1.0,0.0,0.4,1.0,0.6666666666666666,0.25,0.9333333333333333,0.6388888888888888,0.96875,1.0,0.8260869565217391,1.0,0.5795454545454546,0.0,0.9230769230769231,1.0,0.6666666666666666,0.0,0.9444444444444444,0.0,0.0,0.0,0.0
36,0.29772674145289524,0.5255464370516989,0.4361442970522893,0.39386259681367597,0.3886890817073909,0.8086560364464692,0.7587196665662675,0.7890233113118685,0.7542056298006959,0.3899727057139022,0.19125085440874914,0.0,0.29573521323933805,0.3116760828625235,0.21880446148483793,0.2119201892420035,0.49062328729040405,0.45593354676281356,0.44966084124431677,0.5991379919451706,0.3353668995643175,0.3769125513123523,0.8276897242750437,0.11291541633303649,0.41529420479518014,0.7826347305389222,0.4642418438092066,0.0,0.9208268021190896,0.0,0.0,0.0,0.0,1.0,0.5,0.0,0.6666666666666666,0.9285714285714286,0.5,0.3333333333333333,0.8115942028985508,0.8979591836734694,0.8807339449541285,0.75,0.6666666666666666,1.0,1.0,0.0,0.75,1.0,1.0,0.0,0.9714285714285714,0.0,0.0,0.0,0.0,0.4381960330827824,0.06475053225955753,0.0,0.12514545646884587,0.42369626993676557,0.13915211970074812,0.17531694035565387,0.6980986358550487,0.46620370738218775,0.6429653145963485,0.5335027871802293,0.29048201542172014,0.0307137137238604,0.3143869762348177,0.32485790561488115,0.5648888291798213,0.5679949187671325,0.3616048261546445,0.0,0.927569760731123,0.0,0.0,0.0,0.0,1.0,1.0,0.0,0.4,1.0,1.0,0.3333333333333333,0.9333333333333333,0.6567164179104478,0.96,1.0,0.8181818181818182,1.0,0.5666666666666667,0.0,0.9230769230769231,1.0,0.6666666666666666,0.0,0.9444444444444444,0.0,0.0,0.0,0.0
37,0.2976596389037077,0.53220024284696,0.4344728515182405,0.4026336330950745,0.39413509345315834,0.8109339407744874,0.7531986175669576,0.7848841391694115,0.7478739508241663,0.3941563380911898,0.18072453861927545,0.0,0.2846857657117144,0.28947269303201506,0.21401185081910074,0.20826905276149338,0.5307751574699953,0.48177819911105585,0.4567399129859847,0.6114322051861796,0.30476048897071434,0.39084463241696726,0.807903428938051,0.10909145333043979,0.39935142431500364,0.7360202671579917,0.4978243217921759,0.0,0.9226695966189805,0.0,0.0,0.0,0.0,1.0,0.5,0.0,0.6666666666666666,0.7857142857142857,0.5,0.3333333333333333,0.855072463768116,0.8979591836734694,0.8807339449541285,0.75,0.6666666666666666,1.0,1.0,0.0,0.75,1.0,1.0,0.0,0.9714285714285714,0.0,0.0,0.0,0.0,0.45233510488074147,0.07556876643420601,0.0,0.14175110159575793,0.4695729211217694,0.13619475406199744,0.19847103793002058,0.6563973438809724,0.4471005635539595,0.641658997801114,0.5194923699408085,0.30144950486090294,0.02888425155590693,0.34144341078524254,0.31882599947511153,0.5894573153693827,0.6494736414258424,0.3539067240945488,0.0,0.9254215869430562,0.0,0.0,0.0,0.0,1.0,1.0,0.0,0.4,1.0,1.0,0.3333333333333333,0.921875,0.6984126984126984,0.9504950495049505,1.0,0.8181818181818182,1.0,0.5666666666666667,0.0,0.9230769230769231,1.0,0.5714285714285714,0.0,0.9444444444444444,0.0,0.0,0.0,0.0
38,0.29725228617663246,0.5304870877158029,0.42826078194344663,0.4002559050366713,0.39127318119834936,0.8041002277904328,0.7518701283420783,0.7842533309620143,0.7461200769653862,0.3798156517070115,0.15311004784688995,0.0,0.2953352332383381,0.28382297551789076,0.21131056117113978,0.1755630978093181,0.5079681538612252,0.48337892021260065,0.4605110644932209,0.597724863986434,0.30921451360221386,0.34419703943276525,0.8278719039358727,0.1178618733677066,0.4006765599150596,0.7467987102717641,0.48897586975078594,0.0,0.9245570348618029,0.0,0.0,0.0,0.0,1.0,0.5,0.0,0.6666666666666666,0.8571428571428571,0.5,0.3333333333333333,0.8405797101449275,0.8979591836734694,0.8623853211009175,0.75,0.6666666666666666,1.0,1.0,0.0,0.6875,1.0,1.0,0.0,0.9714285714285714,0.0,0.0,0.0,0.0,0.43630335894734135,0.08789828912258672,0.0,0.13448534936138243,0.47355852317360564,0.14826363414037663,0.1873662257834367,0.6856420959337856,0.4514820298438135,0.634523461400036,0.5205971765806349,0.2900843202883625,0.0326335652789244,0.315451757774773,0.3067902917916553,0.5623505492855245,0.6596281378412466,0.3535450850519344,0.0,0.9240024390606641,0.0,0.0,0.0,0.0,1.0,1.0,0.0,0.4,1.0,1.0,0.3333333333333333,0.9206349206349206,0.6470588235294118,0.9591836734693877,1.0,0.8571428571428571,1.0,0.5666666666666667,0.0,0.9166666666666666,1.0,0.5714285714285714,0.0,0.9444444444444444,0.0,0.0,0.0,0.0
39,0.2971863671939335,0.5310353978115312,0.4335452761652674,0.3990511543554913,0.3937708158809403,0.8109339407744874,0.7637398179612914,0.7913261492004176,0.7581086553890172,0.40406729607588704,0.16404647983595352,0.0,0.3033348332583371,0.3113559322033898,0.20320669222725687,0.21495423223284996,0.5069196777259718,0.4761679047648649,0.4634618681076492,0.5849219246802798,0.3401868517650288,0.3460629431521334,0.823610484043438,0.10172789248003831,0.40896483040733517,0.7580838323353294,0.47783723012221274,0.0,0.9149040655568563,0.0,0.0,0.0,0.0,1.0,0.5,0.0,0.6666666666666666,0.9285714285714286,0.5,0.3333333333333333,0.8115942028985508,0.8979591836734694,0.8715596330275229,0.75,0.7037037037037037,1.0,1.0,0.0,0.8125,1.0,1.0,0.0,0.9714285714285714,0.0,0.0,0.0,0.0,0.4172866318561989,0.08233841086867023,0.0,0.154900809354814,0.4668360864040661,0.14186640710548729,0.1790916880891174,0.6808108896174553,0.45465607170150096,0.62588841580202,0.5366037050961276,0.28299095825386333,0.037201465593324594,0.3210706058903086,0.31019532676159184,0.5738174427198818,0.6321247503456752,0.35346208341033697,0.0,0.9317790295284043,0.0,0.0,0.0,0.0,1.0,1.0,0.0,0.5,1.0,1.0,0.3333333333333333,0.9333333333333333,0.6470588235294118,0.9595959595959596,1.0,0.8260869565217391,1.0,0.5730337078651685,0.0,0.9285714285714286,1.0,0.5714285714285714,0.0,0.9714285714285714,0.0,0.0,0.0,0.0
40,0.2969799757022405,0.5340201300959877,0.43233733637711264,0.40058779151122237,0.39194811681178493,0.8041002277904328,0.7367687414853761,0.7776576064658094,0.7327509409962901,0.3632824734887467,0.20191387559808613,0.0,0.3023848807559622,0.29804143126177024,0.21070059254095502,0.2118687647845315,0.5206954891697181,0.4376806639107326,0.5000408133280004,0.5877905744365153,0.31426317053368247,0.3745490732678194,0.8334006605992919,0.09659435310668932,0.40259430273998537,0.7442653155228005,0.4634506880972705,0.0,0.9185549316454692,0.0,0.0,0.0,0.0,0.8571428571428571,0.5,0.0,0.6666666666666666,0.7142857142857143,0.5,0.3333333333333333,0.8405797101449275,0.8775510204081632,0.908256880733945,0.75,0.5925925925925926,1.0,1.0,0.0,0.75,1.0,1.0,0.0,0.9714285714285714,0.0,0.0,0.0,0.0,0.4547695065255139,0.07493658041603247,0.0,0.12409717662508207,0.4489263325107083,0.12765283496990815,0.16210899075349203,0.6562859783954428,0.4900981484059585,0.6065176927189561,0.6106584452763708,0.3029437864115128,0.04845354188793408,0.3035993559593954,0.29387792272841107,0.5827743557361229,0.6319865451558649,0.3620100829403155,0.0,0.928882969784981,0.0,0.0,0.0,0.0,1.0,1.0,0.0,0.4,1.0,1.0,0.25,0.9206349206349206,0.7049180327868853,0.9252336448598131,1.0,0.8421052631578947,1.0,0.5604395604395604,0.0,0.9230769230769231,1.0,0.5,0.0,0.9714285714285714,0.0,0.0,0.0,0.0
41,0.2967462893750321,0.5338945628984927,0.42652173514432823,0.4051759895789347,0.39076218722040057,0.7972665148063781,0.7447436392428906,0.7792646313735209,0.7361205207093506,0.3077542619356571,0.18851674641148325,0.0,0.31083445827708617,0.2752165725047081,0.19945974207040781,0.17741437827830916,0.5163347816071868,0.4796685108631461,0.4848358079814544,0.6056949056737088,0.3142002767327242,0.34618733673342456,0.821083731356288,0.1116731896042086,0.38149913166580246,0.7201289728235836,0.514459411629989,0.0,0.9224290164487391,0.0,0.0,0.0,0.0,1.0,0.5,0.0,0.6666666666666666,0.7857142857142857,0.5,0.3333333333333333,0.8115942028985508,0.8979591836734694,0.8715596330275229,0.75,0.6296296296296297,1.0,1.0,0.0,0.6875,1.0,1.0,0.0,0.9714285714285714,0.0,0.0,0.0,0.0,0.5004547604322043,0.07634813420440704,0.0,0.13965765118159762,0.4945181375203032,0.1499705169363821,0.1776061776061776,0.6671855488461998,0.4545735714838011,0.6162751186057309,0.495102342558795,0.2945404455116523,0.039340693515782926,0.32589497643681953,0.2971821168973414,0.6021721902485287,0.6952152258982568,0.3399039850337703,0.0,0.927226219503074,0.0,0.0,0.0,0.0,1.0,1.0,0.0,0.4,1.0,1.0,0.3333333333333333,0.9180327868852459,0.6376811594202898,0.95,1.0,0.8947368421052632,1.0,0.5604395604395604,0.0,0.9166666666666666,1.0,0.4444444444444444,0.0,0.9714285714285714,0.0,0.0,0.0,0.0
42,0.29661553056460627,0.5310261895503815,0.43134082019919207,0.3989056196038223,0.3878822898514569,0.7927107061503417,0.7328388773381287,0.755956337413053,0.7212527760522537,0.32766566736766745,0.22077922077922077,0.0,0.2996850157492125,0.2754802259887006,0.2129661903102126,0.2124858582741952,0.5041502180353781,0.4800881173654928,0.4850521186198565,0.5879177559528015,0.3055094969639447,0.37056847866650083,0.8216777954676868,0.11087247719466292,0.39906335135846976,0.7734223859972363,0.45997376694218317,0.0,0.9167766225520347,0.0,0.0,0.0,0.0,0.8571428571428571,0.5,0.0,0.6666666666666666,0.7142857142857143,0.5,0.3333333333333333,0.8115942028985508,0.8979591836734694,0.8715596330275229,0.75,0.6296296296296297,1.0,1.0,0.0,0.6875,1.0,1.0,0.0,0.9714285714285714,0.0,0.0,0.0,0.0,0.4840532769276531,0.06661442006269593,0.0,0.1266614542611415,0.4919786096256685,0.13541666666666666,0.18457140304641087,0.6759424920127796,0.44682582156908124,0.6198169960546457,0.5224270430458586,0.29795740836776685,0.0393241370206587,0.3220824704497965,0.3198894550479316,0.5935606292464957,0.5816877987944294,0.3398452521958498,0.0,0.9316458184732721,0.0,0.0,0.0,0.0,1.0,1.0,0.0,0.4,1.0,0.6666666666666666,0.25,0.9180327868852459,0.6285714285714286,0.95,1.0,0.8947368421052632,1.0,0.5666666666666667,0.0,0.9166666666666666,1.0,0.4444444444444444,0.0,0.9714285714285714,0.0,0.0,0.0,0.0
43,0.2963334939281854,0.530031697346221,0.4312891908775416,0.3928915535088113,0.3877988963468535,0.8041002277904328,0.7375802604894085,0.7733451881195366,0.7366688258664211,0.37314868674213614,0.18099794941900205,0.0,0.3388830558472076,0.2830696798493409,0.20320669222725687,0.1593643937056464,0.517036413364364,0.48025906816274516,0.44345313405545717,0.6057938246308203,0.32295966792073094,0.3613633536509516,0.8226282980459251,0.10876218841436493,0.41784570812448046,0.7261169967756794,0.4903291624159397,0.0,0.9279871624436993,0.0,0.0,0.0,0.0,1.0,0.5,0.0,0.6666666666666666,0.7857142857142857,0.5,0.0,0.8260869565217391,0.8979591836734694,0.8623853211009175,0.75,0.7037037037037037,1.0,1.0,0.0,0.8125,1.0,1.0,0.0,0.9714285714285714,0.0,0.0,0.0,0.0,0.4469424942387052,0.06555753614577144,0.0,0.13506296827674158,0.4574811297784271,0.1471014949851763,0.1596928784911883,0.6693241293268027,0.45335049750422685,0.6489498627788843,0.5030214848104385,0.2971627884954309,0.04063846455150803,0.3205046306154506,0.2804654483703518,0.5613396875241876,0.6218049857999369,0.3452972655963639,0.0,0.9183502158690108,0.0,0.0,0.0,0.0,1.0,1.0,0.0,0.5,1.0,1.0,0.0,0.9344262295081968,0.6376811594202898,0.9591836734693877,1.0,0.8636363636363636,1.0,0.5730337078651685,0.0,0.8666666666666667,1.0,0.6666666666666666,0.0,0.918918918918919,0.0,0.0,0.0,0.0
44,0.29618670321981355,0.535501823026429,0.4308886895738705,0.4006658645863694,0.3941873560418011,0.8086560364464692,0.7461056765085643,0.7746436116534156,0.7354079930924454,0.38549823258311333,0.18359535201640464,0.0,0.29278536073196343,0.2849529190207156,0.19623562216800278,0.2027666358119922,0.5187123865805645,0.4560811860877133,0.47720167497898114,0.6197696601427259,0.35042710608468935,0.3614877472322428,0.8076420407290354,0.14132948193158773,0.38695605652814474,0.7069553201289728,0.457891778226562,0.0,0.9257078513462569,0.0,0.0,0.0,0.0,1.0,0.5,0.0,0.6666666666666666,0.7142857142857143,0.5,0.3333333333333333,0.8405797101449275,0.8979591836734694,0.8899082568807339,0.75,0.7407407407407407,1.0,1.0,0.0,0.625,1.0,1.0,0.0,0.9714285714285714,0.0,0.0,0.0,0.0,0.4176402152309855,0.08181541273225708,0.0,0.1319453832634852,0.4631749724501041,0.14751735883663042,0.15748062944324626,0.6781178718411115,0.46187199250856753,0.6248323331213561,0.5235900864333126,0.28068640830944247,0.04169237170198419,0.34141980331294136,0.3039363996266375,0.6110158037013932,0.652273693157671,0.3696737431294438,0.0,0.9233010837540786,0.0,0.0,0.0,0.0,1.0,1.0,0.0,0.2857142857142857,1.0,1.0,0.25,0.9206349206349206,0.6984126984126984,0.9509803921568627,1.0,0.8333333333333334,1.0,0.5795454545454546,0.0,0.9090909090909091,1.0,0.5714285714285714,0.0,0.9444444444444444,0.0,0.0,0.0,0.0
45,0.2959759198061545,0.5364448326796165,0.43454006726475103,0.3951520601514729,0.39153699028274164,0.8086560364464692,0.7505841441896677,0.7764282845246756,0.7455547670454816,0.3570182111056423,0.21695146958304853,0.0,0.2548372581370931,0.3171939736346516,0.23448936911815962,0.19664712537282733,0.5303568260826972,0.45857939887483296,0.4852194532646581,0.5960573729951247,0.2972932795114867,0.3495459634282871,0.8249015833788782,0.1216334533154732,0.4132941554112447,0.7724090280976509,0.4713414253294747,0.0,0.9239518641242882,0.0,0.0,0.0,0.0,1.0,0.5,0.0,0.6666666666666666,0.8571428571428571,0.5,0.3333333333333333,0.8405797101449275,0.8775510204081632,0.908256880733945,0.75,0.5555555555555556,1.0,1.0,0.0,0.75,1.0,1.0,0.0,0.9714285714285714,0.0,0.0,0.0,0.0,0.4511988237955214,0.06603145543812931,0.0,0.14812124030106652,0.4327372694106161,0.11920265780730897,0.1857212238950947,0.6591627809021117,0.4648555191033008,0.6289628428512101,0.5155092762337757,0.32423331628898894,0.04179370863389604,0.31363083335341024,0.3031218529707956,0.5941219621855699,0.5999427569675504,0.34109262942204543,0.0,0.9232969331661206,0.0,0.0,0.0,0.0,1.0,1.0,0.0,0.5,1.0,0.6666666666666666,0.3333333333333333,0.9354838709677419,0.671875,0.9252336448598131,1.0,0.9375,1.0,0.5666666666666667,0.0,0.9230769230769231,1.0,0.5714285714285714,0.0,0.9444444444444444,0.0,0.0,0.0,0.0
46,0.29596604602528875,0.5373551948614554,0.435890081393983,0.3942867790253958,0.39251116477311765,0.8109339407744874,0.7408193905138175,0.7464398816895357,0.7319592084374842,0.4217862096738109,0.22816131237183868,0.0,0.24743762811859407,0.27606403013182673,0.2217671662600209,0.18296821968528232,0.5144284613612715,0.47877101917757126,0.4779485588813883,0.5969617748887162,0.3183112442680877,0.3330016171165568,0.8087430395488281,0.14424796641497856,0.40421574195247617,0.7929525564256104,0.46796860361016845,0.0,0.9302863152046668,0.0,0.0,0.0,0.0,1.0,0.5,0.0,0.3333333333333333,0.7857142857142857,0.5,0.3333333333333333,0.8405797101449275,0.8979591836734694,0.8807339449541285,0.75,0.6666666666666666,1.0,1.0,0.0,0.875,1.0,1.0,0.0,0.9714285714285714,0.0,0.0,0.0,0.0,0.4303748344975574,0.0719055620180087,0.0,0.13891149970527972,0.4666687889978352,0.13148377764000826,0.16453179190751446,0.6766088591725867,0.4516046278956415,0.6298171687646051,0.4952577464623609,0.2991767158917478,0.04154123087427454,0.33823276090528437,0.32447900885432446,0.5894758321030331,0.5694109086097973,0.3614944192479655,0.0,0.9161864889092983,0.0,0.0,0.0,0.0,1.0,0.5,0.0,0.5,1.0,0.6666666666666666,0.3333333333333333,0.9354838709677419,0.676923076923077,0.9504950495049505,1.0,0.8571428571428571,1.0,0.5666666666666667,0.0,0.9333333333333333,1.0,0.5714285714285714,0.0,0.9444444444444444,0.0,0.0,0.0,0.0
47,0.29581429933197284,0.534164532373107,0.4332540193608616,0.39361378395601887,0.39024477450056394,0.806378132118451,0.7471921814099827,0.77006388595786,0.7431927961718119,0.41507449997762763,0.17881066302118934,0.0,0.30548472576371183,0.28440677966101696,0.21017776228651097,0.17119201892420036,0.5186144229012606,0.4485982034625307,0.48665200107747186,0.5965519677806825,0.29538359500966277,0.32591118298295807,0.8377175264754573,0.11381341155869522,0.4349160884630896,0.7842468908337172,0.4747350669359372,0.0,0.9162855413797892,0.0,0.0,0.0,0.0,0.8571428571428571,0.5,0.0,0.6666666666666666,0.9285714285714286,0.5,0.3333333333333333,0.855072463768116,0.8571428571428571,0.8990825688073395,0.75,0.5185185185185185,1.0,1.0,0.0,0.8125,1.0,1.0,0.0,0.9714285714285714,0.0,0.0,0.0,0.0,0.44665125908806397,0.06234509056244042,0.0,0.14355528405620036,0.4816610320852204,0.1317384892675733,0.18072747014115093,0.6741489504496598,0.4762262220975698,0.625416656832123,0.5291824403941133,0.30897031822830384,0.0433602542036277,0.3002944425042094,0.28145009067693105,0.5484731477444936,0.5691268886214734,0.3505357499730972,0.0,0.9311843242820883,0.0,0.0,0.0,0.0,1.0,0.5,0.0,0.5,1.0,1.0,0.3333333333333333,0.921875,0.7,0.9158878504672897,1.0,0.875,1.0,0.5483870967741935,0.0,0.9285714285714286,1.0,0.6666666666666666,0.0,0.9714285714285714,0.0,0.0,0.0,0.0
48,0.2956705985814943,0.5405508800377037,0.43280241207258974,0.4053630678052205,0.3970669316081057,0.8132118451025057,0.761086400968026,0.7922640427273436,0.7573579097543226,0.33963488299252764,0.1417634996582365,0.0,0.3419329033548323,0.2893973634651601,0.2020738933426281,0.16219273886660496,0.503191762578404,0.48848413265781865,0.4959880498575615,0.6036034762947785,0.32387448684376036,0.36372683169548453,0.8155866581121435,0.129011980752969,0.436660987514095,0.7320589590050668,0.4948262580416814,0.0,0.9264345522728625,0.0,0.0,0.0,0.0,1.0,0.5,0.0,0.6666666666666666,0.8571428571428571,0.5,0.3333333333333333,0.8260869565217391,0.8979591836734694,0.8807339449541285,0.75,0.7037037037037037,1.0,1.0,0.0,0.8125,1.0,1.0,0.0,0.9714285714285714,0.0,0.0,0.0,0.0,0.4911196661382679,0.08672743999330935,0.0,0.15839451559858259,0.48390855271444766,0.14227866740290815,0.16188472001231843,0.6914364922288841,0.4512202124605225,0.6181902346839893,0.5347940403155127,0.29838913588571186,0.04550476990833684,0.33409258303888073,0.314770859959832,0.5651632009544912,0.6517531269222883,0.34354808401150605,0.0,0.9233589182641798,0.0,0.0,0.0,0.0,1.0,1.0,0.0,0.5,1.0,1.0,0.3333333333333333,0.9344262295081968,0.6666666666666666,0.9320388349514563,1.0,0.8636363636363636,1.0,0.5862068965517241,0.0,0.9285714285714286,1.0,0.5714285714285714,0.0,0.9444444444444444,0.0,0.0,0.0,0.0
49,0.295265098624284,0.5302648337762368,0.4340517822038531,0.3946310208518059,0.39098798434390325,0.8086560364464692,0.7466878280832147,0.7956168129113712,0.7449654324486653,0.38833952302116426,0.21189336978810663,0.0,0.3031848407579621,0.30297551789077215,0.1944057162774486,0.21202303815694745,0.5245240156635981,0.4804611009231343,0.4455815491106776,0.6140182293506677,0.31700762730277077,0.36907575569100637,0.8182955904601225,0.11256370153632017,0.4240433920179099,0.7258866881621373,0.450417438737482,0.0,0.9182349848211274,0.0,0.0,0.0,0.0,1.0,0.5,0.0,0.6666666666666666,0.8571428571428571,0.25,0.3333333333333333,0.8260869565217391,0.8979591836734694,0.8715596330275229,0.75,0.7037037037037037,1.0,1.0,0.0,0.8125,1.0,1.0,0.0,0.9714285714285714,0.0,0.0,0.0,0.0,0.43058070597573983,0.07512237677506907,0.0,0.13736550005663156,0.4558411016348851,0.14149806558000888,0.16479475598545107,0.6504365070244963,0.45408412433216444,0.6490486509302443,0.4765200035093876,0.30057627982370066,0.03764273027150469,0.3287948950525931,0.2956774713502251,0.5642502765395863,0.6594275671604318,0.3529143080863281,0.0,0.9287830552440588,0.0,0.0,0.0,0.0,1.0,1.0,0.0,0.5,1.0,1.0,0.3333333333333333,0.9047619047619048,0.6470588235294118,0.9595959595959596,1.0,0.8636363636363636,1.0,0.5730337078651685,0.0,0.9285714285714286,1.0,0.6666666666666666,0.0,0.9444444444444444,0.0,0.0,0.0,0.0
50,0.2954141645531763,0.5316155182639581,0.4295106433749696,0.39781084664002814,0.3887215931937215,0.8041002277904328,0.7312699112846003,0.754166572338851,0.7206243570413955,0.29970021030023714,0.17908407382091593,0.0,0.3106344682765862,0.31602636534839923,0.231700941094458,0.19325311117967706,0.5006500022505169,0.4513023342554316,0.4842378927262487,0.601582703313785,0.32615009891479607,0.32591118298295807,0.8083945219368074,0.13324004160711211,0.39498094603158923,0.7365269461077845,0.5133975973850222,0.0,0.9244181432171273,0.0,0.0,0.0,0.0,0.5714285714285714,0.5,0.0,0.6666666666666666,0.7857142857142857,0.5,0.3333333333333333,0.8260869565217391,0.8775510204081632,0.8899082568807339,0.75,0.7407407407407407,1.0,1.0,0.0,0.75,1.0,1.0,0.0,0.9714285714285714,0.0,0.0,0.0,0.0,0.5053187476423991,0.0703695745595187,0.0,0.1302925448254168,0.42880870853988856,0.12333596177930331,0.17046949421637558,0.6931462861206521,0.47425365821792526,0.6166475664803424,0.48767942446702484,0.3009851151059777,0.030640049585423757,0.33084693235822327,0.3511280271357577,0.5482013731022745,0.6397791381586845,0.3345816203307961,0.0,0.924111016894522,0.0,0.0,0.0,0.0,1.0,1.0,0.0,0.4,0.9166666666666666,0.6666666666666666,0.2,0.9344262295081968,0.671875,0.941747572815534,1.0,0.8695652173913043,1.0,0.5795454545454546,0.0,0.9230769230769231,1.0,0.5,0.0,0.9714285714285714,0.0,0.0,0.0,0.0
51,0.29513174361151323,0.535375000156959,0.4365263106955759,0.4002048256683933,0.39552434721920365,0.8086560364464692,0.7507978054074776,0.7835719302820965,0.7439353914501884,0.373596134055215,0.2101161995898838,0.0,0.34048297585120746,0.30915254237288137,0.2156674799581736,0.18332819088758615,0.5076583768212639,0.4917749355049265,0.4675534042396885,0.6138910478343814,0.3330112408375167,0.3356138823236721,0.8213055152912102,0.13911442704162957,0.38467616484357636,0.7109626900046062,0.49844891840686223,0.0,0.9211194666560845,0.0,0.0,0.0,0.0,0.8571428571428571,0.5,0.0,0.6666666666666666,0.9285714285714286,0.5,0.3333333333333333,0.8260869565217391,0.9183673469387755,0.8715596330275229,0.75,0.7037037037037037,1.0,1.0,0.0,0.6875,1.0,1.0,0.0,0.9714285714285714,0.0,0.0,0.0,0.0,0.4383745045021395,0.07632336875558646,0.0,0.13776501051950155,0.4506547341257858,0.12356465302046929,0.17723973351894204,0.6850942041154675,0.43989671159179533,0.6399175518024371,0.5227740406021734,0.29404963851528737,0.056820335699092304,0.32547343045210136,0.314535641168807,0.5833739000187231,0.6661918943415771,0.34267515923566877,0.0,0.9289623500455241,0.0,0.0,0.0,0.0,1.0,1.0,0.0,0.4,1.0,1.0,0.3333333333333333,0.9344262295081968,0.6521739130434783,0.9595959595959596,1.0,0.8636363636363636,1.0,0.5730337078651685,0.0,0.9166666666666666,1.0,0.5,0.0,0.9714285714285714,0.0,0.0,0.0,0.0
52,0.2950431323270887,0.5343754852648986,0.43387322186266464,0.39975854837264124,0.3931173117897432,0.8018223234624146,0.7188181925746903,0.7566424854564584,0.7180772110523348,0.36370754843617165,0.20820232399179767,0.0,0.335933203339833,0.25922787193973634,0.19039735099337748,0.17165483904144813,0.5089901533263964,0.4890552637304572,0.45250757087234406,0.6172401610965873,0.363257441480177,0.34382385868889165,0.8095113624662373,0.12051844257694697,0.45815946072742536,0.772316904652234,0.42243551039953364,0.0,0.9227787257683684,0.0,0.0,0.0,0.0,1.0,0.5,0.0,0.6666666666666666,0.7142857142857143,0.5,0.0,0.8260869565217391,0.8979591836734694,0.8715596330275229,0.75,0.7407407407407407,1.0,1.0,0.0,0.75,1.0,0.75,0.0,0.9714285714285714,0.0,0.0,0.0,0.0,0.47053545586107093,0.07921564548007906,0.0,0.1482568402471315,0.4973084287727158,0.14857881136950904,0.17262243367637173,0.6829237967012082,0.45148204473393494,0.6498364748909833,0.46821670525683906,0.2755296311555392,0.04563465856557918,0.3353502474110436,0.2888271162123386,0.5886053864292436,0.612672196440969,0.35702973781453456,0.0,0.9230282596884513,0.0,0.0,0.0,0.0,1.0,1.0,0.0,0.4,1.0,1.0,0.0,0.9193548387096774,0.6470588235294118,0.9595959595959596,1.0,0.8695652173913043,1.0,0.5795454545454546,0.0,0.8,1.0,0.5,0.0,0.9444444444444444,0.0,0.0,0.0,0.0
53,0.2949534937536804,0.5348384096663303,0.431954596341307,0.40121376981005885,0.3936979773725363,0.8086560364464692,0.7388950974643971,0.7697865028990302,0.7344769658348741,0.3521186630274285,0.18646616541353384,0.0,0.3335333233338333,0.27725047080979287,0.2024224468455908,0.16502108402756352,0.5174573924186703,0.4928006402884406,0.4534585214147532,0.6040274146823995,0.32238790609383755,0.3349919144172161,0.8247669288469611,0.11876735188691247,0.4526449212737763,0.7473053892215569,0.4619932959963357,0.0,0.9277689041449235,0.0,0.0,0.0,0.0,1.0,0.5,0.0,0.6666666666666666,0.7857142857142857,0.5,0.0,0.8405797101449275,0.8979591836734694,0.8715596330275229,0.75,0.7037037037037037,1.0,1.0,0.0,0.8125,1.0,1.0,0.0,0.9714285714285714,0.0,0.0,0.0,0.0,0.4870342864215868,0.07729797121160603,0.0,0.14866732037796399,0.480655587841588,0.14314764604387478,0.1706733326241889,0.6653786181679524,0.4372793590380054,0.647324601778161,0.4970059183981954,0.30222224604433773,0.045747969965684775,0.3184485853831592,0.2936518215627139,0.5793826380109566,0.6545366522774034,0.3535522521230661,0.0,0.9198410493106153,0.0,0.0,0.0,0.0,1.0,1.0,0.0,0.5,1.0,1.0,0.0,0.9206349206349206,0.6567164179104478,0.9595959595959596,1.0,0.8636363636363636,1.0,0.5730337078651685,0.0,0.8666666666666667,1.0,0.5714285714285714,0.0,0.9444444444444444,0.0,0.0,0.0,0.0
54,0.2947409026814429,0.5339556722679403,0.4303782175610506,0.402829570726918,0.3924786416516671,0.8109339407744874,0.7536595770274407,0.7876873790964218,0.7499061110129955,0.351111906573001,0.13848257006151743,0.0,0.2848357582120894,0.2687758945386064,0.20913210177762287,0.205080736398231,0.5272008070089041,0.46159434929910176,0.4663779803932772,0.6163074966438211,0.31492069663460986,0.3843761661898246,0.818533216104682,0.11926873255457192,0.4525626147147666,0.7391524643021649,0.4673648268826383,0.0,0.9217295978094804,0.0,0.0,0.0,0.0,1.0,0.5,0.0,0.6666666666666666,0.7142857142857143,0.5,0.3333333333333333,0.8260869565217391,0.8979591836734694,0.8899082568807339,0.75,0.7037037037037037,1.0,1.0,0.0,0.8125,1.0,1.0,0.0,0.9714285714285714,0.0,0.0,0.0,0.0,0.4775292864749734,0.07818771225686941,0.0,0.1510499522748966,0.49408017724849407,0.12623606143488322,0.17095336076817558,0.6454424635332253,0.4701150289451921,0.6364990906837557,0.5244153189442674,0.3030498104528773,0.029562022845990472,0.33303039971124626,0.34033739056160583,0.5688672315507413,0.6267135325131811,0.3472718553240204,0.0,0.9275915775601282,0.0,0.0,0.0,0.0,1.0,1.0,0.0,0.5,1.0,1.0,0.25,0.9193548387096774,0.676923076923077,0.9509803921568627,1.0,0.8636363636363636,1.0,0.5730337078651685,0.0,0.9285714285714286,1.0,0.5714285714285714,0.0,0.9444444444444444,0.0,0.0,0.0,0.0
55,0.2947091463644658,0.5362857808961229,0.431597494425562,0.4063185306064567,0.3936328270958744,0.7972665148063781,0.7442476074968588,0.7805466826555721,0.7371768972829686,0.34408698375766256,0.1748462064251538,0.0,0.3065346732663367,0.25866290018832394,0.20294527710003485,0.19423017587164457,0.5017276027228608,0.5005167376371492,0.48457868401505194,0.5980498834169434,0.3098834749396791,0.3842517726085334,0.822881765400122,0.13014195807858955,0.40246261224556984,0.7204514048825426,0.5072140908996273,0.0,0.9252886962042898,0.0,0.0,0.0,0.0,1.0,0.5,0.0,0.6666666666666666,0.7142857142857143,0.5,0.3333333333333333,0.8115942028985508,0.8979591836734694,0.8715596330275229,0.75,0.6296296296296297,1.0,1.0,0.0,0.75,1.0,1.0,0.0,0.9714285714285714,0.0,0.0,0.0,0.0,0.4770323501132099,0.0736920949527541,0.0,0.14735147087098635,0.5104050538833148,0.1420295157946091,0.18359014241967628,0.6789536479364249,0.4426306675279339,0.6192265567956607,0.5031924380238987,0.30827948671277755,0.04351255792987844,0.32838123174571066,0.33233962047812876,0.5970524670630899,0.6609338685822945,0.34163511428972093,0.0,0.9234952657961507,0.0,0.0,0.0,0.0,1.0,1.0,0.0,0.5,1.0,1.0,0.25,0.9180327868852459,0.6376811594202898,0.95,1.0,0.8947368421052632,1.0,0.5604395604395604,0.0,0.9230769230769231,1.0,0.4444444444444444,0.0,0.9714285714285714,0.0,0.0,0.0,0.0
56,0.2946754073065601,0.5334446137741355,0.43948963462124596,0.3999201429532149,0.3967507020109798,0.8109339407744874,0.7775478119567052,0.7891994401634963,0.7676631595845345,0.4218756991364267,0.1773069036226931,0.0,0.2889355532223389,0.3285310734463277,0.2290867898222377,0.17684870924611745,0.5277329880775554,0.48811114910017717,0.42692577688169847,0.6225817847806119,0.35440085078159844,0.346436123896007,0.8285847808695515,0.12093002372204055,0.3962649283521404,0.7545831414094887,0.49682496720867775,0.0,0.9248521796067383,0.0,0.0,0.0,0.0,1.0,0.5,0.0,0.6666666666666666,0.9285714285714286,0.75,0.3333333333333333,0.8260869565217391,0.8979591836734694,0.8440366972477065,0.75,0.7777777777777778,1.0,1.0,0.0,0.75,1.0,1.0,0.0,0.9714285714285714,0.0,0.0,0.0,0.0,0.42362905218700153,0.09096009537835753,0.0,0.15001427718505828,0.44322772428161283,0.1346272019664072,0.17093294895372532,0.659454094292804,0.44673444206199353,0.6672652233264866,0.5227828274438142,0.2852015791362603,0.049814871125261596,0.31541495302304823,0.34485702091335896,0.577624475104979,0.6376303907831231,0.3539244186046512,0.0,0.9244669773899247,0.0,0.0,0.0,0.0,1.0,1.0,0.0,0.4,1.0,1.0,0.3333333333333333,0.9344262295081968,0.6376811594202898,0.9787234042553191,1.0,0.8076923076923077,1.0,0.5795454545454546,0.0,0.9230769230769231,1.0,0.6666666666666666,0.0,0.9444444444444444,0.0,0.0,0.0,0.0
57,0.2943522633245631,0.5304050504801062,0.4359268829044704,0.3923720031279634,0.3888392957839844,0.806378132118451,0.74404806333984,0.7704316842940873,0.7295069477798884,0.38789207570808537,0.17785372522214626,0.0,0.31488425578721063,0.2949717514124294,0.22342279539909377,0.2249820014398848,0.5208490538561946,0.4527126783327635,0.4620946216196361,0.5858404578534586,0.3384944367574243,0.3496703570095783,0.8209253142599149,0.1098547492722497,0.3787747845625818,0.7845232611699677,0.4982198996481439,0.0,0.9207176729697018,0.0,0.0,0.0,0.0,1.0,0.5,0.0,0.6666666666666666,0.7142857142857143,0.5,0.3333333333333333,0.8405797101449275,0.8979591836734694,0.8899082568807339,0.75,0.7037037037037037,1.0,1.0,0.0,0.625,1.0,1.0,0.0,0.9714285714285714,0.0,0.0,0.0,0.0,0.4506771334251774,0.06655071870683922,0.0,0.13333615615869923,0.4375995306344816,0.12147053249952625,0.15683814303638646,0.6685630584244995,0.4668253186059462,0.6459667550042932,0.545027871266302,0.2929370899266692,0.03819085919243519,0.3199151757602697,0.3032055518836748,0.5692163071442707,0.5726196880043034,0.3489050243489925,0.0,0.924851142280575,0.0,0.0,0.0,0.0,1.0,1.0,0.0,0.3333333333333333,1.0,1.0,0.2,0.9354838709677419,0.676923076923077,0.9603960396039604,1.0,0.8636363636363636,1.0,0.5730337078651685,0.0,0.9090909090909091,1.0,0.4444444444444444,0.0,0.9714285714285714,0.0,0.0,0.0,0.0
58,0.2942597684771043,0.5323572018438287,0.4320699808161094,0.3914519735093667,0.3890283829676008,0.8018223234624146,0.7347121228444792,0.7530098309054193,0.7210283678969369,0.35851715960445657,0.17634996582365003,0.0,0.320133993300335,0.28806026365348397,0.20486232136632973,0.18682505399568033,0.5316859549208215,0.46953579088055203,0.45846427609400126,0.585854589133046,0.3067559377465723,0.3271551187958701,0.8175747926716251,0.13588912752280533,0.4070059343029046,0.7706586826347306,0.5126689013345548,0.0,0.9192617909085498,0.0,0.0,0.0,0.0,0.8571428571428571,0.5,0.0,0.6666666666666666,0.7857142857142857,0.5,0.3333333333333333,0.855072463768116,0.8979591836734694,0.8899082568807339,0.75,0.5925925925925926,1.0,1.0,0.0,0.625,1.0,1.0,0.0,0.9714285714285714,0.0,0.0,0.0,0.0,0.4914287466650311,0.06310537129439389,0.0,0.12669925005441557,0.44153219986721703,0.11702921997112847,0.1763934744610604,0.6509356594348766,0.4665827583943663,0.6414499605988968,0.5222397178308245,0.3027401279779706,0.047069351230425056,0.3213141699119342,0.27924464469698135,0.5460227021774656,0.5974076983503535,0.32921546606770413,0.0,0.925725004183557,0.0,0.0,0.0,0.0,1.0,1.0,0.0,0.3333333333333333,0.9166666666666666,0.6666666666666666,0.3333333333333333,0.9365079365079365,0.6984126984126984,0.941747572815534,1.0,0.8421052631578947,1.0,0.5604395604395604,0.0,0.9090909090909091,1.0,0.4444444444444444,0.0,0.9714285714285714,0.0,0.0,0.0,0.0
59,0.2941244192064728,0.5264660074946874,0.43042703085905115,0.40415249989103796,0.3918864762552986,0.7995444191343963,0.7192612452999243,0.7651740759974445,0.7137578303113501,0.39596849970915926,0.16500341763499657,0.0,0.3031848407579621,0.27433145009416193,0.19214011850819102,0.15843875347115088,0.5157522948653793,0.5047283436421844,0.4159163816535928,0.6030806189500459,0.32723072876762455,0.4072645851474064,0.8029766572408494,0.11840815379664898,0.41373038017399605,0.718240442192538,0.5035914305344465,0.0,0.9276994583225857,0.0,0.0,0.0,0.0,1.0,0.5,0.0,0.6666666666666666,0.7142857142857143,0.25,0.0,0.8115942028985508,0.9387755102040817,0.8532110091743119,0.75,0.7407407407407407,1.0,1.0,0.0,0.75,1.0,1.0,0.0,0.9714285714285714,0.0,0.0,0.0,0.0,0.46842578869362694,0.07797157622739018,0.0,0.15306946688206785,0.4837124356632907,0.16083150984682712,0.16322314049586778,0.6637917521417034,0.42470993242381744,0.6742891171654012,0.5027447931391952,0.2988943957300801,0.02635306996361763,0.34446026347175174,0.32088175052219586,0.5776687313973131,0.6713885898815931,0.3435844259151408,0.0,0.9187442584778027,0.0,0.0,0.0,0.0,1.0,1.0,0.0,0.4,1.0,1.0,0.0,0.9032258064516129,0.6388888888888888,0.96875,1.0,0.8333333333333334,1.0,0.5862068965517241,0.0,0.8571428571428571,1.0,0.6666666666666666,0.0,0.918918918918919,0.0,0.0,0.0,0.0
60,0.29400954962862375,0.5362435066062995,0.43690656547033196,0.4044226799802051,0.3983087566895612,0.8132118451025057,0.7629297991239713,0.7854626326329804,0.7612630760248079,0.37914448073739315,0.17922077922077922,0.0,0.2734363281835908,0.3048587570621469,0.22682119205298013,0.23531831739175152,0.5218075093131687,0.493010443539614,0.4622415496004375,0.5886949763301067,0.3450010863474711,0.40614504291578557,0.800869709859088,0.12428253923116642,0.4142982954311629,0.7333486872409029,0.45154171264391746,0.0,0.9242767713645113,0.0,0.0,0.0,0.0,1.0,0.5,0.0,0.6666666666666666,0.8571428571428571,0.5,0.3333333333333333,0.8405797101449275,0.8979591836734694,0.8623853211009175,0.75,0.7407407407407407,1.0,1.0,0.0,0.8125,1.0,1.0,0.0,0.9714285714285714,0.0,0.0,0.0,0.0,0.464186912816018,0.08481594099760627,0.0,0.1518744793113024,0.4430941041221875,0.12240771220315072,0.1940133977783431,0.6645401238834807,0.4459004065683453,0.6343998386798636,0.5203342409632534,0.28575352456182723,0.04280002621747395,0.3449041620188913,0.3224353498485672,0.6044260858079468,0.6588454376163874,0.37157983106892595,0.0,0.9232966651801199,0.0,0.0,0.0,0.0,1.0,1.0,0.0,0.5,1.0,0.6666666666666666,0.3333333333333333,0.9354838709677419,0.6470588235294118,0.9591836734693877,1.0,0.8695652173913043,1.0,0.5795454545454546,0.0,0.9285714285714286,1.0,0.8,0.0,0.918918918918919,0.0,0.0,0.0,0.0
61,0.2938673638983349,0.5324149627546765,0.43583733147956355,0.39818083745774285,0.39163920569375793,0.806378132118451,0.7550468815811571,0.797879999577159,0.7572229944144135,0.42422479753009085,0.21408065618591934,0.0,0.3334333283335833,0.2728060263653484,0.20582084349947716,0.22004525352257534,0.5130437315159747,0.4830719858266248,0.4680819368372936,0.5944746696813397,0.30473761849763864,0.3546461002612265,0.8286877519821939,0.11463657384888237,0.38282426726585844,0.7549055734684477,0.4489600466365472,0.0,0.9265908053731224,0.0,0.0,0.0,0.0,1.0,0.5,0.0,0.6666666666666666,0.8571428571428571,0.5,0.3333333333333333,0.8260869565217391,0.8979591836734694,0.8715596330275229,0.75,0.6666666666666666,1.0,1.0,0.0,0.75,1.0,1.0,0.0,0.9714285714285714,0.0,0.0,0.0,0.0,0.4234668810576622,0.06744186046511629,0.0,0.13909398072831936,0.46425023234945356,0.13075006919457516,0.1716543645699615,0.6735069828227427,0.4459664489470909,0.6303020477252993,0.5104720300934352,0.31504468718967227,0.040824216736353745,0.3158636805526203,0.293855863114078,0.618403733397152,0.6273541570969223,0.3773096304591265,0.0,0.9216942077397899,0.0,0.0,0.0,0.0,1.0,1.0,0.0,0.4,1.0,1.0,0.3333333333333333,0.9193548387096774,0.6567164179104478,0.95,1.0,0.9,1.0,0.5604395604395604,0.0,0.9230769230769231,1.0,0.8,0.0,0.918918918918919,0.0,0.0,0.0,0.0
62,0.2939012588059487,0.530839094426114,0.4324019868390519,0.4036950767843458,0.3940307720156532,0.7995444191343963,0.7177899157072551,0.7542580023992788,0.7096164994904247,0.36688442435903174,0.20956937799043063,0.0,0.3058847057647118,0.3007909604519774,0.2151446497037295,0.19489869381878022,0.49960682144928,0.4463797283436422,0.47361010211494664,0.6017946725075956,0.36793445322416496,0.329518596840403,0.8296303337056136,0.1222620499734343,0.3751121426866507,0.7362505757715339,0.48878849076638003,0.0,0.9191749836306276,0.0,0.0,0.0,0.0,1.0,0.5,0.0,0.6666666666666666,0.7857142857142857,0.5,0.3333333333333333,0.8260869565217391,0.8775510204081632,0.8807339449541285,0.75,0.7037037037037037,0.5,1.0,0.0,0.625,1.0,1.0,0.0,0.9714285714285714,0.0,0.0,0.0,0.0,0.4598323192103861,0.08175563969921604,0.0,0.13565109421077137,0.4443331664162911,0.13716666666666666,0.1673289183222958,0.6990331184707713,0.4744699478826824,0.6210124102942829,0.5700479211843761,0.26741605718085104,0.044417243749895204,0.31187098772048927,0.30337579381290153,0.617606005989728,0.6420050608507049,0.3592172103555909,0.0,0.9299718201003234,0.0,0.0,0.0,0.0,1.0,1.0,0.0,0.3333333333333333,1.0,0.6666666666666666,0.3333333333333333,0.9344262295081968,0.6935483870967742,0.9320388349514563,1.0,0.7916666666666666,1.0,0.5666666666666667,0.0,0.9090909090909091,1.0,0.4444444444444444,0.0,0.9714285714285714,0.0,0.0,0.0,0.0
63,0.2938195449136821,0.5289451225305641,0.42330346589928824,0.39831289914858625,0.3852404723040271,0.7972665148063781,0.7174775994227166,0.7620138346890878,0.7167398583241686,0.30636717526511253,0.18879015721120984,0.0,0.31903404829758514,0.26551789077212806,0.21357615894039736,0.1587473002159827,0.5100095051245594,0.43458023808783763,0.4821972263262291,0.5751996043241715,0.3227366808082425,0.33175768130364475,0.838176936054939,0.0948806788843906,0.42664427928261606,0.7557346844771995,0.47119568611938123,0.0,0.9243164546915613,0.0,0.0,0.0,0.0,0.7142857142857143,0.5,0.0,0.6666666666666666,0.7857142857142857,0.5,0.0,0.8260869565217391,0.8775510204081632,0.8807339449541285,0.75,0.6296296296296297,1.0,1.0,0.0,0.8125,1.0,1.0,0.0,0.9714285714285714,0.0,0.0,0.0,0.0,0.5159564447458649,0.07288752836860717,0.0,0.11897303948987582,0.47728503723764387,0.14307395948864632,0.1826951529857371,0.6846514471350529,0.48694630069001543,0.6211512224871389,0.5458202590715263,0.28785174457148105,0.04080727094681437,0.29793482086295486,0.2570553888573514,0.5271100264388855,0.6488057576716229,0.3378414688759516,0.0,0.9227853147493816,0.0,0.0,0.0,0.0,1.0,1.0,0.0,0.5,1.0,1.0,0.0,0.9193548387096774,0.6825396825396826,0.9320388349514563,1.0,0.85,1.0,0.5483870967741935,0.0,0.8125,1.0,0.5,0.0,0.9714285714285714,0.0,0.0,0.0,0.0
64,0.29352529064720484,0.535071546096346,0.4307712855435673,0.39685992485565147,0.390133037421236,0.8018223234624146,0.7473450141652588,0.7626098845131956,0.7355022991439203,0.3326323325428431,0.18701298701298702,0.0,0.3237838108094595,0.2886064030131827,0.2247298710352039,0.1822482772806747,0.5273173043572656,0.45202887514375406,0.4926903329551298,0.5875220801243553,0.3111642214319203,0.3381017539494962,0.8186045037980498,0.11435220869409045,0.4125369350683556,0.7626439428834638,0.479731839853428,0.0,0.9181754598305522,0.0,0.0,0.0,0.0,1.0,0.5,0.0,0.6666666666666666,0.8571428571428571,0.5,0.3333333333333333,0.8260869565217391,0.8775510204081632,0.8899082568807339,0.75,0.5925925925925926,1.0,1.0,0.0,0.6875,1.0,1.0,0.0,0.9714285714285714,0.0,0.0,0.0,0.0,0.4999327505043712,0.0779442766793915,0.0,0.14409683592185485,0.46457695455785614,0.12147331731901465,0.17146451207121777,0.659919350296058,0.47308946593690787,0.6173728488505894,0.4914188454446598,0.3103178902352103,0.03744626915022595,0.3249477275228348,0.28764235294117646,0.5772162977635489,0.612247161927301,0.343520782396088,0.0,0.9288510078834197,0.0,0.0,0.0,0.0,1.0,1.0,0.0,0.4,1.0,0.6666666666666666,0.3333333333333333,0.9344262295081968,0.671875,0.9238095238095239,1.0,0.8421052631578947,1.0,0.5666666666666667,0.0,0.9166666666666666,1.0,0.5,0.0,0.9714285714285714,0.0,0.0,0.0,0.0
65,0.2936912610598689,0.5380403732024532,0.43233948299225067,0.4151248329238209,0.40045133573100705,0.8109339407744874,0.744791834061403,0.7896660586768189,0.7400040701473849,0.3582934359479171,0.17949419002050582,0.0,0.29158542072896354,0.28005649717514125,0.20669222725688394,0.1918132263704618,0.5355541964198247,0.4909784601995462,0.4747406313005575,0.6118137497350385,0.3337716840672849,0.41833561388232365,0.7716021513041688,0.15776279456114226,0.3818942031490489,0.707830492860433,0.46638629218629635,0.0,0.9235054266949742,0.0,0.0,0.0,0.0,1.0,0.5,0.0,0.6666666666666666,0.7857142857142857,0.25,0.3333333333333333,0.8405797101449275,0.9183673469387755,0.8623853211009175,0.75,0.7777777777777778,1.0,1.0,0.0,0.75,1.0,1.0,0.0,0.9714285714285714,0.0,0.0,0.0,0.0,0.4712650442868493,0.08075527400209115,0.0,0.15264218598686105,0.5061434260236207,0.14775133923009842,0.19382664726668053,0.6352367762378974,0.4354958214870337,0.6260545698700474,0.5271264031947792,0.2967617304661685,0.031026275001845155,0.3824626426176473,0.3748377575876109,0.6328028040314772,0.6755022198777968,0.3765127067365873,0.0,0.9260433687236842,0.0,0.0,0.0,0.0,1.0,1.0,0.0,0.4,1.0,1.0,0.3333333333333333,0.8923076923076924,0.6716417910447762,0.9494949494949495,1.0,0.84,1.0,0.5930232558139535,0.0,0.9230769230769231,1.0,0.6666666666666666,0.0,0.9444444444444444,0.0,0.0,0.0,0.0
66,0.29348080009974503,0.5352322721091397,0.4391977170195605,0.3962579997047009,0.3949436510897308,0.8154897494305239,0.7637681169889005,0.7962928670604955,0.7621718688585347,0.46382388473757213,0.1825017088174983,0.0,0.29843507824608767,0.2932015065913371,0.19963401882188916,0.19906407487401007,0.5106237638704655,0.4722204954464924,0.4625109175652401,0.6042676464353848,0.3437031870004231,0.37094165941037444,0.822311463853179,0.1227559473475466,0.4211873544202738,0.7793182865039152,0.43413628698132456,0.0,0.924921625429076,0.0,0.0,0.0,0.0,1.0,0.5,0.0,0.6666666666666666,0.8571428571428571,0.5,0.3333333333333333,0.8260869565217391,0.9183673469387755,0.8715596330275229,0.75,0.7407407407407407,1.0,1.0,0.0,0.8125,1.0,1.0,0.0,0.9714285714285714,0.0,0.0,0.0,0.0,0.4140272396852658,0.06883217324052592,0.0,0.13379508215094255,0.4546755446527656,0.13897482559902943,0.16701182155492278,0.6805944234861505,0.46412574033978304,0.6409301457488504,0.5696833242296265,0.29529690324608976,0.04666520609683578,0.3204256868954363,0.2915903798638392,0.571586542757573,0.5913459858096536,0.3580787525973245,0.0,0.9250042167300003,0.0,0.0,0.0,0.0,1.0,1.0,0.0,0.5,1.0,1.0,0.3333333333333333,0.9193548387096774,0.6617647058823529,0.9595959595959596,1.0,0.8333333333333334,1.0,0.5862068965517241,0.0,0.9285714285714286,1.0,0.6666666666666666,0.0,0.9444444444444444,0.0,0.0,0.0,0.0
67,0.2932752604469371,0.5381663589572733,0.4359998761917742,0.40515035393638077,0.3991028496529284,0.8132118451025057,0.7502020015829366,0.7793046326021176,0.7425320165078769,0.4278267484003759,0.16404647983595352,0.0,0.3000349982500875,0.28890772128060266,0.2056465667479958,0.19793273680962667,0.5192683966522899,0.483355608740248,0.47562219918536597,0.6212251819402247,0.3276881382291393,0.3494215698469959,0.8081410545826105,0.14809437929821673,0.377935257660683,0.7336250575771533,0.4946388790572755,0.0,0.9245867973570904,0.0,0.0,0.0,0.0,0.8571428571428571,0.5,0.0,0.6666666666666666,0.8571428571428571,0.5,0.3333333333333333,0.8405797101449275,0.9183673469387755,0.8807339449541285,0.75,0.7407407407407407,1.0,1.0,0.0,0.6875,1.0,1.0,0.0,0.9714285714285714,0.0,0.0,0.0,0.0,0.44262105360614756,0.07307715729858108,0.0,0.14820943442825388,0.47731798382078405,0.14874574561956386,0.19323259199759024,0.673367507047041,0.4498783164639813,0.6294972869755923,0.5118052483293362,0.28853211701983056,0.04032501184340861,0.34235180425343437,0.3170712168549227,0.6095417618010939,0.6645941998748175,0.35632011518387424,0.0,0.9262178184366009,0.0,0.0,0.0,0.0,1.0,1.0,0.0,0.4,0.9230769230769231,1.0,0.3333333333333333,0.9206349206349206,0.6923076923076923,0.9504950495049505,1.0,0.8333333333333334,1.0,0.5862068965517241,0.0,0.9166666666666666,1.0,0.5,0.0,0.9714285714285714,0.0,0.0,0.0,0.0
68,0.29322669751688196,0.53799558756868,0.43430921549590473,0.4038007551208017,0.3958184685869959,0.8154897494305239,0.755898240323081,0.7864223151097859,0.7496265379080254,0.3967515325070473,0.17416267942583732,0.0,0.3163841807909605,0.27252354048964217,0.20965493203206692,0.1945387226164764,0.5217836803100948,0.44200494203213875,0.4884294215118889,0.5913657881721189,0.35618474768150576,0.33685781813658416,0.8144856592923508,0.11246641872020714,0.43786266327563644,0.751174573929065,0.47833690741396184,0.0,0.9225976705887021,0.0,0.0,0.0,0.0,1.0,0.5,0.0,0.6666666666666666,0.7142857142857143,0.5,0.3333333333333333,0.8405797101449275,0.8775510204081632,0.8990825688073395,0.75,0.7407407407407407,1.0,1.0,0.0,0.8125,1.0,1.0,0.0,0.9714285714285714,0.0,0.0,0.0,0.0,0.45929916345083005,0.07192051484701366,0.0,0.14658327542274727,0.4870258809275401,0.1270729903876624,0.15378048780487805,0.6731186982539552,0.48672642094679874,0.6238528284084126,0.5856880939385033,0.28124477993327346,0.038302687411598306,0.33479740179399936,0.34174682220251495,0.5461348937480751,0.6386778413096263,0.3485232323538781,0.0,0.9239175790331233,0.0,0.0,0.0,0.0,1.0,1.0,0.0,0.5,1.0,1.0,0.25,0.9206349206349206,0.6935483870967742,0.9423076923076923,1.0,0.8695652173913043,1.0,0.5795454545454546,0.0,0.9285714285714286,1.0,0.5,0.0,0.9714285714285714,0.0,0.0,0.0,0.0
69,0.29317485620602246,0.5239525707581622,0.43295672082982395,0.38212322397187704,0.38304075349318256,0.7972665148063781,0.7460910056528041,0.7484183120103203,0.7267117359102513,0.40493981833639087,0.20833902939166096,0.0,0.30868456577171144,0.28757062146892653,0.2086964098989195,0.17936850766224416,0.5102954531614468,0.4591233332297268,0.4267074255768964,0.588016674909913,0.3352010886345184,0.3226769498693867,0.8242362315741115,0.10195987458000015,0.43846350115640714,0.7963611239060341,0.4721950407028794,0.0,0.9203853251056568,0.0,0.0,0.0,0.0,1.0,0.5,0.0,0.6666666666666666,0.7142857142857143,0.5,0.3333333333333333,0.8260869565217391,0.8979591836734694,0.8532110091743119,0.75,0.6666666666666666,1.0,1.0,0.0,0.75,1.0,1.0,0.0,0.9714285714285714,0.0,0.0,0.0,0.0,0.41749319555289016,0.0699724517906336,0.0,0.126079764749127,0.42963254740869955,0.14369712605747886,0.15555456450965527,0.6712406532210037,0.46065357133111656,0.6676863341145817,0.5034421013151368,0.2758156712380325,0.04231233484487652,0.3106331532284546,0.2792752167585627,0.5191747312613904,0.5459109567413957,0.3349282296650718,0.0,0.9247154277056795,0.0,0.0,0.0,0.0,1.0,0.5,0.0,0.4,1.0,1.0,0.2,0.9344262295081968,0.6376811594202898,0.9587628865979382,1.0,0.8571428571428571,1.0,0.5604395604395604,0.0,0.9230769230769231,1.0,0.5,0.0,1.0,0.0,0.0,0.0,0.0
70,0.29324468157320543,0.5306252116330474,0.4318579380386456,0.3929029477025976,0.38929006802828114,0.8109339407744874,0.7618249226764036,0.795257802596467,0.7600418811647889,0.37390934717437024,0.18933697881066303,0.0,0.2856857157142143,0.3055743879472693,0.21749738584872777,0.17700298261853337,0.5280560034525578,0.5101055232648494,0.4250708111240807,0.6133257966508867,0.3208269963064186,0.35103868640378155,0.8097331464011596,0.11920886620619467,0.42288286953587334,0.7561953017042837,0.44238096229518437,0.0,0.9256111232365721,0.0,0.0,0.0,0.0,1.0,0.5,0.0,0.6666666666666666,0.8571428571428571,0.5,0.3333333333333333,0.8260869565217391,0.9387755102040817,0.8532110091743119,0.75,0.7037037037037037,1.0,1.0,0.0,0.8125,1.0,1.0,0.0,0.9714285714285714,0.0,0.0,0.0,0.0,0.464327387897983,0.07097468484165215,0.0,0.1429429128933807,0.4536710842699771,0.1309892416688533,0.1801434029413304,0.656052736321681,0.4221151249373063,0.671426499266685,0.43500746694997644,0.29389704804005784,0.039300884339530676,0.3431667427558611,0.30056603773584906,0.5694604539812024,0.6211502080968596,0.35435185030768973,0.0,0.9227092914008802,0.0,0.0,0.0,0.0,1.0,1.0,0.0,0.5,1.0,1.0,0.3333333333333333,0.9193548387096774,0.647887323943662,0.96875,1.0,0.8260869565217391,1.0,0.5795454545454546,0.0,0.9285714285714286,1.0,0.6666666666666666,0.0,0.9444444444444444,0.0,0.0,0.0,0.0
71,0.2929374454837546,0.538070509329852,0.4347821252712631,0.4074077841661792,0.3977453433747575,0.8109339407744874,0.7466956199470238,0.7663798075562781,0.737637337358795,0.39661729831312365,0.17566643882433355,0.0,0.32738363081845906,0.28282485875706215,0.2181944928546532,0.18898488120950324,0.5289879822394498,0.46638874211295184,0.48756621962468066,0.6165618596763937,0.3256812542167435,0.36708545839034706,0.8174955841234386,0.12953581130126993,0.39131830415565816,0.7287885766927683,0.4578293185650934,0.0,0.9191675430068057,0.0,0.0,0.0,0.0,0.8571428571428571,0.5,0.0,0.6666666666666666,0.7857142857142857,0.5,0.3333333333333333,0.855072463768116,0.8775510204081632,0.8899082568807339,0.75,0.7037037037037037,1.0,1.0,0.0,0.75,1.0,1.0,0.0,0.9714285714285714,0.0,0.0,0.0,0.0,0.4631017998484888,0.08312309981240701,0.0,0.14116632532068557,0.47140435683344845,0.13433476394849786,0.1820388349514563,0.6610901366227802,0.4643608708434555,0.6226318230857834,0.5267853908843948,0.2959643352610166,0.03786148674655513,0.33592198881648755,0.32546158763584404,0.623977951309141,0.6809261490790153,0.3533835794751474,0.0,0.9298056345166202,0.0,0.0,0.0,0.0,1.0,1.0,0.0,0.4,1.0,0.6666666666666666,0.3333333333333333,0.9365079365079365,0.6825396825396826,0.9509803921568627,1.0,0.8636363636363636,1.0,0.5666666666666667,0.0,0.9230769230769231,1.0,0.5,0.0,0.9714285714285714,0.0,0.0,0.0,0.0
72,0.29280108684850414,0.5367210805141056,0.43223148825531715,0.4054130142941515,0.3942018533656866,0.7949886104783599,0.6922020358616936,0.7481616247270897,0.6988625784797783,0.3865049890375408,0.17935748462064252,0.0,0.30928453577321136,0.26917137476459513,0.2233356570233531,0.17463745757482257,0.5304018364218369,0.48243092033692847,0.4855500412214613,0.5831272521726842,0.29161568457043535,0.38051996516979725,0.8331551140999136,0.11264601776533888,0.4353029292904352,0.7617687701520037,0.42505881618121627,0.0,0.9162979424194925,0.0,0.0,0.0,0.0,0.8571428571428571,0.5,0.0,0.6666666666666666,0.7857142857142857,0.5,0.0,0.8260869565217391,0.8979591836734694,0.8990825688073395,0.75,0.5555555555555556,1.0,1.0,0.0,0.75,1.0,0.5,0.0,0.9714285714285714,0.0,0.0,0.0,0.0,0.48936351018327057,0.07156103414421294,0.0,0.1310732069075114,0.4939009640968935,0.13673708920187794,0.15508973832031786,0.6478326671582133,0.4610004121047414,0.6181498397061193,0.6025934958162357,0.3287758654032102,0.03937849179990217,0.31454092007368245,0.30268846393597554,0.5804023133566718,0.6298031151224343,0.3615306971719998,0.0,0.9330124327914558,0.0,0.0,0.0,0.0,1.0,1.0,0.0,0.3333333333333333,1.0,1.0,0.0,0.9193548387096774,0.6666666666666666,0.9333333333333333,1.0,0.8823529411764706,1.0,0.5604395604395604,0.0,0.8,1.0,0.4,0.0,0.9714285714285714,0.0,0.0,0.0,0.0
73,0.29289487502489736,0.5314786500186885,0.4334305702038916,0.40331413897522994,0.3946626479793649,0.7995444191343963,0.7523636172374863,0.7796935001853034,0.7437418466696049,0.39203096335406507,0.15598086124401914,0.0,0.3316834158292085,0.28173258003766477,0.21113628441965843,0.17474030648976654,0.5037742493202115,0.4996658688962795,0.43619244300418747,0.593061541722603,0.3729030634998685,0.3628560766264461,0.8137569406490348,0.12855549984659248,0.4157715828374363,0.7275449101796407,0.47827444775249317,0.0,0.9220892279608722,0.0,0.0,0.0,0.0,1.0,0.5,0.0,0.6666666666666666,0.7142857142857143,0.5,0.3333333333333333,0.8115942028985508,0.8979591836734694,0.8440366972477065,0.75,0.7407407407407407,1.0,1.0,0.0,0.8125,1.0,1.0,0.0,0.9714285714285714,0.0,0.0,0.0,0.0,0.4654059653130063,0.08184491786815867,0.0,0.13830341693247442,0.4719094034888489,0.14741132810123503,0.1531803633412974,0.6851526434430657,0.44674561351707176,0.6639930913654494,0.5504144370999895,0.27206287230314863,0.042984291650702895,0.33135835120708285,0.32280431432973805,0.5598656721380518,0.667892934162121,0.333193124954674,0.0,0.9251317603380231,0.0,0.0,0.0,0.0,1.0,1.0,0.0,0.5,1.0,1.0,0.25,0.9180327868852459,0.6285714285714286,0.9583333333333334,1.0,0.8,1.0,0.5795454545454546,0.0,0.9285714285714286,1.0,0.5,0.0,0.9714285714285714,0.0,0.0,0.0,0.0
74,0.29266774640477994,0.5305046671234522,0.43202053556992737,0.39982031922861755,0.3902635492624054,0.7995444191343963,0.7391276840233254,0.7585911241266163,0.7248839107660167,0.3894357689382075,0.20328092959671906,0.0,0.29773511324433777,0.2716572504708098,0.23771348902056466,0.1961328807981076,0.5183708375365047,0.47082569235072885,0.4699817972557118,0.5865752843920017,0.30408009239671124,0.3374797860430402,0.8369571244128666,0.11697136143559503,0.36840415812736116,0.7539843390142791,0.4975120234848327,0.0,0.9192717117403123,0.0,0.0,0.0,0.0,1.0,0.5,0.0,0.6666666666666666,0.7142857142857143,0.5,0.3333333333333333,0.8260869565217391,0.8979591836734694,0.8899082568807339,0.75,0.6296296296296297,1.0,1.0,0.0,0.625,1.0,1.0,0.0,0.9714285714285714,0.0,0.0,0.0,0.0,0.4686608152495827,0.06649673553349432,0.0,0.13001615649971618,0.45996620005739614,0.12376933895921238,0.1773953488372093,0.6690016435959556,0.4677291113444081,0.6265844308835812,0.5954098830954601,0.3037830798142447,0.03906238751385829,0.30229816987517844,0.2889813274172675,0.5873167915392791,0.6237948248923441,0.33547662501754877,0.0,0.9310228759893796,0.0,0.0,0.0,0.0,1.0,1.0,0.0,0.3333333333333333,1.0,0.6666666666666666,0.3333333333333333,0.9193548387096774,0.676923076923077,0.9509803921568627,1.0,0.8947368421052632,1.0,0.5543478260869565,0.0,0.9090909090909091,1.0,0.4444444444444444,0.0,0.9714285714285714,0.0,0.0,0.0,0.0
75,0.29268945243082656,0.5367223361860806,0.4318924311547585,0.4083395665558333,0.39686837482442416,0.806378132118451,0.7260004725912486,0.7829395127393305,0.7276720729871893,0.3616045460647009,0.1697881066302119,0.0,0.3473326333683316,0.28532956685499056,0.1988497734402231,0.19489869381878022,0.5191651376389694,0.4734637739719641,0.4914169571215176,0.5822087189995054,0.3317590824366202,0.39047145167309366,0.8090123486126622,0.1300970583173066,0.3931208177979703,0.73519115614924,0.4395494576419396,0.0,0.920804480247624,0.0,0.0,0.0,0.0,0.8571428571428571,0.5,0.0,0.6666666666666666,0.8571428571428571,0.25,0.3333333333333333,0.8115942028985508,0.8775510204081632,0.8899082568807339,0.75,0.7407407407407407,1.0,1.0,0.0,0.8125,1.0,0.75,0.0,0.9714285714285714,0.0,0.0,0.0,0.0,0.4941453422605399,0.08184514003294893,0.0,0.1470482399508922,0.49099099099099097,0.1403875730544448,0.19927440980072558,0.6643694751357816,0.44875954233611853,0.6185006729198558,0.5353847753203212,0.3009512349456956,0.038496915586406506,0.3423039670756516,0.29057329099114154,0.6184914211719003,0.6620349247169107,0.35002321108826845,0.0,0.9265310706264038,0.0,0.0,0.0,0.0,1.0,1.0,0.0,0.3333333333333333,1.0,1.0,0.3333333333333333,0.9032258064516129,0.6615384615384615,0.9326923076923077,1.0,0.8695652173913043,1.0,0.5862068965517241,0.0,0.9285714285714286,1.0,0.6,0.0,0.9444444444444444,0.0,0.0,0.0,0.0
76,0.2924659094824698,0.5397120911584369,0.4329635259890415,0.40504580335817,0.39612149509081246,0.8041002277904328,0.7348649555997553,0.7817350744088271,0.7276250479730727,0.38565483914269094,0.1645933014354067,0.0,0.29073546322683863,0.2687758945386064,0.19902405019170444,0.1969042476601872,0.5266315586021377,0.48701162465421316,0.4888028634630925,0.5926376033349819,0.3201523173506844,0.36024381141933076,0.8210995730659253,0.11013911442704163,0.38755689440891544,0.7549976969138645,0.5113156086694011,0.0,0.9270670052977241,0.0,0.0,0.0,0.0,1.0,0.5,0.0,0.6666666666666666,0.7142857142857143,0.25,0.3333333333333333,0.8260869565217391,0.9183673469387755,0.8807339449541285,0.75,0.6666666666666666,1.0,1.0,0.0,0.75,1.0,1.0,0.0,0.9714285714285714,0.0,0.0,0.0,0.0,0.4596677421935415,0.08648182732366039,0.0,0.1577633685124393,0.46638998725531844,0.14039832800590116,0.16652894359152787,0.6628454124955011,0.45679790676656656,0.6254759007515185,0.5638040438804044,0.297011006497812,0.04052219905690738,0.3305801727794272,0.3262329602127895,0.5936633213979525,0.6446297243088056,0.3508228101251357,0.0,0.9212088052918502,0.0,0.0,0.0,0.0,1.0,1.0,0.0,0.5,1.0,1.0,0.25,0.9047619047619048,0.6617647058823529,0.9504950495049505,1.0,0.8571428571428571,1.0,0.5795454545454546,0.0,0.9230769230769231,1.0,0.5,0.0,0.9444444444444444,0.0,0.0,0.0,0.0
77,0.29238730651329925,0.5340850064813601,0.43451304329242335,0.3988273262148284,0.39419439149391255,0.8086560364464692,0.7523934645878916,0.7878208822103212,0.7480936478028044,0.42550002237236567,0.18523581681476417,0.0,0.32258387080645967,0.28743879472693035,0.21645172533983967,0.17623161575645377,0.5295916503173229,0.4598421036272651,0.45845203209560115,0.6038437080477638,0.32857436906082405,0.34693369822117176,0.8079984791958749,0.12949839483353415,0.4104134258459057,0.755043758636573,0.4477316732943307,0.0,0.9298696402706403,0.0,0.0,0.0,0.0,1.0,0.5,0.0,0.6666666666666666,0.7857142857142857,0.5,0.3333333333333333,0.8405797101449275,0.8979591836734694,0.8807339449541285,0.75,0.6666666666666666,1.0,1.0,0.0,0.75,1.0,1.0,0.0,0.9714285714285714,0.0,0.0,0.0,0.0,0.4511148007590133,0.08309824604440083,0.0,0.14020600634534314,0.46258524018790725,0.14535666218034993,0.17782274802822748,0.6532973188360829,0.45937449058009827,0.6490360864503194,0.48273252070177025,0.2842269779956179,0.036849615516740215,0.3318833695553155,0.31292381692916943,0.597574421168688,0.6222053520592142,0.37088456961523203,0.0,0.9177196289134213,0.0,0.0,0.0,0.0,1.0,1.0,0.0,0.4,1.0,1.0,0.3333333333333333,0.9206349206349206,0.676923076923077,0.9504950495049505,1.0,0.9,1.0,0.5604395604395604,0.0,0.9230769230769231,1.0,0.5714285714285714,0.0,0.9444444444444444,0.0,0.0,0.0,0.0
78,0.29248468981874887,0.5359379597590617,0.43446494176875267,0.40273742388913036,0.39700392291060593,0.8109339407744874,0.7555370529411073,0.7935449161858475,0.7542343927010646,0.3564141572329858,0.20533151059466848,0.0,0.303934803259837,0.3071563088512241,0.2086964098989195,0.19685282320271522,0.5305395151062641,0.47407764274391573,0.4682084581540948,0.6022892672931534,0.30192455030932314,0.34419703943276525,0.8327590713589811,0.13436253563918552,0.41908853716552674,0.7477660064486412,0.4646166017780184,0.0,0.9221537133673288,0.0,0.0,0.0,0.0,1.0,0.5,0.0,0.6666666666666666,0.7857142857142857,0.5,0.3333333333333333,0.855072463768116,0.8775510204081632,0.8807339449541285,0.75,0.6666666666666666,1.0,1.0,0.0,0.8125,1.0,1.0,0.0,0.9714285714285714,0.0,0.0,0.0,0.0,0.4859827339007352,0.08876543939483482,0.0,0.15117377897145132,0.45917792792792794,0.13516564140188497,0.17938144329896907,0.663239806304055,0.4562706363184247,0.6314805895385801,0.5247663724005467,0.3124541430972048,0.04577715278352221,0.30879191240395687,0.27928138124125057,0.5870254441485375,0.663804383382401,0.3507757116584668,0.0,0.9259591318315963,0.0,0.0,0.0,0.0,1.0,1.0,0.0,0.5,1.0,1.0,0.3333333333333333,0.921875,0.6825396825396826,0.9411764705882353,1.0,0.9,1.0,0.5604395604395604,0.0,0.9285714285714286,1.0,0.5714285714285714,0.0,0.9444444444444444,0.0,0.0,0.0,0.0
79,0.29228728172796903,0.5296127214639126,0.43471436094723415,0.39168055352845244,0.39031733857620887,0.806378132118451,0.7415485144576626,0.7717800912858975,0.7385544236035121,0.39782540605843664,0.1926179084073821,0.0,0.29418529073546323,0.31242937853107344,0.22464273265946322,0.14799958860434023,0.4989263710281685,0.46903847947036337,0.45065056444832624,0.5923125839044725,0.31773376482292537,0.3776589128000995,0.7959825424359797,0.15515112511318482,0.43629883865445235,0.7505757715338554,0.483375320105765,0.0,0.927453917736463,0.0,0.0,0.0,0.0,1.0,0.5,0.0,0.6666666666666666,0.8571428571428571,0.5,0.0,0.8260869565217391,0.8979591836734694,0.8623853211009175,0.75,0.7037037037037037,1.0,1.0,0.0,0.8125,1.0,1.0,0.0,0.9714285714285714,0.0,0.0,0.0,0.0,0.45931704293020614,0.07246078683466187,0.0,0.13709545888767213,0.4225244498777506,0.15199575496727788,0.16439138630262182,0.690097157066318,0.44434261232512173,0.6463286856554162,0.40959817066020404,0.30443357309944724,0.03182723555928294,0.34911359775437817,0.326750929836727,0.5553181013440607,0.6196053081866231,0.34847802593659943,0.0,0.9165716862877746,0.0,0.0,0.0,0.0,1.0,1.0,0.0,0.5,1.0,1.0,0.0,0.9344262295081968,0.6470588235294118,0.9591836734693877,1.0,0.8260869565217391,1.0,0.5730337078651685,0.0,0.8666666666666667,1.0,0.6666666666666666,0.0,0.918918918918919,0.0,0.0,0.0,0.0
80,0.29210327489096016,0.5328519366019591,0.4326681874522543,0.4006552803823013,0.3925865492238725,0.8018223234624146,0.7370705764934861,0.7640563770672251,0.7292325248248889,0.36437871940579,0.21585782638414217,0.0,0.30913454327283635,0.26429378531073444,0.21270477518299058,0.144554149953718,0.5205286861482005,0.5020669505485966,0.44649780832428637,0.597300925598813,0.32581275943692894,0.35514367458639134,0.813455948165926,0.14495139600841123,0.40304698881453865,0.7542607093505297,0.4914326164352189,0.0,0.9226051112125241,0.0,0.0,0.0,0.0,1.0,0.5,0.0,0.6666666666666666,0.7857142857142857,0.5,0.0,0.8260869565217391,0.8979591836734694,0.8532110091743119,0.75,0.7037037037037037,1.0,1.0,0.0,0.8125,1.0,1.0,0.0,0.9714285714285714,0.0,0.0,0.0,0.0,0.5155255911119552,0.06360779890428618,0.0,0.12764244426094137,0.48659893901043655,0.15044684129429892,0.17584136119104216,0.6606504381956019,0.4436281493636904,0.6565838434761734,0.5093389246378908,0.29533651902604874,0.05227980223402307,0.32842130846620743,0.26251948227959615,0.5738106397937661,0.655393235941565,0.328833535336649,0.0,0.925336192357252,0.0,0.0,0.0,0.0,1.0,1.0,0.0,0.5,1.0,1.0,0.0,0.9193548387096774,0.6376811594202898,0.9587628865979382,1.0,0.8260869565217391,1.0,0.5730337078651685,0.0,0.8666666666666667,1.0,0.5,0.0,0.9714285714285714,0.0,0.0,0.0,0.0
81,0.2921597594719232,0.5359099164182878,0.43270497817166487,0.39868612268405657,0.39323483974504125,0.8041002277904328,0.7515746593589347,0.7843957027595287,0.7460133907584404,0.35992661864065506,0.16390977443609023,0.0,0.2955352232388381,0.2929001883239171,0.20948065528058557,0.1554561349377764,0.5172879417301445,0.4662605290150126,0.47211021231093225,0.6109376104006218,0.3215817219179179,0.3566363975618858,0.8235154337856141,0.127380622759689,0.4184136233816473,0.7853063104560111,0.4817097291332681,0.0,0.9303408797793608,0.0,0.0,0.0,0.0,1.0,0.5,0.0,0.6666666666666666,0.8571428571428571,0.5,0.3333333333333333,0.8260869565217391,0.8979591836734694,0.8715596330275229,0.75,0.6666666666666666,1.0,1.0,0.0,0.6875,1.0,1.0,0.0,0.9714285714285714,0.0,0.0,0.0,0.0,0.4967118466145914,0.07578534858732065,0.0,0.14037712548684336,0.49780750888198955,0.140593017135505,0.19189995556401956,0.673502523372218,0.46185522573593646,0.6295796380102812,0.4920445233542748,0.29090420084616897,0.04675701681426032,0.3259327995586013,0.2587048041704029,0.584590616375345,0.6024381625441696,0.34828094894026973,0.0,0.9185849463208212,0.0,0.0,0.0,0.0,1.0,1.0,0.0,0.4,1.0,1.0,0.3333333333333333,0.9193548387096774,0.6567164179104478,0.9595959595959596,1.0,0.8571428571428571,1.0,0.5604395604395604,0.0,0.9166666666666666,1.0,0.5714285714285714,0.0,0.9444444444444444,0.0,0.0,0.0,0.0
82,0.2922336145936369,0.5278690116480318,0.43469407924237874,0.3865246363887313,0.3851342897604979,0.8018223234624146,0.7461917963371829,0.7575959976816776,0.7308748051615409,0.4630408519396841,0.20109364319890635,0.0,0.2550872456377181,0.2931073446327684,0.23231090972464274,0.18497377352668928,0.5225515037424773,0.46030833307431696,0.4438347386722608,0.5910831625803716,0.3222392480188453,0.3374797860430402,0.823087707625407,0.12351924328935651,0.3520086915726314,0.7918010133578995,0.5008640253169828,0.0,0.9261022044088176,0.0,0.0,0.0,0.0,1.0,0.5,0.0,0.6666666666666666,0.7857142857142857,0.5,0.3333333333333333,0.8260869565217391,0.8979591836734694,0.8715596330275229,0.75,0.7037037037037037,1.0,1.0,0.0,0.625,1.0,1.0,0.0,0.9714285714285714,0.0,0.0,0.0,0.0,0.4153772051297489,0.06755143277002204,0.0,0.12979546148366744,0.4314105940072622,0.11437642112488738,0.16412666544989962,0.6597371253601824,0.4698072805139186,0.6521237234572047,0.5197703606133658,0.2928622649941281,0.03654708822221923,0.3157578077995952,0.2961248654467169,0.5907835119902751,0.5389221556886228,0.3410453791519585,0.0,0.9213241117934875,0.0,0.0,0.0,0.0,1.0,1.0,0.0,0.3333333333333333,1.0,0.6666666666666666,0.3333333333333333,0.9344262295081968,0.6567164179104478,0.9595959595959596,1.0,0.8260869565217391,1.0,0.5730337078651685,0.0,0.9090909090909091,1.0,0.5,0.0,0.9444444444444444,0.0,0.0,0.0,0.0
83,0.2921886193621362,0.5366218824280845,0.4367302497175309,0.40140928210582194,0.39490532648326565,0.806378132118451,0.7528407717984839,0.7675562315174564,0.7424595870971481,0.38364132623383596,0.17894736842105263,0.0,0.3497325133743313,0.2830696798493409,0.21784593935169047,0.17201481024375193,0.502834327532295,0.4837713299972026,0.480311650572611,0.5880449374690878,0.33915196285835175,0.36994651076004476,0.8086242267265483,0.12554721584063577,0.41790332271578723,0.7776600644864118,0.4553725718806604,0.0,0.9267247366019167,0.0,0.0,0.0,0.0,1.0,0.5,0.0,0.6666666666666666,0.7857142857142857,0.5,0.3333333333333333,0.8115942028985508,0.8979591836734694,0.8807339449541285,0.75,0.7037037037037037,1.0,1.0,0.0,0.75,1.0,1.0,0.0,0.9714285714285714,0.0,0.0,0.0,0.0,0.47974485228290065,0.07224460511065732,0.0,0.14213435201365465,0.4753035669112067,0.13378284368812543,0.1569611937497067,0.6865914456250204,0.4610147025610077,0.6270079331674596,0.5403162979121221,0.2953724959043128,0.038418312642906044,0.3394571372519028,0.3125954909632942,0.5858042780995454,0.6071929509081101,0.35091209549326957,0.0,0.9205125236195933,0.0,0.0,0.0,0.0,1.0,1.0,0.0,0.4,1.0,0.6666666666666666,0.3333333333333333,0.9333333333333333,0.6470588235294118,0.96,1.0,0.8636363636363636,1.0,0.5730337078651685,0.0,0.9230769230769231,1.0,0.5714285714285714,0.0,0.9444444444444444,0.0,0.0,0.0,0.0
84,0.2919385627034544,0.5381910538394473,0.4361938726776544,0.40433603317671357,0.39589268998781857,0.8109339407744874,0.7533651025721245,0.7812647041337819,0.7429770830591833,0.36446820886840575,0.18879015721120984,0.0,0.31793410329483524,0.2761016949152542,0.20817357964447541,0.17453460865987863,0.5301926707281879,0.48259021539800456,0.4773751316229828,0.6132268776937752,0.3262244279522922,0.38562010200273666,0.8085687807428178,0.12920654638519505,0.3983225923273826,0.7316444035006909,0.5186858487227,0.0,0.9198297585269549,0.0,0.0,0.0,0.0,1.0,0.5,0.0,0.6666666666666666,0.7857142857142857,0.5,0.3333333333333333,0.8260869565217391,0.9183673469387755,0.8807339449541285,0.75,0.7407407407407407,1.0,1.0,0.0,0.6875,1.0,1.0,0.0,0.9714285714285714,0.0,0.0,0.0,0.0,0.5155706057345402,0.07237945492662473,0.0,0.14692019777274617,0.4824284304047384,0.13315868680675547,0.1638030888030888,0.651733407972505,0.45582185622699534,0.6290395443765024,0.5004324511330219,0.29998370110990186,0.041667786768461515,0.35247990387005884,0.33287705565944975,0.571281857566135,0.6600731382978723,0.34091904318791394,0.0,0.9274783865635323,0.0,0.0,0.0,0.0,1.0,1.0,0.0,0.4,1.0,1.0,0.3333333333333333,0.9193548387096774,0.6617647058823529,0.96,1.0,0.8695652173913043,1.0,0.5862068965517241,0.0,0.9166666666666666,1.0,0.4444444444444444,0.0,0.9714285714285714,0.0,0.0,0.0,0.0
85,0.29189194817822944,0.5355704664277262,0.43002016204542537,0.3993017722228454,0.3920107396090737,0.8041002277904328,0.7335658248363388,0.7590580123538565,0.7237361917878953,0.36663832833683835,0.17170198222829802,0.0,0.3249837508124594,0.2900188323917137,0.23300801673056815,0.1671809112413864,0.5004011215517447,0.48748562459204925,0.48778661159588277,0.5845969052497704,0.3256869718350124,0.34071401915661154,0.80232714714572,0.1299473924463635,0.40288237569651925,0.7203592814371258,0.4788365847057109,0.0,0.9258070596638822,0.0,0.0,0.0,0.0,1.0,0.5,0.0,0.6666666666666666,0.8571428571428571,0.5,0.0,0.8260869565217391,0.8979591836734694,0.8807339449541285,0.75,0.6666666666666666,1.0,1.0,0.0,0.6875,1.0,1.0,0.0,0.9714285714285714,0.0,0.0,0.0,0.0,0.492309540975727,0.0692087282345162,0.0,0.11762576909156713,0.4500818330605565,0.12800995739384366,0.15249308128899103,0.6917341941717724,0.45354679660502306,0.6245179595974375,0.5362221156463467,0.2965010358433014,0.04039763425318211,0.343282317536059,0.30831646603458684,0.5448585231193926,0.6728187919463087,0.34381259903728284,0.0,0.9216945561753224,0.0,0.0,0.0,0.0,1.0,1.0,0.0,0.4,1.0,1.0,0.0,0.9344262295081968,0.6666666666666666,0.9411764705882353,1.0,0.8571428571428571,1.0,0.5730337078651685,0.0,0.8461538461538461,1.0,0.5,0.0,0.9444444444444444,0.0,0.0,0.0,0.0
86,0.29199208611224836,0.537543127100373,0.4328094040112243,0.4042511691796571,0.39466377242154416,0.8132118451025057,0.7538406271543566,0.7883333779278398,0.7507340998606347,0.39080048324309813,0.21038961038961038,0.0,0.2744362781860907,0.2787005649717514,0.2170616939700244,0.17782577393808496,0.5074783354647052,0.44507817113728904,0.5078810536368756,0.5963541298664594,0.35661928666994475,0.3679562134593855,0.8166797360771174,0.1072730129984809,0.3966023852440801,0.7259788116075542,0.49241115113156086,0.0,0.9210425802099248,0.0,0.0,0.0,0.0,1.0,0.5,0.0,0.6666666666666666,0.7142857142857143,0.5,0.3333333333333333,0.8405797101449275,0.8775510204081632,0.8990825688073395,0.75,0.7037037037037037,1.0,1.0,0.0,0.8125,1.0,1.0,0.0,0.9714285714285714,0.0,0.0,0.0,0.0,0.48174296745725315,0.06920897603093942,0.0,0.13958751875492714,0.4600105685244475,0.12885371404924478,0.17795389048991356,0.6866865145473501,0.476437242922439,0.6100852324957163,0.5475884619876211,0.2807045968010513,0.04539873534286942,0.33312117139238545,0.30718954248366015,0.6005833084056237,0.6496166845272443,0.35691541537765037,0.0,0.9248365036434908,0.0,0.0,0.0,0.0,1.0,1.0,0.0,0.5,1.0,1.0,0.25,0.9206349206349206,0.7049180327868853,0.9333333333333333,1.0,0.8636363636363636,1.0,0.5730337078651685,0.0,0.9285714285714286,1.0,0.5714285714285714,0.0,0.9444444444444444,0.0,0.0,0.0,0.0
87,0.29189982046199797,0.5361849085808018,0.4399076817411306,0.40176261968909893,0.39810320540879096,0.8132118451025057,0.7651349960347862,0.8040473303191723,0.7670037885012988,0.4252539263501723,0.20232399179767602,0.0,0.27733613319334033,0.30274952919020715,0.23483792262112235,0.17654016250128562,0.5254586421174982,0.515032014422031,0.43817393007860644,0.607206952589557,0.3479856830838546,0.3604925985819132,0.7921092444296588,0.13204271463956715,0.3866432916039079,0.745601105481345,0.519581103870417,0.0,0.9289693247881903,0.0,0.0,0.0,0.0,1.0,0.5,0.0,0.6666666666666666,0.8571428571428571,0.5,0.3333333333333333,0.8115942028985508,0.9387755102040817,0.8532110091743119,0.75,0.7777777777777778,1.0,1.0,0.0,0.8125,1.0,1.0,0.0,0.9714285714285714,0.0,0.0,0.0,0.0,0.4539765942202054,0.07787834140181014,0.0,0.15942403862734955,0.4643022181146026,0.1451265481960151,0.17399016775632253,0.6509180239689859,0.4292097432726025,0.6620734098841871,0.4916249056085673,0.2833123082723917,0.042115359462876575,0.36100602139979493,0.3350931500085459,0.6031998767302704,0.6233441158348737,0.35740268667831465,0.0,0.9177296449660647,0.0,0.0,0.0,0.0,1.0,1.0,0.0,0.6666666666666666,1.0,1.0,0.3333333333333333,0.9180327868852459,0.6388888888888888,0.96875,1.0,0.84,1.0,0.5930232558139535,0.0,0.9285714285714286,1.0,0.6666666666666666,0.0,0.918918918918919,0.0,0.0,0.0,0.0
88,0.2916519814398741,0.5328615634204337,0.4396513938273623,0.4008858579036908,0.3967940841596857,0.8086560364464692,0.7468168937171603,0.7894233318878704,0.7405446960205881,0.4211597834355005,0.180041011619959,0.0,0.3106344682765862,0.29954802259887003,0.20948065528058557,0.19371593129692483,0.5424037109700787,0.5171300469337643,0.4097576504583337,0.5996891118490779,0.3297121750963419,0.3951984077621595,0.8057806398466523,0.14154649744445524,0.41418306624854934,0.76480884385076,0.4531032041806333,0.0,0.9258318617432886,0.0,0.0,0.0,0.0,1.0,0.5,0.0,0.6666666666666666,0.8571428571428571,0.25,0.3333333333333333,0.8405797101449275,0.9387755102040817,0.8440366972477065,0.75,0.7407407407407407,1.0,1.0,0.0,0.75,1.0,1.0,0.0,0.9714285714285714,0.0,0.0,0.0,0.0,0.42172588377615483,0.08280414963847847,0.0,0.14651574106827026,0.48154763706820863,0.14041235909117458,0.18263356928148938,0.6422518520376332,0.41662936541970946,0.6808051834447123,0.4870650078046093,0.29435846128716103,0.041465993186890635,0.3501063441696551,0.3143488665824636,0.6156198771745247,0.6246567096798465,0.37032688413565434,0.0,0.9226715574197981,0.0,0.0,0.0,0.0,1.0,1.0,0.0,0.4,1.0,1.0,0.3333333333333333,0.90625,0.647887323943662,0.968421052631579,1.0,0.8333333333333334,1.0,0.5862068965517241,0.0,0.9230769230769231,1.0,0.6666666666666666,0.0,0.9444444444444444,0.0,0.0,0.0,0.0
89,0.2916384808213804,0.5317314586429785,0.43664354635398317,0.3965575343788163,0.3936730286331529,0.8086560364464692,0.7576005264959131,0.7842073492930294,0.7497268173468865,0.4351872567005235,0.18810663021189336,0.0,0.3029848507574621,0.31760828625235404,0.2229871035203904,0.17756865165072508,0.5064616313335505,0.4653552668386535,0.45893158869960576,0.5954214654136932,0.3346922206085833,0.351287473566364,0.822675823174837,0.12659487693723762,0.3981826711770661,0.7389682174113312,0.4932231267306531,0.0,0.9233466933867736,0.0,0.0,0.0,0.0,1.0,0.5,0.0,0.6666666666666666,0.9285714285714286,0.5,0.3333333333333333,0.8260869565217391,0.8979591836734694,0.8715596330275229,0.75,0.7037037037037037,1.0,1.0,0.0,0.6875,1.0,1.0,0.0,0.9714285714285714,0.0,0.0,0.0,0.0,0.45548634852245584,0.0754675588219163,0.0,0.12867881258759079,0.4563164587786466,0.14634564794692898,0.1688756296767252,0.6851487701879372,0.4687206499279945,0.635540508843868,0.49919437006847855,0.2975151585998689,0.03910111737258214,0.3204835857923531,0.2941677679627182,0.5640170681092173,0.6333346492440093,0.34617801353148336,0.0,0.9234635028439181,0.0,0.0,0.0,0.0,1.0,1.0,0.0,0.4,1.0,1.0,0.3333333333333333,0.9344262295081968,0.6567164179104478,0.9595959595959596,1.0,0.8260869565217391,1.0,0.5730337078651685,0.0,0.9166666666666666,1.0,0.5714285714285714,0.0,0.9444444444444444,0.0,0.0,0.0,0.0
90,0.2917164333718958,0.5329494604586802,0.43274920941903827,0.40042973783036034,0.39516804594626787,0.8086560364464692,0.759015135549411,0.7889326651300292,0.7522138147697303,0.37959192805047204,0.19193438140806562,0.0,0.2842357882105895,0.31990583804143125,0.20887068665040084,0.18641365833590456,0.5251065024054055,0.4749362819755696,0.4614477303708299,0.6024871052073766,0.308682775103203,0.35501928100510016,0.8264065457944222,0.1315637838525492,0.3917545289184095,0.7331644403500691,0.48722699922966417,0.0,0.9207375146332268,0.0,0.0,0.0,0.0,1.0,0.5,0.0,0.6666666666666666,0.9285714285714286,0.5,0.3333333333333333,0.8260869565217391,0.8979591836734694,0.8715596330275229,0.75,0.6666666666666666,1.0,1.0,0.0,0.75,1.0,1.0,0.0,0.9714285714285714,0.0,0.0,0.0,0.0,0.4699609450738166,0.08353662164574284,0.0,0.1373221575400372,0.44551391329434287,0.15049915238274628,0.1792424841772152,0.6554932361194198,0.46000398887630345,0.638328623813328,0.5048250547628915,0.2967939132729352,0.0397282775132938,0.3223606764034321,0.2675340485429506,0.5950517577636646,0.684513826172967,0.34956532130373735,0.0,0.9274612822876616,0.0,0.0,0.0,0.0,1.0,1.0,0.0,0.4,1.0,1.0,0.3333333333333333,0.9344262295081968,0.6470588235294118,0.9595959595959596,1.0,0.9,1.0,0.5604395604395604,0.0,0.9230769230769231,1.0,0.5714285714285714,0.0,0.9714285714285714,0.0,0.0,0.0,0.0
91,0.29142158990394185,0.5342260602998796,0.4388983681636977,0.40384436971515236,0.39472424409778467,0.8200455580865603,0.7619241074600591,0.7733690047232872,0.7522704175391302,0.3358315808313571,0.1797676008202324,0.0,0.3634818259087046,0.28182674199623353,0.22812826768909028,0.20929754191093283,0.5084870965948355,0.45222702265875114,0.47532630255736313,0.6014555217974987,0.3620224359340873,0.3766637641497699,0.8132658476502784,0.13406320389729928,0.4259940574664395,0.7715799170888992,0.46453332222939353,0.0,0.9162185757653921,0.0,0.0,0.0,0.0,1.0,0.5,0.0,0.6666666666666666,0.7857142857142857,0.5,0.3333333333333333,0.8405797101449275,0.8775510204081632,0.8990825688073395,0.75,0.7777777777777778,1.0,1.0,0.0,0.8125,1.0,1.0,0.0,0.9714285714285714,0.0,0.0,0.0,0.0,0.5386464762451557,0.06490301564582203,0.0,0.14342645202020202,0.47816084608748444,0.1263757482139409,0.17411764705882352,0.6787789464755281,0.46994509043927646,0.6312401930628538,0.5297800570084268,0.2835169952580745,0.04087473002159827,0.3377700871121404,0.3289026785878206,0.5856719322862445,0.5863964153189106,0.338553046856033,0.0,0.9321382971744057,0.0,0.0,0.0,0.0,1.0,1.0,0.0,0.5,1.0,0.6666666666666666,0.25,0.9354838709677419,0.6935483870967742,0.9423076923076923,1.0,0.875,1.0,0.5862068965517241,0.0,0.9285714285714286,1.0,0.5714285714285714,0.0,0.9714285714285714,0.0,0.0,0.0,0.0
92,0.29145036435543265,0.537846999718311,0.4303622667644962,0.3952978279812392,0.3915191608643467,0.806378132118451,0.7111845623302037,0.7098110628618088,0.6942180072471048,0.402501230480111,0.151742993848257,0.0,0.3126343682815859,0.2889265536723164,0.20224817009410945,0.15787308443895917,0.5043646790630436,0.46821869269263044,0.4964165898015656,0.5848230057231683,0.3125421674347334,0.3316332877223535,0.8124420787491387,0.12162597002192604,0.4428998246870293,0.7451865499769691,0.4830422019112656,0.0,0.9273993531617691,0.0,0.0,0.0,0.0,1.0,0.0,0.0,0.6666666666666666,0.8571428571428571,0.5,0.0,0.8260869565217391,0.8979591836734694,0.8899082568807339,0.75,0.6296296296296297,1.0,1.0,0.0,0.8125,1.0,1.0,0.0,0.9714285714285714,0.0,0.0,0.0,0.0,0.4767595929616282,0.0720218011938749,0.0,0.13157285639137295,0.4733870221234842,0.14349304482225658,0.16539166038142442,0.6978901438688145,0.46104641376038685,0.6255065517454179,0.44824374235055836,0.3026459303387832,0.04268536753286261,0.3318289901489785,0.29783763972878874,0.5403795942960434,0.6411191249900927,0.344499383788439,0.0,0.9190520432390981,0.0,0.0,0.0,0.0,1.0,0.0,0.0,0.4,1.0,1.0,0.0,0.9344262295081968,0.676923076923077,0.9326923076923077,1.0,0.85,1.0,0.5730337078651685,0.0,0.8666666666666667,1.0,0.5714285714285714,0.0,0.9714285714285714,0.0,0.0,0.0,0.0
93,0.2914704399642702,0.5367700517211287,0.4340462460905729,0.39345945687336814,0.39265181751203215,0.806378132118451,0.7583039759187419,0.7729480650668077,0.7501883873606716,0.39970468477336796,0.15748462064251537,0.0,0.2936353182340883,0.27839924670433147,0.22272568839316836,0.18049984572662758,0.486265227394881,0.5048798682124763,0.474167204042152,0.5967780682540804,0.3483973515992178,0.3351163079985073,0.7978677058828189,0.13349447358771543,0.4454019440809238,0.7737448180561953,0.4582248964210614,0.0,0.9260451596261831,0.0,0.0,0.0,0.0,1.0,0.5,0.0,0.6666666666666666,0.7857142857142857,0.5,0.3333333333333333,0.7971014492753623,0.9387755102040817,0.8532110091743119,0.75,0.7407407407407407,1.0,1.0,0.0,0.8125,1.0,1.0,0.0,0.9714285714285714,0.0,0.0,0.0,0.0,0.43678947754443437,0.0730732635585157,0.0,0.1319063875662564,0.47895674712457476,0.12722747635639622,0.1620723091840975,0.702741586791406,0.4419594118907447,0.6368425235911758,0.4819734995035437,0.28312424495864696,0.05011533596249721,0.3529753936938894,0.30390119250425895,0.553572159253652,0.5951883215816887,0.3487789803971285,0.0,0.9210719122577208,0.0,0.0,0.0,0.0,1.0,1.0,0.0,0.5,1.0,0.6666666666666666,0.25,0.9482758620689655,0.6301369863013698,0.9587628865979382,1.0,0.8333333333333334,1.0,0.5862068965517241,0.0,0.9285714285714286,1.0,0.6666666666666666,0.0,0.9444444444444444,0.0,0.0,0.0,0.0
94,0.2912308332891152,0.5343625099878242,0.4327739437278841,0.39811828392298443,0.39220201815665656,0.8109339407744874,0.7541556087734723,0.7864562028652456,0.7475171796342633,0.3819410264441362,0.20164046479835954,0.0,0.2694365281735913,0.29412429378531074,0.22359707215057512,0.17905996091741233,0.5359169267999502,0.4688053647468374,0.4573582349051906,0.5831272521726842,0.3342576816201443,0.35091429282249037,0.8292818160935929,0.11661216334533155,0.4068413211848852,0.753431598341778,0.4804813557910516,0.0,0.9231036330085914,0.0,0.0,0.0,0.0,1.0,0.5,0.0,0.6666666666666666,0.7857142857142857,0.5,0.3333333333333333,0.8260869565217391,0.8979591836734694,0.8899082568807339,0.75,0.7037037037037037,1.0,1.0,0.0,0.75,1.0,1.0,0.0,0.9714285714285714,0.0,0.0,0.0,0.0,0.4718759501368197,0.08154577620521893,0.0,0.13899205612297535,0.45651983280231506,0.12563035495716035,0.17112246903872616,0.6494359454811468,0.4608817878682551,0.6474090293284188,0.48445608020850456,0.28836734391878893,0.04968823757353718,0.3175252104026082,0.32629771551814396,0.5836994001228095,0.6399953047969325,0.34900567107750474,0.0,0.9236809450538541,0.0,0.0,0.0,0.0,1.0,1.0,0.0,0.5,1.0,1.0,0.3333333333333333,0.9193548387096774,0.676923076923077,0.9509803921568627,1.0,0.8636363636363636,1.0,0.5730337078651685,0.0,0.9230769230769231,1.0,0.4444444444444444,0.0,0.9714285714285714,0.0,0.0,0.0,0.0
95,0.29134680227420784,0.543339308936743,0.4342681438079096,0.4067033355536763,0.3997703686512396,0.8086560364464692,0.7120932121562104,0.7092976638927261,0.6950292716459986,0.37032976866973916,0.15885167464114833,0.0,0.3267336633168342,0.2716007532956686,0.19379574764726384,0.1710891700092564,0.5155351861707057,0.4677446927547944,0.5032099682472309,0.592369109022822,0.348643209184782,0.3423311357133972,0.806651933876704,0.1360013769260127,0.4305538408355762,0.7578995854444956,0.49599217172242926,0.0,0.9274936010635132,0.0,0.0,0.0,0.0,1.0,0.0,0.0,0.6666666666666666,0.7857142857142857,0.5,0.0,0.8115942028985508,0.8775510204081632,0.8899082568807339,0.75,0.8148148148148148,1.0,1.0,0.0,0.75,1.0,1.0,0.0,0.9714285714285714,0.0,0.0,0.0,0.0,0.5103752351000524,0.0721515057435579,0.0,0.14155745694790425,0.4931778545292891,0.1479411960353888,0.15448551263001487,0.6742606828727751,0.4644568412768223,0.6196937103567516,0.5732669611476553,0.2871208340003955,0.0551790512090468,0.347266409556058,0.3085359228575309,0.5516350483501883,0.653766687857597,0.34509582373647385,0.0,0.9206933057586725,0.0,0.0,0.0,0.0,1.0,0.0,0.0,0.4,1.0,1.0,0.0,0.9180327868852459,0.6615384615384615,0.941747572815534,1.0,0.88,1.0,0.5930232558139535,0.0,0.8571428571428571,1.0,0.5714285714285714,0.0,0.9444444444444444,0.0,0.0,0.0,0.0
96,0.2912679220163108,0.5374594156353762,0.4317788707754825,0.4038549585213669,0.3960654587416117,0.7995444191343963,0.7450527604759247,0.7657741683200254,0.7376601988641697,0.35699583873998836,0.1901572112098428,0.0,0.27468626568671567,0.2794915254237288,0.2152317880794702,0.20513216085570296,0.5435713321207019,0.48677462468529514,0.46750238757968804,0.5867307284674628,0.3171905910873766,0.36509516108968776,0.8071667894399164,0.12497848553105192,0.42265241117064617,0.7604329801934593,0.44431721180071204,0.0,0.923912180797238,0.0,0.0,0.0,0.0,1.0,0.5,0.0,0.6666666666666666,0.7142857142857143,0.5,0.3333333333333333,0.8260869565217391,0.8979591836734694,0.8715596330275229,0.75,0.6296296296296297,1.0,1.0,0.0,0.75,1.0,1.0,0.0,0.9714285714285714,0.0,0.0,0.0,0.0,0.5086707044947402,0.07284629484158156,0.0,0.13223896403985944,0.4589905362776025,0.13886546354078821,0.17168804338469484,0.6276448414700136,0.4539206486650991,0.634420364103615,0.5775811701861281,0.30079052669247536,0.04232033683239128,0.33781078034873696,0.29437374413931683,0.5800668730090595,0.6494748023132303,0.3627016094767076,0.0,0.9249835495685642,0.0,0.0,0.0,0.0,1.0,1.0,0.0,0.4,1.0,0.6666666666666666,0.25,0.9193548387096774,0.6470588235294118,0.95,1.0,0.85,1.0,0.5666666666666667,0.0,0.9230769230769231,1.0,0.6666666666666666,0.0,0.9444444444444444,0.0,0.0,0.0,0.0
97,0.2912305686345635,0.5313434560027189,0.42713609357748633,0.39764783275595866,0.38993816137062876,0.7949886104783599,0.7144772994982488,0.7800288277670079,0.7207701942524838,0.3794129491252405,0.14244702665755296,0.0,0.28838558072096393,0.265593220338983,0.21314046706169398,0.20189242003496863,0.503191762578404,0.4781027569701302,0.45792349949799604,0.5919875644739632,0.3464247732964356,0.32317452419455156,0.8217570040158734,0.10261092111860272,0.43349218499222203,0.7595578074619991,0.4508546563677625,0.0,0.9285005654874104,0.0,0.0,0.0,0.0,0.8571428571428571,0.5,0.0,0.6666666666666666,0.7142857142857143,0.5,0.3333333333333333,0.8115942028985508,0.8775510204081632,0.8623853211009175,0.75,0.7037037037037037,0.5,1.0,0.0,0.8125,1.0,1.0,0.0,0.9714285714285714,0.0,0.0,0.0,0.0,0.488366065772044,0.08353375020041687,0.0,0.15530007269594248,0.48636065799910333,0.136229462545252,0.17544016444722496,0.6757849447071792,0.4558119205396135,0.6441620402000241,0.4517144705628639,0.2638054973810592,0.039952635059283065,0.3284733237716207,0.28764422068386825,0.5880159430159988,0.6261153510270722,0.3526241227141717,0.0,0.9183263462845173,0.0,0.0,0.0,0.0,1.0,1.0,0.0,0.5,1.0,1.0,0.2,0.9180327868852459,0.6515151515151515,0.94,1.0,0.8260869565217391,1.0,0.5604395604395604,0.0,0.9285714285714286,1.0,0.5714285714285714,0.0,0.9444444444444444,0.0,0.0,0.0,0.0
98,0.2912677804687107,0.5335048860289332,0.4345280841218878,0.39354338351092355,0.39079835773030785,0.8018223234624146,0.7457298423488725,0.7641381287083541,0.7347763282509231,0.42453801064924607,0.17949419002050582,0.0,0.35623218839058046,0.2744632768361582,0.22220285813872429,0.1755630978093181,0.5068958487228978,0.4581986448264072,0.4727938355549388,0.5938246308203208,0.3146176628663564,0.32628436372683167,0.8338046241950431,0.12327229460230037,0.4076479254631802,0.7460617227084293,0.47375653223959524,0.0,0.9318538066231473,0.0,0.0,0.0,0.0,1.0,0.5,0.0,0.6666666666666666,0.7857142857142857,0.5,0.3333333333333333,0.8405797101449275,0.8775510204081632,0.8807339449541285,0.75,0.6296296296296297,1.0,1.0,0.0,0.6875,1.0,1.0,0.0,0.9714285714285714,0.0,0.0,0.0,0.0,0.455704714103888,0.06427767170901258,0.0,0.13213040575624954,0.4724455394190871,0.1274235458724765,0.15961475524802468,0.6858786734543996,0.47052744972869454,0.6337612460438818,0.4984934399392631,0.3045410521072585,0.06343716745670891,0.3026157300269938,0.2726595603813559,0.5649818053226561,0.6166996649406031,0.3443553268765133,0.0,0.914233154809557,0.0,0.0,0.0,0.0,1.0,1.0,0.0,0.4,1.0,0.6666666666666666,0.3333333333333333,0.9354838709677419,0.6615384615384615,0.9411764705882353,1.0,0.8947368421052632,1.0,0.5604395604395604,0.0,0.9166666666666666,1.0,0.5,0.0,0.9444444444444444,0.0,0.0,0.0,0.0
99,0.291145416742965,0.5251701540165389,0.4319808850909902,0.39289664100426436,0.38927475002111134,0.8041002277904328,0.7618778776191591,0.7968651831555058,0.7622430821992658,0.3875564902232762,0.20123034859876965,0.0,0.3071846407679616,0.31951035781544257,0.1932729173928198,0.17360896842538312,0.5251038547383973,0.49285503372393,0.3969157368030104,0.5856426199392355,0.3385401777035758,0.32118422689389226,0.8310244041536963,0.11314739843299833,0.4130060824547108,0.7610778443113773,0.4867481418250713,0.0,0.9280466874342745,0.0,0.0,0.0,0.0,1.0,0.5,0.0,0.6666666666666666,0.9285714285714286,0.5,0.3333333333333333,0.8405797101449275,0.9183673469387755,0.8256880733944955,0.75,0.6666666666666666,1.0,1.0,0.0,0.8125,1.0,1.0,0.0,0.9714285714285714,0.0,0.0,0.0,0.0,0.4669649836914036,0.07528641571194762,0.0,0.14531693472090823,0.45746487987704587,0.14101341471167905,0.1584530179292218,0.6532854168862654,0.43529121099714846,0.6860388831670876,0.5108977045785152,0.28252954845851763,0.04549378909347194,0.3070457571811118,0.26331829818359137,0.5681048829916108,0.6136675951717735,0.3447823265691364,0.0,0.9171844781563214,0.0,0.0,0.0,0.0,1.0,1.0,0.0,0.5,1.0,1.0,0.3333333333333333,0.9354838709677419,0.6428571428571429,0.967741935483871,1.0,0.75,1.0,0.5666666666666667,0.0,0.9285714285714286,1.0,0.8,0.0,0.918918918918919,0.0,0.0,0.0,0.0
