root_id,axon_status,cell_classification,casey_root_id,casey_cell_id,casey_class,casey_coarse,casey_coarse_confidence,casey_fine,casey_fine_confidence,casey_is_core,match_source
864691134886037498,axon_fully_extended,NMC,864691134886037498,526606,inhibitory,MartFam,0.95,MartFam-g,0.43333333333333335,True,root_id
864691134886335738,axon_partially_extended,L4IT,864691136026394425,260727,excitatory,L4,1.0,L4a,0.9666666666666667,True,nucleus_id
864691134886499066,axon_partially_extended,L4IT,864691134886499066,394229,excitatory,L4,1.0,L4b,0.9333333333333333,True,root_id
864691134886569210,axon_partially_extended,L4IT,864691134886569210,365589,excitatory,L4,1.0,L4d,0.3,True,root_id
864691134886792442,axon_partially_extended,MC,864691134886792442,307126,inhibitory,MartFam,0.9,MartFam-k,0.6666666666666666,True,root_id
864691134887026938,axon_partially_extended,L4IT,864691134887026938,263109,excitatory,L4,1.0,L4b,1.0,True,root_id
864691134887444730,axon_partially_extended,L5ET,864691134887444730,267008,excitatory,L5ET,0.15,L5ETb,0.1,True,root_id
864691134887444986,axon_partially_extended,NGC,864691135235455065,292832,inhibitory,NglFam,1.0,NglFam-e,0.1,True,nucleus_id
864691134887460346,axon_partially_extended,L3IT,864691134887460346,394316,excitatory,L3,0.7,L3a,0.7,True,root_id
864691134887552506,axon_partially_extended,L2IT,864691135774429435,256536,excitatory,L2,1.0,L2a,0.8666666666666667,True,nucleus_id
864691134918921738,axon_partially_extended,L3IT,864691135362485319,296928,excitatory,L3,0.95,L3a,0.9,True,nucleus_id
864691134919403530,axon_partially_extended,L4IT,864691135470895186,296615,excitatory,L4,0.95,L4c,0.26666666666666666,True,nucleus_id
864691134919529994,axon_partially_extended,L6CT,864691134919529994,269504,excitatory,L6CT,0.85,L6CTa,0.6333333333333333,True,root_id
864691134919869706,axon_partially_extended,L4IT,864691134919869706,330175,excitatory,L4,1.0,L4b,0.5666666666666667,True,root_id
864691134919927050,axon_partially_extended,L6IT,864691134919927050,304972,excitatory,L6IT,0.55,L6ITb,0.4,True,root_id
864691134919972106,axon_partially_extended,L2IT,864691134919972106,292667,excitatory,L2,0.5,L2b,0.4666666666666667,True,root_id
864691134920000010,axon_fully_extended,PV,864691134920000010,335367,inhibitory,BasketFam,1.0,BasketFam-l,0.16666666666666666,True,root_id
864691134941063523,axon_partially_extended,L5ET,864691134941063523,267183,excitatory,L5ET,0.85,L5ETd,0.4,True,root_id
864691134941412707,axon_partially_extended,L3IT,864691134941412707,292739,excitatory,L4,0.95,L4a,0.5333333333333333,True,root_id
864691134941495395,axon_partially_extended,L4IT,864691135272285605,294540,excitatory,L4,1.0,L4a,0.9666666666666667,True,nucleus_id
864691134941824611,axon_partially_extended,L4IT,864691134941824611,262799,excitatory,L4,1.0,L4b,0.9666666666666667,True,root_id
864691134942169955,axon_partially_extended,L3IT,864691134942169955,224406,excitatory,L3,0.4,L3a,0.4,True,root_id
864691134942468707,axon_partially_extended,L3IT,864691134942468707,292833,excitatory,L2,0.75,L2b,0.8,True,root_id
864691134942472035,axon_fully_extended,L2IT,864691134942472035,256465,excitatory,L3,0.6,L3a,0.5333333333333333,True,root_id
864691134942595939,axon_fully_extended,PV,864691134942595939,335521,inhibitory,BasketFam,1.0,BasketFam-o,0.5666666666666667,True,root_id
864691134948788476,axon_partially_extended,L3IT,864691134948788476,224351,excitatory,L3,1.0,L3a,0.9666666666666667,True,root_id
864691134949041148,axon_partially_extended,L6CT,864691134949041148,309331,excitatory,L6CT,1.0,L6CTc,0.4666666666666667,True,root_id
864691134949081852,axon_partially_extended,L4IT,864691136010840236,260855,excitatory,L4,1.0,L4b,0.36666666666666664,True,nucleus_id
864691134949095932,axon_partially_extended,L6IT,864691134949095932,309514,excitatory,L6IT,0.55,L6ITb,0.36666666666666664,True,root_id
864691134949221372,axon_partially_extended,L2IT,864691134949221372,224188,excitatory,L3,0.8,L3a,0.6333333333333333,True,root_id
864691134949248508,axon_partially_extended,L5IT,864691134949248508,301192,excitatory,L5,0.8,L5a,0.43333333333333335,True,root_id
864691134949263100,axon_partially_extended,L4IT,864691135593237259,265033,excitatory,L5,0.3,L5b,0.2,True,nucleus_id
864691134949350652,axon_partially_extended,L3IT,864691135294846390,296681,excitatory,L3,0.6,L3a,0.7333333333333333,True,nucleus_id
864691134950156796,axon_fully_extended,L2IT,864691134950156796,292684,excitatory,L2,0.9,L2b,0.9333333333333333,True,root_id
864691134965778719,axon_fully_extended,L2IT,864691134965778719,391223,excitatory,L2,0.85,L2b,0.8666666666666667,True,root_id
864691134966025503,axon_partially_extended,L4IT,864691135940068149,296397,excitatory,L4,1.0,L4a,1.0,True,nucleus_id
864691134966069023,axon_partially_extended,L4IT,864691134966069023,329980,excitatory,L4,1.0,L4a,0.43333333333333335,True,root_id
864691134966114591,axon_partially_extended,L3IT,864691135448404882,260109,excitatory,L3,0.9,L3a,0.7,True,nucleus_id
864691134966249759,axon_fully_extended,thalamocortical,,,,,,,,,unmatched
864691134966324767,axon_partially_extended,L4IT,864691136011850926,260509,excitatory,L4,0.6,L4b,0.6,True,nucleus_id
864691134966495519,axon_partially_extended,L3IT,864691134966495519,258250,excitatory,L3,0.9,L3a,0.9,True,root_id
864691134966621471,axon_fully_extended,MC,864691135949112417,303243,inhibitory,MartFam,1.0,MartFam-n,0.13333333333333333,True,nucleus_id
864691134966710559,axon_fully_extended,L4IT,864691134966710559,298913,excitatory,L4,1.0,L4d,0.5666666666666667,True,root_id
864691134966714655,axon_partially_extended,L4IT,864691136275332030,260303,excitatory,L4,0.9,L4b,0.8666666666666667,True,nucleus_id
864691134989865338,axon_partially_extended,L2IT,864691134989865338,361751,excitatory,L3,0.3,L3a,0.4,True,root_id
864691134989909114,axon_partially_extended,DTC,864691134989909114,398518,inhibitory,MartFam,1.0,MartFam-o,0.4666666666666667,True,root_id
864691134989919098,axon_partially_extended,L6CT,864691134989919098,342331,excitatory,L6CT,0.9,L6CTa,0.6666666666666666,True,root_id
864691134990435194,axon_partially_extended,L6IT,864691134990435194,307176,excitatory,L6IT,0.95,L6ITc,0.16666666666666666,True,root_id
864691134990847098,axon_fully_extended,PV,864691134990847098,337543,inhibitory,BasketFam,0.85,BasketFam-o,0.43333333333333335,True,root_id
864691134991010426,axon_partially_extended,L2IT,864691134991010426,294449,excitatory,L3,0.4,L3a,0.3,True,root_id
864691134991032954,axon_partially_extended,L4IT,864691134991032954,262926,excitatory,L4,1.0,L4b,0.13333333333333333,True,root_id
864691134991067002,axon_partially_extended,PV,864691134991067002,260620,inhibitory,BasketFam,0.35,BasketFam-m,0.13333333333333333,True,root_id
864691135014099446,axon_partially_extended,L4IT,864691135014099446,457171,excitatory,L4,1.0,L4b,0.7333333333333333,True,root_id
864691135014246390,axon_partially_extended,L6CT,864691135014246390,307170,excitatory,L6CT,1.0,L6CTa,0.9,True,root_id
864691135014256630,axon_partially_extended,L6CT,864691135014256630,307235,excitatory,L6CT,1.0,L6CTa,0.7666666666666667,True,root_id
864691135014258070,axon_partially_extended,PV,864691135014258070,496739,inhibitory,BasketFam,1.0,BasketFam-p,0.5666666666666667,True,root_id
864691135014276342,axon_partially_extended,PV,864691135014276342,530836,inhibitory,BasketFam,1.0,BasketFam-p,0.6,True,root_id
864691135014355094,axon_partially_extended,L4IT,864691135014355094,587042,excitatory,L4,0.55,L4a,0.2,True,root_id
864691135014600950,axon_partially_extended,L5NP,864691135014600950,267454,excitatory,L5NP,0.75,L5NPb,0.3333333333333333,True,root_id
864691135014681590,axon_partially_extended,L6IT,864691135014681590,306964,excitatory,L6IT,0.95,L6ITb,0.7,True,root_id
864691135014696182,axon_partially_extended,L6IT,864691135014696182,269596,excitatory,L6IT,1.0,L6ITa,0.9333333333333333,True,root_id
864691135014734486,axon_partially_extended,L4IT,864691135656746690,260712,excitatory,L4,1.0,L4a,0.7,True,nucleus_id
864691135014966262,axon_partially_extended,L6IT,864691135405845742,264917,excitatory,L6IT,0.5,L6ITa,0.43333333333333335,True,nucleus_id
864691135015048342,axon_partially_extended,L6IT,864691135015048342,344453,excitatory,L6IT,1.0,L6ITb,0.6,True,root_id
864691135015154934,axon_fully_extended,L4IT,864691135015154934,300763,excitatory,L4,1.0,L4d,0.5,True,root_id
864691135015425942,axon_partially_extended,ITC,864691135015425942,264746,inhibitory,BipFam,1.0,BipFam-j,0.6,True,root_id
864691135015437462,axon_fully_extended,PV,864691135015437462,222807,inhibitory,BasketFam,1.0,BasketFam-b,0.23333333333333334,True,root_id
864691135015605910,axon_fully_extended,L3IT,864691135015605910,294776,excitatory,L3,0.9,L3a,0.9333333333333333,True,root_id
864691135015652246,axon_partially_extended,L2IT,864691135015652246,294547,excitatory,L3,0.6,L3a,0.6,True,root_id
864691135059845275,axon_partially_extended,L4IT,864691135059845275,556654,excitatory,L4,1.0,L4d,0.3,True,root_id
864691135059954075,axon_partially_extended,L6CT,864691135059954075,309579,excitatory,L6CT,0.8,L6CTc,0.6666666666666666,True,root_id
864691135060020123,axon_partially_extended,L4IT,864691135060020123,332531,excitatory,L4,1.0,L4a,0.8333333333333334,True,root_id
864691135060094107,axon_partially_extended,L4IT,864691135343675077,262879,excitatory,L4,1.0,L4b,0.5333333333333333,True,nucleus_id
864691135060651419,axon_fully_extended,L2IT,864691135060651419,256550,excitatory,L2,1.0,L2b,1.0,True,root_id
864691135060727707,axon_partially_extended,L2IT,864691135060727707,255219,excitatory,L2,1.0,L2b,0.9666666666666667,True,root_id
864691135060768923,axon_partially_extended,ITC,864691135060768923,262642,inhibitory,BipFam,1.0,BipFam-j,0.9666666666666667,True,root_id
864691135060772763,axon_partially_extended,MC,864691135060772763,291116,inhibitory,MartFam,0.0,MartFam-b,0.0,True,root_id
864691135060784027,axon_fully_extended,thalamocortical,,,,,,,,,unmatched
864691135060869787,axon_fully_extended,L4IT,864691135295342092,262815,excitatory,L4,1.0,L4a,0.5,True,nucleus_id
864691135060882843,axon_partially_extended,L4IT,864691135060882843,264624,excitatory,L4,1.0,L4d,0.8333333333333334,True,root_id
864691135066892868,axon_partially_extended,L2IT,864691135066892868,326237,excitatory,L3,0.8,L3a,0.6666666666666666,True,root_id
864691135066958404,axon_partially_extended,L4IT,864691135066958404,263209,excitatory,L4,1.0,L4a,0.16666666666666666,True,root_id
864691135067066948,axon_partially_extended,L4IT,864691135067066948,192925,excitatory,L4,0.7,L4b,0.6,True,root_id
864691135067181124,axon_partially_extended,L5IT,864691135067181124,304846,excitatory,L5,0.95,L5b,0.9,True,root_id
864691135067448132,axon_partially_extended,L6CT,864691135336963305,309250,excitatory,L6CT,1.0,L6CTc,0.6,True,nucleus_id
864691135067961412,axon_fully_extended,L2IT,864691135119924189,292820,excitatory,L2,1.0,L2a,0.9666666666666667,True,nucleus_id
864691135082074359,axon_partially_extended,AltDTC,864691135082074359,309052,inhibitory,NglFam,0.45,13,0.26666666666666666,True,root_id
864691135082864887,axon_fully_extended,L5IT,864691135082864887,524491,excitatory,L5,1.0,L5c,0.7333333333333333,True,root_id
864691135083577335,axon_partially_extended,L6CT,864691135083577335,271687,excitatory,L6CT,0.55,L6CTa,0.5333333333333333,True,root_id
864691135083619831,axon_partially_extended,L6IT,864691135083619831,274181,excitatory,L6IT,1.0,L6ITb,0.9666666666666667,True,root_id
864691135084038647,axon_partially_extended,DTC,864691135084038647,264649,inhibitory,MartFam,1.0,MartFam-d,0.36666666666666664,True,root_id
864691135101431072,axon_partially_extended,L2IT,864691135101431072,256702,excitatory,L2,0.5,L2b,0.36666666666666664,True,root_id
864691135101521952,axon_partially_extended,L4IT,864691135810557469,296784,excitatory,L4,1.0,L4a,0.9,True,nucleus_id
864691135101595680,axon_partially_extended,L4IT,864691135101595680,298610,excitatory,L4,0.95,L4b,0.43333333333333335,True,root_id
864691135101824288,axon_partially_extended,L6CT,864691135101824288,273952,excitatory,L6IT,0.1,L6ITb,0.1,True,root_id
864691135102151968,axon_partially_extended,L3IT,864691135765105206,294543,excitatory,L3,1.0,L3a,0.9333333333333333,True,nucleus_id
864691135102274592,axon_partially_extended,L3IT,864691135102274592,256529,excitatory,L3,0.9,L3a,0.8666666666666667,True,root_id
864691135102351392,axon_partially_extended,L4IT,864691135102351392,262797,excitatory,L4,1.0,L4a,0.8333333333333334,True,root_id
864691135102353696,axon_partially_extended,L2IT,864691135102353696,255221,excitatory,L2,1.0,L2a,1.0,True,root_id
864691135102381856,axon_fully_extended,L3IT,864691135102381856,292856,excitatory,L3,0.95,L3a,0.8,True,root_id
864691135102390816,axon_fully_extended,L5IT,864691135102390816,302973,excitatory,L5,0.9,L5c,0.06666666666666667,True,root_id
864691135102433056,axon_partially_extended,L4IT,864691135375895752,262547,excitatory,L4,1.0,L4b,0.6666666666666666,True,nucleus_id
864691135102434592,axon_partially_extended,L3IT,864691135102434592,294768,excitatory,L3,1.0,L3a,1.0,True,root_id
864691135105879117,axon_fully_extended,L5ET,864691135105879117,337966,excitatory,L5ET,1.0,L5ETc,0.9666666666666667,True,root_id
864691135106189901,axon_partially_extended,PV,864691135106189901,306988,inhibitory,BasketFam,1.0,BasketFam-s,0.7666666666666667,True,root_id
864691135106209101,axon_fully_extended,PV,864691136453576959,260206,inhibitory,BasketFam,1.0,BasketFam-h,0.3,True,nucleus_id
864691135106309709,axon_partially_extended,NGC,864691135106309709,269695,inhibitory,NglFam,0.95,NglFam-g,0.6666666666666666,True,root_id
864691135113360025,axon_partially_extended,PV,864691135113360025,273805,inhibitory,BasketFam,1.0,BasketFam-s,0.9,True,root_id
864691135114295961,axon_fully_extended,MC,864691135114295961,404262,inhibitory,MartFam,1.0,MartFam-k,0.8333333333333334,True,root_id
864691135115049881,axon_partially_extended,L2IT,864691135115049881,453705,excitatory,L2,1.0,L2a,1.0,True,root_id
864691135115058329,axon_fully_extended,PV,864691135115058329,303010,inhibitory,BasketFam,0.7,BasketFam-o,0.2,True,root_id
864691135115194009,axon_partially_extended,ITC,864691135115194009,303284,inhibitory,BipFam,0.9,BipFam-k,0.36666666666666664,True,root_id
864691135115269785,axon_partially_extended,L6CT,864691135115269785,311757,excitatory,L6CT,0.7,L6CTa,0.1,True,root_id
864691135117980637,axon_partially_extended,L5IT,864691135117980637,493968,excitatory,L5,0.35,L5a,0.26666666666666666,True,root_id
864691135118298333,axon_fully_extended,MC,864691135118298333,400905,inhibitory,MartFam,1.0,MartFam-k,0.7666666666666667,True,root_id
864691135118918109,axon_fully_extended,MC,864691135118918109,164494,,MartFam,1.0,MartFam-l,0.43333333333333335,False,root_id
864691135119335645,axon_fully_extended,thalamocortical,,,,,,,,,unmatched
864691135119409885,axon_partially_extended,L6CT,,,,,,,,,unmatched
864691135119630813,axon_partially_extended,ITCperi,864691135119630813,292609,inhibitory,BipFam,0.75,BipFam-i,0.4666666666666667,True,root_id
864691135119636189,axon_partially_extended,PV,864691135119636189,303255,inhibitory,BasketFam,1.0,BasketFam-p,0.8,True,root_id
864691135119709149,axon_partially_extended,L3IT,864691136453565951,226128,excitatory,L3,1.0,L3a,0.9666666666666667,True,nucleus_id
864691135123833127,axon_partially_extended,L6CT,864691135123833127,307237,excitatory,L6CT,1.0,L6CTa,0.6,True,root_id
864691135124146727,axon_partially_extended,L6CT,864691135124146727,269595,excitatory,L6CT,0.9,L6CTa,0.8,True,root_id
864691135124209447,axon_partially_extended,L6IT,864691135124209447,307025,excitatory,L6IT,1.0,L6ITa,0.3333333333333333,True,root_id
864691135124538151,axon_fully_extended,L5ET,864691135124538151,266839,excitatory,L5ET,1.0,L5ETb,0.5333333333333333,True,root_id
864691135124603687,axon_fully_extended,L4IT,864691135563017953,262893,excitatory,L4,1.0,L4b,0.6,True,nucleus_id
864691135124690471,axon_fully_extended,PV,864691135124690471,265082,inhibitory,BasketFam,1.0,BasketFam-k,0.5333333333333333,True,root_id
864691135132887456,axon_partially_extended,L1,864691135132887456,291122,inhibitory,NglFam,1.0,NglFam-a,0.7333333333333333,True,root_id
864691135133991072,axon_partially_extended,L6CT,864691135133991072,309384,excitatory,L6CT,0.95,L6CTa,0.7333333333333333,True,root_id
864691135134016928,axon_partially_extended,L3IT,864691135134016928,227818,excitatory,L3,0.95,L3a,0.9333333333333333,True,root_id
864691135134052512,axon_partially_extended,L3IT,864691135134052512,260154,excitatory,L3,1.0,L3a,1.0,True,root_id
864691135134114976,axon_partially_extended,L4IT,864691135134114976,428660,excitatory,L4,1.0,L4d,0.4666666666666667,True,root_id
864691135134565280,axon_fully_extended,PV,864691135134565280,335691,inhibitory,BasketFam,1.0,BasketFam-o,0.43333333333333335,True,root_id
864691135134585248,axon_partially_extended,AltBasket,864691135389273217,325816,inhibitory,BipFam,0.95,BipFam-f,0.4666666666666667,True,nucleus_id
864691135134695328,axon_fully_extended,L2IT,864691135134695328,553492,excitatory,L2,0.9,L2b,0.8333333333333334,True,root_id
864691135134945184,axon_partially_extended,L4IT,864691135134945184,298122,excitatory,L4,1.0,L4d,0.6,True,root_id
864691135135019168,axon_fully_extended,L3IT,864691135943762036,294535,excitatory,L3,0.95,L3a,0.9333333333333333,True,nucleus_id
864691135136312089,axon_partially_extended,L6CT,864691135136312089,309327,excitatory,L6CT,0.8,L6CTa,0.6666666666666666,True,root_id
864691135136360217,axon_partially_extended,L3IT,864691136118978724,294677,excitatory,L3,0.35,L3a,0.36666666666666664,True,nucleus_id
864691135136735001,axon_partially_extended,L4IT,864691135662911728,298806,excitatory,L4,0.9,L4b,0.7,True,nucleus_id
864691135137137433,axon_fully_extended,L4IT,864691135137137433,459533,excitatory,L4,0.95,L4c,0.13333333333333333,True,root_id
864691135137299481,axon_fully_extended,L4IT,864691135137299481,262682,excitatory,L4,1.0,L4a,0.3,True,root_id
864691135155894884,axon_fully_extended,L2IT,864691136453525503,256576,excitatory,L2,0.95,L2b,0.9,True,nucleus_id
864691135157025636,axon_partially_extended,L6IT,864691135157025636,463358,excitatory,L6IT,0.65,L6ITb,0.4,True,root_id
864691135157198692,axon_partially_extended,L4IT,864691135157198692,260700,excitatory,L4,1.0,L4a,1.0,True,root_id
864691135157210468,axon_partially_extended,L4IT,864691135157210468,260526,excitatory,L3,0.65,L3a,0.36666666666666664,True,root_id
864691135157619556,axon_partially_extended,L4IT,864691135157619556,194703,excitatory,L4,1.0,L4a,0.9666666666666667,True,root_id
864691135157994084,axon_fully_extended,L4IT,864691135699710229,301319,excitatory,L4,0.95,L4d,0.6666666666666666,True,nucleus_id
864691135162585389,axon_partially_extended,ITC,864691135162585389,298961,inhibitory,MartFam,0.65,MartFam-h,0.2,True,root_id
864691135164434989,axon_partially_extended,L6CT,864691135164434989,276438,excitatory,L6CT,1.0,L6CTc,0.6666666666666666,True,root_id
864691135164772653,axon_fully_extended,L2IT,864691135164772653,255217,excitatory,L2,0.3,L2b,0.26666666666666666,True,root_id
864691135164804909,axon_partially_extended,ITC,864691135164804909,256699,inhibitory,MartFam,0.35,MartFam-j,0.23333333333333334,True,root_id
864691135164887085,axon_partially_extended,L2IT,864691135164887085,256651,excitatory,L2,0.2,L2b,0.13333333333333333,True,root_id
864691135164887853,axon_partially_extended,L3IT,864691135294885814,292637,excitatory,L3,1.0,L3a,0.9333333333333333,True,nucleus_id
864691135165079085,axon_partially_extended,L4IT,864691135448834132,262686,excitatory,L4,1.0,L4a,1.0,True,nucleus_id
864691135183646466,axon_partially_extended,L6CT,864691135183646466,309533,excitatory,L6CT,1.0,L6CTa,0.7666666666666667,True,root_id
864691135183693826,axon_partially_extended,L6CT,864691135183693826,309187,excitatory,L6CT,0.95,L6CTb,0.2,True,root_id
864691135183999490,axon_fully_extended,L2IT,864691135183999490,258353,excitatory,L2,0.2,L2a,0.1,True,root_id
864691135184104194,axon_fully_extended,L4IT,864691135184104194,298958,excitatory,L4,0.4,L4c,0.1,True,root_id
864691135195825450,axon_partially_extended,L3IT,864691135195825450,361787,excitatory,L3,0.5,L3a,0.6666666666666666,True,root_id
864691135196201514,axon_partially_extended,AltBasket,864691135196201514,607613,,BipFam,1.0,BipFam-f,0.8666666666666667,False,root_id
864691135196385578,axon_partially_extended,L4IT,864691135196385578,260643,excitatory,L3,0.6,L3a,0.6666666666666666,True,root_id
864691135196475434,axon_partially_extended,NMC,864691135573421861,262678,inhibitory,MartFam,1.0,MartFam-d,0.4,True,nucleus_id
864691135196576298,axon_fully_extended,L5IT,864691135196576298,264888,excitatory,L5,0.95,L5b,0.8,True,root_id
864691135196592938,axon_partially_extended,L4IT,864691135124801575,298669,excitatory,L4,1.0,L4d,0.3333333333333333,True,nucleus_id
864691135209116537,axon_partially_extended,L2IT,864691135209116537,391333,excitatory,L2,0.9,L2a,0.8,True,root_id
864691135209194617,axon_partially_extended,L2IT,864691135209194617,391352,excitatory,L3,1.0,L3a,0.8333333333333334,True,root_id
864691135209280633,axon_partially_extended,L4IT,864691135209280633,395199,excitatory,L4,1.0,L4b,0.8666666666666667,True,root_id
864691135209369465,axon_partially_extended,L4IT,864691135802815586,330340,excitatory,L3,0.35,L3a,0.26666666666666666,True,nucleus_id
864691135209432185,axon_partially_extended,L3IT,864691135361238616,260603,excitatory,L3,1.0,L3a,1.0,True,nucleus_id
864691135209715577,axon_partially_extended,L6CT,864691135209715577,347197,excitatory,L6CT,1.0,L6CTc,0.4666666666666667,True,root_id
864691135209715833,axon_partially_extended,L6IT,864691135209715833,305181,excitatory,L6IT,1.0,L6ITb,0.43333333333333335,True,root_id
864691135209947769,axon_partially_extended,L5IT,864691135209947769,264987,excitatory,L5,0.75,L5a,0.7,True,root_id
864691135210061689,axon_partially_extended,L6CT,864691135210061689,309348,excitatory,L6CT,1.0,L6CTa,0.8333333333333334,True,root_id
864691135210134905,axon_partially_extended,L2IT,864691135210134905,294667,excitatory,L3,1.0,L3a,1.0,True,root_id
864691135210178169,axon_fully_extended,PV,864691135210178169,264952,inhibitory,BasketFam,1.0,BasketFam-g,0.3,True,root_id
864691135210358137,axon_fully_extended,L4IT,864691135210358137,298934,excitatory,L4,1.0,L4d,0.8666666666666667,True,root_id
864691135210387321,axon_fully_extended,L2IT,864691135210387321,256532,excitatory,L2,1.0,L2a,1.0,True,root_id
864691135210443897,axon_fully_extended,PV,864691135579407877,299317,inhibitory,BasketFam,0.95,BasketFam-h,0.1,True,nucleus_id
864691135210446457,axon_fully_extended,MC,864691135210446457,399458,inhibitory,MartFam,1.0,MartFam-e,0.43333333333333335,True,root_id
864691135211568576,axon_partially_extended,L4IT,864691135493179623,296532,excitatory,L4,1.0,L4a,0.4666666666666667,True,nucleus_id
864691135211756736,axon_partially_extended,L6CT,864691135211756736,307058,excitatory,L6CT,1.0,L6CTa,0.8,True,root_id
864691135211926464,axon_partially_extended,L4IT,864691135211926464,262423,excitatory,L4,1.0,L4d,0.3,True,root_id
864691135212078784,axon_partially_extended,L5IT,864691135212078784,267168,excitatory,L6IT,0.1,L6ITa,0.0,True,root_id
864691135212086720,axon_partially_extended,L6CT,864691135212086720,346873,excitatory,L6CT,0.95,L6CTc,0.16666666666666666,True,root_id
864691135212492992,axon_partially_extended,L6IT,864691135212492992,305096,excitatory,L6IT,0.9,L6ITb,0.8666666666666667,True,root_id
864691135212863360,axon_fully_extended,MC,864691135212863360,464506,inhibitory,MartFam,1.0,MartFam-l,0.13333333333333333,True,root_id
864691135214123064,axon_partially_extended,L5ET,864691135214123064,267295,excitatory,L5ET,0.35,L5ETc,0.1,True,root_id
864691135214246528,axon_partially_extended,AltDTC,864691135214246528,305073,inhibitory,NglFam,0.35,13,0.3,True,root_id
864691135214611512,axon_partially_extended,L6CT,864691135214611512,273962,excitatory,L6CT,1.0,L6CTc,0.6333333333333333,True,root_id
864691135214643256,axon_partially_extended,L6IT,864691135214643256,305138,excitatory,L6IT,1.0,L6ITa,0.8,True,root_id
864691135214653240,axon_partially_extended,L6CT,864691135214653240,311962,excitatory,L6CT,1.0,L6CTc,0.7666666666666667,True,root_id
864691135214931072,axon_partially_extended,L4IT,864691135214931072,262198,excitatory,L4,1.0,L4b,0.3333333333333333,True,root_id
864691135214970752,axon_partially_extended,AltBasket,864691135214970752,391048,inhibitory,BipFam,1.0,BipFam-f,0.8,True,root_id
864691135214977920,axon_fully_extended,L4IT,864691135214977920,262821,excitatory,L4,1.0,L4d,0.06666666666666667,True,root_id
864691135214986368,axon_partially_extended,L3IT,864691135214986368,294605,excitatory,L3,1.0,L3a,0.9666666666666667,True,root_id
864691135215023416,axon_partially_extended,L4IT,864691135215023416,298795,excitatory,L4,1.0,L4b,0.9,True,root_id
864691135215078712,axon_partially_extended,ITC,864691135215078712,292937,inhibitory,BipFam,1.0,BipFam-j,0.43333333333333335,True,root_id
864691135215254584,axon_partially_extended,L4IT,864691135215254584,228156,excitatory,L4,1.0,L4d,0.3333333333333333,True,root_id
864691135215381304,axon_partially_extended,L4IT,864691135493217511,296519,excitatory,L4,1.0,L4a,0.3,True,nucleus_id
864691135234382937,axon_partially_extended,L3IT,864691136275497406,294669,excitatory,L3,0.9,L3a,0.7666666666666667,True,nucleus_id
864691135234582361,axon_partially_extended,L6CT,864691135234582361,309396,excitatory,L6CT,0.95,L6CTa,0.9333333333333333,True,root_id
864691135235206489,axon_fully_extended,MC,864691135235206489,328420,inhibitory,MartFam,1.0,MartFam-b,0.6,True,root_id
864691135257521583,axon_partially_extended,L2IT,864691135257521583,516611,excitatory,L2,1.0,L2b,0.7,True,root_id
864691135257638575,axon_partially_extended,L3IT,864691135257638575,584198,excitatory,L3,1.0,L3a,0.9666666666666667,True,root_id
864691135257669039,axon_partially_extended,L3IT,864691135257669039,258377,excitatory,L3,1.0,L3a,0.9,True,root_id
864691135257689519,axon_partially_extended,L6CT,864691135257689519,307139,excitatory,L6CT,0.9,L6CTa,0.8666666666666667,True,root_id
864691135258509487,axon_partially_extended,L3IT,864691135785104947,296613,excitatory,L4,0.85,L4a,0.4,True,nucleus_id
864691135258563503,axon_partially_extended,L4IT,864691135357422543,296578,excitatory,L4,1.0,L4a,0.9666666666666667,True,nucleus_id
864691135258628527,axon_partially_extended,PV,864691135726917291,262555,inhibitory,BasketFam,1.0,BasketFam-j,0.3,True,nucleus_id
864691135258642863,axon_partially_extended,L5ET,864691135258642863,303048,excitatory,L5ET,1.0,L5ETb,0.7666666666666667,True,root_id
864691135258646703,axon_fully_extended,L3IT,864691135258646703,258295,excitatory,L3,0.9,L3a,0.8333333333333334,True,root_id
864691135271038885,axon_partially_extended,L3IT,864691135271038885,256451,excitatory,L3,0.9,L3a,0.9,True,root_id
864691135271077541,axon_partially_extended,L3IT,864691135493253607,296554,excitatory,L3,0.95,L3a,0.9666666666666667,True,nucleus_id
864691135271081125,axon_partially_extended,L2IT,864691135271081125,391336,excitatory,L2,0.6,L2a,0.6,True,root_id
864691135271103653,axon_partially_extended,L6CT,864691135271103653,309447,excitatory,L6CT,1.0,L6CTc,0.5666666666666667,True,root_id
864691135271282085,axon_partially_extended,L4IT,864691135717601562,298704,excitatory,L4,1.0,L4d,0.4666666666666667,True,nucleus_id
864691135271343525,axon_partially_extended,ITC,864691135271343525,258379,inhibitory,BipFam,1.0,BipFam-d,0.5666666666666667,True,root_id
864691135271463077,axon_partially_extended,L3IT,864691135271463077,362831,excitatory,L3,0.6,L3a,0.4666666666666667,True,root_id
864691135271590309,axon_partially_extended,L6IT,864691135271590309,307087,excitatory,L6IT,1.0,L6ITb,0.9333333333333333,True,root_id
864691135271696549,axon_partially_extended,L6IT,864691135271696549,305222,excitatory,L6IT,1.0,L6ITa,0.8,True,root_id
864691135271915173,axon_fully_extended,MC,864691135271915173,303374,inhibitory,MartFam,1.0,MartFam-l,0.36666666666666664,True,root_id
864691135271967397,axon_fully_extended,NMC,864691135861340264,337669,inhibitory,MartFam,0.95,MartFam-g,0.5,True,nucleus_id
864691135271970725,axon_fully_extended,PV,864691135271970725,298531,inhibitory,BasketFam,0.95,BasketFam-i,0.5666666666666667,True,root_id
864691135272003237,axon_fully_extended,L2IT,864691135272003237,292725,excitatory,L2,0.65,L2a,0.6333333333333333,True,root_id
864691135272069285,axon_partially_extended,L5ET,864691135912315561,305198,excitatory,L5ET,0.9,L5ETd,0.8666666666666667,True,nucleus_id
864691135273655569,axon_fully_extended,L5ET,864691135273655569,526436,excitatory,L5ET,1.0,L5ETc,0.9666666666666667,True,root_id
864691135273918993,axon_partially_extended,L2IT,864691135273918993,553219,excitatory,L2,1.0,L2b,1.0,True,root_id
864691135274038801,axon_fully_extended,L3IT,864691137022228334,294510,excitatory,L3,1.0,L3a,0.9666666666666667,True,nucleus_id
864691135274195217,axon_partially_extended,L2IT,864691135274195217,256766,excitatory,L2,0.95,L2b,0.7333333333333333,True,root_id
864691135274355473,axon_partially_extended,L6CT,864691135274355473,305057,excitatory,L6CT,0.85,L6CTb,0.4666666666666667,True,root_id
864691135274708753,axon_fully_extended,PV,864691135274708753,258464,inhibitory,BasketFam,1.0,BasketFam-e,0.06666666666666667,True,root_id
864691135274713617,axon_partially_extended,ITC,864691135274713617,300846,inhibitory,BipFam,1.0,BipFam-j,0.9333333333333333,True,root_id
864691135274816017,axon_partially_extended,L3IT,864691135726995371,260743,excitatory,L4,0.95,L4b,0.8666666666666667,True,nucleus_id
864691135274830353,axon_fully_extended,L4IT,864691135274830353,264988,excitatory,L4,0.95,L4b,0.9333333333333333,True,root_id
864691135274860561,axon_partially_extended,L4IT,864691135274860561,262959,excitatory,L4,1.0,L4b,0.9666666666666667,True,root_id
864691135274860817,axon_partially_extended,L4IT,864691136743239516,298895,excitatory,L4,1.0,L4a,0.9,True,nucleus_id
864691135275621605,axon_partially_extended,L2IT,864691135275621605,190151,excitatory,L3,0.95,L3a,0.8,True,root_id
864691135275949029,axon_partially_extended,L2IT,864691135275949029,389316,excitatory,L2,0.85,L2b,0.8666666666666667,True,root_id
864691135276132325,axon_partially_extended,L3IT,864691135276132325,258202,excitatory,L3,0.8,L3a,0.7666666666666667,True,root_id
864691135276188133,axon_partially_extended,L6CT,864691135276188133,307189,excitatory,L6CT,0.95,L6CTb,0.3333333333333333,True,root_id
864691135276189669,axon_partially_extended,L6CT,864691135276189669,306933,excitatory,L6CT,0.55,L6CTa,0.4,True,root_id
864691135276234469,axon_partially_extended,L3IT,864691135276234469,294499,excitatory,L3,0.9,L3a,0.9333333333333333,True,root_id
864691135276504549,axon_partially_extended,L2IT,864691135276504549,256519,excitatory,L2,1.0,L2a,0.9333333333333333,True,root_id
864691135276505573,axon_partially_extended,L3IT,864691135276505573,194599,,L3,0.7,L3a,0.6,False,root_id
864691135277186789,axon_partially_extended,L3IT,864691135277186789,258209,excitatory,L3,0.9,L3a,0.9666666666666667,True,root_id
864691135277309669,axon_fully_extended,L2IT,864691135277309669,256371,excitatory,L2,1.0,L2a,1.0,True,root_id
864691135277501669,axon_fully_extended,L4IT,864691135277501669,296687,excitatory,L4,1.0,L4b,0.7666666666666667,True,root_id
864691135279678881,axon_partially_extended,L6IT,864691135279678881,306953,excitatory,L6IT,1.0,L6ITa,0.8333333333333334,True,root_id
864691135279848865,axon_partially_extended,L6CT,864691135279848865,307232,excitatory,L6CT,1.0,L6CTb,0.2,True,root_id
864691135280481697,axon_partially_extended,L5IT,864691135280481697,301198,excitatory,L5,0.85,L5a,0.8,True,root_id
864691135280682401,axon_partially_extended,L4IT,864691135361231448,296779,excitatory,L4,0.95,L4b,0.7333333333333333,True,nucleus_id
864691135280944545,axon_fully_extended,L4IT,864691135280944545,262772,excitatory,L4,0.95,L4d,0.6333333333333333,True,root_id
864691135281109665,axon_fully_extended,PV,864691135861292904,301375,inhibitory,BasketFam,1.0,BasketFam-g,0.4,True,nucleus_id
864691135293096118,axon_fully_extended,NGC,864691135293096118,300401,inhibitory,NglFam,1.0,NglFam-g,0.7,True,root_id
864691135293398284,axon_partially_extended,AltDTC,864691135293398284,309268,inhibitory,MartFam,0.7,MartFam-k,0.7666666666666667,True,root_id
864691135293605558,axon_partially_extended,L4IT,864691135293605558,363677,excitatory,L4,0.95,L4a,0.9,True,root_id
864691135293678006,axon_partially_extended,L4IT,864691135293678006,264822,excitatory,L4,0.95,L4d,0.4,True,root_id
864691135294187190,axon_partially_extended,L4IT,864691136007339466,296806,excitatory,L4,1.0,L4b,0.23333333333333334,True,nucleus_id
864691135294194358,axon_fully_extended,thalamocortical,,,,,,,,,unmatched
864691135294361782,axon_partially_extended,L3IT,864691135294361782,258232,excitatory,L2,0.9,L2b,0.43333333333333335,True,root_id
864691135294441654,axon_fully_extended,L4IT,864691135294441654,262698,excitatory,L4,0.9,L4c,0.3333333333333333,True,root_id
864691135294442678,axon_partially_extended,L2IT,864691135294442678,258402,excitatory,L3,0.8,L3a,0.8333333333333334,True,root_id
864691135294480310,axon_fully_extended,L4IT,864691135294480310,301188,excitatory,L6IT,0.25,L6ITa,0.16666666666666666,True,root_id
864691135294520844,axon_partially_extended,L4IT,864691135343752901,296508,excitatory,L4,1.0,L4d,0.3333333333333333,True,nucleus_id
864691135294767884,axon_partially_extended,L6CT,864691135294767884,309257,excitatory,L6CT,1.0,L6CTa,0.7333333333333333,True,root_id
864691135295103500,axon_partially_extended,L4IT,864691136906199986,226662,excitatory,L4,1.0,L4a,0.7666666666666667,True,nucleus_id
864691135295165196,axon_fully_extended,L4IT,864691135295165196,262804,excitatory,L4,1.0,L4d,0.6666666666666666,True,root_id
864691135295330828,axon_fully_extended,L4IT,864691135295330828,298790,excitatory,L4,1.0,L4d,0.6333333333333333,True,root_id
864691135303514791,axon_partially_extended,L1,864691135303514791,255120,inhibitory,NglFam,1.0,NglFam-a,0.6666666666666666,True,root_id
864691135304641703,axon_partially_extended,L2IT,864691135405794030,256509,excitatory,L2,0.9,L2b,0.9333333333333333,True,nucleus_id
864691135304679079,axon_partially_extended,L4IT,864691135304679079,192966,,L4,0.5,L4a,0.6,False,root_id
864691135305383591,axon_partially_extended,L1,864691135305383591,286641,inhibitory,NglFam,0.95,NglFam-c,0.7333333333333333,True,root_id
864691135305643175,axon_fully_extended,L4IT,864691135305643175,263078,excitatory,L4,1.0,L4a,1.0,True,root_id
864691135308295238,axon_fully_extended,L6IT,864691135308295238,267206,excitatory,L6IT,1.0,L6ITa,0.4666666666666667,True,root_id
864691135308347974,axon_partially_extended,DTC,864691135308347974,271303,inhibitory,BipFam,0.25,BipFam-m,0.3,True,root_id
864691135308553030,axon_partially_extended,L6IT,864691135308553030,434406,excitatory,L6IT,1.0,L6ITa,0.8666666666666667,True,root_id
864691135309290822,axon_partially_extended,L3IT,864691135465329565,258361,excitatory,L3,0.8,L3a,0.8666666666666667,True,nucleus_id
864691135309486662,axon_fully_extended,PV,864691135309486662,330485,inhibitory,BasketFam,1.0,BasketFam-h,0.4666666666666667,True,root_id
864691135309628742,axon_fully_extended,L5IT,864691135325561500,301029,excitatory,L5,0.95,L5a,0.7666666666666667,True,nucleus_id
864691135309722950,axon_fully_extended,L2IT,864691135309722950,291348,excitatory,L3,0.95,L3a,0.9333333333333333,True,root_id
864691135309733190,axon_partially_extended,L1,864691135309733190,286913,inhibitory,NglFam,1.0,NglFam-c,0.8333333333333334,True,root_id
864691135323181212,axon_partially_extended,MC,864691135323181212,292864,inhibitory,MartFam,1.0,MartFam-b,0.7,True,root_id
864691135324437916,axon_partially_extended,L6IT,864691135324437916,269714,excitatory,L6IT,1.0,L6ITa,1.0,True,root_id
864691135324623260,axon_partially_extended,L4IT,864691135324623260,264889,excitatory,L4,0.6,L4d,0.3,True,root_id
864691135324705692,axon_partially_extended,L4IT,864691135324705692,300966,excitatory,L4,1.0,L4c,0.5333333333333333,True,root_id
864691135324725404,axon_partially_extended,L4IT,864691135324725404,300823,excitatory,L4,1.0,L4a,0.7666666666666667,True,root_id
864691135324963484,axon_partially_extended,L5ET,864691135324963484,302955,excitatory,L5ET,0.9,L5ETa,0.3,True,root_id
864691135325071004,axon_fully_extended,L2IT,864691135325071004,255156,excitatory,L2,1.0,L2b,0.8666666666666667,True,root_id
864691135325165724,axon_partially_extended,ITC,864691135325165724,330401,inhibitory,MartFam,0.6,MartFam-h,0.2,True,root_id
864691135325263004,axon_partially_extended,L3IT,864691135720809265,294536,excitatory,L3,1.0,L3a,0.9666666666666667,True,nucleus_id
864691135325309084,axon_partially_extended,L6IT,864691135325309084,305355,excitatory,L6IT,1.0,L6ITa,0.7333333333333333,True,root_id
864691135325413788,axon_partially_extended,L4IT,864691135325413788,299253,excitatory,L4,1.0,L4a,0.3,True,root_id
864691135325426076,axon_partially_extended,DTC,864691137199973441,307147,inhibitory,MartFam,1.0,MartFam-o,0.9666666666666667,True,nucleus_id
864691135325487004,axon_partially_extended,L3IT,864691136976247324,296598,excitatory,L3,0.65,L3a,0.6666666666666666,True,nucleus_id
864691135335635177,axon_partially_extended,L3IT,864691135335635177,425915,excitatory,L3,1.0,L3a,1.0,True,root_id
864691135335855337,axon_partially_extended,L4IT,864691135335855337,195369,,L4,1.0,L4b,0.6,False,root_id
864691135335937513,axon_partially_extended,L3IT,864691136053784307,296634,excitatory,L3,0.65,L3a,0.7,True,nucleus_id
864691135336055529,axon_partially_extended,L4IT,864691135336055529,226093,excitatory,L4,1.0,L4b,0.8333333333333334,True,root_id
864691135336113129,axon_partially_extended,L4IT,864691135336113129,333227,excitatory,L4,0.95,L4b,0.5,True,root_id
864691135336669673,axon_partially_extended,DTC,864691135336669673,305251,inhibitory,MartFam,0.95,MartFam-n,0.03333333333333333,True,root_id
864691135336840425,axon_partially_extended,PV,864691135336840425,264783,inhibitory,BasketFam,0.9,BasketFam-l,0.3333333333333333,True,root_id
864691135336847849,axon_fully_extended,L2IT,864691136010802860,256470,excitatory,L2,1.0,L2a,1.0,True,nucleus_id
864691135336954857,axon_fully_extended,L4IT,864691135989702915,262823,excitatory,L4,1.0,L4a,0.9333333333333333,True,nucleus_id
864691135339088102,axon_partially_extended,L4IT,864691135339088102,368359,excitatory,L4,0.95,L4b,0.9333333333333333,True,root_id
864691135339103718,axon_partially_extended,L3IT,864691135339103718,423560,excitatory,L3,0.95,L3a,1.0,True,root_id
864691135339600102,axon_partially_extended,L4IT,864691136108584921,298772,excitatory,L5,0.15,L5a,0.06666666666666667,True,nucleus_id
864691135339729126,axon_partially_extended,L4IT,864691135339729126,330086,excitatory,L4,1.0,L4a,0.9666666666666667,True,root_id
864691135339729894,axon_partially_extended,L4IT,864691135339729894,394838,excitatory,L4,1.0,L4a,0.9666666666666667,True,root_id
864691135339982310,axon_fully_extended,PV,864691135339982310,301041,inhibitory,BasketFam,0.95,BasketFam-l,0.23333333333333334,True,root_id
864691135340055782,axon_partially_extended,L5IT,864691135340055782,265054,excitatory,L5,0.55,L5b,0.4,True,root_id
864691135340141542,axon_partially_extended,DTC,864691135340141542,309480,inhibitory,MartFam,0.85,MartFam-o,0.6666666666666666,True,root_id
864691135341516741,axon_partially_extended,MC,864691135341516741,404260,inhibitory,MartFam,1.0,MartFam-j,0.4,True,root_id
864691135342523057,axon_partially_extended,L3IT,864691135342523057,392397,excitatory,L3,1.0,L3a,1.0,True,root_id
864691135342541509,axon_partially_extended,L4IT,864691136238801935,260555,excitatory,L4,1.0,L4a,1.0,True,nucleus_id
864691135342585541,axon_partially_extended,L4IT,864691135342585541,363596,excitatory,L4,1.0,L4a,0.9666666666666667,True,root_id
864691135342594225,axon_partially_extended,L2IT,864691135015795606,291339,excitatory,L2,1.0,L2b,1.0,True,nucleus_id
864691135342823877,axon_partially_extended,L6CT,864691135342823877,269320,excitatory,L6IT,0.0,L6ITa,0.1,True,root_id
864691135342848433,axon_partially_extended,L4IT,864691135342848433,194171,excitatory,L4,1.0,L4d,0.4666666666666667,True,root_id
864691135342958789,axon_partially_extended,L4IT,864691135342958789,330815,excitatory,L4,0.8,L4b,0.7666666666666667,True,root_id
864691135343081925,axon_partially_extended,L6CT,864691135343081925,306968,excitatory,L6CT,1.0,L6CTb,0.6666666666666666,True,root_id
864691135343097029,axon_partially_extended,L6CT,864691135343097029,309205,excitatory,L6CT,1.0,L6CTc,0.8,True,root_id
864691135343499441,axon_partially_extended,L6CT,864691135343499441,304988,excitatory,L6CT,0.95,L6CTa,0.8333333333333334,True,root_id
864691135343506885,axon_partially_extended,AltBasket,864691135343506885,254965,inhibitory,BipFam,0.95,BipFam-l,0.7,True,root_id
864691135343509701,axon_fully_extended,MC,864691135343509701,305444,inhibitory,MartFam,1.0,MartFam-l,0.3,True,root_id
864691135343601093,axon_fully_extended,PV,864691135343601093,267402,inhibitory,BasketFam,1.0,BasketFam-o,0.5333333333333333,True,root_id
864691135343818161,axon_partially_extended,L2IT,864691135196612650,292655,excitatory,L2,0.4,L2b,0.3333333333333333,True,nucleus_id
864691135343923633,axon_partially_extended,AltDTC,864691135343923633,309266,inhibitory,MartFam,0.65,MartFam-h,0.13333333333333333,True,root_id
864691135346571423,axon_partially_extended,L4IT,864691135346571423,396693,excitatory,L4,1.0,L4d,0.7,True,root_id
864691135346685855,axon_partially_extended,L4IT,864691135346685855,192536,excitatory,L4,0.95,L4a,0.9666666666666667,True,root_id
864691135346954143,axon_partially_extended,MC,864691135346954143,298796,inhibitory,MartFam,1.0,MartFam-e,0.5666666666666667,True,root_id
864691135346975135,axon_fully_extended,L5IT,864691135346975135,303169,excitatory,L5,0.65,L5b,0.6,True,root_id
864691135347627423,axon_partially_extended,ITC,864691135347627423,328514,inhibitory,BipFam,1.0,BipFam-e,0.26666666666666666,True,root_id
864691135347633055,axon_partially_extended,L2IT,864691135347633055,256615,excitatory,L3,0.9,L3a,0.8666666666666667,True,root_id
864691135347725215,axon_fully_extended,L3IT,864691135347725215,294505,excitatory,L3,0.6,L3a,0.6333333333333333,True,root_id
864691135347733151,axon_fully_extended,L4IT,864691135347733151,296724,excitatory,L4,1.0,L4a,0.9666666666666667,True,root_id
864691135349839831,axon_partially_extended,L3IT,864691135410137545,258243,excitatory,L3,1.0,L3a,1.0,True,nucleus_id
864691135350420951,axon_partially_extended,L6CT,864691135350420951,269498,excitatory,L6CT,0.55,L6CTa,0.26666666666666666,True,root_id
864691135350542039,axon_fully_extended,L5IT,864691135350542039,269591,excitatory,L5,0.95,L5b,0.8666666666666667,True,root_id
864691135350717399,axon_partially_extended,L5IT,864691135350717399,301121,excitatory,L5,1.0,L5c,0.7333333333333333,True,root_id
864691135350976727,axon_fully_extended,L1,864691135350976727,326204,inhibitory,BipFam,0.6,BipFam-e,0.2,True,root_id
864691135350977751,axon_fully_extended,MC,864691135350977751,292579,inhibitory,MartFam,1.0,MartFam-b,0.6333333333333333,True,root_id
864691135351022807,axon_partially_extended,L2IT,864691135351022807,255258,excitatory,L2,0.3,L2b,0.16666666666666666,True,root_id
864691135351066583,axon_fully_extended,L2IT,864691135351066583,256517,excitatory,L2,0.85,L2b,0.8,True,root_id
864691135351096279,axon_fully_extended,L4IT,864691135351096279,264884,excitatory,L4,1.0,L4d,0.7666666666666667,True,root_id
864691135351159255,axon_fully_extended,thalamocortical,,,,,,,,,unmatched
864691135356087247,axon_partially_extended,MC,864691135356087247,337568,inhibitory,MartFam,1.0,MartFam-k,0.8333333333333334,True,root_id
864691135356320463,axon_partially_extended,L6CT,864691135356320463,344535,excitatory,L6CT,1.0,L6CTa,0.8666666666666667,True,root_id
864691135356708303,axon_partially_extended,DTC,864691135356708303,307066,inhibitory,MartFam,1.0,MartFam-o,0.7666666666666667,True,root_id
864691135357351375,axon_partially_extended,L4IT,864691135892355977,299060,excitatory,L4,1.0,L4b,0.6333333333333333,True,nucleus_id
864691135359413848,axon_partially_extended,ITC,864691136229440081,262692,inhibitory,BipFam,1.0,BipFam-j,1.0,True,nucleus_id
864691135360300632,axon_partially_extended,L6IT,864691135360300632,304994,excitatory,L6IT,1.0,L6ITa,0.6666666666666666,True,root_id
864691135360346200,axon_partially_extended,L4IT,864691135360346200,330167,excitatory,L4,0.15,L4b,0.2,True,root_id
864691135360482392,axon_partially_extended,L4IT,864691135360482392,300796,excitatory,L4,1.0,L4d,0.7,True,root_id
864691135360809560,axon_partially_extended,L4IT,864691135360809560,263131,excitatory,L4,1.0,L4b,0.5333333333333333,True,root_id
864691135361291591,axon_fully_extended,MC,864691135361291591,368160,inhibitory,MartFam,1.0,MartFam-j,0.5,True,root_id
864691135361314119,axon_fully_extended,L2IT,864691135361314119,292709,excitatory,L2,1.0,L2a,0.9666666666666667,True,root_id
864691135361430087,axon_partially_extended,L5IT,864691135361430087,264927,excitatory,L5,1.0,L5b,0.9333333333333333,True,root_id
864691135361432391,axon_partially_extended,L6CT,864691135361432391,307346,excitatory,L6CT,0.9,L6CTc,0.16666666666666666,True,root_id
864691135361548615,axon_partially_extended,L6IT,864691135361548615,269471,excitatory,L6IT,0.95,L6ITa,0.43333333333333335,True,root_id
864691135361778503,axon_partially_extended,AltBasket,864691135361778503,187567,,BipFam,1.0,BipFam-f,0.8333333333333334,False,root_id
864691135361780551,axon_partially_extended,L6CT,864691135361780551,311867,excitatory,L6CT,0.95,L6CTc,0.7666666666666667,True,root_id
864691135362104647,axon_partially_extended,L5ET,864691135362104647,300897,excitatory,L5ET,0.95,L5ETa,0.5,True,root_id
864691135362357319,axon_partially_extended,PV,864691136675971207,258234,inhibitory,BasketFam,1.0,BasketFam-e,0.23333333333333334,True,nucleus_id
864691135368949241,axon_partially_extended,L3IT,864691135368949241,225880,excitatory,L4,0.4,L4b,0.43333333333333335,True,root_id
864691135369002233,axon_partially_extended,L6CT,864691135369002233,305184,excitatory,L6CT,1.0,L6CTa,0.9,True,root_id
864691135369087481,axon_partially_extended,L6CT,864691135369087481,309494,excitatory,L6IT,1.0,L6ITb,0.8666666666666667,True,root_id
864691135369651193,axon_partially_extended,ITC,864691135369651193,256426,inhibitory,BipFam,1.0,BipFam-g,0.16666666666666666,True,root_id
864691135369668089,axon_fully_extended,PV,864691135369668089,263029,inhibitory,BasketFam,0.95,BasketFam-j,0.3,True,root_id
864691135373601736,axon_partially_extended,PV,864691135373601736,273595,inhibitory,BasketFam,1.0,BasketFam-s,0.6333333333333333,True,root_id
864691135374981320,axon_partially_extended,L4IT,864691135374981320,330802,excitatory,L4,1.0,L4a,0.7,True,root_id
864691135375107272,axon_partially_extended,L4IT,864691135375107272,261949,excitatory,L4,0.95,L4b,0.4666666666666667,True,root_id
864691135375351369,axon_partially_extended,L4IT,864691136314539069,296725,excitatory,L4,0.55,L4a,0.43333333333333335,True,nucleus_id
864691135375361480,axon_partially_extended,MC,864691135375361480,304878,inhibitory,MartFam,1.0,MartFam-k,0.9,True,root_id
864691135375430985,axon_fully_extended,MC,864691135375430985,161736,,MartFam,1.0,MartFam-e,0.36666666666666664,False,root_id
864691135375484489,axon_partially_extended,L4IT,864691135375484489,394291,excitatory,L4,0.7,L4a,0.3,True,root_id
864691135375590217,axon_partially_extended,L4IT,864691135375590217,363867,excitatory,L4,1.0,L4b,0.4666666666666667,True,root_id
864691135375655880,axon_partially_extended,ITCperi,864691135375655880,301030,inhibitory,BipFam,1.0,BipFam-i,0.7333333333333333,True,root_id
864691135375745736,axon_partially_extended,L2IT,864691135703274363,255213,excitatory,L2,0.95,L2b,0.8666666666666667,True,nucleus_id
864691135375767369,axon_fully_extended,L5IT,864691135375767369,267195,excitatory,L5,0.85,L5b,0.7666666666666667,True,root_id
864691135375888840,axon_partially_extended,L4IT,864691135375888840,260628,excitatory,L4,1.0,L4a,0.7333333333333333,True,root_id
864691135376096329,axon_partially_extended,ITC,864691135376096329,298894,inhibitory,BipFam,1.0,BipFam-j,1.0,True,root_id
864691135384176619,axon_partially_extended,L4IT,864691135384176619,197609,excitatory,L4,1.0,L4d,0.5666666666666667,True,root_id
864691135384262362,axon_partially_extended,L6CT,864691135384262362,309200,excitatory,L6IT,0.85,L6ITb,0.6333333333333333,True,root_id
864691135384285931,axon_partially_extended,L4IT,864691135384285931,330329,excitatory,L4,0.7,L4b,0.6,True,root_id
864691135384292843,axon_partially_extended,L4IT,864691135949096801,296661,excitatory,L4,0.9,L4b,0.4666666666666667,True,nucleus_id
864691135384344043,axon_partially_extended,L3IT,864691135384344043,260222,excitatory,L3,1.0,L3a,0.8,True,root_id
864691135384404954,axon_partially_extended,L5NP,864691135384404954,305109,excitatory,L5NP,0.95,L5NPb,0.4666666666666667,True,root_id
864691135384716762,axon_fully_extended,MC,864691135384716762,300627,inhibitory,MartFam,1.0,MartFam-e,0.4,True,root_id
864691135384843738,axon_partially_extended,L5IT,864691135384843738,300975,excitatory,L5,0.45,L5a,0.2,True,root_id
864691135386899029,axon_partially_extended,L4IT,864691135386899029,263132,excitatory,L4,1.0,L4a,0.4666666666666667,True,root_id
864691135386940245,axon_partially_extended,ITC,864691137056527478,258281,inhibitory,BipFam,1.0,BipFam-j,0.8333333333333334,True,nucleus_id
864691135386963541,axon_partially_extended,L4IT,864691135577868318,363820,excitatory,L4,1.0,L4b,0.9,True,nucleus_id
864691135387277397,axon_fully_extended,thalamocortical,,,,,,,,,unmatched
864691135387513685,axon_partially_extended,L4IT,864691135942123174,260629,excitatory,L4,1.0,L4a,1.0,True,nucleus_id
864691135387529301,axon_fully_extended,PV,864691135387529301,298759,inhibitory,BasketFam,1.0,BasketFam-e,0.06666666666666667,True,root_id
864691135387535957,axon_partially_extended,L4IT,864691135387535957,294670,excitatory,L4,1.0,L4a,0.7666666666666667,True,root_id
864691135387551061,axon_fully_extended,PV,864691135387551061,326322,inhibitory,BasketFam,1.0,BasketFam-b,0.26666666666666666,True,root_id
864691135387558997,axon_partially_extended,L2IT,864691135387558997,256535,excitatory,L2,0.55,L2b,0.6,True,root_id
864691135387690069,axon_fully_extended,L2IT,864691135387690069,582010,,L2,0.95,L2b,0.8666666666666667,False,root_id
864691135387753601,axon_partially_extended,MC,864691135387753601,305232,inhibitory,MartFam,1.0,MartFam-k,0.8,True,root_id
864691135387988609,axon_partially_extended,L3IT,864691135577919006,260592,excitatory,L3,0.85,L3a,0.8,True,nucleus_id
864691135388368001,axon_partially_extended,L4IT,864691135388368001,262929,excitatory,L4,1.0,L4d,0.36666666666666664,True,root_id
864691135388545921,axon_partially_extended,L6IT,864691135388545921,307010,excitatory,L6IT,0.75,L6ITb,0.6666666666666666,True,root_id
864691135388660865,axon_partially_extended,L6IT,864691135388660865,305036,excitatory,L6IT,0.85,L6ITb,0.6666666666666666,True,root_id
864691135388675969,axon_partially_extended,L6IT,864691135309907014,305197,excitatory,L6IT,0.55,L6ITa,0.13333333333333333,True,nucleus_id
864691135388828033,axon_partially_extended,L6IT,864691135388828033,305200,excitatory,L6IT,0.9,L6ITa,0.6333333333333333,True,root_id
864691135388984961,axon_fully_extended,PV,864691135388984961,335669,inhibitory,BasketFam,1.0,BasketFam-i,0.8666666666666667,True,root_id
864691135389004929,axon_fully_extended,PV,864691135389004929,337859,inhibitory,BasketFam,1.0,BasketFam-q,0.7333333333333333,True,root_id
864691135389122689,axon_fully_extended,PV,864691135389122689,303108,inhibitory,MartFam,0.6,MartFam-g,0.4666666666666667,True,root_id
864691135389168001,axon_fully_extended,L2IT,864691135389168001,294481,excitatory,L3,1.0,L3a,0.9333333333333333,True,root_id
864691135389195393,axon_fully_extended,L4IT,864691135389195393,262885,excitatory,L4,1.0,L4a,0.7666666666666667,True,root_id
864691135395833333,axon_partially_extended,ITC,864691136438849182,292675,inhibitory,BipFam,0.95,BipFam-e,0.5333333333333333,True,nucleus_id
864691135396115189,axon_partially_extended,L6IT,864691135396115189,305051,excitatory,L6IT,0.95,L6ITb,0.9,True,root_id
864691135396115445,axon_partially_extended,L4IT,864691135396115445,366186,excitatory,L4,0.95,L4b,0.8666666666666667,True,root_id
864691135396312821,axon_partially_extended,L6CT,864691135396312821,309463,excitatory,L6CT,1.0,L6CTc,0.23333333333333334,True,root_id
864691135396485877,axon_partially_extended,L6IT,864691135396485877,342334,excitatory,L6IT,1.0,L6ITb,0.8,True,root_id
864691135396720885,axon_partially_extended,PV,864691135840144019,333030,inhibitory,BasketFam,1.0,BasketFam-f,0.1,True,nucleus_id
864691135396794101,axon_fully_extended,L3IT,864691135396794101,258220,excitatory,L3,0.95,L3a,0.8666666666666667,True,root_id
864691135396940021,axon_fully_extended,L4IT,864691135396940021,262937,excitatory,L4,1.0,L4d,0.7666666666666667,True,root_id
864691135397023777,axon_fully_extended,L5ET,864691135397023777,494888,excitatory,L5ET,1.0,L5ETc,0.6,True,root_id
864691135397846049,axon_partially_extended,L2IT,864691135397846049,422239,excitatory,L3,0.9,L3a,0.7666666666666667,True,root_id
864691135397960481,axon_partially_extended,L2IT,864691135397960481,552173,excitatory,L2,1.0,L2b,1.0,True,root_id
864691135397982753,axon_partially_extended,L5IT,864691135397982753,459250,excitatory,L5,0.95,L5a,0.9,True,root_id
864691135398243105,axon_partially_extended,L5IT,864691135398243105,267102,excitatory,L5,1.0,L5c,0.8666666666666667,True,root_id
864691135398746401,axon_fully_extended,MC,864691135060992155,330171,inhibitory,MartFam,1.0,MartFam-d,0.5666666666666667,True,nucleus_id
864691135398762529,axon_partially_extended,ITC,864691135398762529,258544,inhibitory,BipFam,0.9,BipFam-h,0.23333333333333334,True,root_id
864691135398805281,axon_partially_extended,L2IT,864691135928503566,256521,excitatory,L3,0.65,L3a,0.5666666666666667,True,nucleus_id
864691135398817569,axon_fully_extended,L2IT,864691135398817569,291326,excitatory,L2,1.0,L2a,1.0,True,root_id
864691135398868257,axon_fully_extended,L4IT,864691135398868257,262881,excitatory,L4,1.0,L4d,0.23333333333333334,True,root_id
864691135398892065,axon_partially_extended,L3IT,864691135398892065,292737,excitatory,L3,0.95,L3a,0.9666666666666667,True,root_id
864691135398925345,axon_partially_extended,L3IT,864691135398925345,256440,excitatory,L3,0.85,L3a,0.8333333333333334,True,root_id
864691135404765166,axon_fully_extended,MC,864691135404765166,269585,inhibitory,MartFam,1.0,MartFam-k,0.9666666666666667,True,root_id
864691135404860654,axon_partially_extended,L2IT,864691135404860654,256422,excitatory,L2,1.0,L2b,1.0,True,root_id
864691135405138670,axon_partially_extended,L4IT,864691135405138670,397219,excitatory,L4,1.0,L4b,0.6333333333333333,True,root_id
864691135405224174,axon_partially_extended,L4IT,864691135405224174,395099,excitatory,L4,1.0,L4b,0.5666666666666667,True,root_id
864691135405337326,axon_partially_extended,L3IT,864691135405337326,296328,excitatory,L3,0.8,L3a,0.6333333333333333,True,root_id
864691135405480430,axon_fully_extended,PV,864691135405480430,260777,inhibitory,BasketFam,1.0,BasketFam-g,0.5333333333333333,True,root_id
864691135405626862,axon_partially_extended,L2IT,864691135641489723,292842,excitatory,L2,0.25,L2a,0.4,True,nucleus_id
864691135405700334,axon_partially_extended,L4IT,864691135405700334,294494,excitatory,L4,0.45,L4b,0.5,True,root_id
864691135405713902,axon_fully_extended,L3IT,864691135405713902,296786,excitatory,L4,0.7,L4b,0.7,True,root_id
864691135405733870,axon_fully_extended,L4IT,864691135405733870,301241,excitatory,L4,0.9,L4d,0.9,True,root_id
864691135408560329,axon_partially_extended,L2IT,864691135408560329,519002,excitatory,L3,0.75,L3a,0.7666666666666667,True,root_id
864691135408788169,axon_partially_extended,L4IT,864691136211461564,298762,excitatory,L4,1.0,L4a,0.7,True,nucleus_id
864691135408808649,axon_partially_extended,L2IT,864691135408808649,324476,excitatory,L2,1.0,L2b,1.0,True,root_id
864691135409760457,axon_partially_extended,L1,864691135563095009,255260,inhibitory,BipFam,0.35,BipFam-a,0.26666666666666666,True,nucleus_id
864691135409856713,axon_fully_extended,PV,864691135409856713,292796,inhibitory,BasketFam,1.0,BasketFam-f,0.43333333333333335,True,root_id
864691135409859785,axon_fully_extended,L5IT,864691136196458454,301236,excitatory,L5,0.95,L5b,0.9333333333333333,True,nucleus_id
864691135409937097,axon_fully_extended,L2IT,864691135409937097,291111,excitatory,L2,0.95,L2b,0.9666666666666667,True,root_id
864691135409940425,axon_fully_extended,L3IT,864691135409940425,294860,excitatory,L3,0.95,L3a,0.8666666666666667,True,root_id
864691135409962953,axon_fully_extended,L3IT,864691135409962953,258348,excitatory,L3,0.9,L3a,0.8666666666666667,True,root_id
864691135417045946,axon_partially_extended,L2IT,864691135417045946,422361,excitatory,L3,0.9,L3a,0.8333333333333334,True,root_id
864691135417307322,axon_partially_extended,L6CT,864691135417307322,309220,excitatory,L6CT,1.0,L6CTa,0.6666666666666666,True,root_id
864691135417313722,axon_partially_extended,L3IT,864691135417313722,260722,excitatory,L3,0.8,L3a,0.6666666666666666,True,root_id
864691135417443514,axon_partially_extended,L4IT,864691135417443514,296113,excitatory,L4,1.0,L4a,0.9666666666666667,True,root_id
864691135417478842,axon_partially_extended,L3IT,864691135417478842,225881,excitatory,L3,0.95,L3a,0.9666666666666667,True,root_id
864691135417827770,axon_partially_extended,L6CT,864691135417827770,271776,excitatory,L6CT,1.0,L6CTc,0.8,True,root_id
864691135417948090,axon_partially_extended,AltBasket,864691135417948090,610356,,BipFam,0.95,BipFam-f,0.6666666666666666,False,root_id
864691135430004016,axon_partially_extended,L4IT,864691135430004016,490973,excitatory,L4,0.95,L4b,0.6333333333333333,True,root_id
864691135430131760,axon_partially_extended,L6CT,864691135430131760,304979,excitatory,L6CT,1.0,L6CTa,0.9666666666666667,True,root_id
864691135430186032,axon_partially_extended,L5IT,864691135430186032,267381,excitatory,L5ET,0.4,L5ETd,0.43333333333333335,True,root_id
864691135430275120,axon_partially_extended,L4IT,864691135430275120,228126,excitatory,L4,1.0,L4a,0.4,True,root_id
864691135430290480,axon_partially_extended,L4IT,864691135430290480,258390,excitatory,L4,1.0,L4a,1.0,True,root_id
864691135430346544,axon_fully_extended,L5IT,864691135430346544,301122,excitatory,L5,1.0,L5a,0.7666666666666667,True,root_id
864691135430356784,axon_fully_extended,L5IT,864691135430356784,301112,excitatory,L5,0.7,L5a,0.7666666666666667,True,root_id
864691135430486576,axon_partially_extended,L4IT,864691135430486576,363868,excitatory,L4,1.0,L4b,0.23333333333333334,True,root_id
864691135430749232,axon_partially_extended,L4IT,864691135430749232,226288,excitatory,L4,1.0,L4a,0.8,True,root_id
864691135430859056,axon_partially_extended,L3IT,864691135430859056,300969,excitatory,L3,0.5,L3a,0.4,True,root_id
864691135431088176,axon_partially_extended,L6CT,864691135431088176,311785,excitatory,L6b,0.15,L6b,0.13333333333333333,True,root_id
864691135431089968,axon_partially_extended,L6IT,864691135431089968,305205,excitatory,L6IT,0.55,L6ITb,0.4666666666666667,True,root_id
864691135431109168,axon_partially_extended,L6CT,864691135431109168,273964,excitatory,L6CT,0.95,L6CTc,0.6,True,root_id
864691135431441968,axon_fully_extended,thalamocortical,,,,,,,,,unmatched
864691135431579440,axon_partially_extended,AltDTC,864691135431579440,292982,inhibitory,BipFam,1.0,BipFam-e,0.16666666666666666,True,root_id
864691135431591728,axon_partially_extended,L6CT,864691135431591728,307113,excitatory,L6IT,0.3,L6ITb,0.06666666666666667,True,root_id
864691135431616048,axon_fully_extended,L5ET,864691135431616048,267033,excitatory,L5ET,1.0,L5ETc,0.9,True,root_id
864691135431648048,axon_partially_extended,L4IT,864691135662882544,262786,excitatory,L4,1.0,L4a,0.26666666666666666,True,nucleus_id
864691135431654960,axon_fully_extended,L2IT,864691135431654960,292678,excitatory,L2,0.7,L2a,0.6666666666666666,True,root_id
864691135441799752,axon_fully_extended,L2IT,864691135410116041,292685,excitatory,L2,0.45,L2b,0.6333333333333333,True,nucleus_id
864691135442591048,axon_fully_extended,PV,864691135442591048,269557,inhibitory,BasketFam,1.0,BasketFam-q,0.8333333333333334,True,root_id
864691135442598728,axon_fully_extended,PV,864691135728043839,333364,inhibitory,BasketFam,0.95,BasketFam-m,0.26666666666666666,True,nucleus_id
864691135442606920,axon_partially_extended,L2IT,864691135573477101,256472,excitatory,L2,0.75,L2a,0.5666666666666667,True,nucleus_id
864691135446065810,axon_fully_extended,MC,864691135446065810,526397,inhibitory,MartFam,1.0,MartFam-l,0.6333333333333333,True,root_id
864691135447312274,axon_partially_extended,L4IT,864691135447312274,301224,excitatory,L4,1.0,L4b,0.7666666666666667,True,root_id
864691135447540882,axon_partially_extended,L6CT,864691135447540882,304978,excitatory,L5,0.3,L5c,0.0,True,root_id
864691135447582354,axon_partially_extended,L6CT,864691135447582354,309386,excitatory,L6CT,0.95,L6CTc,0.8333333333333334,True,root_id
864691135447653010,axon_partially_extended,L5IT,864691135447653010,300956,excitatory,L5,1.0,L5c,0.6,True,root_id
864691135447820946,axon_partially_extended,AltBasket,864691135447820946,555510,,BipFam,0.95,BipFam-l,0.5,False,root_id
864691135447888274,axon_fully_extended,PV,864691135447888274,303323,inhibitory,BasketFam,1.0,BasketFam-q,0.3,True,root_id
864691135447979922,axon_fully_extended,AltBasket,864691135447979922,292783,inhibitory,BipFam,1.0,BipFam-f,0.8333333333333334,True,root_id
864691135447994514,axon_partially_extended,L2IT,864691135447994514,292822,excitatory,L3,0.65,L3a,0.5666666666666667,True,root_id
864691135448017554,axon_partially_extended,PV,864691135294633654,292669,inhibitory,BasketFam,1.0,BasketFam-c,0.1,True,nucleus_id
864691135448127572,axon_partially_extended,L5NP,864691135448127572,267188,excitatory,L5NP,1.0,L5NPb,0.9,True,root_id
864691135448130450,axon_partially_extended,L3IT,864691135448130450,258229,excitatory,L3,0.85,L3a,0.9666666666666667,True,root_id
864691135448212882,axon_fully_extended,L4IT,864691135448212882,299064,excitatory,L4,1.0,L4a,0.9,True,root_id
864691135448215698,axon_fully_extended,L4IT,864691135448215698,299072,excitatory,L4,1.0,L4d,0.9,True,root_id
864691135448256146,axon_fully_extended,L4IT,864691135448256146,262863,excitatory,L4,1.0,L4a,0.9,True,root_id
864691135448303762,axon_partially_extended,L2IT,864691135448303762,256436,excitatory,L2,1.0,L2b,0.9666666666666667,True,root_id
864691135448698196,axon_partially_extended,L4IT,864691135490635578,299070,excitatory,L5,0.45,L5a,0.2,True,nucleus_id
864691135448811860,axon_fully_extended,PV,864691135448811860,337870,inhibitory,BasketFam,1.0,BasketFam-q,0.4666666666666667,True,root_id
864691135455400554,axon_partially_extended,L3IT,864691135455400554,258284,excitatory,L3,0.85,L3a,0.8,True,root_id
864691135455507818,axon_partially_extended,L4IT,864691136276470285,260598,excitatory,L4,0.9,L4b,0.7666666666666667,True,nucleus_id
864691135455701354,axon_partially_extended,L4IT,864691135455701354,427914,excitatory,L4,1.0,L4b,0.26666666666666666,True,root_id
864691135455819114,axon_partially_extended,L4IT,864691135455819114,296873,excitatory,L4,1.0,L4a,0.9666666666666667,True,root_id
864691135455875690,axon_partially_extended,L6CT,864691135455875690,309561,excitatory,L6CT,0.95,L6CTc,0.6333333333333333,True,root_id
864691135455977578,axon_partially_extended,L6CT,864691135455977578,269510,excitatory,L5,0.5,L5c,0.16666666666666666,True,root_id
864691135456165738,axon_partially_extended,L6CT,864691135456165738,311832,excitatory,L6CT,1.0,L6CTa,0.6666666666666666,True,root_id
864691135456207722,axon_partially_extended,L5ET,864691135456207722,303035,excitatory,L5ET,0.7,L5ETa,0.3,True,root_id
864691135456493418,axon_partially_extended,ITCperi,864691135456493418,303353,inhibitory,BipFam,0.95,BipFam-i,0.7333333333333333,True,root_id
864691135456535658,axon_fully_extended,MC,864691135456535658,299294,inhibitory,MartFam,1.0,MartFam-e,0.5,True,root_id
864691135463999294,axon_partially_extended,PV,864691135463999294,269219,inhibitory,BasketFam,1.0,BasketFam-q,0.5,True,root_id
864691135464143934,axon_partially_extended,L3IT,864691135464143934,455349,excitatory,L3,0.95,L3a,0.8,True,root_id
864691135464162366,axon_partially_extended,L3IT,864691135464162366,294498,excitatory,L4,0.6,L4b,0.7,True,root_id
864691135464263742,axon_fully_extended,L5IT,864691135464263742,267165,excitatory,L5,0.95,L5b,0.8333333333333334,True,root_id
864691135464302493,axon_partially_extended,L6IT,864691135464302493,428284,excitatory,L6IT,0.8,L6ITa,0.8,True,root_id
864691135464595518,axon_fully_extended,PV,864691135464595518,337698,inhibitory,BasketFam,0.95,BasketFam-l,0.13333333333333333,True,root_id
864691135464633245,axon_partially_extended,L6IT,864691135464633245,307068,excitatory,L6IT,0.95,L6ITb,0.6,True,root_id
864691135464671550,axon_partially_extended,L2IT,864691135464671550,256531,excitatory,L2,0.9,L2a,0.7666666666666667,True,root_id
864691135464678206,axon_partially_extended,MC,864691135464678206,303238,inhibitory,MartFam,1.0,MartFam-k,0.9666666666666667,True,root_id
864691135464714565,axon_fully_extended,L5ET,864691135464714565,527784,excitatory,L5ET,1.0,L5ETc,0.5666666666666667,True,root_id
864691135464787525,axon_partially_extended,L4IT,864691135464787525,490689,excitatory,L4,1.0,L4c,0.1,True,root_id
864691135464795710,axon_fully_extended,L2IT,864691135464795710,291099,excitatory,L2,1.0,L2b,0.9666666666666667,True,root_id
864691135464928318,axon_fully_extended,L2IT,864691135464928318,256466,excitatory,L2,0.9,L2a,0.9,True,root_id
864691135464946757,axon_partially_extended,PV,864691135464946757,305046,inhibitory,BasketFam,1.0,BasketFam-q,0.8333333333333334,True,root_id
864691135464991645,axon_fully_extended,thalamocortical,,,,,,,,,unmatched
864691135464995134,axon_fully_extended,L4IT,864691135464995134,299041,excitatory,L4,0.95,L4a,0.9333333333333333,True,root_id
864691135465001373,axon_fully_extended,PV,864691135465001373,302677,inhibitory,BasketFam,1.0,BasketFam-f,0.16666666666666666,True,root_id
864691135465098653,axon_partially_extended,L6CT,864691135465098653,307065,excitatory,L6CT,1.0,L6CTb,0.8666666666666667,True,root_id
864691135465100189,axon_fully_extended,L4IT,864691135465100189,262820,excitatory,L4,1.0,L4a,0.7666666666666667,True,root_id
864691135465113157,axon_partially_extended,L4IT,864691134942659427,260842,excitatory,L4,1.0,L4a,0.9666666666666667,True,nucleus_id
864691135465343045,axon_partially_extended,L4IT,864691135465162653,296668,excitatory,L4,0.95,L4b,0.9666666666666667,True,nucleus_id
864691135465503813,axon_partially_extended,L5ET,864691135465503813,302972,excitatory,L5ET,1.0,L5ETc,0.43333333333333335,True,root_id
864691135465571653,axon_partially_extended,L6IT,864691135686768055,304955,excitatory,L6IT,0.95,L6ITb,0.8666666666666667,True,nucleus_id
864691135465583685,axon_partially_extended,L6IT,864691135465583685,306959,excitatory,L6IT,0.8,L6ITb,0.8,True,root_id
864691135465585221,axon_partially_extended,L6IT,864691135465585221,311953,excitatory,L6IT,0.85,L6ITb,0.6333333333333333,True,root_id
864691135465643333,axon_partially_extended,L6CT,864691135465643333,309627,excitatory,L6CT,0.95,L6CTc,0.9333333333333333,True,root_id
864691135465795653,axon_partially_extended,PV,864691135465795653,271886,inhibitory,BasketFam,1.0,BasketFam-i,0.23333333333333334,True,root_id
864691135465900101,axon_partially_extended,ITC,864691136331537130,221113,inhibitory,BipFam,1.0,BipFam-g,0.23333333333333334,True,nucleus_id
864691135465932357,axon_partially_extended,L3IT,864691135465932357,258166,excitatory,L3,0.9,L3a,0.8666666666666667,True,root_id
864691135465955397,axon_fully_extended,L3IT,864691135686800567,260649,excitatory,L3,1.0,L3a,1.0,True,nucleus_id
864691135466025285,axon_fully_extended,PV,864691135466025285,302753,inhibitory,BasketFam,0.3,BasketFam-o,0.23333333333333334,True,root_id
864691135466158917,axon_partially_extended,L2IT,864691135281252001,258289,excitatory,L3,0.85,L3a,0.8,True,nucleus_id
864691135466236229,axon_partially_extended,L4IT,864691135466236229,296731,excitatory,L4,1.0,L4b,0.9,True,root_id
864691135466283333,axon_partially_extended,L4IT,864691135466283333,397167,excitatory,L4,0.95,L4d,0.2,True,root_id
864691135466333509,axon_partially_extended,PV,864691135466333509,301245,inhibitory,BasketFam,1.0,BasketFam-o,0.2,True,root_id
864691135468854156,axon_partially_extended,L2IT,864691135468854156,581093,excitatory,L2,1.0,L2b,0.8666666666666667,True,root_id
864691135468948364,axon_partially_extended,L3IT,864691135468948364,394538,excitatory,L3,0.75,L3a,0.7,True,root_id
864691135469215372,axon_partially_extended,L6CT,864691135469215372,307091,excitatory,L6CT,0.9,L6CTc,0.8,True,root_id
864691135469753426,axon_partially_extended,L2IT,864691136391132688,256331,excitatory,L3,0.9,L3a,0.9,True,nucleus_id
864691135469807954,axon_partially_extended,L6CT,864691135469807954,307069,excitatory,L6CT,0.95,L6CTc,0.7,True,root_id
864691135469845388,axon_partially_extended,L4IT,864691135469845388,301246,excitatory,L4,1.0,L4b,0.9,True,root_id
864691135470154834,axon_partially_extended,L6IT,864691137022222702,305105,excitatory,L6IT,1.0,L6ITa,0.6666666666666666,True,nucleus_id
864691135470235986,axon_partially_extended,AltBasket,864691135470235986,201147,inhibitory,BipFam,0.95,BipFam-l,0.7666666666666667,True,root_id
864691135470255698,axon_fully_extended,thalamocortical,,,,,,,,,unmatched
864691135470556242,axon_partially_extended,MC,864691135470556242,256446,inhibitory,MartFam,1.0,MartFam-b,0.7,True,root_id
864691135470787666,axon_fully_extended,L3IT,864691135470787666,294548,excitatory,L3,0.65,L3a,0.5,True,root_id
864691135470860370,axon_partially_extended,ITC,864691135774518523,292964,inhibitory,BipFam,0.95,BipFam-d,0.6666666666666666,True,nucleus_id
864691135472556082,axon_partially_extended,DTC,864691135472556082,309508,inhibitory,MartFam,0.7,MartFam-n,0.4,True,root_id
864691135473383730,axon_partially_extended,L4IT,864691135473383730,520668,excitatory,L4,1.0,L4a,1.0,True,root_id
864691135473453362,axon_partially_extended,L6CT,864691135473453362,274191,excitatory,L6CT,0.85,L6CTc,0.8,True,root_id
864691135473540914,axon_partially_extended,L4IT,864691135473540914,299074,excitatory,L4,1.0,L4d,0.7666666666666667,True,root_id
864691135473954354,axon_partially_extended,L6IT,864691135473954354,305219,excitatory,L6IT,0.95,L6ITb,0.7,True,root_id
864691135473961522,axon_partially_extended,L6CT,864691135473961522,309388,excitatory,L6CT,1.0,L6CTc,0.8333333333333334,True,root_id
864691135474086450,axon_partially_extended,PV,864691135474086450,463826,inhibitory,BasketFam,1.0,BasketFam-p,0.7,True,root_id
864691135474179378,axon_fully_extended,MC,864691135474179378,271673,inhibitory,MartFam,1.0,MartFam-k,0.6,True,root_id
864691135474504498,axon_partially_extended,L4IT,864691135783322704,262654,excitatory,L4,1.0,L4c,0.06666666666666667,True,nucleus_id
864691135476041792,axon_partially_extended,L4IT,864691135476041792,194161,,L4,1.0,L4b,0.5666666666666667,False,root_id
864691135476311616,axon_partially_extended,L4IT,864691135476311616,262809,excitatory,L4,1.0,L4b,0.6,True,root_id
864691135476495936,axon_fully_extended,L3IT,864691134942699107,296510,excitatory,L4,0.6,L4b,0.7666666666666667,True,nucleus_id
864691135476528704,axon_partially_extended,L2IT,864691135476528704,291464,excitatory,L2,1.0,L2b,1.0,True,root_id
864691135476581440,axon_partially_extended,L6CT,864691135476581440,273837,excitatory,L6CT,0.95,L6CTb,0.7,True,root_id
864691135476769344,axon_partially_extended,L6CT,864691135476769344,309171,excitatory,L6CT,0.75,L6CTa,0.6,True,root_id
864691135476793920,axon_partially_extended,L6CT,864691135476793920,344425,excitatory,L6CT,0.75,L6CTc,0.26666666666666666,True,root_id
864691135477104960,axon_fully_extended,thalamocortical,,,,,,,,,unmatched
864691135477448360,axon_partially_extended,L6IT,864691135477448360,271686,excitatory,L6IT,0.6,L6ITa,0.3333333333333333,True,root_id
864691135477469352,axon_partially_extended,L4IT,864691135477469352,194797,,L4,1.0,L4d,0.5333333333333333,False,root_id
864691135477469864,axon_partially_extended,L3IT,864691135477469864,423614,excitatory,L3,0.4,L3a,0.4,True,root_id
864691135477670312,axon_partially_extended,L4IT,864691135477670312,396756,excitatory,L4,1.0,L4d,0.7666666666666667,True,root_id
864691135477839784,axon_partially_extended,L6IT,864691135477839784,304951,excitatory,L6IT,1.0,L6ITb,0.6,True,root_id
864691135477841320,axon_partially_extended,L6CT,864691135477841320,269409,excitatory,L6CT,1.0,L6CTa,0.7,True,root_id
864691135478095016,axon_partially_extended,PV,864691135478095016,260609,inhibitory,BasketFam,1.0,BasketFam-g,0.4,True,root_id
864691135478268840,axon_partially_extended,L4IT,864691135478268840,330852,excitatory,L4,1.0,L4a,0.9,True,root_id
864691135478316200,axon_fully_extended,L4IT,864691135478316200,298827,excitatory,L4,1.0,L4d,0.7333333333333333,True,root_id
864691135478334888,axon_partially_extended,PV,864691135478334888,267293,inhibitory,BasketFam,1.0,BasketFam-f,0.4666666666666667,True,root_id
864691135478400936,axon_fully_extended,L4IT,864691135478400936,299035,excitatory,L4,1.0,L4b,0.43333333333333335,True,root_id
864691135478429352,axon_fully_extended,L4IT,864691136275230142,262780,excitatory,L4,1.0,L4a,0.36666666666666664,True,nucleus_id
864691135478434216,axon_fully_extended,PV,864691136331448810,294935,inhibitory,BasketFam,1.0,BasketFam-g,0.4,True,nucleus_id
864691135479744454,axon_partially_extended,L6IT,864691135479744454,311793,excitatory,L6IT,1.0,L6ITb,0.9333333333333333,True,root_id
864691135479833030,axon_partially_extended,L4IT,864691135479833030,330148,excitatory,L4,0.95,L4a,0.9,True,root_id
864691135480311494,axon_partially_extended,L6IT,864691135480311494,269593,excitatory,L6IT,0.9,L6ITa,0.43333333333333335,True,root_id
864691135480585158,axon_partially_extended,L1,864691135480585158,221197,inhibitory,BipFam,0.2,BipFam-b,0.0,True,root_id
864691135480652998,axon_partially_extended,L5IT,864691135480652998,303097,excitatory,L5,0.95,L5c,0.8,True,root_id
864691135480702662,axon_fully_extended,MC,864691135703282043,267240,inhibitory,MartFam,1.0,MartFam-f,0.5333333333333333,True,nucleus_id
864691135480718022,axon_fully_extended,L2IT,864691135480718022,452396,excitatory,L2,1.0,L2b,1.0,True,root_id
864691135480800198,axon_fully_extended,L2IT,864691135480800198,291333,excitatory,L2,1.0,L2a,1.0,True,root_id
864691135480892614,axon_partially_extended,L4IT,864691135480892614,264989,excitatory,L4,1.0,L4b,0.9333333333333333,True,root_id
864691135480916422,axon_partially_extended,L4IT,864691135646928111,296750,excitatory,L4,1.0,L4b,0.1,True,nucleus_id
864691135489677882,axon_partially_extended,L3IT,864691135489677882,294491,excitatory,L3,1.0,L3a,0.9666666666666667,True,root_id
864691135489836346,axon_partially_extended,L4IT,864691135489836346,489411,excitatory,L4,0.95,L4a,0.9,True,root_id
864691135490326074,axon_partially_extended,L2IT,864691135490326074,292674,excitatory,L2,0.9,L2b,0.9,True,root_id
864691135490483514,axon_fully_extended,L4IT,864691135490483514,262942,excitatory,L4,1.0,L4d,0.4,True,root_id
864691135490505018,axon_fully_extended,L4IT,864691135490505018,298944,excitatory,L4,1.0,L4a,0.8,True,root_id
864691135491891559,axon_partially_extended,L6CT,864691135491891559,271698,excitatory,L6CT,1.0,L6CTa,0.5666666666666667,True,root_id
864691135492274791,axon_partially_extended,L6CT,864691135492274791,306963,excitatory,L6CT,1.0,L6CTa,0.4666666666666667,True,root_id
864691135492276839,axon_partially_extended,L6CT,864691135492276839,344441,excitatory,L6CT,1.0,L6CTa,1.0,True,root_id
864691135492308071,axon_partially_extended,L6CT,864691135492308071,306958,excitatory,L6CT,1.0,L6CTb,0.7333333333333333,True,root_id
864691135492371303,axon_partially_extended,L6CT,864691135492371303,307132,excitatory,L6CT,1.0,L6CTb,0.13333333333333333,True,root_id
864691135492568551,axon_partially_extended,L4IT,864691135492568551,260769,excitatory,L4,1.0,L4b,0.7666666666666667,True,root_id
864691135492600167,axon_fully_extended,PV,864691135492600167,337808,inhibitory,BasketFam,1.0,BasketFam-p,0.36666666666666664,True,root_id
864691135492613471,axon_fully_extended,L2IT,864691135492613471,256459,excitatory,L2,0.95,L2a,0.9,True,root_id
864691135492614239,axon_fully_extended,MC,864691135492614239,230650,inhibitory,MartFam,1.0,MartFam-j,0.6666666666666666,True,root_id
864691135492665959,axon_partially_extended,MC,864691135492665959,255129,inhibitory,MartFam,0.85,MartFam-b,0.6,True,root_id
864691135492749415,axon_partially_extended,L2IT,864691135492749415,291311,excitatory,L2,0.55,L2b,0.6666666666666666,True,root_id
864691135492888039,axon_fully_extended,PV,864691135928477966,262567,inhibitory,BasketFam,1.0,BasketFam-g,0.43333333333333335,True,nucleus_id
864691135492991839,axon_partially_extended,L4IT,864691135492991839,264941,excitatory,L4,0.95,L4c,0.7666666666666667,True,root_id
864691135493031519,axon_partially_extended,L4IT,864691135493031519,300907,excitatory,L4,1.0,L4b,0.8666666666666667,True,root_id
864691135493051879,axon_partially_extended,L3IT,864691135866981246,294652,excitatory,L3,0.75,L3a,0.7,True,nucleus_id
864691135493079135,axon_partially_extended,L6CT,864691135493079135,344443,excitatory,L6CT,0.55,L6CTa,0.5,True,root_id
864691135493079783,axon_fully_extended,L2IT,864691135493079783,610474,,L2,1.0,L2b,1.0,False,root_id
864691135493149927,axon_fully_extended,L4IT,864691135493149927,299038,excitatory,L4,1.0,L4b,0.4666666666666667,True,root_id
864691135493546591,axon_partially_extended,L4IT,864691136438820254,296739,excitatory,L4,1.0,L4a,0.7333333333333333,True,nucleus_id
864691135493620831,axon_fully_extended,L2IT,864691135493620831,292700,excitatory,L2,1.0,L2a,1.0,True,root_id
864691135493624415,axon_fully_extended,L4IT,864691135493624415,262636,excitatory,L4,1.0,L4b,0.9,True,root_id
864691135493665631,axon_fully_extended,L4IT,864691135493665631,298956,excitatory,L4,1.0,L4a,0.9666666666666667,True,root_id
864691135493686111,axon_partially_extended,L2IT,864691135493686111,258301,excitatory,L3,0.1,L3a,0.1,True,root_id
864691135495529360,axon_partially_extended,PV,864691135495529360,267010,inhibitory,BasketFam,0.85,BasketFam-o,0.43333333333333335,True,root_id
864691135495542672,axon_partially_extended,PV,,,,,,,,,unmatched
864691135495698832,axon_partially_extended,L3IT,864691135495698832,359237,excitatory,L3,0.9,L3a,0.8666666666666667,True,root_id
864691135496262032,axon_partially_extended,PV,864691135496262032,256622,inhibitory,BasketFam,1.0,BasketFam-a,0.1,True,root_id
864691135496333968,axon_fully_extended,L2IT,864691135496333968,553584,excitatory,L3,0.5,L3a,0.4666666666666667,True,root_id
864691135496339088,axon_fully_extended,L2IT,864691135496339088,610434,,L2,0.9,L2b,0.9333333333333333,False,root_id
864691135496381840,axon_fully_extended,L2IT,864691135496381840,256597,excitatory,L2,1.0,L2a,1.0,True,root_id
864691135496440208,axon_partially_extended,L3IT,864691135619994255,258231,excitatory,L3,0.75,L3a,0.5,True,nucleus_id
864691135496444816,axon_partially_extended,PV,864691136524371345,258249,inhibitory,BasketFam,1.0,BasketFam-d,0.6,True,nucleus_id
864691135498973715,axon_partially_extended,L2IT,864691135498973715,256669,excitatory,L2,0.5,L2b,0.3,True,root_id
864691135498992403,axon_partially_extended,L3IT,864691135498992403,612577,,L4,0.4,L4a,0.5,False,root_id
864691135498997267,axon_partially_extended,L5IT,864691135498997267,269509,excitatory,L5,0.75,L5b,0.5,True,root_id
864691135499231763,axon_partially_extended,L4IT,864691135499231763,298548,excitatory,L4,1.0,L4a,0.6666666666666666,True,root_id
864691135499283987,axon_partially_extended,L6IT,864691135499283987,305173,excitatory,L6IT,1.0,L6ITa,0.8333333333333334,True,root_id
864691135499616019,axon_fully_extended,PV,864691135499616019,296579,inhibitory,BasketFam,1.0,BasketFam-f,0.36666666666666664,True,root_id
864691135499624723,axon_fully_extended,PV,864691135499624723,296378,inhibitory,BasketFam,1.0,BasketFam-j,0.16666666666666666,True,root_id
864691135499707667,axon_partially_extended,L4IT,864691135499707667,296914,excitatory,L4,1.0,L4a,0.6,True,root_id
864691135499752723,axon_fully_extended,PV,864691135689787360,265231,inhibitory,BasketFam,1.0,BasketFam-l,0.5,True,nucleus_id
864691135499765267,axon_partially_extended,MC,864691135499765267,260707,inhibitory,MartFam,1.0,MartFam-d,0.43333333333333335,True,root_id
864691135499797523,axon_partially_extended,PV,864691135499797523,264635,inhibitory,BasketFam,0.55,BasketFam-m,0.2,True,root_id
864691135499821331,axon_partially_extended,L4IT,864691135499821331,394967,excitatory,L4,1.0,L4a,0.5,True,root_id
864691135499964947,axon_partially_extended,L5IT,864691135499964947,301100,excitatory,L5,0.95,L5a,0.8333333333333334,True,root_id
864691135502748482,axon_fully_extended,L5IT,864691135502748482,264885,excitatory,L5,0.5,L5b,0.36666666666666664,True,root_id
864691135502873666,axon_partially_extended,L3IT,864691135502873666,226337,excitatory,L3,0.9,L3a,0.9333333333333333,True,root_id
864691135502885954,axon_partially_extended,L2IT,864691136485017900,291179,excitatory,L2,1.0,L2b,1.0,True,nucleus_id
864691135502902338,axon_partially_extended,L5IT,864691135502902338,432201,excitatory,L6IT,0.7,L6ITa,0.7,True,root_id
864691135503004765,axon_partially_extended,ITCperi,864691135726965419,256543,inhibitory,BipFam,0.95,BipFam-i,0.7333333333333333,True,nucleus_id
864691135503163202,axon_partially_extended,L4IT,864691135503163202,192995,,L4,0.75,L4b,0.6,False,root_id
864691135503182685,axon_fully_extended,L5ET,864691135503182685,267029,excitatory,L5ET,1.0,L5ETc,0.9666666666666667,True,root_id
864691135503287618,axon_partially_extended,L3IT,864691135503287618,260639,excitatory,L4,0.2,L4b,0.26666666666666666,True,root_id
864691135503293250,axon_partially_extended,L6CT,864691135503293250,271688,excitatory,L6CT,0.8,L6CTa,0.6333333333333333,True,root_id
864691135503344477,axon_partially_extended,L4IT,864691135611869191,296416,excitatory,L4,1.0,L4a,0.9666666666666667,True,nucleus_id
864691135503350082,axon_partially_extended,L6CT,864691135503350082,342230,excitatory,L6CT,1.0,L6CTa,0.8666666666666667,True,root_id
864691135503367517,axon_partially_extended,L6CT,864691135503367517,305136,excitatory,L6CT,0.85,L6CTa,0.7666666666666667,True,root_id
864691135503439170,axon_partially_extended,L6CT,864691135503439170,311693,excitatory,L6CT,1.0,L6CTc,0.43333333333333335,True,root_id
864691135503443549,axon_partially_extended,L4IT,864691135503443549,394177,excitatory,L4,1.0,L4a,0.7333333333333333,True,root_id
864691135503448898,axon_partially_extended,L6IT,864691135503448898,306886,excitatory,L6IT,0.9,L6ITb,0.6333333333333333,True,root_id
864691135503466818,axon_partially_extended,AltBasket,864691135503466818,552453,,BipFam,0.9,BipFam-f,0.43333333333333335,False,root_id
864691135503782210,axon_partially_extended,AltDTC,864691135503782210,269505,inhibitory,BipFam,0.75,BipFam-l,0.3333333333333333,True,root_id
864691135503836253,axon_partially_extended,L4IT,864691135503836253,365720,excitatory,L4,1.0,L4d,0.6666666666666666,True,root_id
864691135504081986,axon_partially_extended,L2IT,864691135135109792,255214,excitatory,L2,1.0,L2a,1.0,True,nucleus_id
864691135504168285,axon_partially_extended,L4IT,864691135443029320,298809,excitatory,L4,0.95,L4b,0.43333333333333335,True,nucleus_id
864691135504203357,axon_fully_extended,L4IT,864691135868169349,299084,excitatory,L4,1.0,L4a,0.6666666666666666,True,nucleus_id
864691135504315317,axon_partially_extended,L3IT,864691135504315317,455492,excitatory,L4,0.75,L4b,0.7666666666666667,True,root_id
864691135504327861,axon_fully_extended,L3IT,864691135504327861,258208,excitatory,L3,0.5,L3a,0.5333333333333333,True,root_id
864691135510191369,axon_partially_extended,L6CT,864691135510191369,434471,excitatory,L6CT,1.0,L6CTa,0.9,True,root_id
864691135510267401,axon_partially_extended,L6CT,864691135510267401,344555,excitatory,L6CT,1.0,L6CTa,0.9666666666666667,True,root_id
864691135510406921,axon_partially_extended,L3IT,864691135084242935,296743,excitatory,L3,0.7,L3a,0.7333333333333333,True,nucleus_id
864691135510593289,axon_partially_extended,L4IT,864691135510593289,262604,excitatory,L4,1.0,L4a,0.7,True,root_id
864691135510846217,axon_partially_extended,L6CT,864691135510846217,305032,excitatory,L6CT,0.95,L6CTa,0.8666666666666667,True,root_id
864691135511316745,axon_partially_extended,L2IT,864691135511316745,256650,excitatory,L2,0.85,L2b,0.7666666666666667,True,root_id
864691135511324169,axon_partially_extended,ITC,864691135511324169,294523,inhibitory,BipFam,1.0,BipFam-j,0.5,True,root_id
864691135511486985,axon_fully_extended,L4IT,864691135235532121,298873,excitatory,L4,1.0,L4a,0.8666666666666667,True,nucleus_id
864691135511802576,axon_partially_extended,L5IT,864691135511802576,587235,excitatory,L5,0.95,L5c,0.8333333333333334,True,root_id
864691135511861968,axon_partially_extended,MC,864691135511861968,267006,inhibitory,MartFam,1.0,MartFam-l,0.5666666666666667,True,root_id
864691135511977680,axon_partially_extended,L3IT,864691135596133931,296611,excitatory,L4,0.5,L4b,0.5666666666666667,True,nucleus_id
864691135517376211,axon_fully_extended,L5ET,864691135517376211,303216,excitatory,L5ET,1.0,L5ETc,0.9666666666666667,True,root_id
864691135518173395,axon_partially_extended,L4IT,864691135518173395,262726,excitatory,L4,1.0,L4d,0.36666666666666664,True,root_id
864691135518283475,axon_fully_extended,L3IT,864691135518283475,258113,excitatory,L3,0.8,L3a,0.8,True,root_id
864691135518510218,axon_partially_extended,NGC,864691135518510218,255137,inhibitory,NglFam,1.0,NglFam-b,0.4666666666666667,True,root_id
864691135518791818,axon_partially_extended,PV,864691135518791818,309578,inhibitory,BasketFam,1.0,BasketFam-s,0.5666666666666667,True,root_id
864691135518844554,axon_partially_extended,L4IT,864691135518844554,556922,excitatory,L4,0.75,L4a,0.26666666666666666,True,root_id
864691135518989962,axon_partially_extended,L2IT,864691135518989962,359672,excitatory,L3,0.85,L3a,0.8,True,root_id
864691135519105162,axon_partially_extended,L4IT,864691135519105162,192146,excitatory,L4,1.0,L4b,0.2,True,root_id
864691135519106442,axon_partially_extended,L3IT,864691135519106442,612049,,L2,0.55,L2b,0.5,False,root_id
864691135519178378,axon_partially_extended,L6CT,864691135519178378,342344,excitatory,L6CT,1.0,L6CTa,0.8,True,root_id
864691135520064650,axon_fully_extended,L3IT,864691135215434552,294661,excitatory,L3,0.95,L3a,0.9,True,nucleus_id
864691135520105354,axon_partially_extended,L3IT,864691135275003153,260623,excitatory,L3,0.95,L3a,0.9666666666666667,True,nucleus_id
864691135526405723,axon_fully_extended,NMC,864691135526405723,617832,,MartFam,1.0,MartFam-l,0.26666666666666666,False,root_id
864691135527555163,axon_partially_extended,L4IT,864691135527555163,228195,excitatory,L4,1.0,L4d,0.6,True,root_id
864691135527713115,axon_partially_extended,L6CT,864691135527713115,306984,excitatory,L6CT,0.85,L6CTa,0.7666666666666667,True,root_id
864691135528046939,axon_fully_extended,MC,864691135528046939,333375,inhibitory,MartFam,1.0,MartFam-f,0.3333333333333333,True,root_id
864691135528193883,axon_partially_extended,ITC,864691135528193883,292963,inhibitory,BipFam,1.0,BipFam-e,0.5,True,root_id
864691135539491442,axon_partially_extended,L4IT,864691135539491442,426596,excitatory,L4,0.9,L4b,0.7333333333333333,True,root_id
864691135539591282,axon_partially_extended,L6CT,864691135539591282,307150,excitatory,L6CT,1.0,L6CTc,0.8,True,root_id
864691135540272498,axon_partially_extended,L2IT,864691135997673642,292734,excitatory,L2,1.0,L2a,0.9333333333333333,True,nucleus_id
864691135540440178,axon_fully_extended,L2IT,864691135540440178,291402,excitatory,L2,0.95,L2a,0.9333333333333333,True,root_id
864691135545730856,axon_partially_extended,ITCperi,864691135545730856,298802,inhibitory,BipFam,0.95,BipFam-i,0.6,True,root_id
864691135546161704,axon_partially_extended,L4IT,864691135774581835,260543,excitatory,L4,1.0,L4b,0.9666666666666667,True,nucleus_id
864691135546339880,axon_partially_extended,L4IT,864691135546339880,264934,excitatory,L4,1.0,L4b,0.9666666666666667,True,root_id
864691135546797608,axon_partially_extended,PV,864691135703219067,301101,inhibitory,BasketFam,0.95,BasketFam-a,0.23333333333333334,True,nucleus_id
864691135546902056,axon_fully_extended,L3IT,864691135546902056,256761,excitatory,L3,0.8,L3a,0.6666666666666666,True,root_id
864691135547082280,axon_partially_extended,L4IT,864691135547082280,230644,excitatory,L4,1.0,L4d,0.03333333333333333,True,root_id
864691135561699041,axon_partially_extended,MC,864691135561699041,264792,inhibitory,MartFam,0.95,MartFam-h,0.43333333333333335,True,root_id
864691135562001633,axon_fully_extended,NMC,864691135562001633,260803,inhibitory,MartFam,1.0,MartFam-c,0.7,True,root_id
864691135562004193,axon_partially_extended,L4IT,864691135562004193,262691,excitatory,L4,1.0,L4b,0.5666666666666667,True,root_id
864691135562048225,axon_partially_extended,L6CT,864691135562048225,274060,excitatory,L6CT,0.55,L6CTa,0.23333333333333334,True,root_id
864691135562052065,axon_partially_extended,L3IT,864691136268889588,258213,excitatory,L4,0.15,L4b,0.3,True,nucleus_id
864691135562410721,axon_partially_extended,L6IT,864691135562410721,305113,excitatory,L6IT,1.0,L6ITa,0.7666666666666667,True,root_id
864691135562474977,axon_partially_extended,L4IT,864691135562474977,264244,excitatory,L4,1.0,L4d,0.7666666666666667,True,root_id
864691135562519009,axon_partially_extended,L6IT,864691135562519009,307153,excitatory,L6IT,0.95,L6ITa,0.4666666666666667,True,root_id
864691135562780385,axon_fully_extended,L2IT,864691136524481937,291304,excitatory,L2,1.0,L2b,0.9333333333333333,True,nucleus_id
864691135562798817,axon_fully_extended,L3IT,864691135562798817,294657,excitatory,L3,1.0,L3a,1.0,True,root_id
864691135562842337,axon_fully_extended,L3IT,864691135562842337,294484,excitatory,L3,1.0,L3a,1.0,True,root_id
864691135562950369,axon_partially_extended,ITCperi,864691135977823555,291376,inhibitory,BipFam,0.75,BipFam-i,0.4,True,nucleus_id
864691135562975969,axon_fully_extended,L3IT,864691136137463691,256664,excitatory,L3,0.7,L3a,0.8333333333333334,True,nucleus_id
864691135565770007,axon_partially_extended,AltDTC,864691135565770007,271700,inhibitory,MartFam,0.6,MartFam-k,0.4,True,root_id
864691135565962775,axon_partially_extended,L2IT,864691135565962775,582399,,L2,0.95,L2b,0.7666666666666667,False,root_id
864691135566122071,axon_partially_extended,L6CT,864691135566122071,271983,excitatory,L6CT,1.0,L6CTa,0.9,True,root_id
864691135566155351,axon_partially_extended,L5ET,864691135566155351,531133,excitatory,L5ET,0.8,L5ETd,0.9,True,root_id
864691135566168599,axon_partially_extended,L5ET,864691135566168599,303095,excitatory,L5ET,0.65,L5ETc,0.4,True,root_id
864691135566274391,axon_partially_extended,L6CT,864691135566274391,273961,excitatory,L6CT,0.85,L6CTa,0.8333333333333334,True,root_id
864691135566649431,axon_partially_extended,L6CT,864691135566649431,306982,excitatory,L6CT,0.55,L6CTb,0.5,True,root_id
864691135566657623,axon_partially_extended,L6CT,864691135566657623,309557,excitatory,L6CT,1.0,L6CTa,0.7666666666666667,True,root_id
864691135566824983,axon_fully_extended,ITC,864691135892333961,256757,inhibitory,BipFam,1.0,BipFam-c,0.8333333333333334,True,nucleus_id
864691135566825495,axon_fully_extended,PV,864691135566825495,337811,inhibitory,BasketFam,0.95,BasketFam-q,0.26666666666666666,True,root_id
864691135566902039,axon_partially_extended,ITC,864691135566902039,224368,inhibitory,BipFam,1.0,BipFam-j,0.7666666666666667,True,root_id
864691135566945559,axon_fully_extended,L2IT,864691135566945559,188180,,L2,0.75,L2b,0.7,False,root_id
864691135566966807,axon_partially_extended,L3IT,864691135566966807,256537,excitatory,L2,0.45,L2a,0.1,True,root_id
864691135566979927,axon_fully_extended,MC,864691135566979927,337860,inhibitory,MartFam,1.0,MartFam-k,0.5,True,root_id
864691135567047191,axon_partially_extended,L3IT,864691135567047191,256552,excitatory,L3,0.95,L3a,0.9666666666666667,True,root_id
864691135567059223,axon_fully_extended,L4IT,864691135258766767,298946,excitatory,L4,1.0,L4d,0.1,True,nucleus_id
864691135569282284,axon_fully_extended,MC,864691135569282284,533106,inhibitory,MartFam,1.0,MartFam-n,0.23333333333333334,True,root_id
864691135569363948,axon_partially_extended,L6CT,864691135569363948,309427,excitatory,L6CT,1.0,L6CTa,1.0,True,root_id
864691135569592300,axon_partially_extended,L4IT,864691135569592300,298791,excitatory,L4,1.0,L4a,0.8666666666666667,True,root_id
864691135569866988,axon_partially_extended,L4IT,864691135569866988,194844,excitatory,L4,1.0,L4d,0.6,True,root_id
864691135569902316,axon_partially_extended,L4IT,864691135569902316,426435,excitatory,L4,1.0,L4a,0.8333333333333334,True,root_id
864691135570135020,axon_partially_extended,L6IT,864691136011868590,267180,excitatory,L6IT,0.8,L6ITa,0.5,True,nucleus_id
864691135570301676,axon_partially_extended,L4IT,864691135892483721,262813,excitatory,L4,1.0,L4d,0.16666666666666666,True,nucleus_id
864691135570303724,axon_partially_extended,L4IT,864691135570303724,262806,excitatory,L4,1.0,L4b,0.8666666666666667,True,root_id
864691135570381292,axon_partially_extended,ITC,864691135570381292,258293,inhibitory,BipFam,1.0,BipFam-j,0.9666666666666667,True,root_id
864691135570502278,axon_partially_extended,L3IT,864691135570502278,392918,excitatory,L3,0.75,L3a,0.7,True,root_id
864691135570791558,axon_partially_extended,L4IT,864691135570791558,395176,excitatory,L4,1.0,L4a,0.26666666666666666,True,root_id
864691135571192966,axon_partially_extended,L5IT,864691135662924784,264580,excitatory,L5,1.0,L5a,0.9333333333333333,True,nucleus_id
864691135571356038,axon_partially_extended,MC,864691135571356038,294825,inhibitory,MartFam,1.0,MartFam-b,0.43333333333333335,True,root_id
864691135571440006,axon_fully_extended,NMC,864691135571440006,292953,inhibitory,MartFam,0.9,MartFam-a,0.4,True,root_id
864691135571515270,axon_fully_extended,L4IT,864691135571515270,260559,excitatory,L4,0.9,L4a,0.9,True,root_id
864691135571546917,axon_partially_extended,NMC,864691135785040691,264824,inhibitory,MartFam,0.9,MartFam-g,0.3,True,nucleus_id
864691135572346349,axon_fully_extended,L5IT,864691135572346349,264719,excitatory,L5,0.85,L5a,0.4666666666666667,True,root_id
864691135572576237,axon_fully_extended,L2IT,864691135572576237,256638,excitatory,L2,1.0,L2a,1.0,True,root_id
864691135572712485,axon_partially_extended,L6CT,864691135572712485,311843,excitatory,L6CT,1.0,L6CTc,0.9666666666666667,True,root_id
864691135573191405,axon_partially_extended,L2IT,864691135779111008,256512,excitatory,L2,0.6,L2b,0.5,True,nucleus_id
864691135573245165,axon_partially_extended,PV,864691135465174846,256424,inhibitory,BasketFam,1.0,BasketFam-d,0.36666666666666664,True,nucleus_id
864691135573276197,axon_partially_extended,L6IT,864691135573276197,305065,excitatory,L6IT,1.0,L6ITa,0.7666666666666667,True,root_id
864691135573296677,axon_partially_extended,L3IT,864691135573296677,258370,excitatory,L3,0.8,L3a,0.7,True,root_id
864691135573315053,axon_partially_extended,L6IT,864691135573315053,305024,excitatory,L6IT,1.0,L6ITa,0.5666666666666667,True,root_id
864691135573327085,axon_partially_extended,L3IT,864691135579466245,296551,excitatory,L3,0.5,L3a,0.4666666666666667,True,nucleus_id
864691135576872222,axon_partially_extended,L4IT,864691136485237036,296742,excitatory,L4,1.0,L4b,0.8333333333333334,True,nucleus_id
864691135576881950,axon_partially_extended,L3IT,864691135465178430,260618,excitatory,L3,1.0,L3a,1.0,True,nucleus_id
864691135576991518,axon_partially_extended,L4IT,864691135576991518,362932,excitatory,L4,1.0,L4b,0.9,True,root_id
864691135577135390,axon_partially_extended,L6CT,864691135577135390,307004,excitatory,L6CT,1.0,L6CTa,0.8666666666666667,True,root_id
864691135577202181,axon_fully_extended,MC,864691135577202181,229767,inhibitory,MartFam,0.8,MartFam-j,0.4666666666666667,True,root_id
864691135577208606,axon_partially_extended,L6IT,864691135577208606,309375,excitatory,L6IT,1.0,L6ITb,0.6333333333333333,True,root_id
864691135577221406,axon_partially_extended,L6IT,864691135577221406,305199,excitatory,L6IT,0.9,L6ITa,0.6333333333333333,True,root_id
864691135577349150,axon_partially_extended,AltBasket,864691135577349150,323838,,BipFam,0.95,BipFam-f,0.9333333333333333,False,root_id
864691135577574430,axon_partially_extended,L2IT,864691135577574430,291120,excitatory,L2,1.0,L2a,0.9,True,root_id
864691135577617694,axon_partially_extended,L2IT,864691135577617694,292682,excitatory,L2,0.3,L2a,0.5333333333333333,True,root_id
864691135577644574,axon_partially_extended,L3IT,864691135577644574,292871,excitatory,L3,0.9,L3a,0.9,True,root_id
864691135577651230,axon_partially_extended,L2IT,864691135577651230,256341,excitatory,L2,0.15,L2b,0.03333333333333333,True,root_id
864691135577749022,axon_partially_extended,L2IT,864691136425794351,256606,excitatory,L2,0.8,L2b,0.8,True,nucleus_id
864691135577816862,axon_fully_extended,L4IT,864691135577816862,298916,excitatory,L4,1.0,L4a,0.7333333333333333,True,root_id
864691135577956101,axon_partially_extended,ITC,864691135577956101,258365,inhibitory,MartFam,0.1,MartFam-k,0.0,True,root_id
864691135578103301,axon_partially_extended,L2IT,864691135578103301,554924,excitatory,L3,0.85,L3a,0.7333333333333333,True,root_id
864691135578146565,axon_partially_extended,L5IT,864691135578146565,396122,excitatory,L5,1.0,L5a,0.3,True,root_id
864691135578360837,axon_partially_extended,L4IT,864691135991162112,330600,excitatory,L4,0.85,L4b,0.4666666666666667,True,nucleus_id
864691135578670597,axon_partially_extended,L6IT,864691135578670597,304976,excitatory,L6IT,1.0,L6ITa,0.9,True,root_id
864691135579134981,axon_fully_extended,ITC,864691135579134981,256399,inhibitory,BipFam,1.0,BipFam-c,0.9333333333333333,True,root_id
864691135582973549,axon_partially_extended,L4IT,864691135582973549,333202,excitatory,L4,1.0,L4d,0.43333333333333335,True,root_id
864691135583172717,axon_partially_extended,L4IT,864691135583172717,363613,excitatory,L4,1.0,L4b,0.3,True,root_id
864691135583223405,axon_partially_extended,L4IT,864691135583223405,262956,excitatory,L4,1.0,L4d,0.8333333333333334,True,root_id
864691135583277677,axon_partially_extended,L4IT,864691135583277677,262825,excitatory,L4,1.0,L4d,0.6,True,root_id
864691135583352941,axon_partially_extended,L4IT,864691135583352941,426535,excitatory,L4,0.9,L4b,0.7,True,root_id
864691135583913069,axon_partially_extended,L6CT,864691135583913069,271788,excitatory,L6CT,0.9,L6CTa,0.8,True,root_id
864691135584008045,axon_partially_extended,L3IT,864691135584008045,296401,excitatory,L3,0.95,L3a,0.7333333333333333,True,root_id
864691135584019053,axon_partially_extended,NMC,864691135584019053,296398,inhibitory,MartFam,1.0,MartFam-d,0.6333333333333333,True,root_id
864691135584068717,axon_partially_extended,PV,864691135584068717,296758,inhibitory,BasketFam,1.0,BasketFam-f,0.6,True,root_id
864691135584316781,axon_fully_extended,PV,864691135584316781,256505,inhibitory,BasketFam,0.95,BasketFam-a,0.5333333333333333,True,root_id
864691135584471405,axon_partially_extended,ITCperi,864691135584471405,219287,inhibitory,BipFam,1.0,BipFam-i,0.5333333333333333,True,root_id
864691135584504429,axon_fully_extended,L2IT,864691135389328769,258391,excitatory,L2,1.0,L2a,1.0,True,nucleus_id
864691135584625773,axon_partially_extended,L3IT,864691135357517007,260745,excitatory,L3,0.45,L3a,0.5333333333333333,True,nucleus_id
864691135584629613,axon_partially_extended,L2IT,864691137022200942,256423,excitatory,L2,0.95,L2b,0.9,True,nucleus_id
864691135584646253,axon_fully_extended,L2IT,864691135469856396,258403,excitatory,L3,0.85,L3a,0.7,True,nucleus_id
864691135585266808,axon_partially_extended,L5ET,864691135585266808,302957,excitatory,L5ET,1.0,L5ETc,0.1,True,root_id
864691135585415544,axon_partially_extended,L5IT,864691135585415544,587776,,L5,0.9,L5a,0.4666666666666667,False,root_id
864691135585503864,axon_partially_extended,L6CT,864691135585503864,309563,excitatory,L6CT,1.0,L6CTc,0.8333333333333334,True,root_id
864691135585713528,axon_partially_extended,L5IT,864691135585713528,262891,excitatory,L5,0.15,L5a,0.13333333333333333,True,root_id
864691135585989240,axon_partially_extended,PV,864691135585989240,339622,inhibitory,BasketFam,1.0,BasketFam-q,0.7,True,root_id
864691135586022264,axon_fully_extended,PV,864691136373149064,230575,inhibitory,BasketFam,1.0,BasketFam-r,0.03333333333333333,True,nucleus_id
864691135586240120,axon_fully_extended,L2IT,864691135586240120,292720,excitatory,L2,1.0,L2a,1.0,True,root_id
864691135586414716,axon_partially_extended,L4IT,864691135586414716,556712,excitatory,L4,1.0,L4a,0.9666666666666667,True,root_id
864691135586724220,axon_partially_extended,L5IT,864691135586724220,335440,excitatory,L5,1.0,L5a,0.9333333333333333,True,root_id
864691135586773628,axon_partially_extended,L6CT,864691135586773628,311831,excitatory,L6CT,0.7,L6CTc,0.4,True,root_id
864691135587371132,axon_partially_extended,L4IT,864691135587371132,258291,excitatory,L4,0.85,L4a,0.8666666666666667,True,root_id
864691135587519868,axon_partially_extended,L5IT,864691135587519868,264928,excitatory,L5,0.95,L5b,0.7333333333333333,True,root_id
864691135587532924,axon_partially_extended,L5IT,864691135587532924,399297,excitatory,L5,1.0,L5c,0.7333333333333333,True,root_id
864691135587622268,axon_partially_extended,ITC,864691135989742595,330299,inhibitory,BipFam,0.9,BipFam-k,0.5,True,nucleus_id
864691135587666812,axon_fully_extended,L2IT,864691135587666812,292951,excitatory,L2,1.0,L2a,1.0,True,root_id
864691135587758716,axon_partially_extended,L3IT,864691135587758716,294465,excitatory,L3,0.85,L3a,0.9,True,root_id
864691135587771772,axon_partially_extended,L4IT,864691135971552101,299042,excitatory,L4,0.9,L4c,0.3,True,nucleus_id
864691135591041291,axon_fully_extended,L2IT,864691136392909695,222998,excitatory,L2,0.4,L2b,0.5,True,nucleus_id
864691135591533579,axon_partially_extended,L6CT,864691135591533579,344546,excitatory,L6CT,1.0,L6CTc,0.9666666666666667,True,root_id
864691135591664907,axon_partially_extended,L4IT,864691135656799682,296762,excitatory,L4,0.95,L4b,0.7,True,nucleus_id
864691135591725067,axon_partially_extended,L6CT,864691135591725067,309419,excitatory,L6CT,0.9,L6CTc,0.8666666666666667,True,root_id
864691135591726603,axon_partially_extended,L4IT,864691135756378061,299071,excitatory,L4,0.75,L4d,0.26666666666666666,True,nucleus_id
864691135591854347,axon_partially_extended,L5IT,864691135591854347,399282,excitatory,L5,0.95,L5c,0.6333333333333333,True,root_id
864691135592276491,axon_partially_extended,L6CT,864691135592276491,309240,excitatory,L6CT,1.0,L6CTc,0.4666666666666667,True,root_id
864691135592283403,axon_partially_extended,L6IT,864691135592283403,273959,excitatory,L6IT,1.0,L6ITb,1.0,True,root_id
864691135592678411,axon_partially_extended,ITC,864691135592678411,326194,inhibitory,BipFam,1.0,BipFam-e,0.3333333333333333,True,root_id
864691135592789259,axon_partially_extended,ITC,864691136438854814,291480,inhibitory,BipFam,1.0,BipFam-d,0.23333333333333334,True,nucleus_id
864691135592830731,axon_partially_extended,L4IT,864691135592830731,333154,excitatory,L4,1.0,L4a,0.5666666666666667,True,root_id
864691135592837899,axon_fully_extended,PV,864691135592837899,300820,inhibitory,BasketFam,1.0,BasketFam-i,0.26666666666666666,True,root_id
864691135593133067,axon_fully_extended,L4IT,864691135593133067,298814,excitatory,L4,1.0,L4b,0.9,True,root_id
864691135594101291,axon_partially_extended,PV,864691135594101291,499540,inhibitory,BasketFam,1.0,BasketFam-p,0.5333333333333333,True,root_id
864691135594721579,axon_partially_extended,L2IT,864691135594721579,223191,excitatory,L3,0.95,L3a,0.9666666666666667,True,root_id
864691135594817067,axon_partially_extended,L6CT,864691135594817067,234165,excitatory,L6CT,1.0,L6CTa,0.8666666666666667,True,root_id
864691135594982187,axon_partially_extended,L4IT,864691135594982187,262673,excitatory,L4,1.0,L4a,0.9333333333333333,True,root_id
864691135595040043,axon_partially_extended,L5IT,864691135595040043,426184,excitatory,L5,0.6,L5a,0.5666666666666667,True,root_id
864691135595810859,axon_fully_extended,PV,864691135595810859,264960,inhibitory,BasketFam,1.0,BasketFam-j,0.4666666666666667,True,root_id
864691135610877191,axon_partially_extended,L2IT,864691135610877191,453792,excitatory,L3,0.9,L3a,0.7666666666666667,True,root_id
864691135611019015,axon_partially_extended,L4IT,864691135369764601,260729,excitatory,L4,1.0,L4b,0.6,True,nucleus_id
864691135611140359,axon_partially_extended,L4IT,864691135611140359,299278,excitatory,L4,1.0,L4d,0.36666666666666664,True,root_id
864691135611337735,axon_partially_extended,L6IT,864691135611337735,304962,excitatory,L5,0.3,L5d,0.06666666666666667,True,root_id
864691135611702023,axon_fully_extended,PV,864691135611702023,299010,inhibitory,BasketFam,1.0,BasketFam-f,0.5,True,root_id
864691135616048587,axon_partially_extended,L4IT,864691135616048587,365335,excitatory,L4,1.0,L4d,0.7333333333333333,True,root_id
864691135616183499,axon_partially_extended,PV,864691135469895308,264786,inhibitory,BasketFam,1.0,BasketFam-i,0.4666666666666667,True,nucleus_id
864691135616235979,axon_partially_extended,ITC,864691135616235979,296828,inhibitory,BipFam,1.0,BipFam-j,0.43333333333333335,True,root_id
864691135616363211,axon_fully_extended,L2IT,864691135616363211,581998,excitatory,L2,0.7,L2b,0.5666666666666667,True,root_id
864691135617152361,axon_fully_extended,L5IT,864691135617152361,301095,excitatory,L5,1.0,L5a,0.7333333333333333,True,root_id
864691135617409385,axon_partially_extended,L5ET,864691135617409385,302861,excitatory,L5ET,0.75,L5ETd,0.7666666666666667,True,root_id
864691135617440105,axon_partially_extended,L4IT,864691135617440105,264217,excitatory,L4,1.0,L4d,0.9333333333333333,True,root_id
864691135618332265,axon_fully_extended,PV,864691135618332265,265129,inhibitory,BasketFam,1.0,BasketFam-i,0.43333333333333335,True,root_id
864691135618339945,axon_partially_extended,ITC,864691135618339945,307059,inhibitory,BipFam,0.95,BipFam-k,0.5,True,root_id
864691135618505065,axon_partially_extended,L5ET,864691135618505065,369392,excitatory,L5ET,1.0,L5ETc,0.8666666666666667,True,root_id
864691135619294351,axon_partially_extended,L4IT,864691135619294351,365663,excitatory,L6IT,0.75,L6ITa,0.5666666666666667,True,root_id
864691135619317391,axon_partially_extended,L4IT,864691135619317391,362903,excitatory,L4,0.95,L4a,0.8,True,root_id
864691135619463567,axon_partially_extended,L4IT,864691135619463567,392850,excitatory,L4,0.95,L4b,0.36666666666666664,True,root_id
864691135619527311,axon_partially_extended,L6CT,864691135619527311,311752,excitatory,L6CT,1.0,L6CTc,0.9333333333333333,True,root_id
864691135619541903,axon_partially_extended,L6CT,864691135619541903,312018,excitatory,L6IT,0.15,L6ITb,0.23333333333333334,True,root_id
864691135619756943,axon_partially_extended,L3IT,864691135295414796,258322,excitatory,L3,1.0,L3a,0.9333333333333333,True,nucleus_id
864691135619865231,axon_partially_extended,DTC,864691135619865231,267192,inhibitory,BasketFam,0.5,BasketFam-o,0.13333333333333333,True,root_id
864691135640297787,axon_partially_extended,L4IT,864691135948962401,260647,excitatory,L4,0.9,L4b,0.8333333333333334,True,nucleus_id
864691135640398651,axon_partially_extended,L3IT,864691135640398651,363582,excitatory,L3,0.95,L3a,0.8666666666666667,True,root_id
864691135640544571,axon_partially_extended,L5ET,864691135640544571,303144,excitatory,L5ET,1.0,L5ETc,0.5666666666666667,True,root_id
864691135640672571,axon_partially_extended,L4IT,864691135640672571,264751,excitatory,L4,1.0,L4b,0.9666666666666667,True,root_id
864691135640929595,axon_partially_extended,L6CT,864691136489775378,307144,excitatory,L6CT,0.55,L6CTa,0.4666666666666667,True,nucleus_id
864691135641196091,axon_fully_extended,MC,864691135641196091,339714,inhibitory,MartFam,1.0,MartFam-l,0.6333333333333333,True,root_id
864691135646017007,axon_partially_extended,L4IT,864691135646017007,300986,excitatory,L4,1.0,L4d,0.3,True,root_id
864691135646147567,axon_partially_extended,L4IT,864691135646147567,194975,excitatory,L4,1.0,L4a,0.5333333333333333,True,root_id
864691135646292719,axon_partially_extended,L6IT,864691135646292719,267007,excitatory,L6IT,0.65,L6ITa,0.16666666666666666,True,root_id
864691135646353391,axon_partially_extended,L6CT,864691135646353391,344442,excitatory,L6IT,0.1,L6ITb,0.23333333333333334,True,root_id
864691135646481135,axon_partially_extended,L4IT,864691135646481135,330839,excitatory,L4,0.95,L4b,0.7666666666666667,True,root_id
864691135646493679,axon_fully_extended,L5IT,864691135840099987,301203,excitatory,L5,0.65,L5b,0.7666666666666667,True,nucleus_id
864691135646775791,axon_partially_extended,L3IT,864691135362452039,294549,excitatory,L4,0.15,L4a,0.1,True,nucleus_id
864691135646778863,axon_partially_extended,L6IT,864691135646778863,309251,excitatory,L6CT,0.6,L6CTc,0.4,True,root_id
864691135646806255,axon_partially_extended,L3IT,864691136665216990,294663,excitatory,L3,1.0,L3a,0.9666666666666667,True,nucleus_id
864691135655390658,axon_fully_extended,L2IT,864691135655390658,291315,excitatory,L2,0.95,L2a,0.8666666666666667,True,root_id
864691135655472066,axon_partially_extended,L4IT,864691135655472066,262057,excitatory,L4,1.0,L4b,1.0,True,root_id
864691135655473858,axon_partially_extended,L6CT,864691135655473858,344429,excitatory,L6CT,0.95,L6CTc,0.7333333333333333,True,root_id
864691135655521986,axon_partially_extended,L6CT,864691135655521986,274179,excitatory,L6CT,1.0,L6CTc,0.43333333333333335,True,root_id
864691135655894978,axon_partially_extended,L4IT,864691135281185697,260536,excitatory,L4,0.85,L4b,0.5666666666666667,True,nucleus_id
864691135656578242,axon_fully_extended,L2IT,864691136438775966,292837,excitatory,L2,1.0,L2a,1.0,True,nucleus_id
864691135656579010,axon_fully_extended,L5IT,864691135656579010,300978,excitatory,L5,1.0,L5b,0.8,True,root_id
864691135656664770,axon_fully_extended,L4IT,864691135656664770,262419,excitatory,L4,1.0,L4b,0.5333333333333333,True,root_id
864691135656674242,axon_partially_extended,L5IT,864691135656674242,265077,excitatory,L5,1.0,L5c,0.9,True,root_id
864691135659140738,axon_partially_extended,L6IT,864691135659140738,274161,excitatory,L6IT,0.45,L6ITb,0.26666666666666666,True,root_id
864691135659358850,axon_partially_extended,L2IT,864691135659358850,580988,,L2,1.0,L2b,1.0,False,root_id
864691135659538306,axon_fully_extended,thalamocortical,,,,,,,,,unmatched
864691135659566210,axon_partially_extended,L4IT,864691135641505339,260612,excitatory,L4,0.95,L4b,0.7333333333333333,True,nucleus_id
864691135659824514,axon_partially_extended,ITC,864691135659824514,301471,inhibitory,BipFam,1.0,BipFam-h,0.26666666666666666,True,root_id
864691135659857026,axon_partially_extended,L6CT,864691135659857026,309416,excitatory,L6CT,0.95,L6CTc,0.9,True,root_id
864691135660029314,axon_partially_extended,L5ET,864691135660029314,337175,excitatory,L5ET,0.95,L5ETc,0.6,True,root_id
864691135660772080,axon_partially_extended,MC,864691135660772080,292670,inhibitory,MartFam,0.95,MartFam-b,0.5333333333333333,True,root_id
864691135662059248,axon_partially_extended,L4IT,864691135662059248,260489,excitatory,L4,0.4,L4b,0.5,True,root_id
864691135662059760,axon_partially_extended,L4IT,864691135662059760,395147,excitatory,L4,1.0,L4a,0.8666666666666667,True,root_id
864691135662070512,axon_partially_extended,L4IT,864691135662070512,365661,excitatory,L4,1.0,L4b,0.23333333333333334,True,root_id
864691135662408944,axon_partially_extended,L5IT,864691135662408944,269601,excitatory,L6IT,0.1,L6ITa,0.1,True,root_id
864691135662774512,axon_partially_extended,L3IT,864691135388015445,260433,excitatory,L3,0.75,L3a,0.7,True,nucleus_id
864691135662802416,axon_fully_extended,L4IT,864691135662802416,262889,excitatory,L4,1.0,L4d,0.36666666666666664,True,root_id
864691135662825456,axon_fully_extended,L4IT,864691135662825456,260450,excitatory,L4,1.0,L4a,1.0,True,root_id
864691135684284914,axon_partially_extended,PV,864691135684284914,275879,inhibitory,BasketFam,0.45,BasketFam-s,0.36666666666666664,True,root_id
864691135684809458,axon_partially_extended,L6CT,864691135684809458,309459,excitatory,L6CT,0.9,L6CTc,0.43333333333333335,True,root_id
864691135685030130,axon_fully_extended,thalamocortical,,,,,,,,,unmatched
864691135685087474,axon_partially_extended,L2IT,864691135858526510,256510,excitatory,L3,0.65,L3a,0.5666666666666667,True,nucleus_id
864691135685250546,axon_fully_extended,PV,864691135948942433,333180,inhibitory,BasketFam,1.0,BasketFam-l,0.36666666666666664,True,nucleus_id
864691135685620210,axon_partially_extended,L3IT,864691136299162907,260713,excitatory,L4,0.6,L4b,0.6333333333333333,True,nucleus_id
864691135685980087,axon_partially_extended,AltDTC,864691135685980087,309241,inhibitory,BipFam,0.4,BipFam-k,0.16666666666666666,True,root_id
864691135686055351,axon_partially_extended,L6IT,864691135686055351,305045,excitatory,L6IT,0.55,L6ITb,0.5333333333333333,True,root_id
864691135686283703,axon_partially_extended,L4IT,864691135686283703,298929,excitatory,L4,1.0,L4b,0.7666666666666667,True,root_id
864691135686399415,axon_partially_extended,ITC,864691135686399415,325974,inhibitory,BipFam,1.0,BipFam-g,0.1,True,root_id
864691135686442423,axon_partially_extended,L6CT,864691135686442423,273958,excitatory,L6CT,1.0,L6CTa,0.7666666666666667,True,root_id
864691135686494647,axon_fully_extended,L2IT,864691135686494647,517898,,L2,1.0,L2b,0.8666666666666667,False,root_id
864691135686540471,axon_fully_extended,PV,864691135686540471,335338,inhibitory,BasketFam,1.0,BasketFam-i,0.23333333333333334,True,root_id
864691135688186080,axon_partially_extended,L5ET,864691135688186080,303145,excitatory,L5ET,1.0,L5ETc,0.9,True,root_id
864691135688387040,axon_partially_extended,L3IT,864691135689734624,260690,excitatory,L3,1.0,L3a,0.9666666666666667,True,nucleus_id
864691135688407776,axon_partially_extended,L6CT,864691135688407776,273955,excitatory,L6CT,0.9,L6CTa,0.8666666666666667,True,root_id
864691135688823008,axon_partially_extended,L6IT,864691135688823008,271561,excitatory,L6IT,1.0,L6ITa,0.9666666666666667,True,root_id
864691135689015264,axon_fully_extended,thalamocortical,,,,,,,,,unmatched
864691135689296608,axon_partially_extended,PV,864691135496498320,296738,inhibitory,BasketFam,1.0,BasketFam-i,0.8,True,nucleus_id
864691135689417440,axon_fully_extended,L5IT,864691135689417440,301189,excitatory,L5,1.0,L5b,0.9666666666666667,True,root_id
864691135689555680,axon_partially_extended,NGC,864691135689555680,294268,inhibitory,NglFam,1.0,NglFam-d,0.5666666666666667,True,root_id
864691135693735103,axon_partially_extended,NGC,864691135693735103,274192,inhibitory,NglFam,1.0,NglFam-g,0.9,True,root_id
864691135694189759,axon_partially_extended,L6CT,864691135940017461,309278,excitatory,L6CT,0.85,L6CTc,0.23333333333333334,True,nucleus_id
864691135694246079,axon_partially_extended,L3IT,864691135397124341,296648,excitatory,L3,1.0,L3a,1.0,True,nucleus_id
864691135694264511,axon_partially_extended,L4IT,864691136619775451,296760,excitatory,L4,0.85,L4b,0.7666666666666667,True,nucleus_id
864691135694406335,axon_partially_extended,L4IT,864691135694406335,299019,excitatory,L4,1.0,L4b,1.0,True,root_id
864691135694415551,axon_partially_extended,L4IT,864691135694415551,260263,excitatory,L4,1.0,L4d,0.36666666666666664,True,root_id
864691135694421439,axon_partially_extended,L6IT,864691135694421439,304981,excitatory,L6IT,1.0,L6ITb,0.7,True,root_id
864691135695042751,axon_partially_extended,L6IT,864691135695042751,269511,excitatory,L6IT,0.9,L6ITa,0.36666666666666664,True,root_id
864691135695057855,axon_partially_extended,L4IT,864691135695057855,262895,excitatory,L4,1.0,L4d,0.23333333333333334,True,root_id
864691135695146943,axon_fully_extended,L3IT,864691135695146943,294546,excitatory,L4,0.35,L4b,0.5666666666666667,True,root_id
864691135697271450,axon_partially_extended,ITC,864691135697271450,304980,inhibitory,BipFam,0.3,BipFam-k,0.16666666666666666,True,root_id
864691135698016410,axon_partially_extended,L4IT,864691135698016410,426518,excitatory,L4,1.0,L4a,0.5666666666666667,True,root_id
864691135698211994,axon_fully_extended,L3IT,864691135698211994,296726,excitatory,L3,1.0,L3a,1.0,True,root_id
864691135698731541,axon_partially_extended,L2IT,864691135698731541,610835,,L3,0.65,L3a,0.7,False,root_id
864691135698820373,axon_partially_extended,L6CT,864691135698820373,271900,excitatory,L6CT,0.95,L6CTa,0.5333333333333333,True,root_id
864691135698922005,axon_partially_extended,L3IT,864691135698922005,392879,excitatory,L4,0.35,L4a,0.36666666666666664,True,root_id
864691135699301397,axon_partially_extended,L5ET,864691136120973336,303135,excitatory,L5ET,0.15,L5ETb,0.1,True,nucleus_id
864691135699522069,axon_partially_extended,L5IT,864691135699522069,300819,excitatory,L5,1.0,L5c,0.6333333333333333,True,root_id
864691135700757026,axon_partially_extended,PV,864691136954123487,267015,inhibitory,BasketFam,0.8,BasketFam-m,0.3,True,nucleus_id
864691135700814114,axon_partially_extended,L6CT,864691135700814114,234684,excitatory,L6CT,1.0,L6CTa,1.0,True,root_id
864691135701272610,axon_partially_extended,L6IT,864691135701272610,304989,excitatory,L6IT,0.8,L6ITb,0.7,True,root_id
864691135701340194,axon_partially_extended,PV,864691135701340194,234739,inhibitory,BasketFam,1.0,BasketFam-p,0.4666666666666667,True,root_id
864691135701629474,axon_partially_extended,L2IT,864691135465173054,292838,excitatory,L2,0.55,L2b,0.5,True,nucleus_id
864691135701746978,axon_fully_extended,L4IT,864691135701746978,299067,excitatory,L4,1.0,L4a,0.36666666666666664,True,root_id
864691135702061947,axon_partially_extended,L6IT,864691135702061947,306978,excitatory,L6IT,1.0,L6ITb,0.5333333333333333,True,root_id
864691135702298491,axon_partially_extended,L6IT,864691135702298491,305290,excitatory,L6IT,1.0,L6ITb,0.8,True,root_id
864691135702887291,axon_partially_extended,PV,864691135702887291,303195,inhibitory,BasketFam,1.0,BasketFam-p,0.4,True,root_id
864691135702946683,axon_partially_extended,L6CT,864691135702946683,309170,excitatory,L6CT,1.0,L6CTa,0.9,True,root_id
864691135703016059,axon_fully_extended,MC,864691135811766220,333396,inhibitory,MartFam,1.0,MartFam-e,0.3,True,nucleus_id
864691135703164283,axon_partially_extended,L4IT,864691135389371265,299034,excitatory,L4,1.0,L4a,0.9,True,nucleus_id
864691135716679194,axon_partially_extended,L6CT,864691135716679194,267266,excitatory,L6CT,0.9,L6CTa,0.7666666666666667,True,root_id
864691135717163802,axon_partially_extended,L2IT,864691135165108269,256522,excitatory,L2,0.9,L2b,0.9,True,nucleus_id
864691135717271834,axon_fully_extended,L4IT,864691135717271834,294446,excitatory,L4,1.0,L4a,0.9666666666666667,True,root_id
864691135717275162,axon_partially_extended,L3IT,864691135717275162,361200,excitatory,L3,0.85,L3a,0.8666666666666667,True,root_id
864691135717299738,axon_fully_extended,L4IT,864691135717299738,262700,excitatory,L4,1.0,L4d,0.8,True,root_id
864691135717386266,axon_partially_extended,L3IT,864691135376410441,260516,excitatory,L3,0.85,L3a,0.9,True,nucleus_id
864691135717457178,axon_fully_extended,L4IT,864691135717457178,299088,excitatory,L4,1.0,L4b,0.5,True,root_id
864691135717457946,axon_fully_extended,L4IT,864691135717457946,299091,excitatory,L4,1.0,L4b,0.3333333333333333,True,root_id
864691135719900721,axon_partially_extended,L4IT,864691135719900721,262925,excitatory,L4,1.0,L4b,1.0,True,root_id
864691135720061233,axon_fully_extended,L5IT,864691135720061233,302840,excitatory,L5,1.0,L5b,0.43333333333333335,True,root_id
864691135720245297,axon_partially_extended,L6CT,864691135720245297,311964,excitatory,L6CT,0.95,L6CTc,0.0,True,root_id
864691135720572977,axon_fully_extended,NMC,864691135720572977,301404,inhibitory,MartFam,1.0,MartFam-c,0.5,True,root_id
864691135720638769,axon_fully_extended,L2IT,864691135720638769,553556,excitatory,L3,0.65,L3a,0.5666666666666667,True,root_id
864691135725748139,axon_partially_extended,L4IT,864691135725748139,298919,excitatory,L4,1.0,L4d,0.5,True,root_id
864691135725779883,axon_fully_extended,PV,864691135725779883,436425,inhibitory,BasketFam,1.0,BasketFam-s,0.13333333333333333,True,root_id
864691135725838763,axon_partially_extended,L6IT,864691135725838763,271881,excitatory,L6IT,1.0,L6ITb,0.7,True,root_id
864691135725842603,axon_partially_extended,L4IT,864691135385310443,296513,excitatory,L4,1.0,L4b,0.8666666666666667,True,nucleus_id
864691135725920939,axon_partially_extended,L4IT,864691135867057372,260504,excitatory,L4,1.0,L4a,0.9666666666666667,True,nucleus_id
864691135726077611,axon_partially_extended,L4IT,864691135726077611,426103,excitatory,L4,1.0,L4b,0.9333333333333333,True,root_id
864691135726140843,axon_fully_extended,L3IT,864691135726140843,260521,excitatory,L3,0.8,L3a,0.8333333333333334,True,root_id
864691135726340523,axon_partially_extended,L6IT,864691135726340523,307206,excitatory,L6IT,1.0,L6ITa,0.6666666666666666,True,root_id
864691135726881195,axon_fully_extended,L4IT,864691135726881195,298811,excitatory,L4,1.0,L4b,0.7666666666666667,True,root_id
864691135726939455,axon_partially_extended,L3IT,864691135726939455,292860,excitatory,L2,0.6,L2b,0.6333333333333333,True,root_id
864691135727278655,axon_partially_extended,L6CT,864691135727278655,309352,excitatory,L6CT,1.0,L6CTc,0.9666666666666667,True,root_id
864691135727686463,axon_partially_extended,AltBasket,864691135727686463,518132,inhibitory,BipFam,1.0,BipFam-f,0.8333333333333334,True,root_id
864691135727790911,axon_partially_extended,L3IT,864691135929229780,294570,excitatory,L3,0.95,L3a,0.9,True,nucleus_id
864691135727799359,axon_partially_extended,L4IT,864691135727799359,262887,excitatory,L4,1.0,L4c,0.4666666666666667,True,root_id
864691135727867967,axon_partially_extended,L3IT,864691135337004777,292680,excitatory,L2,0.25,L2b,0.3333333333333333,True,nucleus_id
864691135727907391,axon_fully_extended,L2IT,864691136453523455,255212,excitatory,L2,1.0,L2a,1.0,True,nucleus_id
864691135727925311,axon_fully_extended,L2IT,864691135727925311,291342,excitatory,L2,1.0,L2a,1.0,True,root_id
864691135727929663,axon_fully_extended,L1,864691135727929663,291143,inhibitory,BasketFam,0.8,BasketFam-a,0.5,True,root_id
864691135727961663,axon_fully_extended,L4IT,864691136238777871,363583,excitatory,L4,1.0,L4b,0.43333333333333335,True,nucleus_id
864691135728030015,axon_fully_extended,L4IT,864691135728030015,298714,excitatory,L4,1.0,L4d,0.43333333333333335,True,root_id
864691135731679929,axon_partially_extended,L3IT,864691135272285093,294671,excitatory,L3,1.0,L3a,1.0,True,nucleus_id
864691135731705273,axon_partially_extended,L2IT,864691135731705273,553623,excitatory,L3,0.4,L3a,0.6333333333333333,True,root_id
864691135731707065,axon_partially_extended,L6CT,864691135731707065,307236,excitatory,L6CT,1.0,L6CTa,0.8,True,root_id
864691135731889337,axon_partially_extended,L3IT,864691135731889337,362959,excitatory,L3,0.9,L3a,0.7666666666666667,True,root_id
864691135731966649,axon_partially_extended,L6CT,864691135731966649,271772,excitatory,L6CT,1.0,L6CTa,0.7666666666666667,True,root_id
864691135732038329,axon_partially_extended,L4IT,864691135732038329,394472,excitatory,L4,1.0,L4a,0.9,True,root_id
864691135732210873,axon_partially_extended,L3IT,864691135732210873,294557,excitatory,L3,0.9,L3a,0.9333333333333333,True,root_id
864691135732257721,axon_fully_extended,PV,864691135732257721,335638,inhibitory,BasketFam,1.0,BasketFam-k,0.6666666666666666,True,root_id
864691135732318393,axon_partially_extended,L2IT,864691135732318393,256530,excitatory,L2,0.9,L2b,0.7666666666666667,True,root_id
864691135732377785,axon_partially_extended,L6CT,864691135732377785,311619,excitatory,L6CT,0.9,L6CTc,0.5666666666666667,True,root_id
864691135732518585,axon_fully_extended,L2IT,864691135469963148,292718,excitatory,L2,1.0,L2a,1.0,True,nucleus_id
864691135732557241,axon_fully_extended,L4IT,864691135732557241,299079,excitatory,L4,1.0,L4a,0.8333333333333334,True,root_id
864691135732578745,axon_partially_extended,L3IT,864691135732578745,328395,excitatory,L3,0.95,L3a,0.8666666666666667,True,root_id
864691135738047620,axon_fully_extended,L5IT,864691135738047620,337804,excitatory,L5,0.2,L5b,0.03333333333333333,True,root_id
864691135738266500,axon_partially_extended,L6CT,864691135738266500,309258,excitatory,L6CT,1.0,L6CTc,0.36666666666666664,True,root_id
864691135738953860,axon_fully_extended,L2IT,864691135738953860,294504,excitatory,L2,0.65,L2a,0.6,True,root_id
864691135738969220,axon_partially_extended,L2IT,864691135738969220,292646,excitatory,L2,0.4,L2b,0.36666666666666664,True,root_id
864691135738995588,axon_fully_extended,L2IT,864691135738995588,291176,excitatory,L2,1.0,L2a,1.0,True,root_id
864691135739004292,axon_partially_extended,L6CT,864691135739004292,307270,excitatory,L6CT,0.05,L6CTb,0.06666666666666667,True,root_id
864691135739008132,axon_fully_extended,L2IT,864691135739008132,291119,excitatory,L2,1.0,L2a,1.0,True,root_id
864691135739131780,axon_fully_extended,NMC,864691135739131780,263126,inhibitory,MartFam,1.0,MartFam-c,0.5,True,root_id
864691135739587697,axon_partially_extended,L3IT,864691135739587697,258316,excitatory,L3,1.0,L3a,1.0,True,root_id
864691135739689073,axon_fully_extended,L2IT,864691135739689073,256676,excitatory,L2,1.0,L2a,1.0,True,root_id
864691135740860820,axon_partially_extended,L2IT,864691135740860820,488668,excitatory,L3,0.7,L3a,0.5,True,root_id
864691135740865684,axon_partially_extended,L3IT,864691135740865684,520348,excitatory,L3,0.6,L3a,0.5333333333333333,True,root_id
864691135741090196,axon_partially_extended,L4IT,864691135741090196,366070,excitatory,L4,1.0,L4d,0.4666666666666667,True,root_id
864691135741197716,axon_partially_extended,L4IT,864691136580071188,262872,excitatory,L4,1.0,L4d,0.23333333333333334,True,nucleus_id
864691135741458324,axon_partially_extended,L2IT,864691135741458324,255117,excitatory,L2,1.0,L2b,0.9666666666666667,True,root_id
864691135741524587,axon_partially_extended,L2IT,864691135741524587,326376,excitatory,L2,0.15,L2a,0.13333333333333333,True,root_id
864691135741619051,axon_partially_extended,L4IT,864691135741619051,558881,excitatory,L4,0.8,L4a,0.6666666666666666,True,root_id
864691135741641876,axon_fully_extended,PV,864691136010803628,262427,inhibitory,BasketFam,1.0,BasketFam-f,0.4,True,nucleus_id
864691135741659499,axon_partially_extended,L4IT,864691135741659499,493796,excitatory,L4,1.0,L4a,0.43333333333333335,True,root_id
864691135741684075,axon_partially_extended,L3IT,864691135741684075,612794,,L4,0.8,L4a,0.5,False,root_id
864691135741780116,axon_partially_extended,L3IT,864691135741780116,258285,excitatory,L3,0.6,L3a,0.7333333333333333,True,root_id
864691135741874836,axon_fully_extended,L2IT,864691135741874836,291318,excitatory,L2,0.7,L2b,0.6666666666666666,True,root_id
864691135741889940,axon_partially_extended,PV,864691135741889940,298957,inhibitory,BasketFam,1.0,BasketFam-h,0.6333333333333333,True,root_id
864691135741910164,axon_fully_extended,L6IT,864691135741910164,267272,excitatory,L6IT,1.0,L6ITa,0.6333333333333333,True,root_id
864691135741930603,axon_partially_extended,L3IT,864691135971743845,258382,excitatory,L4,0.75,L4a,0.7666666666666667,True,nucleus_id
864691135741960340,axon_partially_extended,PV,864691135741960340,271543,inhibitory,BasketFam,1.0,BasketFam-s,0.3333333333333333,True,root_id
864691135741963627,axon_partially_extended,L4IT,864691136814699379,296619,excitatory,L4,1.0,L4a,0.6666666666666666,True,nucleus_id
864691135741965931,axon_partially_extended,L4IT,864691135741965931,396289,excitatory,L4,1.0,L4a,0.5333333333333333,True,root_id
864691135741982868,axon_fully_extended,L4IT,864691135741982868,298788,excitatory,L4,1.0,L4d,0.13333333333333333,True,root_id
864691135741998484,axon_fully_extended,L4IT,864691135741998484,265055,excitatory,L4,1.0,L4d,0.7,True,root_id
864691135742097044,axon_fully_extended,L4IT,864691135742097044,299076,excitatory,L4,1.0,L4a,0.5333333333333333,True,root_id
864691135742102635,axon_partially_extended,L4IT,864691135742102635,329860,excitatory,L4,1.0,L4b,0.6666666666666666,True,root_id
864691135742189163,axon_partially_extended,L4IT,864691135742189163,394030,excitatory,L4,1.0,L4a,0.9,True,root_id
864691135742247787,axon_partially_extended,L4IT,864691135742247787,298800,excitatory,L4,0.95,L4c,0.4666666666666667,True,root_id
864691135742327147,axon_partially_extended,L6CT,864691135742327147,309355,excitatory,L6CT,0.5,L6CTc,0.4666666666666667,True,root_id
864691135742365803,axon_partially_extended,L6IT,864691135742365803,269325,excitatory,L6IT,1.0,L6ITa,0.5666666666666667,True,root_id
864691135742609771,axon_fully_extended,L5IT,864691135742609771,300982,excitatory,L5,1.0,L5b,1.0,True,root_id
864691135742664043,axon_partially_extended,L3IT,864691135742664043,258401,excitatory,L3,0.9,L3a,0.9333333333333333,True,root_id
864691135742668395,axon_fully_extended,MC,864691135742668395,340252,inhibitory,MartFam,1.0,MartFam-k,0.6,True,root_id
864691135742677867,axon_partially_extended,ITC,864691135520170378,256370,inhibitory,BipFam,1.0,BipFam-e,0.4,True,nucleus_id
864691135742733163,axon_partially_extended,ITCperi,864691135742733163,221159,inhibitory,BipFam,1.0,BipFam-d,0.2,True,root_id
864691135742756203,axon_partially_extended,L2IT,864691135616651211,258363,excitatory,L3,0.8,L3a,1.0,True,nucleus_id
864691135742793835,axon_fully_extended,MC,864691135742793835,302898,inhibitory,MartFam,1.0,MartFam-k,0.6,True,root_id
864691135742824555,axon_partially_extended,ITCperi,864691135376408649,262558,inhibitory,BipFam,1.0,BipFam-i,0.5,True,nucleus_id
864691135742826603,axon_partially_extended,ITCperi,864691135742826603,332897,inhibitory,BipFam,1.0,BipFam-i,0.5666666666666667,True,root_id
864691135742895723,axon_partially_extended,ITC,864691135742895723,222739,inhibitory,BipFam,0.8,BipFam-d,0.43333333333333335,True,root_id
864691135743102827,axon_fully_extended,L2IT,864691135431909680,294583,excitatory,L3,0.25,L3a,0.23333333333333334,True,nucleus_id
864691135749995049,axon_partially_extended,L2IT,864691135749995049,517249,excitatory,L2,0.8,L2b,0.43333333333333335,True,root_id
864691135750307881,axon_partially_extended,L5ET,864691135750307881,304956,excitatory,L5ET,0.95,L5ETd,0.23333333333333334,True,root_id
864691135750642473,axon_partially_extended,L6IT,864691135750642473,305110,excitatory,L6IT,0.65,L6ITa,0.4666666666666667,True,root_id
864691135750649129,axon_partially_extended,L4IT,864691136381462229,363488,excitatory,L4,1.0,L4c,0.43333333333333335,True,nucleus_id
864691135750958889,axon_partially_extended,L3IT,864691136580085012,296503,excitatory,L4,0.6,L4b,0.6,True,nucleus_id
864691135751110185,axon_partially_extended,L4IT,864691135886393456,260651,excitatory,L4,0.8,L4b,0.7666666666666667,True,nucleus_id
864691135751149353,axon_partially_extended,L4IT,864691135751149353,258355,excitatory,L4,0.9,L4c,0.7,True,root_id
864691135755197133,axon_partially_extended,L5IT,864691135755197133,525389,excitatory,L5,1.0,L5a,1.0,True,root_id
864691135755384269,axon_partially_extended,L4IT,864691135755384269,262787,excitatory,L4,0.95,L4d,0.23333333333333334,True,root_id
864691135755605197,axon_fully_extended,thalamocortical,,,,,,,,,unmatched
864691135755707597,axon_partially_extended,AltBasket,864691135755707597,419719,inhibitory,BipFam,1.0,BipFam-f,0.8,True,root_id
864691135756075981,axon_fully_extended,L5IT,864691135756075981,264935,excitatory,L5,1.0,L5a,0.9333333333333333,True,root_id
864691135756148685,axon_partially_extended,L5ET,864691134966872095,303032,excitatory,L5ET,1.0,L5ETc,0.8666666666666667,True,nucleus_id
864691135756319186,axon_partially_extended,L4IT,864691135309922374,396252,excitatory,L4,1.0,L4a,0.6,True,nucleus_id
864691135756460754,axon_partially_extended,L6IT,864691135756460754,274163,excitatory,L6IT,0.15,L6ITb,0.16666666666666666,True,root_id
864691135756630226,axon_partially_extended,MC,864691135756630226,234459,inhibitory,MartFam,1.0,MartFam-k,0.8,True,root_id
864691135756844242,axon_fully_extended,NMC,864691135756844242,303237,inhibitory,MartFam,1.0,MartFam-g,0.3,True,root_id
864691135757002450,axon_fully_extended,L2IT,864691135757002450,292666,excitatory,L2,1.0,L2a,1.0,True,root_id
864691135757040082,axon_fully_extended,L4IT,864691135757040082,296550,excitatory,L4,0.7,L4b,0.7,True,root_id
864691135757083346,axon_fully_extended,L4IT,864691135757083346,298820,excitatory,L4,1.0,L4d,0.13333333333333333,True,root_id
864691135757092306,axon_partially_extended,L3IT,864691135757092306,294444,excitatory,L3,0.85,L3a,0.8,True,root_id
864691135760050254,axon_partially_extended,L3IT,864691135215489592,294359,excitatory,L3,0.85,L3a,0.8666666666666667,True,nucleus_id
864691135760106830,axon_partially_extended,L4IT,864691137200012353,296734,excitatory,L4,0.95,L4b,0.7666666666666667,True,nucleus_id
864691135760319822,axon_fully_extended,L4IT,864691135760319822,262534,excitatory,L4,1.0,L4a,0.9333333333333333,True,root_id
864691135760577870,axon_partially_extended,AltBasket,864691135760577870,517537,,BipFam,1.0,BipFam-f,0.8333333333333334,False,root_id
864691135760635214,axon_partially_extended,L6CT,864691135760635214,269405,excitatory,L6CT,1.0,L6CTa,0.9,True,root_id
864691135763362102,axon_partially_extended,L4IT,864691135763362102,298828,excitatory,L4,1.0,L4d,0.23333333333333334,True,root_id
864691135763364662,axon_partially_extended,L6CT,864691135763364662,309405,excitatory,L6CT,1.0,L6CTc,0.1,True,root_id
864691135763433270,axon_partially_extended,L3IT,864691135763433270,258225,excitatory,L3,0.75,L3a,0.5666666666666667,True,root_id
864691135763447862,axon_partially_extended,L6CT,864691135763447862,274195,excitatory,L6CT,1.0,L6CTa,0.9,True,root_id
864691135763491126,axon_partially_extended,L6IT,864691135763491126,271770,excitatory,L6IT,1.0,L6ITb,0.9333333333333333,True,root_id
864691135763495478,axon_partially_extended,L2IT,864691135763495478,485867,excitatory,L2,0.8,L2b,0.8666666666666667,True,root_id
864691135763549238,axon_partially_extended,L6IT,864691135763549238,307081,excitatory,L6IT,0.85,L6ITa,0.6666666666666666,True,root_id
864691135763795510,axon_partially_extended,L4IT,864691135763795510,363845,excitatory,L4,1.0,L4a,0.5666666666666667,True,root_id
864691135763941174,axon_partially_extended,L2IT,864691135763941174,223016,excitatory,L2,1.0,L2b,0.9666666666666667,True,root_id
864691135763975990,axon_partially_extended,PV,864691135763975990,264848,inhibitory,BasketFam,0.95,BasketFam-k,0.7,True,root_id
864691135764015926,axon_partially_extended,L3IT,864691135764015926,331122,excitatory,L3,0.95,L3a,0.9666666666666667,True,root_id
864691135764062006,axon_partially_extended,L6CT,864691135764062006,307009,excitatory,L6CT,1.0,L6CTa,0.9666666666666667,True,root_id
864691135764274742,axon_partially_extended,AltBasket,864691135764274742,485031,,BipFam,0.75,BipFam-f,0.5,False,root_id
864691135764583990,axon_fully_extended,L2IT,864691135764583990,292676,excitatory,L2,0.25,L2b,0.16666666666666666,True,root_id
864691135764631862,axon_partially_extended,L3IT,864691135764631862,294579,excitatory,L3,0.9,L3a,0.8666666666666667,True,root_id
864691135764644150,axon_partially_extended,ITC,864691135764644150,291498,inhibitory,BipFam,0.95,BipFam-b,0.3,True,root_id
864691135764678198,axon_fully_extended,MC,864691135764678198,305002,inhibitory,MartFam,1.0,MartFam-l,0.5,True,root_id
864691135764890678,axon_partially_extended,MC,864691135764890678,267317,inhibitory,MartFam,1.0,MartFam-k,0.6333333333333333,True,root_id
864691135764932662,axon_fully_extended,L2IT,864691135764932662,255289,excitatory,L2,0.85,L2b,0.5,True,root_id
864691135764946742,axon_partially_extended,L6IT,864691135764946742,307077,excitatory,L6IT,1.0,L6ITb,0.9333333333333333,True,root_id
864691135765006134,axon_partially_extended,L4IT,864691135765006134,260443,excitatory,L4,0.95,L4a,0.8333333333333334,True,root_id
864691135765013302,axon_partially_extended,L4IT,864691136336274867,260648,excitatory,L4,0.9,L4b,0.43333333333333335,True,nucleus_id
864691135772774651,axon_partially_extended,MC,864691136675929479,260541,inhibitory,MartFam,1.0,MartFam-d,0.6666666666666666,True,nucleus_id
864691135772920651,axon_partially_extended,L4IT,864691135772920651,459186,excitatory,L4,0.85,L4d,0.26666666666666666,True,root_id
864691135772987899,axon_partially_extended,L4IT,864691135772987899,491560,excitatory,L4,1.0,L4d,0.23333333333333334,True,root_id
864691135773073147,axon_partially_extended,L2IT,864691135773073147,258245,excitatory,L3,0.6,L3a,0.5333333333333333,True,root_id
864691135773074683,axon_partially_extended,L6IT,864691135773074683,271884,excitatory,L6IT,0.6,L6ITb,0.3333333333333333,True,root_id
864691135773208651,axon_partially_extended,L4IT,864691135773208651,365621,excitatory,L4,1.0,L4d,0.7666666666666667,True,root_id
864691135773209163,axon_partially_extended,L4IT,864691135773209163,299318,excitatory,L4,1.0,L4a,0.7333333333333333,True,root_id
864691135773240571,axon_partially_extended,L6CT,864691135773240571,307067,excitatory,L6CT,1.0,L6CTa,0.5333333333333333,True,root_id
864691135773640699,axon_partially_extended,L6CT,864691135773640699,271690,excitatory,L6CT,0.9,L6CTa,0.6666666666666666,True,root_id
864691135773694795,axon_partially_extended,L4IT,864691135773694795,298893,excitatory,L4,1.0,L4d,0.23333333333333334,True,root_id
864691135773724747,axon_partially_extended,L6CT,864691135773724747,309329,excitatory,L6CT,1.0,L6CTc,0.13333333333333333,True,root_id
864691135773731403,axon_partially_extended,L6IT,864691135773731403,344319,excitatory,L6IT,0.45,L6ITb,0.43333333333333335,True,root_id
864691135773776459,axon_partially_extended,L6IT,864691135773776459,307129,excitatory,L6IT,1.0,L6ITb,0.5666666666666667,True,root_id
864691135773910603,axon_fully_extended,L5IT,864691135773910603,199219,excitatory,L5,1.0,L5b,0.7,True,root_id
864691135774053371,axon_partially_extended,L2IT,864691135774053371,258375,excitatory,L3,1.0,L3a,0.9666666666666667,True,root_id
864691135774127611,axon_partially_extended,ITC,864691135779146080,258154,inhibitory,BipFam,1.0,BipFam-j,1.0,True,nucleus_id
864691135774177531,axon_fully_extended,L2IT,864691135774177531,389134,excitatory,L2,1.0,L2b,1.0,True,root_id
864691135774179147,axon_partially_extended,L2IT,864691135774179147,256444,excitatory,L3,0.7,L3a,0.6666666666666666,True,root_id
864691135774221643,axon_fully_extended,MC,864691135774221643,300830,inhibitory,MartFam,1.0,MartFam-e,0.5666666666666667,True,root_id
864691135774294603,axon_partially_extended,L5ET,864691135135106464,267299,excitatory,L5ET,0.8,L5ETb,0.6,True,nucleus_id
864691135774307659,axon_fully_extended,L2IT,864691135774307659,292744,excitatory,L2,0.95,L2a,0.9,True,root_id
864691135774368763,axon_partially_extended,L3IT,864691135774368763,292575,excitatory,L3,0.6,L3a,0.5666666666666667,True,root_id
864691135774389755,axon_fully_extended,L5ET,864691135774389755,267294,excitatory,L5ET,1.0,L5ETb,0.6333333333333333,True,root_id
864691135777381805,axon_fully_extended,L6IT,864691135777381805,401824,excitatory,L6IT,0.75,L6ITb,0.5,True,root_id
864691135777400237,axon_partially_extended,L6IT,864691135777400237,589183,excitatory,L6IT,1.0,L6ITa,1.0,True,root_id
864691135777789357,axon_partially_extended,L2IT,864691135777789357,292683,excitatory,L3,0.5,L3a,0.4666666666666667,True,root_id
864691135778081453,axon_fully_extended,thalamocortical,,,,,,,,,unmatched
864691135778116013,axon_fully_extended,PV,864691135778116013,264875,inhibitory,BasketFam,1.0,BasketFam-f,0.3,True,root_id
864691135778132576,axon_partially_extended,L5IT,864691135778132576,525220,excitatory,L5,0.95,L5a,0.8333333333333334,True,root_id
864691135778187360,axon_partially_extended,L4IT,864691135778187360,522520,excitatory,L4,0.9,L4a,0.36666666666666664,True,root_id
864691135778288573,axon_fully_extended,L6IT,864691135778288573,269380,excitatory,L6IT,0.65,L6ITb,0.5,True,root_id
864691135778290109,axon_partially_extended,PV,864691135778290109,309279,inhibitory,BasketFam,1.0,BasketFam-s,0.7666666666666667,True,root_id
864691135778331232,axon_partially_extended,L6IT,864691135778331232,305255,excitatory,L6IT,1.0,L6ITa,0.6666666666666666,True,root_id
864691135778335328,axon_partially_extended,L6CT,864691135778335328,271887,excitatory,L6CT,0.95,L6CTa,0.7666666666666667,True,root_id
864691135778414176,axon_partially_extended,L4IT,864691135778414176,490761,excitatory,L4,1.0,L4b,0.9333333333333333,True,root_id
864691135778419901,axon_partially_extended,L3IT,864691135778419901,258335,excitatory,L3,0.7,L3a,0.7,True,root_id
864691135778465376,axon_partially_extended,L6IT,864691135778465376,342110,excitatory,L6IT,1.0,L6ITa,0.23333333333333334,True,root_id
864691135778467517,axon_partially_extended,L3IT,864691135778467517,190978,,L3,0.95,L3a,0.9666666666666667,False,root_id
864691135778542509,axon_partially_extended,L4IT,864691135778542509,298807,excitatory,L4,1.0,L4b,0.6666666666666666,True,root_id
864691135778544480,axon_partially_extended,ITC,864691135778544480,304857,inhibitory,BipFam,0.9,BipFam-k,0.4,True,root_id
864691135778572973,axon_partially_extended,L4IT,864691135778572973,395167,excitatory,L4,1.0,L4a,0.9333333333333333,True,root_id
864691135778604640,axon_partially_extended,L6CT,864691135778604640,309526,excitatory,L6CT,1.0,L6CTa,0.8333333333333334,True,root_id
864691135778618029,axon_partially_extended,ITC,864691135778618029,294777,inhibitory,BipFam,1.0,BipFam-j,0.8333333333333334,True,root_id
864691135778638013,axon_partially_extended,L2IT,864691135778638013,222500,excitatory,L2,0.85,L2b,0.6666666666666666,True,root_id
864691135778675552,axon_partially_extended,L6CT,864691135778675552,309263,excitatory,L6CT,0.6,L6CTc,0.16666666666666666,True,root_id
864691135778773856,axon_partially_extended,ITC,864691135778773856,262898,inhibitory,BipFam,1.0,BipFam-k,0.4666666666666667,True,root_id
864691135778811325,axon_partially_extended,L2IT,864691135778811325,294500,excitatory,L3,0.8,L3a,0.8,True,root_id
864691135778815421,axon_partially_extended,L3IT,864691135778815421,258277,excitatory,L4,0.9,L4a,0.7666666666666667,True,root_id
864691135778954848,axon_partially_extended,L4IT,864691135084244727,260552,excitatory,L4,1.0,L4a,0.5333333333333333,True,nucleus_id
864691135779020221,axon_partially_extended,L4IT,864691135779020221,330154,excitatory,L4,1.0,L4d,0.4,True,root_id
864691135779049056,axon_partially_extended,L5ET,864691135779049056,267319,excitatory,L5ET,0.5,L5ETb,0.3333333333333333,True,root_id
864691135779049568,axon_partially_extended,L6CT,864691135779049568,307122,excitatory,L6CT,0.75,L6CTa,0.7,True,root_id
864691135779297981,axon_partially_extended,L4IT,864691135779297981,301220,excitatory,L4,1.0,L4d,0.23333333333333334,True,root_id
864691135779305405,axon_partially_extended,L6IT,864691135779305405,309512,excitatory,L6IT,1.0,L6ITb,0.9333333333333333,True,root_id
864691135779377341,axon_partially_extended,L4IT,864691135779377341,296417,excitatory,L4,1.0,L4a,0.9333333333333333,True,root_id
864691135779629245,axon_partially_extended,L2IT,864691136276454413,292829,excitatory,L2,0.55,L2a,0.5333333333333333,True,nucleus_id
864691135779683261,axon_fully_extended,L2IT,864691135779683261,291203,excitatory,L2,1.0,L2a,1.0,True,root_id
864691135779705021,axon_fully_extended,L4IT,864691135779705021,296728,excitatory,L4,1.0,L4a,0.9,True,root_id
864691135779716797,axon_partially_extended,L4IT,864691135779716797,262814,excitatory,L4,1.0,L4a,0.7,True,root_id
864691135779780797,axon_fully_extended,MC,864691135442839112,263172,inhibitory,MartFam,1.0,MartFam-e,0.5333333333333333,True,nucleus_id
864691135782145872,axon_partially_extended,L2IT,864691135782145872,188569,excitatory,L2,1.0,L2a,1.0,True,root_id
864691135782156368,axon_partially_extended,L5IT,864691135782156368,460199,excitatory,L5,1.0,L5a,1.0,True,root_id
864691135782156880,axon_partially_extended,L3IT,864691135783400016,294568,excitatory,L3,0.8,L3a,0.8666666666666667,True,nucleus_id
864691135782241616,axon_partially_extended,L3IT,864691136197172556,258217,excitatory,L3,0.85,L3a,0.8666666666666667,True,nucleus_id
864691135782265424,axon_partially_extended,L2IT,864691135782265424,612250,,L3,0.65,L3a,0.5666666666666667,False,root_id
864691135782278224,axon_partially_extended,L6CT,864691135782278224,309390,excitatory,L6CT,1.0,L6CTc,0.7666666666666667,True,root_id
864691135782330192,axon_partially_extended,L6CT,864691135782330192,342338,excitatory,L6CT,0.95,L6CTc,0.8333333333333334,True,root_id
864691135782506832,axon_partially_extended,L4IT,864691135563052513,260621,excitatory,L4,1.0,L4a,0.7333333333333333,True,nucleus_id
864691135782542416,axon_partially_extended,L3IT,864691136976126492,294651,excitatory,L3,1.0,L3a,1.0,True,nucleus_id
864691135782544435,axon_partially_extended,L5ET,864691135782544435,560109,,L5ET,1.0,L5ETc,0.5,False,root_id
864691135782873936,axon_fully_extended,thalamocortical,,,,,,,,,unmatched
864691135783308368,axon_partially_extended,L4IT,864691135388068181,296785,excitatory,L4,1.0,L4b,0.1,True,nucleus_id
864691135783317840,axon_fully_extended,thalamocortical,,,,,,,,,unmatched
864691135783909427,axon_partially_extended,MC,864691135783909427,530669,inhibitory,MartFam,1.0,MartFam-l,0.3,True,root_id
864691135784641843,axon_partially_extended,L6CT,864691135784641843,311722,excitatory,L6CT,0.8,L6CTc,0.4666666666666667,True,root_id
864691135784960307,axon_fully_extended,L2IT,864691135431854640,256647,excitatory,L2,0.45,L2a,0.36666666666666664,True,nucleus_id
864691135786943684,axon_partially_extended,L6CT,864691135786943684,305227,excitatory,L6CT,1.0,L6CTa,1.0,True,root_id
864691135787093956,axon_partially_extended,L6CT,864691135787093956,342105,excitatory,L6CT,0.6,L6CTc,0.36666666666666664,True,root_id
864691135787242948,axon_partially_extended,L6CT,864691135787242948,346884,excitatory,L6b,0.25,L6b,0.2,True,root_id
864691135787537348,axon_fully_extended,L4IT,864691135787537348,363553,excitatory,L3,0.75,L3a,0.8,True,root_id
864691135801133666,axon_partially_extended,L2IT,864691135801133666,582294,,L3,0.6,L3a,0.6666666666666666,False,root_id
864691135801163874,axon_partially_extended,L2IT,864691135801163874,256551,excitatory,L3,0.85,L3a,0.8333333333333334,True,root_id
864691135801267554,axon_partially_extended,L2IT,864691135801267554,292743,excitatory,L3,0.95,L3a,0.9333333333333333,True,root_id
864691135801376610,axon_partially_extended,L6CT,864691135801376610,271774,excitatory,L6CT,1.0,L6CTa,0.5333333333333333,True,root_id
864691135801393250,axon_partially_extended,L6CT,864691135801393250,344661,excitatory,L6CT,0.95,L6CTc,0.7666666666666667,True,root_id
864691135801463650,axon_partially_extended,L3IT,864691135801463650,294582,excitatory,L3,0.95,L3a,0.9333333333333333,True,root_id
864691135801604706,axon_fully_extended,L3IT,864691135801604706,583961,excitatory,L3,0.85,L3a,0.8,True,root_id
864691135802215266,axon_partially_extended,L6CT,864691135504122690,307001,excitatory,L6CT,1.0,L6CTc,0.9333333333333333,True,nucleus_id
864691135802341986,axon_partially_extended,L4IT,864691135802341986,262687,excitatory,L4,1.0,L4d,0.2,True,root_id
864691135802453858,axon_fully_extended,L2IT,864691135802453858,291483,excitatory,L2,1.0,L2b,1.0,True,root_id
864691135808684573,axon_partially_extended,L3IT,864691135808684573,192790,,L4,0.8,L4b,0.8666666666666667,False,root_id
864691135808925981,axon_partially_extended,L6IT,864691135808925981,298437,excitatory,L6IT,0.1,L6ITa,0.1,True,root_id
864691135809375005,axon_partially_extended,L6CT,864691135809375005,309426,excitatory,L6CT,1.0,L6CTa,0.8666666666666667,True,root_id
864691135809384221,axon_partially_extended,L6CT,864691135809384221,274061,excitatory,L6CT,1.0,L6CTc,1.0,True,root_id
864691135809456669,axon_partially_extended,L6IT,864691135809456669,271695,excitatory,L6IT,1.0,L6ITa,0.9,True,root_id
864691135809509917,axon_partially_extended,L6IT,864691135809509917,305034,excitatory,L6IT,0.35,L6ITa,0.36666666666666664,True,root_id
864691135809568029,axon_partially_extended,L4IT,864691135809568029,394232,excitatory,L4,1.0,L4d,0.7333333333333333,True,root_id
864691135809663773,axon_partially_extended,L6CT,864691135809663773,307109,excitatory,L6CT,1.0,L6CTa,0.9333333333333333,True,root_id
864691135809954845,axon_partially_extended,L4IT,864691135809954845,298947,excitatory,L4,1.0,L4d,0.26666666666666666,True,root_id
864691135810098717,axon_fully_extended,PV,864691135810098717,269452,inhibitory,BasketFam,0.85,BasketFam-q,0.4666666666666667,True,root_id
864691135810297885,axon_fully_extended,ITC,864691135810297885,301401,inhibitory,BipFam,1.0,BipFam-j,1.0,True,root_id
864691135810308125,axon_fully_extended,L2IT,864691135810308125,452379,excitatory,L2,1.0,L2a,0.7666666666666667,True,root_id
864691135810466333,axon_fully_extended,L4IT,864691135810466333,301096,excitatory,L4,0.2,L4c,0.03333333333333333,True,root_id
864691135810473245,axon_partially_extended,L4IT,864691135942322433,296612,excitatory,L4,0.8,L4a,0.5,True,nucleus_id
864691135810492189,axon_fully_extended,L4IT,864691135810492189,298938,excitatory,L4,0.95,L4d,0.6,True,root_id
864691135810495005,axon_fully_extended,PV,864691135357429199,299131,inhibitory,BasketFam,1.0,BasketFam-k,0.6,True,nucleus_id
864691135810531357,axon_partially_extended,ITCperi,864691135810531357,222718,inhibitory,BipFam,0.55,BipFam-i,0.36666666666666664,True,root_id
864691135810773452,axon_partially_extended,L4IT,864691135389266561,296540,excitatory,L3,0.7,L3a,0.7666666666666667,True,nucleus_id
864691135810803660,axon_partially_extended,L6CT,864691135325567644,309274,excitatory,L6CT,1.0,L6CTc,0.6333333333333333,True,nucleus_id
864691135810905036,axon_partially_extended,L4IT,864691135810905036,296265,excitatory,L4,1.0,L4b,0.8,True,root_id
864691135810982860,axon_partially_extended,L4IT,864691135810982860,260895,excitatory,L4,1.0,L4a,0.6666666666666666,True,root_id
864691135811335116,axon_partially_extended,L6IT,864691135811335116,305067,excitatory,L6IT,1.0,L6ITa,0.6666666666666666,True,root_id
864691135811658700,axon_partially_extended,L5ET,864691135811658700,267038,excitatory,L5ET,1.0,L5ETc,0.9333333333333333,True,root_id
864691135816693327,axon_partially_extended,L3IT,864691135816693327,328465,excitatory,L3,0.9,L3a,0.8666666666666667,True,root_id
864691135817195343,axon_partially_extended,L6IT,864691135817195343,269576,excitatory,L6IT,0.9,L6ITa,0.6666666666666666,True,root_id
864691135817419343,axon_partially_extended,L6CT,864691135817419343,269609,excitatory,L6CT,0.65,L6CTa,0.36666666666666664,True,root_id
864691135817803599,axon_fully_extended,PV,864691135817803599,294809,inhibitory,BasketFam,1.0,BasketFam-i,0.26666666666666666,True,root_id
864691135817949519,axon_fully_extended,L2IT,864691135817949519,256468,excitatory,L2,1.0,L2a,1.0,True,root_id
864691135817952079,axon_partially_extended,PV,864691135817952079,265035,inhibitory,BasketFam,0.95,BasketFam-m,0.26666666666666666,True,root_id
864691135838738579,axon_partially_extended,L6CT,864691135838738579,271889,excitatory,L6CT,1.0,L6CTa,0.9,True,root_id
864691135838788755,axon_partially_extended,L4IT,864691135703276155,296377,excitatory,L4,1.0,L4c,0.2,True,nucleus_id
864691135838916755,axon_partially_extended,L3IT,864691135838916755,258216,excitatory,L3,0.75,L3a,0.6,True,root_id
864691135839248787,axon_partially_extended,L4IT,864691135839248787,192020,,L4,1.0,L4a,0.9,False,root_id
864691135839499155,axon_partially_extended,L6CT,864691135839499155,307135,excitatory,L6CT,1.0,L6CTa,0.8333333333333334,True,root_id
864691135839577235,axon_partially_extended,MC,864691135839577235,300835,inhibitory,MartFam,1.0,MartFam-h,0.4,True,root_id
864691135839843475,axon_partially_extended,ITC,864691135839843475,260947,inhibitory,BipFam,1.0,BipFam-j,0.9,True,root_id
864691135839932307,axon_fully_extended,L2IT,864691135571584902,291124,excitatory,L2,1.0,L2b,0.8333333333333334,True,nucleus_id
864691135839950227,axon_partially_extended,L2IT,864691135839950227,256449,excitatory,L2,0.9,L2b,0.8666666666666667,True,root_id
864691135839979667,axon_partially_extended,NMC,864691135015322614,303149,inhibitory,MartFam,1.0,MartFam-g,0.43333333333333335,True,nucleus_id
864691135839999379,axon_partially_extended,ITCperi,864691135839999379,291083,inhibitory,BipFam,1.0,BipFam-i,0.5666666666666667,True,root_id
864691135840033171,axon_partially_extended,NGC,864691135465182014,262779,inhibitory,NglFam,1.0,NglFam-f,0.16666666666666666,True,nucleus_id
864691135842486243,axon_partially_extended,L3IT,864691135842486243,294715,excitatory,L3,1.0,L3a,1.0,True,root_id
864691135842794979,axon_partially_extended,L6IT,864691135842794979,307093,excitatory,L6IT,1.0,L6ITa,0.36666666666666664,True,root_id
864691135843236323,axon_fully_extended,L5IT,864691135843236323,262774,excitatory,L5,0.4,L5a,0.4666666666666667,True,root_id
864691135843242211,axon_fully_extended,L4IT,864691135843242211,299023,excitatory,L4,1.0,L4d,0.7333333333333333,True,root_id
864691135849088094,axon_partially_extended,L5IT,864691135849088094,367994,excitatory,L5,1.0,L5a,0.36666666666666664,True,root_id
864691135849300318,axon_fully_extended,L5IT,864691135849300318,303002,excitatory,L4,0.25,L4c,0.13333333333333333,True,root_id
864691135849426270,axon_partially_extended,L5IT,864691135849426270,430233,excitatory,L5,1.0,L5a,0.9,True,root_id
864691135849610334,axon_partially_extended,L6CT,864691135849610334,276555,excitatory,L6CT,0.55,L6CTc,0.13333333333333333,True,root_id
864691135849634142,axon_partially_extended,L6IT,864691135849634142,307094,excitatory,L6IT,0.9,L6ITb,0.5666666666666667,True,root_id
864691135849640798,axon_partially_extended,L3IT,864691136665210846,296504,excitatory,L3,0.8,L3a,0.7,True,nucleus_id
864691135849699166,axon_partially_extended,L5IT,864691135573450789,301083,excitatory,L4,0.55,L4b,0.2,True,nucleus_id
864691135850033758,axon_fully_extended,L2IT,864691135850033758,258299,excitatory,L3,0.2,L3a,0.23333333333333334,True,root_id
864691135852558279,axon_partially_extended,L6CT,864691135852558279,307221,excitatory,L6CT,1.0,L6CTa,0.43333333333333335,True,root_id
864691135852637127,axon_partially_extended,L6IT,864691135852637127,307155,excitatory,L6IT,1.0,L6ITb,0.7666666666666667,True,root_id
864691135853055175,axon_fully_extended,L2IT,864691135853055175,256473,excitatory,L2,0.95,L2a,0.8333333333333334,True,root_id
864691135853088967,axon_fully_extended,L4IT,864691135853088967,262670,excitatory,L4,1.0,L4a,0.7333333333333333,True,root_id
864691135853090503,axon_fully_extended,PV,864691135853090503,299222,inhibitory,BasketFam,1.0,BasketFam-f,0.13333333333333333,True,root_id
864691135853091015,axon_fully_extended,L4IT,864691135853091015,298812,excitatory,L4,0.8,L4d,0.43333333333333335,True,root_id
864691135853198023,axon_partially_extended,L5ET,864691135853198023,269350,excitatory,L5ET,0.95,L5ETd,0.5666666666666667,True,root_id
864691135855890478,axon_fully_extended,L2IT,864691135855890478,189149,excitatory,L2,0.95,L2b,0.8666666666666667,True,root_id
864691135857099310,axon_partially_extended,L6IT,864691135857099310,460391,excitatory,L5,1.0,L5a,1.0,True,root_id
864691135857976366,axon_partially_extended,AltBasket,864691135857976366,551915,inhibitory,BipFam,0.9,BipFam-f,0.7666666666666667,True,root_id
864691135857993774,axon_partially_extended,L4IT,864691135857993774,265135,excitatory,L4,0.6,L4d,0.5666666666666667,True,root_id
864691135858273326,axon_partially_extended,L4IT,864691135858273326,228180,excitatory,L4,1.0,L4b,0.9333333333333333,True,root_id
864691135858282030,axon_partially_extended,MC,864691135858282030,264920,inhibitory,MartFam,1.0,MartFam-e,0.16666666666666666,True,root_id
864691135858298670,axon_fully_extended,L5IT,864691135858298670,298912,excitatory,L5,0.5,L5b,0.5666666666666667,True,root_id
864691135858363694,axon_partially_extended,PV,864691135858363694,301193,inhibitory,BasketFam,1.0,BasketFam-f,0.5333333333333333,True,root_id
864691135860969064,axon_partially_extended,L4IT,864691135860969064,396772,excitatory,L4,1.0,L4d,0.43333333333333335,True,root_id
864691135861093992,axon_partially_extended,L2IT,864691135861093992,292881,excitatory,L3,0.85,L3a,0.8666666666666667,True,root_id
864691135861182824,axon_partially_extended,L6IT,864691135861182824,304992,excitatory,L5,0.7,L5d,0.4,True,root_id
864691135865648254,axon_partially_extended,L6IT,864691135865648254,269411,excitatory,L6CT,0.15,L6CTc,0.06666666666666667,True,root_id
864691135865774206,axon_partially_extended,L4IT,864691135015352054,260624,excitatory,L4,0.95,L4b,0.36666666666666664,True,nucleus_id
864691135866223998,axon_partially_extended,L6CT,864691135866223998,306977,excitatory,L6CT,0.85,L6CTc,0.4,True,root_id
864691135866279900,axon_partially_extended,L6CT,864691135866279900,309253,excitatory,L6CT,1.0,L6CTa,0.6333333333333333,True,root_id
864691135866396798,axon_partially_extended,L4IT,864691135866396798,425861,excitatory,L4,1.0,L4a,0.7666666666666667,True,root_id
864691135866427006,axon_partially_extended,L5IT,864691135942028198,267185,excitatory,L5,1.0,L5a,0.8333333333333334,True,nucleus_id
864691135866576604,axon_partially_extended,L3IT,864691137022342766,296727,excitatory,L3,0.95,L3a,0.9666666666666667,True,nucleus_id
864691135866751870,axon_fully_extended,L5IT,864691135866751870,300761,excitatory,L5,0.85,L5c,0.5666666666666667,True,root_id
864691135866821340,axon_partially_extended,thalamocortical,,,,,,,,,unmatched
864691135866910428,axon_partially_extended,L6CT,864691135866910428,307190,excitatory,L6CT,1.0,L6CTa,0.9666666666666667,True,root_id
864691135866947804,axon_fully_extended,L2IT,864691135866947804,292659,excitatory,L2,0.8,L2a,0.8333333333333334,True,root_id
864691135867532933,axon_partially_extended,L6IT,864691135977914691,307112,excitatory,L6IT,1.0,L6ITa,0.43333333333333335,True,nucleus_id
864691135867561349,axon_partially_extended,L6CT,864691135867561349,311807,excitatory,L6CT,1.0,L6CTc,0.8333333333333334,True,root_id
864691135867644805,axon_partially_extended,L4IT,864691135867644805,298945,excitatory,L4,1.0,L4d,0.4,True,root_id
864691135867905302,axon_partially_extended,L5IT,864691135867905302,614445,,L5,1.0,L5a,0.9666666666666667,False,root_id
864691135867965317,axon_partially_extended,L5IT,864691135867965317,300931,excitatory,L5,0.95,L5a,0.8,True,root_id
864691135867984005,axon_partially_extended,L4IT,864691135496495248,296517,excitatory,L4,1.0,L4a,1.0,True,nucleus_id
864691135868060950,axon_partially_extended,L4IT,864691135868060950,330181,excitatory,L4,1.0,L4a,0.43333333333333335,True,root_id
864691135868142870,axon_partially_extended,L6CT,864691135868142870,307243,excitatory,L6CT,1.0,L6CTb,0.36666666666666664,True,root_id
864691135868210454,axon_partially_extended,L3IT,864691135868210454,294653,excitatory,L3,0.6,L3a,0.7666666666666667,True,root_id
864691135868334870,axon_partially_extended,L6CT,864691135868334870,309151,excitatory,L6CT,1.0,L6CTc,0.3,True,root_id
864691135868386070,axon_partially_extended,L4IT,864691135641518395,296745,excitatory,L4,1.0,L4a,1.0,True,nucleus_id
864691135868415766,axon_partially_extended,L5NP,864691135868415766,305238,excitatory,L5NP,1.0,L5NPb,0.9666666666666667,True,root_id
864691135868435734,axon_partially_extended,L6CT,864691135868435734,271696,excitatory,L6CT,0.95,L6CTa,0.9666666666666667,True,root_id
864691135868466710,axon_partially_extended,L4IT,864691135868466710,333230,excitatory,L4,1.0,L4c,0.16666666666666666,True,root_id
864691135868684566,axon_partially_extended,L6IT,864691135868684566,269472,excitatory,L6IT,1.0,L6ITa,0.8,True,root_id
864691135868916246,axon_partially_extended,L4IT,864691135868916246,228758,excitatory,L4,1.0,L4d,0.3333333333333333,True,root_id
864691135868919318,axon_partially_extended,L5IT,864691135868919318,267163,excitatory,L5,0.75,L5c,0.4666666666666667,True,root_id
864691135868946966,axon_partially_extended,L6CT,864691135868946966,312043,excitatory,L6IT,0.3,L6ITb,0.36666666666666664,True,root_id
864691135868957462,axon_partially_extended,L5IT,864691135868957462,269491,excitatory,L5,0.7,L5b,0.4,True,root_id
864691135869457430,axon_fully_extended,PV,864691135869457430,330372,inhibitory,BasketFam,1.0,BasketFam-e,0.16666666666666666,True,root_id
864691135874782350,axon_partially_extended,L2IT,864691135874782350,258290,excitatory,L3,0.9,L3a,0.8333333333333334,True,root_id
864691135874914702,axon_partially_extended,L3IT,864691135874914702,225650,excitatory,L3,0.9,L3a,0.8333333333333334,True,root_id
864691135875414414,axon_partially_extended,PV,864691135875414414,303172,inhibitory,BasketFam,1.0,BasketFam-p,0.6666666666666666,True,root_id
864691135875460494,axon_partially_extended,L6CT,864691135875460494,305244,excitatory,L6CT,0.95,L6CTa,0.7666666666666667,True,root_id
864691135875763086,axon_partially_extended,PV,864691135875763086,255247,inhibitory,BipFam,0.3,BipFam-a,0.06666666666666667,True,root_id
864691135875777166,axon_partially_extended,PV,864691136381454549,301227,inhibitory,BasketFam,0.95,BasketFam-m,0.5666666666666667,True,nucleus_id
864691135875919502,axon_partially_extended,MC,864691136275309502,260505,inhibitory,MartFam,1.0,MartFam-d,0.5666666666666667,True,nucleus_id
864691135877606483,axon_partially_extended,L4IT,864691135877606483,228483,excitatory,L4,1.0,L4d,0.6,True,root_id
864691135877825107,axon_partially_extended,L5IT,864691135877825107,264841,excitatory,L5,0.9,L5a,0.7,True,root_id
864691135877951571,axon_partially_extended,L4IT,864691135877951571,332773,excitatory,L4,1.0,L4a,0.9666666666666667,True,root_id
864691135877954899,axon_partially_extended,L6IT,864691135877954899,267260,excitatory,L5,0.8,L5a,0.8666666666666667,True,root_id
864691135878061395,axon_fully_extended,L5IT,864691135878061395,303164,excitatory,L5,1.0,L5c,0.8666666666666667,True,root_id
864691135878154067,axon_fully_extended,PV,864691135878154067,335537,inhibitory,BasketFam,0.95,BasketFam-o,0.2,True,root_id
864691135878407251,axon_partially_extended,PV,864691135949030753,232688,inhibitory,BasketFam,1.0,BasketFam-p,0.4666666666666667,True,nucleus_id
864691135878468435,axon_fully_extended,L2IT,864691135878468435,256339,excitatory,L2,1.0,L2a,1.0,True,root_id
864691135878586963,axon_fully_extended,thalamocortical,,,,,,,,,unmatched
864691135885194352,axon_partially_extended,PV,864691135885194352,532459,inhibitory,BasketFam,1.0,BasketFam-q,0.6333333333333333,True,root_id
864691135885298544,axon_partially_extended,L6CT,864691135885298544,344307,excitatory,L6CT,1.0,L6CTc,0.5,True,root_id
864691135885361520,axon_partially_extended,L6CT,864691135885361520,311769,excitatory,L6CT,1.0,L6CTc,0.7666666666666667,True,root_id
864691135885406064,axon_fully_extended,L5IT,864691135885406064,303087,excitatory,L5,0.85,L5b,0.6333333333333333,True,root_id
864691135885623408,axon_partially_extended,L6CT,864691136240029756,307021,excitatory,L6IT,0.95,L6ITb,0.8333333333333334,True,nucleus_id
864691135885635952,axon_partially_extended,L6CT,864691135885635952,309345,excitatory,L6CT,0.95,L6CTc,0.8,True,root_id
864691135885663600,axon_partially_extended,L5NP,864691135885663600,267203,excitatory,L5NP,0.85,L5NPa,0.5333333333333333,True,root_id
864691135885911920,axon_partially_extended,L3IT,864691134950395132,294694,excitatory,L3,1.0,L3a,0.9,True,nucleus_id
864691135885917808,axon_fully_extended,PV,864691135885917808,335604,inhibitory,BasketFam,1.0,BasketFam-k,0.7333333333333333,True,root_id
864691135885921648,axon_partially_extended,L3IT,864691135384950234,258388,excitatory,L3,0.9,L3a,0.7,True,nucleus_id
864691135885996912,axon_partially_extended,ITCperi,864691135885996912,296527,inhibitory,BipFam,0.9,BipFam-i,0.9,True,root_id
864691135886130288,axon_fully_extended,L4IT,864691135886130288,260697,excitatory,L4,1.0,L4a,0.9,True,root_id
864691135886132080,axon_partially_extended,L4IT,864691135886132080,262936,excitatory,L4,0.95,L4d,0.3,True,root_id
864691135886208112,axon_partially_extended,L3IT,864691136336426419,294534,excitatory,L4,0.85,L4a,0.3,True,nucleus_id
864691135886221168,axon_fully_extended,L2IT,864691135886221168,153534,,L2,0.65,L2b,0.6666666666666666,False,root_id
864691135886300016,axon_fully_extended,L4IT,864691135886300016,262655,excitatory,L4,0.9,L4a,0.06666666666666667,True,root_id
864691135886314096,axon_partially_extended,L4IT,864691136091777847,262886,excitatory,L4,1.0,L4c,0.2,True,nucleus_id
864691135890141321,axon_partially_extended,L3IT,864691135890141321,190709,,L3,0.95,L3a,0.8333333333333334,False,root_id
864691135890695049,axon_partially_extended,L4IT,864691135890695049,192278,excitatory,L4,1.0,L4a,1.0,True,root_id
864691135890948233,axon_partially_extended,L4IT,864691135890948233,194684,excitatory,L4,1.0,L4d,0.4,True,root_id
864691135891467401,axon_fully_extended,L5IT,864691135891467401,303067,excitatory,L5,0.95,L5c,0.2,True,root_id
864691135891690121,axon_fully_extended,PV,864691135891690121,301374,inhibitory,BasketFam,0.95,BasketFam-m,0.43333333333333335,True,root_id
864691135891796617,axon_fully_extended,PV,864691135891796617,256586,inhibitory,BasketFam,1.0,BasketFam-i,0.6333333333333333,True,root_id
864691135892048777,axon_fully_extended,L2IT,864691135892048777,255215,excitatory,L2,0.9,L2b,0.8,True,root_id
864691135892176009,axon_partially_extended,DTC,864691135892176009,269251,inhibitory,MartFam,1.0,MartFam-o,0.9,True,root_id
864691135892202633,axon_fully_extended,L2IT,864691135892202633,256469,excitatory,L2,1.0,L2a,1.0,True,root_id
864691135892214409,axon_fully_extended,L2IT,864691135892214409,291299,excitatory,L2,1.0,L2a,0.9333333333333333,True,root_id
864691135892233097,axon_partially_extended,PV,864691135892233097,298897,inhibitory,BasketFam,1.0,BasketFam-h,0.26666666666666666,True,root_id
864691135911276969,axon_partially_extended,L4IT,864691135911276969,522408,excitatory,L4,1.0,L4a,0.7666666666666667,True,root_id
864691135912137641,axon_fully_extended,PV,864691135912137641,337814,inhibitory,BasketFam,1.0,BasketFam-p,0.26666666666666666,True,root_id
864691135916843366,axon_partially_extended,L4IT,864691135916843366,299069,excitatory,L4,0.85,L4b,0.6,True,root_id
864691135917047910,axon_partially_extended,L6IT,864691135917047910,271873,excitatory,L6IT,0.8,L6ITb,0.36666666666666664,True,root_id
864691135917058150,axon_partially_extended,L6IT,864691135917058150,307198,excitatory,L6IT,0.95,L6ITb,0.8,True,root_id
864691135919749808,axon_partially_extended,L6CT,864691135919749808,309269,excitatory,L6b,0.0,L6b,0.0,True,root_id
864691135919756208,axon_partially_extended,L2IT,864691135919756208,256602,excitatory,L2,0.45,L2a,0.36666666666666664,True,root_id
864691135919956656,axon_partially_extended,L2IT,864691135919956656,294565,excitatory,L2,0.8,L2a,0.7333333333333333,True,root_id
864691135920381616,axon_partially_extended,L6CT,864691135920381616,309382,excitatory,L6CT,1.0,L6CTc,0.2,True,root_id
864691135920571056,axon_fully_extended,L4IT,864691135920571056,262696,excitatory,L4,1.0,L4a,0.9333333333333333,True,root_id
864691135920591792,axon_fully_extended,PV,864691137200004161,296580,inhibitory,BasketFam,1.0,BasketFam-f,0.5,True,nucleus_id
864691135920776624,axon_partially_extended,MC,864691135920776624,301239,inhibitory,MartFam,0.95,MartFam-h,0.43333333333333335,True,root_id
864691135920800688,axon_fully_extended,L4IT,864691135920800688,301102,excitatory,L4,1.0,L4d,0.7333333333333333,True,root_id
864691135920851376,axon_partially_extended,ITC,864691135920851376,291125,inhibitory,BipFam,0.45,BipFam-a,0.23333333333333334,True,root_id
864691135927381774,axon_partially_extended,L2IT,864691135927381774,194600,,L2,0.35,L2b,0.4,False,root_id
864691135927494158,axon_partially_extended,L3IT,864691135927494158,394398,excitatory,L4,1.0,L4b,0.9,True,root_id
864691135927533070,axon_fully_extended,L6IT,864691135927533070,309351,excitatory,L6IT,1.0,L6ITb,0.5666666666666667,True,root_id
864691135928029966,axon_partially_extended,thalamocortical,,,,,,,,,unmatched
864691135928151310,axon_partially_extended,L6CT,864691135928151310,344423,excitatory,L6CT,1.0,L6CTb,0.5,True,root_id
864691135928366606,axon_partially_extended,L2IT,864691135928366606,256610,excitatory,L2,1.0,L2b,1.0,True,root_id
864691135928376590,axon_partially_extended,L3IT,864691135928376590,292736,excitatory,L2,0.7,L2b,0.7333333333333333,True,root_id
864691135928395278,axon_fully_extended,L4IT,864691135928395278,262899,excitatory,L4,1.0,L4d,0.36666666666666664,True,root_id
864691135929072340,axon_fully_extended,L5IT,864691135616639947,302968,excitatory,L5,0.9,L5b,0.7333333333333333,True,nucleus_id
864691135938404612,axon_partially_extended,ITC,864691135938404612,301200,inhibitory,BipFam,1.0,BipFam-k,0.23333333333333334,True,root_id
864691135938555908,axon_partially_extended,L4IT,864691135938555908,487390,excitatory,L2,0.35,L2a,0.26666666666666666,True,root_id
864691135938629892,axon_partially_extended,L3IT,864691135938629892,453769,excitatory,L3,0.75,L3a,0.6666666666666666,True,root_id
864691135938816260,axon_partially_extended,L3IT,864691135938816260,258398,excitatory,L3,0.95,L3a,0.9333333333333333,True,root_id
864691135938925109,axon_partially_extended,L6CT,864691136118983844,309479,excitatory,L6CT,1.0,L6CTc,0.8,True,nucleus_id
864691135938990901,axon_partially_extended,L6CT,864691135938990901,309338,excitatory,L6CT,0.85,L6CTc,0.16666666666666666,True,root_id
864691135939008565,axon_partially_extended,L2IT,864691135939008565,188961,excitatory,L3,0.2,L3a,0.2,True,root_id
864691135939017525,axon_partially_extended,L4IT,864691135939017525,262782,excitatory,L4,0.9,L4b,0.8666666666666667,True,root_id
864691135939049988,axon_partially_extended,L3IT,864691135774461179,296761,excitatory,L3,1.0,L3a,0.9666666666666667,True,nucleus_id
864691135939114293,axon_partially_extended,L6CT,864691135939114293,344573,excitatory,L6CT,1.0,L6CTc,0.7666666666666667,True,root_id
864691135939209988,axon_partially_extended,L6CT,864691135939209988,309284,excitatory,L6CT,0.95,L6CTc,0.7666666666666667,True,root_id
864691135939462453,axon_partially_extended,L6IT,864691135939462453,307027,excitatory,L6IT,0.6,L6ITb,0.6,True,root_id
864691135939477508,axon_partially_extended,L2IT,864691135939477508,256652,excitatory,L2,0.5,L2a,0.26666666666666666,True,root_id
864691135939776309,axon_fully_extended,MC,864691135939776309,294842,inhibitory,MartFam,1.0,MartFam-b,0.5333333333333333,True,root_id
864691135939925813,axon_partially_extended,L6CT,864691135939925813,309267,excitatory,L6CT,1.0,L6CTa,0.8666666666666667,True,root_id
864691135939949365,axon_fully_extended,L4IT,864691135579346437,262932,excitatory,L4,1.0,L4b,1.0,True,nucleus_id
864691135940881830,axon_partially_extended,MC,864691135940881830,291204,inhibitory,MartFam,0.9,MartFam-b,0.26666666666666666,True,root_id
864691135940996774,axon_partially_extended,L4IT,864691135940996774,426052,excitatory,L4,1.0,L4a,0.9333333333333333,True,root_id
864691135941293057,axon_partially_extended,L6CT,864691135941293057,309270,excitatory,L6CT,0.9,L6CTa,0.8,True,root_id
864691135941300993,axon_partially_extended,L4IT,864691136197127756,262800,excitatory,L4,1.0,L4b,0.8666666666666667,True,nucleus_id
864691135941435393,axon_partially_extended,L4IT,864691135135075744,296547,excitatory,L4,0.95,L4a,0.7333333333333333,True,nucleus_id
864691135941549825,axon_partially_extended,L6IT,864691135941549825,306956,excitatory,L6IT,1.0,L6ITb,0.9,True,root_id
864691135941708033,axon_partially_extended,L4IT,864691135941708033,396638,excitatory,L4,1.0,L4d,0.23333333333333334,True,root_id
864691135941789606,axon_fully_extended,PV,864691136108656089,333268,inhibitory,BasketFam,1.0,BasketFam-g,0.26666666666666666,True,nucleus_id
864691135941829121,axon_partially_extended,PV,864691135941829121,302962,inhibitory,BasketFam,1.0,BasketFam-q,0.3333333333333333,True,root_id
864691135941886118,axon_partially_extended,ITC,864691135941886118,256297,inhibitory,BipFam,1.0,BipFam-g,0.26666666666666666,True,root_id
864691135941898918,axon_fully_extended,NMC,864691135929178836,256874,inhibitory,MartFam,0.75,MartFam-c,0.5,True,nucleus_id
864691135941956865,axon_fully_extended,PV,864691135941956865,305420,inhibitory,BasketFam,1.0,BasketFam-o,0.6333333333333333,True,root_id
864691135941975974,axon_fully_extended,L4IT,864691135941975974,262707,excitatory,L4,1.0,L4a,0.5333333333333333,True,root_id
864691135942120449,axon_partially_extended,L6IT,864691135942120449,271773,excitatory,L6IT,1.0,L6ITb,0.4,True,root_id
864691135942163201,axon_fully_extended,L5IT,864691135942163201,267207,excitatory,L5,0.75,L5b,0.5666666666666667,True,root_id
864691135942611316,axon_partially_extended,L2IT,864691135942611316,256525,excitatory,L2,0.6,L2b,0.7,True,root_id
864691135942730612,axon_partially_extended,L6CT,864691135942730612,307234,excitatory,L6CT,0.95,L6CTa,0.8666666666666667,True,root_id
864691135942924148,axon_partially_extended,L4IT,864691135942924148,363826,excitatory,L4,0.95,L4b,0.8,True,root_id
864691135943149428,axon_partially_extended,L6CT,864691135943149428,347172,excitatory,L6b,0.6,L6b,0.4,True,root_id
864691135943389556,axon_fully_extended,PV,864691135943389556,324409,inhibitory,MartFam,0.6,MartFam-c,0.4666666666666667,True,root_id
864691135943593332,axon_fully_extended,L2IT,864691135943593332,292712,excitatory,L2,1.0,L2a,1.0,True,root_id
864691135946994785,axon_partially_extended,PV,864691135946994785,309376,inhibitory,BasketFam,1.0,BasketFam-s,0.4666666666666667,True,root_id
864691135947139108,axon_partially_extended,L2IT,864691135943908980,325994,excitatory,L2,1.0,L2b,0.6333333333333333,True,nucleus_id
864691135947258916,axon_partially_extended,L2IT,864691135442902856,256607,excitatory,L2,0.65,L2b,0.4666666666666667,True,nucleus_id
864691135947366692,axon_partially_extended,L6CT,864691135947366692,309504,excitatory,L6CT,0.9,L6CTc,0.5333333333333333,True,root_id
864691135947629348,axon_partially_extended,L4IT,864691135947629348,194731,excitatory,L4,1.0,L4a,0.9666666666666667,True,root_id
864691135947876644,axon_partially_extended,L6CT,864691135947876644,271899,excitatory,L6CT,1.0,L6CTa,1.0,True,root_id
864691135948010081,axon_partially_extended,L6CT,864691135948010081,342328,excitatory,L6CT,0.85,L6CTa,0.6333333333333333,True,root_id
864691135948123745,axon_partially_extended,L5ET,864691136381378005,267307,excitatory,L5ET,1.0,L5ETb,0.5,True,nucleus_id
864691135948150625,axon_partially_extended,L6CT,864691135948150625,342244,excitatory,L6CT,0.95,L6CTa,0.9333333333333333,True,root_id
864691135948215076,axon_partially_extended,ITC,864691135948215076,292867,inhibitory,BipFam,0.95,BipFam-g,0.5,True,root_id
864691135948238177,axon_partially_extended,L6CT,864691135948238177,309239,excitatory,L6CT,1.0,L6CTa,0.6666666666666666,True,root_id
864691135948823905,axon_fully_extended,L1,864691135948823905,293049,inhibitory,MartFam,0.75,MartFam-b,0.43333333333333335,True,root_id
864691135952122147,axon_fully_extended,L2IT,864691135952122147,610498,,L2,1.0,L2b,1.0,False,root_id
864691135954393891,axon_partially_extended,L4IT,864691135954393891,262958,excitatory,L4,1.0,L4d,0.43333333333333335,True,root_id
864691135954480163,axon_fully_extended,MC,864691135954480163,330281,inhibitory,MartFam,1.0,MartFam-d,0.8,True,root_id
864691135954582563,axon_partially_extended,DTC,864691135954582563,305070,inhibitory,MartFam,1.0,MartFam-o,0.9333333333333333,True,root_id
864691135954640675,axon_fully_extended,L2IT,864691135954640675,292878,excitatory,L2,0.95,L2a,0.8333333333333334,True,root_id
864691135954680867,axon_fully_extended,L4IT,864691135954680867,298941,excitatory,L4,1.0,L4d,0.7333333333333333,True,root_id
864691135954940424,axon_partially_extended,ITC,864691135954940424,298829,inhibitory,BipFam,0.85,BipFam-k,0.23333333333333334,True,root_id
864691135955060232,axon_partially_extended,L6CT,864691135955060232,533149,excitatory,L6CT,0.8,L6CTa,0.7666666666666667,True,root_id
864691135955262472,axon_partially_extended,L4IT,864691135955262472,299073,excitatory,L4,1.0,L4d,0.8666666666666667,True,root_id
864691135955477512,axon_partially_extended,L6IT,864691135955477512,304963,excitatory,L6IT,0.95,L6ITb,0.8666666666666667,True,root_id
864691135955877896,axon_fully_extended,L2IT,864691135955877896,292901,excitatory,L2,1.0,L2a,1.0,True,root_id
864691135955909640,axon_fully_extended,L4IT,864691135955909640,263073,excitatory,L4,1.0,L4a,0.23333333333333334,True,root_id
864691135955962888,axon_partially_extended,L5ET,864691135955962888,266848,excitatory,L5ET,0.15,L5ETb,0.03333333333333333,True,root_id
864691135969582181,axon_partially_extended,MC,864691135969582181,266850,inhibitory,MartFam,0.95,MartFam-h,0.4666666666666667,True,root_id
864691135970180709,axon_partially_extended,L2IT,864691136011776686,222507,excitatory,L2,1.0,L2a,1.0,True,nucleus_id
864691135970206821,axon_partially_extended,L2IT,864691135970206821,556224,excitatory,L3,0.65,L3a,0.4666666666666667,True,root_id
864691135970210661,axon_fully_extended,L5IT,864691135970210661,267193,excitatory,L5,0.9,L5c,0.3333333333333333,True,root_id
864691135970226021,axon_partially_extended,L2IT,864691135970226021,292945,excitatory,L2,0.25,L2b,0.13333333333333333,True,root_id
864691135970292837,axon_partially_extended,L6CT,864691135970292837,309640,excitatory,L6CT,0.75,L6CTc,0.3,True,root_id
864691135970293349,axon_partially_extended,L6CT,864691135970293349,344436,excitatory,L6CT,0.95,L6CTc,0.8666666666666667,True,root_id
864691135970293605,axon_partially_extended,L6CT,864691135611881223,307141,excitatory,L6CT,0.9,L6CTc,0.5,True,nucleus_id
864691135970497125,axon_partially_extended,L5IT,864691135970497125,399355,excitatory,L5,1.0,L5c,0.43333333333333335,True,root_id
864691135971464805,axon_partially_extended,PV,864691135971464805,267235,inhibitory,BasketFam,1.0,BasketFam-p,0.7333333333333333,True,root_id
864691135975824495,axon_partially_extended,L3IT,864691135975824495,391039,excitatory,L3,0.45,L3a,0.6,True,root_id
864691135976028015,axon_partially_extended,L6CT,864691135976028015,307312,excitatory,L6CT,1.0,L6CTc,0.16666666666666666,True,root_id
864691135976063855,axon_partially_extended,L4IT,864691135976063855,298917,excitatory,L4,1.0,L4a,0.6666666666666666,True,root_id
864691135976105839,axon_partially_extended,L4IT,864691135976105839,425514,excitatory,L4,1.0,L4a,0.7,True,root_id
864691135976155459,axon_partially_extended,L1,864691135976155459,255218,inhibitory,NglFam,0.4,NglFam-a,0.26666666666666666,True,root_id
864691135976425327,axon_partially_extended,L6IT,864691135976425327,269709,excitatory,L6IT,0.7,L6ITb,0.3,True,root_id
864691135976979567,axon_fully_extended,L2IT,864691135976979567,291214,excitatory,L2,1.0,L2a,0.9666666666666667,True,root_id
864691135977010031,axon_partially_extended,L4IT,864691135977010031,262652,excitatory,L4,0.95,L4b,0.8666666666666667,True,root_id
864691135977045871,axon_fully_extended,L4IT,864691135977045871,264781,excitatory,L4,1.0,L4d,0.36666666666666664,True,root_id
864691135977134403,axon_partially_extended,L4IT,864691135977134403,396178,excitatory,L4,0.95,L4d,0.5333333333333333,True,root_id
864691135977309763,axon_partially_extended,L4IT,864691135977309763,225873,excitatory,L4,0.95,L4b,0.8666666666666667,True,root_id
864691135977654851,axon_partially_extended,L4IT,864691135977654851,300984,excitatory,L5,0.35,L5b,0.5333333333333333,True,root_id
864691135977666883,axon_partially_extended,L5ET,864691135977666883,267194,excitatory,L5ET,1.0,L5ETc,1.0,True,root_id
864691135977768259,axon_partially_extended,PV,864691135977768259,305182,inhibitory,BasketFam,1.0,BasketFam-o,0.1,True,root_id
864691135977801539,axon_partially_extended,L3IT,864691135977801539,394953,excitatory,L3,0.15,L3a,0.4,True,root_id
864691135988557315,axon_partially_extended,L4IT,864691135456920938,260542,excitatory,L4,0.1,L4b,0.13333333333333333,True,nucleus_id
864691135988742147,axon_partially_extended,L4IT,864691135892440457,394760,excitatory,L4,1.0,L4b,0.43333333333333335,True,nucleus_id
864691135989136899,axon_partially_extended,L6CT,864691135989136899,344331,excitatory,L6CT,1.0,L6CTc,0.9333333333333333,True,root_id
864691135989149187,axon_partially_extended,L6IT,864691135989149187,307006,excitatory,L6IT,1.0,L6ITa,0.6333333333333333,True,root_id
864691135989177347,axon_partially_extended,L6CT,864691135989177347,274051,excitatory,L6CT,1.0,L6CTc,0.4666666666666667,True,root_id
864691135989817088,axon_partially_extended,L2IT,864691135989817088,518939,excitatory,L2,0.8,L2b,0.7666666666666667,True,root_id
864691135989836288,axon_partially_extended,L2IT,864691135989836288,518884,excitatory,L2,1.0,L2b,0.9666666666666667,True,root_id
864691135989943040,axon_partially_extended,L3IT,864691134920077322,260705,excitatory,L3,1.0,L3a,1.0,True,nucleus_id
864691135989998080,axon_partially_extended,L6CT,864691135989998080,307074,excitatory,L6CT,1.0,L6CTa,1.0,True,root_id
864691135990004992,axon_partially_extended,L4IT,864691135990004992,262699,excitatory,L4,1.0,L4b,0.7,True,root_id
864691135990009600,axon_partially_extended,L4IT,864691135990009600,365890,excitatory,L4,1.0,L4d,0.7666666666666667,True,root_id
864691135990134784,axon_partially_extended,L3IT,864691135662922224,260740,excitatory,L3,0.7,L3a,0.7,True,nucleus_id
864691135990520064,axon_fully_extended,PV,864691135990520064,293058,inhibitory,BasketFam,0.8,BasketFam-b,0.13333333333333333,True,root_id
864691135990564864,axon_partially_extended,NGC,864691135990564864,255208,inhibitory,NglFam,0.95,NglFam-b,0.5666666666666667,True,root_id
864691135990672896,axon_fully_extended,DTC,864691135990672896,338034,inhibitory,MartFam,0.85,MartFam-n,0.3333333333333333,True,root_id
864691135990701056,axon_partially_extended,L4IT,864691135742137492,260556,excitatory,L4,1.0,L4a,0.7,True,nucleus_id
864691135990793216,axon_fully_extended,NMC,864691135990793216,258265,inhibitory,MartFam,0.95,MartFam-a,0.36666666666666664,True,root_id
864691135992790209,axon_partially_extended,ITC,864691135992790209,260724,inhibitory,BipFam,1.0,BipFam-j,0.9666666666666667,True,root_id
864691135993020097,axon_partially_extended,L2IT,864691135474641458,256507,excitatory,L2,1.0,L2a,1.0,True,nucleus_id
864691135993150913,axon_partially_extended,L3IT,864691135215092352,292708,excitatory,L3,0.95,L3a,0.9666666666666667,True,nucleus_id
864691135993185985,axon_partially_extended,PV,864691135971696741,269834,inhibitory,BasketFam,1.0,BasketFam-p,0.43333333333333335,True,nucleus_id
864691135993274305,axon_partially_extended,L6CT,864691135993274305,309206,excitatory,L6CT,0.85,L6CTb,0.4,True,root_id
864691135993615041,axon_partially_extended,L6CT,864691135993615041,309153,excitatory,L6CT,1.0,L6CTa,0.8666666666666667,True,root_id
864691135993767617,axon_partially_extended,L6CT,864691135993767617,309273,excitatory,L6CT,1.0,L6CTb,0.43333333333333335,True,root_id
864691135993770945,axon_partially_extended,AltBasket,864691135993770945,558471,inhibitory,BipFam,1.0,BipFam-f,0.7,True,root_id
864691135994077377,axon_partially_extended,L6CT,864691135994077377,306975,excitatory,L6CT,1.0,L6CTa,0.7666666666666667,True,root_id
864691135994134977,axon_partially_extended,L4IT,864691135994134977,298774,excitatory,L4,1.0,L4d,0.2,True,root_id
864691135994158785,axon_fully_extended,DTC,864691135994158785,335300,inhibitory,MartFam,0.95,MartFam-n,0.5,True,root_id
864691135994226881,axon_fully_extended,L2IT,864691135994226881,256595,excitatory,L2,1.0,L2a,1.0,True,root_id
864691135994235841,axon_fully_extended,L5IT,864691135994235841,264918,excitatory,L5,1.0,L5c,0.7666666666666667,True,root_id
864691135994804394,axon_partially_extended,AltBasket,864691135994804394,309481,inhibitory,BipFam,1.0,BipFam-l,0.6333333333333333,True,root_id
864691135995711402,axon_partially_extended,ITCperi,864691135995711402,258362,inhibitory,BipFam,1.0,BipFam-i,0.9333333333333333,True,root_id
864691135996104618,axon_partially_extended,PV,864691135996104618,305354,inhibitory,BasketFam,1.0,BasketFam-i,0.3,True,root_id
864691135996158378,axon_partially_extended,L4IT,864691135996158378,192061,,L4,1.0,L4a,0.9333333333333333,False,root_id
864691135996177834,axon_partially_extended,L3IT,864691135587797884,296783,excitatory,L3,0.65,L3a,0.6666666666666666,True,nucleus_id
864691135996891050,axon_partially_extended,AltBasket,864691135996891050,553260,inhibitory,BipFam,1.0,BipFam-f,0.8666666666666667,True,root_id
864691135997140906,axon_fully_extended,AltBasket,864691135997140906,324188,inhibitory,BipFam,0.85,BipFam-f,0.5,True,root_id
864691135997332650,axon_fully_extended,L3IT,864691135997332650,258360,excitatory,L3,0.9,L3a,0.9333333333333333,True,root_id
864691135997428394,axon_fully_extended,thalamocortical,,,,,,,,,unmatched
864691136005322698,axon_partially_extended,PV,864691136005322698,292649,inhibitory,BasketFam,1.0,BasketFam-a,0.5333333333333333,True,root_id
864691136006393034,axon_partially_extended,NMC,864691136111608504,296735,inhibitory,MartFam,1.0,MartFam-d,0.13333333333333333,True,nucleus_id
864691136006493898,axon_partially_extended,L4IT,864691136006493898,260604,excitatory,L4,1.0,L4b,0.8666666666666667,True,root_id
864691136006519498,axon_partially_extended,L4IT,864691136006519498,260742,excitatory,L4,1.0,L4a,0.8,True,root_id
864691136007059658,axon_fully_extended,AltBasket,864691136007059658,324332,inhibitory,BipFam,0.85,BipFam-f,0.7333333333333333,True,root_id
864691136007128778,axon_fully_extended,NMC,864691136007128778,298767,inhibitory,MartFam,1.0,MartFam-c,0.1,True,root_id
864691136009893294,axon_partially_extended,L2IT,864691136009893294,485971,excitatory,L2,1.0,L2b,1.0,True,root_id
864691136010027182,axon_partially_extended,L5IT,864691135362513991,303158,excitatory,L5,1.0,L5c,0.8666666666666667,True,nucleus_id
864691136010028974,axon_partially_extended,L5IT,864691136010028974,493333,excitatory,L5,1.0,L5a,0.9666666666666667,True,root_id
864691136010068652,axon_partially_extended,L4IT,864691136010068652,299027,excitatory,L4,0.85,L4a,0.7,True,root_id
864691136010639022,axon_partially_extended,L3IT,864691136010639022,296987,excitatory,L4,0.95,L4b,0.9,True,root_id
864691136010650796,axon_partially_extended,ITC,864691136010650796,255324,inhibitory,BipFam,0.95,BipFam-g,0.5666666666666667,True,root_id
864691136010651052,axon_fully_extended,L2IT,864691136010651052,291161,excitatory,L2,1.0,L2b,0.5333333333333333,True,root_id
864691136010928046,axon_partially_extended,L6IT,864691136010928046,302998,excitatory,L6IT,1.0,L6ITa,0.8333333333333334,True,root_id
864691136011458734,axon_fully_extended,PV,864691136011458734,260575,inhibitory,BasketFam,1.0,BasketFam-h,0.3,True,root_id
864691136011485614,axon_fully_extended,PV,864691136011485614,230507,inhibitory,BasketFam,1.0,BasketFam-i,0.3,True,root_id
864691136011549614,axon_fully_extended,AltBasket,864691136011549614,291477,inhibitory,BipFam,0.9,BipFam-f,0.6333333333333333,True,root_id
864691136011600302,axon_fully_extended,PV,864691136011600302,267236,inhibitory,BasketFam,0.65,BasketFam-o,0.23333333333333334,True,root_id
864691136011684526,axon_fully_extended,L2IT,864691136011684526,255125,excitatory,L2,0.55,L2a,0.6,True,root_id
864691136011686318,axon_partially_extended,L2IT,864691136011686318,258399,excitatory,L2,0.65,L2a,0.6,True,root_id
864691136011733934,axon_fully_extended,MC,864691136011733934,335237,inhibitory,MartFam,1.0,MartFam-f,0.4,True,root_id
864691136011768494,axon_partially_extended,L4IT,864691136196418518,262892,excitatory,L4,1.0,L4a,0.9666666666666667,True,nucleus_id
864691136012173475,axon_partially_extended,ITCperi,864691136012173475,262909,inhibitory,BipFam,0.95,BipFam-i,0.7,True,root_id
864691136012739747,axon_partially_extended,L4IT,864691135616533451,260632,excitatory,L4,1.0,L4a,0.9666666666666667,True,nucleus_id
864691136013161891,axon_partially_extended,L6IT,864691136013161891,306979,excitatory,L6IT,0.3,L6ITb,0.6,True,root_id
864691136013367715,axon_partially_extended,L3IT,864691136013367715,330066,excitatory,L3,1.0,L3a,0.9666666666666667,True,root_id
864691136013554851,axon_partially_extended,L4IT,864691136013554851,262549,excitatory,L4,1.0,L4a,0.4666666666666667,True,root_id
864691136021592568,axon_partially_extended,PV,864691136021592568,302509,inhibitory,BasketFam,1.0,BasketFam-p,0.7333333333333333,True,root_id
864691136021595384,axon_partially_extended,PV,864691135490636090,262805,inhibitory,BasketFam,1.0,BasketFam-k,0.3333333333333333,True,nucleus_id
864691136021849848,axon_partially_extended,L6CT,864691136021849848,344561,excitatory,L6CT,0.9,L6CTa,0.7,True,root_id
864691136021865976,axon_partially_extended,L3IT,864691135274968337,296641,excitatory,L4,0.9,L4a,0.5666666666666667,True,nucleus_id
864691136021997560,axon_partially_extended,L6CT,864691136021997560,306976,excitatory,L6CT,0.7,L6CTa,0.26666666666666666,True,root_id
864691136022090744,axon_partially_extended,L3IT,864691136022090744,294496,excitatory,L3,0.9,L3a,0.8,True,root_id
864691136022214648,axon_partially_extended,L4IT,864691136022214648,362756,excitatory,L4,1.0,L4a,0.8333333333333334,True,root_id
864691136022520056,axon_partially_extended,L5ET,864691136022520056,303137,excitatory,L5ET,1.0,L5ETc,0.8333333333333334,True,root_id
864691136025184569,axon_partially_extended,L2IT,864691136025184569,452630,excitatory,L2,1.0,L2a,0.26666666666666666,True,root_id
864691136025333561,axon_partially_extended,L4IT,864691136025333561,298914,excitatory,L4,0.9,L4b,0.9333333333333333,True,root_id
864691136025504569,axon_partially_extended,L4IT,864691136025504569,227810,excitatory,L4,1.0,L4b,0.6666666666666666,True,root_id
864691136025624889,axon_partially_extended,L6CT,864691136025624889,309216,excitatory,L6CT,1.0,L6CTa,0.6666666666666666,True,root_id
864691136025913913,axon_fully_extended,L1,864691136025913913,221168,inhibitory,BipFam,0.25,BipFam-a,0.23333333333333334,True,root_id
864691136025992761,axon_partially_extended,ITC,864691136025992761,230506,inhibitory,BipFam,0.8,BipFam-k,0.4666666666666667,True,root_id
864691136026013497,axon_partially_extended,ITC,864691136026013497,292831,inhibitory,BipFam,1.0,BipFam-g,0.8,True,root_id
864691136026155577,axon_fully_extended,L4IT,864691136026155577,264924,excitatory,L4,1.0,L4d,0.9,True,root_id
864691136026198585,axon_fully_extended,L4IT,864691136026198585,262868,excitatory,L4,1.0,L4d,0.4666666666666667,True,root_id
864691136026254649,axon_fully_extended,L4IT,864691136026254649,296535,excitatory,L4,0.8,L4b,0.8,True,root_id
864691136033116347,axon_partially_extended,L6CT,864691136033116347,432233,excitatory,L6CT,0.7,L6CTa,0.5,True,root_id
864691136033227451,axon_partially_extended,L3IT,864691136033227451,296482,excitatory,L3,0.9,L3a,0.8666666666666667,True,root_id
864691136033332155,axon_partially_extended,L4IT,864691136033332155,333112,excitatory,L4,1.0,L4b,0.9666666666666667,True,root_id
864691136033794747,axon_partially_extended,L6CT,864691136033794747,346889,excitatory,L6IT,0.0,L6ITb,0.0,True,root_id
864691136033871035,axon_fully_extended,thalamocortical,,,,,,,,,unmatched
864691136034011579,axon_fully_extended,L2IT,864691136034011579,292713,excitatory,L2,0.85,L2a,0.8666666666666667,True,root_id
864691136034084795,axon_partially_extended,L3IT,864691136034084795,258590,excitatory,L3,0.95,L3a,0.9666666666666667,True,root_id
864691136034181307,axon_partially_extended,L4IT,864691135470886738,296602,excitatory,L4,1.0,L4a,0.8,True,nucleus_id
864691136034199739,axon_partially_extended,ITC,864691136034199739,335567,inhibitory,BipFam,0.9,BipFam-k,0.3,True,root_id
864691136034271675,axon_fully_extended,L2IT,864691136034271675,154704,,L2,1.0,L2b,1.0,False,root_id
864691136034412219,axon_partially_extended,MC,864691136034412219,298937,inhibitory,MartFam,0.85,MartFam-d,0.4666666666666667,True,root_id
864691136034433723,axon_fully_extended,MC,864691136034433723,260449,inhibitory,MartFam,0.85,MartFam-d,0.1,True,root_id
864691136034464443,axon_partially_extended,L5IT,864691136034464443,265008,excitatory,L5,1.0,L5b,0.8666666666666667,True,root_id
864691136034482107,axon_partially_extended,ITC,864691135492861287,292721,inhibitory,BipFam,0.2,BipFam-c,0.03333333333333333,True,nucleus_id
864691136034487483,axon_partially_extended,PV,864691136034487483,301218,inhibitory,BasketFam,1.0,BasketFam-e,0.13333333333333333,True,root_id
864691136034487739,axon_partially_extended,PV,864691136034487739,256514,inhibitory,BasketFam,1.0,BasketFam-g,0.3,True,root_id
864691136034526651,axon_partially_extended,ITC,864691136034526651,264898,inhibitory,BipFam,1.0,BipFam-j,0.8666666666666667,True,root_id
864691136040742142,axon_partially_extended,PV,864691135739751793,294649,inhibitory,BasketFam,1.0,BasketFam-f,0.23333333333333334,True,nucleus_id
864691136040834558,axon_partially_extended,L3IT,864691136040834558,225820,excitatory,L4,0.4,L4b,0.3333333333333333,True,root_id
864691136041000190,axon_partially_extended,L6IT,864691136041000190,306967,excitatory,L6IT,0.95,L6ITb,0.8,True,root_id
864691136041321982,axon_fully_extended,MC,864691136041321982,302902,inhibitory,MartFam,1.0,MartFam-j,0.36666666666666664,True,root_id
864691136041575422,axon_partially_extended,L3IT,864691136041575422,296628,excitatory,L3,0.95,L3a,0.8333333333333334,True,root_id
864691136042462038,axon_partially_extended,L3IT,864691136042462038,294664,excitatory,L3,1.0,L3a,0.9666666666666667,True,root_id
864691136042515798,axon_partially_extended,L6IT,864691136042515798,342111,excitatory,L6IT,0.95,L6ITb,0.8666666666666667,True,root_id
864691136042688854,axon_partially_extended,L6CT,864691135478577576,307343,excitatory,L6CT,0.55,L6CTa,0.4666666666666667,True,nucleus_id
864691136042982742,axon_fully_extended,L2IT,864691136042982742,256443,excitatory,L2,1.0,L2b,1.0,True,root_id
864691136042989910,axon_partially_extended,PV,864691136042989910,260519,inhibitory,BasketFam,1.0,BasketFam-h,0.26666666666666666,True,root_id
864691136043283030,axon_fully_extended,L4IT,864691136043283030,260625,excitatory,L4,1.0,L4a,0.9333333333333333,True,root_id
864691136043380566,axon_fully_extended,L2IT,864691136043380566,292648,excitatory,L2,0.5,L2a,0.6666666666666666,True,root_id
864691136043508822,axon_partially_extended,L3IT,864691136043508822,258241,excitatory,L3,0.95,L3a,0.9,True,root_id
864691136052101363,axon_partially_extended,AltBasket,864691136052101363,305048,inhibitory,BipFam,1.0,BipFam-f,0.4,True,root_id
864691136052366067,axon_partially_extended,L2IT,864691136052366067,291177,excitatory,L2,0.95,L2b,0.8,True,root_id
864691136052637171,axon_partially_extended,L4IT,864691135573516581,260699,excitatory,L4,1.0,L4b,0.8666666666666667,True,nucleus_id
864691136052688115,axon_partially_extended,L5IT,864691136052688115,298863,excitatory,L5,0.5,L5b,0.3333333333333333,True,root_id
864691136052738803,axon_partially_extended,L4IT,864691136052738803,260839,excitatory,L4,1.0,L4a,1.0,True,root_id
864691136053263859,axon_partially_extended,AltBasket,864691136053263859,164596,,BipFam,1.0,BipFam-f,0.4666666666666667,False,root_id
864691136053350131,axon_fully_extended,thalamocortical,,,,,,,,,unmatched
864691136053465587,axon_partially_extended,L2IT,864691135686818743,294502,excitatory,L2,0.95,L2a,0.8666666666666667,True,nucleus_id
864691136057790424,axon_partially_extended,L6CT,864691135785055027,306954,excitatory,L6CT,0.55,L6CTa,0.36666666666666664,True,nucleus_id
864691136058023640,axon_partially_extended,L6CT,864691136058023640,271702,excitatory,L6CT,0.9,L6CTa,0.8666666666666667,True,root_id
864691136058602712,axon_fully_extended,thalamocortical,,,,,,,,,unmatched
864691136058646488,axon_partially_extended,L2IT,864691136058646488,292728,excitatory,L2,0.7,L2b,0.7,True,root_id
864691136058745048,axon_fully_extended,L4IT,864691135481148614,299068,excitatory,L4,1.0,L4b,1.0,True,nucleus_id
864691136058804696,axon_partially_extended,ITC,864691136058804696,260718,inhibitory,BipFam,0.7,BipFam-g,0.3333333333333333,True,root_id
864691136058895576,axon_fully_extended,L4IT,864691135442905672,298951,excitatory,L4,1.0,L4d,0.6333333333333333,True,nucleus_id
864691136067382936,axon_partially_extended,L4IT,864691136067382936,298661,excitatory,L4,1.0,L4d,0.5333333333333333,True,root_id
864691136067404440,axon_partially_extended,NMC,864691136240041532,368218,inhibitory,MartFam,0.8,MartFam-g,0.43333333333333335,True,nucleus_id
864691136085781356,axon_partially_extended,L4IT,864691135774607179,262775,excitatory,L4,1.0,L4a,0.9666666666666667,True,nucleus_id
864691136085904236,axon_partially_extended,L4IT,864691136085904236,296262,excitatory,L4,1.0,L4a,0.9666666666666667,True,root_id
864691136086088556,axon_partially_extended,L3IT,864691135943943540,361588,excitatory,L3,1.0,L3a,0.9666666666666667,True,nucleus_id
864691136086206316,axon_fully_extended,L5IT,864691136086206316,264843,excitatory,L5,1.0,L5a,0.9333333333333333,True,root_id
864691136086630764,axon_partially_extended,L3IT,864691136086630764,296315,excitatory,L3,0.8,L3a,0.5666666666666667,True,root_id
864691136086632812,axon_partially_extended,NGC,864691137056564086,292890,inhibitory,NglFam,1.0,NglFam-e,0.5666666666666667,True,nucleus_id
864691136090632503,axon_partially_extended,L5IT,864691136090632503,493398,excitatory,L5,0.95,L5a,0.7333333333333333,True,root_id
864691136090728503,axon_partially_extended,L6CT,864691136090728503,309208,excitatory,L6CT,1.0,L6CTc,0.5666666666666667,True,root_id
864691136091074615,axon_partially_extended,L4IT,864691136091074615,330853,excitatory,L4,1.0,L4b,0.6666666666666666,True,root_id
864691136091233847,axon_fully_extended,thalamocortical,,,,,,,,,unmatched
864691136091532855,axon_partially_extended,L3IT,864691136091532855,294489,excitatory,L3,1.0,L3a,0.9666666666666667,True,root_id
864691136091634487,axon_partially_extended,L2IT,864691136091634487,258224,excitatory,L3,0.4,L3a,0.5,True,root_id
864691136092725684,axon_partially_extended,L3IT,864691136092725684,296556,excitatory,L3,0.95,L3a,0.9,True,root_id
864691136093003700,axon_fully_extended,L5IT,864691135660167554,301240,excitatory,L5,1.0,L5b,0.8333333333333334,True,nucleus_id
864691136100014453,axon_partially_extended,AltBasket,864691136100014453,308678,inhibitory,BipFam,0.95,BipFam-l,0.36666666666666664,True,root_id
864691136101340021,axon_partially_extended,L4IT,864691135686656951,260518,excitatory,L4,0.85,L4b,0.3,True,nucleus_id
864691136101341045,axon_partially_extended,L4IT,864691135165150509,299056,excitatory,L4,0.95,L4b,0.7,True,nucleus_id
864691136101464181,axon_partially_extended,L4IT,864691136101464181,363900,excitatory,L4,0.45,L4a,0.36666666666666664,True,root_id
864691136101516661,axon_partially_extended,L4IT,864691136101516661,395083,excitatory,L4,1.0,L4b,0.7333333333333333,True,root_id
864691136102207349,axon_partially_extended,ITC,864691136102207349,294704,inhibitory,BipFam,1.0,BipFam-j,0.9333333333333333,True,root_id
864691136102330485,axon_fully_extended,L2IT,864691136197033548,291112,excitatory,L2,1.0,L2a,0.7,True,nucleus_id
864691136106969561,axon_partially_extended,L4IT,864691136106969561,558641,excitatory,L4,0.95,L4a,0.5666666666666667,True,root_id
864691136107283417,axon_partially_extended,L4IT,864691136107283417,363525,excitatory,L4,0.9,L4b,0.8333333333333334,True,root_id
864691136107486169,axon_partially_extended,L4IT,864691136107486169,424084,excitatory,L4,0.9,L4a,0.9,True,root_id
864691136107670745,axon_partially_extended,PV,864691136107670745,371878,inhibitory,BasketFam,1.0,BasketFam-p,0.5333333333333333,True,root_id
864691136107964377,axon_partially_extended,L6CT,864691136107964377,344446,excitatory,L6IT,0.75,L6ITb,0.6,True,root_id
864691136108370905,axon_partially_extended,ITC,864691136108370905,328510,inhibitory,BipFam,1.0,BipFam-j,0.7333333333333333,True,root_id
864691136108378073,axon_partially_extended,L4IT,864691135954783011,296386,excitatory,L4,1.0,L4a,1.0,True,nucleus_id
864691136108410329,axon_partially_extended,L2IT,864691136108586969,292719,excitatory,L2,1.0,L2a,0.9666666666666667,True,nucleus_id
864691136108462553,axon_partially_extended,L4IT,864691135470942290,260746,excitatory,L4,1.0,L4b,0.9333333333333333,True,nucleus_id
864691136110256824,axon_partially_extended,L2IT,864691136110256824,325900,excitatory,L2,1.0,L2b,0.8333333333333334,True,root_id
864691136110366904,axon_partially_extended,L4IT,864691136110366904,332859,excitatory,L4,1.0,L4d,0.7666666666666667,True,root_id
864691136110765496,axon_fully_extended,MC,864691135616576715,269414,inhibitory,MartFam,1.0,MartFam-k,0.7333333333333333,True,nucleus_id
864691136111251896,axon_partially_extended,L2IT,864691136111251896,292825,excitatory,L2,0.55,L2b,0.5333333333333333,True,root_id
864691136111294392,axon_partially_extended,L4IT,864691135361234776,296665,excitatory,L4,1.0,L4b,1.0,True,nucleus_id
864691136111294648,axon_partially_extended,L4IT,864691136111294648,298824,excitatory,L4,1.0,L4a,0.13333333333333333,True,root_id
864691136111402424,axon_partially_extended,L6CT,864691136111402424,342109,excitatory,L6CT,0.95,L6CTa,0.7333333333333333,True,root_id
864691136111478712,axon_fully_extended,L2IT,864691136111478712,255121,excitatory,L2,1.0,L2a,1.0,True,root_id
864691136111478968,axon_partially_extended,L6CT,864691136111478968,304974,excitatory,L6CT,1.0,L6CTa,1.0,True,root_id
864691136111556792,axon_fully_extended,L4IT,864691136111556792,262935,excitatory,L4,1.0,L4a,0.4,True,root_id
864691136111559352,axon_partially_extended,L2IT,864691136111559352,256304,excitatory,L2,0.9,L2b,0.7666666666666667,True,root_id
864691136117695908,axon_partially_extended,L4IT,864691136117695908,456175,excitatory,L4,1.0,L4a,0.9666666666666667,True,root_id
864691136117770660,axon_partially_extended,L2IT,864691136117770660,420750,excitatory,L2,0.6,L2b,0.5666666666666667,True,root_id
864691136117811876,axon_partially_extended,L6CT,864691136117811876,309213,excitatory,L6CT,1.0,L6CTa,0.9,True,root_id
864691136118294692,axon_fully_extended,thalamocortical,,,,,,,,,unmatched
864691136118337956,axon_partially_extended,L4IT,864691136240071996,260817,excitatory,L4,0.95,L4c,0.5333333333333333,True,nucleus_id
864691136118346148,axon_partially_extended,L6CT,864691136118346148,309538,excitatory,L6CT,0.9,L6CTc,0.4666666666666667,True,root_id
864691136118359716,axon_partially_extended,L5IT,864691136118359716,300952,excitatory,L5,0.4,L5b,0.43333333333333335,True,root_id
864691136118370724,axon_partially_extended,L3IT,864691136118370724,260802,excitatory,L3,0.9,L3a,0.8,True,root_id
864691136118430628,axon_partially_extended,AltBasket,864691136118430628,490753,inhibitory,BipFam,0.95,BipFam-f,0.5,True,root_id
864691136118667428,axon_partially_extended,L3IT,864691136118667428,292732,excitatory,L2,0.3,L2b,0.26666666666666666,True,root_id
864691136118686884,axon_partially_extended,L3IT,864691135309786950,296531,excitatory,L4,0.75,L4b,0.5666666666666667,True,nucleus_id
864691136118771108,axon_partially_extended,L5IT,864691135212576960,301119,excitatory,L4,0.85,L4d,0.36666666666666664,True,nucleus_id
864691136118805668,axon_partially_extended,L6IT,864691136118805668,267287,excitatory,L6IT,1.0,L6ITa,0.7666666666666667,True,root_id
864691136118878116,axon_partially_extended,MC,864691136118878116,301107,inhibitory,MartFam,1.0,MartFam-f,0.23333333333333334,True,root_id
864691136118882468,axon_fully_extended,PV,864691136118882468,335310,inhibitory,BasketFam,0.9,BasketFam-m,0.2,True,root_id
864691136118921124,axon_partially_extended,L4IT,864691135277645029,296419,excitatory,L4,1.0,L4b,1.0,True,nucleus_id
864691136119885080,axon_partially_extended,L3IT,864691136119885080,361632,excitatory,L3,0.95,L3a,0.9333333333333333,True,root_id
864691136120038424,axon_partially_extended,L6CT,864691136120038424,271810,excitatory,L6CT,0.65,L6CTa,0.43333333333333335,True,root_id
864691136120159768,axon_partially_extended,L4IT,864691136120159768,227896,excitatory,L4,1.0,L4b,0.7333333333333333,True,root_id
864691136120465944,axon_fully_extended,thalamocortical,,,,,,,,,unmatched
864691136120658712,axon_partially_extended,L2IT,864691136120658712,328513,excitatory,L3,1.0,L3a,0.8666666666666667,True,root_id
864691136120663064,axon_fully_extended,L2IT,864691136120663064,389133,excitatory,L2,0.65,L2a,0.23333333333333334,True,root_id
864691136123919654,axon_partially_extended,PV,864691136123919654,306794,inhibitory,BasketFam,1.0,BasketFam-s,0.8,True,root_id
864691136125411622,axon_partially_extended,L3IT,864691136125411622,192545,excitatory,L3,1.0,L3a,1.0,True,root_id
864691136125433894,axon_partially_extended,L3IT,864691136125433894,363529,excitatory,L3,0.9,L3a,0.7333333333333333,True,root_id
864691136125440038,axon_partially_extended,L4IT,864691136125440038,227555,excitatory,L4,0.9,L4a,0.6666666666666666,True,root_id
864691136125457446,axon_partially_extended,L4IT,864691136125457446,228115,excitatory,L4,1.0,L4b,0.5666666666666667,True,root_id
864691136125840678,axon_partially_extended,L6CT,864691136125840678,306970,excitatory,L6CT,0.85,L6CTb,0.4,True,root_id
864691136125956134,axon_partially_extended,L6IT,864691136125956134,301216,excitatory,L6IT,1.0,L6ITa,0.43333333333333335,True,root_id
864691136125985318,axon_partially_extended,L6CT,864691136125985318,309264,excitatory,L6CT,1.0,L6CTc,0.6333333333333333,True,root_id
864691136126503206,axon_fully_extended,L2IT,864691136126503206,292889,excitatory,L2,1.0,L2a,1.0,True,root_id
864691136135963787,axon_partially_extended,L3IT,864691136135963787,422097,excitatory,L3,0.95,L3a,0.9333333333333333,True,root_id
864691136136240011,axon_partially_extended,L4IT,864691136136240011,426425,excitatory,L4,1.0,L4a,0.6666666666666666,True,root_id
864691136136383883,axon_partially_extended,L4IT,864691136136383883,428864,excitatory,L4,0.85,L4d,0.16666666666666666,True,root_id
864691136136838027,axon_partially_extended,L6IT,864691136136838027,271766,excitatory,L6IT,0.9,L6ITb,0.6,True,root_id
864691136137064075,axon_fully_extended,ITC,864691136137064075,300765,inhibitory,BipFam,1.0,BipFam-j,0.9666666666666667,True,root_id
864691136137140093,axon_fully_extended,MC,864691136137140093,497789,,MartFam,1.0,MartFam-l,0.43333333333333335,False,root_id
864691136137168779,axon_partially_extended,ITC,864691136137168779,294364,inhibitory,BipFam,1.0,BipFam-c,0.5333333333333333,True,root_id
864691136137210507,axon_partially_extended,ITC,864691136137210507,294418,inhibitory,BipFam,1.0,BipFam-g,0.6,True,root_id
864691136137237899,axon_fully_extended,L3IT,864691136137237899,258222,excitatory,L2,0.75,L2b,0.23333333333333334,True,root_id
864691136137239691,axon_fully_extended,L2IT,864691136137239691,292861,excitatory,L2,0.9,L2a,0.7,True,root_id
864691136137293195,axon_partially_extended,L2IT,864691136137293195,291295,excitatory,L2,1.0,L2b,0.9333333333333333,True,root_id
864691136137794941,axon_partially_extended,L5ET,864691135493699935,303100,excitatory,L5ET,0.55,L5ETd,0.3,True,nucleus_id
864691136138131325,axon_partially_extended,L3IT,864691136138131325,394533,excitatory,L3,0.9,L3a,0.8666666666666667,True,root_id
864691136138335101,axon_partially_extended,L6IT,864691136138335101,274050,excitatory,L6IT,0.7,L6ITb,0.3333333333333333,True,root_id
864691136138583677,axon_partially_extended,L2IT,864691136138583677,256461,excitatory,L2,0.9,L2a,0.8666666666666667,True,root_id
864691136138622333,axon_partially_extended,PV,864691136138622333,294749,inhibitory,BasketFam,1.0,BasketFam-e,0.03333333333333333,True,root_id
864691136138695549,axon_fully_extended,PV,864691136138695549,267366,inhibitory,BasketFam,1.0,BasketFam-i,0.5666666666666667,True,root_id
864691136138756221,axon_partially_extended,ITC,864691136138756221,294885,inhibitory,BipFam,1.0,BipFam-j,0.6333333333333333,True,root_id
864691136138779517,axon_fully_extended,L2IT,864691135810666525,256456,excitatory,L2,1.0,L2b,0.9666666666666667,True,nucleus_id
864691136138803837,axon_partially_extended,PV,864691137199914561,258292,inhibitory,BasketFam,1.0,BasketFam-c,0.13333333333333333,True,nucleus_id
864691136138988157,axon_partially_extended,L6CT,864691136138988157,307177,excitatory,L6CT,1.0,L6CTa,0.9666666666666667,True,root_id
864691136139027581,axon_partially_extended,L4IT,864691136139027581,264900,excitatory,L4,1.0,L4b,0.8666666666666667,True,root_id
864691136144674612,axon_fully_extended,L3IT,864691136144674612,258307,excitatory,L3,1.0,L3a,0.9333333333333333,True,root_id
864691136144827444,axon_partially_extended,L2IT,864691136144827444,291208,excitatory,L2,0.95,L2b,0.9666666666666667,True,root_id
864691136145208372,axon_partially_extended,L6IT,864691136145208372,309541,excitatory,L6IT,0.95,L6ITb,0.7333333333333333,True,root_id
864691136145494068,axon_fully_extended,PV,864691135853244359,296421,inhibitory,BasketFam,1.0,BasketFam-f,0.5333333333333333,True,nucleus_id
864691136145537844,axon_partially_extended,AltBasket,864691136145537844,420681,inhibitory,BipFam,1.0,BipFam-f,0.6666666666666666,True,root_id
864691136145572404,axon_partially_extended,ITC,864691136145572404,256267,inhibitory,BipFam,1.0,BipFam-d,0.36666666666666664,True,root_id
864691136145574196,axon_fully_extended,L2IT,864691136145574196,256657,excitatory,L2,0.95,L2a,0.8666666666666667,True,root_id
864691136177029382,axon_partially_extended,L6IT,864691135344099761,271778,excitatory,L6IT,1.0,L6ITa,0.4,True,nucleus_id
864691136177127174,axon_partially_extended,L5NP,864691136177127174,271577,excitatory,L5NP,0.6,L5NPb,0.23333333333333334,True,root_id
864691136177129478,axon_partially_extended,L5IT,864691136177129478,267261,excitatory,L5,0.95,L5c,0.5,True,root_id
864691136177629702,axon_partially_extended,L2IT,864691136177629702,292747,excitatory,L3,0.7,L3a,0.7666666666666667,True,root_id
864691136177632518,axon_partially_extended,L6CT,864691136177632518,304958,excitatory,L6CT,1.0,L6CTa,0.8666666666666667,True,root_id
864691136177726726,axon_fully_extended,L2IT,864691136177726726,256625,excitatory,L2,1.0,L2a,1.0,True,root_id
864691136177731846,axon_partially_extended,L2IT,864691136177731846,291345,excitatory,L2,0.95,L2b,0.9666666666666667,True,root_id
864691136177778950,axon_partially_extended,L2IT,864691135443022152,256548,excitatory,L3,0.95,L3a,0.8333333333333334,True,nucleus_id
864691136177799686,axon_partially_extended,L4IT,864691135567137111,260533,excitatory,L4,1.0,L4a,1.0,True,nucleus_id
864691136195284556,axon_fully_extended,MC,864691136195284556,269485,inhibitory,MartFam,0.95,MartFam-n,0.3,True,root_id
864691136195391208,axon_partially_extended,L2IT,864691136195391208,519746,excitatory,L3,0.75,L3a,0.6666666666666666,True,root_id
864691136195526120,axon_partially_extended,L4IT,864691136195526120,394342,excitatory,L4,1.0,L4a,0.8666666666666667,True,root_id
864691136195537366,axon_partially_extended,L6CT,864691136195537366,309393,excitatory,L6CT,0.75,L6CTa,0.3333333333333333,True,root_id
864691136195652328,axon_partially_extended,L6CT,864691136195652328,266869,excitatory,L6CT,0.95,L6CTb,0.4,True,root_id
864691136195796182,axon_partially_extended,PV,864691136195796182,302999,inhibitory,BasketFam,1.0,BasketFam-p,0.4666666666666667,True,root_id
864691136195798504,axon_partially_extended,L5ET,864691136229412689,303174,excitatory,L5ET,0.85,L5ETc,0.23333333333333334,True,nucleus_id
864691136195824204,axon_partially_extended,L4IT,864691136195824204,256511,excitatory,L2,0.35,L2a,0.4,True,root_id
864691136195834070,axon_partially_extended,L4IT,864691136195834070,297074,excitatory,L4,0.95,L4b,0.9,True,root_id
864691136195891788,axon_partially_extended,L3IT,864691136195891788,296730,excitatory,L3,1.0,L3a,0.9333333333333333,True,root_id
864691136195901772,axon_partially_extended,L6CT,864691136195901772,342233,excitatory,L6CT,1.0,L6CTb,0.5,True,root_id
864691136195906774,axon_partially_extended,L6CT,864691136195906774,311978,excitatory,L6b,0.55,L6b,0.36666666666666664,True,root_id
864691136196127208,axon_fully_extended,L2IT,864691136196127208,582409,excitatory,L2,0.5,L2b,0.5,True,root_id
864691136196202472,axon_fully_extended,L4IT,864691136196202472,258306,excitatory,L4,1.0,L4a,1.0,True,root_id
864691136196240342,axon_partially_extended,ITC,864691136196240342,263170,inhibitory,BipFam,1.0,BipFam-h,0.36666666666666664,True,root_id
864691136196262102,axon_fully_extended,ChC,864691136196262102,255275,inhibitory,ChC,0.8,ChC,0.43333333333333335,True,root_id
864691136196265704,axon_fully_extended,L4IT,864691136240030268,260562,excitatory,L4,1.0,L4a,1.0,True,nucleus_id
864691136196338764,axon_partially_extended,L4IT,864691136196338764,366165,excitatory,L4,0.85,L4b,0.5,True,root_id
864691136196383190,axon_fully_extended,PV,864691136196383190,301335,inhibitory,BasketFam,1.0,BasketFam-g,0.5,True,root_id
864691136196517452,axon_partially_extended,L4IT,864691135119991261,261049,excitatory,L4,1.0,L4b,0.9666666666666667,True,nucleus_id
864691136196932172,axon_fully_extended,PV,864691136196932172,328518,inhibitory,BasketFam,1.0,BasketFam-f,0.23333333333333334,True,root_id
864691136196969548,axon_fully_extended,L2IT,864691136196969548,256458,excitatory,L2,1.0,L2a,0.9,True,root_id
864691136196979020,axon_partially_extended,L5IT,864691136196979020,303090,excitatory,L5,0.95,L5b,0.8666666666666667,True,root_id
864691136210743740,axon_fully_extended,L5IT,864691136210743740,264893,excitatory,L5,1.0,L5c,0.5333333333333333,True,root_id
864691136210847932,axon_partially_extended,L4IT,864691136210847932,194361,excitatory,L4,1.0,L4a,0.7666666666666667,True,root_id
864691136210885820,axon_partially_extended,L4IT,864691136210885820,262417,excitatory,L4,1.0,L4a,0.8,True,root_id
864691136210975676,axon_partially_extended,L4IT,864691135295423244,426555,excitatory,L4,1.0,L4a,0.6666666666666666,True,nucleus_id
864691136211068860,axon_partially_extended,PV,864691136211068860,267068,inhibitory,BasketFam,1.0,BasketFam-p,0.7333333333333333,True,root_id
864691136211175612,axon_partially_extended,L6CT,864691136211175612,302983,excitatory,L6CT,0.85,L6CTa,0.7666666666666667,True,root_id
864691136211325884,axon_fully_extended,L2IT,864691136211325884,292671,excitatory,L2,1.0,L2a,1.0,True,root_id
864691136211371452,axon_fully_extended,L4IT,864691136211371452,298950,excitatory,L4,0.95,L4c,0.7,True,root_id
864691136211385020,axon_fully_extended,L3IT,864691136211385020,296642,excitatory,L3,0.95,L3a,0.9666666666666667,True,root_id
864691136227297105,axon_partially_extended,DTC,864691136227297105,342238,inhibitory,MartFam,0.95,MartFam-n,0.5333333333333333,True,root_id
864691136228250961,axon_partially_extended,L5ET,864691136228250961,304973,excitatory,L5ET,0.95,L5ETc,0.43333333333333335,True,root_id
864691136228367697,axon_partially_extended,L5IT,864691136228367697,614654,,L5,1.0,L5c,0.5333333333333333,False,root_id
864691136228491601,axon_partially_extended,L3IT,864691135573503525,294589,excitatory,L4,0.7,L4b,0.6,True,nucleus_id
864691136228538961,axon_partially_extended,L5IT,864691136228538961,493375,excitatory,L5,0.7,L5a,0.4666666666666667,True,root_id
864691136228723281,axon_partially_extended,L5NP,864691136228723281,304986,excitatory,L5NP,0.95,L5NPb,0.5333333333333333,True,root_id
864691136229186129,axon_fully_extended,L2IT,864691136312508506,256544,excitatory,L2,0.75,L2b,0.6333333333333333,True,nucleus_id
864691136229363025,axon_fully_extended,L4IT,864691136229363025,298789,excitatory,L4,1.0,L4c,0.8333333333333334,True,root_id
864691136229366097,axon_partially_extended,PV,864691136619750619,264891,inhibitory,BasketFam,0.9,BasketFam-k,0.4666666666666667,True,nucleus_id
864691136238090767,axon_fully_extended,L5IT,864691136238090767,264846,excitatory,L5,0.9,L5a,0.7666666666666667,True,root_id
864691136238652476,axon_fully_extended,MC,864691136238652476,269334,inhibitory,MartFam,1.0,MartFam-j,0.4,True,root_id
864691136238679567,axon_fully_extended,L3IT,864691136137419915,258352,excitatory,L3,0.8,L3a,0.7,True,nucleus_id
864691136239068732,axon_partially_extended,L3IT,864691136239068732,489084,excitatory,L3,0.95,L3a,0.9,True,root_id
864691136239108156,axon_partially_extended,L4IT,864691136239108156,257700,excitatory,L4,1.0,L4a,0.9666666666666667,True,root_id
864691136239387708,axon_partially_extended,L6IT,864691136239387708,307202,excitatory,L6IT,1.0,L6ITb,0.5333333333333333,True,root_id
864691136239460668,axon_partially_extended,L6IT,864691136239460668,305068,excitatory,L6IT,1.0,L6ITa,0.8333333333333334,True,root_id
864691136239793212,axon_partially_extended,NGC,864691136239793212,303350,inhibitory,NglFam,1.0,NglFam-g,0.6666666666666666,True,root_id
864691136239859772,axon_partially_extended,L4IT,864691135385020122,296548,excitatory,L4,0.85,L4b,0.36666666666666664,True,nucleus_id
864691136239902780,axon_fully_extended,L4IT,864691136239902780,296680,excitatory,L4,1.0,L4a,0.9666666666666667,True,root_id
864691136239980604,axon_partially_extended,L4IT,864691135369693945,262810,excitatory,L4,1.0,L4b,0.6,True,nucleus_id
864691136268801012,axon_partially_extended,PV,864691135853297863,265036,inhibitory,BasketFam,1.0,BasketFam-d,0.3333333333333333,True,nucleus_id
864691136268801268,axon_partially_extended,L2IT,864691136268801268,292577,excitatory,L2,1.0,L2b,1.0,True,root_id
864691136273370302,axon_partially_extended,NGC,864691136273370302,303236,inhibitory,NglFam,0.95,NglFam-g,0.5,True,root_id
864691136274488254,axon_partially_extended,L4IT,864691135619935887,296533,excitatory,L4,1.0,L4a,0.7,True,nucleus_id
864691136274546622,axon_partially_extended,L4IT,864691136274546622,425602,excitatory,L4,1.0,L4a,0.7666666666666667,True,root_id
864691136274655166,axon_partially_extended,L4IT,864691135102580256,260706,excitatory,L4,0.95,L4b,0.7333333333333333,True,nucleus_id
864691136274695358,axon_partially_extended,L6IT,864691136274695358,269488,excitatory,L6IT,0.8,L6ITa,0.23333333333333334,True,root_id
864691136274712254,axon_partially_extended,L6IT,864691136274712254,307089,excitatory,L6IT,1.0,L6ITb,0.9,True,root_id
864691136274786494,axon_partially_extended,L6CT,864691136274786494,312041,excitatory,L6b,0.55,L6b,0.4666666666666667,True,root_id
864691136274933950,axon_partially_extended,PV,864691136274933950,304990,inhibitory,BasketFam,0.45,BasketFam-o,0.23333333333333334,True,root_id
864691136275166398,axon_partially_extended,L2IT,864691136275166398,292824,excitatory,L2,0.25,L2a,0.2,True,root_id
864691136275364365,axon_partially_extended,L4IT,864691136288860867,614178,,L4,1.0,L4a,0.9,False,nucleus_id
864691136275729677,axon_partially_extended,L6CT,864691136275729677,311845,excitatory,L6CT,0.95,L6CTc,0.5333333333333333,True,root_id
864691136275771917,axon_partially_extended,L6IT,864691136275771917,342450,excitatory,L6IT,0.8,L6ITb,0.7333333333333333,True,root_id
864691136275807757,axon_partially_extended,L6IT,864691136275807757,309330,excitatory,L6IT,1.0,L6ITb,0.9666666666666667,True,root_id
864691136275890189,axon_partially_extended,AltBasket,864691136275890189,107130,,BipFam,1.0,BipFam-f,0.7333333333333333,False,root_id
864691136275894285,axon_partially_extended,L4IT,864691136275894285,260617,excitatory,L5,0.6,L5b,0.36666666666666664,True,root_id
864691136287879619,axon_partially_extended,L6CT,864691136287879619,309296,excitatory,L6CT,0.95,L6CTa,0.9,True,root_id
864691136288598467,axon_fully_extended,L2IT,864691136288598467,291160,excitatory,L2,1.0,L2a,1.0,True,root_id
864691136288604355,axon_partially_extended,L3IT,864691136288604355,256546,excitatory,L3,0.8,L3a,0.7666666666666667,True,root_id
864691136288644291,axon_fully_extended,L4IT,864691136288644291,264990,excitatory,L4,0.95,L4d,0.8,True,root_id
864691136288752835,axon_fully_extended,thalamocortical,,,,,,,,,unmatched
864691136288755395,axon_fully_extended,thalamocortical,,,,,,,,,unmatched
864691136298045979,axon_partially_extended,L5IT,864691136298045979,492688,excitatory,L5,1.0,L5a,0.8,True,root_id
864691136298111003,axon_partially_extended,L4IT,864691136298111003,424435,excitatory,L4,0.85,L4b,0.8,True,root_id
864691136298125851,axon_partially_extended,L3IT,864691136298125851,258230,excitatory,L3,1.0,L3a,0.9666666666666667,True,root_id
864691136298624539,axon_partially_extended,L4IT,864691136298624539,301003,excitatory,L4,0.65,L4d,0.2,True,root_id
864691136298913563,axon_fully_extended,MC,864691136298913563,224285,inhibitory,MartFam,1.0,MartFam-b,0.5333333333333333,True,root_id
864691136299026971,axon_partially_extended,L2IT,864691136299026971,256654,excitatory,L2,0.95,L2a,0.9,True,root_id
864691136299034139,axon_fully_extended,L4IT,864691136299034139,298815,excitatory,L4,1.0,L4d,0.4666666666666667,True,root_id
864691136310966106,axon_partially_extended,L6CT,864691136310966106,619464,,L6CT,1.0,L6CTa,0.7333333333333333,False,root_id
864691136311059034,axon_partially_extended,L2IT,864691136311059034,359649,excitatory,L2,1.0,L2b,0.9333333333333333,True,root_id
864691136311106650,axon_partially_extended,L5IT,864691136311106650,558388,excitatory,L5,1.0,L5c,0.7333333333333333,True,root_id
864691136311179354,axon_partially_extended,L6CT,864691136311179354,309281,excitatory,L6CT,0.8,L6CTa,0.7333333333333333,True,root_id
864691136311213914,axon_partially_extended,PV,864691136311213914,296530,inhibitory,BasketFam,1.0,BasketFam-i,0.36666666666666664,True,root_id
864691136311267930,axon_partially_extended,L3IT,864691136311267930,294646,excitatory,L3,0.95,L3a,0.9333333333333333,True,root_id
864691136311381338,axon_partially_extended,L4IT,864691136311381338,425858,excitatory,L4,1.0,L4c,0.13333333333333333,True,root_id
864691136311451226,axon_partially_extended,L6IT,864691136311451226,307078,excitatory,L6IT,0.95,L6ITb,0.7333333333333333,True,root_id
864691136311529306,axon_partially_extended,L4IT,864691136311529306,425525,excitatory,L4,1.0,L4c,0.3,True,root_id
864691136312057178,axon_fully_extended,PV,864691136312057178,228276,inhibitory,BasketFam,1.0,BasketFam-g,0.3333333333333333,True,root_id
864691136312076122,axon_fully_extended,NMC,864691136312076122,303325,inhibitory,MartFam,1.0,MartFam-g,0.16666666666666666,True,root_id
864691136312150874,axon_partially_extended,L3IT,864691136312150874,256620,excitatory,L4,0.35,L4a,0.26666666666666666,True,root_id
864691136312445786,axon_fully_extended,PV,864691136312445786,260672,inhibitory,BasketFam,1.0,BasketFam-f,0.4,True,root_id
864691136313301565,axon_partially_extended,L5IT,864691136313301565,298773,excitatory,L5,0.9,L5b,0.8333333333333334,True,root_id
864691136313406781,axon_partially_extended,L4IT,864691136313406781,260682,excitatory,L4,1.0,L4a,0.9,True,root_id
864691136314078013,axon_partially_extended,L1,864691136314078013,255265,inhibitory,MartFam,0.35,MartFam-a,0.26666666666666666,True,root_id
864691136314114621,axon_partially_extended,L1,864691136314114621,291395,inhibitory,BipFam,0.35,BipFam-i,0.16666666666666666,True,root_id
864691136314120765,axon_fully_extended,PV,864691136314120765,258457,inhibitory,BasketFam,1.0,BasketFam-f,0.6,True,root_id
864691136314126653,axon_partially_extended,ITCperi,864691136314126653,324313,inhibitory,BipFam,0.7,BipFam-i,0.3333333333333333,True,root_id
864691136314178365,axon_partially_extended,ITCperi,864691136314178365,321910,inhibitory,BipFam,0.8,BipFam-i,0.4,True,root_id
864691136314250813,axon_partially_extended,ITC,864691135619958927,265201,inhibitory,MartFam,0.2,MartFam-h,0.03333333333333333,True,nucleus_id
864691136314404669,axon_fully_extended,L2IT,864691136314404669,256435,excitatory,L2,0.25,L2b,0.16666666666666666,True,root_id
864691136314448701,axon_partially_extended,L4IT,864691136524441489,299157,excitatory,L4,1.0,L4a,0.5666666666666667,True,nucleus_id
864691136314457149,axon_partially_extended,L5IT,864691136314457149,299075,excitatory,L5,0.4,L5b,0.4666666666666667,True,root_id
864691136314473021,axon_partially_extended,L5IT,864691136314473021,335092,excitatory,L5,1.0,L5b,0.9333333333333333,True,root_id
864691136314485053,axon_partially_extended,L5NP,864691136314485053,303086,excitatory,L5NP,1.0,L5NPa,0.8,True,root_id
864691136314491965,axon_partially_extended,L3IT,864691136314491965,258372,excitatory,L3,1.0,L3a,1.0,True,root_id
864691136330101226,axon_partially_extended,L5ET,864691136330101226,303139,excitatory,L5ET,1.0,L5ETb,0.4666666666666667,True,root_id
864691136330122730,axon_fully_extended,L5IT,864691136330122730,264800,excitatory,L5,1.0,L5c,0.9,True,root_id
864691136330407914,axon_partially_extended,L2IT,864691136330407914,258297,excitatory,L3,0.95,L3a,0.9333333333333333,True,root_id
864691136330880234,axon_partially_extended,MC,864691135698460826,260622,inhibitory,MartFam,1.0,MartFam-d,0.9,True,nucleus_id
864691136331214058,axon_partially_extended,L2IT,864691136331214058,294673,excitatory,L3,0.85,L3a,0.7666666666666667,True,root_id
864691136331247338,axon_fully_extended,L2IT,864691136331247338,294691,excitatory,L2,0.15,L2a,0.06666666666666667,True,root_id
864691136331249642,axon_partially_extended,L2IT,864691136331249642,292727,excitatory,L2,0.75,L2b,0.6666666666666666,True,root_id
864691136334080435,axon_partially_extended,L2IT,864691135757248466,583739,,L2,0.9,L2b,0.9333333333333333,False,nucleus_id
864691136335213235,axon_partially_extended,L6CT,864691136335213235,271901,excitatory,L6CT,1.0,L6CTa,0.9,True,root_id
864691136335276211,axon_partially_extended,L4IT,864691136335276211,227603,excitatory,L4,1.0,L4b,0.8333333333333334,True,root_id
864691136335553971,axon_fully_extended,L2IT,864691136335553971,292751,excitatory,L2,1.0,L2a,0.9666666666666667,True,root_id
864691136335689907,axon_partially_extended,L4IT,864691136335689907,363500,excitatory,L4,1.0,L4a,1.0,True,root_id
864691136335899059,axon_partially_extended,AltBasket,864691136335899059,612510,,MartFam,0.25,MartFam-n,0.3,False,root_id
864691136336039091,axon_fully_extended,L4IT,864691135135072160,296507,excitatory,L4,1.0,L4a,0.8,True,nucleus_id
864691136336107187,axon_fully_extended,L5IT,864691136336107187,301106,excitatory,L5,1.0,L5b,0.8666666666666667,True,root_id
864691136336179123,axon_partially_extended,L2IT,864691136336179123,223029,excitatory,L3,0.2,L3a,0.16666666666666666,True,root_id
864691136336192947,axon_partially_extended,PV,864691135357411791,298930,inhibitory,BasketFam,1.0,BasketFam-f,0.26666666666666666,True,nucleus_id
864691136336204979,axon_partially_extended,NGC,864691136336204979,291201,inhibitory,NglFam,1.0,NglFam-b,0.4,True,root_id
864691136362774498,axon_partially_extended,L5ET,864691136362774498,303046,excitatory,L5ET,0.45,L5ETa,0.13333333333333333,True,root_id
864691136363009250,axon_partially_extended,L4IT,864691136363009250,488601,excitatory,L4,1.0,L4a,0.9333333333333333,True,root_id
864691136363161570,axon_partially_extended,L6IT,864691136363161570,342231,excitatory,L6IT,0.45,L6ITb,0.3333333333333333,True,root_id
864691136363303138,axon_partially_extended,L4IT,864691136976202524,260615,excitatory,L4,1.0,L4a,1.0,True,nucleus_id
864691136363473634,axon_partially_extended,L4IT,864691136363473634,428164,excitatory,L4,1.0,L4d,0.36666666666666664,True,root_id
864691136364166370,axon_partially_extended,ITC,864691136364166370,255246,inhibitory,BipFam,0.85,BipFam-f,0.16666666666666666,True,root_id
864691136364183266,axon_fully_extended,PV,864691136364183266,337922,inhibitory,BasketFam,0.8,BasketFam-o,0.4666666666666667,True,root_id
864691136364187874,axon_fully_extended,MC,864691135662886384,262853,,,,,,True,nucleus_id
864691136364308962,axon_fully_extended,L2IT,864691136364308962,292647,excitatory,L2,0.2,L2a,0.2,True,root_id
864691136364362466,axon_fully_extended,L3IT,864691136364362466,258150,excitatory,L3,1.0,L3a,0.9666666666666667,True,root_id
864691136372012168,axon_partially_extended,L6CT,864691136372012168,344554,excitatory,L6CT,0.95,L6CTb,0.5,True,root_id
864691136372039560,axon_partially_extended,L6IT,864691136372039560,303089,excitatory,L6IT,0.9,L6ITa,0.3,True,root_id
864691136372047496,axon_partially_extended,L4IT,864691136372047496,363954,excitatory,L4,1.0,L4a,1.0,True,root_id
864691136372630152,axon_partially_extended,L6IT,864691136372630152,344563,excitatory,L6IT,1.0,L6ITb,0.4666666666666667,True,root_id
864691136372759688,axon_partially_extended,L5NP,864691136372759688,269733,excitatory,L5NP,1.0,L5NPb,0.8333333333333334,True,root_id
864691136372954248,axon_partially_extended,NGC,864691136372954248,258260,inhibitory,NglFam,0.85,NglFam-f,0.3333333333333333,True,root_id
864691136373008520,axon_partially_extended,L3IT,864691135739736689,258489,excitatory,L3,0.95,L3a,1.0,True,nucleus_id
864691136380264149,axon_partially_extended,L5IT,864691136380264149,587208,excitatory,L5,1.0,L5a,0.8666666666666667,True,root_id
864691136380264405,axon_partially_extended,L6CT,864691136380264405,340088,excitatory,L6CT,0.95,L6CTa,0.9,True,root_id
864691136380266965,axon_partially_extended,L4IT,864691136380266965,426549,excitatory,L4,1.0,L4a,0.8666666666666667,True,root_id
864691136380268245,axon_partially_extended,L2IT,864691136380268245,291113,excitatory,L2,1.0,L2b,1.0,True,root_id
864691136380312021,axon_partially_extended,L2IT,864691136380312021,256675,excitatory,L3,0.8,L3a,0.7333333333333333,True,root_id
864691136380324821,axon_partially_extended,L2IT,864691136380324821,389432,excitatory,L2,0.6,L2b,0.5333333333333333,True,root_id
864691136380400341,axon_partially_extended,L6CT,864691136380400341,307230,excitatory,L6CT,1.0,L6CTa,0.9666666666666667,True,root_id
864691136380718037,axon_partially_extended,L6IT,864691136380718037,305059,excitatory,L6IT,0.75,L6ITb,0.6666666666666666,True,root_id
864691136380757461,axon_fully_extended,L5IT,864691136380757461,301182,excitatory,L5,1.0,L5c,0.43333333333333335,True,root_id
864691136380816597,axon_partially_extended,L4IT,864691136380816597,262777,excitatory,L4,0.9,L4b,0.6,True,root_id
864691136381224149,axon_fully_extended,L2IT,864691136381224149,256427,excitatory,L2,1.0,L2a,1.0,True,root_id
864691136381243349,axon_fully_extended,L4IT,864691136381243349,296803,excitatory,L4,1.0,L4a,1.0,True,root_id
864691136381294805,axon_partially_extended,L5IT,864691136381294805,300965,excitatory,L5,1.0,L5c,0.7,True,root_id
864691136381301461,axon_fully_extended,L4IT,864691136381301461,262688,excitatory,L4,1.0,L4d,0.5333333333333333,True,root_id
864691136381324501,axon_fully_extended,PV,864691136381324501,292565,inhibitory,BasketFam,1.0,BasketFam-e,0.2,True,root_id
864691136381325781,axon_fully_extended,L5IT,864691136381325781,300902,excitatory,L5,1.0,L5b,0.9333333333333333,True,root_id
864691136381346005,axon_partially_extended,L4IT,864691136381346005,298803,excitatory,L4,1.0,L4b,0.9333333333333333,True,root_id
864691136381347029,axon_partially_extended,L4IT,864691136381347029,301144,excitatory,L4,0.8,L4d,0.5,True,root_id
864691136381353685,axon_partially_extended,L3IT,864691136381353685,258369,excitatory,L3,1.0,L3a,1.0,True,root_id
864691136389607287,axon_partially_extended,L4IT,864691136389607287,556676,excitatory,L4,0.9,L4b,0.9333333333333333,True,root_id
864691136389679223,axon_partially_extended,L2IT,864691136389679223,291109,excitatory,L2,1.0,L2a,0.6,True,root_id
864691136389688695,axon_partially_extended,L2IT,864691136389688695,291334,excitatory,L2,1.0,L2b,0.9333333333333333,True,root_id
864691136389885047,axon_partially_extended,L6CT,864691136389885047,309523,excitatory,L6CT,0.9,L6CTc,0.1,True,root_id
864691136389921911,axon_partially_extended,L2IT,864691136389921911,294576,excitatory,L3,0.8,L3a,0.7666666666666667,True,root_id
864691136390099728,axon_partially_extended,L6CT,864691136390099728,344448,excitatory,L6CT,1.0,L6CTc,1.0,True,root_id
864691136390474359,axon_fully_extended,L4IT,864691136390474359,294545,excitatory,L4,1.0,L4a,0.8333333333333334,True,root_id
864691136390601335,axon_partially_extended,L6IT,864691136390601335,344210,excitatory,L6IT,0.75,L6ITb,0.7333333333333333,True,root_id
864691136390675216,axon_fully_extended,PV,864691136390675216,256714,inhibitory,BasketFam,1.0,BasketFam-b,0.5,True,root_id
864691136390677264,axon_fully_extended,PV,864691136390677264,337962,inhibitory,BasketFam,0.95,BasketFam-o,0.4,True,root_id
864691136390788215,axon_partially_extended,L3IT,864691136390788215,257894,excitatory,L3,1.0,L3a,0.9333333333333333,True,root_id
864691136390828919,axon_fully_extended,MC,864691135593200395,335486,inhibitory,MartFam,1.0,MartFam-f,0.36666666666666664,True,nucleus_id
864691136390905207,axon_fully_extended,MC,864691136390905207,301337,inhibitory,MartFam,1.0,MartFam-f,0.5,True,root_id
864691136391023120,axon_partially_extended,PV,864691136391023120,294506,inhibitory,BasketFam,1.0,BasketFam-i,0.13333333333333333,True,root_id
864691136391024144,axon_partially_extended,NGC,864691135853288647,294561,inhibitory,NglFam,1.0,NglFam-f,0.5333333333333333,True,nucleus_id
864691136391027728,axon_fully_extended,L4IT,864691136391027728,262910,excitatory,L4,1.0,L4d,0.8666666666666667,True,root_id
864691136391034487,axon_fully_extended,L4IT,864691136391034487,299043,excitatory,L4,1.0,L4d,0.3333333333333333,True,root_id
864691136391042167,axon_fully_extended,L3IT,864691136391042167,296528,excitatory,L3,1.0,L3a,0.9333333333333333,True,root_id
864691136392254847,axon_partially_extended,L6IT,864691135858603822,301031,excitatory,L6IT,0.9,L6ITa,0.9,True,nucleus_id
864691136392355711,axon_partially_extended,L6CT,864691136392355711,309498,excitatory,L6CT,1.0,L6CTa,0.8333333333333334,True,root_id
864691136392622207,axon_partially_extended,PV,864691136392622207,271952,inhibitory,BasketFam,1.0,BasketFam-p,0.5333333333333333,True,root_id
864691136392682879,axon_fully_extended,PV,864691136392682879,338062,inhibitory,BasketFam,1.0,BasketFam-p,0.3333333333333333,True,root_id
864691136392785279,axon_partially_extended,L4IT,864691136438882974,296509,excitatory,L4,0.9,L4a,0.23333333333333334,True,nucleus_id
864691136392806271,axon_fully_extended,PV,864691136392806271,260824,inhibitory,BasketFam,1.0,BasketFam-h,0.26666666666666666,True,root_id
864691136419797655,axon_partially_extended,L5ET,864691136419797655,303066,excitatory,L5ET,0.6,L5ETd,0.43333333333333335,True,root_id
864691136420195223,axon_partially_extended,L5IT,864691136420195223,428755,excitatory,L5,0.0,L5a,0.03333333333333333,True,root_id
864691136420279191,axon_partially_extended,L2IT,864691136420279191,256935,excitatory,L2,0.75,L2a,0.7,True,root_id
864691136420303511,axon_partially_extended,L4IT,864691136420303511,298502,excitatory,L4,1.0,L4d,0.36666666666666664,True,root_id
864691136420378007,axon_partially_extended,L5ET,864691136420378007,430555,excitatory,L5ET,1.0,L5ETa,0.3,True,root_id
864691136421279639,axon_partially_extended,L2IT,864691135878698579,292740,excitatory,L2,1.0,L2b,0.9666666666666667,True,nucleus_id
864691136421324951,axon_fully_extended,L4IT,864691136421324951,298769,excitatory,L4,1.0,L4a,0.8333333333333334,True,root_id
864691136424439855,axon_partially_extended,L4IT,864691135994475713,332599,excitatory,L4,1.0,L4a,0.13333333333333333,True,nucleus_id
864691136424640047,axon_partially_extended,L6CT,864691136424640047,302975,excitatory,L6CT,0.65,L6CTb,0.26666666666666666,True,root_id
864691136424704815,axon_partially_extended,L4IT,864691136424704815,194726,excitatory,L4,1.0,L4d,0.6,True,root_id
864691136424990255,axon_partially_extended,L6IT,864691136424990255,269500,excitatory,L6IT,1.0,L6ITa,0.9333333333333333,True,root_id
864691136425073455,axon_partially_extended,L5IT,864691136425073455,269402,excitatory,L5,0.95,L5b,0.6666666666666666,True,root_id
864691136425681967,axon_fully_extended,L4IT,864691136425681967,265037,excitatory,L4,0.95,L4d,0.4,True,root_id
864691136436788382,axon_partially_extended,ITC,864691136436788382,262957,inhibitory,BipFam,1.0,BipFam-j,1.0,True,root_id
864691136437631902,axon_partially_extended,L5ET,864691136392913023,265045,excitatory,L5ET,1.0,L5ETa,0.36666666666666664,True,nucleus_id
864691136438216350,axon_fully_extended,PV,864691135135163552,299321,inhibitory,BasketFam,1.0,BasketFam-k,0.7,True,nucleus_id
864691136438372254,axon_fully_extended,ITC,864691136438372254,324396,inhibitory,BipFam,0.95,BipFam-c,0.43333333333333335,True,root_id
864691136438410654,axon_partially_extended,ITC,864691135878764883,269818,inhibitory,BipFam,1.0,BipFam-j,0.9333333333333333,True,nucleus_id
864691136438426526,axon_fully_extended,L2IT,864691136438426526,485307,,L2,1.0,L2b,1.0,False,root_id
864691136438469534,axon_fully_extended,L2IT,864691136438469534,256439,excitatory,L2,1.0,L2a,0.9,True,root_id
864691136438496158,axon_partially_extended,L3IT,864691135912410281,294375,excitatory,L2,0.75,L2b,0.8666666666666667,True,nucleus_id
864691136438529438,axon_fully_extended,L2IT,864691135277751781,292664,excitatory,L2,1.0,L2a,1.0,True,nucleus_id
864691136438585502,axon_partially_extended,L3IT,864691136438585502,361263,excitatory,L3,0.85,L3a,0.9,True,root_id
864691136438666398,axon_fully_extended,L4IT,864691136438666398,262677,excitatory,L5,0.4,L5b,0.23333333333333334,True,root_id
864691136438717086,axon_fully_extended,L4IT,864691136438717086,262946,excitatory,L5,0.15,L5a,0.16666666666666666,True,root_id
864691136445062787,axon_partially_extended,L4IT,864691136445062787,330544,excitatory,L4,1.0,L4a,0.43333333333333335,True,root_id
864691136445215875,axon_fully_extended,L2IT,864691135720773937,291110,excitatory,L2,1.0,L2b,1.0,True,nucleus_id
864691136445249923,axon_partially_extended,L2IT,864691136445249923,518969,excitatory,L3,0.9,L3a,0.8666666666666667,True,root_id
864691136445557123,axon_partially_extended,L4IT,864691136445557123,228219,excitatory,L4,0.95,L4d,0.6,True,root_id
864691136445968259,axon_fully_extended,PV,864691136445968259,267350,inhibitory,BasketFam,1.0,BasketFam-j,0.3,True,root_id
864691136446104451,axon_partially_extended,ITC,864691136446104451,256338,inhibitory,BipFam,0.9,BipFam-b,0.26666666666666666,True,root_id
864691136452447743,axon_partially_extended,L2IT,864691136452447743,223068,excitatory,L3,0.85,L3a,0.5,True,root_id
864691136452543231,axon_partially_extended,L6CT,864691136452543231,274058,excitatory,L6CT,1.0,L6CTc,0.9,True,root_id
864691136452602367,axon_partially_extended,L2IT,864691136452602367,294431,excitatory,L2,0.95,L2a,0.9333333333333333,True,root_id
864691136452609023,axon_partially_extended,L6IT,864691136452609023,264776,excitatory,L6IT,0.5,L6ITa,0.5666666666666667,True,root_id
864691136452920319,axon_partially_extended,PV,864691136452920319,269344,inhibitory,BasketFam,1.0,BasketFam-r,0.06666666666666667,True,root_id
864691136453183487,axon_partially_extended,MC,864691136453183487,269633,inhibitory,MartFam,1.0,MartFam-k,0.9,True,root_id
864691136453186559,axon_fully_extended,PV,864691136453186559,303115,inhibitory,BasketFam,1.0,BasketFam-p,0.5333333333333333,True,root_id
864691136453384959,axon_partially_extended,L3IT,864691136453384959,292899,excitatory,L3,1.0,L3a,0.9666666666666667,True,root_id
864691136453419007,axon_fully_extended,L3IT,864691135971527781,294584,excitatory,L3,1.0,L3a,0.8333333333333334,True,nucleus_id
864691136453442303,axon_fully_extended,L4IT,864691135977114735,299083,excitatory,L4,1.0,L4a,0.9333333333333333,True,nucleus_id
864691136484364844,axon_partially_extended,L6CT,864691136484364844,269476,excitatory,L6CT,0.85,L6CTa,0.5666666666666667,True,root_id
864691136484415020,axon_partially_extended,L6IT,864691136484415020,307172,excitatory,L6IT,0.95,L6ITb,0.9333333333333333,True,root_id
864691136484732972,axon_partially_extended,L4IT,864691136484732972,296879,excitatory,L4,1.0,L4a,0.8666666666666667,True,root_id
864691136484824108,axon_partially_extended,AltBasket,864691136484824108,552408,,BipFam,1.0,BipFam-l,0.6,False,root_id
864691136484876588,axon_fully_extended,MC,864691136484876588,267360,inhibitory,MartFam,1.0,MartFam-k,0.8333333333333334,True,root_id
864691136484883756,axon_fully_extended,PV,864691136484883756,338049,inhibitory,BasketFam,0.9,BasketFam-o,0.5333333333333333,True,root_id
864691136484948012,axon_fully_extended,L2IT,864691136484948012,291221,excitatory,L2,1.0,L2a,1.0,True,root_id
864691136484972332,axon_fully_extended,L3IT,864691135518444243,294822,excitatory,L3,0.95,L3a,0.8333333333333334,True,nucleus_id
864691136485007404,axon_fully_extended,L4IT,864691135757242066,298872,excitatory,L4,1.0,L4d,0.23333333333333334,True,nucleus_id
864691136487168530,axon_partially_extended,DTC,864691136487168530,307012,inhibitory,MartFam,0.95,MartFam-o,0.7,True,root_id
864691136488414994,axon_partially_extended,L4IT,864691136488414994,194533,excitatory,L4,1.0,L4d,0.5333333333333333,True,root_id
864691136488446226,axon_partially_extended,L2IT,864691136488446226,222257,excitatory,L2,0.25,L2b,0.0,True,root_id
864691136488591378,axon_partially_extended,L6IT,864691136488591378,305250,excitatory,L6IT,0.55,L6ITb,0.3,True,root_id
864691136488621842,axon_partially_extended,L6CT,864691136488621842,307239,excitatory,L6CT,1.0,L6CTc,0.36666666666666664,True,root_id
864691136488999186,axon_partially_extended,L4IT,864691136488999186,262710,excitatory,L4,1.0,L4a,0.43333333333333335,True,root_id
864691136489055762,axon_partially_extended,L4IT,864691136489055762,329954,excitatory,L4,1.0,L4a,0.9666666666666667,True,root_id
864691136489080850,axon_partially_extended,L4IT,864691136489080850,194310,,L4,1.0,L4a,0.9,False,root_id
864691136489147922,axon_partially_extended,L4IT,864691136489147922,298868,excitatory,L4,1.0,L4a,0.6,True,root_id
864691136489262866,axon_partially_extended,L6IT,864691136489262866,344547,excitatory,L6IT,0.6,L6ITb,0.3,True,root_id
864691136489623826,axon_partially_extended,PV,864691135867049948,264849,inhibitory,BasketFam,1.0,BasketFam-f,0.43333333333333335,True,nucleus_id
864691136521831825,axon_fully_extended,L5IT,864691136521831825,560530,excitatory,L5,1.0,L5b,0.9333333333333333,True,root_id
864691136523033233,axon_partially_extended,L6CT,864691136523033233,305228,excitatory,L6CT,0.9,L6CTa,0.8666666666666667,True,root_id
864691136523081105,axon_partially_extended,L4IT,864691136229435217,296741,excitatory,L4,1.0,L4a,0.8,True,nucleus_id
864691136523118481,axon_partially_extended,L4IT,864691136523118481,261962,excitatory,L4,1.0,L4d,0.5333333333333333,True,root_id
864691136523216017,axon_partially_extended,L4IT,864691136523216017,296154,excitatory,L4,0.8,L4b,0.4666666666666667,True,root_id
864691136523288465,axon_partially_extended,L4IT,864691135616639691,330172,excitatory,L4,1.0,L4a,0.8666666666666667,True,nucleus_id
864691136523335057,axon_partially_extended,L4IT,864691136523335057,330597,excitatory,L4,1.0,L4b,0.5333333333333333,True,root_id
864691136523472529,axon_partially_extended,L4IT,864691135586375544,301116,excitatory,L6IT,0.85,L6ITa,0.5333333333333333,True,nucleus_id
864691136523628945,axon_partially_extended,L6IT,864691136523628945,309227,excitatory,L6IT,0.85,L6ITb,0.7,True,root_id
864691136523889553,axon_fully_extended,PV,864691136523889553,263169,inhibitory,BasketFam,1.0,BasketFam-i,0.3333333333333333,True,root_id
864691136523971473,axon_partially_extended,AltBasket,864691136523971473,221097,inhibitory,BipFam,0.95,BipFam-f,0.8333333333333334,True,root_id
864691136524014993,axon_fully_extended,PV,864691136524014993,335201,inhibitory,BasketFam,0.85,BasketFam-i,0.4666666666666667,True,root_id
864691136524089489,axon_fully_extended,L2IT,864691136524089489,291316,excitatory,L2,1.0,L2a,1.0,True,root_id
864691136524172689,axon_partially_extended,L2IT,864691136524172689,256516,excitatory,L2,1.0,L2a,0.9666666666666667,True,root_id
864691136524282001,axon_partially_extended,NGC,864691136120952088,292624,inhibitory,NglFam,1.0,NglFam-d,0.7666666666666667,True,nucleus_id
864691136524297617,axon_partially_extended,L4IT,864691135728052799,296546,excitatory,L4,1.0,L4a,0.7,True,nucleus_id
864691136578820884,axon_fully_extended,L5ET,864691136578820884,495010,excitatory,L5ET,1.0,L5ETc,1.0,True,root_id
864691136578982164,axon_fully_extended,L4IT,864691136578982164,491214,excitatory,L4,1.0,L4b,0.5,True,root_id
864691136579127060,axon_fully_extended,L5ET,864691135115402905,232635,excitatory,L5ET,1.0,L5ETc,0.4666666666666667,True,nucleus_id
864691136579129876,axon_partially_extended,L4IT,864691136579129876,294591,excitatory,L4,1.0,L4a,1.0,True,root_id
864691136579193108,axon_partially_extended,L6CT,864691136579193108,307123,excitatory,L6CT,1.0,L6CTa,0.8666666666666667,True,root_id
864691136579217172,axon_partially_extended,L6CT,864691136579217172,309421,excitatory,L6CT,0.95,L6CTc,0.5,True,root_id
864691136579358228,axon_partially_extended,L6CT,864691136579358228,269613,excitatory,L6CT,0.9,L6CTa,0.6333333333333333,True,root_id
864691136579408916,axon_partially_extended,L4IT,864691136579408916,396676,excitatory,L4,1.0,L4b,0.7333333333333333,True,root_id
864691136579434260,axon_partially_extended,L6IT,864691136579434260,269406,excitatory,L6IT,1.0,L6ITa,0.9666666666666667,True,root_id
864691136579629844,axon_partially_extended,L4IT,864691136914617585,301115,excitatory,L4,0.9,L4d,0.16666666666666666,True,nucleus_id
864691136579969300,axon_fully_extended,L2IT,864691136579969300,256367,excitatory,L2,1.0,L2a,1.0,True,root_id
864691136580010516,axon_fully_extended,MC,864691135135053728,303085,inhibitory,MartFam,1.0,MartFam-f,0.26666666666666666,True,nucleus_id
864691136595955362,axon_partially_extended,NMC,864691136595955362,497103,inhibitory,MartFam,1.0,MartFam-m,0.13333333333333333,True,root_id
864691136596060322,axon_partially_extended,L6CT,864691136596060322,307240,excitatory,L6CT,0.95,L6CTc,0.7,True,root_id
864691136596107938,axon_partially_extended,L3IT,864691136596107938,193069,,L4,0.75,L4b,0.5333333333333333,False,root_id
864691136596177570,axon_partially_extended,L6CT,864691136596177570,307130,excitatory,L6CT,0.75,L6CTa,0.5,True,root_id
864691136596815778,axon_partially_extended,L2IT,864691136596815778,553407,excitatory,L2,0.8,L2b,0.8333333333333334,True,root_id
864691136596901026,axon_fully_extended,L4IT,864691135465163933,260596,excitatory,L4,1.0,L4b,0.5,True,nucleus_id
864691136603171281,axon_partially_extended,L4IT,864691136603171281,457858,excitatory,L4,1.0,L4b,0.5666666666666667,True,root_id
864691136603221201,axon_partially_extended,L4IT,864691136603221201,426330,excitatory,L4,1.0,L4b,0.8333333333333334,True,root_id
864691136603306193,axon_partially_extended,L6IT,864691136603306193,307203,excitatory,L6IT,0.9,L6ITb,0.43333333333333335,True,root_id
864691136603811281,axon_partially_extended,L2IT,864691136603811281,292711,excitatory,L2,0.95,L2b,0.8333333333333334,True,root_id
864691136603935441,axon_fully_extended,PV,864691136603935441,330650,inhibitory,BasketFam,1.0,BasketFam-e,0.23333333333333334,True,root_id
864691136604001745,axon_fully_extended,L3IT,864691136604001745,256437,excitatory,L3,0.85,L3a,0.6333333333333333,True,root_id
864691136618553563,axon_partially_extended,L3IT,864691136619801307,260549,excitatory,L3,0.9,L3a,0.9333333333333333,True,nucleus_id
864691136618795227,axon_partially_extended,L5IT,864691136618795227,264798,excitatory,L5,0.95,L5a,0.5,True,root_id
864691136619096795,axon_partially_extended,L5IT,864691136619096795,264997,excitatory,L5,1.0,L5a,0.9666666666666667,True,root_id
864691136619199963,axon_partially_extended,AltBasket,864691136619199963,106221,,BipFam,0.95,BipFam-f,0.7333333333333333,False,root_id
864691136619344859,axon_fully_extended,PV,864691136619344859,258336,inhibitory,BasketFam,1.0,BasketFam-e,0.1,True,root_id
864691136619529179,axon_fully_extended,L2IT,864691136619529179,256471,excitatory,L2,1.0,L2a,1.0,True,root_id
864691136619693275,axon_partially_extended,L4IT,864691136268898292,300817,excitatory,L4,0.9,L4d,0.5666666666666667,True,nucleus_id
864691136619828877,axon_partially_extended,L6CT,864691136619828877,342342,excitatory,L6CT,1.0,L6CTc,0.7666666666666667,True,root_id
864691136619882637,axon_partially_extended,L5IT,864691136619882637,614235,,L5,1.0,L5a,0.8666666666666667,False,root_id
864691136619939213,axon_partially_extended,L6CT,864691136619939213,342241,excitatory,L6CT,0.4,L6CTc,0.06666666666666667,True,root_id
864691136620192653,axon_fully_extended,MC,864691136620192653,264932,inhibitory,MartFam,1.0,MartFam-j,0.3333333333333333,True,root_id
864691136620636045,axon_partially_extended,L3IT,864691136620636045,294453,excitatory,L4,0.6,L4a,0.5,True,root_id
864691136620797837,axon_partially_extended,L4IT,864691136620797837,259950,excitatory,L4,1.0,L4a,0.8666666666666667,True,root_id
864691136620914829,axon_fully_extended,L4IT,864691135376419401,260739,excitatory,L4,1.0,L4a,0.9,True,nucleus_id
864691136663528670,axon_partially_extended,L3IT,864691136663528670,519033,excitatory,L4,0.7,L4a,0.7666666666666667,True,root_id
864691136664127454,axon_partially_extended,L4IT,864691136664127454,226449,excitatory,L4,1.0,L4b,0.8333333333333334,True,root_id
864691136664680926,axon_partially_extended,L6CT,864691136664680926,304975,excitatory,L6CT,1.0,L6CTa,0.9,True,root_id
864691136664950750,axon_partially_extended,L2IT,864691136664950750,291335,excitatory,L2,0.7,L2b,0.43333333333333335,True,root_id
864691136665051614,axon_fully_extended,L2IT,864691136665051614,294493,excitatory,L2,1.0,L2a,0.9666666666666667,True,root_id
864691136674327431,axon_partially_extended,L3IT,864691136674327431,258226,excitatory,L3,0.85,L3a,0.8,True,root_id
864691136674492295,axon_partially_extended,L4IT,864691136674492295,396875,excitatory,L4,1.0,L4d,0.5,True,root_id
864691136674495623,axon_fully_extended,L5IT,864691136674495623,300955,excitatory,L5,1.0,L5a,0.7,True,root_id
864691136674744199,axon_partially_extended,L4IT,864691135878708307,296910,excitatory,L4,1.0,L4b,0.36666666666666664,True,nucleus_id
864691136674749575,axon_fully_extended,L2IT,864691136674749575,291175,excitatory,L2,0.7,L2b,0.8,True,root_id
864691136675220103,axon_partially_extended,L6CT,864691136675220103,274275,excitatory,L6CT,1.0,L6CTc,0.23333333333333334,True,root_id
864691136675339655,axon_partially_extended,AltBasket,864691136675339655,616606,,BipFam,0.9,BipFam-f,0.5,False,root_id
864691136675427975,axon_partially_extended,L5IT,864691136675427975,300958,excitatory,L5,0.75,L5b,0.7333333333333333,True,root_id
864691136675875719,axon_partially_extended,L3IT,864691136675875719,192139,excitatory,L3,0.4,L3a,0.4666666666666667,True,root_id
864691136725093373,axon_partially_extended,L4IT,864691136725093373,194320,,L4,1.0,L4a,0.9666666666666667,False,root_id
864691136725343485,axon_partially_extended,L4IT,864691136725343485,396528,excitatory,L4,1.0,L4d,0.6333333333333333,True,root_id
864691136725353725,axon_partially_extended,L6CT,864691136725353725,309661,excitatory,L6CT,0.75,L6CTa,0.3,True,root_id
864691136742067804,axon_partially_extended,L3IT,864691136742067804,294684,excitatory,L3,0.95,L3a,0.9666666666666667,True,root_id
864691136742244188,axon_partially_extended,L4IT,864691135949132641,296511,excitatory,L4,1.0,L4a,0.8333333333333334,True,nucleus_id
864691136742372956,axon_partially_extended,L6CT,864691136742372956,309483,excitatory,L6CT,0.7,L6CTc,0.3,True,root_id
864691136742470492,axon_partially_extended,L5IT,864691136742470492,264851,excitatory,L5,0.8,L5a,0.6666666666666666,True,root_id
864691136742623580,axon_partially_extended,L6IT,864691136742623580,307056,excitatory,L6IT,1.0,L6ITa,0.6,True,root_id
864691136742708828,axon_partially_extended,L6CT,864691136742708828,344421,excitatory,L6CT,1.0,L6CTc,0.9333333333333333,True,root_id
864691136742921308,axon_fully_extended,PV,864691136742921308,301473,inhibitory,BasketFam,0.95,BasketFam-l,0.3333333333333333,True,root_id
864691136813553523,axon_partially_extended,PV,864691135520154250,339947,inhibitory,BasketFam,0.95,BasketFam-q,0.2,True,nucleus_id
864691136813937267,axon_partially_extended,L2IT,864691135520237450,292673,excitatory,L2,0.85,L2b,0.8,True,nucleus_id
864691136814025587,axon_partially_extended,PV,864691136814025587,340410,inhibitory,BasketFam,1.0,BasketFam-p,0.6,True,root_id
864691136814060915,axon_partially_extended,AltBasket,864691136814060915,388845,,BipFam,1.0,BipFam-f,0.9333333333333333,False,root_id
864691136814180211,axon_partially_extended,L2IT,864691136007308490,292826,excitatory,L2,0.95,L2b,0.9666666666666667,True,nucleus_id
864691136814271603,axon_partially_extended,L5NP,864691136814271603,269422,excitatory,L5NP,0.95,L5NPb,0.8,True,root_id
864691136814345075,axon_fully_extended,MC,864691136814345075,330318,inhibitory,MartFam,1.0,MartFam-d,0.5333333333333333,True,root_id
864691136814442867,axon_fully_extended,L2IT,864691136814442867,291341,excitatory,L2,1.0,L2a,1.0,True,root_id
864691136814508659,axon_fully_extended,L4IT,864691136814508659,262816,excitatory,L4,1.0,L4d,0.8333333333333334,True,root_id
864691136814627955,axon_fully_extended,L4IT,864691136814627955,298831,excitatory,L4,1.0,L4d,0.26666666666666666,True,root_id
864691136814655859,axon_fully_extended,L4IT,864691136814655859,298942,excitatory,L4,1.0,L4d,0.2,True,root_id
864691136903387826,axon_partially_extended,DTC,864691136903387826,307264,inhibitory,MartFam,1.0,MartFam-n,0.5,True,root_id
864691136904366770,axon_partially_extended,ITCperi,864691136904366770,342232,inhibitory,BipFam,0.5,BipFam-i,0.3,True,root_id
864691136904488114,axon_partially_extended,L5IT,864691136904488114,368011,excitatory,L5,1.0,L5a,0.9666666666666667,True,root_id
864691136904594610,axon_partially_extended,L3IT,864691136904594610,258223,excitatory,L3,0.9,L3a,0.8666666666666667,True,root_id
864691136904656818,axon_partially_extended,L2IT,864691136904656818,292587,excitatory,L2,0.85,L2b,0.7333333333333333,True,root_id
864691136904761266,axon_partially_extended,L2IT,864691136904761266,520182,excitatory,L3,0.25,L3a,0.1,True,root_id
864691136904967346,axon_partially_extended,L6CT,864691136904967346,272001,excitatory,L6CT,1.0,L6CTc,0.4,True,root_id
864691136905203378,axon_partially_extended,L4IT,864691136905203378,427884,excitatory,L4,1.0,L4d,0.8,True,root_id
864691136905458866,axon_partially_extended,L5ET,864691136905458866,305061,excitatory,L5ET,0.75,L5ETd,0.6,True,root_id
864691136905506482,axon_partially_extended,L6CT,864691136905506482,305242,excitatory,L6CT,0.5,L6CTb,0.2,True,root_id
864691136905560754,axon_partially_extended,L5IT,864691136905560754,301225,excitatory,L5,0.95,L5a,0.6,True,root_id
864691136905758130,axon_partially_extended,L4IT,864691136905758130,296800,excitatory,L4,1.0,L4b,0.3333333333333333,True,root_id
864691136905941426,axon_fully_extended,PV,864691136905941426,256762,inhibitory,BasketFam,1.0,BasketFam-f,0.3,True,root_id
864691136906067890,axon_fully_extended,L3IT,864691136906067890,256600,excitatory,L3,0.8,L3a,0.8333333333333334,True,root_id
864691136912172017,axon_partially_extended,L4IT,864691136912172017,331945,,L4,0.8,L4d,0.6666666666666666,False,root_id
864691136913135089,axon_partially_extended,PV,864691136913135089,307287,inhibitory,MartFam,0.75,MartFam-g,0.23333333333333334,True,root_id
864691136913691121,axon_partially_extended,L6CT,,,,,,,,,unmatched
864691136913993713,axon_partially_extended,L4IT,864691136913993713,260799,excitatory,L4,1.0,L4a,0.13333333333333333,True,root_id
864691136914414321,axon_fully_extended,L2IT,864691136914414321,294539,excitatory,L3,0.85,L3a,0.6666666666666666,True,root_id
864691136914445809,axon_fully_extended,L2IT,864691135325604252,292656,excitatory,L2,1.0,L2a,1.0,True,nucleus_id
864691136914541041,axon_fully_extended,L4IT,864691135701882402,262996,excitatory,L4,1.0,L4d,0.8333333333333334,True,nucleus_id
864691136914542577,axon_fully_extended,NMC,864691136914542577,335531,inhibitory,MartFam,0.75,MartFam-g,0.4,True,root_id
864691136924515300,axon_partially_extended,L2IT,864691136924515300,358984,excitatory,L2,0.85,L2b,0.5666666666666667,True,root_id
864691136925008100,axon_fully_extended,ITC,864691136925008100,258171,inhibitory,BipFam,0.95,BipFam-c,0.1,True,root_id
864691136925029092,axon_fully_extended,L4IT,864691136925029092,459562,excitatory,L4,1.0,L4a,0.4666666666666667,True,root_id
864691136925094628,axon_fully_extended,L4IT,864691136925094628,298899,excitatory,L4,0.9,L4b,0.5,True,root_id
864691136925825354,axon_partially_extended,PV,864691136925825354,305233,inhibitory,BasketFam,1.0,BasketFam-p,0.5,True,root_id
864691136926764362,axon_partially_extended,L6CT,864691136926764362,307035,excitatory,L6CT,0.85,L6CTc,0.7,True,root_id
864691136927119946,axon_partially_extended,L6CT,864691135778808237,307049,excitatory,L6CT,1.0,L6CTc,0.36666666666666664,True,nucleus_id
864691136927176778,axon_partially_extended,L5IT,864691136927176778,267291,excitatory,L5,1.0,L5b,0.43333333333333335,True,root_id
864691136927187786,axon_partially_extended,L5IT,864691136927187786,267197,excitatory,L5,0.9,L5b,0.6333333333333333,True,root_id
864691136927366986,axon_fully_extended,thalamocortical,,,,,,,,,unmatched
864691136927566154,axon_partially_extended,L4IT,864691136927566154,263047,excitatory,L4,1.0,L4d,0.5333333333333333,True,root_id
864691136927688266,axon_fully_extended,L4IT,864691136927688266,294562,excitatory,L4,1.0,L4a,1.0,True,root_id
864691136927732810,axon_partially_extended,L3IT,864691136927732810,294378,excitatory,L3,0.7,L3a,0.6,True,root_id
864691136927761226,axon_fully_extended,L4IT,864691136927761226,299155,excitatory,L4,1.0,L4d,0.6333333333333333,True,root_id
864691136927801674,axon_partially_extended,L4IT,864691135756279757,298805,excitatory,L4,1.0,L4a,0.9666666666666667,True,nucleus_id
864691136953197279,axon_partially_extended,L4IT,864691135774515531,363939,excitatory,L4,1.0,L4a,0.3333333333333333,True,nucleus_id
864691136953413599,axon_partially_extended,L4IT,864691136953413599,395023,excitatory,L4,1.0,L4b,0.8,True,root_id
864691136953631711,axon_partially_extended,L6IT,864691136953631711,309280,excitatory,L6IT,1.0,L6ITb,0.7666666666666667,True,root_id
864691136953677535,axon_partially_extended,L4IT,864691136953677535,363864,excitatory,L4,0.95,L4c,0.23333333333333334,True,root_id
864691136953958879,axon_fully_extended,L2IT,864691136953958879,256617,excitatory,L2,0.95,L2a,0.9666666666666667,True,root_id
864691136953976287,axon_fully_extended,PV,864691136953976287,337534,inhibitory,BasketFam,0.65,BasketFam-o,0.36666666666666664,True,root_id
864691136954019039,axon_partially_extended,L4IT,864691135942250753,296618,excitatory,L4,0.9,L4a,0.8333333333333334,True,nucleus_id
864691136954023903,axon_fully_extended,L2IT,864691136954023903,188913,,L2,1.0,L2b,0.9666666666666667,False,root_id
864691136954028511,axon_partially_extended,L4IT,864691136954028511,329901,excitatory,L4,1.0,L4a,1.0,True,root_id
864691136954050527,axon_fully_extended,L4IT,864691136954050527,299018,excitatory,L4,1.0,L4d,0.7,True,root_id
864691136966189518,axon_fully_extended,MC,864691136966189518,463716,inhibitory,MartFam,1.0,MartFam-k,0.8,True,root_id
864691136967478222,axon_fully_extended,L5IT,864691136967478222,303138,excitatory,L5,1.0,L5c,0.6666666666666666,True,root_id
864691136967634382,axon_partially_extended,L4IT,864691136967634382,262722,excitatory,L4,1.0,L4b,0.9666666666666667,True,root_id
864691136967703758,axon_partially_extended,L4IT,864691136967703758,296207,excitatory,L4,0.85,L4b,0.8666666666666667,True,root_id
864691136967869902,axon_partially_extended,L6CT,864691136967869902,271699,excitatory,L6CT,1.0,L6CTa,0.7333333333333333,True,root_id
864691136967985870,axon_partially_extended,L6CT,864691134942648675,307178,excitatory,L6CT,0.85,L6CTa,0.6,True,nucleus_id
864691136968094158,axon_partially_extended,L6CT,864691135448350354,269502,excitatory,L6CT,0.35,L6CTa,0.43333333333333335,True,nucleus_id
864691136968109774,axon_partially_extended,MC,864691136968109774,301085,inhibitory,MartFam,1.0,MartFam-h,0.7,True,root_id
864691136968429774,axon_fully_extended,L4IT,864691136968429774,258319,excitatory,L4,0.8,L4a,0.9,True,root_id
864691136968529870,axon_fully_extended,L3IT,864691136968529870,258317,excitatory,L3,0.65,L3a,0.5666666666666667,True,root_id
864691136968542926,axon_fully_extended,L3IT,864691135184294658,292643,excitatory,L3,0.25,L3a,0.3333333333333333,True,nucleus_id
864691136968585678,axon_fully_extended,L2IT,864691136968585678,292858,excitatory,L2,1.0,L2a,1.0,True,root_id
864691136968773070,axon_fully_extended,L4IT,864691135810552349,298953,excitatory,L4,1.0,L4b,0.5666666666666667,True,nucleus_id
864691136974813212,axon_fully_extended,L5IT,864691136974813212,301104,excitatory,L5,1.0,L5b,0.9,True,root_id
864691136974876956,axon_fully_extended,L5ET,864691136974876956,589294,excitatory,L5ET,1.0,L5ETc,0.8333333333333334,True,root_id
864691136975088156,axon_partially_extended,L4IT,864691135810618909,296788,excitatory,L4,1.0,L4b,0.6666666666666666,True,nucleus_id
864691136975144988,axon_partially_extended,L3IT,864691136975144988,294682,excitatory,L3,1.0,L3a,1.0,True,root_id
864691136975300636,axon_partially_extended,L4IT,864691136975300636,227723,excitatory,L4,1.0,L4a,0.9666666666666667,True,root_id
864691136975332380,axon_partially_extended,L4IT,864691136975332380,227502,excitatory,L4,1.0,L4a,0.9333333333333333,True,root_id
864691136975624220,axon_partially_extended,L4IT,864691137022275182,260689,excitatory,L4,1.0,L4d,0.4666666666666667,True,nucleus_id
864691136975639836,axon_partially_extended,ITC,864691136975639836,260468,inhibitory,BipFam,1.0,BipFam-k,0.2,True,root_id
864691136976001308,axon_partially_extended,L2IT,864691136976001308,292714,excitatory,L2,0.6,L2b,0.43333333333333335,True,root_id
864691136991202453,axon_fully_extended,L5ET,864691136991202453,302951,excitatory,L5ET,1.0,L5ETc,0.9333333333333333,True,root_id
864691136991359893,axon_partially_extended,L3IT,864691135886343280,296650,excitatory,L3,0.75,L3a,0.7,True,nucleus_id
864691136991606421,axon_partially_extended,L4IT,864691136991606421,394228,excitatory,L4,1.0,L4b,0.8666666666666667,True,root_id
864691136991901845,axon_partially_extended,L6IT,864691136991901845,309418,excitatory,L6IT,0.95,L6ITb,0.6,True,root_id
864691137021162094,axon_partially_extended,L6CT,864691137021162094,305115,excitatory,L6CT,0.95,L6CTa,0.8333333333333334,True,root_id
864691137021264750,axon_partially_extended,L5ET,864691137021264750,267205,excitatory,L5ET,0.4,L5ETd,0.26666666666666666,True,root_id
864691137022180974,axon_fully_extended,MC,864691137022180974,300400,inhibitory,MartFam,0.9,MartFam-f,0.13333333333333333,True,root_id
864691137054934902,axon_partially_extended,L4IT,864691137054934902,558663,excitatory,L5,0.15,L5b,0.23333333333333334,True,root_id
864691137055244406,axon_partially_extended,L6CT,864691137055244406,344437,excitatory,L6CT,1.0,L6CTc,0.23333333333333334,True,root_id
864691137055253878,axon_partially_extended,L6CT,864691137055253878,306940,excitatory,L6CT,1.0,L6CTa,0.8,True,root_id
864691137055290998,axon_partially_extended,AltDTC,,,,,,,,,unmatched
864691137055367798,axon_partially_extended,L3IT,864691137199947073,296666,excitatory,L3,1.0,L3a,1.0,True,nucleus_id
864691137055405174,axon_partially_extended,L4IT,864691137055405174,366062,excitatory,L4,1.0,L4d,0.6333333333333333,True,root_id
864691137055712630,axon_partially_extended,L4IT,864691137055712630,225989,excitatory,L4,1.0,L4a,1.0,True,root_id
864691137055840886,axon_partially_extended,L6IT,864691137055840886,306962,excitatory,L6IT,0.45,L6ITb,0.4,True,root_id
864691137056216950,axon_fully_extended,MC,864691136145828404,298679,inhibitory,MartFam,1.0,MartFam-c,0.5,True,nucleus_id
864691137056393846,axon_partially_extended,L3IT,864691135196650282,260548,excitatory,L3,1.0,L3a,0.9666666666666667,True,nucleus_id
864691137198382657,axon_partially_extended,L2IT,864691137198382657,454103,excitatory,L3,0.95,L3a,0.8666666666666667,True,root_id
864691137198691137,axon_partially_extended,L2IT,864691134887635962,256609,excitatory,L2,1.0,L2b,0.9666666666666667,True,nucleus_id
864691137198844737,axon_partially_extended,L6IT,864691137198844737,307092,excitatory,L6IT,0.7,L6ITb,0.4666666666666667,True,root_id
864691137199038273,axon_partially_extended,L4IT,864691137199038273,262355,excitatory,L4,1.0,L4a,0.7333333333333333,True,root_id
864691137199050049,axon_partially_extended,L4IT,864691137199050049,194481,,L4,1.0,L4b,0.6666666666666666,False,root_id
864691137199765313,axon_partially_extended,L5IT,864691137199765313,264994,excitatory,L5,0.4,L5a,0.36666666666666664,True,root_id
864691137199828801,axon_partially_extended,L5IT,864691137199828801,230236,excitatory,L5,0.9,L5b,0.7666666666666667,True,root_id
864691137199860033,axon_partially_extended,PV,864691137199860033,301120,inhibitory,BasketFam,1.0,BasketFam-f,0.23333333333333334,True,root_id
