root_id,cell_type,n_embeddings,n_skeleton_nodes,nearest_median_nm,nearest_p95_nm,nearest_p99_nm,nearest_max_nm,fraction_within_100nm,fraction_within_500nm,fraction_within_1000nm,fraction_finite_radius,embedding_center_x,skeleton_center_x,embedding_center_y,skeleton_center_y,embedding_center_z,skeleton_center_z
864691134886037498,NMC,10572,121767,77.91725186763185,263.41464642319943,730.7077305969274,4582.63212183375,0.6316685584562997,0.9832576617480137,0.9928111993946274,1.0,1196768.0,1196896.0,593668.0,572864.9375,719960.0,717642.9375
864691134918921738,L3IT,3968,41213,72.93429966449602,268.6249925364005,884.7478423176987,5521.665477419947,0.6524697580645161,0.9841229838709677,0.9916834677419355,1.0,762140.0,759678.9375,643820.0,671354.0,904520.0,897587.75
864691134919403530,L4IT,4354,56678,59.620560931944794,203.61791038313427,863.3971977041107,4100.651081116571,0.7655029857602205,0.9846118511713366,0.9926504363803399,1.0,731728.0,734591.4375,674308.0,690370.71875,859000.0,860849.65625
864691134919529994,L6CT,2975,28716,74.64423433025487,259.12231105207707,726.288527273674,2750.345733948734,0.6447058823529411,0.9835294117647059,0.9949579831932773,1.0,719552.0,719351.5,860960.0,863081.5625,920400.0,925014.09375
864691134941412707,L3IT,3943,51773,60.57514057969655,214.36973419516468,733.0459246564963,3306.4330525885443,0.7565305604869389,0.9852903880294193,0.9936596500126808,1.0,745936.0,743748.25,572992.0,584024.9375,878360.0,873867.625
864691134949081852,L4IT,3505,46372,60.87593845529201,205.20384414843463,970.7910235557995,4874.955256605567,0.7586305278174037,0.9825962910128389,0.9902995720399429,1.0,731664.0,736783.8125,631072.0,631188.9375,902360.0,901537.5625
864691134949221372,L2IT,6245,83333,60.1981753253369,211.79271209437718,953.1008709139845,2993.394667064886,0.7750200160128102,0.9819055244195356,0.9911929543634908,1.0,668056.0,678559.625,635448.0,669622.9375,814120.0,825861.75
864691134949248508,L5IT,9388,133823,56.66863295444705,182.9303665902791,862.9998006787896,3677.7132044332247,0.7985726459309758,0.985939497230507,0.9917980400511291,1.0,741488.0,745823.5625,708900.0,703195.375,893540.0,889381.75
864691134966069023,L4IT,4022,56687,58.28442405486132,185.3323218337497,724.6261150101838,2954.484154160841,0.7839383391347589,0.9853306812531079,0.9942814520139234,1.0,839912.0,839063.125,642248.0,651427.0625,741900.0,743780.5
864691134966710559,L4IT,4976,70947,56.51553457407302,209.5139739782552,1430.4615496598035,5918.572900267534,0.7946141479099679,0.9758842443729904,0.9837218649517685,1.0,776360.0,783949.1875,653040.0,648804.0625,884200.0,889227.375
864691134991010426,L2IT,6237,76038,63.79450039972098,241.27720898720688,884.9886611234447,2641.2313246204412,0.7190957190957191,0.9817219817219818,0.9926246592913259,1.0,727672.0,728061.1875,540536.0,540792.71875,835040.0,831875.15625
864691135014355094,L4IT,5033,73510,58.10624697483051,205.30147557866326,1032.5459680019844,3470.146037768079,0.7776673951917346,0.9797337572024637,0.9894695012914763,1.0,1301872.0,1301936.125,655696.0,651984.59375,733920.0,748512.3125
864691135014696182,L6IT,9805,139664,57.10030921544996,194.50218657908093,774.2656545975883,4855.159004701854,0.7927587965323815,0.9867414584395716,0.993676695563488,1.0,734416.0,750493.09375,837184.0,832910.125,914640.0,901539.625
864691135015154934,L4IT,4266,56734,58.669076399889605,213.0641329682059,898.4076366045226,3588.710867624508,0.7702766057196437,0.9819503047351149,0.9910923581809657,1.0,729444.0,729899.9375,700624.0,706100.1875,802700.0,798406.15625
864691135015425942,ITC,1902,20115,78.29674870115642,263.4370090932798,497.5089413366823,4728.453987645566,0.6272344900105152,0.9900105152471083,0.9952681388012619,1.0,748752.0,776277.625,804936.0,906558.875,795360.0,794907.875
864691135015652246,L2IT,4695,51757,70.5593168015394,259.1115604687051,1069.9900073779536,3926.1299199641244,0.6685835995740149,0.9761448349307774,0.9887113951011715,1.0,744120.0,746354.75,543520.0,566097.4375,846560.0,842695.25
864691135059954075,L6CT,1877,16906,81.2780720735919,281.5272409145836,1020.2865619563664,5013.141787155536,0.6148108684070325,0.9765583377730421,0.9893446989877464,1.0,794568.0,806297.21875,914456.0,885290.34375,978320.0,984142.46875
864691135060651419,L2IT,8589,109745,61.88159687055595,266.5942951974438,1300.4974482745715,6023.0774568140205,0.7344277564326465,0.9724065665385959,0.9842822214460356,1.0,718864.0,720568.0,517088.0,545224.0,869320.0,877479.125
864691135060768923,ITC,2768,31334,66.76110329929237,217.13771821601182,416.2783257673417,3321.399277436582,0.7062861271676301,0.9916907514450867,0.9960260115606936,1.0,697860.0,702033.375,825180.0,835294.03125,858580.0,861502.125
864691135067066948,L4IT,4301,55837,60.652313434855884,216.34305485227046,930.0675399702163,2623.13441146751,0.7456405487096024,0.9816321785631249,0.9904673331783306,1.0,579448.0,582610.375,660952.0,671189.6875,882120.0,891662.1875
864691135067448132,L6CT,1606,16933,76.47019856267104,267.75978315426227,954.0597519682236,1712.3983124462457,0.6382316313823163,0.9806973848069739,0.9906600249066002,1.0,740880.0,755101.5625,945244.0,946341.8125,896240.0,900183.5625
864691135101521952,L4IT,3162,38167,61.12883012060769,183.0538179088366,732.9189586242032,4206.023904584649,0.7792536369386465,0.9854522454142948,0.9927261227071473,1.0,761960.0,761089.25,656456.0,663289.3125,915020.0,917148.8125
864691135102151968,L3IT,5271,57820,69.58565989124483,247.76186025564118,1171.9392653549396,4682.299387553887,0.6812749003984063,0.9791310946689433,0.9872889394801745,1.0,741376.0,742276.71875,570552.0,576974.03125,882840.0,882507.84375
864691135105879117,L5ET,6559,48285,100.22657924672477,411.72781020334713,841.604855711986,4386.748852189683,0.49855160847690194,0.9670681506327184,0.9920719621893581,1.0,839328.0,848483.875,785176.0,790425.875,924840.0,923871.5625
864691135106309709,NGC,9531,135230,65.32197897721716,189.54495048643565,400.13019914209497,4772.292169469641,0.7518623439303326,0.9938096736963592,0.9967474556709685,1.0,691936.0,695211.8125,913656.0,915720.15625,945440.0,946453.25
864691135115049881,L2IT,6227,84556,58.114288327505996,216.87374766277804,1129.5584226141114,5611.554494411508,0.7605588565922595,0.9767143086558535,0.9887586317648948,1.0,1054656.0,1053319.625,518216.0,544327.5625,777640.0,786803.03125
864691135119636189,PV,9535,102374,78.7586800771826,269.3986743245301,604.0399641699667,5146.243572378789,0.6181436811746198,0.9851074986890404,0.9953854221289984,1.0,712840.0,713052.5625,810896.0,809008.0,929360.0,922452.21875
864691135134565280,PV,7506,95900,67.42240878503546,206.97294918860493,872.2018619805411,5481.773326286052,0.7081001865174527,0.9850786037836398,0.9906741273647749,1.0,819336.0,822202.5625,738684.0,737950.6875,954040.0,952334.5
864691135134945184,L4IT,3007,36908,63.58099534255499,218.1962592701322,781.2682044443164,2745.6072906610752,0.7356168939142002,0.9850349185234453,0.9923511805786498,1.0,758616.0,761851.3125,661416.0,667161.34375,722400.0,725739.34375
864691135136312089,L6CT,1893,16438,81.76421416946414,260.60009240828487,918.2777065737268,3193.277165340882,0.6133122028526149,0.9804543053354464,0.9915478077126255,1.0,707224.0,698111.21875,955312.0,947853.34375,947440.0,952134.5625
864691135136735001,L4IT,6405,85149,61.76862699825859,239.84594961005814,1005.3473150583256,5060.044397501617,0.7436377829820453,0.9789227166276346,0.9898516783762685,1.0,765328.0,765733.875,659864.0,659804.9375,833880.0,834134.6875
864691135155894884,L2IT,9106,132150,57.38516104858495,211.85534091999628,1011.5791586904456,4242.829939038515,0.7780584230177905,0.9816604436635186,0.9896771359543158,1.0,700712.0,722964.53125,541244.0,573601.1875,880720.0,883325.28125
864691135157994084,L4IT,4578,63297,57.30118479999254,176.891062458494,575.6946828572927,5153.127612567561,0.799038881607689,0.9895150720838795,0.9941022280471822,1.0,753584.0,754762.8125,680364.0,674449.3125,893020.0,894539.5625
864691135164804909,ITC,3686,47811,64.6236286163894,229.41373732110412,814.1177211933338,2211.0234241254093,0.7278893109061313,0.984264785675529,0.9932175800325557,1.0,656372.0,656578.875,525232.0,527596.5625,928440.0,927665.625
864691135164836397,microglia,499,6387,96.16826887024638,941.0511667073787,3866.52942652152,4959.039775217325,0.5130260521042084,0.905811623246493,0.9519038076152304,1.0,787792.0,788011.375,969968.0,968927.8125,959040.0,960310.5
864691135196385578,L4IT,6070,77591,62.796670676249846,234.59077539467756,896.3157118937082,4948.7651718951565,0.7334431630971994,0.9822075782537067,0.9922570016474465,1.0,724948.0,726378.0,628556.0,637112.9375,851440.0,848421.0625
864691135196576298,L5IT,6169,85686,56.778386347711574,197.75011151239934,839.814667345621,4348.985641880328,0.7978602690873724,0.98346571567515,0.9923812611444318,1.0,690824.0,694289.21875,654112.0,628121.15625,877880.0,882594.4375
864691135196592938,L4IT,4289,59028,56.90744267009369,191.54795862156755,1113.5680063468715,5484.773538938276,0.7889951037537888,0.9815807880624854,0.9885754255071112,1.0,740464.0,739142.96875,680784.0,684374.0625,833680.0,839359.71875
864691135209280633,L4IT,6067,86425,60.34458343546668,209.93895073414575,1061.548581619936,4675.729038242325,0.7679248392945442,0.9793967364430526,0.9894511290588429,1.0,940720.0,936297.625,589824.0,585357.625,935200.0,920221.75
864691135210178169,PV,8815,103287,72.77906957876007,231.27025496334593,574.9760896038399,5472.052660236947,0.667725467952354,0.987861599546228,0.9955757231990925,1.0,647480.0,644858.1875,709328.0,710780.5,900600.0,898364.0625
864691135211568576,L4IT,3017,38223,60.88504152293895,216.8647873587265,1005.4315986027237,3229.9118874639985,0.7424593967517401,0.9830957905203845,0.9897248922770965,1.0,765264.0,772105.5,653248.0,673340.0,819240.0,820410.75
864691135211756736,L6CT,1766,17536,80.21434666955378,303.3658345954431,1305.610977991365,2291.1571013968573,0.6047565118912798,0.9733861834654587,0.9835787089467724,1.0,766084.0,769437.15625,932624.0,933012.65625,883160.0,891795.9375
864691135212492992,L6IT,2925,38033,64.99714537000837,234.01701327897356,939.4407142681179,4296.1438000585185,0.7100854700854701,0.9788034188034188,0.9917948717948718,1.0,762520.0,758717.5625,909584.0,913360.5,897240.0,899856.125
864691135214123064,L5ET,3426,28108,84.9938301042809,286.56200103217793,514.8663156362015,3460.1767640225044,0.5723876240513719,0.9889083479276124,0.9964973730297724,1.0,717176.0,728227.65625,837780.0,855633.9375,893580.0,896010.03125
864691135235206489,MC,7062,86723,67.04394729327832,255.47352902230185,924.0994662269102,4614.6558356442265,0.7104219767771169,0.9791843670348344,0.9923534409515717,1.0,813120.0,811544.3125,458064.0,451620.96875,891400.0,892120.0
864691135257404079,L2IT,5747,62123,66.59031109140427,249.82068164065527,1194.697418569719,3244.4336321999253,0.6979293544457978,0.9784235253175569,0.9866017052375152,1.0,1264232.0,1024309.375,573672.0,711093.125,866920.0,858328.6875
864691135257638575,L3IT,4561,54190,63.685782606873886,241.48540975595193,1134.1007724266065,4220.213581772995,0.7068625301468976,0.9820214865161149,0.9885989914492436,1.0,1310840.0,1317093.5,547624.0,569953.90625,965040.0,966597.75
864691135257669039,L3IT,5112,56412,66.09293788867595,250.20619112382357,1348.8129068259793,5585.476993255589,0.7065727699530516,0.9778951486697965,0.9865023474178404,1.0,723468.0,730426.28125,555764.0,556038.625,899160.0,905877.375
864691135258563503,L4IT,7188,108936,55.47294873231702,210.63551578872713,1156.0910006884485,6067.488051402017,0.7964663327768503,0.9767668336115748,0.9874791318864775,1.0,801136.0,808475.90625,630588.0,625282.84375,882160.0,898233.65625
864691135258642863,L5ET,4874,40327,90.4100464680379,403.7069467523196,1039.928976928299,4460.73798196554,0.5510874025441116,0.9671727533853098,0.9895363151415675,1.0,715248.0,713411.5,798676.0,805665.375,845920.0,847912.1875
864691135271463077,L3IT,4406,56938,63.162519782946504,233.10190724684162,974.5407356919405,4351.1671629216335,0.7353608715388107,0.9818429414434862,0.9906945074897866,1.0,876348.0,875694.46875,636820.0,647182.0625,755620.0,787318.96875
864691135272102053,astrocyte,1721,27162,462.6954570097917,2439.0711098502748,2968.255358969728,4059.097401016327,0.2283556072051133,0.5066821615339918,0.6321905868680999,1.0,667768.0,668270.5625,725552.0,724574.0,890280.0,890050.15625
864691135273655569,L5ET,7696,70615,84.95935661016671,370.337883373775,1054.2917579981586,3947.444896009474,0.5718555093555093,0.9686850311850311,0.9889553014553014,1.0,1182840.0,1133182.25,746272.0,752350.6875,744320.0,771963.25
864691135273918993,L2IT,5098,56367,71.23402356011883,282.3118683629537,1151.8626184263169,2673.3177742039948,0.6633974107493135,0.9737151824244802,0.9880345233424872,1.0,1286184.0,1286751.875,472452.0,498592.8125,772900.0,785058.5
864691135275949029,L2IT,5677,70200,67.10369773715901,302.18014063725957,1330.3615833666563,4619.329938218853,0.7003699136868065,0.9688215606834596,0.9832658094063766,1.0,964672.0,960908.0625,480648.0,586760.5625,800480.0,814154.6875
864691135279678881,L6IT,3915,37072,78.37876286820301,5382.913775227525,39878.88112365191,44318.35646340225,0.6125159642401021,0.9261813537675606,0.9325670498084291,1.0,737408.0,738529.78125,929880.0,925774.34375,909080.0,909459.28125
864691135280481697,L5IT,4685,55302,63.365661294189934,249.33237437252825,6851.527465384499,19011.026071750606,0.7184631803628602,0.9703308431163287,0.9765208110992529,1.0,750176.0,765847.65625,754760.0,755355.46875,876600.0,871975.0
864691135293398284,AltDTC,2164,26338,70.23350765835278,268.2398927785889,824.5773289199068,3417.6366211489994,0.6654343807763401,0.9824399260628466,0.9926062846580407,1.0,764476.0,774439.03125,1006700.0,998762.75,916020.0,913200.53125
864691135293605558,L4IT,5504,80174,54.92315265150583,203.11629846049098,1083.0066587989795,6173.762531306881,0.8066860465116279,0.9769258720930233,0.9878270348837209,1.0,923152.0,924695.8125,607940.0,602413.84375,887440.0,890670.96875
864691135293678006,L4IT,8560,131254,54.804945182311286,195.79654368823037,1145.1313236642718,4511.266877912456,0.804088785046729,0.9783878504672897,0.9876168224299066,1.0,707536.0,714506.25,680652.0,669080.28125,834200.0,830371.53125
864691135294187190,L4IT,3379,43856,61.87730425002369,196.74125119525533,694.3588255708104,2856.2435940847204,0.7511097957975732,0.9863865048831015,0.9949689257176679,1.0,767520.0,768692.125,657424.0,672926.75,894720.0,892446.1875
864691135294520844,L4IT,2746,32778,63.185932935720146,232.37349692087878,909.3227873110776,4025.2579211811076,0.725782957028405,0.984340859431901,0.9908958485069191,1.0,746628.0,748422.78125,649188.0,662922.8125,834160.0,834589.25
864691135308295238,L6IT,3862,45975,65.93023789561047,239.43003778137935,1023.2976805445711,5027.646595482075,0.7035214914552046,0.9792853443811497,0.9893837389953392,1.0,708344.0,698955.75,871616.0,880322.75,832200.0,818783.0625
864691135308347974,DTC,2460,26518,73.1022223849674,225.54442552813592,522.597134399389,2553.424606808717,0.6642276422764227,0.9890243902439024,0.9951219512195122,1.0,672656.0,667183.0,908928.0,909564.3125,843100.0,857595.5625
864691135308553030,L6IT,3913,51511,65.28022527917624,241.0770229104923,784.8006176897295,3947.715846695403,0.7137745974955277,0.986199846664963,0.9913110145668286,1.0,1018136.0,1020880.5,871616.0,881197.75,880680.0,871292.5
864691135309022022,astrocyte,1420,20590,284.5558151124213,2456.062353791702,3290.5536808341376,4304.529954921037,0.27535211267605636,0.571830985915493,0.6852112676056338,1.0,772388.0,772632.5625,983256.0,983610.5625,939400.0,938277.84375
864691135309290822,L3IT,4610,47768,72.87703505199059,259.9315394204062,956.005630035804,3800.4529283938646,0.6559652928416486,0.9785249457700651,0.9908893709327549,1.0,711176.0,710363.40625,577016.0,599097.15625,875860.0,864689.625
864691135323181212,MC,3498,43411,71.77330440098476,252.61838223997776,1059.3255679914726,3827.866520355203,0.6852487135506004,0.9805603201829617,0.9885648942252716,1.0,760824.0,761787.4375,404172.0,401783.15625,881220.0,875597.625
864691135324437916,L6IT,4931,61356,66.53033260288122,246.87780923139536,1039.7361296400054,5368.410679396301,0.7049280064895559,0.9813425268708172,0.9896572703305617,1.0,678576.0,672358.3125,882368.0,871739.75,920120.0,888704.75
864691135324623260,L4IT,7699,109178,55.25749383567807,172.1048910296389,700.8031059860756,3665.93725279174,0.8180283153656319,0.9867515261722302,0.9944148590726068,1.0,702488.0,707656.4375,713024.0,711960.8125,845960.0,835055.09375
864691135325071004,L2IT,5562,71858,61.30560221290976,215.18843270346258,880.0604380627227,4622.363266657578,0.7452355267889248,0.9823804386911184,0.992089176555196,1.0,684136.0,686612.625,461980.0,472121.171875,849380.0,848593.03125
864691135325243548,microglia,352,4330,104.92527834925819,1421.5515047657154,3859.813162549582,4985.568138543741,0.48863636363636365,0.8863636363636364,0.9346590909090909,1.0,723068.0,723982.875,760652.0,757192.59375,881320.0,882206.09375
864691135336669673,DTC,5027,59963,68.64227355463979,226.51234884088288,761.7472244844349,5076.843792606904,0.7010145215834493,0.9864730455540084,0.9930375969763279,1.0,855600.0,872091.0,845672.0,819060.625,930960.0,924553.5
864691135336840425,PV,5649,57336,80.0235561022503,241.2652628685982,540.6002213015838,2704.4207544661945,0.6163922818197911,0.9879624712338467,0.9955744379536201,1.0,664224.0,662963.5,667512.0,657667.28125,836800.0,838668.34375
864691135339600102,L4IT,5533,75195,58.35204313046802,208.46843185511761,725.5010996899207,4823.502153356781,0.7764323151997108,0.9859027652268209,0.9925899150551238,1.0,712600.0,710930.0625,720872.0,723561.875,815440.0,808222.625
864691135339729126,L4IT,4706,67336,56.976921896040075,187.10345071850267,927.0717733512225,3873.7055121073995,0.7936676583085422,0.9808754781130472,0.9919252018699533,1.0,831604.0,836104.46875,579092.0,595687.5625,807600.0,823577.0
864691135342594225,L2IT,4257,45808,73.94791373198098,322.9991037095756,1474.939416849155,5982.829363713501,0.6410617805966643,0.966878083157153,0.9783885365280715,1.0,772504.0,773737.375,438816.0,450841.84375,898400.0,903376.40625
864691135343499441,L6CT,3003,33135,67.70781089542034,246.33004567780077,1034.8861023833042,2672.659582174187,0.7029637029637029,0.9776889776889777,0.9896769896769897,1.0,772232.0,772565.9375,860952.0,852796.0,845560.0,842309.1875
864691135343601093,PV,12326,163084,64.10117731430492,202.27264733872278,431.17210924514234,5809.989845758123,0.7271620963816323,0.9929417491481421,0.9965925685542755,1.0,716272.0,717803.4375,736020.0,732462.125,928520.0,925168.3125
864691135343818161,L2IT,4309,48327,70.60973977832307,297.46276161258623,1240.9059121911869,4819.318739539983,0.6600139243443954,0.9747041076815967,0.9856115107913669,1.0,744616.0,747039.5,500464.0,510583.40625,831760.0,845179.9375
864691135351022807,L2IT,5086,61200,64.76689329828724,228.680377070941,858.8971119577751,2675.8384594249146,0.7166732206055839,0.9842705465985057,0.9931183641368463,1.0,699988.0,702110.09375,459708.0,475735.0625,903520.0,901072.0
864691135360300632,L6IT,5698,68252,61.62674304471933,201.53321457693858,589.0257939754216,2359.100342457109,0.747104247104247,0.9885924885924886,0.995085995085995,1.0,788996.0,784282.71875,801440.0,748588.875,864340.0,875089.9375
864691135361430087,L5IT,3943,53183,58.56933658067163,181.4583238883281,545.9555807248673,2658.8607486043247,0.7854425564291149,0.9890945980218108,0.9941668780116663,1.0,719888.0,739171.25,755576.0,767347.125,871320.0,883093.0
864691135361778503,AltBasket,2846,33800,70.44210681370477,243.485942580156,538.1819896821853,5635.540626534451,0.6897399859451863,0.9877020379479972,0.9957835558678847,1.0,524412.0,520280.09375,461824.0,482973.421875,923500.0,923877.3125
864691135374981320,L4IT,5012,73054,57.63026342367107,197.28036920644922,1230.7174142445056,4192.547887509754,0.790901835594573,0.9774541101356744,0.9862330407023144,1.0,822368.0,828594.34375,644368.0,644457.0625,963400.0,962636.125
864691135375590217,L4IT,4329,59206,58.29199800358536,206.43448586255164,881.4005026884171,2355.419511301278,0.7673827673827673,0.9815199815199815,0.9921459921459922,1.0,874624.0,863829.4375,646336.0,654074.28125,937640.0,916760.65625
864691135375888840,L4IT,5076,74667,57.11217511639131,210.27020312102087,1007.608695066486,5823.3986365083665,0.7850669818754925,0.9814814814814815,0.9897557131599685,1.0,694204.0,696218.5625,648708.0,648877.9375,851320.0,852178.75
864691135384203226,astrocyte,1693,27800,305.8356188890529,2525.737397276106,3254.741389766665,4138.501188345546,0.2900177200236267,0.5688127584170112,0.67690490253987,1.0,780192.0,778793.375,956088.0,955983.46875,972160.0,972058.59375
864691135384843738,L5IT,4955,67872,58.663666619552515,195.87665996051345,805.0805766920498,3664.591954817412,0.7733602421796165,0.9854692230070635,0.991523713420787,1.0,737968.0,738081.71875,716984.0,722586.625,846000.0,853213.40625
864691135387513685,L4IT,3874,51731,59.460097367737795,217.958705041993,1102.2521472292678,5114.408544662691,0.7741352607124419,0.9731543624161074,0.9886422302529685,1.0,706700.0,705557.0625,625172.0,640833.0,887600.0,892150.0
864691135387901525,astrocyte,2146,35514,455.1406748903942,2411.0740366631426,3037.167000796062,4558.999880044965,0.2353215284249767,0.5130475302889096,0.6388630009319665,1.0,766556.0,766625.5,522196.0,523024.515625,839720.0,839686.34375
864691135387945813,astrocyte,1412,23038,357.35099664656684,2505.0045661398317,3294.6906725512667,4896.390670448616,0.2415014164305949,0.5474504249291785,0.6805949008498584,1.0,731660.0,731251.03125,679100.0,679712.4375,838520.0,838386.78125
864691135388368001,L4IT,5136,65989,58.929313683842516,196.12574419694792,619.9494594935101,4075.8786523966214,0.7784267912772586,0.9875389408099688,0.9935747663551402,1.0,714540.0,722172.0625,685992.0,689982.125,916480.0,916360.6875
864691135388545921,L6IT,2627,29997,69.95065224856735,237.61118658288464,885.7074335496906,2266.128088109485,0.6863342215454892,0.9832508564902931,0.9912447658926532,1.0,768184.0,769630.3125,919472.0,930162.0625,885680.0,899686.125
864691135388660865,L6IT,5412,71003,63.82776985822049,204.49726761967239,651.2174611600133,4198.079546519604,0.737989652623799,0.9866962305986696,0.995380635624538,1.0,801920.0,853380.1875,888240.0,895464.5,899940.0,901583.8125
864691135396115189,L6IT,4215,61060,61.000448256549724,226.7820340101251,1185.5203826694683,5362.232577102331,0.7402135231316725,0.9810201660735468,0.9871886120996441,1.0,742168.0,738521.0,942880.0,948220.5,891680.0,888475.34375
864691135396794101,L3IT,8112,112008,58.974260050078456,212.57223060363947,835.6674233678411,5288.583374162569,0.7712031558185405,0.9823717948717948,0.9928500986193294,1.0,696228.0,700626.65625,642416.0,697505.90625,832720.0,835528.78125
864691135404765166,MC,5023,68995,63.41212546705874,197.8109459519588,850.5772798104745,5354.61981209042,0.7547282500497711,0.9848695998407326,0.9912402946446347,1.0,670992.0,671180.1875,783128.0,771331.9375,916160.0,919479.125
864691135408788169,L4IT,2472,28814,62.22194395484151,209.71101464927304,835.9279569741694,3054.2423582310066,0.7394822006472492,0.98584142394822,0.991504854368932,1.0,812124.0,821967.5,659016.0,658793.6875,780140.0,779689.1875
864691135409760457,L1,3516,49908,64.04985378837749,191.92955694849707,354.088452414178,1742.3495339447536,0.7497155858930603,0.9943117178612059,0.9991467576791809,1.0,699588.0,696744.65625,387644.0,382693.921875,946860.0,949699.65625
864691135417307322,L6CT,2529,27795,71.9743878056632,328.10555364685257,1457.6024203848008,3565.9212941091746,0.66429418742586,0.9636219849742982,0.9798339264531435,1.0,718432.0,716093.5,933712.0,930021.5,908400.0,908380.5625
864691135417313722,L3IT,4422,53975,63.173789924513514,238.05409089374047,969.9322026969829,5067.0753325543965,0.7272727272727273,0.9816824966078698,0.9900497512437811,1.0,730324.0,734803.9375,582424.0,582246.4375,890100.0,899574.9375
864691135430290480,L4IT,3732,46943,61.6941098915388,210.80284133755308,1042.5343657995006,3338.717489194953,0.7566988210075026,0.9815112540192926,0.9890139335476956,1.0,715812.0,717473.9375,522096.0,516244.46875,889720.0,887325.1875
864691135430486576,L4IT,3264,44582,60.240580593707605,223.8813223615703,1182.29127555873,5336.985345870012,0.7506127450980392,0.9791666666666666,0.9868259803921569,1.0,901528.0,906032.53125,662888.0,679971.78125,943400.0,946601.59375
864691135430859056,L3IT,7953,117522,57.40869108854512,207.539837515821,785.999494221235,2407.4353200683295,0.7788256004023639,0.9831510121966553,0.994341757827235,1.0,769176.0,778852.90625,742272.0,755641.90625,828520.0,825546.125
864691135431088176,L6CT,2425,25862,75.89559028691983,266.21975440063227,983.5991124681395,4564.468207746796,0.64,0.9740206185567011,0.9905154639175258,1.0,737416.0,738293.5625,979048.0,925415.9375,955840.0,955634.46875
864691135431109168,L6CT,2738,32323,66.13430202512689,273.38509845887455,957.7427350351167,2699.2582350585226,0.7067202337472608,0.9733382030679328,0.991599707815924,1.0,694248.0,698110.375,937724.0,927192.625,904860.0,901739.5625
864691135442598728,PV,7795,88156,75.9335904343394,248.16562750571123,710.1461273042929,4970.611218231868,0.6409236690186016,0.9847338037203336,0.9934573444515715,1.0,799136.0,801326.1875,634072.0,631355.96875,923800.0,921577.75
864691135448698196,L4IT,4758,61322,58.112162542045255,196.35340897236654,691.4295778487212,4554.5511395754265,0.7742749054224464,0.9859184531315679,0.9924337957124842,1.0,768004.0,769723.15625,695072.0,694052.09375,891080.0,901110.0
864691135455701354,L4IT,3474,48379,61.58297414929903,234.9892668770137,1436.2365699547563,4353.046102120617,0.7429476108232584,0.9763960852043754,0.9838802533103052,1.0,986096.0,974942.0625,643152.0,646717.5,749760.0,754790.25
864691135455875690,L6CT,1629,13595,90.05261049103463,295.05760005988344,864.8320178440792,1638.502009744724,0.5531000613873542,0.9821976672805403,0.9920196439533456,1.0,772952.0,777346.625,970040.0,973306.0625,952800.0,946548.9375
864691135456493418,ITCperi,3527,51784,58.3944694513102,207.91490706264247,1012.1457502040867,5110.095235551511,0.7635384179189113,0.9761837255457896,0.9897930252339099,1.0,771288.0,766506.0,826088.0,835094.71875,921200.0,911483.09375
864691135464595518,PV,8687,108700,65.39596939032252,206.50635346848816,405.31904972232047,3411.5041570077633,0.7239553355588811,0.9934384712789225,0.9975825946817083,1.0,805200.0,803342.96875,749200.0,751093.9375,872480.0,884454.125
864691135464678206,MC,6506,91813,62.786514460936715,192.8700647521976,713.3552916094616,5965.270960880046,0.7559176145096834,0.9864740239778665,0.9938518290808485,1.0,812468.0,817162.0625,768504.0,761654.1875,906560.0,902251.6875
864691135464714565,L5ET,7946,80814,75.58428656056182,310.64689322032694,964.383371967794,4895.578346595656,0.63830858293481,0.9745784042285427,0.9903095897306821,1.0,1240612.0,1256257.25,765584.0,779200.71875,968240.0,960564.125
864691135464795710,L2IT,6132,84053,59.882763061562684,227.4239514668468,1056.4223631206696,3328.4210191123284,0.7534246575342466,0.9781474233529028,0.9885844748858448,1.0,734256.0,736938.375,480496.0,490383.21875,815880.0,814206.5625
864691135464946757,PV,7808,80694,78.63557968844091,260.1483771206448,538.4502408546546,6779.081998197194,0.6197489754098361,0.9889856557377049,0.9957735655737705,1.0,742376.0,741497.59375,816424.0,810906.84375,881120.0,881744.0
864691135464991645,thalamocortical,14708,164609,74.98692919778267,237.51630846153978,445.0598014984994,4018.916475459368,0.6501903725863476,0.9931329888496057,0.9983682349741637,1.0,769540.0,769292.875,637660.0,634087.25,913200.0,915097.6875
864691135465585221,L6IT,3039,37548,64.73530842013498,254.45221324611646,840.0943050559167,4412.561780728968,0.7193155643303718,0.9782823297137216,0.9924317209608424,1.0,690480.0,697223.59375,990488.0,978009.875,964960.0,961828.375
864691135465795653,PV,9200,95931,77.6266762479006,239.44254091928602,447.91670756188284,3356.6290800816823,0.6325,0.9928260869565217,0.9975,1.0,707132.0,703870.625,885028.0,881760.4375,928280.0,928053.25
864691135466283333,L4IT,4485,59159,61.47436584666816,219.76040860310806,1294.6299770795215,5116.214057792759,0.7344481605351171,0.9772575250836121,0.9859531772575251,1.0,968384.0,970033.0625,679864.0,690299.375,961600.0,958331.0625
864691135469422674,L3IT,5510,70850,63.96290772758206,227.75209482394988,1078.88089375459,3207.762018599377,0.7382940108892923,0.9802177858439202,0.9885662431941924,1.0,854172.0,862978.375,647192.0,702143.125,803560.0,834093.65625
864691135470255698,thalamocortical,11262,142229,70.23691765855153,234.97364563147391,403.39265409370773,3156.667786705627,0.6789202628307583,0.9939619960930562,0.9977801456224472,1.0,877592.0,887181.375,631260.0,629769.1875,820700.0,819626.625
864691135470556242,MC,4881,64390,66.65483618988198,230.2393455732534,798.4511648027666,4420.980767906067,0.710100389264495,0.982380659700881,0.9926244622003688,1.0,687448.0,689918.1875,430232.0,424965.953125,828920.0,827220.78125
864691135470860370,ITC,4903,54201,77.31436941959754,304.06808018416297,1260.9053264146107,4980.481817041682,0.6320620028553947,0.9726697940036713,0.9863348970018356,1.0,788456.0,791816.125,547616.0,583322.5,939240.0,940093.125
864691135473383730,L4IT,4452,60756,61.55058909840572,223.13950737773885,1062.1981429731986,3120.8643534283897,0.7533692722371967,0.977538185085355,0.9889937106918238,1.0,1207900.0,1206812.3125,601444.0,624126.375,960460.0,958885.75
864691135476145832,oligo,178,2903,60.153591929354036,215.60584916421453,3924.8104592578316,4758.3920049378285,0.7528089887640449,0.9719101123595506,0.9775280898876404,1.0,708816.0,708803.6875,912040.0,913458.1875,844540.0,844646.25
864691135476495936,L3IT,9687,135682,58.942801988453176,218.45262124201685,1005.8216004588982,5427.507359794641,0.774852895633323,0.9794570042324765,0.9898833488180036,1.0,762968.0,766446.3125,640544.0,638837.59375,850560.0,856419.59375
864691135476793920,L6CT,1970,19663,76.55987438025988,285.47207439081313,1003.3758728778608,2752.83288035934,0.6263959390862944,0.9776649746192894,0.9898477157360406,1.0,778784.0,780379.1875,916572.0,863408.375,951180.0,911652.0
864691135477448360,L6IT,3053,30838,74.04501375852394,248.00202102767713,564.6854793527681,2021.9212195258128,0.6609891909597118,0.989190959711759,0.996069439895185,1.0,700080.0,700036.1875,917256.0,924218.3125,913760.0,917455.875
864691135480718022,L2IT,4987,61251,64.60789183605978,244.4176598789501,1002.7964192040146,3627.058618585623,0.7104471626228194,0.9789452576699419,0.9897734108682574,1.0,1087424.0,1086742.125,444968.0,466778.625,778600.0,783307.625
864691135492225127,astrocyte,1119,18941,330.0018954135908,2468.143217488315,3053.9753926644084,4407.419701236945,0.2680965147453083,0.5558534405719392,0.6738159070598749,1.0,702656.0,702143.3125,377632.0,377310.3125,842000.0,841403.9375
864691135492614239,MC,5072,66766,64.41948984926026,196.35266881812805,575.0019204457141,4708.482618254659,0.7379731861198738,0.9879731861198738,0.9956624605678234,1.0,587260.0,583865.5,639668.0,418675.890625,951000.0,954101.53125
864691135492749415,L2IT,4437,50330,68.91352711006743,267.4083031339895,1328.0488139769166,5508.337039650244,0.6716249718278116,0.9752084741942754,0.98535046202389,1.0,735216.0,735122.1875,462328.0,482513.65625,908520.0,907974.28125
864691135493079783,L2IT,5243,64300,68.21453405433479,296.68281241056434,1148.1601736803282,3685.282167792583,0.6814800686629792,0.9696738508487507,0.9872210566469578,1.0,1399240.0,1394174.75,507968.0,537033.625,776120.0,789243.78125
864691135496381840,L2IT,4255,58400,59.71161979935312,239.14554059456714,1218.180649644062,4250.707589533624,0.7555816686251469,0.9708578143360752,0.9844888366627497,1.0,687376.0,691760.59375,494272.0,511656.625,889840.0,891262.78125
864691135496440208,L3IT,5092,58077,68.7433938962908,255.01282419935072,875.4541671405848,2959.7874560779273,0.6816575019638649,0.9819324430479183,0.9907698350353495,1.0,703548.0,707505.3125,585864.0,596104.875,840780.0,856726.5625
864691135499765267,MC,11757,141090,74.89675184879515,259.45686082995553,782.6805023916079,5688.487299265618,0.651696861444246,0.9817130220294292,0.9927702645232628,1.0,678040.0,676115.875,590616.0,590642.40625,889880.0,886612.40625
864691135499964947,L5IT,7213,98903,57.58397400753095,208.82825212844187,765.0620289769645,3815.2913807876457,0.776237349230556,0.9861361430750034,0.9929294329682518,1.0,737760.0,737991.3125,736176.0,738973.1875,880920.0,889732.375
864691135502748482,L5IT,5062,62490,58.29876575237523,176.06025118303566,514.1955025420232,2100.835697741794,0.7876333465033584,0.9897273804820229,0.99585144211774,1.0,681472.0,686621.53125,736728.0,739581.40625,870960.0,877828.5625
864691135502902338,L5IT,5450,70565,61.190759433915034,205.28783047188637,637.5744281239747,2654.4022382049598,0.7478899082568807,0.9869724770642202,0.995045871559633,1.0,1004384.0,997053.4375,800068.0,799974.3125,784960.0,785418.125
864691135503163202,L4IT,8405,113592,57.631752925904486,196.99970027558408,986.584119070817,6088.19254819575,0.7886972040452112,0.9829863176680548,0.9902439024390244,1.0,600184.0,614304.90625,637720.0,635584.71875,911440.0,904857.21875
864691135503182685,L5ET,8500,74870,86.53989789933432,361.67335977403,974.8464056441343,6283.9996950961695,0.5695294117647058,0.9711764705882353,0.9905882352941177,1.0,695204.0,696128.90625,822708.0,820226.5625,811020.0,800725.25
864691135503448898,L6IT,7149,93410,61.21833524617033,211.38963342347648,861.6876673119443,3840.3949183523105,0.7661211358231921,0.9839138341026717,0.9920268569030634,1.0,718624.0,715508.96875,906400.0,908113.78125,882720.0,883581.40625
864691135503836253,L4IT,5586,81865,55.942597428466826,196.75813565796219,941.5684761174497,4135.91250653574,0.7969924812030075,0.9824561403508771,0.9901539563193699,1.0,858668.0,858560.1875,658580.0,659626.5625,873600.0,878147.875
864691135504168285,L4IT,3718,51557,59.638966507999484,199.59980114815187,866.0961063915959,2988.229621939636,0.7802582033351264,0.9838622915545993,0.9919311457772996,1.0,755144.0,755180.75,666680.0,669747.4375,839320.0,842264.0625
864691135504315317,L3IT,3120,34243,69.81300209823056,262.579990267085,1010.9798875677648,2870.045342085208,0.6679487179487179,0.9814102564102564,0.9897435897435898,1.0,1069520.0,1075228.5,585308.0,596970.5625,765020.0,764909.8125
864691135517531786,L2IT,5769,73672,63.03791176992223,245.74224881640416,1232.645988874173,4013.934705050177,0.735656092910383,0.9746923210261744,0.9856127578436471,1.0,1347016.0,1348912.25,533256.0,561828.59375,758200.0,762879.21875
864691135518510218,NGC,2177,26891,69.67222366194436,207.28915140789636,427.6474725006489,3919.144331859355,0.7087735415709693,0.9903536977491961,0.9935691318327974,1.0,709872.0,711707.3125,389960.0,388871.875,823360.0,826054.75
864691135519178378,L6CT,2727,28385,71.78369200243186,268.65214976167675,948.297213655713,4102.647364621715,0.6563989732306564,0.9750641730839751,0.9911991199119912,1.0,775792.0,768765.6875,886176.0,864027.75,920040.0,913957.75
864691135520105354,L3IT,5239,60099,67.70033927167573,247.40482206466328,754.4043426931242,3330.8472135713837,0.6959343386142394,0.9841572819240313,0.9921740790227143,1.0,740768.0,751544.375,633624.0,645936.5,847920.0,847270.4375
864691135527713115,L6CT,4959,57158,65.10995057640959,267.44493791693327,1212.201007086307,4146.901145829407,0.7096188747731398,0.9782214156079855,0.9879007864488808,1.0,727480.0,721776.3125,883600.0,843051.59375,887520.0,892005.875
864691135528046939,MC,9821,129625,70.69908310270014,273.28745168777874,1022.9052812219535,5460.439829254256,0.6828225231646472,0.9755625700030547,0.9891049791263619,1.0,819336.0,822732.375,567488.0,561446.4375,929480.0,923686.25
864691135546161704,L4IT,5561,74381,59.073775378758384,199.09836804014742,887.3158540399876,5146.217606012935,0.7719834562129113,0.9847149793202662,0.9913684589102679,1.0,705416.0,703176.0625,643488.0,644726.375,838160.0,835151.875
864691135562048225,L6CT,2402,23924,76.0320139296795,278.1170445875239,1149.8310678534945,5088.80809887615,0.6440466278101582,0.9796003330557869,0.9883430474604497,1.0,689120.0,685367.03125,964284.0,943697.1875,929060.0,923317.59375
864691135562410721,L6IT,5865,71929,62.033320179561564,212.26848198444569,885.8441358160518,5499.557785489439,0.742540494458653,0.9841432225063939,0.9916453537936913,1.0,784248.0,783087.875,895528.0,892762.1875,932000.0,936977.0
864691135562798817,L3IT,8506,123530,58.007744575862006,206.70463624904437,772.4615673390354,3594.210826975791,0.7846226193275335,0.9840112861509522,0.9941217963790265,1.0,763996.0,774057.375,551980.0,553411.09375,903300.0,916830.0
864691135566657623,L6CT,2057,17660,86.78020907730057,280.5239532688963,935.098867442632,2393.372615486878,0.5785123966942148,0.9815264948954788,0.9912493923189111,1.0,772272.0,783676.875,960736.0,958265.90625,936720.0,941632.75
864691135566825495,PV,10486,129921,68.64279977818981,228.51844154783197,495.0764771881412,4493.831126701636,0.6827198168987221,0.9900820141140568,0.9957085637993515,1.0,781628.0,776053.25,815664.0,810945.75,860240.0,860967.75
864691135566902039,ITC,4733,56823,66.61057536157453,209.87538486115162,455.3121818329975,4711.941669096589,0.7115994084090429,0.9932389604901753,0.9959856327910416,1.0,643904.0,643362.0625,617992.0,618421.625,860840.0,862511.0
864691135566966807,L3IT,4893,61205,63.18756954743947,250.7168884703467,916.3447901370896,3953.070842514399,0.7255262620069487,0.9783363989372573,0.9916206826078071,1.0,701824.0,700451.0,485528.0,487533.0,840040.0,838415.125
864691135567047191,L3IT,4378,52509,63.96536841528536,258.1367072963192,1167.7481830473444,5978.121486865147,0.706258565555048,0.9798994974874372,0.9892645043398812,1.0,715912.0,724248.6875,509952.0,520822.25,856640.0,856681.875
864691135569592300,L4IT,4290,58464,60.11523671280091,207.57399733424808,1121.1303624227858,6191.164008904646,0.7750582750582751,0.9771561771561772,0.9862470862470862,1.0,753516.0,757134.09375,666572.0,668227.375,833580.0,839800.5625
864691135569866988,L4IT,4618,64548,61.08331911024216,239.12300601303184,1320.7788325769416,4737.697056010573,0.7514075357297532,0.9774794283239497,0.9852750108271979,1.0,577656.0,578535.03125,662264.0,661112.78125,840660.0,845740.5625
864691135570502278,L3IT,4339,54313,61.55247380284565,238.74152499472194,1033.8874431007384,4340.078708873694,0.7374971191518783,0.9792578935238534,0.9896289467619267,1.0,961992.0,949464.125,559624.0,573969.5,900960.0,909040.6875
864691135570791558,L4IT,5317,78971,56.69036824331361,185.91703601823676,760.2855481058891,2753.4801317491833,0.7880383675004702,0.9849539213842392,0.9928531126575136,1.0,941896.0,944370.8125,633128.0,648997.625,933280.0,919982.625
864691135571356038,MC,8427,110336,69.03797641515864,265.8882496059096,1205.0320826417835,4552.418839371274,0.6938412246351015,0.9762667615996202,0.9874213836477987,1.0,731784.0,728433.90625,452768.0,446397.109375,903600.0,902721.0625
864691135571440006,NMC,8897,125124,62.870130589275064,180.97177841467953,359.9529528363306,5080.363542755823,0.7536248173541643,0.993705743509048,0.9961784871304934,1.0,730112.0,727470.78125,422888.0,420440.328125,930520.0,924555.71875
864691135572346349,L5IT,5990,76884,58.32127479022314,195.0022469462346,733.1241871391551,2319.664022176757,0.7761268781302171,0.9874791318864775,0.9921535893155259,1.0,716052.0,718502.71875,741800.0,744471.8125,812940.0,814610.875
864691135573327085,L3IT,4202,49309,62.05099591402876,229.95315283608105,701.4498816666028,2381.135865867118,0.7386958591147073,0.9866730128510233,0.9933365064255116,1.0,778352.0,781479.25,594252.0,605768.75,847300.0,854200.0
864691135579134981,ITC,3136,34068,72.0089742337768,248.5906127620476,1539.091020621305,4514.851615865271,0.6667729591836735,0.9802295918367347,0.9862882653061225,1.0,668824.0,667026.125,490232.0,506295.3125,824560.0,824792.25
864691135584504429,L2IT,4654,63810,57.898352637058835,190.3001735287453,1199.5835159893638,4185.380648034932,0.7932960893854749,0.9798023205844435,0.9877524709926945,1.0,714408.0,715582.65625,554716.0,572586.3125,895240.0,896165.3125
864691135584625773,L3IT,4935,59100,64.39914595706996,234.65305309951074,839.3718644868882,3407.70795919431,0.721580547112462,0.9829787234042553,0.9933130699088146,1.0,721296.0,719893.53125,635824.0,643688.0,901120.0,899740.8125
864691135585713528,L5IT,7293,102582,55.5788080679138,198.6186842102888,981.4455195185267,5013.502032013152,0.7914438502673797,0.9829973947621007,0.9902646373234608,1.0,690440.0,690626.03125,707056.0,711851.59375,896200.0,891532.90625
864691135586414716,L4IT,2852,38826,62.51925900989504,221.32382811333287,1124.2714967466961,4049.023278250262,0.7426367461430575,0.9789621318373072,0.9870266479663394,1.0,1282972.0,1283509.625,629492.0,641613.53125,857100.0,858886.46875
864691135587086972,microglia,888,13708,66.3131035608915,714.7295818638165,2340.2252654773,3508.8114190162387,0.7072072072072072,0.9346846846846847,0.9662162162162162,1.0,738804.0,740577.0625,1006976.0,1005557.28125,900980.0,897101.59375
864691135587771772,L4IT,5139,69011,58.36462702270957,183.0463759276022,470.1937909963224,2012.4224063069487,0.7803074528118311,0.9910488421871959,0.9966919634170072,1.0,735696.0,735317.1875,695128.0,705131.8125,889520.0,888570.625
864691135591726603,L4IT,3011,40427,59.63646378265566,189.99044025069767,964.9776140512932,4703.008947488432,0.7632015941547658,0.9840584523414148,0.9903686482896048,1.0,747272.0,750734.0,724280.0,747477.1875,908280.0,914793.875
864691135592276491,L6CT,2425,27599,69.33315179263091,305.9669452025692,1216.0474104611012,4504.894892468358,0.6762886597938145,0.9682474226804124,0.9851546391752577,1.0,724616.0,730047.0,913072.0,883796.0625,894320.0,888494.9375
864691135593082635,astrocyte,1629,26330,421.2848325732247,2474.2372748080734,3038.2761864001995,4168.120228386083,0.24186617556783302,0.5303867403314917,0.6507059545733579,1.0,697736.0,697935.09375,695888.0,696297.28125,896440.0,895857.875
864691135595810859,PV,15643,184046,72.55057503218013,234.50688610638784,524.631275057014,5240.04820953789,0.6654733746723774,0.989068592980886,0.9946941123825354,1.0,687176.0,688651.78125,684088.0,681578.1875,890080.0,889174.75
864691135611692295,astrocyte,1281,22714,208.2252573836805,2353.363971306885,2897.2366575007914,3938.131523388701,0.32162373145979706,0.6174863387978142,0.7298985167837627,1.0,743176.0,743004.53125,373864.0,374208.671875,859760.0,859316.71875
864691135617409385,L5ET,4174,39202,77.12826353411296,288.84570060715697,692.0280957289503,2362.971945255064,0.6226641111643507,0.9863440344992813,0.9954480114997605,1.0,744888.0,745176.625,827636.0,834989.0,812780.0,822968.84375
864691135619294351,L4IT,6599,97037,56.42732466411995,194.17810720541286,866.1569845651075,5218.53311001401,0.784361266858615,0.9813608122442794,0.9919684800727383,1.0,901360.0,899085.8125,687480.0,698818.4375,825160.0,824704.375
864691135620793284,oligo,463,7888,56.43310475687121,172.09055082344935,546.5840295372087,2656.6902230795085,0.816414686825054,0.9870410367170627,0.9913606911447084,1.0,757872.0,756065.59375,875296.0,875725.03125,680600.0,680524.375
864691135640297787,L4IT,3218,38939,64.48575107751674,225.9895195293955,900.5399861744636,5144.88350587868,0.7181479179614667,0.9835301429459291,0.9909881914232442,1.0,721284.0,720508.25,666956.0,674863.3125,866780.0,869436.3125
864691135640544571,L5ET,5879,55429,83.70472190235148,355.8910965409396,871.739555332666,3622.248155388964,0.5774791631229801,0.9749957475761184,0.99319612178942,1.0,733328.0,735583.8125,809520.0,826775.6875,887600.0,894507.125
864691135646493679,L5IT,6617,90868,55.84178263182507,170.03410234689585,586.4074849630088,3506.0104998416646,0.8168354239081155,0.9873054254193744,0.9941060903732809,1.0,751816.0,756363.4375,695568.0,684056.9375,912400.0,918167.5625
864691135655390658,L2IT,5033,65618,60.14091525326165,218.38151553018628,1025.8471017160907,4156.114340831169,0.7430955692429962,0.9817206437512418,0.9892708126365984,1.0,742232.0,742321.84375,434968.0,447587.09375,873680.0,865646.90625
864691135655473858,L6CT,1209,10296,87.9611730751131,309.0034576566676,1003.546738448957,4356.406175464474,0.5822994210090985,0.9718775847808105,0.989247311827957,1.0,820352.0,819932.28125,1013888.0,1013497.59375,959320.0,957957.625
864691135659538306,thalamocortical,8300,111845,64.57302895982548,217.97269654362975,446.37923676870224,5559.837356054694,0.7257831325301205,0.9922891566265061,0.9979518072289156,1.0,799084.0,799474.0,595956.0,586774.625,900860.0,892644.4375
864691135659824514,ITC,3671,48431,62.255584588854354,202.8981371605971,426.12562910467966,1606.464276806755,0.7564696268046853,0.991555434486516,0.995369109234541,1.0,779720.0,784384.6875,760512.0,761962.125,962320.0,960237.0
864691135662059760,L4IT,2882,36136,65.47648369798506,222.2758818598464,1202.3741824121637,5651.283909016826,0.714087439278279,0.9784871616932685,0.9882026370575989,1.0,976228.0,978274.1875,637840.0,649226.25,968240.0,967138.8125
864691135662070512,L4IT,4756,68310,57.705546330924946,199.00964703390116,1048.4342641237404,4268.496064921461,0.7815391084945332,0.9810765349032801,0.9890664423885618,1.0,913752.0,920439.46875,639564.0,626218.90625,837960.0,840582.65625
864691135662802416,L4IT,4248,61136,57.69058046972666,208.61510693695166,1080.646017043067,4948.703442490644,0.772834274952919,0.9825800376647834,0.9884651600753296,1.0,699352.0,701777.1875,681180.0,689760.4375,897120.0,895556.0625
864691135685087474,L2IT,5332,63442,64.8907766692779,257.09879881906363,1225.6427124957454,3920.5413474456877,0.7106151537884471,0.9773068267066767,0.9874343585896475,1.0,687036.0,693653.15625,487388.0,505789.515625,868040.0,861680.21875
864691135686055351,L6IT,3887,53690,61.80355723985473,212.20113702078498,855.2404697790757,2067.317204925565,0.7468484692564961,0.9832775919732442,0.9933110367892977,1.0,745448.0,745501.15625,873248.0,891762.03125,880720.0,873869.25
864691135686414775,L2IT,4823,60051,60.15377429970625,217.05344893713104,1192.6234887281341,2990.9182438519197,0.763010574331329,0.9765705992121086,0.9856935517312876,1.0,1149280.0,1027383.0625,590824.0,711695.6875,734000.0,748804.375
864691135686540471,PV,18903,211858,72.75306050263453,229.47856057946893,459.94056851031877,6652.949226776234,0.6629635507591387,0.9913770301010422,0.9963497857482939,1.0,809552.0,807776.625,586560.0,575222.625,843200.0,842173.9375
864691135688387040,L3IT,3975,44370,68.99674471487768,231.86877868680753,857.5331118865962,2545.0545096384967,0.6958490566037736,0.9841509433962264,0.9922012578616353,1.0,697352.0,696429.40625,627480.0,671258.15625,891040.0,888979.5625
864691135688407776,L6CT,1761,17523,75.47956056112145,290.2259491542753,1136.7482517303154,4760.25966909238,0.6490630323679727,0.9721749006246451,0.9858035207268597,1.0,705856.0,709013.5625,944984.0,943086.8125,899800.0,898210.875
864691135693735103,NGC,4037,56281,68.86073468421608,229.33112361084775,659.176379319354,4464.020422010298,0.706217488233837,0.9873668565766658,0.9913301956898687,1.0,711432.0,711693.125,1011008.0,1010251.5,956840.0,956779.625
864691135694246079,L3IT,4051,44104,65.95834978416303,244.5077942334949,786.734992846729,1606.2057459857065,0.6931621821772402,0.9856825475191311,0.9933349790175265,1.0,767480.0,768350.1875,605616.0,609986.125,845120.0,842989.90625
864691135694264511,L4IT,4611,52378,65.95403376831852,218.04403077686527,540.2774265170762,4140.86314362341,0.7026675341574495,0.9887226198221644,0.9956625460854478,1.0,760232.0,759074.71875,653976.0,658620.09375,882640.0,886856.6875
864691135698211994,L3IT,6220,83873,62.01020973871391,241.30169143407005,903.1296270449095,5282.612480315729,0.7364951768488746,0.9818327974276527,0.9916398713826367,1.0,735476.0,738520.125,618012.0,639618.5,881500.0,885426.75
864691135698731541,L2IT,5009,62350,64.71382314660447,260.92922774540904,1077.2843723912863,3168.680270590039,0.7037332800958275,0.9768416849670593,0.9884208424835297,1.0,1380680.0,1374961.0,489016.0,526350.53125,901880.0,904896.78125
864691135700648226,L2IT,4307,47831,66.75492286387949,246.09584941459957,969.3588297155152,3112.263029382719,0.6921290921755282,0.9818899465985604,0.9902484327838402,1.0,1325768.0,1276599.5,472544.0,493702.46875,862400.0,857265.875
864691135701624699,L2IT,6476,90652,60.60856574692059,224.65025799752132,1069.8171935392877,2630.7288396068234,0.7493823347745522,0.9774552192711551,0.9887276096355775,1.0,1303692.0,1301439.5625,498752.0,517352.484375,770120.0,779858.78125
864691135702946683,L6CT,2119,20325,78.45368358942746,291.65399784252634,1176.9009767019145,2264.921671003492,0.6370929683813119,0.9754601226993865,0.9877300613496932,1.0,755304.0,761713.0,957208.0,957479.875,892040.0,896860.25
864691135717299738,L4IT,5423,75188,55.818623684214934,199.395845864377,1362.662159067188,4929.1117472814,0.795869444956666,0.9758436289876452,0.9856168172598193,1.0,730696.0,737930.40625,663840.0,656874.34375,824720.0,834062.46875
864691135726140843,L3IT,7904,104940,59.55361473017808,259.649931009843,1479.3898071906299,5590.185438630927,0.760754048582996,0.9697621457489879,0.9831730769230769,1.0,703816.0,706636.375,617992.0,609776.40625,852360.0,858430.84375
864691135726881195,L4IT,5587,81260,57.08234868372183,220.0378066365235,1350.872656245408,5042.134619725806,0.797565777698228,0.9738679076427421,0.9847861106139252,1.0,742168.0,741020.15625,653832.0,649558.375,832600.0,835527.1875
864691135727686463,AltBasket,3025,34153,68.79878950606617,228.1270112116595,655.1640219476575,5663.19752222905,0.7061157024793389,0.9838016528925619,0.9937190082644628,1.0,1253320.0,1254300.875,448480.0,466387.90625,703240.0,696504.625
864691135727929663,L1,8186,124393,59.91563891844315,179.34506179986124,334.9889504701445,4477.899731772977,0.7655753725873442,0.9952357683850477,0.9980454434400196,1.0,839808.0,847990.625,420300.0,419590.625,819080.0,818651.875
864691135731707065,L6CT,2235,25607,67.29279539817023,221.11585312146366,503.5483357667898,2457.304227483087,0.6787472035794183,0.9897091722595078,0.9959731543624161,1.0,772792.0,776888.0,907752.0,920748.0625,935480.0,924794.0625
864691135732369081,astrocyte,1692,26224,425.1892474009203,2499.2512268869077,3229.1764413974543,4050.6618016380976,0.24822695035460993,0.5212765957446809,0.6554373522458629,1.0,675884.0,676729.84375,568296.0,568951.1875,896640.0,895387.625
864691135738266500,L6CT,2532,27159,74.16734315689439,258.55204520224476,1207.8526228339422,3779.1942025136127,0.6674565560821485,0.9739336492890995,0.985387045813586,1.0,729228.0,725793.0,963396.0,962046.1875,922340.0,925737.1875
864691135738969220,L2IT,5540,64987,66.53518789770436,264.5214880236658,1043.0019271640247,4470.928708403322,0.6938628158844765,0.9763537906137184,0.9893501805054151,1.0,732180.0,732407.5625,487792.0,497678.75,828000.0,836901.625
864691135740860820,L2IT,5474,63036,66.78384558432559,263.6301191496241,1047.3644792235414,3548.227938549925,0.696565582754841,0.9778955060284984,0.9890390938984289,1.0,1159232.0,1159380.75,562636.0,574911.40625,785640.0,803524.25
864691135741090196,L4IT,3302,45772,60.9105544995339,205.8551939374719,996.6845874111395,3094.6788258486936,0.7655966081162932,0.982434887946699,0.9900060569351908,1.0,896052.0,898684.09375,671652.0,674931.5625,942220.0,942842.09375
864691135741308308,astrocyte,1820,28672,595.5558084700547,2674.4449014108204,3394.1044029139484,4468.626872866681,0.22472527472527473,0.47527472527472525,0.595054945054945,1.0,722304.0,722007.3125,519164.0,518865.96875,848660.0,849468.5625
864691135741458324,L2IT,5679,59972,72.70034951987851,301.4403153976445,1290.2093918477015,5198.323224623133,0.6545166402535658,0.969184715618947,0.9836238774432118,1.0,686232.0,684422.71875,464256.0,480182.109375,856440.0,858013.78125
864691135741641876,PV,13938,153890,74.03820737002411,238.0102538934764,435.24070057335064,5126.727631445935,0.6490888219256709,0.9923948916630794,0.9976323719328455,1.0,669924.0,669564.0,570508.0,564087.15625,806400.0,807177.625
864691135741659499,L4IT,4284,58991,60.77473856005162,212.36700986950058,986.7975345983605,3503.5134030054833,0.753734827264239,0.9817927170868347,0.9901960784313726,1.0,1163396.0,1162533.125,643940.0,644083.8125,984540.0,971832.75
864691135741780116,L3IT,3931,45314,66.8964407802276,249.94290095795355,767.4230340526623,2260.1948149578834,0.6932078351564488,0.9842279318239634,0.9944034596794709,1.0,685688.0,683251.4375,559048.0,566417.25,850800.0,850294.28125
864691135741930603,L3IT,3773,45078,61.8075073817898,230.5709132378807,1149.8451374580259,5681.720614790141,0.7320434667373443,0.9801219188974291,0.9883381924198251,1.0,717112.0,721253.46875,552560.0,560876.15625,895760.0,894293.1875
864691135742097044,L4IT,5674,76495,57.459592877289346,201.57863829574896,1132.0249490600434,3612.246547120988,0.7976735988720479,0.9786746563271062,0.9883679943602397,1.0,759936.0,760717.6875,634308.0,621917.25,901700.0,903010.375
864691135742826603,ITCperi,3467,47653,63.099221221422376,227.62177091591326,1027.0278054545156,3018.001888408538,0.7450245168733776,0.9777905970579752,0.9887510816267666,1.0,778360.0,772465.9375,656648.0,649152.5625,862720.0,870517.1875
864691135742895723,ITC,4931,55418,75.28552421448627,306.203891705463,1385.0475466134012,4727.757530333488,0.6434800243358345,0.9701886027175015,0.9841817075643886,1.0,656728.0,659870.5,594008.0,624774.15625,842920.0,841484.0
864691135743102827,L2IT,9568,123766,60.820303112662344,211.02129580396874,917.9856467999709,4983.753563925236,0.7626463210702341,0.9842182274247492,0.9906981605351171,1.0,781200.0,777090.03125,607928.0,624936.1875,856220.0,855700.15625
864691135756844242,NMC,11470,141267,70.89248224759669,259.23177267132996,979.5928264179887,4116.659103664189,0.6745422842197035,0.9795117698343505,0.9902353966870096,1.0,730436.0,726506.8125,543604.0,505883.75,939720.0,940898.1875
864691135760050254,L3IT,5102,57217,67.12689490380492,260.8338158945877,1076.7893301165645,4965.102505157245,0.6965895727165817,0.9778518228145825,0.9878479027832223,1.0,733316.0,727861.1875,570744.0,581527.25,818360.0,825482.8125
864691135763433270,L3IT,5011,63264,62.773378675299135,235.74542033794995,974.2081063124813,3173.4016892366462,0.7224106964677709,0.9806425863101177,0.9902215126721213,1.0,709448.0,710419.3125,546920.0,554916.9375,837400.0,836680.125
864691135764583990,L2IT,10397,161341,55.006924280039506,201.8276197349082,945.7958368647335,3564.9751666002617,0.8054246417235741,0.9827834952390112,0.9910551120515533,1.0,757896.0,762274.875,533168.0,546400.4375,835200.0,833147.375
864691135765006134,L4IT,4098,56202,59.84228365514732,196.8820858417419,980.071555394704,3133.7925625662133,0.7767203513909224,0.9821864324060517,0.9902391410444119,1.0,743308.0,755096.6875,626268.0,636340.71875,831640.0,847614.0625
864691135772053835,L2IT,5871,85494,56.38775666368099,213.734932357118,1121.4545384351452,3676.2443483518696,0.7852154658490887,0.9783682507238971,0.9875660023846022,1.0,1224968.0,1224936.125,439384.0,449979.453125,907720.0,916139.28125
864691135772065787,oligo,278,4995,55.181032893373754,209.65742722412637,808.2971652244065,830.5651555050106,0.8309352517985612,0.9784172661870504,1.0,1.0,693788.0,693366.3125,372072.0,371971.3125,815680.0,815837.25
864691135772774651,MC,6783,88224,71.89850159252278,286.6831035647882,1099.0919533381193,4588.327770601044,0.6735957540911102,0.9747899159663865,0.9879109538552263,1.0,692104.0,690507.4375,531208.0,526993.21875,808160.0,806457.0
864691135772987899,L4IT,3232,44364,62.935296230333925,238.66523175272388,1677.0428942791273,4042.8609165571106,0.7385519801980198,0.9702970297029703,0.9801980198019802,1.0,1142220.0,1142324.875,645736.0,659851.0625,964140.0,959677.96875
864691135773240571,L6CT,4212,50333,64.6313749025493,252.46039373693233,989.9890792879072,5068.795918796322,0.7193732193732194,0.9786324786324786,0.99002849002849,1.0,766316.0,758243.6875,898340.0,877566.6875,883580.0,880493.8125
864691135773724747,L6CT,2222,25830,70.36007346981718,300.8311736138224,1056.1522618287504,2254.977080329754,0.6723672367236724,0.9720972097209721,0.9896489648964897,1.0,679148.0,671724.4375,960060.0,952612.71875,907160.0,890355.21875
864691135773776459,L6IT,3249,36070,70.19729450805066,251.6003529368481,1064.6741381849786,6322.73558619754,0.6740535549399815,0.9806094182825484,0.9892274546014158,1.0,780904.0,782944.5625,936832.0,913459.21875,929400.0,923980.65625
864691135774177531,L2IT,4397,52120,64.70441354971467,300.85518695979323,1233.8985231548252,3875.989146938817,0.7161701159881737,0.9667955424152831,0.98408005458267,1.0,935824.0,933347.4375,462704.0,485774.015625,690120.0,686996.21875
864691135774221643,MC,11111,144703,71.86459163767648,252.6472766659715,796.7251225948864,3907.9433499684333,0.6786067860678606,0.982629826298263,0.992979929799298,1.0,746376.0,746352.3125,655160.0,653269.0,793600.0,793054.6875
864691135774307659,L2IT,6710,92679,59.495041822389396,204.022441188682,1368.735979143411,4886.787541981823,0.7755588673621461,0.9782414307004471,0.9852459016393442,1.0,764724.0,765570.1875,492764.0,509000.4375,868940.0,880243.625
864691135777400237,L6IT,5084,60528,67.57600725777766,236.18829906338271,814.7279211205239,5383.721442942169,0.6947285601888277,0.9854445318646735,0.9927222659323367,1.0,1346412.0,1339388.0625,797472.0,807939.28125,895560.0,897656.0625
864691135777789357,L2IT,4407,48879,68.25992945169223,276.1064111871955,1097.2990619307318,4668.577358755823,0.6839119582482415,0.9768550034036759,0.9886544134331745,1.0,772424.0,773448.9375,531784.0,543637.625,816400.0,818993.8125
864691135778290109,PV,9551,107819,80.03885775047017,256.70297037068053,485.6951886476433,4718.608738779631,0.6162705475866401,0.9904722018636792,0.9960213590199979,1.0,772720.0,778642.6875,951968.0,951988.75,908680.0,918103.25
864691135778331232,L6IT,4665,64566,61.82807564124894,230.5592965326577,712.3453234102248,2719.6700842542464,0.7363344051446945,0.9862808145766345,0.9933547695605573,1.0,807104.0,824048.6875,885528.0,884655.125,910760.0,896945.875
864691135778542509,L4IT,3117,39645,64.02639226326906,213.53192638086102,1073.4169748346244,5357.2267261440875,0.7356432467115817,0.9788257940327237,0.9884504331087585,1.0,758584.0,759703.25,702736.0,715124.5625,844080.0,847020.875
864691135778811325,L2IT,5384,60263,69.81851473439903,282.25269845302876,1160.9959949322472,3837.482561035294,0.6684621099554234,0.9777117384843982,0.987555720653789,1.0,756680.0,746440.0,537936.0,549941.25,818120.0,817568.6875
864691135779020221,L4IT,3409,44725,58.42135472153996,201.84752967043343,1211.4270825207554,4075.15577204188,0.7820475212672338,0.9826928718099149,0.988559694925198,1.0,856440.0,856155.1875,669016.0,673851.4375,761360.0,761821.75
864691135779705021,L4IT,4690,63223,58.0040068256155,210.21371269322665,1435.8474344234255,5572.727478603386,0.7831556503198295,0.9739872068230278,0.9818763326226013,1.0,718976.0,717873.125,619528.0,629912.3125,882040.0,886702.875
864691135779716797,L4IT,3638,46405,59.64985681680375,232.11528455957102,1247.2496083529354,4948.851405171583,0.7539857064321056,0.974436503573392,0.9851566794942276,1.0,701380.0,700065.3125,661800.0,659999.625,871120.0,874136.25
864691135782241616,L3IT,4070,46981,65.65929882452397,238.73225238650937,1133.6283779585237,3367.076669289697,0.7117936117936118,0.9798525798525799,0.9879606879606879,1.0,694404.0,699520.3125,581392.0,591223.9375,844560.0,849066.125
864691135784960307,L2IT,5479,69828,61.13960076129055,228.7686739218107,1147.9918206802608,4061.171408230789,0.7333455010038328,0.9786457382734075,0.9877714911480198,1.0,713936.0,713919.4375,516920.0,533929.40625,910040.0,912962.5625
864691135786943684,L6CT,2883,28547,72.48507389456121,254.28955953446487,1115.9974825557088,4251.28932694615,0.6749913284772806,0.9788414845646896,0.9882067291016302,1.0,766080.0,769435.0,874600.0,868915.25,918640.0,920359.0625
864691135801163874,L2IT,3977,49899,61.67613243792123,244.58799309893323,1260.0085080690699,4170.879239895236,0.7415137037968318,0.974352527030425,0.984158913754086,1.0,695192.0,689395.0,512288.0,513092.5625,877520.0,884955.1875
864691135801376610,L6CT,2336,25950,69.63805617678037,239.64865173918693,928.9094038869757,4405.070885673975,0.6793664383561644,0.983304794520548,0.9914383561643836,1.0,688264.0,683713.96875,887928.0,875661.46875,912720.0,915565.53125
864691135801604706,L3IT,8334,121872,56.14488442076059,196.3338208124586,1025.0123780070865,2827.7389294496406,0.8041756659467243,0.9823614110871131,0.9894408447324214,1.0,1322840.0,1323081.625,644112.0,654891.65625,856280.0,866908.84375
864691135809384221,L6CT,2132,23116,71.50183004737102,253.31068252529127,985.0015923683092,4917.685069757162,0.6744840525328331,0.9788930581613509,0.9906191369606003,1.0,710268.0,719707.15625,945692.0,932920.09375,942140.0,941320.90625
864691135809456669,L6IT,6031,74125,64.56734008963045,227.7547214799632,957.2296798024372,3910.4146704066115,0.7189520809152711,0.9809318520974962,0.9908804510031504,1.0,734088.0,734681.625,906504.0,897673.5,892480.0,889261.125
864691135810531357,ITCperi,3234,41885,65.47840733170608,229.13099017572986,998.5412063619818,5740.32277443416,0.7189239332096475,0.9783549783549783,0.9901051329622759,1.0,657984.0,661197.6875,519964.0,526198.5625,817960.0,819965.3125
864691135810803660,L6CT,1614,17256,74.40653932162148,238.27145049378018,804.500431924264,4670.4293039090635,0.661090458488228,0.9845105328376704,0.993184634448575,1.0,777464.0,788890.34375,943180.0,907675.78125,878640.0,861749.625
864691135838738579,L6CT,2701,28954,71.73459111544443,271.9574372144472,1150.8410918758507,5454.3133167991455,0.6527212143650499,0.9803776379118845,0.9870418363569049,1.0,705632.0,705964.5625,911192.0,901553.34375,950280.0,947306.03125
864691135843236323,L5IT,9148,132215,55.83148119732213,199.48984441202325,844.9116071834281,5578.689986793494,0.8011587232181898,0.9834936598163533,0.9928946217752515,1.0,674232.0,678211.875,671092.0,655685.875,868480.0,866609.3125
864691135850033758,L2IT,4715,62676,58.9710601693746,201.64745398488813,960.6162497286108,3293.4948175579766,0.7717921527041357,0.9821845174973489,0.9906680805938494,1.0,699344.0,700942.84375,576392.0,601130.75,868680.0,871589.59375
864691135852558279,L6CT,3945,50023,63.097487816473325,249.470914240722,878.3788089809749,5395.854894181505,0.7186311787072244,0.979467680608365,0.9923954372623575,1.0,747160.0,751800.75,950904.0,953685.8125,950640.0,943281.1875
864691135853090503,PV,15255,164588,79.25704818815801,250.1408070180557,510.32691307735513,4725.955355219858,0.6189446083251393,0.9891838741396264,0.997115699770567,1.0,790024.0,793152.4375,566752.0,563721.25,897720.0,896876.21875
864691135853198023,L5ET,4551,44392,75.38536412991583,282.6898198236478,863.9357843508117,3737.195496583969,0.6290925071412876,0.983080641617227,0.99121072291804,1.0,706696.0,717251.375,850720.0,860999.5625,833880.0,841487.34375
864691135857976366,AltBasket,2577,33030,69.9233117869141,242.26515284940822,755.9421032774519,6304.051077001623,0.6918897943344975,0.9840900271633682,0.9918509895227008,1.0,1271408.0,1261494.625,412784.0,415616.484375,824280.0,817027.71875
864691135865774206,L4IT,3914,48372,62.48520310578936,214.2308886860708,1007.7384801633153,6547.790282380099,0.756004087889627,0.9833929483903935,0.9897802759325498,1.0,717276.0,721119.9375,642808.0,653038.25,844640.0,841160.6875
864691135866279900,L6CT,2882,32144,66.69254969117827,268.7566212469659,1051.2825663572264,2700.8432428884594,0.7113115891741846,0.9712005551700208,0.9892435808466343,1.0,733464.0,726685.75,939604.0,935733.25,919220.0,919914.1875
864691135866751870,L5IT,7450,105958,56.21891479940133,194.51627604088353,802.2627807136276,6193.928957429807,0.7943624161073826,0.9851006711409396,0.9920805369127517,1.0,762848.0,778552.84375,736804.0,716179.25,799940.0,796935.8125
864691135866947804,L2IT,5818,80361,57.20192742328096,201.60143682737439,866.3571664153585,3619.1532725426605,0.7744929529047783,0.9841870058439326,0.9915778618081815,1.0,727360.0,725864.5,509696.0,527688.3125,825080.0,827029.375
864691135867532933,L6IT,5191,65028,61.327056121258586,230.51910534584633,949.614620228509,3811.971850712568,0.7457137353111154,0.9782315546137546,0.9905605856289732,1.0,754920.0,759391.84375,924448.0,920474.78125,922400.0,922917.03125
864691135867561349,L6CT,1600,14990,75.77890857551414,249.02096439837146,753.3473432555062,1718.1752959626237,0.6325,0.98625,0.9925,1.0,752836.0,772003.78125,1016708.0,1023769.5625,930380.0,931708.65625
864691135867644805,L4IT,3921,51914,60.1740639208455,210.70804186421077,1039.2066596719906,3887.0886046387595,0.7574598316755929,0.9821474113746493,0.9895434838051518,1.0,769376.0,782724.625,702448.0,706409.5,862880.0,862363.625
864691135868210454,L3IT,4242,45248,71.12450846369279,261.06044628506265,1166.517302052362,3076.601624306842,0.6704384724186704,0.9813767090994814,0.9860914662894861,1.0,741824.0,741071.5625,595560.0,611372.90625,895220.0,893378.4375
864691135868334870,L6CT,2342,24583,72.2189420211613,255.90790914406884,906.5867071346704,2362.6110927914588,0.6703672075149445,0.9833475661827498,0.9906063193851409,1.0,745188.0,756549.375,920348.0,917024.5625,924400.0,942596.0625
864691135868916246,L4IT,4172,55817,60.38197602474282,202.3294544896048,1070.3070428291992,3825.184361365802,0.7710930009587728,0.9822627037392138,0.9889741131351869,1.0,670392.0,672995.8125,676576.0,682748.9375,983640.0,983567.25
864691135868946966,L6CT,1488,13528,92.7685869752176,339.27653777315743,851.549270874186,2523.7073284530243,0.5336021505376344,0.9791666666666666,0.991263440860215,1.0,807740.0,801668.03125,1029704.0,1028013.0,1025400.0,1026028.1875
864691135874782350,L2IT,3988,45302,67.73911995241005,265.5503517732782,1273.1275953774843,4675.627428234231,0.6980942828485457,0.9779338014042126,0.9854563691073219,1.0,692936.0,695918.53125,524284.0,529876.1875,873020.0,875268.28125
864691135874914702,L3IT,3526,36858,70.14612249417326,250.6874901547323,1005.2818097631699,3588.643135599791,0.6769710720363018,0.9818491208167895,0.9892229154849688,1.0,603856.0,603913.8125,626100.0,646437.75,745600.0,745360.4375
864691135875460494,L6CT,1815,18870,74.93087960747557,295.11952053275735,1062.0439470410006,1943.6912059034094,0.6325068870523416,0.9730027548209367,0.9878787878787879,1.0,766736.0,765303.78125,892368.0,902569.71875,905360.0,902862.53125
864691135875763086,PV,2372,31257,65.83334393822653,4869.648110511405,16254.580124145577,24457.9291556344,0.6998313659359191,0.9118887015177066,0.9173693086003373,1.0,687452.0,686469.0625,414664.0,416999.0625,940680.0,939446.75
864691135875799694,astrocyte,1470,23824,389.44799985420593,2361.0979504121447,2997.307064306714,3942.8692291036614,0.24965986394557824,0.5319727891156463,0.6727891156462585,1.0,730820.0,730538.40625,427620.0,426940.140625,872200.0,874036.75
864691135877825107,L5IT,3319,34420,69.31647306016082,220.36605229889605,612.8832646459657,3580.1117333733455,0.6932811087677011,0.9876468815908406,0.9927689062970775,1.0,721720.0,730947.125,761960.0,775309.125,833200.0,838363.25
864691135878061395,L5IT,4437,51204,66.41424216611976,239.60703430513456,824.5974075219312,2041.092732574576,0.7056569754338518,0.9833220644579671,0.9930132972729322,1.0,773736.0,787945.78125,814400.0,829023.59375,930680.0,949843.875
864691135878154067,PV,8027,101619,67.73561309422098,202.260797354009,390.2273973473994,5290.385673116139,0.7083592874050081,0.9935218637099789,0.997134670487106,1.0,788744.0,781739.5,761224.0,759653.75,884440.0,882290.875
864691135885140848,L2IT,4784,48445,76.39960735265045,301.82488236543765,1137.7470176694057,6388.962284919594,0.6275083612040134,0.9753344481605352,0.9885033444816054,1.0,1349728.0,1347540.125,500632.0,510082.75,832500.0,839320.625
864691135885623408,L6CT,4089,60128,60.24280299338669,222.79374074115148,936.5069095552335,3451.1223276366923,0.7593543653705063,0.9799461971142088,0.9909513328442162,1.0,736576.0,730311.375,946552.0,944908.9375,893320.0,883375.15625
864691135885911920,L3IT,4311,48195,68.86130195000672,264.14563758711904,1199.059401423178,3014.557783308565,0.6838320575272558,0.9779633495708653,0.9863140802598005,1.0,755080.0,747587.75,588576.0,600649.8125,891840.0,890224.6875
864691135886314096,L4IT,3592,47695,59.59682161647817,204.97341554356265,1067.1208740465536,3010.2090426528107,0.7664253897550112,0.9782850779510023,0.9888641425389755,1.0,695512.0,695281.8125,683248.0,696158.0,898560.0,901202.25
864691135891690121,PV,8397,100604,72.31660532858272,228.13407134381183,531.9302099321142,6194.554208637616,0.6745266166488031,0.9892818863879957,0.9938073121352864,1.0,732512.0,730671.09375,731928.0,734640.6875,937560.0,936689.8125
864691135891796617,PV,24533,297883,71.2890517979444,224.9473613924218,422.74754708563785,5966.440460570377,0.6664900338319815,0.9936004565279419,0.997432030326499,1.0,665824.0,665700.4375,478160.0,476066.875,903120.0,902791.6875
864691135892048777,L2IT,7549,102746,58.682041812210315,231.16343805854854,1135.2330854458214,4145.232976527073,0.7579811895615314,0.9817194330374884,0.9884752947410254,1.0,716984.0,720399.09375,503440.0,562444.03125,908240.0,912026.9375
864691135919645872,L5IT,5750,79067,61.425453571348086,238.73461575769772,1167.2267014299666,3912.4890365261726,0.7386086956521739,0.9796521739130435,0.9878260869565217,1.0,1347016.0,1345341.75,670640.0,682231.375,808060.0,809090.0625
864691135919749808,L6CT,2729,33002,62.737081588562916,248.75086423638842,966.3170897755073,4329.393934020962,0.707218761451081,0.978746793697325,0.9904727006229388,1.0,776400.0,741615.21875,947040.0,942572.4375,912960.0,885606.78125
864691135919956656,L2IT,5133,63691,61.76208130803236,223.55193235076717,1294.4111893581398,4750.849464339246,0.74673680109098,0.9766218585622443,0.9865575686732905,1.0,739760.0,741273.1875,546344.0,552655.4375,855520.0,863265.8125
864691135920381616,L6CT,2386,25392,71.8256206401455,283.023767307615,1200.818958916305,4240.933524148899,0.6550712489522212,0.9740150880134115,0.9861693210393965,1.0,739452.0,736226.53125,941280.0,909761.9375,894180.0,884986.65625
864691135920800688,L4IT,3844,52013,59.168295607703236,204.5809983162308,1169.9969426930686,3105.748320906332,0.7684703433922997,0.9739854318418314,0.9862122788761707,1.0,741120.0,737285.625,698564.0,699507.8125,893260.0,903470.25
864691135927647956,L3IT,3554,38100,74.17554584654152,304.79662862629726,1076.1600971760492,5734.025906608397,0.644625773776027,0.9743950478334271,0.9876195835678109,1.0,1377368.0,1367322.5625,564656.0,578668.03125,773720.0,767846.6875
864691135927648212,L2IT,2703,24858,79.92629050608129,394.9864752528224,1348.9041231933763,3280.5500181943576,0.6130225675175731,0.9581945985941547,0.9792822789493155,1.0,1394752.0,1393737.6875,453144.0,459538.828125,798640.0,794932.84375
864691135928366606,L2IT,4013,45831,67.20326123271474,255.13662541853637,1290.9477997441386,5038.066673307083,0.689010715175679,0.9733366558684277,0.9843010216795415,1.0,689664.0,691997.3125,474104.0,491664.96875,882120.0,879583.125
864691135937286404,L2IT,5259,66493,66.9206911668581,257.80104155428677,909.8399849311706,3148.393263336872,0.7001331051530709,0.9828864803194524,0.9914432401597262,1.0,1286280.0,1285635.5,594504.0,593459.6875,871360.0,904640.125
864691135938816260,L3IT,4446,49853,67.73637469221651,272.57291167151436,1233.9271573849812,3873.6100828837625,0.6828609986504723,0.9768331084120557,0.9867296446243815,1.0,707776.0,707940.9375,564992.0,586624.4375,883140.0,877118.4375
864691135938925109,L6CT,1484,15986,81.55526376209416,295.2782303653668,1356.4591648165047,5716.295267560757,0.5869272237196765,0.9703504043126685,0.9845013477088949,1.0,713744.0,709284.28125,964528.0,973391.59375,950020.0,933844.375
864691135939094020,astrocyte,2089,34950,560.5870702052001,2524.5679671555063,3204.6090017869788,4139.80893326084,0.2077549066539014,0.4796553374820488,0.614169459071326,1.0,739280.0,739462.625,557592.0,558039.84375,835600.0,835577.75
864691135939102980,astrocyte,2049,32848,436.33927274255296,2432.3640998594506,3090.5962241874095,4336.176259642532,0.25866276232308444,0.5217179111761835,0.6661786237188873,1.0,703552.0,704596.46875,673672.0,674151.75,869440.0,868990.15625
864691135939209988,L6CT,1807,17924,78.88730589423118,252.2139324786347,812.9787433861585,5630.386915684614,0.6391809629219701,0.9850581073602657,0.9922523519645822,1.0,791440.0,805772.375,994064.0,1007618.1875,910720.0,904117.4375
864691135939462453,L6IT,3765,50565,59.54180516662222,206.91898177897178,897.4390151088352,4739.287575845393,0.7559096945551129,0.9856573705179282,0.9915006640106242,1.0,762736.0,762056.3125,922864.0,921733.375,880040.0,872845.0
864691135941829121,PV,11482,106080,87.03005488216482,292.8366278286199,648.7695230107828,6889.857621385855,0.5676711374325031,0.9839749172618011,0.9941647796551123,1.0,680680.0,675382.8125,812624.0,811046.65625,833300.0,835662.5
864691135943534196,microglia,584,7622,87.16116188991677,1183.390565495614,3128.8729294741074,5418.590238417646,0.5684931506849316,0.9058219178082192,0.9417808219178082,1.0,685068.0,685227.625,587724.0,588093.34375,835740.0,835089.5625
864691135947139108,L2IT,3807,41861,69.92705462658927,266.84031819047453,1188.091261653468,4743.028239826225,0.6771736275282375,0.9747832939322301,0.983451536643026,1.0,819336.0,818553.5625,471032.0,491411.46875,801160.0,807673.0625
864691135948150625,L6CT,2755,26396,77.99411536295543,271.686717508484,1125.8417116617904,3912.2926163088823,0.6232304900181488,0.981125226860254,0.9894736842105263,1.0,794112.0,794050.28125,926160.0,922997.84375,898760.0,888864.25
864691135948823905,L1,3241,40531,71.52526323789378,237.80938729894578,1624.9797089650012,5277.396857430784,0.6763344646713977,0.9787102746066029,0.9858068497377352,1.0,759944.0,764057.375,407040.0,405434.125,945520.0,947969.25
864691135954940424,ITC,2621,30592,68.34554324350637,223.3310082765322,617.3632006112559,3764.2247863520984,0.6921022510492179,0.9870278519648988,0.9931323922167111,1.0,785888.0,800943.96875,688616.0,679511.78125,841440.0,847620.625
864691135975539779,L2IT,9001,123486,62.58147814050096,264.62681565272254,1273.281399941702,3950.106359822005,0.7362515276080436,0.9695589378957894,0.9854460615487168,1.0,1323192.0,1322367.5,540552.0,562592.5,799680.0,829197.5625
864691135975633475,L5IT,6625,87006,59.26928088183625,208.71052918563538,1024.824836419589,4045.596235221392,0.7515471698113207,0.9812830188679246,0.9895849056603774,1.0,1294136.0,1297837.125,709392.0,715230.0625,912880.0,912793.21875
864691135977309763,L4IT,5657,72617,62.298424939961365,233.60809983954385,1331.8469460562994,5097.058867391689,0.7426197631253314,0.9757822167226445,0.9840905073360439,1.0,664952.0,669399.125,650856.0,651429.0,753960.0,751391.75
864691135977768259,PV,12670,142664,74.98859167819228,235.14620439698638,465.2938531527235,5226.2180589044265,0.6468823993685873,0.9913180741910024,0.9959747434885556,1.0,707456.0,703867.5,866556.0,865802.125,900240.0,901261.46875
864691135989943040,L3IT,3829,40792,69.61445863872318,255.29311684151602,736.4886952153968,3419.4633367999063,0.6738051710629407,0.9845912770958475,0.9937320449203447,1.0,704064.0,704437.4375,639056.0,696853.1875,891400.0,891941.28125
864691135990004992,L4IT,4713,56800,60.537114132571595,206.79222472544316,734.1689314454773,4491.177042877373,0.7492043284532145,0.9876936134097178,0.9919371949925737,1.0,714000.0,707709.625,638768.0,639094.1875,849080.0,853353.71875
864691135990134784,L3IT,3440,36505,67.98596562251763,235.77511361024142,955.8021122079087,3823.3367217000387,0.6988372093023256,0.9828488372093023,0.9901162790697674,1.0,718176.0,726735.4375,639544.0,666820.0,883040.0,883445.0625
864691135990672896,DTC,10428,147542,61.771279280669084,210.01117104413862,863.1320456841971,5924.227438095304,0.7506712696586114,0.9808208668968162,0.9920406597621787,1.0,770064.0,767625.78125,765256.0,753419.3125,949240.0,947506.75
864691135992790209,ITC,3252,39547,65.70009318411266,228.39750727125727,533.1146743070528,5318.438953155099,0.7137146371463715,0.9883148831488315,0.9953874538745388,1.0,712008.0,719917.25,715936.0,736167.625,891280.0,895666.625
864691135993770945,AltBasket,3820,44024,66.24979359679801,223.739222298714,415.8449570037896,2606.0584866686127,0.7099476439790576,0.9929319371727748,0.9971204188481675,1.0,1247192.0,1245651.1875,701664.0,711557.9375,709360.0,699309.84375
864691135995711402,ITCperi,2545,34475,62.81511188599444,247.68621585310967,961.2818522672229,4063.5126934902332,0.7269155206286837,0.9760314341846759,0.9905697445972496,1.0,684160.0,683579.8125,529536.0,536898.0625,867440.0,861814.0
864691136007059658,AltBasket,17046,252761,63.06658806322885,267.6179751205995,736.2409279922541,5973.654637123978,0.7391763463569165,0.9813445969728969,0.9938401971136923,1.0,819336.0,817128.0625,485368.0,489738.0625,877920.0,877944.4375
864691136009893294,L2IT,6698,89165,63.26833866769725,242.04518930602723,1128.7855601953308,3813.347830549662,0.7267841146610928,0.9765601672140938,0.987757539564049,1.0,1115368.0,1118863.125,463984.0,484297.65625,994500.0,989971.6875
864691136010027182,L5IT,4321,53608,60.520238092310905,224.65794311853298,988.8404041589703,5427.695025068768,0.7486692895163156,0.9800971997222865,0.9900485998611432,1.0,761984.0,770064.9375,788416.0,808894.125,880960.0,885354.125
864691136011549614,AltBasket,13702,195678,61.97036891059962,241.85404986207465,565.7471917846361,5281.857993479307,0.7409867172675522,0.9873741059699314,0.9967887899576704,1.0,771276.0,773085.53125,467004.0,471028.171875,944120.0,941485.65625
864691136013367715,L3IT,12852,177568,59.540726557987995,215.89848489527157,851.7386408644916,5194.171729643837,0.7712418300653595,0.9809368191721133,0.9916744475568005,1.0,926628.0,957907.125,631892.0,636998.90625,815520.0,830243.84375
864691136013554851,L4IT,4983,69298,57.0397339580051,191.5251352585322,968.6438938792041,4604.83915512054,0.7920931165964279,0.983744732089103,0.9899658840056191,1.0,716240.0,715699.46875,693048.0,696714.84375,803600.0,800800.15625
864691136021997560,L6CT,2720,26861,74.68991869488275,282.2229559785676,946.529806281966,2903.8513401117402,0.64375,0.9786764705882353,0.9922794117647059,1.0,750064.0,750825.0625,883008.0,856721.6875,874440.0,871373.1875
864691136022520056,L5ET,4708,34388,96.35302739590038,355.3546644294803,819.6608451351838,9019.72632146134,0.5176295666949873,0.9742990654205608,0.9917162276975361,1.0,722528.0,722595.5,818628.0,824397.875,878900.0,880205.34375
864691136026254649,L4IT,4838,66742,58.524083502823075,222.56253660597625,1036.2591843971295,4039.0565991252834,0.7676725919801571,0.97912360479537,0.9890450599421249,1.0,744748.0,737910.5625,617776.0,629776.6875,831480.0,838175.09375
864691136040834558,L3IT,4233,51779,65.43573899254137,220.70963696408074,841.98805971227,2883.272085317088,0.7087172218284904,0.986061894637373,0.9914953933380581,1.0,621088.0,630208.4375,673944.0,695994.25,768640.0,767870.625
864691136041437182,microglia,500,6149,101.11422027989099,2413.407117307352,3669.149583658506,4729.446640299211,0.49,0.874,0.918,1.0,741796.0,742537.0625,466504.0,466697.34375,840360.0,840400.5
864691136042515798,L6IT,3383,44770,65.41648420887506,242.0821437807919,925.8394662349601,3717.937348706437,0.7150458173219036,0.9796039018622524,0.9917233224948271,1.0,816392.0,815414.03125,950632.0,952676.28125,890800.0,881698.71875
864691136043508822,L3IT,4739,54054,68.45011299296736,283.94359346405,841.9194801769961,3561.236899984681,0.6722937328550327,0.9803756066680734,0.9917704156995146,1.0,712240.0,712979.53125,538072.0,544393.6875,831480.0,832268.40625
864691136053635571,astrocyte,1914,29229,388.9762198929147,2461.2750199336956,2981.695427757631,4236.254969659964,0.24033437826541273,0.5470219435736677,0.687042842215256,1.0,672612.0,672630.0625,668252.0,667595.25,875560.0,875801.8125
864691136066069400,L2IT,4350,47881,67.01861986685847,285.679786646932,1227.871121934004,3313.7944447521654,0.6862068965517242,0.9703448275862069,0.9827586206896551,1.0,1164328.0,1138173.25,449236.0,464477.96875,830860.0,847063.9375
864691136066631832,L3IT,5153,69499,62.556911588568695,247.72868036493657,1191.403065800003,9140.574707767628,0.7366582573258296,0.9782650882980788,0.9871919270327965,1.0,1313520.0,1321565.375,609648.0,632268.0,799560.0,801673.9375
864691136084313196,L5ET,4495,46198,77.73542869888864,308.0480329278887,1299.0170363391867,5551.696431328446,0.6197997775305896,0.9741935483870968,0.9862068965517241,1.0,1176400.0,1180174.0,711696.0,724604.78125,987400.0,972401.0625
864691136091074615,L4IT,4717,66173,57.90627529681045,224.8627460533705,1313.5991554803059,4617.2810671568395,0.773372906508374,0.9743481026075895,0.9845240619037524,1.0,862368.0,864793.25,643872.0,642684.375,944560.0,932239.0625
864691136106969561,L4IT,3646,50706,61.66591880471329,202.79328435906203,1165.837936205745,3511.7674814471984,0.757542512342293,0.9810751508502469,0.9873834339001646,1.0,1250112.0,1251497.8125,659532.0,671954.25,767720.0,776889.46875
864691136107670745,PV,8107,87217,78.54181310773262,265.7684239403721,637.8289698690304,4667.767816282077,0.6200814111261872,0.9863081287775997,0.993955840631553,1.0,857856.0,856833.9375,809768.0,806015.375,764200.0,760388.1875
864691136110256824,L2IT,4966,61840,62.040466799788035,230.84636361529977,1213.957246555145,3715.1124126035875,0.734393878372936,0.9758356826419654,0.9861055175191301,1.0,821380.0,823499.0,460756.0,494119.8125,794880.0,806410.4375
864691136111294392,L4IT,5059,65836,61.77346467132955,667.9594583670332,10064.701683768351,24033.74885886381,0.7367068590630559,0.9466297687289978,0.9571061474599724,1.0,770928.0,770542.25,651288.0,653564.25,842560.0,844150.6875
864691136111294648,L4IT,4326,54157,60.81278901904571,223.64253362655154,1261.8517949591328,5427.599317521744,0.7662968099861304,0.9766527970411466,0.9854368932038835,1.0,760968.0,762346.5,673404.0,668128.125,818640.0,819629.9375
864691136111478712,L2IT,3731,51236,57.16686786286267,203.85740198614153,1021.7717732689782,4129.645352603689,0.7823639774859287,0.9793621013133208,0.9895470383275261,1.0,709264.0,714872.65625,442424.0,456784.046875,844600.0,842041.8125
864691136117695908,L4IT,3689,49625,57.797633223601814,214.7253490254159,947.3666648766144,4970.462931549359,0.7722960151802657,0.9777717538628354,0.9910544863106533,1.0,1077432.0,1076505.625,588624.0,593771.9375,972160.0,976406.75
864691136118359716,L5IT,5649,83027,57.32728816846302,188.055239796331,900.3259182535018,5919.594832458447,0.7971322357939459,0.9833598867056116,0.9911488759072402,1.0,776800.0,783595.375,705216.0,689505.25,814840.0,806671.0625
864691136118771108,L5IT,7174,99596,57.159658515290566,196.36231000321408,790.8873975257771,4531.092784341598,0.7851965430722052,0.9866183440200725,0.9930303875104545,1.0,771116.0,777830.09375,649256.0,617253.125,873320.0,876584.8125
864691136118878116,MC,11186,138307,73.83910459820368,245.00500694332413,645.2314255863757,4372.510503310712,0.6633291614518148,0.9864115859109601,0.9940997675666011,1.0,743108.0,742471.3125,649704.0,641908.5625,855480.0,853554.9375
864691136118882468,PV,5327,64577,71.97308524719502,223.0977812721839,618.1279255319192,4870.6813126316065,0.668293598648395,0.9885489018209124,0.9943683123709405,1.0,810696.0,810967.6875,687720.0,684182.75,843840.0,846108.875
864691136137834877,L3IT,9383,120688,67.10358131277346,306.76689208628176,1294.5045253718934,6088.844283763057,0.6946605563252691,0.9681338591068954,0.9833741873601194,1.0,1213104.0,1219471.6875,485160.0,514077.53125,922880.0,925819.0625
864691136138583677,L2IT,5248,69699,61.05421630846509,221.48092743149203,1288.3797497029836,4766.595289850667,0.7682926829268293,0.973704268292683,0.9832317073170732,1.0,723508.0,726148.625,548264.0,571158.75,834720.0,841739.5
864691136138622333,PV,16895,186591,75.82581807999172,247.53141844295166,592.4108822463567,9862.199126034848,0.6340337377922463,0.9877478543947914,0.9937851435335898,1.0,782112.0,783429.125,527136.0,526367.1875,902720.0,903207.6875
864691136138695549,PV,21468,237813,75.71603830547011,235.5577679836794,458.35480448762473,5886.312441270001,0.6441680640953978,0.9918483324017142,0.9970188187069127,1.0,703480.0,704201.125,761788.0,759971.4375,918000.0,912100.875
864691136139027581,L4IT,4269,49799,63.19229086684546,207.23472113234766,511.2206289734166,1687.7548765853114,0.7306160693370812,0.9892246427734832,0.996252049660342,1.0,699704.0,700372.1875,710440.0,713865.5625,860760.0,862592.5625
864691136144674612,L3IT,6713,92852,60.82229494601466,249.51794075174098,1005.3225529682026,2887.9450888023302,0.7412483241471771,0.9800387308207955,0.9898704007150305,1.0,713208.0,714969.21875,609672.0,631514.59375,842320.0,840397.75
864691136145208372,L6IT,4089,49640,65.69915453223123,235.74529574312615,735.9901009266787,1722.3235010263024,0.7185130838835901,0.9872829542675471,0.9941305942773294,1.0,764240.0,761801.375,965416.0,954715.65625,917240.0,901280.34375
864691136145572404,ITC,4206,50643,67.96938905318815,238.18192845087788,872.1736368526796,4446.13617588702,0.6951973371374227,0.983357108892059,0.9921540656205421,1.0,728604.0,729506.1875,581196.0,598270.5,775240.0,776949.875
864691136176327430,L2IT,4460,44164,70.39218637770858,279.9103520272766,1279.2622447025244,4977.7674864756455,0.6798206278026906,0.9681614349775785,0.9827354260089686,1.0,1273912.0,1269417.1875,525092.0,536719.3125,770820.0,776517.09375
864691136177799686,L4IT,2594,34271,62.054600171841585,230.0193254978586,1285.7837583019568,4845.516649198127,0.7478797224363917,0.9726291441788744,0.9826522744795683,1.0,697676.0,698970.9375,694884.0,714356.875,815240.0,814373.75
864691136195526120,L4IT,4395,59599,61.8505317782313,226.84970160498008,1052.0502245287112,5332.538436042913,0.7542662116040956,0.978839590443686,0.9886234357224118,1.0,963272.0,962456.6875,627528.0,636525.8125,784640.0,785511.4375
864691136195537366,L6CT,2360,28543,64.62631455486401,248.01427958977735,862.6304214316339,2463.5433909437234,0.7177966101694915,0.9796610169491525,0.9949152542372881,1.0,756060.0,748285.3125,978712.0,977288.4375,957380.0,955388.25
864691136195824204,L4IT,4031,55133,58.878756846697264,190.7046712252374,613.7881603461543,2194.48183928889,0.7814438104688662,0.9888365169933019,0.9928057553956835,1.0,677536.0,678363.4375,526096.0,539580.5625,864000.0,859112.4375
864691136195891788,L3IT,4470,51168,67.5616533171004,248.08645814478388,862.9112984817301,6258.373297593493,0.6821029082774049,0.9829977628635347,0.991275167785235,1.0,732364.0,737509.8125,589324.0,597649.125,909560.0,912058.78125
864691136195901772,L6CT,4200,48961,65.61933795747001,233.89158749840814,864.2209778130247,2452.739706207377,0.7011904761904761,0.9821428571428571,0.9928571428571429,1.0,812804.0,819211.625,897856.0,893563.8125,909240.0,906762.9375
864691136196240342,ITC,4550,59308,63.536299293603186,227.8226743359544,582.5704816416666,3244.2623066056944,0.7323076923076923,0.987912087912088,0.9931868131868132,1.0,720780.0,723548.5,669592.0,672226.75,971140.0,978610.5
864691136196979020,L5IT,6788,95410,59.71704520721392,196.94536184029346,788.9507516567674,3112.583488463603,0.7769593400117855,0.9865939893930465,0.9929286977018268,1.0,764040.0,766956.90625,730736.0,714296.75,859140.0,857671.3125
864691136211175612,L6CT,2944,34691,65.71320523961093,245.4003942399836,1165.1127945467586,5828.645002606202,0.7085597826086957,0.9775815217391305,0.9867527173913043,1.0,738932.0,740228.5,825876.0,825532.0,843960.0,844132.875
864691136211325884,L2IT,6977,104366,55.06764306287314,201.61344996779772,1414.241631818872,5716.301913510714,0.8155367636519995,0.9757775548229898,0.9846638956571593,1.0,760360.0,764845.34375,509720.0,543364.1875,846520.0,848314.28125
864691136211371452,L4IT,4328,63679,56.5053402378457,204.29603689480695,1176.341307722994,4759.005964845757,0.7865064695009242,0.9743530499075785,0.9861367837338263,1.0,766676.0,767001.3125,686876.0,702623.4375,879040.0,888594.75
864691136228367697,L5IT,5249,63278,63.681580932008906,211.53930448584796,967.8017944850408,5356.852654617378,0.7300438178700704,0.9838064393217756,0.990093351114498,1.0,1389824.0,1385870.8125,600416.0,607626.875,921120.0,925436.21875
864691136228491601,L3IT,3169,35690,69.99377762522894,266.54864321912055,1083.8330558307473,4094.3856572331156,0.6699274218996529,0.9769643420637425,0.987377721678763,1.0,766848.0,767262.34375,632128.0,647315.1875,863040.0,864886.78125
864691136228723281,L5NP,3012,38227,60.790671415202354,210.48819215470064,838.0665640715903,3186.3172891580493,0.7416998671978752,0.9827357237715804,0.9940239043824701,1.0,778836.0,789826.125,865996.0,867010.4375,865820.0,884751.9375
864691136229363025,L4IT,3766,52189,57.929071659570305,213.28857281519308,1315.7815644148066,4273.221481286104,0.7798725438130643,0.9723844928305895,0.9851301115241635,1.0,748916.0,748390.625,672792.0,684300.4375,839200.0,838438.1875
864691136238257935,astrocyte,1413,21760,563.6831931036262,2730.178083061983,3455.0055990862797,4188.770983422524,0.20311394196744514,0.4805378627034678,0.6050955414012739,1.0,762384.0,762496.375,837408.0,837627.8125,919960.0,919650.40625
864691136239460668,L6IT,4770,54248,67.81162149645704,234.6206613721882,534.6507230678693,2625.2289291915213,0.6857442348008386,0.9890985324947589,0.9947589098532494,1.0,764732.0,779831.75,876660.0,886344.46875,901480.0,904284.125
864691136239980604,L4IT,4409,59256,59.68799083567816,220.97602955218193,1169.7560908817377,5649.366796307242,0.7632116126105692,0.9748242231798594,0.986845089589476,1.0,710600.0,714912.75,650008.0,646409.25,870560.0,876305.90625
864691136274488254,L4IT,3622,44254,63.04165289635111,212.01648391677966,1249.150182831549,4170.421767489471,0.7493097736057427,0.9757040309221424,0.9839867476532302,1.0,764100.0,761305.25,668568.0,671166.375,828320.0,828087.8125
864691136274933950,PV,6344,88965,62.249874402190116,192.96527725762036,402.13952396743963,5401.761093760302,0.7488965952080706,0.9921185372005045,0.9955863808322825,1.0,764824.0,763031.1875,791076.0,782122.0,859300.0,863536.5625
864691136298111003,L4IT,6060,77968,59.60581558883324,213.78116257577796,1163.7943208228323,5249.833373099807,0.7625412541254125,0.9783828382838284,0.9876237623762376,1.0,1025052.0,1021154.875,605308.0,611113.53125,971860.0,973929.6875
864691136310966106,L6CT,1827,17524,77.95634295071825,284.6898401911405,862.5160823532311,2860.8210714976567,0.6212370005473454,0.9813902572523262,0.9917898193760263,1.0,1384064.0,1379045.375,813992.0,831444.25,719600.0,726006.09375
864691136311059034,L2IT,6705,93592,59.69015046471235,224.17254402364972,1126.4699181491096,4392.559894387468,0.7519761372110365,0.9770320656226696,0.9868754660700969,1.0,896072.0,896092.5,495784.0,523440.234375,880640.0,874044.09375
864691136311381338,L4IT,2842,37237,61.11442263159721,223.92912985843105,992.3571429162256,3808.185253605876,0.7459535538353272,0.9813511611541168,0.9901477832512315,1.0,990628.0,990877.625,633632.0,652289.875,802500.0,803785.1875
864691136312057178,PV,11412,129227,75.03536924828435,245.64222335029558,597.4929069871847,9898.143797931572,0.6460743077462321,0.9873817034700315,0.9939537329127235,1.0,675624.0,676812.875,594900.0,589029.3125,856560.0,855811.25
864691136314485053,L5NP,4986,62578,64.59127724771727,259.91961268055286,1013.8568895848981,3308.4675626762987,0.726032892097874,0.97573204973927,0.9895707982350581,1.0,713704.0,706382.40625,790860.0,798811.96875,870980.0,877612.15625
864691136330122730,L5IT,4554,54551,64.94154517433061,233.770535088876,778.2766040752301,4804.980388633886,0.7195871761089152,0.9857268335529205,0.9923144488361879,1.0,694744.0,694625.1875,749884.0,740504.25,838380.0,842074.125
864691136331214058,L2IT,4446,49880,67.23250648324313,258.87255338143177,1048.180362991136,4301.155357253044,0.6790373369320738,0.9804318488529015,0.98897885739991,1.0,752856.0,756596.96875,542516.0,575072.0625,882800.0,883400.9375
864691136331249642,L2IT,5240,58732,67.77147375810512,275.91245640139414,1175.3269019511372,5641.849329037643,0.6908396946564885,0.9755725190839695,0.9872137404580152,1.0,749328.0,748593.875,480032.0,494355.671875,854000.0,853542.9375
864691136335276211,L4IT,3890,50821,60.75498306986745,237.36577169163786,1057.2926637050912,2914.0379797895994,0.7403598971722365,0.9776349614395887,0.9889460154241645,1.0,627804.0,627074.1875,686188.0,685951.0625,746600.0,746096.4375
864691136336107187,L5IT,6833,92108,59.40453212929128,199.10449919468013,635.6911483101622,5448.432001359428,0.7768183813844578,0.9866822771842529,0.9944387531099078,1.0,774280.0,775454.40625,725424.0,709470.0,852840.0,848504.875
864691136364166370,ITC,5755,79597,60.509135415654384,204.7409069310602,702.8086770029231,4421.574764100597,0.7617723718505647,0.9857515204170286,0.9940920938314509,1.0,653440.0,649812.25,432576.0,429581.59375,914240.0,914796.8125
864691136364362466,L3IT,5555,75521,60.38033749698655,245.50408971025968,1166.3797866720272,4636.322485699873,0.7458145814581458,0.9776777677767777,0.9872187218721872,1.0,711656.0,712536.25,595288.0,614977.6875,803360.0,802226.3125
864691136372039560,L6IT,3064,37243,65.85849826369036,259.8276768135069,986.1530341612157,4186.059119173874,0.6879895561357703,0.9761749347258486,0.9902088772845953,1.0,752288.0,753248.5,853220.0,860701.875,875040.0,881499.4375
864691136380266965,L4IT,3454,44655,62.939358883089106,216.17521509943165,1100.3874406428367,5169.390767416408,0.7362478286045165,0.980023161551824,0.9887087434858135,1.0,985256.0,984120.375,643152.0,656580.9375,985860.0,987987.4375
864691136380400341,L6CT,1897,19927,72.50358288560642,266.5873984603674,1018.7886486978912,2135.827563008365,0.6605166051660517,0.9746968898260411,0.988929889298893,1.0,755480.0,751838.75,932952.0,924676.875,942000.0,962900.0
864691136389688695,L2IT,7114,92834,60.20276985736136,234.5653502229365,1135.3124639166251,4950.741275481664,0.751054259207197,0.9732921000843407,0.9869271858307562,1.0,749840.0,748025.78125,470248.0,508321.875,907460.0,911656.09375
864691136390828919,MC,6737,82571,72.73187596405032,254.32639597592896,857.934426705642,3796.123652511368,0.6670624907228737,0.9832269556182277,0.9924298649250408,1.0,823936.0,823237.8125,665176.0,661495.4375,874840.0,875751.375
864691136391023120,PV,16023,179561,72.9891901242917,226.50541020341487,416.6431614835984,3805.0660114592624,0.6617986644198964,0.9931348686263496,0.9971915371653248,1.0,744032.0,739518.5,550472.0,551996.0,826520.0,828241.4375
864691136391034487,L4IT,4873,67249,58.6935233863158,207.43745105988233,1270.3573906019599,4579.642400835599,0.7763184896367741,0.9794787605171352,0.9864559819413092,1.0,778608.0,785083.0,675504.0,677765.0,891640.0,889560.625
864691136391623039,L5IT,6785,84879,63.93554493589618,223.05692066447688,751.4746805219137,3480.4541505024886,0.7217391304347827,0.9854089904200443,0.9924834193072956,1.0,1174624.0,1181507.125,711728.0,720687.125,886960.0,882141.0625
864691136392254847,L6IT,5848,77783,61.76227077682583,211.3667303782178,535.4753784370711,2849.3872600635564,0.7337551299589603,0.9890560875512996,0.9964090287277702,1.0,758800.0,765799.0625,783652.0,785265.5625,852180.0,858573.8125
864691136420279191,L2IT,3474,39882,70.03016482638077,315.42042444393286,1257.3353592938445,3013.353148772767,0.6865284974093264,0.9631548647092688,0.9824409902130109,1.0,693152.0,693334.6875,476448.0,489803.28125,979100.0,977643.78125
864691136421279639,L2IT,4316,46946,72.4461274211969,288.8486517190069,1450.9488200479657,4180.103645638616,0.6596385542168675,0.9691844300278035,0.9798424467099166,1.0,757080.0,756227.90625,521116.0,535771.625,881200.0,880945.5625
864691136424439855,L4IT,4211,52918,60.65711134112801,205.56992690322812,1229.2035486989357,5843.177238308047,0.7622892424602232,0.9779149845642365,0.9859890762289243,1.0,804992.0,804040.125,660440.0,656991.375,769160.0,771750.3125
864691136424704815,L4IT,4466,65121,57.93758755083134,195.7379328949014,747.9236017165961,3620.4602160196773,0.7812360053739364,0.987460815047022,0.9921630094043887,1.0,597352.0,601433.625,664360.0,665916.25,812040.0,824522.4375
864691136425681967,L4IT,7959,114089,55.55125026720821,177.64203750218556,863.6056007240888,5579.839381158857,0.8224651338107802,0.9826611383339615,0.9920844327176781,1.0,709320.0,714304.8125,688624.0,671184.1875,890560.0,891258.5
864691136438410654,ITC,2986,31325,75.47201046325236,224.05071356383763,611.1623458017581,5289.287269226947,0.6537173476222371,0.9882786336235767,0.9922973878097789,1.0,702592.0,703691.75,836448.0,841811.8125,980980.0,987803.75
864691136438469534,L2IT,4585,59343,61.09716262847236,214.54143042832578,968.9655533866073,2542.1831031000697,0.7579062159214831,0.981679389312977,0.9904034896401308,1.0,686928.0,687519.625,467568.0,506387.15625,852000.0,864436.1875
864691136445062787,L4IT,4259,60681,59.84292590816395,221.43524904607847,1130.8313052675137,3629.2907440280255,0.7663770838224936,0.9751115285278235,0.986851373561869,1.0,828352.0,830310.75,637720.0,639355.0,896440.0,897325.8125
864691136445215875,L2IT,7463,97816,63.614132175955994,251.9686144406911,1200.2801112208708,5410.587649316615,0.7275894412434678,0.9717271874581268,0.9853946134262361,1.0,746264.0,749505.71875,449920.0,462102.25,861160.0,863417.40625
864691136452602367,L2IT,4136,51894,63.80442697726843,228.38833924581238,1157.9006632401001,3176.8755619220437,0.7347678916827853,0.9731624758220503,0.9862185686653772,1.0,794736.0,800964.1875,560676.0,584302.53125,800000.0,808330.625
864691136452920319,PV,10997,142236,66.30543082018245,210.84922634495285,548.2950944960057,5878.965055935122,0.7211966900063653,0.9884513958352278,0.9939074292988997,1.0,715584.0,718462.125,869720.0,869677.09375,852960.0,854884.53125
864691136453183487,MC,5580,72062,65.98016980041756,213.82917050772693,1038.932590230481,5455.16987089426,0.72831541218638,0.9811827956989247,0.9887096774193549,1.0,707752.0,709806.21875,782732.0,773573.625,921040.0,918638.4375
864691136453344255,microglia,502,5975,104.74549971875246,1438.5192514068906,3077.633325736077,4090.568249701837,0.4760956175298805,0.8665338645418327,0.9322709163346613,1.0,693628.0,692908.875,762592.0,765642.1875,844800.0,844515.875
864691136484732972,L4IT,6278,89340,55.50284966195258,187.90263731065892,1031.0315782884672,6103.849433771794,0.8072634597005416,0.9824784963364128,0.9894870978018477,1.0,742660.0,745571.71875,630364.0,619696.6875,892900.0,881181.28125
864691136484883756,PV,13447,177832,64.18698271456604,210.27710892211502,433.36669670223426,5000.057294984228,0.7215735851862869,0.9930095932178181,0.9965791626385068,1.0,802408.0,800999.78125,832672.0,832780.25,939920.0,935468.1875
864691136484948012,L2IT,5202,74360,57.919212310723765,213.87538435097304,1465.4567889772363,6043.959407889728,0.7839292579777009,0.9794309880815071,0.9867358708189158,1.0,787700.0,789812.21875,458780.0,474086.8125,879840.0,887318.5625
864691136485007404,L4IT,6312,90767,56.70918870950416,184.80478312779,945.205991366936,5563.478979160656,0.8008555133079848,0.9839987325728771,0.9909695817490495,1.0,733648.0,732005.875,679948.0,671976.125,860200.0,845636.3125
864691136489623826,PV,13857,154459,75.75438312401468,232.75607995466203,447.6870541714015,4942.923667113043,0.6459551129393086,0.9914844482932814,0.9966803781482283,1.0,707208.0,706843.125,614128.0,591669.1875,833640.0,834464.9375
864691136578820884,L5ET,7957,65955,93.24807303639041,359.44009887142954,786.7853542786341,2659.445875965048,0.5350006283775293,0.9752419253487495,0.9944702777428679,1.0,1149064.0,1140845.5,774136.0,779247.375,782080.0,785643.625
864691136579408916,L4IT,7475,109670,56.58687320174176,183.8283478657698,795.4702663922533,4431.540834073686,0.8004013377926421,0.9846153846153847,0.9925083612040134,1.0,946504.0,946486.125,624376.0,621771.71875,834200.0,835939.4375
864691136579629844,L4IT,4035,58017,58.16545131401028,221.66287797450053,1360.6492769655686,4975.661021569144,0.7714993804213135,0.9707558859975217,0.9828996282527881,1.0,745576.0,740683.8125,700752.0,698997.25,829600.0,825205.8125
864691136580010516,MC,11714,152078,70.95772010929718,256.42514701968406,810.2289570444186,4058.685151641631,0.6836264299129247,0.9813044220590746,0.9924022537135052,1.0,744492.0,742753.34375,691156.0,686730.03125,833020.0,830490.0
864691136595955362,NMC,11490,146421,70.0823315293069,233.88503241546607,741.3961465770162,5256.153960180866,0.6869451697127937,0.9851174934725848,0.9928633594429939,1.0,1089172.0,1086102.0,645692.0,630067.0625,842080.0,838968.875
864691136596177570,L6CT,3407,38401,67.80074782957782,235.14958680194658,809.0692158756846,6361.8119258956995,0.7000293513354857,0.9841502788376871,0.9920751394188435,1.0,752032.0,751545.9375,936544.0,941894.375,923720.0,925439.625
864691136596901026,L4IT,5308,79051,57.00104360040227,277.24325099736524,5500.710130189526,11548.740413595979,0.7842878673700076,0.9606254709871892,0.9691032403918614,1.0,688484.0,698822.625,642196.0,649125.6875,852400.0,862758.4375
864691136603171281,L4IT,4514,64651,61.16425188670199,230.38874050074938,957.296257480365,3775.793433277468,0.7532122286220647,0.9780682321665928,0.9902525476295968,1.0,1071804.0,1069382.0,612828.0,616959.3125,940440.0,936082.0625
864691136603221201,L4IT,4342,56174,61.74103104408802,225.70513037477437,923.577146845973,4818.8359886134585,0.7383694150161216,0.9815753109166283,0.9917088899124827,1.0,1015944.0,1018782.15625,647068.0,656058.09375,921780.0,921577.25
864691136603306193,L6IT,5772,79346,59.86795352621739,205.94358786590743,806.3050622707774,1882.819553928695,0.7654192654192654,0.9828482328482329,0.9946292446292446,1.0,758732.0,769197.28125,916312.0,924412.75,927280.0,918058.65625
864691136603935441,PV,16121,171241,80.55146840685153,256.3978993917462,496.08405525197423,7270.736489087608,0.6123689597419515,0.9901991191613424,0.9960300229514298,1.0,787600.0,786745.25,563544.0,560647.4375,953680.0,954746.875
864691136604001745,L3IT,3872,45371,66.7851936811712,269.5202949087516,1600.2887855842594,5563.212388722118,0.6867252066115702,0.9726239669421488,0.9819214876033058,1.0,684972.0,685541.1875,522272.0,535805.0,817040.0,811424.5625
864691136618553563,L3IT,5267,59663,66.90417004006551,253.85352111386536,741.8613254336234,5064.2231550418965,0.7026770457565977,0.9842415037022973,0.9946838807670401,1.0,714360.0,713366.1875,654280.0,664705.1875,842160.0,852948.875
864691136619096795,L5IT,6876,88282,64.01524124442338,238.09299122967678,832.3448166727221,3293.2075033553915,0.7213496218731821,0.9851657940663177,0.9924374636416521,1.0,681096.0,685233.875,764664.0,766825.46875,889920.0,883130.5
864691136619199963,AltBasket,1682,19049,74.74306640479037,282.26022288982443,1153.3033661921431,5677.4201403626375,0.6438763376932224,0.976218787158145,0.9869203329369798,1.0,398384.0,390798.03125,462236.0,465223.46875,648260.0,653949.25
864691136620914829,L4IT,4579,66513,54.865246855363736,196.5856891553796,862.383006782279,2584.4729236284816,0.8030137584625464,0.9829657130377811,0.9927931862852151,1.0,723912.0,727277.6875,651000.0,659830.0,889120.0,884917.25
864691136664680926,L6CT,2301,24213,73.57303981418737,289.67471654642213,1129.8803258669698,5233.465247806657,0.6675358539765319,0.9717514124293786,0.9856584093872229,1.0,735496.0,728178.625,875688.0,874190.3125,850160.0,844152.5
864691136674495623,L5IT,5627,74826,60.20609947557224,274.6795994169237,9375.936772975223,35995.52954089837,0.7464012795450506,0.966056513239737,0.9715656655411409,1.0,732824.0,733278.4375,726112.0,721496.625,827240.0,828070.0625
864691136674744199,L4IT,3543,45909,60.115936167126264,201.6912496054657,916.2725129071727,3391.158349180815,0.759808072255151,0.983065198983912,0.9920970928591589,1.0,754360.0,756818.625,619256.0,620377.0,905680.0,909116.5625
864691136725771005,OPC,838,10444,76.83782747650186,396.2488036400236,1065.1947547221903,3954.833988792229,0.6742243436754176,0.9618138424821002,0.9856801909307876,1.0,743716.0,745479.40625,752988.0,752046.1875,823080.0,823014.4375
864691136742921308,PV,12002,134338,74.4451342517796,234.79797600713866,505.95878754216994,5137.466931919124,0.6500583236127312,0.9898350274954174,0.9961673054490918,1.0,743796.0,743478.0,627060.0,620868.15625,959420.0,959105.875
864691136904656818,L2IT,4783,59322,63.75555276062235,260.05430077870244,1230.6906385966229,4179.785631558304,0.7160777754547355,0.9734476270123353,0.9847376123771692,1.0,741112.0,734440.28125,490040.0,500795.65625,830280.0,836773.125
864691136904967346,L6CT,2149,24224,71.061400607151,298.9308076795571,1181.5461518632587,3595.884914775847,0.6691484411354118,0.9660307119590508,0.9841786877617497,1.0,701464.0,700708.25,908352.0,886702.8125,961280.0,962337.5625
864691136905203378,L4IT,3582,50506,57.72011014312717,191.8043612216873,812.2181577838119,2695.100609062443,0.7903405918481295,0.9838079285315466,0.9919039642657733,1.0,977032.0,977676.34375,660248.0,664941.625,729400.0,734302.25
864691136905506482,L6CT,3684,43506,64.44339783305307,247.4762967524294,946.1490682044033,4378.984174373557,0.7041259500542888,0.9807274701411509,0.990770901194354,1.0,773448.0,776230.59375,847028.0,847246.8125,915400.0,902528.875
864691136905941426,PV,17733,202537,76.99731123552303,241.2636413326073,454.13223332316494,5607.687547803378,0.6332825804996335,0.9919359386454633,0.9975187503524502,1.0,742056.0,749111.125,480136.0,481348.4375,927960.0,926815.0625
864691136912172017,L4IT,3935,51786,59.31263171745122,205.08949053478045,875.3135536009984,4061.274190544299,0.7847522236340534,0.9829733163913595,0.9918678526048285,1.0,797624.0,799197.125,688888.0,695171.90625,695640.0,700187.15625
864691136913135089,PV,4881,55661,78.76396205594281,271.6328087924947,1379.6760324267002,6424.751367392555,0.6174964146691252,0.9815611555009219,0.9872976849006351,1.0,720592.0,717363.5625,912560.0,907611.9375,949160.0,942046.125
864691136913691121,L6CT,2501,24947,74.14126218113972,267.15946490345425,849.2779101978339,2762.2898930280653,0.646141543382647,0.9816073570571772,0.9920031987205118,1.0,766832.0,771239.6875,918304.0,903842.75,952160.0,958850.1875
864691136914445809,L2IT,5530,72751,60.70014264164143,254.67120875130811,1348.6506585557138,6104.159423346101,0.7603978300180831,0.9696202531645569,0.9844484629294756,1.0,741244.0,740897.5625,518920.0,535129.1875,827860.0,829156.625
864691136927566154,L4IT,4573,61069,59.60344211956219,193.42570008723052,849.8682317425821,4110.443545129322,0.7824185436256287,0.9829433632188935,0.9927837305926088,1.0,685424.0,674011.6875,673480.0,680288.875,912040.0,911186.0625
864691136954019039,L4IT,3149,38703,62.88584026829887,214.25837815101391,1235.873649370397,2447.303360493188,0.7354715782788187,0.9765004763416958,0.9841219434741187,1.0,750856.0,753030.875,612600.0,636523.5,867120.0,867178.0625
864691136954023903,L2IT,5322,66627,64.28906327842802,295.96574839560367,1183.8270805259747,3384.7110971156017,0.7104472003006389,0.9674934235249906,0.9844043592634348,1.0,566664.0,575038.8125,486660.0,506913.6875,898880.0,901463.9375
864691136966189518,MC,6855,94426,62.242249768545484,203.27905340389808,574.561315361682,4310.356469543007,0.7518599562363238,0.9887673231218089,0.9951859956236324,1.0,1078504.0,1077374.5625,734368.0,652713.375,797600.0,797100.3125
864691136975300636,L4IT,1744,19599,66.05867294982096,219.51817938153138,1220.6106130477447,3497.589004407179,0.7224770642201835,0.9822247706422018,0.9873853211009175,1.0,634092.0,632145.0,667216.0,678864.25,729800.0,731626.25
864691136975624220,L4IT,4374,62483,59.84062261683576,214.46537612338594,1121.0960349519069,3953.0314267581407,0.764288980338363,0.9789666209419295,0.9874256973022405,1.0,708740.0,714523.125,659288.0,667683.6875,874980.0,857793.6875
864691136991901845,L6IT,4431,64186,60.19360041773544,235.878281827507,991.7705077218081,4004.165755126934,0.7472353870458136,0.9814940194087114,0.9900699616339427,1.0,784504.0,794000.1875,936752.0,933502.125,874960.0,860485.75
864691137055290998,AltDTC,3424,29912,79.60168173060879,281.8244674260445,604.5906374015406,4558.130300456262,0.6179906542056075,0.9851051401869159,0.9967873831775701,1.0,728276.0,728953.53125,973112.0,965580.375,952920.0,945700.65625
864691137055840886,L6IT,4807,66111,58.515622913885146,208.75341441826572,878.482686528412,2721.138983438277,0.7815685458706053,0.9800291241938839,0.9927189515290202,1.0,748776.0,751795.375,938144.0,935034.25,902160.0,907536.9375
864691137199050049,L4IT,4098,58342,58.913237038506516,205.40739635136015,1020.7274152420744,5778.774033653786,0.7745241581259151,0.9792581747193753,0.9892630551488532,1.0,577504.0,581238.84375,678868.0,682301.75,762640.0,765596.78125
