root_id,cell_type,group,split,n_nodes,n_boutons,n_targets,n_postsyn_sites,n_in_resolved,n_in_from_db,n_input_cells,n_input_cells_in_db,n_in_unresolved,frac_in_resolved,frac_in_from_db
864691134918921738,L3IT,excitatory,test,3968,471,392,5067,5067,351,4097,130,0,1.0,0.06927175843694494
864691134919869706,L4IT,excitatory,train,3415,501,436,2370,2370,159,2011,78,0,1.0,0.0670886075949367
864691134919927050,L6IT,excitatory,train,2439,200,179,1778,1778,60,1621,41,0,1.0,0.03374578177727784
864691134919955466,astrocyte,glia,train,1878,106,87,164,164,22,148,7,0,1.0,0.13414634146341464
864691134949081852,L4IT,excitatory,test,3505,605,539,1984,1984,165,1748,89,0,1.0,0.08316532258064516
864691134949350652,L3IT,excitatory,train,3893,431,370,4270,4270,329,3618,134,0,1.0,0.07704918032786885
864691134950156796,L2IT,excitatory,train,6535,737,635,5620,5620,289,5021,111,0,1.0,0.05142348754448398
864691134949041148,L6CT,excitatory,train,1497,63,43,2308,2308,84,2070,52,0,1.0,0.036395147313691506
864691134949263100,L4IT,excitatory,train,5855,578,517,1782,1782,174,1526,107,0,1.0,0.09764309764309764
864691134949221372,L2IT,excitatory,test,6245,617,552,3413,3413,164,3045,76,0,1.0,0.048051567535892174
864691134948788476,L3IT,excitatory,train,6992,653,572,4869,4869,208,4353,116,0,1.0,0.04271924419798727
864691134949597180,astrocyte,glia,train,621,68,59,59,59,12,50,3,0,1.0,0.2033898305084746
864691134949095932,L6IT,excitatory,train,3319,126,108,3075,3075,49,2766,27,0,1.0,0.015934959349593495
864691134991067002,PV,inhibitory,train,7367,2109,1205,5289,5289,333,4423,159,0,1.0,0.06296086216676121
864691134991032954,L4IT,excitatory,train,4375,932,790,2721,2721,267,2262,104,0,1.0,0.09812568908489526
864691134990435194,L6IT,excitatory,train,3889,492,422,3536,3536,125,2564,38,0,1.0,0.035350678733031674
864691135014099446,L4IT,excitatory,train,6410,1358,1199,3224,3224,20,2741,9,0,1.0,0.00620347394540943
864691134989919098,L6CT,excitatory,train,2374,186,131,2823,2823,84,2531,54,0,1.0,0.02975557917109458
864691134990847098,PV,inhibitory,train,7107,1546,875,5530,5530,142,4961,89,0,1.0,0.025678119349005425
864691135059143323,L5IT,excitatory,train,4351,354,312,5187,5187,30,4519,16,0,1.0,0.00578368999421631
864691135060094107,L4IT,excitatory,train,4832,650,564,2504,2504,160,2172,89,0,1.0,0.06389776357827476
864691135015437462,PV,inhibitory,train,14958,5643,2859,10808,10808,417,9554,216,0,1.0,0.03858253145817913
864691135060020123,L4IT,excitatory,train,3627,452,399,1961,1961,73,1736,37,0,1.0,0.037225905150433454
864691135015605910,L3IT,excitatory,train,9020,1531,1308,2946,2946,218,2554,116,0,1.0,0.07399864222674814
864691135059954075,L6CT,excitatory,test,1877,147,100,3071,3071,91,2737,46,0,1.0,0.02963204168023445
864691135059845275,L4IT,excitatory,train,4324,608,522,2441,2441,19,2141,6,0,1.0,0.0077836952068824255
864691135084038647,DTC,inhibitory,train,6436,2462,1736,6602,6602,498,5529,264,0,1.0,0.0754316873674644
864691135101431072,L2IT,excitatory,train,5502,417,376,5214,5214,284,4691,100,0,1.0,0.05446873801304181
864691135067961412,L2IT,excitatory,train,5248,501,452,3849,3849,184,3612,110,0,1.0,0.04780462457781242
864691135082074359,AltDTC,inhibitory,train,2710,471,292,1299,1299,53,1007,20,0,1.0,0.04080061585835258
864691135101521952,L4IT,excitatory,test,3162,405,360,1452,1452,109,1270,63,0,1.0,0.07506887052341597
864691135083619831,L6IT,excitatory,train,3299,514,444,2992,2992,82,2574,32,0,1.0,0.027406417112299464
864691135082864887,L5IT,excitatory,train,8026,1156,1032,3770,3770,42,3329,17,0,1.0,0.011140583554376658
864691135099901728,L6IT,excitatory,train,3544,360,307,2525,2525,17,2300,3,0,1.0,0.006732673267326733
864691135115058329,PV,inhibitory,train,7031,1921,1158,3111,3111,201,2884,128,0,1.0,0.06460945033751206
864691135106209101,PV,inhibitory,train,17517,6047,3325,9310,9310,385,7948,193,0,1.0,0.041353383458646614
864691135115269785,L6CT,excitatory,train,2964,170,134,3275,3275,84,2927,51,0,1.0,0.02564885496183206
864691135106309709,NGC,inhibitory,test,9531,1057,814,5748,5748,148,4892,100,0,1.0,0.025748086290883786
864691135113733529,L4IT,excitatory,train,4440,431,360,3144,3144,29,2424,13,0,1.0,0.009223918575063612
864691135114295961,MC,inhibitory,train,4707,1389,997,2025,2025,23,1798,14,0,1.0,0.011358024691358024
864691135134585248,AltBasket,inhibitory,train,4899,916,746,3461,3461,87,2898,39,0,1.0,0.02513724357122219
864691135134565280,PV,inhibitory,test,7506,2647,1015,4077,4077,189,3562,100,0,1.0,0.046357615894039736
864691135135019168,L3IT,excitatory,train,6299,872,703,3156,3156,232,2823,123,0,1.0,0.07351077313054499
864691135136360217,L3IT,excitatory,train,4287,509,456,3262,3262,212,2921,111,0,1.0,0.06499080318822809
864691135134695328,L2IT,excitatory,train,8011,1032,876,8237,8237,45,7359,23,0,1.0,0.005463154060944519
864691135136312089,L6CT,excitatory,test,1893,95,73,2128,2128,61,1952,44,0,1.0,0.028665413533834585
864691135137137433,L4IT,excitatory,train,4018,581,499,1668,1668,8,1382,8,0,1.0,0.004796163069544364
864691135183999490,L2IT,excitatory,train,6402,603,545,3224,3224,191,2971,116,0,1.0,0.05924317617866005
864691135164772653,L2IT,excitatory,train,5500,447,403,4521,4521,223,4191,126,0,1.0,0.0493253704932537
864691135184104194,L4IT,excitatory,train,8014,1243,1132,1955,1955,231,1605,95,0,1.0,0.11815856777493607
864691135164887085,L2IT,excitatory,train,4676,325,281,3682,3682,239,3371,112,0,1.0,0.06491037479630636
864691135183693826,L6CT,excitatory,train,4219,297,228,2370,2370,68,2156,48,0,1.0,0.02869198312236287
864691135165079085,L4IT,excitatory,train,2845,431,373,1114,1114,118,959,57,0,1.0,0.1059245960502693
864691135183646466,L6CT,excitatory,train,3924,430,315,2464,2464,74,2191,48,0,1.0,0.030032467532467532
864691135164836397,microglia,glia,test,499,20,8,29,29,13,17,1,0,1.0,0.4482758620689655
864691135210178169,PV,inhibitory,test,8815,3426,1437,5052,5052,412,4189,222,0,1.0,0.08155186064924783
864691135209947769,L5IT,excitatory,train,8422,948,872,5147,5147,280,4455,143,0,1.0,0.0544006217213911
864691135210061689,L6CT,excitatory,train,3147,165,116,2576,2576,86,2307,49,0,1.0,0.033385093167701864
864691135210358137,L4IT,excitatory,train,5246,905,806,2237,2237,221,1947,105,0,1.0,0.09879302637460885
864691135209715833,L6IT,excitatory,train,3874,331,293,2775,2775,104,2362,59,0,1.0,0.037477477477477476
864691135214986368,L3IT,excitatory,train,4412,479,417,4225,4225,341,3737,164,0,1.0,0.08071005917159764
864691135214611512,L6CT,excitatory,train,2249,225,183,2766,2766,87,2543,55,0,1.0,0.031453362255965296
864691135214977920,L4IT,excitatory,train,5159,783,718,2120,2120,210,1828,108,0,1.0,0.09905660377358491
864691135214970752,AltBasket,inhibitory,train,5058,1366,1086,2866,2866,37,2447,22,0,1.0,0.012909979064898814
864691135214931072,L4IT,excitatory,train,3804,643,566,2468,2468,95,2028,48,0,1.0,0.038492706645056725
864691135258628527,PV,inhibitory,train,12744,4170,2047,9520,9520,924,7956,425,0,1.0,0.09705882352941177
864691135258642863,L5ET,excitatory,test,4874,271,183,9224,9224,664,7760,276,0,1.0,0.07198612315698179
864691135258646703,L3IT,excitatory,train,5876,587,529,3580,3580,247,3150,104,0,1.0,0.06899441340782123
864691135258563503,L4IT,excitatory,test,7188,1327,1191,1637,1637,123,1451,66,0,1.0,0.07513744654856444
864691135271081125,L2IT,excitatory,train,6048,623,542,3813,3813,33,3439,20,0,1.0,0.00865460267505901
864691135273655569,L5ET,excitatory,test,7696,649,475,11887,11887,156,9994,32,0,1.0,0.01312358038192984
864691135274713617,ITC,inhibitory,train,1602,91,63,2879,2879,73,2675,57,0,1.0,0.02535602639805488
864691135277186789,L3IT,excitatory,train,4740,315,275,5140,5140,376,4515,143,0,1.0,0.07315175097276265
864691135279848865,L6CT,excitatory,train,4062,226,148,3460,3460,113,3059,74,0,1.0,0.03265895953757225
864691135277309669,L2IT,excitatory,train,6395,401,348,3493,3493,193,3244,114,0,1.0,0.055253363870598336
864691135276505573,L3IT,excitatory,train,4465,483,418,3399,3399,47,2898,21,0,1.0,0.013827596351868197
864691135280481697,L5IT,excitatory,test,4685,309,273,3122,3122,183,2785,114,0,1.0,0.05861627162075592
864691135280682401,L4IT,excitatory,train,3434,524,413,2642,2642,315,2121,96,0,1.0,0.11922785768357305
864691135279678881,L6IT,excitatory,test,3915,412,313,2615,2615,50,2221,20,0,1.0,0.019120458891013385
864691135280944545,L4IT,excitatory,train,3895,479,434,2075,2075,109,1838,67,0,1.0,0.05253012048192771
864691135277224421,astrocyte,glia,train,1819,58,42,88,88,19,72,3,0,1.0,0.2159090909090909
864691135295103500,L4IT,excitatory,train,3309,340,304,2141,2141,111,1712,46,0,1.0,0.05184493227463802
864691135294442678,L2IT,excitatory,train,4337,345,299,4749,4749,415,4214,189,0,1.0,0.08738681827753211
864691135294767884,L6CT,excitatory,train,3154,180,148,2474,2474,81,2280,58,0,1.0,0.032740501212611156
864691135294480310,L4IT,excitatory,train,7655,879,762,2446,2446,168,2112,85,0,1.0,0.0686835650040883
864691135295165196,L4IT,excitatory,train,3457,559,516,1686,1686,152,1490,81,0,1.0,0.09015421115065243
864691135295330828,L4IT,excitatory,train,4576,590,526,2499,2499,237,2073,94,0,1.0,0.09483793517406963
864691135294441654,L4IT,excitatory,train,4102,885,676,1297,1297,172,1048,58,0,1.0,0.13261372397841173
864691135324963484,L5ET,excitatory,train,5608,294,209,8183,8183,598,7021,262,0,1.0,0.07307833312965904
864691135325263004,L3IT,excitatory,train,5115,454,395,4199,4199,306,3739,139,0,1.0,0.0728744939271255
864691135324705692,L4IT,excitatory,train,3812,728,576,1398,1398,151,1152,64,0,1.0,0.10801144492131616
864691135325309084,L6IT,excitatory,train,4567,406,330,3013,3013,106,2512,36,0,1.0,0.035180882841022235
864691135325165724,ITC,inhibitory,train,3467,616,274,2902,2902,101,2373,53,0,1.0,0.03480358373535493
864691135325243548,microglia,glia,test,352,12,6,26,26,8,20,2,0,1.0,0.3076923076923077
864691135336669673,DTC,inhibitory,test,5027,1124,756,3666,3666,158,3229,73,0,1.0,0.0430987452264048
864691135325416604,astrocyte,glia,train,1700,45,34,109,109,14,98,5,0,1.0,0.12844036697247707
864691135335855337,L4IT,excitatory,train,3606,333,304,2748,2748,38,2333,23,0,1.0,0.013828238719068414
864691135336055529,L4IT,excitatory,train,5592,916,814,2662,2662,149,2261,64,0,1.0,0.05597295266716754
864691135336113129,L4IT,excitatory,train,5140,914,785,1760,1760,197,1418,79,0,1.0,0.11193181818181819
864691135325492892,microglia,glia,train,562,14,5,23,23,11,14,2,0,1.0,0.4782608695652174
864691135343081925,L6CT,excitatory,train,4354,312,241,3320,3320,101,2958,65,0,1.0,0.03042168674698795
864691135343499441,L6CT,excitatory,test,3003,172,147,1902,1902,64,1732,34,0,1.0,0.033648790746582544
864691135343097029,L6CT,excitatory,train,1986,204,167,2489,2489,88,2239,61,0,1.0,0.035355564483728404
864691135343506885,AltBasket,inhibitory,train,9011,3186,2462,2879,2879,83,2313,40,0,1.0,0.02882945467176103
864691135350976727,L1,inhibitory,train,5368,1956,1424,5084,5084,152,4563,89,0,1.0,0.02989771833202203
864691135361314119,L2IT,excitatory,train,5536,665,586,3216,3216,198,2966,107,0,1.0,0.061567164179104475
864691135361430087,L5IT,excitatory,test,3943,403,358,1415,1415,121,1239,71,0,1.0,0.08551236749116607
864691135361778503,AltBasket,inhibitory,test,2846,715,527,2336,2336,32,2021,17,0,1.0,0.0136986301369863
864691135384176619,L4IT,excitatory,train,2759,325,284,1726,1726,25,1495,16,0,1.0,0.014484356894553883
864691135375888840,L4IT,excitatory,test,5076,888,778,1977,1977,159,1740,91,0,1.0,0.08042488619119878
864691135382556378,L5ET,excitatory,train,7959,422,326,9956,9956,93,8824,23,0,1.0,0.009341100843712334
864691135375767369,L5IT,excitatory,train,4972,541,494,1634,1634,97,1480,64,0,1.0,0.05936352509179926
864691135375590217,L4IT,excitatory,test,4329,791,713,1888,1888,33,1647,19,0,1.0,0.017478813559322032
864691135376096329,ITC,inhibitory,train,3867,550,366,4444,4444,244,4044,184,0,1.0,0.05490549054905491
864691135387558997,L2IT,excitatory,train,5611,564,446,5263,5263,399,4615,158,0,1.0,0.07581227436823104
864691135387529301,PV,inhibitory,train,17083,7036,3076,10949,10949,540,9112,280,0,1.0,0.04931957256370445
864691135387690069,L2IT,excitatory,train,6042,481,406,5042,5042,25,4580,11,0,1.0,0.004958349861166204
864691135387551061,PV,inhibitory,train,17958,7196,3100,13528,13528,476,11805,228,0,1.0,0.03518628030751035
864691135387753601,MC,inhibitory,train,3411,747,554,2200,2200,200,1892,111,0,1.0,0.09090909090909091
864691135387513685,L4IT,excitatory,test,3874,645,539,1280,1280,116,1132,68,0,1.0,0.090625
864691135386963541,L4IT,excitatory,train,5683,862,758,2995,2995,102,2517,58,0,1.0,0.0340567612687813
864691135387535957,L4IT,excitatory,train,3304,499,424,1721,1721,139,1538,76,0,1.0,0.08076699593259733
864691135387277397,thalamocortical,excitatory,train,14141,3085,2566,110,110,35,77,2,0,1.0,0.3181818181818182
864691135388545921,L6IT,excitatory,test,2627,215,157,2353,2353,81,2089,51,0,1.0,0.034424139396515084
864691135387988609,L3IT,excitatory,train,3614,356,288,2498,2498,172,2157,72,0,1.0,0.0688550840672538
864691135388514689,astrocyte,glia,train,1869,62,40,384,384,32,343,11,0,1.0,0.08333333333333333
864691135387945813,astrocyte,glia,test,1412,43,33,90,90,15,81,6,0,1.0,0.16666666666666666
864691135389122689,PV,inhibitory,train,16361,5683,3632,7890,7890,407,6680,196,0,1.0,0.05158428390367554
864691135389168001,L2IT,excitatory,train,4827,446,381,4675,4675,354,4035,129,0,1.0,0.07572192513368985
864691135388984961,PV,inhibitory,train,20546,5812,2471,12177,12177,558,9992,248,0,1.0,0.04582409460458241
864691135396115189,L6IT,excitatory,test,4215,494,416,2033,2033,77,1791,47,0,1.0,0.03787506148548942
864691135396312821,L6CT,excitatory,train,2451,187,165,2535,2535,55,2308,32,0,1.0,0.021696252465483234
864691135395833333,ITC,inhibitory,train,1799,229,136,1614,1614,98,1447,62,0,1.0,0.06071871127633209
864691135431089968,L6IT,excitatory,train,4568,701,619,3394,3394,112,2959,65,0,1.0,0.032999410724808484
864691135431616048,L5ET,excitatory,train,8432,982,602,26982,26982,1404,19667,361,0,1.0,0.05203468979319546
864691135431109168,L6CT,excitatory,test,2738,245,202,1888,1888,55,1743,37,0,1.0,0.02913135593220339
864691135431654960,L2IT,excitatory,train,5681,482,435,2733,2733,158,2551,97,0,1.0,0.05781192828393707
864691135431591728,L6CT,excitatory,train,2210,146,121,1467,1467,36,1329,21,0,1.0,0.024539877300613498
864691135431579440,AltDTC,inhibitory,train,3986,823,591,2359,2359,87,2133,51,0,1.0,0.03688003391267486
864691135431633200,microglia,glia,train,334,10,6,14,14,6,10,2,0,1.0,0.42857142857142855
864691135448256146,L4IT,excitatory,train,5173,823,737,1344,1344,114,1177,61,0,1.0,0.08482142857142858
864691135447888274,PV,inhibitory,train,9238,2140,1021,5714,5714,252,5078,132,0,1.0,0.04410220511025551
864691135448130450,L3IT,excitatory,train,4629,520,443,3161,3161,257,2776,118,0,1.0,0.08130338500474533
864691135448215698,L4IT,excitatory,train,4605,650,591,2527,2527,253,2146,110,0,1.0,0.1001187178472497
864691135464928318,L2IT,excitatory,train,5340,352,316,3102,3102,144,2871,85,0,1.0,0.04642166344294004
864691135464787525,L4IT,excitatory,train,2940,340,303,1474,1474,8,1289,5,0,1.0,0.005427408412483039
864691135464946757,PV,inhibitory,test,7808,1843,696,4070,4070,263,3268,103,0,1.0,0.06461916461916462
864691135464671550,L2IT,excitatory,train,6199,692,605,4509,4509,164,4223,95,0,1.0,0.036371701042359726
864691135465001373,PV,inhibitory,train,8438,2408,1250,6848,6848,397,5920,231,0,1.0,0.0579731308411215
864691135465583685,L6IT,excitatory,train,2871,306,248,2097,2097,83,1811,53,0,1.0,0.039580352885073916
864691135465098653,L6CT,excitatory,train,2983,157,123,3376,3376,106,3023,64,0,1.0,0.03139810426540284
864691135465100189,L4IT,excitatory,train,4374,662,579,1772,1772,160,1552,90,0,1.0,0.09029345372460497
864691135469753426,L2IT,excitatory,train,4691,687,561,5032,5032,398,4289,144,0,1.0,0.07909379968203498
864691135466333509,PV,inhibitory,train,10937,4594,1841,6512,6512,693,5273,293,0,1.0,0.10641891891891891
864691135468948364,L3IT,excitatory,train,7745,1458,1305,4273,4273,71,3594,37,0,1.0,0.016615960683360638
864691135468161164,L3IT,excitatory,train,3685,114,95,5173,5173,24,4695,13,0,1.0,0.004639474192924802
864691135473961522,L6CT,excitatory,train,1663,75,45,2234,2234,69,1988,36,0,1.0,0.03088630259623993
864691135476495936,L3IT,excitatory,test,9687,2389,2001,3654,3654,280,3121,129,0,1.0,0.07662835249042145
864691135473954354,L6IT,excitatory,train,4667,618,515,2339,2339,111,2024,77,0,1.0,0.04745617785378367
864691135473540914,L4IT,excitatory,train,3937,537,451,2521,2521,267,2036,92,0,1.0,0.10591035303451012
864691135474504498,L4IT,excitatory,train,2393,299,244,1479,1479,119,1255,53,0,1.0,0.08045977011494253
864691135474086450,PV,inhibitory,train,11043,2568,910,7301,7301,171,6038,45,0,1.0,0.023421449116559374
864691135474179378,MC,inhibitory,train,4736,1155,863,2052,2052,123,1795,83,0,1.0,0.059941520467836254
864691135480702662,MC,inhibitory,train,12578,10729,5628,6732,6732,499,5654,286,0,1.0,0.07412358882947118
864691135480892614,L4IT,excitatory,train,8089,1293,1154,4860,4860,315,4113,161,0,1.0,0.06481481481481481
864691135480585158,L1,inhibitory,train,1211,45,38,2580,2580,99,2418,50,0,1.0,0.03837209302325582
864691135479833030,L4IT,excitatory,train,5511,1084,967,1809,1809,61,1611,37,0,1.0,0.033720287451630734
864691135480800198,L2IT,excitatory,train,4494,232,201,3928,3928,132,3699,77,0,1.0,0.03360488798370672
864691135480718022,L2IT,excitatory,test,4987,484,397,4589,4589,18,4067,11,0,1.0,0.003922423185879277
864691135480803014,astrocyte,glia,train,2027,60,51,145,145,21,131,12,0,1.0,0.14482758620689656
864691135480702150,microglia,glia,train,580,13,4,29,29,11,20,2,0,1.0,0.3793103448275862
864691135490326074,L2IT,excitatory,train,4482,319,278,4636,4636,247,4215,114,0,1.0,0.05327868852459016
864691135491204327,L2IT,excitatory,train,3405,123,101,5499,5499,26,4873,9,0,1.0,0.004728132387706856
864691135491167207,L2IT,excitatory,train,4074,225,176,5901,5901,32,5271,10,0,1.0,0.0054228096932723265
864691135490505018,L4IT,excitatory,train,4035,466,404,1315,1315,117,1181,67,0,1.0,0.08897338403041825
864691135492991839,L4IT,excitatory,train,3507,505,399,1256,1256,148,1074,69,0,1.0,0.1178343949044586
864691135493031519,L4IT,excitatory,train,5537,737,659,2726,2726,224,2336,102,0,1.0,0.08217168011738811
864691135493546591,L4IT,excitatory,train,3430,310,255,1911,1911,156,1688,84,0,1.0,0.08163265306122448
864691135493079135,L6CT,excitatory,train,3621,242,175,2333,2333,65,2031,36,0,1.0,0.02786112301757394
864691135493051879,L3IT,excitatory,train,4275,403,326,4552,4552,355,4048,163,0,1.0,0.07798769771528999
864691135493620831,L2IT,excitatory,train,4974,250,218,2914,2914,159,2737,101,0,1.0,0.05456417295813315
864691135493079783,L2IT,excitatory,test,5243,561,458,6111,6111,26,5351,7,0,1.0,0.004254622811323842
864691135496444816,PV,inhibitory,train,7445,3053,1120,5988,5988,472,5068,246,0,1.0,0.0788243152972612
864691135499283987,L6IT,excitatory,train,5205,673,512,2622,2622,151,2096,58,0,1.0,0.057589626239511825
864691135499616019,PV,inhibitory,train,8505,4719,1670,5749,5749,438,4418,189,0,1.0,0.07618716298486693
864691135496440208,L3IT,excitatory,test,5092,399,352,5354,5354,400,4667,165,0,1.0,0.07471049682480388
864691135498997267,L5IT,excitatory,train,5262,511,461,2022,2022,145,1728,71,0,1.0,0.07171117705242334
864691135499317779,astrocyte,glia,train,1769,53,29,343,343,29,304,5,0,1.0,0.08454810495626822
864691135498992403,L3IT,excitatory,train,2439,171,144,2233,2233,20,1957,3,0,1.0,0.008956560680698611
864691135503182685,L5ET,excitatory,test,8500,660,502,11190,11190,748,9168,254,0,1.0,0.06684539767649687
864691135503163202,L4IT,excitatory,test,8405,1061,950,3074,3074,65,2629,39,0,1.0,0.02114508783344177
864691135502902338,L5IT,excitatory,test,5450,695,599,2352,2352,39,2071,16,0,1.0,0.016581632653061226
864691135503350082,L6CT,excitatory,train,2385,183,145,2355,2355,76,2132,46,0,1.0,0.03227176220806794
864691135502885954,L2IT,excitatory,train,3928,307,269,4816,4816,241,4367,117,0,1.0,0.05004152823920266
864691135503004765,ITCperi,inhibitory,train,2613,517,326,1505,1505,112,1372,67,0,1.0,0.07441860465116279
864691135503293250,L6CT,excitatory,train,3476,173,120,1959,1959,55,1711,25,0,1.0,0.02807554874936192
864691135504168285,L4IT,excitatory,test,3718,525,476,2053,2053,220,1744,95,0,1.0,0.1071602532878714
864691135503448898,L6IT,excitatory,test,7149,889,788,3607,3607,107,3193,47,0,1.0,0.029664541169947326
864691135503443549,L4IT,excitatory,train,3757,694,584,988,988,21,880,8,0,1.0,0.02125506072874494
864691135503782210,AltDTC,inhibitory,train,8361,1854,1379,3742,3742,113,3438,54,0,1.0,0.03019775521111705
864691135503439170,L6CT,excitatory,train,1920,64,50,1821,1821,49,1672,27,0,1.0,0.026908292147171883
864691135503556930,astrocyte,glia,train,1912,45,33,64,64,15,53,4,0,1.0,0.234375
864691135518510218,NGC,inhibitory,test,2177,101,96,2743,2743,52,2572,39,0,1.0,0.018957345971563982
864691135518283475,L3IT,excitatory,train,6346,688,602,4724,4724,307,4155,133,0,1.0,0.06498729889923793
864691135511486985,L4IT,excitatory,train,4914,864,785,1335,1335,161,1147,76,0,1.0,0.12059925093632959
864691135511802576,L5IT,excitatory,train,5756,604,527,3360,3360,34,3056,10,0,1.0,0.01011904761904762
864691135517531786,L2IT,excitatory,test,5769,423,351,5057,5057,28,4633,14,0,1.0,0.00553687957286929
864691135539591282,L6CT,excitatory,train,2031,167,130,2450,2450,86,2227,56,0,1.0,0.03510204081632653
864691135546161704,L4IT,excitatory,test,5561,872,696,2835,2835,278,2366,120,0,1.0,0.0980599647266314
864691135539491442,L4IT,excitatory,train,5288,918,784,3513,3513,26,2770,14,0,1.0,0.00740108169655565
864691135544366632,oligo,glia,train,292,2,2,2,2,1,2,1,0,1.0,0.5
864691135562474977,L4IT,excitatory,train,4887,555,511,2763,2763,71,2383,42,0,1.0,0.025696706478465437
864691135562842337,L3IT,excitatory,train,7483,1258,1094,3651,3651,287,3193,130,0,1.0,0.07860860038345659
864691135562519009,L6IT,excitatory,train,4160,543,449,2541,2541,92,2233,44,0,1.0,0.03620621802439984
864691135562975969,L3IT,excitatory,train,5080,316,273,4261,4261,277,3884,129,0,1.0,0.06500821403426425
864691135562798817,L3IT,excitatory,test,8506,1413,1242,3426,3426,235,3010,123,0,1.0,0.06859311150029189
864691135562950369,ITCperi,inhibitory,train,6062,1709,1184,2268,2268,164,2014,72,0,1.0,0.07231040564373897
864691135565962775,L2IT,excitatory,train,4599,297,269,5632,5632,26,5084,10,0,1.0,0.004616477272727273
864691135570301676,L4IT,excitatory,train,3123,602,481,1552,1552,221,1258,73,0,1.0,0.14239690721649484
864691135567059223,L4IT,excitatory,train,4468,670,604,2017,2017,213,1711,93,0,1.0,0.10560237977193852
864691135567047191,L3IT,excitatory,test,4378,483,409,4743,4743,303,4208,145,0,1.0,0.06388361796331436
864691135570135020,L6IT,excitatory,train,3746,486,410,1740,1740,83,1549,52,0,1.0,0.04770114942528736
864691135569363948,L6CT,excitatory,train,1827,168,121,1986,1986,62,1796,39,0,1.0,0.03121852970795569
864691135569592300,L4IT,excitatory,test,4290,879,760,1521,1521,157,1294,70,0,1.0,0.1032215647600263
864691135569902316,L4IT,excitatory,train,4935,739,673,2242,2242,16,1877,7,0,1.0,0.007136485280999108
864691135572576237,L2IT,excitatory,train,5501,401,355,3975,3975,184,3711,95,0,1.0,0.04628930817610063
864691135573327085,L3IT,excitatory,test,4202,276,233,4418,4418,247,3957,139,0,1.0,0.055907650520597554
864691135573296677,L3IT,excitatory,train,4940,375,314,4809,4809,306,4285,147,0,1.0,0.06363069245165315
864691135572385061,L2IT,excitatory,train,3178,195,170,4262,4262,20,3853,9,0,1.0,0.004692632566870014
864691135572530981,L5ET,excitatory,train,7445,477,369,7169,7169,46,6447,11,0,1.0,0.0064165155530757426
864691135573315053,L6IT,excitatory,train,4781,298,242,4241,4241,195,3741,100,0,1.0,0.045979721763734965
864691135573276197,L6IT,excitatory,train,5341,661,540,3162,3162,99,2702,52,0,1.0,0.031309297912713474
864691135576991518,L4IT,excitatory,train,6122,760,687,3001,3001,80,2569,36,0,1.0,0.026657780739753417
864691135576872222,L4IT,excitatory,train,4280,690,569,2997,2997,291,2452,109,0,1.0,0.0970970970970971
864691135577135390,L6CT,excitatory,train,2637,268,202,2315,2315,61,2105,40,0,1.0,0.026349892008639308
864691135577574430,L2IT,excitatory,train,4178,285,251,4096,4096,114,3773,65,0,1.0,0.02783203125
864691135577617694,L2IT,excitatory,train,4191,281,229,2938,2938,150,2713,87,0,1.0,0.05105513955071477
864691135578670597,L6IT,excitatory,train,5464,680,569,3225,3225,132,2807,52,0,1.0,0.04093023255813953
864691135577651230,L2IT,excitatory,train,7086,629,552,4842,4842,313,4390,145,0,1.0,0.06464270962412226
864691135577644574,L3IT,excitatory,train,4926,582,488,5488,5488,329,4864,150,0,1.0,0.05994897959183673
864691135578360837,L4IT,excitatory,train,4594,530,490,2761,2761,101,2388,62,0,1.0,0.03658094893154654
864691135577816862,L4IT,excitatory,train,5440,1234,1076,1788,1788,168,1520,76,0,1.0,0.09395973154362416
864691135582973549,L4IT,excitatory,train,5840,1205,1053,1998,1998,161,1633,54,0,1.0,0.08058058058058058
864691135584019053,NMC,inhibitory,train,9374,5112,3049,8121,8121,671,6936,332,0,1.0,0.08262529245166851
864691135584316781,PV,inhibitory,train,9185,3138,1633,8010,8010,406,7180,203,0,1.0,0.050686641697877656
864691135585713528,L5IT,excitatory,test,7293,926,836,3148,3148,225,2759,124,0,1.0,0.07147395171537484
864691135585503864,L6CT,excitatory,train,1997,98,77,2177,2177,63,1994,41,0,1.0,0.028938906752411574
864691135586022264,PV,inhibitory,train,14747,5155,1847,10066,10066,282,8733,142,0,1.0,0.028015100337770712
864691135587371132,L4IT,excitatory,train,3714,315,274,2119,2119,148,1912,78,0,1.0,0.06984426616328457
864691135586240120,L2IT,excitatory,train,5475,405,364,2800,2800,125,2648,85,0,1.0,0.044642857142857144
864691135586724220,L5IT,excitatory,train,7976,908,786,4963,4963,270,4302,121,0,1.0,0.054402579085230704
864691135587532924,L5IT,excitatory,train,5311,370,317,3922,3922,63,3405,25,0,1.0,0.01606323304436512
864691135587086972,microglia,glia,test,888,80,67,22,22,9,14,1,0,1.0,0.4090909090909091
864691135659566210,L4IT,excitatory,train,2774,376,325,1902,1902,195,1596,90,0,1.0,0.10252365930599369
864691135659824514,ITC,inhibitory,test,3671,450,229,2407,2407,89,2004,49,0,1.0,0.03697548815953469
864691135656579010,L5IT,excitatory,train,7168,1100,987,2348,2348,143,2107,88,0,1.0,0.06090289608177172
864691135656664770,L4IT,excitatory,train,5050,869,774,1849,1849,112,1688,78,0,1.0,0.06057328285559762
864691135656674242,L5IT,excitatory,train,5440,617,542,2642,2642,157,2268,89,0,1.0,0.059424678274034824
864691135659140738,L6IT,excitatory,train,2366,149,130,2554,2554,71,2252,40,0,1.0,0.02779953014878622
864691135659315842,astrocyte,glia,train,2124,52,41,141,141,13,127,4,0,1.0,0.09219858156028368
864691135685620210,L3IT,excitatory,train,5656,898,751,4294,4294,323,3647,138,0,1.0,0.0752212389380531
864691135686283703,L4IT,excitatory,train,4802,762,671,2470,2470,216,2128,96,0,1.0,0.0874493927125506
864691135662825456,L4IT,excitatory,train,5749,777,684,1359,1359,104,1243,63,0,1.0,0.07652685798381163
864691135685980087,AltDTC,inhibitory,train,2047,220,146,3221,3221,43,2711,7,0,1.0,0.01334989133809376
864691135684284914,PV,inhibitory,train,5567,1655,919,10952,10952,127,8470,25,0,1.0,0.011596055514974434
864691135689555680,NGC,inhibitory,train,11382,916,767,5479,5479,116,4715,72,0,1.0,0.0211717466691002
864691135694406335,L4IT,excitatory,train,4255,525,468,3800,3800,349,3167,140,0,1.0,0.09184210526315789
864691135695042751,L6IT,excitatory,train,5054,1125,813,2036,2036,140,1678,48,0,1.0,0.068762278978389
864691135694264511,L4IT,excitatory,test,4611,618,530,3475,3475,360,2854,131,0,1.0,0.10359712230215827
864691135694189759,L6CT,excitatory,train,1232,25,16,1529,1529,42,1380,24,0,1.0,0.027468933943754086
864691135694421439,L6IT,excitatory,train,3786,357,285,2464,2464,64,2191,35,0,1.0,0.025974025974025976
864691135700648226,L2IT,excitatory,test,4307,168,150,5232,5232,20,4833,7,0,1.0,0.00382262996941896
864691135701272610,L6IT,excitatory,train,4119,544,463,2079,2079,78,1806,30,0,1.0,0.03751803751803752
864691135700814114,L6CT,excitatory,train,2797,194,155,2816,2816,71,2523,47,0,1.0,0.02521306818181818
864691135700757026,PV,inhibitory,train,4533,1326,759,2687,2687,115,2443,78,0,1.0,0.042798660215854115
864691135701629474,L2IT,excitatory,train,4359,360,289,4706,4706,329,4163,138,0,1.0,0.06991075223119422
864691135717457178,L4IT,excitatory,train,5299,882,798,2478,2478,260,2081,98,0,1.0,0.10492332526230831
864691135720245297,L6CT,excitatory,train,1831,58,27,2434,2434,57,2108,23,0,1.0,0.02341824157764996
864691135727278655,L6CT,excitatory,train,1916,104,87,1861,1861,62,1643,42,0,1.0,0.03331542181622783
864691135726881195,L4IT,excitatory,test,5587,1117,960,2171,2171,233,1837,96,0,1.0,0.10732381391064026
864691135727799359,L4IT,excitatory,train,3994,789,619,1306,1306,171,1042,78,0,1.0,0.13093415007656967
864691135726706859,microglia,glia,train,519,9,4,34,34,8,29,3,0,1.0,0.23529411764705882
864691135727790911,L3IT,excitatory,train,4325,315,284,4489,4489,367,3978,157,0,1.0,0.08175540209400757
864691135727857727,microglia,glia,train,476,13,4,24,24,10,15,1,0,1.0,0.4166666666666667
864691135727686463,AltBasket,inhibitory,test,3025,406,329,2681,2681,29,2186,13,0,1.0,0.01081685938082805
864691135727929663,L1,inhibitory,test,8186,2532,1233,5683,5683,215,5232,120,0,1.0,0.03783213091676931
864691135731966649,L6CT,excitatory,train,2519,260,187,2052,2052,72,1824,40,0,1.0,0.03508771929824561
864691135731705273,L2IT,excitatory,train,5292,577,455,6417,6417,29,5538,9,0,1.0,0.004519245753467353
864691135739008132,L2IT,excitatory,train,5202,290,264,2518,2518,113,2360,63,0,1.0,0.044876886417791896
864691135739689073,L2IT,excitatory,train,4490,306,272,2591,2591,133,2461,85,0,1.0,0.051331532226939404
864691135738953860,L2IT,excitatory,train,5047,410,362,2731,2731,131,2552,85,0,1.0,0.047967777370926404
864691135738995588,L2IT,excitatory,train,5273,340,280,3616,3616,184,3326,72,0,1.0,0.05088495575221239
864691135741910164,L6IT,excitatory,train,5505,961,850,2815,2815,125,2468,68,0,1.0,0.04440497335701599
864691135741889940,PV,inhibitory,train,14293,5490,2744,7050,7050,628,5595,272,0,1.0,0.08907801418439716
864691135741874836,L2IT,excitatory,train,6791,610,519,5861,5861,320,5254,118,0,1.0,0.05459819143490872
864691135749995049,L2IT,excitatory,train,4477,311,265,5035,5035,25,4701,12,0,1.0,0.004965243296921549
864691135751149353,L4IT,excitatory,train,4451,619,451,1392,1392,165,1147,54,0,1.0,0.11853448275862069
864691135750642473,L6IT,excitatory,train,7200,1351,1159,2739,2739,163,2311,65,0,1.0,0.05951077035414385
864691135749141801,L2IT,excitatory,train,7403,902,771,5920,5920,32,5191,15,0,1.0,0.005405405405405406
864691135755197133,L5IT,excitatory,train,4737,328,281,5481,5481,27,4862,13,0,1.0,0.0049261083743842365
864691135760106830,L4IT,excitatory,train,4722,520,462,2988,2988,261,2507,105,0,1.0,0.08734939759036145
864691135760319822,L4IT,excitatory,train,4616,799,732,1555,1555,131,1361,67,0,1.0,0.0842443729903537
864691135757040082,L4IT,excitatory,train,4850,805,709,3273,3273,245,2896,120,0,1.0,0.07485487320501069
864691135760050254,L3IT,excitatory,test,5102,350,287,4792,4792,297,4280,137,0,1.0,0.06197829716193656
864691135760577870,AltBasket,inhibitory,train,5461,1785,1298,2401,2401,29,1995,5,0,1.0,0.012078300708038317
864691135764678198,MC,inhibitory,train,12769,4771,2482,4338,4338,191,3863,95,0,1.0,0.04402950668510835
864691135764932662,L2IT,excitatory,train,6133,620,501,4165,4165,282,3751,103,0,1.0,0.06770708283313326
864691135764631862,L3IT,excitatory,train,5018,868,714,3703,3703,266,3143,124,0,1.0,0.07183364839319471
864691135764644150,ITC,inhibitory,train,1428,151,93,1484,1484,66,1316,23,0,1.0,0.0444743935309973
864691135765006134,L4IT,excitatory,test,4098,506,446,1332,1332,134,1168,70,0,1.0,0.1006006006006006
864691135764583990,L2IT,excitatory,test,10397,1625,1348,3594,3594,216,3260,100,0,1.0,0.06010016694490818
864691135764890678,MC,inhibitory,train,5045,2044,1491,2980,2980,345,2475,150,0,1.0,0.11577181208053691
864691135764274742,AltBasket,inhibitory,train,2863,502,390,2092,2092,18,1819,5,0,1.0,0.008604206500956023
864691135773910603,L5IT,excitatory,train,7494,1017,929,2612,2612,78,2286,37,0,1.0,0.02986217457886677
864691135773694795,L4IT,excitatory,train,5052,820,736,2130,2130,200,1831,95,0,1.0,0.09389671361502347
864691135774127611,ITC,inhibitory,train,2521,223,154,2328,2328,72,2180,53,0,1.0,0.030927835051546393
864691135773724747,L6CT,excitatory,test,2222,197,170,2387,2387,61,2138,45,0,1.0,0.025555090071219103
864691135778290109,PV,inhibitory,test,9551,3813,1896,14049,14049,411,11403,181,0,1.0,0.029254751227845398
864691135778288573,L6IT,excitatory,train,6118,1158,1009,2072,2072,95,1782,43,0,1.0,0.04584942084942085
864691135778116013,PV,inhibitory,train,14680,5369,2210,8686,8686,403,7379,212,0,1.0,0.04639650011512779
864691135778815421,L3IT,excitatory,train,3331,455,382,2974,2974,187,2600,85,0,1.0,0.06287827841291191
864691135778811325,L2IT,excitatory,test,5384,696,588,5074,5074,309,4479,135,0,1.0,0.06089869925108396
864691135778773856,ITC,inhibitory,train,2093,200,119,3414,3414,138,2880,81,0,1.0,0.040421792618629174
864691135779049568,L6CT,excitatory,train,2338,196,166,2461,2461,66,2234,43,0,1.0,0.026818366517675742
864691135779297981,L4IT,excitatory,train,8495,1187,1067,3235,3235,307,2788,159,0,1.0,0.09489953632148378
864691135778954848,L4IT,excitatory,train,3183,331,299,2201,2201,152,1951,85,0,1.0,0.06905951840072694
864691135779377341,L4IT,excitatory,train,3830,649,561,1400,1400,107,1215,54,0,1.0,0.07642857142857143
864691135784960307,L2IT,excitatory,test,5479,350,315,4365,4365,262,3963,120,0,1.0,0.06002290950744559
864691135782542416,L3IT,excitatory,train,4999,640,546,3848,3848,271,3308,117,0,1.0,0.07042619542619542
864691135782506832,L4IT,excitatory,train,3669,695,602,1721,1721,165,1470,82,0,1.0,0.09587449157466589
864691135783909427,MC,inhibitory,train,7865,2856,1754,6590,6590,54,5883,26,0,1.0,0.00819423368740516
864691135783308368,L4IT,excitatory,train,3977,602,474,2568,2568,170,2247,93,0,1.0,0.06619937694704049
864691135782278224,L6CT,excitatory,train,1404,52,34,2419,2419,61,2199,38,0,1.0,0.025217031831335262
864691135782702387,L3IT,excitatory,train,4941,819,705,2314,2314,147,2027,76,0,1.0,0.06352636127917027
864691135784641843,L6CT,excitatory,train,2339,98,70,2827,2827,39,2513,17,0,1.0,0.013795542978422356
864691135807579933,L4IT,excitatory,train,5183,629,555,2463,2463,14,2172,4,0,1.0,0.005684125050751117
864691135808684573,L3IT,excitatory,train,4364,539,485,2908,2908,73,2541,40,0,1.0,0.025103163686382393
864691135802453858,L2IT,excitatory,train,5158,417,337,3936,3936,219,3406,80,0,1.0,0.055640243902439025
864691135809384221,L6CT,excitatory,test,2132,155,134,2587,2587,62,2361,44,0,1.0,0.02396598376497874
864691135809375005,L6CT,excitatory,train,2430,211,173,2158,2158,70,1951,46,0,1.0,0.03243744207599629
864691135801604706,L3IT,excitatory,test,8334,1061,895,3040,3040,22,2754,7,0,1.0,0.007236842105263158
864691135810495005,PV,inhibitory,train,6783,3952,1265,4828,4828,566,3661,232,0,1.0,0.11723280861640431
864691135810773452,L4IT,excitatory,train,3298,391,328,2188,2188,169,1821,75,0,1.0,0.07723948811700183
864691135810531357,ITCperi,inhibitory,test,3234,833,563,2089,2089,82,1915,60,0,1.0,0.03925323121110579
864691135810905036,L4IT,excitatory,train,5058,761,687,3288,3288,151,2858,81,0,1.0,0.04592457420924574
864691135838916755,L3IT,excitatory,train,4434,363,322,5430,5430,242,4981,135,0,1.0,0.04456721915285451
864691135839979667,NMC,inhibitory,train,9993,8281,4163,7035,7035,553,6037,333,0,1.0,0.07860696517412935
864691135839932307,L2IT,excitatory,train,4970,331,294,5560,5560,213,5166,92,0,1.0,0.03830935251798561
864691135839999379,ITCperi,inhibitory,train,1886,274,212,1633,1633,64,1540,43,0,1.0,0.03919167176974893
864691135839950227,L2IT,excitatory,train,4065,290,241,4217,4217,262,3819,117,0,1.0,0.06212947593075646
864691135839577235,MC,inhibitory,train,5390,2551,1774,3889,3889,201,3421,113,0,1.0,0.05168423759321162
864691135853055175,L2IT,excitatory,train,4660,332,284,3773,3773,161,3507,102,0,1.0,0.04267161410018553
864691135850033758,L2IT,excitatory,test,4715,219,206,2474,2474,193,2265,99,0,1.0,0.07801131770412288
864691135852637127,L6IT,excitatory,train,4252,595,504,2535,2535,79,2209,38,0,1.0,0.03116370808678501
864691135852138183,L2IT,excitatory,train,4115,136,114,5499,5499,31,5006,16,0,1.0,0.00563738861611202
864691135849699166,L5IT,excitatory,train,7493,665,606,3743,3743,305,3291,152,0,1.0,0.08148543948704248
864691135851792071,L2IT,excitatory,train,2554,67,48,6248,6248,36,5624,14,0,1.0,0.005761843790012804
864691135861182824,L6IT,excitatory,train,4714,375,315,2881,2881,121,2590,70,0,1.0,0.041999305796598406
864691135865774206,L4IT,excitatory,test,3914,542,463,2610,2610,198,2257,102,0,1.0,0.07586206896551724
864691135858363694,PV,inhibitory,train,14652,4295,2282,12432,12432,796,10923,415,0,1.0,0.06402831402831403
864691135865648254,L6IT,excitatory,train,1536,96,72,2491,2491,81,2201,40,0,1.0,0.03251706142111602
864691135866223998,L6CT,excitatory,train,2146,172,128,1934,1934,63,1779,38,0,1.0,0.03257497414684592
864691135866947804,L2IT,excitatory,test,5818,407,359,3041,3041,178,2827,94,0,1.0,0.058533377178559685
864691135866576604,L3IT,excitatory,train,3863,492,408,2933,2933,265,2489,116,0,1.0,0.09035117627003068
864691135866279900,L6CT,excitatory,test,2882,234,179,1904,1904,73,1750,46,0,1.0,0.038340336134453784
864691135866396798,L4IT,excitatory,train,3239,290,255,1542,1542,9,1362,7,0,1.0,0.005836575875486381
864691135866821340,thalamocortical,excitatory,train,10531,3151,2423,110,110,41,71,2,0,1.0,0.37272727272727274
864691135868435734,L6CT,excitatory,train,2327,161,111,2216,2216,50,2028,35,0,1.0,0.02256317689530686
864691135868919318,L5IT,excitatory,train,6106,559,480,2629,2629,113,2360,60,0,1.0,0.04298212248003043
864691135869457430,PV,inhibitory,train,17638,7364,3061,10218,10218,728,8196,322,0,1.0,0.07124681933842239
864691135868466710,L4IT,excitatory,train,4987,868,739,1625,1625,197,1279,73,0,1.0,0.12123076923076923
864691135868957462,L5IT,excitatory,train,4250,418,357,2034,2034,110,1772,58,0,1.0,0.05408062930186824
864691135868684566,L6IT,excitatory,train,7769,671,562,3902,3902,190,3393,104,0,1.0,0.0486929779600205
864691135868946966,L6CT,excitatory,test,1488,54,21,1867,1867,38,1620,5,0,1.0,0.020353508302088912
864691135878586963,thalamocortical,excitatory,train,10263,2888,2347,87,87,31,58,2,0,1.0,0.3563218390804598
864691135878154067,PV,inhibitory,test,8027,2206,1107,6831,6831,241,5890,124,0,1.0,0.035280339628165715
864691135878560595,astrocyte,glia,train,1676,51,38,93,93,19,81,7,0,1.0,0.20430107526881722
864691135885996912,ITCperi,inhibitory,train,2188,469,283,1035,1035,77,962,52,0,1.0,0.07439613526570048
864691135886300016,L4IT,excitatory,train,5198,1023,879,2286,2286,192,1930,77,0,1.0,0.08398950131233596
864691135886208112,L3IT,excitatory,train,3402,379,307,2298,2298,229,1992,102,0,1.0,0.09965187119234116
864691135886173552,microglia,glia,train,479,21,11,32,32,12,22,2,0,1.0,0.375
864691135886130288,L4IT,excitatory,train,4321,658,571,1705,1705,163,1477,80,0,1.0,0.09560117302052785
864691135888577417,L6IT,excitatory,train,3942,494,413,2981,2981,24,2551,8,0,1.0,0.008050989600805098
864691135912137641,PV,inhibitory,train,14237,4131,1684,7467,7467,301,6697,173,0,1.0,0.040310700415160036
864691135892214409,L2IT,excitatory,train,5174,389,347,4454,4454,153,4113,61,0,1.0,0.03435114503816794
864691135892233097,PV,inhibitory,train,12547,3988,1985,9106,9106,803,7470,335,0,1.0,0.08818361519877004
864691135917047910,L6IT,excitatory,train,4645,378,311,2527,2527,88,2158,35,0,1.0,0.03482390185991294
864691135916843366,L4IT,excitatory,train,4090,719,567,2940,2940,293,2349,93,0,1.0,0.09965986394557823
864691135917058150,L6IT,excitatory,train,5146,819,682,4076,4076,103,3501,51,0,1.0,0.025269872423945045
864691135908742552,oligo,glia,train,571,4,2,10,10,3,8,1,0,1.0,0.3
864691135927533070,L6IT,excitatory,train,3800,359,313,2045,2045,48,1795,19,0,1.0,0.0234718826405868
864691135927648212,L2IT,excitatory,test,2703,68,56,4073,4073,16,3798,5,0,1.0,0.003928308372207218
864691135927647956,L3IT,excitatory,test,3554,328,292,4944,4944,26,4314,6,0,1.0,0.0052588996763754045
864691135939515652,microglia,glia,train,553,20,6,35,35,16,21,2,0,1.0,0.45714285714285713
864691135939477508,L2IT,excitatory,train,4617,452,380,3398,3398,259,3003,110,0,1.0,0.07622130665097115
864691135939462453,L6IT,excitatory,test,3765,397,333,1882,1882,48,1671,23,0,1.0,0.025504782146652496
864691135939008565,L2IT,excitatory,train,6833,537,477,5013,5013,85,4521,47,0,1.0,0.016955914621982846
864691135939209988,L6CT,excitatory,test,1807,59,44,2349,2349,69,2156,48,0,1.0,0.02937420178799489
864691135939102980,astrocyte,glia,test,2049,92,70,123,123,25,107,9,0,1.0,0.2032520325203252
864691135939094020,astrocyte,glia,test,2089,55,46,88,88,14,80,6,0,1.0,0.1590909090909091
864691135940685057,L2IT,excitatory,train,4097,176,150,7101,7101,28,6237,11,0,1.0,0.003943106604703563
864691135941300993,L4IT,excitatory,train,3345,574,505,2414,2414,253,2037,110,0,1.0,0.10480530240265121
864691135940996774,L4IT,excitatory,train,2679,287,232,1163,1163,11,1033,6,0,1.0,0.009458297506448839
864691135939949365,L4IT,excitatory,train,6501,1127,979,4103,4103,331,3474,154,0,1.0,0.08067267852790641
864691135947139108,L2IT,excitatory,test,3807,283,246,4082,4082,131,3724,68,0,1.0,0.0320921117099461
864691135946994785,PV,inhibitory,train,9465,2968,1387,9064,9064,226,7499,92,0,1.0,0.02493380406001765
864691135947366692,L6CT,excitatory,train,1362,59,30,1864,1864,52,1652,27,0,1.0,0.027896995708154508
864691135948010081,L6CT,excitatory,train,2126,203,141,2449,2449,76,2158,49,0,1.0,0.0310330747243773
864691135943534196,microglia,glia,test,584,5,2,31,31,5,28,2,0,1.0,0.16129032258064516
864691135954940424,ITC,inhibitory,test,2621,277,158,3333,3333,126,2926,74,0,1.0,0.037803780378037805
864691135954582563,DTC,inhibitory,train,12051,3516,2229,9096,9096,383,7899,206,0,1.0,0.042106420404573436
864691135954702627,astrocyte,glia,train,1532,33,28,217,217,14,205,8,0,1.0,0.06451612903225806
864691135970293605,L6CT,excitatory,train,1796,114,88,2224,2224,90,1996,44,0,1.0,0.040467625899280574
864691135970210661,L5IT,excitatory,train,8962,1676,1498,1929,1929,104,1753,57,0,1.0,0.05391394504924832
864691135977309763,L4IT,excitatory,test,5657,730,645,3503,3503,86,2999,54,0,1.0,0.024550385383956607
864691135977666883,L5ET,excitatory,train,6010,254,142,12974,12974,858,10597,284,0,1.0,0.06613226452905811
864691135977768259,PV,inhibitory,test,12670,4106,1968,7922,7922,418,6323,163,0,1.0,0.05276445342085332
864691135976425327,L6IT,excitatory,train,3585,376,323,2436,2436,76,2147,51,0,1.0,0.031198686371100164
864691135977654851,L4IT,excitatory,train,6696,1021,947,2298,2298,210,2013,124,0,1.0,0.09138381201044386
864691135977134403,L4IT,excitatory,train,4077,458,421,2666,2666,29,2388,13,0,1.0,0.010877719429857465
864691135977045871,L4IT,excitatory,train,6501,1057,965,2546,2546,199,2224,114,0,1.0,0.0781618224666143
864691135993770945,AltBasket,inhibitory,test,3820,363,304,4399,4399,39,3892,19,0,1.0,0.008865651284382815
864691135994226881,L2IT,excitatory,train,5947,414,378,3587,3587,127,3376,74,0,1.0,0.03540563144689155
864691135993767617,L6CT,excitatory,train,4525,472,398,2085,2085,76,1888,42,0,1.0,0.03645083932853717
864691135993615041,L6CT,excitatory,train,2883,310,245,1971,1971,63,1785,42,0,1.0,0.0319634703196347
864691135994235841,L5IT,excitatory,train,8428,1128,1025,2872,2872,190,2545,117,0,1.0,0.06615598885793872
864691136006393034,NMC,inhibitory,train,10643,7530,3664,7148,7148,961,5863,432,0,1.0,0.13444320089535533
864691135994804394,AltBasket,inhibitory,train,4495,550,446,2426,2426,53,1738,19,0,1.0,0.021846661170651278
864691135997140906,AltBasket,inhibitory,train,20148,5129,3171,4176,4176,162,3689,72,0,1.0,0.03879310344827586
864691135996104618,PV,inhibitory,train,13638,4078,1977,12737,12737,318,10099,129,0,1.0,0.024966632645049856
864691135996177834,L3IT,excitatory,train,4609,450,375,4115,4115,404,3363,159,0,1.0,0.09817739975698664
864691135996891050,AltBasket,inhibitory,train,5010,707,570,3140,3140,39,2610,12,0,1.0,0.012420382165605096
864691135995711402,ITCperi,inhibitory,test,2545,782,459,1354,1354,75,1245,61,0,1.0,0.055391432791728215
864691136021595384,PV,inhibitory,train,6312,3014,1139,3934,3934,468,3151,221,0,1.0,0.11896288764616167
864691136021849848,L6CT,excitatory,train,3522,399,287,2417,2417,70,2165,47,0,1.0,0.028961522548613984
864691136021592568,PV,inhibitory,train,20292,7129,2620,7078,7078,287,5733,114,0,1.0,0.04054817745125742
864691136022520056,L5ET,excitatory,test,4708,124,109,8195,8195,708,6855,282,0,1.0,0.0863941427699817
864691136025184569,L2IT,excitatory,train,3098,143,132,3869,3869,22,3550,19,0,1.0,0.005686223830447144
864691136025504569,L4IT,excitatory,train,7725,1799,1572,2796,2796,69,2466,40,0,1.0,0.02467811158798283
864691136034011579,L2IT,excitatory,train,6654,722,641,3480,3480,217,3188,107,0,1.0,0.06235632183908046
864691136034084795,L3IT,excitatory,train,5668,502,453,5257,5257,297,4579,134,0,1.0,0.05649610043751189
864691136034199739,ITC,inhibitory,train,3449,446,310,3571,3571,113,3103,65,0,1.0,0.03164379725567068
864691136034271675,L2IT,excitatory,train,4743,683,565,4800,4800,40,4041,14,0,1.0,0.008333333333333333
864691136034181307,L4IT,excitatory,train,3236,303,264,1578,1578,129,1340,71,0,1.0,0.0817490494296578
864691136034369211,astrocyte,glia,train,1991,69,48,139,139,26,118,6,0,1.0,0.18705035971223022
864691136042989910,PV,inhibitory,train,10585,3855,1918,5917,5917,550,4731,251,0,1.0,0.09295250971776238
864691136043283030,L4IT,excitatory,train,4291,747,639,1466,1466,130,1265,74,0,1.0,0.08867667121418826
864691136042462038,L3IT,excitatory,train,3791,392,337,3807,3807,284,3380,141,0,1.0,0.07459942211715262
864691136043246934,microglia,glia,train,452,22,5,35,35,21,17,3,0,1.0,0.6
864691136058895576,L4IT,excitatory,train,4849,772,652,1565,1565,178,1307,72,0,1.0,0.11373801916932907
864691136058023640,L6CT,excitatory,train,2294,188,151,1838,1838,72,1662,43,0,1.0,0.03917301414581066
864691136058607320,microglia,glia,train,408,15,8,19,19,8,12,1,0,1.0,0.42105263157894735
864691136058602712,thalamocortical,excitatory,train,5227,2369,1996,47,47,16,33,2,0,1.0,0.3404255319148936
864691136091074615,L4IT,excitatory,test,4717,796,690,2833,2833,96,2331,41,0,1.0,0.0338863395693611
864691136091532855,L3IT,excitatory,train,4295,468,419,4074,4074,276,3648,136,0,1.0,0.06774668630338733
864691136092725684,L3IT,excitatory,train,6704,1078,978,3238,3238,193,2906,108,0,1.0,0.0596046942557134
864691136091233847,thalamocortical,excitatory,train,6605,3556,3019,57,57,26,32,1,0,1.0,0.45614035087719296
864691136100014453,AltBasket,inhibitory,train,5611,838,665,3157,3157,67,2689,28,0,1.0,0.021222679759265124
864691136089194039,L5ET,excitatory,train,8018,582,440,8335,8335,99,7206,28,0,1.0,0.01187762447510498
864691136090728503,L6CT,excitatory,train,1668,122,99,2013,2013,49,1827,32,0,1.0,0.024341778440139097
864691136090632503,L5IT,excitatory,train,7287,770,674,5860,5860,43,5217,17,0,1.0,0.007337883959044369
864691136107670745,PV,inhibitory,test,8107,1582,587,6407,6407,154,5494,70,0,1.0,0.0240362103948806
864691136102330485,L2IT,excitatory,train,5076,338,284,3486,3486,175,3261,82,0,1.0,0.050200803212851405
864691136107283417,L4IT,excitatory,train,6090,917,829,3221,3221,103,2686,55,0,1.0,0.031977646693573426
864691136101516661,L4IT,excitatory,train,4606,690,626,2848,2848,46,2360,31,0,1.0,0.016151685393258428
864691136101464181,L4IT,excitatory,train,5101,772,695,2441,2441,62,2092,30,0,1.0,0.025399426464563703
864691136107486169,L4IT,excitatory,train,5913,954,833,2370,2370,16,2122,10,0,1.0,0.006751054852320675
864691136106969561,L4IT,excitatory,test,3646,251,217,2125,2125,15,1861,7,0,1.0,0.007058823529411765
864691136111251896,L2IT,excitatory,train,5021,346,289,5929,5929,467,5119,178,0,1.0,0.07876539045370214
864691136108410329,L2IT,excitatory,train,3710,328,289,1844,1844,122,1732,72,0,1.0,0.06616052060737528
864691136108462553,L4IT,excitatory,train,4814,710,599,3068,3068,317,2580,125,0,1.0,0.10332464146023468
864691136111294648,L4IT,excitatory,test,4326,681,594,2338,2338,245,1942,95,0,1.0,0.10479041916167664
864691136117811876,L6CT,excitatory,train,2668,277,222,1950,1950,70,1748,43,0,1.0,0.035897435897435895
864691136111478712,L2IT,excitatory,test,3731,231,208,2362,2362,92,2236,46,0,1.0,0.03895004233700254
864691136111402424,L6CT,excitatory,train,1716,83,70,1813,1813,49,1656,41,0,1.0,0.02702702702702703
864691136117695908,L4IT,excitatory,test,3689,602,503,1440,1440,6,1208,3,0,1.0,0.004166666666666667
864691136118667428,L3IT,excitatory,train,5611,840,646,7407,7407,502,6440,185,0,1.0,0.06777372755501553
864691136118337956,L4IT,excitatory,train,3162,567,434,1080,1080,143,888,63,0,1.0,0.13240740740740742
864691136118370724,L3IT,excitatory,train,7924,1211,1077,4031,4031,276,3443,115,0,1.0,0.06846936244108162
864691136118359716,L5IT,excitatory,test,5649,832,738,1700,1700,168,1464,81,0,1.0,0.0988235294117647
864691136118346148,L6CT,excitatory,train,1491,61,45,2153,2153,64,1893,38,0,1.0,0.029725963771481654
864691136118805668,L6IT,excitatory,train,9425,1318,1169,2658,2658,130,2340,76,0,1.0,0.04890895410082769
864691136118430628,AltBasket,inhibitory,train,4386,1258,943,3422,3422,15,2976,8,0,1.0,0.004383401519579193
864691136118882468,PV,inhibitory,test,5327,3021,1475,2731,2731,160,2389,87,0,1.0,0.0585865983156353
864691136124845606,L2IT,excitatory,train,3077,83,67,4673,4673,27,4239,11,0,1.0,0.00577787288679649
864691136120038424,L6CT,excitatory,train,1893,104,85,2444,2444,66,2145,48,0,1.0,0.027004909983633387
864691136125457446,L4IT,excitatory,train,4948,718,662,2858,2858,169,2433,87,0,1.0,0.059132260321903427
864691136125985318,L6CT,excitatory,train,1091,29,17,1727,1727,42,1552,26,0,1.0,0.024319629415170817
864691136125411622,L3IT,excitatory,train,6305,1437,1229,2891,2891,111,2410,50,0,1.0,0.038395019024558975
864691136125440038,L4IT,excitatory,train,4790,905,743,2361,2361,50,1972,21,0,1.0,0.021177467174925878
864691136126503206,L2IT,excitatory,train,3820,282,258,2484,2484,110,2337,61,0,1.0,0.04428341384863124
864691136125433894,L3IT,excitatory,train,8677,1447,1293,4220,4220,122,3614,68,0,1.0,0.02890995260663507
864691136125956134,L6IT,excitatory,train,5257,912,771,2985,2985,183,2631,104,0,1.0,0.061306532663316586
864691136211068860,PV,inhibitory,train,15525,6937,3028,10314,10314,497,8705,219,0,1.0,0.048186930385883266
864691136210885820,L4IT,excitatory,train,6047,1153,1044,1724,1724,104,1535,56,0,1.0,0.060324825986078884
864691136227484753,L2IT,excitatory,train,5600,218,201,4212,4212,22,3928,14,0,1.0,0.0052231718898385565
864691136227020113,L6CT,excitatory,train,2973,206,147,2690,2690,15,2398,3,0,1.0,0.0055762081784386614
864691136211325884,L2IT,excitatory,test,6977,685,607,2229,2229,108,2139,79,0,1.0,0.04845222072678331
864691136211371452,L4IT,excitatory,test,4328,680,536,1449,1449,169,1226,74,0,1.0,0.11663216011042098
864691136238090767,L5IT,excitatory,train,4754,407,375,3343,3343,173,3039,103,0,1.0,0.05174992521687107
864691136228723281,L5NP,excitatory,test,3012,141,125,1088,1088,50,1032,34,0,1.0,0.04595588235294118
864691136228538961,L5IT,excitatory,train,6358,733,652,3190,3190,23,2882,13,0,1.0,0.007210031347962382
864691136238257935,astrocyte,glia,test,1413,57,43,187,187,26,168,12,0,1.0,0.13903743315508021
864691136268801012,PV,inhibitory,train,12780,5493,2270,9106,9106,915,7455,435,0,1.0,0.1004831978915001
864691136273370302,NGC,inhibitory,train,8281,812,668,5687,5687,228,4805,149,0,1.0,0.040091436609811855
864691136274488254,L4IT,excitatory,test,3622,505,428,1872,1872,185,1647,88,0,1.0,0.09882478632478632
864691136239980604,L4IT,excitatory,test,4409,830,753,1776,1776,147,1563,85,0,1.0,0.08277027027027027
864691136298125851,L3IT,excitatory,train,4174,323,276,3931,3931,289,3509,128,0,1.0,0.07351818875604171
864691136299026971,L2IT,excitatory,train,5376,494,435,4134,4134,211,3825,125,0,1.0,0.05104015481373972
864691136310966106,L6CT,excitatory,test,1827,88,68,2162,2162,14,2016,7,0,1.0,0.0064754856614246065
864691136298356507,astrocyte,glia,train,2214,57,45,122,122,18,110,7,0,1.0,0.14754098360655737
864691136312076122,NMC,inhibitory,train,11804,7120,3477,6090,6090,288,5373,165,0,1.0,0.04729064039408867
864691136313406781,L4IT,excitatory,train,5092,1075,916,1580,1580,150,1346,72,0,1.0,0.0949367088607595
864691136314126653,ITCperi,inhibitory,train,4083,1008,686,1545,1545,46,1449,34,0,1.0,0.02977346278317152
864691136314120765,PV,inhibitory,train,21469,8802,3310,15129,15129,768,12855,384,0,1.0,0.05076343446361293
864691136312445786,PV,inhibitory,train,18951,7553,3203,10908,10908,596,9279,303,0,1.0,0.05463879721305464
864691136312150874,L3IT,excitatory,train,4013,544,467,2316,2316,162,2054,82,0,1.0,0.06994818652849741
864691136314114621,L1,inhibitory,train,3057,567,459,1812,1812,103,1654,45,0,1.0,0.05684326710816777
864691136314178365,ITCperi,inhibitory,train,2180,266,198,1934,1934,47,1825,22,0,1.0,0.024301964839710446
864691136335553971,L2IT,excitatory,train,5376,311,276,2877,2877,137,2711,78,0,1.0,0.047619047619047616
864691136331249642,L2IT,excitatory,test,5240,535,448,6088,6088,373,5385,156,0,1.0,0.06126806833114323
864691136330880234,MC,inhibitory,train,13687,10012,4362,10632,10632,1136,8482,474,0,1.0,0.10684725357411588
864691136335276211,L4IT,excitatory,test,3890,552,485,2940,2940,58,2486,31,0,1.0,0.019727891156462583
864691136330407914,L2IT,excitatory,train,5656,515,434,5098,5098,412,4402,153,0,1.0,0.08081600627697136
864691136334080435,L2IT,excitatory,train,3928,148,117,5470,5470,32,4971,10,0,1.0,0.005850091407678245
864691136364187874,MC,inhibitory,train,16674,15883,6656,9969,9969,699,7911,336,0,1.0,0.07011736382786639
864691136372039560,L6IT,excitatory,test,3064,409,345,2361,2361,101,2084,59,0,1.0,0.04277848369335027
864691136372012168,L6CT,excitatory,train,2607,111,75,3202,3202,85,2803,54,0,1.0,0.026545908806995627
864691136381325781,L5IT,excitatory,train,12544,1580,1433,2837,2837,201,2514,124,0,1.0,0.0708494888967219
864691136380718037,L6IT,excitatory,train,5118,790,659,1905,1905,86,1686,54,0,1.0,0.04514435695538058
864691136381243349,L4IT,excitatory,train,4483,607,512,1411,1411,112,1245,62,0,1.0,0.07937632884479093
864691136381301461,L4IT,excitatory,train,4354,642,558,2720,2720,243,2269,108,0,1.0,0.08933823529411765
864691136381294805,L5IT,excitatory,train,7259,683,616,3715,3715,207,3318,111,0,1.0,0.05572005383580081
864691136391042167,L3IT,excitatory,train,6897,803,710,4165,4165,313,3707,155,0,1.0,0.0751500600240096
864691136391034487,L4IT,excitatory,test,4873,697,634,2409,2409,244,2056,104,0,1.0,0.1012868410128684
864691136419797655,L5ET,excitatory,train,4996,257,192,5167,5167,379,4514,169,0,1.0,0.0733501064447455
864691136392254847,L6IT,excitatory,test,5848,629,548,2989,2989,222,2518,113,0,1.0,0.0742723318835731
864691136391623039,L5IT,excitatory,test,6785,479,414,4331,4331,30,3845,12,0,1.0,0.0069268067420918955
864691136424704815,L4IT,excitatory,test,4466,546,495,2452,2452,71,2106,37,0,1.0,0.02895595432300163
864691136420195223,L5IT,excitatory,train,5428,595,525,3847,3847,41,3254,27,0,1.0,0.010657655315830517
864691136445968259,PV,inhibitory,train,14818,5668,2568,11577,11577,428,9730,214,0,1.0,0.03696985402090352
864691136438529438,L2IT,excitatory,train,5135,282,264,2296,2296,123,2173,80,0,1.0,0.05357142857142857
864691136445557123,L4IT,excitatory,train,5223,736,670,2286,2286,109,1915,55,0,1.0,0.047681539807524057
864691136445062787,L4IT,excitatory,test,4259,930,744,1698,1698,146,1383,53,0,1.0,0.08598351001177856
864691136438666398,L4IT,excitatory,train,5030,675,599,1794,1794,168,1473,79,0,1.0,0.09364548494983277
864691136438585502,L3IT,excitatory,train,5227,936,814,2855,2855,51,2582,31,0,1.0,0.01786339754816112
864691136453442303,L4IT,excitatory,train,4715,776,675,1071,1071,124,921,54,0,1.0,0.1157796451914099
864691136484415020,L6IT,excitatory,train,3697,342,310,3252,3252,83,2895,42,0,1.0,0.025522755227552277
864691136453419007,L3IT,excitatory,train,6968,657,591,5310,5310,406,4726,187,0,1.0,0.07645951035781544
864691136484364844,L6CT,excitatory,train,3231,268,203,2820,2820,108,2550,72,0,1.0,0.03829787234042553
864691136484883756,PV,inhibitory,test,13447,3344,1727,8814,8814,239,7583,130,0,1.0,0.027115951894712956
864691136484548908,astrocyte,glia,train,1982,61,48,82,82,17,70,5,0,1.0,0.2073170731707317
864691136489623826,PV,inhibitory,test,13857,5090,2836,11514,11514,785,9556,336,0,1.0,0.0681778704186208
864691136489262866,L6IT,excitatory,train,5262,582,515,3275,3275,75,2961,36,0,1.0,0.022900763358778626
864691136523118481,L4IT,excitatory,train,4792,788,692,2385,2385,56,2007,30,0,1.0,0.02348008385744235
864691136523081105,L4IT,excitatory,train,3283,582,471,1510,1510,135,1270,68,0,1.0,0.08940397350993377
864691136523216017,L4IT,excitatory,train,4100,710,624,2279,2279,85,2007,50,0,1.0,0.03729706011408512
864691136489080850,L4IT,excitatory,train,3066,302,277,1993,1993,14,1790,7,0,1.0,0.007024586051179127
864691136524297617,L4IT,excitatory,train,1322,15,6,1681,1681,183,1457,92,0,1.0,0.10886377156454491
864691136579127060,L5ET,excitatory,train,7195,676,444,11627,11627,329,9540,102,0,1.0,0.028296207104154123
864691136578982164,L4IT,excitatory,train,4409,672,586,2857,2857,22,2379,12,0,1.0,0.0077003850192509625
864691136579217172,L6CT,excitatory,train,1349,39,23,1887,1887,53,1709,32,0,1.0,0.028086910439851617
864691136618553563,L3IT,excitatory,test,5267,657,549,5068,5068,334,4233,136,0,1.0,0.06590370955011839
864691136603221201,L4IT,excitatory,test,4342,818,700,2896,2896,24,2246,11,0,1.0,0.008287292817679558
864691136603811281,L2IT,excitatory,train,7141,1081,928,5378,5378,365,4742,129,0,1.0,0.06786909631833395
864691136603306193,L6IT,excitatory,test,5772,414,356,3198,3198,102,2836,65,0,1.0,0.03189493433395872
864691136596901026,L4IT,excitatory,test,5308,833,758,1997,1997,158,1773,87,0,1.0,0.07911867801702553
864691136602371025,L2IT,excitatory,train,4616,371,323,6301,6301,25,5610,12,0,1.0,0.003967624186637042
864691136620636045,L3IT,excitatory,train,3664,444,333,2784,2784,196,2440,98,0,1.0,0.07040229885057471
864691136665051614,L2IT,excitatory,train,5621,363,303,3325,3325,197,3083,118,0,1.0,0.05924812030075188
864691136674327431,L3IT,excitatory,train,5239,597,476,3004,3004,298,2506,115,0,1.0,0.09920106524633822
864691136664127454,L4IT,excitatory,train,5566,983,871,2281,2281,195,1821,73,0,1.0,0.08548882069267864
864691136674492295,L4IT,excitatory,train,3798,570,484,2563,2563,39,2170,21,0,1.0,0.015216543113538821
864691136620797837,L4IT,excitatory,train,3330,497,460,1716,1716,48,1530,26,0,1.0,0.027972027972027972
864691136664680926,L6CT,excitatory,test,2301,203,152,1579,1579,68,1437,50,0,1.0,0.04306523115896137
864691136620914829,L4IT,excitatory,test,4579,603,541,1497,1497,124,1290,75,0,1.0,0.08283233132932531
864691136742244188,L4IT,excitatory,train,3326,507,430,1789,1789,161,1590,82,0,1.0,0.08999441028507546
864691136742067804,L3IT,excitatory,train,5532,723,550,4632,4632,279,4036,152,0,1.0,0.06023316062176166
864691136742470492,L5IT,excitatory,train,5725,511,431,5575,5575,215,4896,104,0,1.0,0.03856502242152467
864691136725771005,OPC,glia,test,838,14,10,35,35,8,31,4,0,1.0,0.22857142857142856
864691136814442867,L2IT,excitatory,train,4991,295,266,3093,3093,111,2913,57,0,1.0,0.03588748787584869
864691136904488114,L5IT,excitatory,train,5918,732,658,4396,4396,116,3842,60,0,1.0,0.026387625113739762
864691136904594610,L3IT,excitatory,train,3927,410,345,5387,5387,399,4645,171,0,1.0,0.07406719881195471
864691136904366770,ITCperi,inhibitory,train,3149,878,573,1691,1691,43,1580,25,0,1.0,0.0254287403903016
864691136914542577,NMC,inhibitory,train,17402,15305,7192,11067,11067,730,8973,378,0,1.0,0.0659618686184151
864691136914445809,L2IT,excitatory,test,5530,399,347,3393,3393,184,3196,124,0,1.0,0.054229295608605954
864691136912172017,L4IT,excitatory,test,3935,504,456,1849,1849,49,1576,25,0,1.0,0.02650081124932396
864691136924515300,L2IT,excitatory,train,3883,252,227,4864,4864,50,4363,32,0,1.0,0.010279605263157895
864691136927187786,L5IT,excitatory,train,6740,816,706,2790,2790,165,2510,80,0,1.0,0.05913978494623656
864691136925008100,ITC,inhibitory,train,5664,2586,1440,4676,4676,556,3987,255,0,1.0,0.11890504704875962
864691136927119946,L6CT,excitatory,train,2633,186,147,2260,2260,89,2050,59,0,1.0,0.03938053097345133
864691136925825354,PV,inhibitory,train,9227,2052,864,5927,5927,324,5247,138,0,1.0,0.05466509195208368
864691136925094628,L4IT,excitatory,train,6318,1161,944,1802,1802,246,1447,78,0,1.0,0.1365149833518313
864691136927566154,L4IT,excitatory,test,4573,788,683,1731,1731,190,1429,78,0,1.0,0.1097631426920855
864691136967634382,L4IT,excitatory,train,4896,1016,829,4353,4353,373,3541,120,0,1.0,0.08568803124282104
864691136967478222,L5IT,excitatory,train,7503,1012,902,2104,2104,136,1889,68,0,1.0,0.06463878326996197
864691136954050527,L4IT,excitatory,train,5163,887,780,1986,1986,224,1659,84,0,1.0,0.11278952668680765
864691136954019039,L4IT,excitatory,test,3149,418,360,1486,1486,166,1312,90,0,1.0,0.1117092866756393
864691136954028511,L4IT,excitatory,train,2666,444,404,1243,1243,34,1109,21,0,1.0,0.027353177795655673
864691136966189518,MC,inhibitory,test,6855,2639,1703,3220,3220,29,2824,9,0,1.0,0.009006211180124223
864691136976001308,L2IT,excitatory,train,4236,441,331,3293,3293,304,2923,129,0,1.0,0.09231703613726086
864691136975088156,L4IT,excitatory,train,4261,711,561,2200,2200,268,1772,110,0,1.0,0.12181818181818181
864691136975332380,L4IT,excitatory,train,6438,1127,1038,1591,1591,32,1415,16,0,1.0,0.02011313639220616
864691136975624220,L4IT,excitatory,test,4374,616,523,2500,2500,254,2053,83,0,1.0,0.1016
864691136991202453,L5ET,excitatory,train,10741,1140,786,15418,15418,822,12667,285,0,1.0,0.053314307951744716
864691136975639836,ITC,inhibitory,train,1937,151,99,2610,2610,99,2345,61,0,1.0,0.03793103448275862
864691136975300636,L4IT,excitatory,test,1744,96,86,1601,1601,29,1440,19,0,1.0,0.01811367895065584
864691136990522517,L3IT,excitatory,train,7139,744,687,4604,4604,126,4127,60,0,1.0,0.02736750651607298
864691137199860033,PV,inhibitory,train,10891,4536,2282,9063,9063,753,7647,361,0,1.0,0.08308507116848726
864691137199038273,L4IT,excitatory,train,3309,398,357,1507,1507,71,1356,42,0,1.0,0.047113470471134705
864691137199050049,L4IT,excitatory,test,4098,540,495,2278,2278,47,1955,21,0,1.0,0.020632133450395083
864691134884807418,L2IT,excitatory,train,7167,580,515,7015,7015,22,6273,13,0,1.0,0.003136136849607983
864691134886335738,L4IT,excitatory,train,2069,274,212,1018,1018,85,904,54,0,1.0,0.08349705304518663
864691134886037498,NMC,inhibitory,test,10572,8845,5416,9889,9889,87,8518,34,0,1.0,0.008797653958944282
864691134941412707,L3IT,excitatory,test,3943,384,296,2463,2463,183,2102,72,0,1.0,0.07429963459196103
864691134920000010,PV,inhibitory,train,6146,2394,1154,3598,3598,156,3173,100,0,1.0,0.0433574207893274
864691134942472035,L2IT,excitatory,train,7301,1140,977,5405,5405,429,4746,173,0,1.0,0.07937095282146162
864691134941495395,L4IT,excitatory,train,2582,385,328,1597,1597,140,1409,74,0,1.0,0.08766437069505323
864691134966714655,L4IT,excitatory,train,3931,397,331,2831,2831,239,2422,100,0,1.0,0.08442246555987283
864691134966495519,L3IT,excitatory,train,5257,584,488,5195,5195,369,4534,149,0,1.0,0.0710298363811357
864691135014355094,L4IT,excitatory,test,5033,556,484,2555,2555,18,2332,7,0,1.0,0.0070450097847358124
864691135014734486,L4IT,excitatory,train,3493,498,440,2146,2146,146,1885,82,0,1.0,0.06803355079217148
864691135014696182,L6IT,excitatory,test,9805,1194,1073,3603,3603,121,3139,70,0,1.0,0.03358312517346656
864691135014681590,L6IT,excitatory,train,4028,389,319,1641,1641,58,1477,27,0,1.0,0.03534430225472273
864691135067181124,L5IT,excitatory,train,4112,458,405,1735,1735,102,1562,65,0,1.0,0.058789625360230545
864691135060882843,L4IT,excitatory,train,4309,692,625,1824,1824,114,1602,57,0,1.0,0.0625
864691135060727707,L2IT,excitatory,train,4348,318,265,4748,4748,284,4300,97,0,1.0,0.05981465880370682
864691135067448132,L6CT,excitatory,test,1606,122,95,1885,1885,68,1744,42,0,1.0,0.03607427055702918
864691135060772763,MC,inhibitory,train,8600,5921,2885,9182,9182,420,7983,223,0,1.0,0.04574166848181224
864691135102274592,L3IT,excitatory,train,5249,1214,909,8574,8574,636,6961,160,0,1.0,0.0741777466759972
864691135102151968,L3IT,excitatory,test,5271,284,255,4619,4619,390,4096,176,0,1.0,0.08443386014288808
864691135102433056,L4IT,excitatory,train,4538,760,676,2443,2443,217,2023,96,0,1.0,0.08882521489971347
864691135118894813,L4IT,excitatory,train,2409,61,52,2666,2666,17,2438,6,0,1.0,0.006376594148537134
864691135118298333,MC,inhibitory,train,6147,2815,1904,3283,3283,48,2944,24,0,1.0,0.014620773682607372
864691135124538151,L5ET,excitatory,train,6813,526,344,10522,10522,402,8826,162,0,1.0,0.03820566432237217
864691135124690471,PV,inhibitory,train,9139,4851,1520,5608,5608,510,4134,210,0,1.0,0.09094151212553495
864691135134052512,L3IT,excitatory,train,4602,466,423,3929,3929,128,3510,75,0,1.0,0.03257826418936116
864691135124146727,L6CT,excitatory,train,2617,202,123,3163,3163,121,2775,78,0,1.0,0.03825482137211508
864691135134016928,L3IT,excitatory,train,4381,474,394,3458,3458,114,3065,62,0,1.0,0.03296703296703297
864691135134114976,L4IT,excitatory,train,5805,948,798,2508,2508,33,2021,12,0,1.0,0.013157894736842105
864691135157994084,L4IT,excitatory,test,4578,417,382,2335,2335,227,1994,119,0,1.0,0.09721627408993576
864691135155894884,L2IT,excitatory,test,9106,980,833,5012,5012,355,4467,136,0,1.0,0.07083000798084597
864691135164434989,L6CT,excitatory,train,2456,197,148,2376,2376,62,2147,28,0,1.0,0.026094276094276093
864691135162585389,ITC,inhibitory,train,3062,618,337,2657,2657,145,2207,85,0,1.0,0.05457282649604817
864691135157198692,L4IT,excitatory,train,3392,608,526,1026,1026,110,900,66,0,1.0,0.10721247563352826
864691135157025636,L6IT,excitatory,train,2761,211,174,2622,2622,13,2316,5,0,1.0,0.004958047292143402
864691135157619556,L4IT,excitatory,train,3387,566,521,1237,1237,24,1098,13,0,1.0,0.019401778496362168
864691135196576298,L5IT,excitatory,test,6169,928,807,1800,1800,183,1474,89,0,1.0,0.10166666666666667
864691135209280633,L4IT,excitatory,test,6067,1363,1210,3000,3000,29,2562,15,0,1.0,0.009666666666666667
864691135209194617,L2IT,excitatory,train,5211,599,503,6191,6191,58,5335,23,0,1.0,0.00936843805524148
864691135209116537,L2IT,excitatory,train,4826,232,203,4212,4212,23,3824,17,0,1.0,0.005460588793922127
864691135196201514,AltBasket,inhibitory,train,3112,1073,797,1319,1319,9,1170,4,0,1.0,0.006823351023502654
864691135212078784,L5IT,excitatory,train,4363,404,366,3380,3380,119,3031,72,0,1.0,0.03520710059171597
864691135211568576,L4IT,excitatory,test,3017,400,346,2225,2225,165,1921,80,0,1.0,0.07415730337078652
864691135214123064,L5ET,excitatory,test,3426,161,118,4663,4663,298,3985,139,0,1.0,0.06390735577954107
864691135211926464,L4IT,excitatory,train,3743,605,531,2105,2105,169,1807,79,0,1.0,0.08028503562945369
864691135210446457,MC,inhibitory,train,14281,14043,5120,6865,6865,151,5466,78,0,1.0,0.021995630007283322
864691135233242713,L5IT,excitatory,train,7301,671,584,6174,6174,33,5290,18,0,1.0,0.005344995140913508
864691135235206489,MC,inhibitory,test,7062,3706,2189,9496,9496,282,7957,150,0,1.0,0.02969671440606571
864691135257669039,L3IT,excitatory,test,5112,569,498,4734,4734,360,4195,171,0,1.0,0.07604562737642585
864691135234582361,L6CT,excitatory,train,3295,168,127,2447,2447,83,2118,34,0,1.0,0.033919084593379646
864691135257689519,L6CT,excitatory,train,2731,228,175,2053,2053,79,1883,52,0,1.0,0.038480272771553824
864691135215381304,L4IT,excitatory,train,3618,416,370,2255,2255,156,2018,87,0,1.0,0.06917960088691796
864691135271915173,MC,inhibitory,train,9071,2768,1587,4776,4776,133,4140,72,0,1.0,0.027847571189279732
864691135271970725,PV,inhibitory,train,25434,9780,4749,13661,13661,464,11590,219,0,1.0,0.03396530268647976
864691135272003237,L2IT,excitatory,train,6047,471,425,3529,3529,225,3264,109,0,1.0,0.06375743836780957
864691135274830353,L4IT,excitatory,train,7299,751,704,4509,4509,323,3827,163,0,1.0,0.07163450876025726
864691135276234469,L3IT,excitatory,train,3922,407,366,3085,3085,217,2811,114,0,1.0,0.07034035656401945
864691135276188133,L6CT,excitatory,train,3142,211,129,3551,3551,106,3018,65,0,1.0,0.029850746268656716
864691135276189669,L6CT,excitatory,train,2258,195,151,1984,1984,70,1784,38,0,1.0,0.03528225806451613
864691135275949029,L2IT,excitatory,test,5677,566,496,6038,6038,30,5421,20,0,1.0,0.004968532626697582
864691135293096118,NGC,inhibitory,train,8749,642,549,5237,5237,110,4321,54,0,1.0,0.02100439182738209
864691135281109665,PV,inhibitory,train,10126,2934,1465,6342,6342,310,5298,175,0,1.0,0.048880479344055504
864691135293678006,L4IT,excitatory,test,8560,1558,1394,2882,2882,191,2525,104,0,1.0,0.0662734212352533
864691135294187190,L4IT,excitatory,test,3379,390,351,2249,2249,118,1980,69,0,1.0,0.05246776345042241
864691135294194358,thalamocortical,excitatory,train,12999,5402,4351,86,86,31,57,2,0,1.0,0.36046511627906974
864691135304641703,L2IT,excitatory,train,5602,498,398,5798,5798,381,5133,160,0,1.0,0.06571231459123836
864691135308347974,DTC,inhibitory,test,2460,248,184,3213,3213,50,2966,33,0,1.0,0.01556178026766262
864691135308912454,astrocyte,glia,train,1546,49,38,111,111,15,99,5,0,1.0,0.13513513513513514
864691135305496231,microglia,glia,train,548,6,2,19,19,8,15,4,0,1.0,0.42105263157894735
864691135309486662,PV,inhibitory,train,15996,7192,3390,7890,7890,536,6192,215,0,1.0,0.0679340937896071
864691135323181212,MC,inhibitory,test,3498,1461,906,7195,7195,325,6159,156,0,1.0,0.045170257123002086
864691135308961606,astrocyte,glia,train,1702,52,42,48,48,10,39,1,0,1.0,0.20833333333333334
864691135308927302,astrocyte,glia,train,934,88,82,95,95,7,89,1,0,1.0,0.07368421052631578
864691135340055782,L5IT,excitatory,train,5666,581,522,2682,2682,240,2328,120,0,1.0,0.0894854586129754
864691135339088102,L4IT,excitatory,train,8015,1612,1455,4297,4297,77,3597,46,0,1.0,0.017919478706074004
864691135339600102,L4IT,excitatory,test,5533,645,564,2541,2541,161,2238,80,0,1.0,0.06336088154269973
864691135336954857,L4IT,excitatory,train,3803,794,697,1975,1975,156,1731,76,0,1.0,0.0789873417721519
864691135339729126,L4IT,excitatory,test,4706,725,583,1212,1212,61,1095,39,0,1.0,0.05033003300330033
864691135339103718,L3IT,excitatory,train,5759,565,497,4696,4696,26,4130,10,0,1.0,0.005536626916524702
864691135336847849,L2IT,excitatory,train,4612,422,379,2552,2552,94,2418,64,0,1.0,0.03683385579937304
864691135339729894,L4IT,excitatory,train,3307,457,408,1686,1686,24,1445,20,0,1.0,0.014234875444839857
864691135342848433,L4IT,excitatory,train,4207,596,550,2370,2370,35,2010,14,0,1.0,0.014767932489451477
864691135342958789,L4IT,excitatory,train,8648,1598,1425,3331,3331,159,2741,65,0,1.0,0.04773341338937256
864691135342594225,L2IT,excitatory,test,4257,395,320,5931,5931,356,5239,129,0,1.0,0.06002360478839993
864691135342523057,L3IT,excitatory,train,5267,690,613,3508,3508,33,3146,12,0,1.0,0.009407069555302166
864691135340141542,DTC,inhibitory,train,5646,810,537,6285,6285,118,5529,62,0,1.0,0.01877486077963405
864691135342585541,L4IT,excitatory,train,4997,1029,927,1473,1473,58,1326,37,0,1.0,0.03937542430414121
864691135347633055,L2IT,excitatory,train,3707,314,265,5386,5386,301,4857,155,0,1.0,0.0558856294095804
864691135346975135,L5IT,excitatory,train,5824,962,863,1808,1808,161,1572,81,0,1.0,0.08904867256637168
864691135349839831,L3IT,excitatory,train,6008,657,539,7320,7320,614,6296,205,0,1.0,0.08387978142076502
864691135347725215,L3IT,excitatory,train,5199,411,360,3706,3706,218,3335,111,0,1.0,0.058823529411764705
864691135347733151,L4IT,excitatory,train,4431,692,612,1753,1753,159,1559,91,0,1.0,0.09070165430690245
864691135360096071,L5IT,excitatory,train,4486,338,303,2985,2985,70,2693,32,0,1.0,0.023450586264656615
864691135360346200,L4IT,excitatory,train,5711,661,600,3145,3145,204,2758,82,0,1.0,0.06486486486486487
864691135360017752,L2IT,excitatory,train,4761,278,240,5296,5296,27,4707,15,0,1.0,0.005098187311178248
864691135360809560,L4IT,excitatory,train,4758,900,802,2451,2451,230,2049,86,0,1.0,0.09383924928600572
864691135361291591,MC,inhibitory,train,8582,3368,2215,3183,3183,54,2927,33,0,1.0,0.016965127238454288
864691135373601736,PV,inhibitory,train,12378,4541,2416,12559,12559,235,10710,116,0,1.0,0.01871168086631101
864691135375351369,L4IT,excitatory,train,3776,429,369,2214,2214,227,1931,117,0,1.0,0.1025293586269196
864691135369651193,ITC,inhibitory,train,3560,523,201,3084,3084,257,2656,131,0,1.0,0.08333333333333333
864691135369087481,L6CT,excitatory,train,1696,187,151,1824,1824,37,1482,11,0,1.0,0.020285087719298246
864691135375107272,L4IT,excitatory,train,4477,746,647,2169,2169,64,1811,35,0,1.0,0.02950668510834486
864691135374981320,L4IT,excitatory,test,5012,883,788,2035,2035,85,1727,47,0,1.0,0.04176904176904177
864691135375430985,MC,inhibitory,train,11906,10066,4443,6888,6888,67,5695,32,0,1.0,0.009727061556329849
864691135384404954,L5NP,excitatory,train,4493,463,394,1035,1035,80,968,48,0,1.0,0.07729468599033816
864691135384285931,L4IT,excitatory,train,5971,920,808,2585,2585,110,2211,54,0,1.0,0.0425531914893617
864691135384292843,L4IT,excitatory,train,4530,663,578,2483,2483,176,2182,90,0,1.0,0.07088199758356827
864691135384262362,L6CT,excitatory,train,3213,219,190,1707,1707,30,1546,12,0,1.0,0.01757469244288225
864691135386365313,oligo,glia,train,335,4,3,5,5,2,4,1,0,1.0,0.4
864691135398243105,L5IT,excitatory,train,5875,477,409,3693,3693,154,3300,83,0,1.0,0.04170051448686705
864691135397982753,L5IT,excitatory,train,4748,453,394,3726,3726,23,3313,10,0,1.0,0.006172839506172839
864691135397023777,L5ET,excitatory,train,6098,301,221,9169,9169,160,7944,36,0,1.0,0.017450103609990185
864691135396940021,L4IT,excitatory,train,5598,1061,907,2311,2311,265,1892,101,0,1.0,0.11466897446992644
864691135398805281,L2IT,excitatory,train,5232,396,336,5280,5280,338,4711,138,0,1.0,0.06401515151515151
864691135398925345,L3IT,excitatory,train,5072,632,505,5324,5324,335,4740,137,0,1.0,0.06292261457550714
864691135398892065,L3IT,excitatory,train,3188,274,230,3229,3229,202,2958,99,0,1.0,0.06255806751316197
864691135404765166,MC,inhibitory,test,5023,1802,1165,2651,2651,175,2318,107,0,1.0,0.06601282534892493
864691135398868257,L4IT,excitatory,train,4453,679,608,1829,1829,162,1591,74,0,1.0,0.08857299070530344
864691135404763374,L2IT,excitatory,train,3600,93,78,6891,6891,23,6257,9,0,1.0,0.003337686837904513
864691135405480430,PV,inhibitory,train,8400,3079,1375,6114,6114,346,5142,205,0,1.0,0.056591429506051685
864691135405138670,L4IT,excitatory,train,4526,715,624,2973,2973,57,2457,26,0,1.0,0.01917255297679112
864691135405733870,L4IT,excitatory,train,6709,1029,947,2358,2358,222,2031,103,0,1.0,0.09414758269720101
864691135405224174,L4IT,excitatory,train,5133,948,854,2258,2258,33,1896,15,0,1.0,0.014614703277236492
864691135405609454,astrocyte,glia,train,1781,43,34,111,111,13,100,4,0,1.0,0.11711711711711711
864691135409962953,L3IT,excitatory,train,6500,565,500,4756,4756,328,4262,154,0,1.0,0.06896551724137931
864691135408808649,L2IT,excitatory,train,5216,391,312,5496,5496,180,4893,79,0,1.0,0.03275109170305677
864691135409937097,L2IT,excitatory,train,6096,759,617,3983,3983,209,3638,89,0,1.0,0.05247301029374843
864691135409856713,PV,inhibitory,train,12466,4412,1989,11247,11247,665,9962,305,0,1.0,0.05912687827865209
864691135416233914,L2IT,excitatory,train,3427,143,121,4596,4596,24,4255,11,0,1.0,0.005221932114882507
864691135409870281,microglia,glia,train,361,25,18,26,26,6,21,1,0,1.0,0.23076923076923078
864691135430004016,L4IT,excitatory,train,3433,426,381,2733,2733,22,2345,9,0,1.0,0.00804976216611782
864691135417045946,L2IT,excitatory,train,6375,746,650,4855,4855,34,4165,25,0,1.0,0.007003089598352214
864691135417478842,L3IT,excitatory,train,5626,1022,908,3942,3942,163,3356,70,0,1.0,0.04134956874682902
864691135417948090,AltBasket,inhibitory,train,1463,220,180,1799,1799,19,1495,4,0,1.0,0.010561423012784881
864691135417443514,L4IT,excitatory,train,4539,725,643,1520,1520,77,1352,45,0,1.0,0.0506578947368421
864691135417313722,L3IT,excitatory,test,4422,634,512,3344,3344,245,2840,106,0,1.0,0.07326555023923445
864691135430186032,L5IT,excitatory,train,5043,362,280,3241,3241,157,2912,90,0,1.0,0.0484418389385992
864691135430131760,L6CT,excitatory,train,2585,164,128,2517,2517,85,2271,58,0,1.0,0.03377036154151768
864691135430346544,L5IT,excitatory,train,5972,631,552,3863,3863,205,3469,113,0,1.0,0.053067564069376134
864691135430290480,L4IT,excitatory,test,3732,606,499,1566,1566,144,1354,73,0,1.0,0.09195402298850575
864691135431088176,L6CT,excitatory,test,2425,139,100,2430,2430,78,2172,39,0,1.0,0.03209876543209877
864691135446065810,MC,inhibitory,train,11462,4860,2594,7157,7157,49,6221,17,0,1.0,0.0068464440407992174
864691135442606920,L2IT,excitatory,train,5018,504,456,2038,2038,108,1894,68,0,1.0,0.05299313052011776
864691135442591048,PV,inhibitory,train,5234,1141,551,2847,2847,153,2430,82,0,1.0,0.05374077976817703
864691135447820946,AltBasket,inhibitory,train,3012,230,193,2965,2965,24,2305,9,0,1.0,0.008094435075885328
864691135455400554,L3IT,excitatory,train,4448,320,259,3692,3692,341,3171,121,0,1.0,0.09236186348862405
864691135448811860,PV,inhibitory,train,7947,1979,833,3870,3870,240,3446,141,0,1.0,0.06201550387596899
864691135455977578,L6CT,excitatory,train,7425,781,683,2706,2706,202,2364,104,0,1.0,0.07464892830746489
864691135455507818,L4IT,excitatory,train,5060,719,567,2780,2780,265,2362,113,0,1.0,0.09532374100719425
864691135448698196,L4IT,excitatory,test,4758,416,381,2816,2816,263,2505,126,0,1.0,0.09339488636363637
864691135455819114,L4IT,excitatory,train,3938,892,781,1224,1224,143,1063,74,0,1.0,0.11683006535947713
864691135454214130,oligo,glia,train,283,2,2,8,8,1,8,1,0,1.0,0.125
864691135456535658,MC,inhibitory,train,13968,12217,5123,8526,8526,625,6852,321,0,1.0,0.07330518414262256
864691135456493418,ITCperi,inhibitory,test,3527,951,597,1962,1962,43,1762,27,0,1.0,0.021916411824668705
864691135464143934,L3IT,excitatory,train,5986,720,652,5236,5236,29,4714,16,0,1.0,0.005538579067990833
864691135462420637,L4IT,excitatory,train,3552,430,364,1716,1716,11,1521,8,0,1.0,0.00641025641025641
864691135465795653,PV,inhibitory,test,9200,2352,1184,7756,7756,284,6012,107,0,1.0,0.036616812790097986
864691135465955397,L3IT,excitatory,train,5302,783,703,2928,2928,236,2598,108,0,1.0,0.08060109289617487
864691135466158917,L2IT,excitatory,train,5060,397,341,6236,6236,443,5364,184,0,1.0,0.07103912764592688
864691135465900101,ITC,inhibitory,train,2994,513,196,2435,2435,164,2191,79,0,1.0,0.0673511293634497
864691135470556242,MC,inhibitory,test,4881,2604,1254,6555,6555,429,5573,193,0,1.0,0.0654462242562929
864691135470787666,L3IT,excitatory,train,5325,326,275,3948,3948,268,3601,128,0,1.0,0.06788247213779129
864691135472556082,DTC,inhibitory,train,3653,769,490,5266,5266,121,4667,61,0,1.0,0.022977592100265856
864691135470154834,L6IT,excitatory,train,7353,1320,1071,2573,2573,112,2212,63,0,1.0,0.04352895452778857
864691135477670312,L4IT,excitatory,train,5739,1113,1017,2309,2309,40,2010,22,0,1.0,0.0173235166738848
864691135476769344,L6CT,excitatory,train,2557,346,275,2129,2129,65,1927,43,0,1.0,0.030530765617660875
864691135476581440,L6CT,excitatory,train,4031,262,218,3885,3885,105,3497,62,0,1.0,0.02702702702702703
864691135477448360,L6IT,excitatory,test,3053,241,161,2603,2603,75,2204,36,0,1.0,0.028812908182865925
864691135478334888,PV,inhibitory,train,9491,2604,1207,9460,9460,337,8166,195,0,1.0,0.03562367864693446
864691135478095016,PV,inhibitory,train,9153,3894,1569,6839,6839,629,5348,258,0,1.0,0.09197251060096505
864691135478434216,PV,inhibitory,train,8893,3454,1562,6470,6470,408,5368,205,0,1.0,0.06306027820710974
864691135477841320,L6CT,excitatory,train,1938,162,122,1703,1703,74,1532,49,0,1.0,0.04345273047563124
864691135479744454,L6IT,excitatory,train,1526,57,34,3254,3254,75,2789,36,0,1.0,0.023048555623847573
864691135479404742,L5NP,excitatory,train,4738,1178,1014,892,892,38,809,21,0,1.0,0.042600896860986545
864691135492276839,L6CT,excitatory,train,2718,224,169,2181,2181,56,1958,41,0,1.0,0.02567629527739569
864691135492568551,L4IT,excitatory,train,4889,609,557,3001,3001,219,2549,111,0,1.0,0.07297567477507498
864691135492749415,L2IT,excitatory,test,4437,283,247,5499,5499,307,4957,137,0,1.0,0.05582833242407711
864691135492613471,L2IT,excitatory,train,4432,296,273,2580,2580,133,2422,84,0,1.0,0.05155038759689923
864691135492308071,L6CT,excitatory,train,2028,70,58,3055,3055,114,2694,78,0,1.0,0.037315875613747954
864691135492614239,MC,inhibitory,test,5072,1621,1303,3629,3629,114,3186,79,0,1.0,0.031413612565445025
864691135492371303,L6CT,excitatory,train,4030,335,238,2433,2433,87,2132,60,0,1.0,0.035758323057953144
864691135495542672,PV,inhibitory,train,16238,5017,2842,15690,15690,367,11658,117,0,1.0,0.023390694710006373
864691135495698832,L3IT,excitatory,train,5877,489,429,5102,5102,91,4580,50,0,1.0,0.017836142689141514
864691135496339088,L2IT,excitatory,train,4191,387,322,4423,4423,21,3993,4,0,1.0,0.004747908659281031
864691135495529360,PV,inhibitory,train,6105,1598,974,4809,4809,112,4213,61,0,1.0,0.023289665211062592
864691135496381840,L2IT,excitatory,test,4255,233,209,2654,2654,116,2508,83,0,1.0,0.04370761115297664
864691135493665631,L4IT,excitatory,train,4487,805,704,1350,1350,131,1176,68,0,1.0,0.09703703703703703
864691135499765267,MC,inhibitory,test,11757,9456,4763,8876,8876,786,7367,402,0,1.0,0.08855340243352862
864691135499752723,PV,inhibitory,train,10935,5325,1742,6156,6156,486,4737,226,0,1.0,0.07894736842105263
864691135499797523,PV,inhibitory,train,7658,2580,1395,5213,5213,280,4453,171,0,1.0,0.05371187416075197
864691135501703746,L2IT,excitatory,train,3650,238,206,3958,3958,19,3652,10,0,1.0,0.004800404244567963
864691135511324169,ITC,inhibitory,train,2935,381,175,1866,1866,102,1719,67,0,1.0,0.05466237942122187
864691135511316745,L2IT,excitatory,train,4491,542,455,5820,5820,396,5165,169,0,1.0,0.06804123711340206
864691135510846217,L6CT,excitatory,train,4795,404,321,2534,2534,66,2329,41,0,1.0,0.026045777426992895
864691135510593289,L4IT,excitatory,train,3996,668,625,1879,1879,110,1640,60,0,1.0,0.05854177754124534
864691135510267401,L6CT,excitatory,train,1770,114,89,1634,1634,45,1471,29,0,1.0,0.027539779681762546
864691135519106442,L3IT,excitatory,train,4801,306,266,5598,5598,20,5124,7,0,1.0,0.0035727045373347625
864691135519178378,L6CT,excitatory,test,2727,292,216,2296,2296,81,2056,52,0,1.0,0.035278745644599305
864691135520064650,L3IT,excitatory,train,4643,292,262,4539,4539,322,4091,160,0,1.0,0.07094073584489975
864691135518791818,PV,inhibitory,train,12521,4928,2197,11660,11660,381,9583,189,0,1.0,0.03267581475128645
864691135518989962,L2IT,excitatory,train,7952,1092,967,4981,4981,121,4394,61,0,1.0,0.024292310780967677
864691135519105162,L4IT,excitatory,train,1910,128,103,2220,2220,34,1982,16,0,1.0,0.015315315315315315
864691135526405723,NMC,inhibitory,train,6079,2369,1532,5914,5914,59,5193,23,0,1.0,0.009976327358809604
864691135561699041,MC,inhibitory,train,4987,2309,1502,5226,5226,234,4603,141,0,1.0,0.04477611940298507
864691135546902056,L3IT,excitatory,train,7600,826,752,3780,3780,250,3443,127,0,1.0,0.06613756613756613
864691135546797608,PV,inhibitory,train,4758,1466,701,4316,4316,441,3794,236,0,1.0,0.10217794253938832
864691135562410721,L6IT,excitatory,test,5865,908,732,2516,2516,66,2145,35,0,1.0,0.026232114467408585
864691135566168599,L5ET,excitatory,train,5139,266,198,6932,6932,496,5965,194,0,1.0,0.07155222158107329
864691135566155351,L5ET,excitatory,train,5700,206,137,5185,5185,60,4569,13,0,1.0,0.011571841851494697
864691135566966807,L3IT,excitatory,test,4893,504,424,5214,5214,261,4739,142,0,1.0,0.05005753739930955
864691135571192966,L5IT,excitatory,train,6021,583,528,3752,3752,156,3322,88,0,1.0,0.04157782515991471
864691135570303724,L4IT,excitatory,train,5462,867,761,3624,3624,328,3019,121,0,1.0,0.09050772626931568
864691135571515270,L4IT,excitatory,train,4025,573,490,1521,1521,141,1340,65,0,1.0,0.09270216962524655
864691135570791558,L4IT,excitatory,test,5317,930,829,1814,1814,26,1475,13,0,1.0,0.014332965821389196
864691135572346349,L5IT,excitatory,test,5990,410,355,3430,3430,215,3047,114,0,1.0,0.06268221574344024
864691135570502278,L3IT,excitatory,test,4339,443,391,2972,2972,21,2569,10,0,1.0,0.0070659488559892325
864691135587771772,L4IT,excitatory,test,5139,484,398,2801,2801,303,2308,135,0,1.0,0.10817565155301678
864691135591041291,L2IT,excitatory,train,9163,1053,937,5410,5410,298,4823,139,0,1.0,0.05508317929759704
864691135587622268,ITC,inhibitory,train,1683,89,75,3820,3820,77,3415,61,0,1.0,0.020157068062827226
864691135591726603,L4IT,excitatory,test,3011,218,196,1724,1724,175,1470,73,0,1.0,0.10150812064965198
864691135588675012,oligo,glia,train,586,1,1,8,8,0,7,0,0,1.0,0.0
864691135591854347,L5IT,excitatory,train,4246,299,265,3664,3664,75,3267,35,0,1.0,0.02046943231441048
864691135592678411,ITC,inhibitory,train,2528,385,145,2377,2377,90,2119,44,0,1.0,0.03786285233487589
864691135592830731,L4IT,excitatory,train,3969,656,596,1695,1695,139,1455,65,0,1.0,0.08200589970501475
864691135592789259,ITC,inhibitory,train,1358,161,116,2248,2248,147,1976,82,0,1.0,0.0653914590747331
864691135592283403,L6IT,excitatory,train,3389,359,290,2328,2328,53,2038,18,0,1.0,0.02276632302405498
864691135592972811,astrocyte,glia,train,2213,102,67,168,168,35,138,6,0,1.0,0.20833333333333334
864691135593659947,L4IT,excitatory,train,5412,676,613,2757,2757,17,2446,6,0,1.0,0.006166122597025753
864691135595810859,PV,inhibitory,test,15643,6366,3250,9912,9912,596,8288,316,0,1.0,0.060129136400322844
864691135594817067,L6CT,excitatory,train,2650,233,174,2467,2467,22,2219,13,0,1.0,0.008917713822456425
864691135594982187,L4IT,excitatory,train,3566,756,670,1468,1468,124,1292,68,0,1.0,0.08446866485013624
864691135593108235,astrocyte,glia,train,1731,79,69,111,111,14,100,7,0,1.0,0.12612612612612611
864691135611702023,PV,inhibitory,train,17744,6747,3372,11145,11145,700,9786,355,0,1.0,0.06280843427545985
864691135610877191,L2IT,excitatory,train,5610,544,477,4790,4790,27,4291,10,0,1.0,0.005636743215031315
864691135617152361,L5IT,excitatory,train,9068,1171,1046,4038,4038,287,3551,123,0,1.0,0.07107478949975235
864691135618332265,PV,inhibitory,train,21430,8244,4535,18062,18062,875,14345,388,0,1.0,0.04844424759162883
864691135616235979,ITC,inhibitory,train,4410,574,407,3241,3241,131,2928,88,0,1.0,0.040419623572971304
864691135619294351,L4IT,excitatory,test,6599,962,794,1765,1765,72,1484,38,0,1.0,0.040793201133144476
864691135618339945,ITC,inhibitory,train,1913,151,107,3061,3061,53,2750,26,0,1.0,0.017314603070891867
864691135618505065,L5ET,excitatory,train,5177,250,177,10404,10404,193,8813,77,0,1.0,0.01855055747789312
864691135616183499,PV,inhibitory,train,16739,5653,3163,14129,14129,588,11989,304,0,1.0,0.041616533371080754
864691135619527311,L6CT,excitatory,train,1926,143,109,2151,2151,43,1893,17,0,1.0,0.0199907019990702
864691135640398651,L3IT,excitatory,train,3721,345,309,4141,4141,79,3544,44,0,1.0,0.019077517507848345
864691135640297787,L4IT,excitatory,test,3218,308,260,2981,2981,341,2473,115,0,1.0,0.11439114391143912
864691135619317391,L4IT,excitatory,train,4368,765,669,1945,1945,70,1716,30,0,1.0,0.03598971722365039
864691135619756943,L3IT,excitatory,train,3708,317,257,4231,4231,271,3790,145,0,1.0,0.06405105176081305
864691135619463567,L4IT,excitatory,train,7404,1420,1279,2411,2411,43,1992,25,0,1.0,0.01783492326835338
864691135619541903,L6CT,excitatory,train,844,52,44,418,418,8,359,4,0,1.0,0.019138755980861243
864691135620793284,oligo,glia,test,463,2,2,8,8,1,8,1,0,1.0,0.125
864691135619781519,microglia,glia,train,262,5,3,10,10,3,8,1,0,1.0,0.3
864691135646292719,L6IT,excitatory,train,6238,842,746,2616,2616,124,2284,67,0,1.0,0.047400611620795105
864691135640544571,L5ET,excitatory,test,5879,344,210,10096,10096,780,8531,304,0,1.0,0.07725832012678288
864691135646147567,L4IT,excitatory,train,3814,698,619,1385,1385,44,1204,24,0,1.0,0.03176895306859206
864691135641196091,MC,inhibitory,train,10211,3829,2247,6605,6605,263,5665,140,0,1.0,0.03981831945495837
864691135646353391,L6CT,excitatory,train,2379,177,154,2070,2070,46,1845,18,0,1.0,0.022222222222222223
864691135646481135,L4IT,excitatory,train,4566,534,472,2892,2892,96,2412,47,0,1.0,0.03319502074688797
864691135655521986,L6CT,excitatory,train,1912,92,72,2444,2444,52,2216,34,0,1.0,0.02127659574468085
864691135646493679,L5IT,excitatory,test,6617,713,659,2665,2665,268,2210,128,0,1.0,0.10056285178236397
864691135654715586,L2IT,excitatory,train,4140,98,88,5311,5311,21,4862,13,0,1.0,0.003954057616268123
864691135655390658,L2IT,excitatory,test,5033,379,336,3525,3525,192,3262,77,0,1.0,0.05446808510638298
864691135646775791,L3IT,excitatory,train,3304,411,364,2139,2139,203,1905,101,0,1.0,0.0949041608228144
864691135659857026,L6CT,excitatory,train,1510,74,54,2680,2680,113,2390,66,0,1.0,0.04216417910447761
864691135662070512,L4IT,excitatory,test,4756,1020,921,2046,2046,52,1799,27,0,1.0,0.02541544477028348
864691135662765296,astrocyte,glia,train,1784,71,55,142,142,18,129,8,0,1.0,0.1267605633802817
864691135660772080,MC,inhibitory,train,4913,1153,686,8586,8586,238,7392,119,0,1.0,0.027719543442813882
864691135686414775,L2IT,excitatory,test,4823,227,204,3288,3288,14,3109,6,0,1.0,0.004257907542579075
864691135686442423,L6CT,excitatory,train,2639,227,169,2408,2408,69,2141,44,0,1.0,0.028654485049833887
864691135688823008,L6IT,excitatory,train,10937,1429,1261,2847,2847,87,2513,52,0,1.0,0.030558482613277135
864691135688407776,L6CT,excitatory,test,1761,109,82,1512,1512,39,1369,26,0,1.0,0.025793650793650792
864691135697613077,L5ET,excitatory,train,6135,268,205,6871,6871,64,6149,21,0,1.0,0.009314510260515208
864691135698731541,L2IT,excitatory,test,5009,457,371,4875,4875,13,4408,5,0,1.0,0.0026666666666666666
864691135699301397,L5ET,excitatory,train,3480,213,128,5048,5048,431,4180,206,0,1.0,0.08538034865293186
864691135695146943,L3IT,excitatory,train,5477,433,378,3863,3863,241,3495,124,0,1.0,0.06238674605229096
864691135697271450,ITC,inhibitory,train,2947,412,251,2685,2685,37,2333,23,0,1.0,0.013780260707635009
864691135702061947,L6IT,excitatory,train,3352,192,161,3172,3172,78,2852,50,0,1.0,0.02459016393442623
864691135702887291,PV,inhibitory,train,14204,3821,1370,10222,10222,555,8687,266,0,1.0,0.05429465857953434
864691135703164283,L4IT,excitatory,train,4648,628,563,1553,1553,155,1327,82,0,1.0,0.09980682549903412
864691135702946683,L6CT,excitatory,test,2119,85,58,1933,1933,63,1776,35,0,1.0,0.032591826176927054
864691135716679194,L6CT,excitatory,train,4103,477,364,1736,1736,73,1576,56,0,1.0,0.04205069124423963
864691135725748139,L4IT,excitatory,train,4114,564,498,2392,2392,227,2092,112,0,1.0,0.09489966555183947
864691135726340523,L6IT,excitatory,train,5214,641,542,3329,3329,115,2782,48,0,1.0,0.03454490838089516
864691135725920939,L4IT,excitatory,train,2734,293,252,1067,1067,84,957,53,0,1.0,0.07872539831302718
864691135732210873,L3IT,excitatory,train,4150,420,347,4046,4046,294,3605,147,0,1.0,0.0726643598615917
864691135732377785,L6CT,excitatory,train,1823,64,34,2589,2589,61,2319,32,0,1.0,0.023561220548474315
864691135741524587,L2IT,excitatory,train,3774,256,230,3861,3861,90,3573,54,0,1.0,0.023310023310023312
864691135741619051,L4IT,excitatory,train,3840,413,356,2073,2073,13,1874,4,0,1.0,0.006271104679208876
864691135741090196,L4IT,excitatory,test,3302,466,397,2139,2139,58,1755,31,0,1.0,0.027115474520804116
864691135740865684,L3IT,excitatory,train,4939,481,440,2953,2953,15,2620,4,0,1.0,0.005079580088046055
864691135741308308,astrocyte,glia,test,1820,49,38,77,77,19,66,8,0,1.0,0.24675324675324675
864691135742097044,L4IT,excitatory,test,5674,862,773,2229,2229,192,1926,91,0,1.0,0.08613728129205922
864691135742327147,L6CT,excitatory,train,2864,159,137,2526,2526,72,2229,44,0,1.0,0.028503562945368172
864691135741998484,L4IT,excitatory,train,7164,1397,1262,2735,2735,243,2294,94,0,1.0,0.08884826325411335
864691135742102635,L4IT,excitatory,train,4721,660,582,3547,3547,124,3070,65,0,1.0,0.03495912038342261
864691135742370411,astrocyte,glia,train,2045,90,69,321,321,26,296,13,0,1.0,0.08099688473520249
864691135742189163,L4IT,excitatory,train,3983,629,569,1477,1477,22,1326,11,0,1.0,0.014895057549085985
864691135742733163,ITCperi,inhibitory,train,742,24,14,1194,1194,69,1085,37,0,1.0,0.05778894472361809
864691135742793835,MC,inhibitory,train,2549,315,264,2864,2864,183,2536,100,0,1.0,0.06389664804469274
864691135742756203,L2IT,excitatory,train,4002,299,250,3238,3238,270,2705,107,0,1.0,0.08338480543545398
864691135742664043,L3IT,excitatory,train,5387,726,577,5193,5193,356,4556,155,0,1.0,0.06855382245330252
864691135742668395,MC,inhibitory,train,5296,1770,1306,2790,2790,146,2402,74,0,1.0,0.052329749103942655
864691135756075981,L5IT,excitatory,train,7294,760,664,4691,4691,227,4134,105,0,1.0,0.04839053506714986
864691135755384269,L4IT,excitatory,train,4698,585,541,2109,2109,178,1858,83,0,1.0,0.08440018966334756
864691135756319186,L4IT,excitatory,train,4823,1007,913,1536,1536,19,1363,9,0,1.0,0.012369791666666666
864691135756460754,L6IT,excitatory,train,2009,126,105,2542,2542,57,2290,26,0,1.0,0.022423288749016522
864691135763447862,L6CT,excitatory,train,2074,139,86,2228,2228,68,1969,46,0,1.0,0.03052064631956912
864691135763975990,PV,inhibitory,train,5224,2091,949,3257,3257,445,2624,204,0,1.0,0.13662879950875037
864691135764015926,L3IT,excitatory,train,3771,535,464,2404,2404,64,1986,33,0,1.0,0.026622296173044926
864691135763433270,L3IT,excitatory,test,5011,644,554,4037,4037,269,3575,132,0,1.0,0.0666336388407233
864691135764053814,astrocyte,glia,train,1848,60,49,213,213,21,197,10,0,1.0,0.09859154929577464
864691135763941174,L2IT,excitatory,train,5540,571,497,5592,5592,269,5006,115,0,1.0,0.04810443490701002
864691135763795510,L4IT,excitatory,train,5101,827,750,2552,2552,55,2164,32,0,1.0,0.021551724137931036
864691135763549238,L6IT,excitatory,train,4163,500,381,2385,2385,90,2014,37,0,1.0,0.03773584905660377
864691135772774651,MC,inhibitory,test,6783,4855,2263,6857,6857,727,5723,334,0,1.0,0.10602304214671139
864691135765013302,L4IT,excitatory,train,2688,352,295,1485,1485,231,1218,87,0,1.0,0.15555555555555556
864691135772065787,oligo,glia,test,278,12,9,11,11,5,8,2,0,1.0,0.45454545454545453
864691135774221643,MC,inhibitory,test,11111,9411,4460,7681,7681,676,6194,325,0,1.0,0.0880093737794558
864691135774307659,L2IT,excitatory,test,6710,627,562,3254,3254,180,2990,91,0,1.0,0.05531653349723417
864691135774368763,L3IT,excitatory,train,5259,346,303,5844,5844,324,5251,156,0,1.0,0.055441478439425054
864691135777381805,L6IT,excitatory,train,4639,639,539,3111,3111,30,2709,11,0,1.0,0.009643201542912247
864691135775906989,L5IT,excitatory,train,3192,313,284,2358,2358,33,2022,15,0,1.0,0.013994910941475827
864691135778604640,L6CT,excitatory,train,3153,144,112,2275,2275,82,2015,47,0,1.0,0.03604395604395604
864691135778419901,L3IT,excitatory,train,4740,625,523,2962,2962,223,2591,114,0,1.0,0.07528696826468602
864691135778638013,L2IT,excitatory,train,4179,357,323,3760,3760,101,3360,50,0,1.0,0.026861702127659575
864691135778467517,L3IT,excitatory,train,5933,903,779,3263,3263,40,2875,21,0,1.0,0.01225865767698437
864691135778572973,L4IT,excitatory,train,3862,530,490,1625,1625,22,1383,11,0,1.0,0.01353846153846154
864691135778465376,L6IT,excitatory,train,3780,382,316,4185,4185,87,3660,42,0,1.0,0.02078853046594982
864691135779716797,L4IT,excitatory,test,3638,520,442,1853,1853,199,1569,104,0,1.0,0.10739341608202914
864691135779629245,L2IT,excitatory,train,4411,279,234,3919,3919,228,3584,121,0,1.0,0.05817810665986221
864691135782145872,L2IT,excitatory,train,5724,488,456,2445,2445,29,2284,15,0,1.0,0.011860940695296524
864691135801163874,L2IT,excitatory,test,3977,466,378,2423,2423,186,2170,85,0,1.0,0.07676434172513413
864691135801267554,L2IT,excitatory,train,5083,389,345,5224,5224,336,4674,143,0,1.0,0.06431852986217458
864691135787242948,L6CT,excitatory,train,2220,191,146,2832,2832,53,2503,26,0,1.0,0.018714689265536724
864691135786943684,L6CT,excitatory,test,2883,283,220,2016,2016,71,1816,50,0,1.0,0.03521825396825397
864691135801463650,L3IT,excitatory,train,3883,336,287,3327,3327,222,2972,118,0,1.0,0.06672678088367899
864691135787537348,L4IT,excitatory,train,4382,533,467,2688,2688,70,2357,44,0,1.0,0.026041666666666668
864691135801393250,L6CT,excitatory,train,1081,28,13,1820,1820,45,1605,21,0,1.0,0.024725274725274724
864691135809509917,L6IT,excitatory,train,4591,596,495,2464,2464,96,2101,49,0,1.0,0.03896103896103896
864691135810098717,PV,inhibitory,train,6595,1500,700,4447,4447,231,3831,102,0,1.0,0.05194513154935912
864691135809663773,L6CT,excitatory,train,2662,213,177,2278,2278,62,2071,48,0,1.0,0.027216856892010536
864691135809954845,L4IT,excitatory,train,4653,743,689,2031,2031,170,1764,96,0,1.0,0.08370260955194485
864691135810297885,ITC,inhibitory,train,5804,1174,661,6145,6145,202,5482,149,0,1.0,0.03287225386493084
864691135810466333,L4IT,excitatory,train,3936,541,439,1622,1622,204,1329,88,0,1.0,0.12577065351418001
864691135817949519,L2IT,excitatory,train,5249,488,423,2429,2429,98,2300,62,0,1.0,0.040345821325648415
864691135816565839,L3IT,excitatory,train,6835,880,765,4112,4112,91,3605,52,0,1.0,0.02213035019455253
864691135838788755,L4IT,excitatory,train,3122,478,368,1665,1665,224,1307,67,0,1.0,0.13453453453453454
864691135817952079,PV,inhibitory,train,6079,2440,1089,4286,4286,489,3512,233,0,1.0,0.11409239384041064
864691135842486243,L3IT,excitatory,train,4818,402,334,5761,5761,409,5045,182,0,1.0,0.07099461898975873
864691135843236323,L5IT,excitatory,test,9148,1504,1338,3819,3819,239,3378,128,0,1.0,0.06258182770358732
864691135843242211,L4IT,excitatory,train,5514,1397,1250,2119,2119,212,1794,92,0,1.0,0.10004719207173195
864691135849300318,L5IT,excitatory,train,6804,1127,1022,1507,1507,115,1307,66,0,1.0,0.07631055076310551
864691135849610334,L6CT,excitatory,train,1530,80,55,2440,2440,40,2146,23,0,1.0,0.01639344262295082
864691135849088094,L5IT,excitatory,train,8401,953,850,4504,4504,118,3927,67,0,1.0,0.026198934280639432
864691135853198023,L5ET,excitatory,test,4551,263,203,5112,5112,200,4534,98,0,1.0,0.03912363067292645
864691135857976366,AltBasket,inhibitory,test,2577,798,621,2063,2063,20,1801,5,0,1.0,0.009694619486185167
864691135857993774,L4IT,excitatory,train,5183,552,501,2681,2681,224,2191,93,0,1.0,0.0835509138381201
864691135868142870,L6CT,excitatory,train,3070,285,216,2796,2796,77,2450,51,0,1.0,0.02753934191702432
864691135868386070,L4IT,excitatory,train,3317,686,597,1159,1159,101,1024,67,0,1.0,0.08714408973252805
864691135867561349,L6CT,excitatory,test,1600,88,60,2194,2194,67,1970,35,0,1.0,0.030537830446672742
864691135868334870,L6CT,excitatory,test,2342,247,160,2008,2008,69,1787,44,0,1.0,0.03436254980079681
864691135875414414,PV,inhibitory,train,11958,2970,1157,6743,6743,524,5553,217,0,1.0,0.07771021800385584
864691135875777166,PV,inhibitory,train,4601,2302,931,2983,2983,379,2402,177,0,1.0,0.1270533020449212
864691135875763086,PV,inhibitory,test,2372,469,333,2492,2492,68,2283,44,0,1.0,0.027287319422150885
864691135875460494,L6CT,excitatory,test,1815,119,91,1989,1989,70,1786,52,0,1.0,0.03519356460532931
864691135877606483,L4IT,excitatory,train,2697,205,188,2120,2120,131,1781,52,0,1.0,0.06179245283018868
864691135875965582,astrocyte,glia,train,1845,96,74,156,156,24,136,6,0,1.0,0.15384615384615385
864691135875799694,astrocyte,glia,test,1470,63,47,67,67,17,54,4,0,1.0,0.2537313432835821
864691135875764366,astrocyte,glia,train,1537,78,61,132,132,18,112,5,0,1.0,0.13636363636363635
864691135885917808,PV,inhibitory,train,6215,2580,1116,3435,3435,232,2822,127,0,1.0,0.06754002911208151
864691135885406064,L5IT,excitatory,train,5305,806,710,1598,1598,127,1380,73,0,1.0,0.07947434292866083
864691135885623408,L6CT,excitatory,test,4089,520,461,1908,1908,51,1682,20,0,1.0,0.026729559748427674
864691135885609328,astrocyte,glia,train,1676,40,31,85,85,17,74,8,0,1.0,0.2
864691135885298544,L6CT,excitatory,train,3407,381,327,1862,1862,64,1728,43,0,1.0,0.034371643394199784
864691135885663600,L5NP,excitatory,train,6967,1586,1343,1325,1325,70,1249,39,0,1.0,0.052830188679245285
864691135885194352,PV,inhibitory,train,7727,1720,667,5809,5809,83,4858,16,0,1.0,0.014288173523842315
864691135885361520,L6CT,excitatory,train,2177,141,114,1928,1928,65,1760,43,0,1.0,0.03371369294605809
864691135892176009,DTC,inhibitory,train,6616,1585,1142,4749,4749,255,3817,109,0,1.0,0.05369551484523057
864691135891796617,PV,inhibitory,test,24533,9511,4237,15534,15534,754,13421,320,0,1.0,0.048538689326638344
864691135890695049,L4IT,excitatory,train,4558,718,638,1194,1194,24,1093,15,0,1.0,0.020100502512562814
864691135920776624,MC,inhibitory,train,6545,2191,1641,6150,6150,384,5419,230,0,1.0,0.0624390243902439
864691135917217894,astrocyte,glia,train,1788,58,44,119,119,21,102,9,0,1.0,0.17647058823529413
864691135919956656,L2IT,excitatory,test,5133,338,296,3179,3179,204,2948,133,0,1.0,0.06417112299465241
864691135919756208,L2IT,excitatory,train,3740,385,308,2358,2358,209,2145,94,0,1.0,0.08863443596268024
864691135920381616,L6CT,excitatory,test,2386,213,177,2527,2527,76,2259,47,0,1.0,0.03007518796992481
864691135919749808,L6CT,excitatory,test,2729,178,151,2676,2676,42,2426,22,0,1.0,0.01569506726457399
864691135938816260,L3IT,excitatory,test,4446,272,241,4897,4897,352,4311,157,0,1.0,0.07188074331223197
864691135937286404,L2IT,excitatory,test,5259,578,498,4156,4156,31,3728,18,0,1.0,0.007459095283926853
864691135928395278,L4IT,excitatory,train,4196,525,471,1970,1970,160,1709,99,0,1.0,0.08121827411167512
864691135938629892,L3IT,excitatory,train,6611,709,643,4853,4853,20,4427,7,0,1.0,0.0041211621677313005
864691135938555908,L4IT,excitatory,train,4373,291,259,3133,3133,18,2910,8,0,1.0,0.005745292052345995
864691135941886118,ITC,inhibitory,train,2123,245,96,2480,2480,142,2252,74,0,1.0,0.05725806451612903
864691135941789606,PV,inhibitory,train,8435,4023,1498,5058,5058,314,4204,180,0,1.0,0.06207987346777382
864691135941956865,PV,inhibitory,train,7841,1856,1109,3573,3573,102,3140,61,0,1.0,0.028547439126784216
864691135941708033,L4IT,excitatory,train,4120,635,561,2130,2130,20,1816,11,0,1.0,0.009389671361502348
864691135942924148,L4IT,excitatory,train,6877,1010,869,3286,3286,102,2774,58,0,1.0,0.0310407790626902
864691135943389556,PV,inhibitory,train,22750,10237,4010,14727,14727,423,13122,181,0,1.0,0.02872275412507639
864691135942730612,L6CT,excitatory,train,2741,365,292,2195,2195,75,1961,43,0,1.0,0.03416856492027335
864691135942163201,L5IT,excitatory,train,4808,559,492,2253,2253,173,1934,96,0,1.0,0.07678650687971593
864691135942163457,astrocyte,glia,train,1597,43,37,46,46,6,42,2,0,1.0,0.13043478260869565
864691135943509108,microglia,glia,train,378,9,6,24,24,5,21,2,0,1.0,0.20833333333333334
864691135948123745,L5ET,excitatory,train,5671,360,231,10775,10775,737,9046,308,0,1.0,0.06839907192575406
864691135954393891,L4IT,excitatory,train,3885,530,477,3137,3137,328,2530,120,0,1.0,0.10455849537774944
864691135948823905,L1,inhibitory,test,3241,1174,625,5232,5232,138,4574,68,0,1.0,0.026376146788990827
864691135948150625,L6CT,excitatory,test,2755,128,93,2733,2733,64,2455,40,0,1.0,0.02341748993779729
864691135953985800,L4IT,excitatory,train,3337,405,325,1779,1779,51,1531,26,0,1.0,0.02866779089376054
864691135975539779,L2IT,excitatory,test,9001,1442,1198,6834,6834,34,5990,14,0,1.0,0.004975124378109453
864691135975824495,L3IT,excitatory,train,7802,827,724,4570,4570,59,4149,33,0,1.0,0.012910284463894967
864691135970497125,L5IT,excitatory,train,5009,393,360,4062,4062,69,3495,35,0,1.0,0.016986706056129987
864691135971464805,PV,inhibitory,train,6004,1474,648,3907,3907,262,3211,105,0,1.0,0.06705912464806757
864691135976063855,L4IT,excitatory,train,3760,801,688,1940,1940,170,1691,94,0,1.0,0.08762886597938144
864691135976105839,L4IT,excitatory,train,6485,1160,1042,2263,2263,17,2000,9,0,1.0,0.007512152010605391
864691135971164005,microglia,glia,train,338,7,2,15,15,7,10,2,0,1.0,0.4666666666666667
864691135989836288,L2IT,excitatory,train,5398,359,321,4539,4539,17,4097,8,0,1.0,0.003745318352059925
864691135989136899,L6CT,excitatory,train,1616,121,95,1621,1621,43,1513,23,0,1.0,0.02652683528685996
864691135990004992,L4IT,excitatory,test,4713,688,595,2309,2309,216,1998,93,0,1.0,0.09354699003897791
864691135988742147,L4IT,excitatory,train,6651,1193,1053,2317,2317,36,1991,18,0,1.0,0.015537332757876565
864691135989177347,L6CT,excitatory,train,2832,158,122,2431,2431,76,2197,54,0,1.0,0.03126285479226656
864691135989998080,L6CT,excitatory,train,2019,102,74,2429,2429,67,2205,47,0,1.0,0.027583367641004528
864691135989943040,L3IT,excitatory,test,3829,430,337,2937,2937,234,2527,115,0,1.0,0.07967313585291114
864691135988557315,L4IT,excitatory,train,3119,288,255,2995,2995,274,2567,116,0,1.0,0.09148580968280468
864691135990793216,NMC,inhibitory,train,5848,2528,1407,5199,5199,314,4605,160,0,1.0,0.060396230044239274
864691135990520064,PV,inhibitory,train,9780,3350,2117,13193,13193,480,11698,206,0,1.0,0.03638293034184795
864691135990701056,L4IT,excitatory,train,2750,320,271,1324,1324,144,1153,74,0,1.0,0.10876132930513595
864691135990009600,L4IT,excitatory,train,4329,655,590,2590,2590,82,2173,42,0,1.0,0.03166023166023166
864691135990564864,NGC,inhibitory,train,2227,204,181,2352,2352,42,2210,25,0,1.0,0.017857142857142856
864691135993020097,L2IT,excitatory,train,3896,271,234,1860,1860,71,1776,44,0,1.0,0.038172043010752686
864691136007128778,NMC,inhibitory,train,9043,6444,3423,8183,8183,486,7033,268,0,1.0,0.05939142123915434
864691136009893294,L2IT,excitatory,test,6698,1059,822,5814,5814,31,5102,9,0,1.0,0.005331957344341246
864691136010650796,ITC,inhibitory,train,4133,513,219,3097,3097,162,2776,86,0,1.0,0.05230868582499193
864691136006493898,L4IT,excitatory,train,3956,511,456,3031,3031,213,2637,107,0,1.0,0.07027383701748598
864691136010639022,L3IT,excitatory,train,5518,1052,905,3545,3545,331,2879,123,0,1.0,0.09337094499294782
864691136007059658,AltBasket,inhibitory,test,17046,7234,4565,4130,4130,188,3666,99,0,1.0,0.04552058111380145
864691136011686318,L2IT,excitatory,train,5049,297,269,3462,3462,239,3174,145,0,1.0,0.06903523974581167
864691136010928046,L6IT,excitatory,train,7393,849,771,3516,3516,155,3116,94,0,1.0,0.044084186575654154
864691136010651052,L2IT,excitatory,train,7466,756,653,3690,3690,212,3388,96,0,1.0,0.05745257452574526
864691136011600302,PV,inhibitory,train,11193,3155,1493,4957,4957,148,4456,85,0,1.0,0.029856768206576557
864691136033332155,L4IT,excitatory,train,5260,965,853,2931,2931,270,2376,95,0,1.0,0.09211873080859775
864691136033227451,L3IT,excitatory,train,5702,471,433,3834,3834,323,3422,142,0,1.0,0.08424621804903495
864691136026254649,L4IT,excitatory,test,4838,725,650,2750,2750,245,2357,101,0,1.0,0.0890909090909091
864691136033116347,L6CT,excitatory,train,3213,217,187,2607,2607,21,2382,9,0,1.0,0.00805523590333717
864691136025992761,ITC,inhibitory,train,3730,618,447,3198,3198,94,2753,57,0,1.0,0.029393370856785492
864691136033794747,L6CT,excitatory,train,1753,86,50,1906,1906,37,1651,8,0,1.0,0.019412381951731374
864691136026021433,astrocyte,glia,train,1913,104,75,141,141,30,117,8,0,1.0,0.2127659574468085
864691136034487483,PV,inhibitory,train,13746,4983,2364,7556,7556,700,5857,267,0,1.0,0.092641609317099
864691136034487739,PV,inhibitory,train,5763,1655,804,6484,6484,419,5744,198,0,1.0,0.06462060456508328
864691136034464443,L5IT,excitatory,train,3934,204,189,2427,2427,183,2096,105,0,1.0,0.0754017305315204
864691136040834558,L3IT,excitatory,test,4233,377,341,3790,3790,76,3325,52,0,1.0,0.020052770448548814
864691136041000190,L6IT,excitatory,train,6158,678,576,2341,2341,60,2123,34,0,1.0,0.025630072618539085
864691136052738803,L4IT,excitatory,train,4197,680,607,1297,1297,106,1105,49,0,1.0,0.08172706245181187
864691136057790424,L6CT,excitatory,train,3157,341,228,2167,2167,80,1924,56,0,1.0,0.03691739732348869
864691136053263859,AltBasket,inhibitory,train,2864,459,384,2729,2729,40,2222,16,0,1.0,0.014657383657017223
864691136084313196,L5ET,excitatory,test,4495,331,285,6327,6327,48,5393,18,0,1.0,0.007586533902323376
864691136086632812,NGC,inhibitory,train,8547,686,537,4297,4297,150,3765,98,0,1.0,0.03490807540144287
864691136067404440,NMC,inhibitory,train,14185,9658,4849,8968,8968,206,7628,128,0,1.0,0.02297056199821588
864691136085904236,L4IT,excitatory,train,3334,461,407,1115,1115,53,1000,32,0,1.0,0.04753363228699552
864691136136766845,L2IT,excitatory,train,2781,74,53,4662,4662,27,4145,8,0,1.0,0.005791505791505791
864691136136838027,L6IT,excitatory,train,3138,339,283,2791,2791,78,2458,37,0,1.0,0.027946972411322105
864691136137064075,ITC,inhibitory,train,7335,1310,961,4090,4090,163,3749,96,0,1.0,0.039853300733496334
864691136137210507,ITC,inhibitory,train,4598,1048,379,2465,2465,117,2144,63,0,1.0,0.04746450304259635
864691136136240011,L4IT,excitatory,train,4163,678,558,2367,2367,34,1929,12,0,1.0,0.01436417405999155
864691136137140093,MC,inhibitory,train,14955,5405,3061,7817,7817,51,6741,13,0,1.0,0.006524242036586926
864691136138622333,PV,inhibitory,test,16895,6525,3235,12424,12424,731,10351,324,0,1.0,0.058837733419188666
864691136138335101,L6IT,excitatory,train,5411,632,537,3290,3290,91,2826,42,0,1.0,0.027659574468085105
864691136137794941,L5ET,excitatory,train,7414,494,349,8870,8870,608,7456,217,0,1.0,0.0685456595264938
864691136137834877,L3IT,excitatory,test,9383,1896,1423,10102,10102,55,8473,23,0,1.0,0.005444466442288656
864691136137293195,L2IT,excitatory,train,6263,355,300,6453,6453,343,5811,130,0,1.0,0.05315357198202386
864691136139027581,L4IT,excitatory,test,4269,517,443,3510,3510,295,2968,137,0,1.0,0.08404558404558404
864691136144674612,L3IT,excitatory,test,6713,1323,1107,3197,3197,235,2822,106,0,1.0,0.07350641226149515
864691136138779517,L2IT,excitatory,train,10600,2408,1891,7260,7260,567,6070,155,0,1.0,0.07809917355371901
864691136145494068,PV,inhibitory,train,18673,7287,3115,14935,14935,871,12704,426,0,1.0,0.05831938399732173
864691136138803837,PV,inhibitory,train,12910,4613,2624,13074,13074,809,11069,360,0,1.0,0.06187853755545357
864691136145208372,L6IT,excitatory,test,4089,628,507,3256,3256,84,2694,33,0,1.0,0.025798525798525797
864691136138988157,L6CT,excitatory,train,2433,148,108,2789,2789,93,2474,59,0,1.0,0.03334528504840445
864691136177127174,L5NP,excitatory,train,2826,216,196,815,815,39,747,17,0,1.0,0.04785276073619632
864691136177726726,L2IT,excitatory,train,4948,481,440,1933,1933,128,1789,70,0,1.0,0.06621831350232799
864691136195391208,L2IT,excitatory,train,5227,350,292,5315,5315,41,4795,15,0,1.0,0.007714016933207902
864691136177778950,L2IT,excitatory,train,5037,445,388,4665,4665,303,4225,145,0,1.0,0.06495176848874598
864691136177731846,L2IT,excitatory,train,4143,476,385,4407,4407,292,3954,120,0,1.0,0.06625822555026095
864691136177799686,L4IT,excitatory,test,2594,359,306,1292,1292,129,1160,63,0,1.0,0.0998452012383901
864691136195284556,MC,inhibitory,train,11653,4605,2212,4115,4115,162,3618,93,0,1.0,0.0393681652490887
864691136194355176,L2IT,excitatory,train,2507,95,77,4469,4469,27,4118,12,0,1.0,0.006041620049228015
864691136195824204,L4IT,excitatory,test,4031,479,380,2044,2044,181,1793,73,0,1.0,0.0885518590998043
864691136196338764,L4IT,excitatory,train,3585,637,560,2640,2640,43,2108,18,0,1.0,0.01628787878787879
864691136210743740,L5IT,excitatory,train,7106,646,566,3865,3865,203,3414,117,0,1.0,0.05252263906856404
864691136196383190,PV,inhibitory,train,7227,3578,1280,5479,5479,448,4314,227,0,1.0,0.08176674575652491
864691136196969548,L2IT,excitatory,train,6792,558,480,3850,3850,192,3576,102,0,1.0,0.04987012987012987
864691136196517452,L4IT,excitatory,train,6031,1134,996,2885,2885,203,2366,74,0,1.0,0.07036395147313691
864691136196979020,L5IT,excitatory,test,6788,1049,930,2316,2316,168,2019,94,0,1.0,0.07253886010362694
864691136196932172,PV,inhibitory,train,15796,6259,2626,11028,11028,422,9354,230,0,1.0,0.038266231410953935
864691136239460668,L6IT,excitatory,test,4770,531,433,3371,3371,134,3000,81,0,1.0,0.03975081578166716
864691136239902780,L4IT,excitatory,train,3768,527,476,1884,1884,154,1700,86,0,1.0,0.08174097664543524
864691136239859772,L4IT,excitatory,train,4822,889,752,2478,2478,162,2201,94,0,1.0,0.06537530266343826
864691136238652476,MC,inhibitory,train,5588,1815,1307,2981,2981,191,2619,88,0,1.0,0.06407245890640724
864691136239068732,L3IT,excitatory,train,5985,796,691,3519,3519,18,3033,9,0,1.0,0.005115089514066497
864691136239863868,astrocyte,glia,train,1874,91,67,163,163,29,136,7,0,1.0,0.17791411042944785
864691136239108156,L4IT,excitatory,train,2411,128,112,1545,1545,41,1429,26,0,1.0,0.026537216828478965
864691136275364365,L4IT,excitatory,train,3131,279,253,1669,1669,7,1515,3,0,1.0,0.004194128220491312
864691136274712254,L6IT,excitatory,train,3800,485,410,2976,2976,67,2632,33,0,1.0,0.022513440860215055
864691136275807757,L6IT,excitatory,train,3984,521,433,2868,2868,75,2448,39,0,1.0,0.02615062761506276
864691136274786494,L6CT,excitatory,train,2217,315,284,849,849,19,753,4,0,1.0,0.02237926972909305
864691136275166398,L2IT,excitatory,train,5250,411,348,4842,4842,342,4358,146,0,1.0,0.07063197026022305
864691136274933950,PV,inhibitory,test,6344,1453,860,3418,3418,119,3192,86,0,1.0,0.03481568168519602
864691136275123134,astrocyte,glia,train,1489,70,62,68,68,9,59,1,0,1.0,0.1323529411764706
864691136298045979,L5IT,excitatory,train,6317,749,662,5362,5362,34,4665,17,0,1.0,0.006340917568071615
864691136288604355,L3IT,excitatory,train,3717,323,269,3979,3979,188,3625,106,0,1.0,0.047248052274440816
864691136275919117,L2IT,excitatory,train,4499,242,208,7629,7629,33,6932,18,0,1.0,0.004325599685410932
864691136288752835,thalamocortical,excitatory,train,6927,993,869,47,47,14,34,1,0,1.0,0.2978723404255319
864691136311381338,L4IT,excitatory,test,2842,360,302,1709,1709,22,1393,13,0,1.0,0.012873025160912814
864691136311722074,astrocyte,glia,train,1391,64,43,104,104,19,87,3,0,1.0,0.18269230769230768
864691136312057178,PV,inhibitory,test,11412,4628,2040,6999,6999,598,5787,302,0,1.0,0.08544077725389342
864691136311267930,L3IT,excitatory,train,3714,436,378,2905,2905,208,2573,103,0,1.0,0.07160068846815834
864691136311106650,L5IT,excitatory,train,8017,1172,1038,4318,4318,35,3805,11,0,1.0,0.00810560444650301
864691136314448701,L4IT,excitatory,train,4237,781,690,1659,1659,144,1419,75,0,1.0,0.0867992766726944
864691136314457149,L5IT,excitatory,train,9199,1395,1209,2906,2906,311,2382,111,0,1.0,0.10701995870612525
864691136314473021,L5IT,excitatory,train,4681,527,467,2047,2047,95,1790,52,0,1.0,0.046409379579872984
864691136314485053,L5NP,excitatory,test,4986,973,858,1450,1450,98,1346,53,0,1.0,0.06758620689655172
864691136314250813,ITC,inhibitory,train,3911,593,404,3712,3712,71,3201,41,0,1.0,0.01912715517241379
864691136336107187,L5IT,excitatory,test,6833,990,892,2040,2040,173,1772,93,0,1.0,0.08480392156862746
864691136336204979,NGC,inhibitory,train,3632,298,261,2801,2801,85,2558,57,0,1.0,0.03034630489111032
864691136363303138,L4IT,excitatory,train,3402,578,490,1136,1136,138,991,73,0,1.0,0.12147887323943662
864691136336039091,L4IT,excitatory,train,4741,730,636,1609,1609,142,1421,77,0,1.0,0.08825357364822871
864691136363009250,L4IT,excitatory,train,3974,527,449,1170,1170,11,1045,3,0,1.0,0.009401709401709401
864691136378815445,L4IT,excitatory,train,2949,446,392,1462,1462,70,1318,39,0,1.0,0.047879616963064295
864691136380268245,L2IT,excitatory,train,4511,298,252,5202,5202,238,4757,88,0,1.0,0.0457516339869281
864691136372759688,L5NP,excitatory,train,3536,416,355,995,995,55,892,32,0,1.0,0.05527638190954774
864691136389921911,L2IT,excitatory,train,4292,275,227,3599,3599,253,3284,132,0,1.0,0.07029730480689081
864691136390183696,L4IT,excitatory,train,2565,271,244,1834,1834,34,1600,20,0,1.0,0.018538713195201745
864691136389688695,L2IT,excitatory,test,7114,927,748,5316,5316,209,4822,79,0,1.0,0.03931527464258841
864691136389607287,L4IT,excitatory,train,3638,536,468,2721,2721,17,2371,9,0,1.0,0.006247703050349137
864691136389885047,L6CT,excitatory,train,1641,58,46,2516,2516,76,2230,48,0,1.0,0.030206677265500796
864691136391023120,PV,inhibitory,test,16023,6002,3487,9564,9564,572,7659,217,0,1.0,0.059807611877875366
864691136390905207,MC,inhibitory,train,12710,8637,4566,6339,6339,437,5354,259,0,1.0,0.06893831834674238
864691136391024144,NGC,inhibitory,train,6801,603,522,5372,5372,244,4682,152,0,1.0,0.045420699925539834
864691136437631902,L5ET,excitatory,train,5055,155,102,6803,6803,520,5931,247,0,1.0,0.07643686608849037
864691136438496158,L3IT,excitatory,train,4884,515,442,7706,7706,381,6838,190,0,1.0,0.04944199325201142
864691136425073455,L5IT,excitatory,train,6719,851,760,2237,2237,123,1978,68,0,1.0,0.05498435404559678
864691136436788382,ITC,inhibitory,train,3975,619,401,3849,3849,231,3480,155,0,1.0,0.060015588464536244
864691136425681967,L4IT,excitatory,test,7959,1045,929,2837,2837,200,2515,122,0,1.0,0.07049700387733521
864691136452609023,L6IT,excitatory,train,5367,446,382,2192,2192,147,1859,82,0,1.0,0.06706204379562043
864691136452543231,L6CT,excitatory,train,1872,169,141,2237,2237,65,2008,41,0,1.0,0.029056772463120252
864691136451224831,L2IT,excitatory,train,5098,215,187,5347,5347,21,4903,11,0,1.0,0.003927435945389938
864691136452920319,PV,inhibitory,test,10997,2599,1277,5452,5452,167,4540,81,0,1.0,0.030630961115187087
864691136489055762,L4IT,excitatory,train,4400,882,789,1588,1588,40,1427,21,0,1.0,0.02518891687657431
864691136487168530,DTC,inhibitory,train,8938,2317,1425,13898,13898,652,11575,247,0,1.0,0.04691322492444956
864691136484972332,L3IT,excitatory,train,8427,1074,953,4475,4475,312,4006,151,0,1.0,0.06972067039106145
864691136488414994,L4IT,excitatory,train,2941,334,305,1798,1798,31,1602,22,0,1.0,0.017241379310344827
864691136488591378,L6IT,excitatory,train,1470,82,69,1251,1251,47,1113,27,0,1.0,0.037569944044764186
864691136523971473,AltBasket,inhibitory,train,7757,2862,2057,3276,3276,148,2982,69,0,1.0,0.045177045177045176
864691136523335057,L4IT,excitatory,train,5367,597,538,2655,2655,150,2320,72,0,1.0,0.05649717514124294
864691136523288465,L4IT,excitatory,train,3303,417,372,2080,2080,126,1819,73,0,1.0,0.06057692307692308
864691136523476881,astrocyte,glia,train,1451,52,41,157,157,15,142,4,0,1.0,0.09554140127388536
864691136523472529,L4IT,excitatory,train,4296,532,441,1999,1999,131,1744,62,0,1.0,0.0655327663831916
864691136579434260,L6IT,excitatory,train,5757,604,515,3278,3278,150,2852,78,0,1.0,0.04575960951799878
864691136579969300,L2IT,excitatory,train,4182,251,226,2361,2361,112,2247,73,0,1.0,0.04743752647183397
864691136580010516,MC,inhibitory,test,11714,9522,4585,6247,6247,592,5349,331,0,1.0,0.0947654874339683
864691136596060322,L6CT,excitatory,train,2228,132,96,2359,2359,75,2104,45,0,1.0,0.0317931326833404
864691136595955362,NMC,inhibitory,test,11490,8724,5019,6816,6816,79,5823,41,0,1.0,0.01159037558685446
864691136579484948,astrocyte,glia,train,1637,76,48,199,199,31,171,7,0,1.0,0.15577889447236182
864691136579408916,L4IT,excitatory,test,7475,1195,1064,3173,3173,42,2661,19,0,1.0,0.013236684525685471
864691136619693275,L4IT,excitatory,train,3773,350,313,2389,2389,202,2079,96,0,1.0,0.08455420678107994
864691136619096795,L5IT,excitatory,test,6876,819,716,5086,5086,257,4422,132,0,1.0,0.050530869052300434
864691136619939213,L6CT,excitatory,train,2488,223,168,2624,2624,89,2387,53,0,1.0,0.03391768292682927
864691136619199963,AltBasket,inhibitory,test,1682,231,181,2002,2002,13,1532,2,0,1.0,0.006493506493506494
864691136674495623,L5IT,excitatory,test,5627,502,449,3431,3431,230,3031,112,0,1.0,0.06703584960652871
864691136674744199,L4IT,excitatory,test,3543,495,437,2314,2314,173,2020,91,0,1.0,0.07476231633535005
864691136715774812,oligo,glia,train,261,1,1,9,9,0,9,0,0,1.0,0.0
864691136723466749,oligo,glia,train,298,1,1,1,1,0,1,0,0,1.0,0.0
864691136742921308,PV,inhibitory,test,12002,4429,2011,6770,6770,363,5356,186,0,1.0,0.05361890694239291
864691136814180211,L2IT,excitatory,train,4737,361,302,4447,4447,320,4020,144,0,1.0,0.07195862379132
864691136814060915,AltBasket,inhibitory,train,1583,415,340,1564,1564,7,1380,4,0,1.0,0.004475703324808184
864691136814271603,L5NP,excitatory,train,2369,211,181,828,828,52,730,27,0,1.0,0.06280193236714976
864691136905506482,L6CT,excitatory,test,3684,307,219,4099,4099,155,3535,101,0,1.0,0.03781410100024396
864691136905203378,L4IT,excitatory,test,3582,471,438,1924,1924,12,1701,8,0,1.0,0.006237006237006237
864691136905758130,L4IT,excitatory,train,5154,635,576,2837,2837,222,2464,99,0,1.0,0.07825167430384208
864691136927761226,L4IT,excitatory,train,4657,675,603,2637,2637,250,2194,104,0,1.0,0.09480470231323473
864691136953413599,L4IT,excitatory,train,5553,1036,927,2865,2865,42,2461,24,0,1.0,0.014659685863874346
864691136953873631,L5IT,excitatory,train,4867,445,398,2430,2430,168,2106,79,0,1.0,0.0691358024691358
864691136953197279,L4IT,excitatory,train,4293,656,583,1907,1907,25,1667,15,0,1.0,0.013109596224436287
864691136953631711,L6IT,excitatory,train,1628,106,70,3618,3618,66,3009,24,0,1.0,0.01824212271973466
864691136968109774,MC,inhibitory,train,4484,1514,1023,4643,4643,171,4201,121,0,1.0,0.03682963601119966
864691136967985870,L6CT,excitatory,train,3808,341,272,2364,2364,123,2024,49,0,1.0,0.05203045685279188
864691136968773070,L4IT,excitatory,train,5571,925,820,3479,3479,396,2812,121,0,1.0,0.11382581201494682
864691136968529870,L3IT,excitatory,train,6973,668,577,5573,5573,387,4864,162,0,1.0,0.0694419522698726
864691136974876956,L5ET,excitatory,train,9716,750,532,14806,14805,123,12259,28,1,0.9999324598135891,0.008307442928542482
864691136991606421,L4IT,excitatory,train,6761,1271,1085,3333,3333,32,2858,16,0,1.0,0.009600960096009602
864691137055244406,L6CT,excitatory,train,2101,136,108,1750,1750,47,1583,33,0,1.0,0.026857142857142857
864691137054934902,L4IT,excitatory,train,2622,156,129,2249,2249,22,1952,9,0,1.0,0.009782125389061804
864691137021264750,L5ET,excitatory,train,3445,124,96,3220,3220,210,2827,108,0,1.0,0.06521739130434782
864691137198691137,L2IT,excitatory,train,4407,629,485,5489,5489,393,4755,136,0,1.0,0.0715977409364183
864691137198844737,L6IT,excitatory,train,2627,160,132,2664,2664,85,2392,54,0,1.0,0.03190690690690691
864691137056216950,MC,inhibitory,train,8143,6592,3281,7967,7967,536,6400,251,0,1.0,0.06727751976904732
864691137055712630,L4IT,excitatory,train,3812,650,579,1496,1496,81,1362,50,0,1.0,0.05414438502673797
864691137055840886,L6IT,excitatory,test,4807,520,443,1954,1954,65,1769,33,0,1.0,0.03326509723643808
864691134887444730,L5ET,excitatory,train,4673,383,266,5818,5818,282,4959,139,0,1.0,0.048470264695771745
864691134919403530,L4IT,excitatory,test,4354,422,345,2020,2020,246,1701,98,0,1.0,0.12178217821782178
864691134887460346,L3IT,excitatory,train,5015,559,513,4465,4465,36,3902,18,0,1.0,0.008062709966405375
864691134887444986,NGC,inhibitory,train,6546,854,672,3934,3934,192,3468,115,0,1.0,0.04880528723945094
864691134887552506,L2IT,excitatory,train,4616,286,223,4299,4299,222,3974,102,0,1.0,0.051639916259595256
864691134919529994,L6CT,excitatory,test,2975,171,124,2329,2329,104,2077,65,0,1.0,0.0446543580936024
864691134949248508,L5IT,excitatory,test,9388,1104,989,3420,3420,283,3010,148,0,1.0,0.0827485380116959
864691135014246390,L6CT,excitatory,train,1810,99,67,1926,1926,72,1752,55,0,1.0,0.037383177570093455
864691134991010426,L2IT,excitatory,test,6237,638,522,6102,6102,359,5488,168,0,1.0,0.05883316945263848
864691135014256630,L6CT,excitatory,train,2188,144,111,2318,2318,66,2093,50,0,1.0,0.028472821397756688
864691134989909114,DTC,inhibitory,train,7312,2370,1914,7076,7076,63,6228,43,0,1.0,0.008903335217637084
864691135060651419,L2IT,excitatory,test,8589,1003,853,6634,6634,415,5841,148,0,1.0,0.06255652698221284
864691135015652246,L2IT,excitatory,test,4695,310,269,5249,5249,379,4668,175,0,1.0,0.0722042293770242
864691135015425942,ITC,inhibitory,test,1902,229,192,3487,3487,88,3046,59,0,1.0,0.025236593059936908
864691135083577335,L6CT,excitatory,train,4318,367,269,3095,3095,91,2773,49,0,1.0,0.02940226171243942
864691135101595680,L4IT,excitatory,train,5840,1311,1157,2174,2174,109,1816,47,0,1.0,0.05013799448022079
864691135113360025,PV,inhibitory,train,7123,2158,1203,11046,11046,203,9309,83,0,1.0,0.018377693282636248
864691135106189901,PV,inhibitory,train,11476,5555,2532,11730,11730,446,9943,190,0,1.0,0.03802216538789429
864691135115049881,L2IT,excitatory,test,6227,509,453,4435,4435,19,4056,11,0,1.0,0.004284103720405863
864691135115194009,ITC,inhibitory,train,5518,682,442,3045,3045,76,2786,48,0,1.0,0.02495894909688013
864691135136735001,L4IT,excitatory,test,6405,1337,1152,4303,4303,369,3643,155,0,1.0,0.0857541250290495
864691135134155168,L2IT,excitatory,train,5293,464,420,4595,4595,20,4249,10,0,1.0,0.004352557127312296
864691135134945184,L4IT,excitatory,test,3007,465,398,1974,1974,78,1631,39,0,1.0,0.03951367781155015
864691135164887853,L3IT,excitatory,train,4885,430,382,4780,4780,358,4262,154,0,1.0,0.07489539748953974
864691135164804909,ITC,inhibitory,test,3686,665,442,2422,2422,118,2127,71,0,1.0,0.04872006606110652
864691135209715577,L6CT,excitatory,train,1714,67,45,1682,1682,51,1492,27,0,1.0,0.03032104637336504
864691135209432185,L3IT,excitatory,train,4653,424,352,4011,4011,260,3521,134,0,1.0,0.06482174021441037
864691135210443897,PV,inhibitory,train,10343,4381,2006,5560,5560,383,4078,152,0,1.0,0.06888489208633093
864691135210134905,L2IT,excitatory,train,4480,425,376,5293,5293,421,4612,182,0,1.0,0.07953901379180049
864691135210387321,L2IT,excitatory,train,3960,205,181,3468,3468,153,3207,93,0,1.0,0.04411764705882353
864691135215023416,L4IT,excitatory,train,4450,610,525,3623,3623,326,3140,156,0,1.0,0.08998067899530776
864691135215254584,L4IT,excitatory,train,4567,780,712,2173,2173,135,1844,70,0,1.0,0.0621260929590428
864691135215078712,ITC,inhibitory,train,5369,1006,477,5300,5300,267,4648,157,0,1.0,0.050377358490566036
864691135214653240,L6CT,excitatory,train,2028,114,91,1792,1792,34,1595,18,0,1.0,0.018973214285714284
864691135214643256,L6IT,excitatory,train,9047,1186,1018,2166,2166,86,1970,52,0,1.0,0.03970452446906741
864691135270320293,L2IT,excitatory,train,3704,50,40,6453,6453,32,5931,22,0,1.0,0.004958933829226716
864691135271077541,L3IT,excitatory,train,3376,330,291,3181,3181,214,2882,107,0,1.0,0.06727444199937127
864691135271038885,L3IT,excitatory,train,3483,293,235,2799,2799,170,2514,87,0,1.0,0.06073597713469096
864691135258509487,L3IT,excitatory,train,3508,377,299,2413,2413,230,2058,94,0,1.0,0.09531703273932864
864691135271103653,L6CT,excitatory,train,2221,167,138,2109,2109,51,1888,31,0,1.0,0.02418207681365576
864691135274708753,PV,inhibitory,train,16115,5517,2665,12765,12765,732,11036,345,0,1.0,0.05734430082256169
864691135274195217,L2IT,excitatory,train,4406,420,343,4097,4097,383,3557,150,0,1.0,0.0934830363680742
864691135274038801,L3IT,excitatory,train,6927,812,720,4771,4771,365,4142,158,0,1.0,0.07650387759379584
864691135274816017,L3IT,excitatory,train,4228,384,325,3275,3275,305,2683,107,0,1.0,0.09312977099236641
864691135273918993,L2IT,excitatory,test,5098,303,254,7952,7952,36,7154,19,0,1.0,0.004527162977867203
864691135274355473,L6CT,excitatory,train,4351,368,291,3218,3218,133,2826,84,0,1.0,0.041330018645121196
864691135272102053,astrocyte,glia,test,1721,146,112,206,206,32,178,10,0,1.0,0.1553398058252427
864691135272206865,L3IT,excitatory,train,4680,504,465,3118,3118,16,2778,6,0,1.0,0.005131494547787043
864691135277501669,L4IT,excitatory,train,5498,940,867,2406,2406,241,2041,105,0,1.0,0.100166251039069
864691135294361782,L3IT,excitatory,train,5006,285,255,3829,3829,222,3519,130,0,1.0,0.05797858448681118
864691135294520844,L4IT,excitatory,test,2746,313,278,2329,2329,225,2000,100,0,1.0,0.09660798626019751
864691135303514791,L1,inhibitory,train,1659,452,395,2403,2403,98,2274,51,0,1.0,0.04078235538909696
864691135325071004,L2IT,excitatory,test,5562,509,396,4479,4479,202,4069,80,0,1.0,0.04509935253404778
864691135324725404,L4IT,excitatory,train,2974,418,371,1253,1253,114,1106,55,0,1.0,0.09098164405426976
864691135324623260,L4IT,excitatory,test,7699,1092,989,2296,2296,195,1981,93,0,1.0,0.08493031358885017
864691135325413788,L4IT,excitatory,train,2927,300,268,1991,1991,133,1683,64,0,1.0,0.06680060271220492
864691135325487004,L3IT,excitatory,train,5225,586,486,4424,4424,442,3490,145,0,1.0,0.09990958408679927
864691135325426076,DTC,inhibitory,train,10887,4200,2691,7908,7908,636,6128,195,0,1.0,0.08042488619119878
864691135335937513,L3IT,excitatory,train,3248,493,442,2351,2351,228,2049,109,0,1.0,0.0969800085070183
864691135335635177,L3IT,excitatory,train,4559,652,570,3582,3582,34,3094,16,0,1.0,0.009491903964265773
864691135343818161,L2IT,excitatory,test,4309,288,246,5076,5076,302,4515,129,0,1.0,0.059495665878644605
864691135343509701,MC,inhibitory,train,14606,5322,2160,8788,8788,334,7376,166,0,1.0,0.03800637232589895
864691135343601093,PV,inhibitory,test,12326,3415,1873,5803,5803,310,5050,186,0,1.0,0.05342064449422712
864691135343923633,AltDTC,inhibitory,train,1826,188,136,1755,1755,42,1546,20,0,1.0,0.023931623931623933
864691135346571423,L4IT,excitatory,train,6495,1268,1118,2211,2211,34,1906,21,0,1.0,0.015377657168701944
864691135343765681,astrocyte,glia,train,1861,56,47,58,58,11,50,3,0,1.0,0.1896551724137931
864691135351096279,L4IT,excitatory,train,4192,402,375,2238,2238,172,1945,95,0,1.0,0.07685433422698838
864691135356087247,MC,inhibitory,train,2800,653,522,2100,2100,92,1902,66,0,1.0,0.04380952380952381
864691135350717399,L5IT,excitatory,train,7053,829,768,2499,2499,186,2220,106,0,1.0,0.0744297719087635
864691135351022807,L2IT,excitatory,test,5086,476,397,6264,6264,337,5678,148,0,1.0,0.05379948914431673
864691135351066583,L2IT,excitatory,train,5194,291,253,4385,4385,246,4072,124,0,1.0,0.056100342075256555
864691135356708303,DTC,inhibitory,train,5461,861,584,8802,8802,279,7733,150,0,1.0,0.03169734151329243
864691135350977751,MC,inhibitory,train,8588,4627,2826,7251,7251,435,6218,198,0,1.0,0.059991725279271824
864691135357351375,L4IT,excitatory,train,4015,429,387,3203,3203,334,2662,133,0,1.0,0.10427724008741805
864691135356320463,L6CT,excitatory,train,1457,58,39,1886,1886,49,1713,35,0,1.0,0.025980911983032873
864691135362357319,PV,inhibitory,train,15919,6652,3262,14434,14434,1017,12362,403,0,1.0,0.07045863932381877
864691135362104647,L5ET,excitatory,train,5014,222,173,7373,7373,493,6419,244,0,1.0,0.06686559066865591
864691135361548615,L6IT,excitatory,train,3856,381,318,2884,2884,107,2574,58,0,1.0,0.03710124826629681
864691135361432391,L6CT,excitatory,train,2135,187,154,2274,2274,62,2067,34,0,1.0,0.027264731750219876
864691135368949241,L3IT,excitatory,train,5653,704,634,3409,3409,110,2868,54,0,1.0,0.03226752713405691
864691135367033849,L5IT,excitatory,train,4328,416,374,4038,4038,26,3523,13,0,1.0,0.0064388311045071814
864691135361780551,L6CT,excitatory,train,2217,130,93,2733,2733,59,2438,35,0,1.0,0.021587998536406878
864691135384203226,astrocyte,glia,test,1693,61,41,255,255,27,227,8,0,1.0,0.10588235294117647
864691135375484489,L4IT,excitatory,train,4104,685,607,2276,2276,25,2043,15,0,1.0,0.010984182776801407
864691135375745736,L2IT,excitatory,train,4508,297,255,4132,4132,242,3691,78,0,1.0,0.05856727976766699
864691135375655880,ITCperi,inhibitory,train,2772,571,394,1537,1537,55,1428,35,0,1.0,0.035783994795055306
864691135386940245,ITC,inhibitory,train,2080,165,83,3052,3052,191,2768,129,0,1.0,0.0625819134993447
864691135388675969,L6IT,excitatory,train,5301,401,331,4293,4293,153,3813,80,0,1.0,0.03563941299790356
864691135388660865,L6IT,excitatory,test,5412,692,608,3257,3257,133,2930,79,0,1.0,0.04083512434755911
864691135388368001,L4IT,excitatory,test,5136,622,563,2855,2855,289,2361,110,0,1.0,0.10122591943957969
864691135388828033,L6IT,excitatory,train,2715,291,236,2489,2489,134,2124,73,0,1.0,0.05383688228204098
864691135388363393,astrocyte,glia,train,1726,81,71,158,158,22,145,12,0,1.0,0.13924050632911392
864691135387901525,astrocyte,glia,test,2146,56,46,70,70,15,60,6,0,1.0,0.21428571428571427
864691135389004929,PV,inhibitory,train,8886,2302,858,4209,4209,309,3571,147,0,1.0,0.07341411261582323
864691135389195393,L4IT,excitatory,train,3686,617,538,1421,1421,109,1252,63,0,1.0,0.07670654468684025
864691135396115445,L4IT,excitatory,train,6955,1301,1160,2995,2995,35,2453,16,0,1.0,0.011686143572621035
864691135396485877,L6IT,excitatory,train,5280,966,851,3433,3433,80,2988,42,0,1.0,0.023303233323623652
864691135431648048,L4IT,excitatory,train,4399,789,705,2235,2235,168,1974,77,0,1.0,0.07516778523489932
864691135431441968,thalamocortical,excitatory,train,8340,1880,1588,116,116,39,77,1,0,1.0,0.33620689655172414
864691135440543560,L3IT,excitatory,train,4195,599,512,1921,1921,11,1659,4,0,1.0,0.005726184279021343
864691135448017554,PV,inhibitory,train,18417,6180,2639,13795,13795,928,12150,366,0,1.0,0.06727075027183763
864691135447994514,L2IT,excitatory,train,5498,472,424,5256,5256,371,4681,164,0,1.0,0.07058599695585997
864691135447979922,AltBasket,inhibitory,train,5618,1979,1544,2268,2268,185,1980,92,0,1.0,0.08156966490299823
864691135448303762,L2IT,excitatory,train,5071,387,308,4242,4242,238,3851,103,0,1.0,0.056105610561056105
864691135448212882,L4IT,excitatory,train,4173,638,560,1761,1761,180,1497,80,0,1.0,0.10221465076660988
864691135448127572,L5NP,excitatory,train,3053,208,192,876,876,31,839,24,0,1.0,0.03538812785388128
864691135464714565,L5ET,excitatory,test,7946,407,290,10183,10183,93,8541,27,0,1.0,0.009132868506334086
864691135464302493,L6IT,excitatory,train,7421,922,829,2626,2626,30,2202,15,0,1.0,0.011424219345011425
864691135464595518,PV,inhibitory,test,8687,2257,1366,4645,4645,211,3833,106,0,1.0,0.04542518837459634
864691135464795710,L2IT,excitatory,test,6132,429,361,4472,4472,166,4131,76,0,1.0,0.03711985688729875
864691135464678206,MC,inhibitory,test,6506,2581,1736,2429,2429,186,2117,95,0,1.0,0.07657472210786331
864691135464633245,L6IT,excitatory,train,4970,483,408,2233,2233,45,2003,27,0,1.0,0.020152261531571878
864691135465343045,L4IT,excitatory,train,4320,674,561,3313,3313,387,2612,117,0,1.0,0.1168125565952309
864691135465503813,L5ET,excitatory,train,5964,342,260,8568,8568,458,7447,224,0,1.0,0.0534547152194211
864691135464995134,L4IT,excitatory,train,4134,364,343,1385,1385,138,1231,86,0,1.0,0.09963898916967509
864691135465571653,L6IT,excitatory,train,5638,917,809,2679,2679,80,2378,47,0,1.0,0.029861888764464353
864691135465113157,L4IT,excitatory,train,2644,371,315,1402,1402,138,1224,69,0,1.0,0.09843081312410841
864691135464991645,thalamocortical,excitatory,test,14708,8379,6463,177,177,69,108,2,0,1.0,0.3898305084745763
864691135469807954,L6CT,excitatory,train,2037,146,114,2519,2519,75,2267,51,0,1.0,0.029773719730051607
864691135466283333,L4IT,excitatory,test,4485,583,533,3253,3253,29,2745,15,0,1.0,0.00891484783276975
864691135469422674,L3IT,excitatory,test,5510,966,844,3395,3395,102,3076,52,0,1.0,0.03004418262150221
864691135469845388,L4IT,excitatory,train,6543,775,677,3734,3734,297,3194,133,0,1.0,0.07953936797000535
864691135468854156,L2IT,excitatory,train,6079,493,461,4825,4825,10,4496,7,0,1.0,0.002072538860103627
864691135469215372,L6CT,excitatory,train,1547,125,98,1996,1996,57,1848,43,0,1.0,0.028557114228456915
864691135476311616,L4IT,excitatory,train,4363,881,742,2493,2493,226,2103,106,0,1.0,0.09065383072603289
864691135476041792,L4IT,excitatory,train,4010,530,470,2858,2858,26,2532,10,0,1.0,0.009097270818754374
864691135480652998,L5IT,excitatory,train,7151,707,634,3443,3443,166,3082,96,0,1.0,0.04821376706360732
864691135480311494,L6IT,excitatory,train,6300,973,806,3073,3073,84,2579,37,0,1.0,0.02733485193621868
864691135489677882,L3IT,excitatory,train,5341,554,479,6842,6842,463,5970,201,0,1.0,0.06767027185033615
864691135491891559,L6CT,excitatory,train,2105,114,84,2246,2246,60,2015,33,0,1.0,0.026714158504007122
864691135490483514,L4IT,excitatory,train,3856,479,408,2526,2526,250,2129,107,0,1.0,0.09897070467141726
864691135480916422,L4IT,excitatory,train,3246,439,360,2128,2128,237,1694,78,0,1.0,0.11137218045112782
864691135489836346,L4IT,excitatory,train,3321,347,285,2323,2323,7,2028,4,0,1.0,0.003013344812742144
864691135492225127,astrocyte,glia,test,1119,49,44,45,45,5,42,2,0,1.0,0.1111111111111111
864691135492888039,PV,inhibitory,train,9717,3875,1668,6117,6117,414,5204,235,0,1.0,0.06768023540951447
864691135493624415,L4IT,excitatory,train,3904,524,470,2461,2461,207,2129,109,0,1.0,0.08411214953271028
864691135493149927,L4IT,excitatory,train,6246,903,783,3610,3610,388,2882,126,0,1.0,0.1074792243767313
864691135499231763,L4IT,excitatory,train,3708,561,513,1566,1566,86,1377,47,0,1.0,0.05491698595146871
864691135498973715,L2IT,excitatory,train,4574,524,485,3034,3034,253,2660,89,0,1.0,0.08338826631509558
864691135497743635,L2IT,excitatory,train,8767,1016,898,7061,7061,40,6424,18,0,1.0,0.00566491998300524
864691135503287618,L3IT,excitatory,train,6526,1235,1051,3919,3919,320,3298,139,0,1.0,0.08165348303138556
864691135503344477,L4IT,excitatory,train,2993,389,326,1633,1633,116,1462,67,0,1.0,0.07103490508266994
864691135502873666,L3IT,excitatory,train,5240,704,620,2930,2930,117,2593,76,0,1.0,0.03993174061433447
864691135503367517,L6CT,excitatory,train,3221,191,123,2278,2278,78,2048,48,0,1.0,0.03424056189640035
864691135504081986,L2IT,excitatory,train,3979,347,315,2215,2215,125,2069,63,0,1.0,0.056433408577878104
864691135503836253,L4IT,excitatory,test,5586,1133,1010,2269,2269,121,1945,60,0,1.0,0.05332745702952843
864691135503466818,AltBasket,inhibitory,train,2903,453,263,2068,2068,48,1636,2,0,1.0,0.02321083172147002
864691135517376211,L5ET,excitatory,train,7631,530,371,11103,11103,859,9105,316,0,1.0,0.07736647752859588
864691135511977680,L3IT,excitatory,train,4154,694,589,2675,2675,230,2264,93,0,1.0,0.08598130841121496
864691135518173395,L4IT,excitatory,train,3800,611,559,1689,1689,152,1476,78,0,1.0,0.08999407933688573
864691135511861968,MC,inhibitory,train,11051,3895,1963,9311,9311,285,7882,165,0,1.0,0.030608957147459995
864691135518453642,L2IT,excitatory,train,3610,108,94,4192,4192,20,3888,8,0,1.0,0.004770992366412214
864691135528193883,ITC,inhibitory,train,4830,731,376,4074,4074,216,3521,112,0,1.0,0.053019145802650956
864691135528046939,MC,inhibitory,test,9821,6977,4086,7252,7252,287,6093,190,0,1.0,0.03957528957528957
864691135527713115,L6CT,excitatory,test,4959,476,389,3494,3494,77,3218,48,0,1.0,0.022037779049799658
864691135540272498,L2IT,excitatory,train,5642,448,410,3596,3596,172,3362,91,0,1.0,0.047830923248053395
864691135545730856,ITCperi,inhibitory,train,4333,1199,745,1671,1671,83,1541,45,0,1.0,0.04967085577498504
864691135540440178,L2IT,excitatory,train,4300,156,136,3600,3600,132,3345,75,0,1.0,0.03666666666666667
864691135562780385,L2IT,excitatory,train,8452,1112,974,5717,5717,417,5046,137,0,1.0,0.07294035333216722
864691135566122071,L6CT,excitatory,train,2479,256,199,2464,2464,71,2206,45,0,1.0,0.028814935064935064
864691135565770007,AltDTC,inhibitory,train,2838,558,283,1059,1059,49,873,23,0,1.0,0.04627006610009443
864691135566979927,MC,inhibitory,train,9476,3755,2336,4190,4190,251,3647,130,0,1.0,0.05990453460620525
864691135569282284,MC,inhibitory,train,11001,3873,2431,8668,8668,46,7442,10,0,1.0,0.0053068758652515
864691135569866988,L4IT,excitatory,test,4618,818,741,2805,2805,80,2463,44,0,1.0,0.0285204991087344
864691135573245165,PV,inhibitory,train,7160,2537,930,8494,8494,400,7208,172,0,1.0,0.04709206498704968
864691135573191405,L2IT,excitatory,train,3952,392,322,3934,3934,268,3517,116,0,1.0,0.0681240467717336
864691135572712485,L6CT,excitatory,train,1532,36,22,2308,2308,58,2084,34,0,1.0,0.02512998266897747
864691135576881950,L3IT,excitatory,train,4832,734,644,4545,4545,307,3856,145,0,1.0,0.06754675467546754
864691135577221406,L6IT,excitatory,train,6702,1028,900,3432,3432,147,3058,76,0,1.0,0.04283216783216783
864691135577208606,L6IT,excitatory,train,4171,558,496,3441,3441,82,2834,34,0,1.0,0.023830281894798022
864691135577349150,AltBasket,inhibitory,train,3165,707,495,2237,2237,30,1927,12,0,1.0,0.013410818059901655
864691135577202181,MC,inhibitory,train,7129,2808,1953,4676,4676,78,4194,46,0,1.0,0.016680923866552608
864691135579134981,ITC,inhibitory,test,3136,420,224,5462,5462,304,4703,109,0,1.0,0.055657268399853535
864691135577749022,L2IT,excitatory,train,5109,891,636,7889,7889,515,6774,163,0,1.0,0.06528077069337052
864691135577956101,ITC,inhibitory,train,2986,324,122,2581,2581,267,2113,109,0,1.0,0.10344827586206896
864691135578103301,L2IT,excitatory,train,5297,329,285,5996,5996,24,5448,10,0,1.0,0.004002668445630421
864691135578146565,L5IT,excitatory,train,5401,336,306,3343,3343,45,2979,26,0,1.0,0.013460963206700568
864691135583172717,L4IT,excitatory,train,2916,387,356,1999,1999,73,1747,42,0,1.0,0.03651825912956478
864691135584068717,PV,inhibitory,train,13008,5461,2522,9500,9500,798,7871,365,0,1.0,0.084
864691135584008045,L3IT,excitatory,train,6910,868,765,4490,4490,304,3961,137,0,1.0,0.06770601336302895
864691135583277677,L4IT,excitatory,train,3368,537,463,2353,2353,250,1936,104,0,1.0,0.10624734381640459
864691135583223405,L4IT,excitatory,train,4260,608,548,1961,1961,259,1580,94,0,1.0,0.1320754716981132
864691135583352941,L4IT,excitatory,train,4972,688,591,2851,2851,22,2351,12,0,1.0,0.007716590669940372
864691135583913069,L6CT,excitatory,train,3520,321,233,2553,2553,64,2271,43,0,1.0,0.02506854680767724
864691135584629613,L2IT,excitatory,train,5312,482,388,5208,5208,312,4646,132,0,1.0,0.059907834101382486
864691135585046648,L2IT,excitatory,train,3823,132,113,8010,8010,25,7338,11,0,1.0,0.003121098626716604
864691135585415544,L5IT,excitatory,train,3994,160,122,4532,4532,36,3973,12,0,1.0,0.00794351279788173
864691135584646253,L2IT,excitatory,train,6118,544,497,3844,3844,256,3394,131,0,1.0,0.06659729448491156
864691135585266808,L5ET,excitatory,train,4924,262,153,7183,7183,378,6037,151,0,1.0,0.05262425170541556
864691135584471405,ITCperi,inhibitory,train,1830,149,101,2726,2726,38,2609,27,0,1.0,0.013939838591342627
864691135584625773,L3IT,excitatory,test,4935,670,567,4528,4528,392,3818,158,0,1.0,0.08657243816254417
864691135584504429,L2IT,excitatory,test,4654,420,387,1719,1719,119,1620,80,0,1.0,0.06922629435718441
864691135586414716,L4IT,excitatory,test,2852,353,303,1498,1498,12,1319,6,0,1.0,0.00801068090787717
864691135587519868,L5IT,excitatory,train,4612,482,437,2623,2623,257,2244,110,0,1.0,0.0979794128860084
864691135586773628,L6CT,excitatory,train,1937,61,30,1918,1918,45,1700,19,0,1.0,0.02346193952033368
864691135585989240,PV,inhibitory,train,6872,1572,800,3844,3844,167,3227,77,0,1.0,0.043444328824141516
864691135656578242,L2IT,excitatory,train,5020,307,274,3006,3006,163,2825,110,0,1.0,0.054224883566200935
864691135659358850,L2IT,excitatory,train,3689,148,129,6454,6454,21,5845,11,0,1.0,0.0032537960954446853
864691135659538306,thalamocortical,excitatory,test,8300,3578,2982,55,55,16,43,4,0,1.0,0.2909090909090909
864691135685087474,L2IT,excitatory,test,5332,401,342,5641,5641,317,5084,158,0,1.0,0.056195709980499914
864691135685250546,PV,inhibitory,train,9220,4724,1637,4945,4945,340,3974,162,0,1.0,0.06875631951466127
864691135686055351,L6IT,excitatory,test,3887,498,442,1870,1870,97,1674,65,0,1.0,0.051871657754010696
864691135684809458,L6CT,excitatory,train,2046,111,86,2030,2030,47,1843,29,0,1.0,0.02315270935960591
864691135684657079,L2IT,excitatory,train,4514,109,88,6171,6171,28,5679,12,0,1.0,0.004537352130935019
864691135694246079,L3IT,excitatory,test,4051,324,291,3594,3594,276,3163,130,0,1.0,0.07679465776293823
864691135689417440,L5IT,excitatory,train,8104,1063,939,2975,2975,313,2486,139,0,1.0,0.10521008403361344
864691135694415551,L4IT,excitatory,train,3300,445,400,2343,2343,167,2056,73,0,1.0,0.07127614169867691
864691135693735103,NGC,inhibitory,test,4037,264,221,4313,4313,93,3553,45,0,1.0,0.02156271736610248
864691135700409211,L6IT,excitatory,train,6621,924,833,2929,2929,10,2508,5,0,1.0,0.003414134516899966
864691135699522069,L5IT,excitatory,train,6840,476,427,3029,3029,194,2683,98,0,1.0,0.06404754044239022
864691135701340194,PV,inhibitory,train,7328,1787,822,4977,4977,212,4036,72,0,1.0,0.04259594133011854
864691135701624699,L2IT,excitatory,test,6476,594,505,5520,5520,27,4959,10,0,1.0,0.004891304347826087
864691135699321109,astrocyte,glia,train,1991,81,64,160,160,19,144,6,0,1.0,0.11875
864691135720061233,L5IT,excitatory,train,5204,463,404,2946,2946,122,2626,70,0,1.0,0.041412084181941616
864691135719900721,L4IT,excitatory,train,4539,706,625,3999,3999,388,3190,128,0,1.0,0.097024256064016
864691135717299738,L4IT,excitatory,test,5423,825,713,2072,2072,194,1743,87,0,1.0,0.09362934362934362
864691135717386266,L3IT,excitatory,train,5881,747,615,4725,4725,326,4061,138,0,1.0,0.068994708994709
864691135720572977,NMC,inhibitory,train,14508,9962,3876,7594,7594,349,6321,211,0,1.0,0.045957334737951015
864691135717457946,L4IT,excitatory,train,8473,1739,1530,2682,2682,276,2218,119,0,1.0,0.1029082774049217
864691135717275162,L3IT,excitatory,train,5186,931,824,3469,3469,100,3065,50,0,1.0,0.028826751225136928
864691135719761713,L2IT,excitatory,train,3930,147,123,6332,6332,28,5752,14,0,1.0,0.004421983575489577
864691135727867967,L3IT,excitatory,train,4876,402,336,9083,9083,381,8045,172,0,1.0,0.04194649344930089
864691135726939455,L3IT,excitatory,train,4819,304,247,8828,8828,574,7623,214,0,1.0,0.06502038966923425
864691135727846719,OPC,glia,train,1060,21,16,186,186,7,179,2,0,1.0,0.03763440860215054
864691135728030015,L4IT,excitatory,train,3353,515,460,1889,1889,149,1624,73,0,1.0,0.07887771307570143
864691135731679929,L3IT,excitatory,train,3978,291,242,4252,4252,344,3640,136,0,1.0,0.08090310442144873
864691135727961663,L4IT,excitatory,train,6396,1260,1095,2108,2108,47,1840,33,0,1.0,0.022296015180265655
864691135727907391,L2IT,excitatory,train,4210,349,326,1874,1874,87,1781,48,0,1.0,0.046424759871931696
864691135727925311,L2IT,excitatory,train,3376,214,196,2220,2220,70,2117,38,0,1.0,0.03153153153153153
864691135731889337,L3IT,excitatory,train,7201,1080,943,4092,4092,74,3602,38,0,1.0,0.018084066471163247
864691135731707065,L6CT,excitatory,test,2235,135,99,2424,2424,78,2135,49,0,1.0,0.03217821782178218
864691135739004292,L6CT,excitatory,train,2802,177,145,3302,3302,70,2936,46,0,1.0,0.021199273167777106
864691135738969220,L2IT,excitatory,test,5540,528,439,5467,5467,368,4855,139,0,1.0,0.06731296872141943
864691135739587697,L3IT,excitatory,train,5008,452,396,4249,4249,338,3750,166,0,1.0,0.0795481289715227
864691135739131780,NMC,inhibitory,train,14515,9892,5399,7118,7118,436,5756,223,0,1.0,0.06125316100028098
864691135738266500,L6CT,excitatory,test,2532,143,108,2010,2010,51,1845,33,0,1.0,0.025373134328358207
864691135739558513,microglia,glia,train,368,3,3,20,20,2,20,2,0,1.0,0.1
864691135741930603,L3IT,excitatory,test,3773,462,389,2215,2215,157,1989,95,0,1.0,0.0708803611738149
864691135741780116,L3IT,excitatory,test,3931,431,370,3694,3694,194,3269,104,0,1.0,0.05251759610178668
864691135741963627,L4IT,excitatory,train,3104,455,383,1633,1633,162,1443,75,0,1.0,0.09920391916717697
864691135741960340,PV,inhibitory,train,13120,3987,1865,13286,13286,340,10897,125,0,1.0,0.02559084750865573
864691135741659499,L4IT,excitatory,test,4284,553,471,3174,3174,17,2737,6,0,1.0,0.005356017643352237
864691135741684075,L3IT,excitatory,train,3454,450,391,2425,2425,13,2096,3,0,1.0,0.0053608247422680414
864691135741965931,L4IT,excitatory,train,3006,411,362,1777,1777,20,1542,9,0,1.0,0.011254924029262802
864691135750307881,L5ET,excitatory,train,5425,269,188,7884,7884,579,6544,204,0,1.0,0.07343987823439878
864691135750958889,L3IT,excitatory,train,4812,676,589,4847,4847,403,4070,170,0,1.0,0.08314421291520528
864691135750649129,L4IT,excitatory,train,6374,1340,1160,1333,1333,125,1077,47,0,1.0,0.09377344336084022
864691135751110185,L4IT,excitatory,train,3890,536,477,2999,2999,312,2518,135,0,1.0,0.10403467822607536
864691135753932237,L4IT,excitatory,train,4523,724,619,1438,1438,26,1303,9,0,1.0,0.01808066759388039
864691135757083346,L4IT,excitatory,train,4965,721,649,2349,2349,193,2070,110,0,1.0,0.08216262239250745
864691135757092306,L3IT,excitatory,train,5098,480,419,5160,5160,401,4596,194,0,1.0,0.07771317829457364
864691135763362102,L4IT,excitatory,train,2926,473,426,1936,1936,142,1726,77,0,1.0,0.07334710743801653
864691135763364662,L6CT,excitatory,train,1653,93,69,1764,1764,51,1589,37,0,1.0,0.02891156462585034
864691135760635214,L6CT,excitatory,train,2908,278,213,2231,2231,69,2040,52,0,1.0,0.030927835051546393
864691135764062006,L6CT,excitatory,train,1583,83,52,1909,1909,61,1728,41,0,1.0,0.03195390256678889
864691135764946742,L6IT,excitatory,train,3040,319,274,2540,2540,86,2223,51,0,1.0,0.03385826771653543
864691135774053371,L2IT,excitatory,train,4893,397,342,4808,4808,437,4103,158,0,1.0,0.09089018302828619
864691135773731403,L6IT,excitatory,train,5487,679,584,2405,2405,43,2138,24,0,1.0,0.01787941787941788
864691135773240571,L6CT,excitatory,test,4212,401,295,2619,2619,96,2314,56,0,1.0,0.03665521191294387
864691135773640699,L6CT,excitatory,train,2443,166,134,2252,2252,58,2059,33,0,1.0,0.02575488454706927
864691135773645899,astrocyte,glia,train,1906,105,91,102,102,12,91,3,0,1.0,0.11764705882352941
864691135773776459,L6IT,excitatory,test,3249,611,520,2431,2431,63,2059,25,0,1.0,0.025915261209378856
864691135778335328,L6CT,excitatory,train,2590,73,52,2311,2311,88,1935,37,0,1.0,0.038078753786239726
864691135777400237,L6IT,excitatory,test,5084,475,397,3484,3484,16,3152,4,0,1.0,0.004592422502870264
864691135777789357,L2IT,excitatory,test,4407,520,440,5729,5729,269,5119,147,0,1.0,0.04695409320998429
864691135778187360,L4IT,excitatory,train,5441,647,568,2401,2401,13,2147,5,0,1.0,0.005414410662224073
864691135778414176,L4IT,excitatory,train,4838,746,617,3761,3761,24,3104,7,0,1.0,0.006381281574049455
864691135778132576,L5IT,excitatory,train,7765,823,719,5587,5587,43,4978,18,0,1.0,0.0076964381600143185
864691135778331232,L6IT,excitatory,test,4665,456,393,3374,3374,124,2973,66,0,1.0,0.036751630112625965
864691135779049056,L5ET,excitatory,train,4157,313,238,6440,6440,465,5295,183,0,1.0,0.07220496894409938
864691135779305405,L6IT,excitatory,train,2815,346,273,2593,2593,58,2175,26,0,1.0,0.02236791361357501
864691135779020221,L4IT,excitatory,test,3409,425,369,1828,1828,48,1602,20,0,1.0,0.0262582056892779
864691135782544435,L5ET,excitatory,train,7832,1025,726,10074,10074,110,8362,22,0,1.0,0.010919197935278936
864691135782330192,L6CT,excitatory,train,1782,152,125,2701,2701,60,2419,35,0,1.0,0.022213994816734542
864691135802341986,L4IT,excitatory,train,3698,652,538,2691,2691,261,2170,98,0,1.0,0.09698996655518395
864691135809456669,L6IT,excitatory,test,6031,1010,859,2707,2707,78,2386,34,0,1.0,0.028814185445142224
864691135802215266,L6CT,excitatory,train,2503,240,196,2205,2205,66,2028,35,0,1.0,0.029931972789115645
864691135808925981,L6IT,excitatory,train,8203,1176,1051,3820,3820,139,3334,64,0,1.0,0.03638743455497382
864691135810492189,L4IT,excitatory,train,6936,976,884,2804,2804,273,2408,123,0,1.0,0.09736091298145506
864691135811335116,L6IT,excitatory,train,4028,420,367,2696,2696,87,2358,51,0,1.0,0.0322700296735905
864691135811658700,L5ET,excitatory,train,4490,245,152,8115,8115,511,6965,222,0,1.0,0.062969808995687
864691135810982860,L4IT,excitatory,train,6062,1266,1152,1871,1871,155,1545,68,0,1.0,0.08284339925173703
864691135810803660,L6CT,excitatory,test,1614,80,66,1783,1783,45,1606,30,0,1.0,0.025238362310712283
864691135811472076,microglia,glia,train,563,10,4,32,32,9,26,3,0,1.0,0.28125
864691135839843475,ITC,inhibitory,train,3546,421,266,5755,5755,241,5110,161,0,1.0,0.041876629018245
864691135839499155,L6CT,excitatory,train,2774,164,116,2549,2549,94,2245,57,0,1.0,0.036877206747744216
864691135840033171,NGC,inhibitory,train,6474,377,314,4632,4632,216,3875,138,0,1.0,0.046632124352331605
864691135839248787,L4IT,excitatory,train,3498,430,376,1282,1282,12,1174,5,0,1.0,0.0093603744149766
864691135853088967,L4IT,excitatory,train,4116,649,580,1733,1733,113,1534,64,0,1.0,0.06520484708597807
864691135849640798,L3IT,excitatory,train,4813,628,535,4249,4249,393,3481,144,0,1.0,0.09249235114144505
864691135852558279,L6CT,excitatory,test,3945,265,220,2354,2354,47,2160,35,0,1.0,0.019966015293118096
864691135850040926,astrocyte,glia,train,1725,94,74,193,193,28,175,13,0,1.0,0.14507772020725387
864691135858298670,L5IT,excitatory,train,8600,1182,1094,2792,2792,274,2382,125,0,1.0,0.09813753581661891
864691135864188286,L2IT,excitatory,train,2814,181,142,6731,6731,35,6054,9,0,1.0,0.005199821720398158
864691135861093992,L2IT,excitatory,train,4786,399,346,5630,5630,388,4992,159,0,1.0,0.06891651865008881
864691135860969064,L4IT,excitatory,train,6114,1212,1083,2262,2262,34,1922,21,0,1.0,0.015030946065428824
864691135864397694,OPC,glia,train,664,13,7,74,74,6,69,1,0,1.0,0.08108108108108109
864691135866427006,L5IT,excitatory,train,8847,876,743,6011,6011,301,5240,140,0,1.0,0.050074862751622026
864691135866751870,L5IT,excitatory,test,7450,911,822,2807,2807,164,2475,87,0,1.0,0.05842536515853224
864691135867532933,L6IT,excitatory,test,5191,674,559,2754,2754,58,2427,37,0,1.0,0.021060275962236745
864691135866537342,astrocyte,glia,train,1462,85,67,143,143,19,127,4,0,1.0,0.13286713286713286
864691135866910428,L6CT,excitatory,train,2504,177,141,1973,1973,62,1763,34,0,1.0,0.031424227065382664
864691135874782350,L2IT,excitatory,test,3988,502,421,3791,3791,379,3247,138,0,1.0,0.09997362173568979
864691135868916246,L4IT,excitatory,test,4172,530,467,1885,1885,71,1589,37,0,1.0,0.0376657824933687
864691135868415766,L5NP,excitatory,train,2925,313,261,870,870,48,783,28,0,1.0,0.05517241379310345
864691135878468435,L2IT,excitatory,train,4588,305,268,2964,2964,107,2793,68,0,1.0,0.03609986504723347
864691135877954899,L6IT,excitatory,train,4331,372,313,3937,3937,233,3456,113,0,1.0,0.05918211836423673
864691135878407251,PV,inhibitory,train,8983,1951,684,7490,7490,467,6168,187,0,1.0,0.0623497997329773
864691135878061395,L5IT,excitatory,test,4437,365,310,3424,3424,181,2990,91,0,1.0,0.05286214953271028
864691135877951571,L4IT,excitatory,train,3173,464,421,1388,1388,81,1229,45,0,1.0,0.058357348703170026
864691135877825107,L5IT,excitatory,test,3319,150,115,2963,2963,149,2702,81,0,1.0,0.05028687141410732
864691135885140848,L2IT,excitatory,test,4784,328,276,7020,7020,27,6316,12,0,1.0,0.0038461538461538464
864691135885921648,L3IT,excitatory,train,5652,481,406,5510,5510,389,4830,177,0,1.0,0.0705989110707804
864691135886221168,L2IT,excitatory,train,4915,387,327,4941,4941,45,4477,27,0,1.0,0.009107468123861567
864691135886132080,L4IT,excitatory,train,6902,856,762,2788,2788,209,2476,123,0,1.0,0.07496413199426112
864691135886314096,L4IT,excitatory,test,3592,568,487,1437,1437,199,1155,76,0,1.0,0.13848295059151008
864691135892202633,L2IT,excitatory,train,4611,257,227,2290,2290,92,2181,60,0,1.0,0.04017467248908297
864691135911276969,L4IT,excitatory,train,4401,532,452,1972,1972,20,1691,6,0,1.0,0.010141987829614604
864691135915343462,L4IT,excitatory,train,6249,1094,949,2006,2006,10,1783,5,0,1.0,0.004985044865403789
864691135928366606,L2IT,excitatory,test,4013,377,325,4844,4844,281,4327,117,0,1.0,0.05800990916597853
864691135920800688,L4IT,excitatory,test,3844,684,601,1671,1671,193,1414,77,0,1.0,0.11549970077797726
864691135920851376,ITC,inhibitory,train,3330,936,765,3298,3298,136,3097,65,0,1.0,0.041237113402061855
864691135928151310,L6CT,excitatory,train,3173,191,144,2933,2933,87,2620,59,0,1.0,0.029662461643368564
864691135927494158,L3IT,excitatory,train,3686,300,262,3375,3375,44,2971,30,0,1.0,0.013037037037037036
864691135927381774,L2IT,excitatory,train,3555,384,335,2299,2299,34,2047,22,0,1.0,0.01478903871248369
864691135928029966,thalamocortical,excitatory,train,9203,3196,2273,78,78,39,40,1,0,1.0,0.5
864691135939017525,L4IT,excitatory,train,3699,509,425,3694,3694,304,3095,114,0,1.0,0.08229561451001624
864691135939049988,L3IT,excitatory,train,3551,371,310,2568,2568,229,2174,98,0,1.0,0.08917445482866043
864691135939114293,L6CT,excitatory,train,1346,54,32,1826,1826,51,1595,16,0,1.0,0.02792990142387733
864691135940881830,MC,inhibitory,train,3679,1684,1030,7338,7338,257,6370,132,0,1.0,0.03502316707549741
864691135941293057,L6CT,excitatory,train,2866,228,168,1888,1888,52,1730,29,0,1.0,0.02754237288135593
864691135939776309,MC,inhibitory,train,13925,9319,4049,10214,10214,755,8450,322,0,1.0,0.0739181515566869
864691135939925813,L6CT,excitatory,train,3804,230,186,1819,1819,49,1616,20,0,1.0,0.026937877954920284
864691135941368742,astrocyte,glia,train,1725,44,39,144,144,10,138,5,0,1.0,0.06944444444444445
864691135941371046,astrocyte,glia,train,1765,65,52,157,157,19,143,7,0,1.0,0.12101910828025478
864691135947258916,L2IT,excitatory,train,4820,440,386,4250,4250,262,3856,118,0,1.0,0.06164705882352941
864691135943593332,L2IT,excitatory,train,4037,179,159,2212,2212,103,2117,73,0,1.0,0.04656419529837252
864691135946676260,L2IT,excitatory,train,3614,183,152,5216,5216,24,4708,8,0,1.0,0.004601226993865031
864691135947876644,L6CT,excitatory,train,2340,132,91,2552,2552,76,2297,54,0,1.0,0.029780564263322883
864691135947629348,L4IT,excitatory,train,4426,648,587,1471,1471,25,1331,17,0,1.0,0.01699524133242692
864691135955262472,L4IT,excitatory,train,4301,528,459,2872,2872,302,2416,117,0,1.0,0.10515320334261838
864691135954640675,L2IT,excitatory,train,6987,597,541,3801,3801,211,3528,123,0,1.0,0.055511707445409106
864691135954680867,L4IT,excitatory,train,8048,1664,1500,2584,2584,286,2171,116,0,1.0,0.11068111455108359
864691135955477512,L6IT,excitatory,train,4452,492,432,2143,2143,60,1912,32,0,1.0,0.027998133457769483
864691135955060232,L6CT,excitatory,train,3016,291,211,2327,2327,14,2091,5,0,1.0,0.006016330038676407
864691135955877896,L2IT,excitatory,train,4091,176,158,2877,2877,116,2690,79,0,1.0,0.04031977754605492
864691135954701347,astrocyte,glia,train,1565,53,43,101,101,16,91,6,0,1.0,0.15841584158415842
864691135955962888,L5ET,excitatory,train,3375,196,140,4526,4526,243,3972,134,0,1.0,0.05368979231109147
864691135969582181,MC,inhibitory,train,3864,939,733,5104,5104,127,4643,90,0,1.0,0.024882445141065832
864691135970226021,L2IT,excitatory,train,4671,474,362,4267,4267,281,3773,113,0,1.0,0.06585423013827045
864691135970293349,L6CT,excitatory,train,2130,176,136,2619,2619,67,2397,46,0,1.0,0.025582283314242078
864691135955909640,L4IT,excitatory,train,4019,387,331,1906,1906,154,1670,78,0,1.0,0.080797481636936
864691135970206821,L2IT,excitatory,train,6169,629,531,4982,4982,37,4466,10,0,1.0,0.0074267362505018066
864691135970292837,L6CT,excitatory,train,2162,141,101,1848,1848,55,1563,16,0,1.0,0.02976190476190476
864691135970180709,L2IT,excitatory,train,4395,243,217,2339,2339,48,2231,34,0,1.0,0.020521590423257803
864691135977010031,L4IT,excitatory,train,6522,825,745,3094,3094,241,2721,130,0,1.0,0.07789269553975436
864691135976979567,L2IT,excitatory,train,5500,360,327,3448,3448,135,3231,67,0,1.0,0.03915313225058004
864691135977801539,L3IT,excitatory,train,8337,1431,1246,3477,3477,61,2994,34,0,1.0,0.017543859649122806
864691135994134977,L4IT,excitatory,train,6811,940,866,3458,3458,228,3056,127,0,1.0,0.06593406593406594
864691135993185985,PV,inhibitory,train,8465,2240,755,5644,5644,386,4597,159,0,1.0,0.06839121190644933
864691135994158785,DTC,inhibitory,train,7897,2906,1533,8163,8163,296,7228,197,0,1.0,0.03626117848830087
864691135993274305,L6CT,excitatory,train,3453,224,187,2753,2753,78,2512,54,0,1.0,0.028332727933163823
864691135994077377,L6CT,excitatory,train,2229,142,115,2168,2168,72,2005,52,0,1.0,0.033210332103321034
864691136005322698,PV,inhibitory,train,7390,1957,939,7564,7564,513,6639,232,0,1.0,0.06782125859333686
864691135997332650,L3IT,excitatory,train,5282,400,363,3842,3842,274,3468,141,0,1.0,0.07131702238417491
864691135996158378,L4IT,excitatory,train,3633,569,511,1530,1530,15,1348,8,0,1.0,0.00980392156862745
864691136012173475,ITCperi,inhibitory,train,3199,987,587,1647,1647,108,1508,72,0,1.0,0.06557377049180328
864691136021865976,L3IT,excitatory,train,4687,577,479,3186,3186,258,2788,126,0,1.0,0.08097928436911488
864691136021997560,L6CT,excitatory,test,2720,221,172,2493,2493,69,2194,49,0,1.0,0.027677496991576414
864691136012739747,L4IT,excitatory,train,2664,423,347,1197,1197,155,1005,65,0,1.0,0.12949039264828738
864691136013367715,L3IT,excitatory,test,12852,2626,2281,5868,5868,190,5068,95,0,1.0,0.03237900477164281
864691136013554851,L4IT,excitatory,test,4983,725,657,1961,1961,139,1696,61,0,1.0,0.07088220295767465
864691136013161891,L6IT,excitatory,train,3328,246,202,2378,2378,48,2136,29,0,1.0,0.020185029436501262
864691136025913913,L1,inhibitory,train,5892,3152,1540,5815,5815,146,5237,72,0,1.0,0.025107480653482374
864691136022090744,L3IT,excitatory,train,5079,473,367,4459,4459,358,3804,131,0,1.0,0.08028705987889662
864691136025333561,L4IT,excitatory,train,6451,1156,1015,2768,2768,272,2432,133,0,1.0,0.09826589595375723
864691136023980601,L5IT,excitatory,train,7938,832,720,4845,4845,33,4131,11,0,1.0,0.006811145510835914
864691136023889209,L4IT,excitatory,train,5551,1090,961,1205,1205,132,1027,64,0,1.0,0.10954356846473029
864691136022214648,L4IT,excitatory,train,4967,660,602,1726,1726,13,1516,9,0,1.0,0.007531865585168019
864691136025624889,L6CT,excitatory,train,2297,70,52,2597,2597,73,2349,37,0,1.0,0.0281093569503273
864691136034412219,MC,inhibitory,train,7203,3341,2002,6454,6454,992,5376,424,0,1.0,0.15370312984195847
864691136034433723,MC,inhibitory,train,4390,1659,988,7738,7738,636,6296,252,0,1.0,0.0821917808219178
864691136033989051,astrocyte,glia,train,2299,58,46,115,115,20,104,10,0,1.0,0.17391304347826086
864691136033871035,thalamocortical,excitatory,train,14153,5582,4265,98,97,39,61,3,1,0.9897959183673469,0.3979591836734694
864691136043508822,L3IT,excitatory,test,4739,350,294,6523,6523,417,5760,200,0,1.0,0.06392764065613982
864691136043380566,L2IT,excitatory,train,4127,296,271,2761,2761,195,2557,95,0,1.0,0.07062658457080769
864691136041575422,L3IT,excitatory,train,4540,466,424,3804,3804,289,3416,143,0,1.0,0.0759726603575184
864691136042982742,L2IT,excitatory,train,6419,483,433,3860,3860,179,3558,100,0,1.0,0.046373056994818654
864691136042515798,L6IT,excitatory,test,3383,303,264,2472,2472,55,2173,31,0,1.0,0.022249190938511326
864691136042688854,L6CT,excitatory,train,3480,202,166,2955,2955,52,2624,34,0,1.0,0.017597292724196276
864691136066069400,L2IT,excitatory,test,4350,250,212,4925,4925,25,4571,11,0,1.0,0.005076142131979695
864691136058745048,L4IT,excitatory,train,10064,1982,1795,3955,3955,383,3335,155,0,1.0,0.09683944374209862
864691136058646488,L2IT,excitatory,train,4967,325,271,4842,4842,334,4352,133,0,1.0,0.06897976042957456
864691136058804696,ITC,inhibitory,train,2586,337,141,2771,2771,189,2283,106,0,1.0,0.06820642367376398
864691136067382936,L4IT,excitatory,train,3314,524,437,1772,1772,197,1426,86,0,1.0,0.11117381489841986
864691136066631832,L3IT,excitatory,test,5153,648,567,3370,3370,13,3058,2,0,1.0,0.003857566765578635
864691136091634487,L2IT,excitatory,train,4389,314,271,3572,3572,271,3229,141,0,1.0,0.07586786114221725
864691136093003700,L5IT,excitatory,train,12204,2096,1847,3207,3207,222,2806,125,0,1.0,0.06922357343311505
864691136102207349,ITC,inhibitory,train,2911,377,197,3072,3072,186,2785,115,0,1.0,0.060546875
864691136101340021,L4IT,excitatory,train,3213,385,342,2079,2079,141,1838,78,0,1.0,0.06782106782106782
864691136101341045,L4IT,excitatory,train,4918,738,631,2900,2900,316,2398,116,0,1.0,0.10896551724137932
864691136108938168,L2IT,excitatory,train,8574,1163,1005,6662,6662,28,5976,15,0,1.0,0.004202942059441609
864691136108378073,L4IT,excitatory,train,3516,427,374,1508,1508,162,1310,69,0,1.0,0.10742705570291777
864691136110366904,L4IT,excitatory,train,3608,301,283,2719,2719,75,2364,49,0,1.0,0.027583670467083488
864691136110256824,L2IT,excitatory,test,4966,284,262,4530,4530,98,4176,51,0,1.0,0.02163355408388521
864691136108370905,ITC,inhibitory,train,5057,925,475,3563,3563,144,3248,96,0,1.0,0.04041538029750211
864691136110765496,MC,inhibitory,train,6020,2214,1520,2502,2502,158,2215,83,0,1.0,0.06314948041566747
864691136107964377,L6CT,excitatory,train,2334,200,167,1490,1490,29,1376,13,0,1.0,0.019463087248322148
864691136117770660,L2IT,excitatory,train,6864,907,772,6266,6266,47,5404,26,0,1.0,0.007500797957229493
864691136111294392,L4IT,excitatory,test,5059,651,572,3803,3803,310,3218,139,0,1.0,0.0815145937417828
864691136111559352,L2IT,excitatory,train,5208,404,324,4236,4236,228,3890,110,0,1.0,0.053824362606232294
864691136111556792,L4IT,excitatory,train,4827,918,804,1670,1670,167,1432,72,0,1.0,0.1
864691136111478968,L6CT,excitatory,train,2723,211,178,2247,2247,99,2020,61,0,1.0,0.044058744993324434
864691136118771108,L5IT,excitatory,test,7174,1016,937,3039,3039,208,2673,113,0,1.0,0.06844356696281671
864691136118686884,L3IT,excitatory,train,2991,415,369,2474,2474,203,2123,95,0,1.0,0.082053354890865
864691136118618136,L3IT,excitatory,train,3494,278,251,3001,3001,7,2766,4,0,1.0,0.0023325558147284237
864691136123919654,PV,inhibitory,train,13771,5054,2342,9932,9932,280,8515,137,0,1.0,0.028191703584373742
864691136118921124,L4IT,excitatory,train,3853,420,361,3293,3293,289,2744,113,0,1.0,0.08776191922259338
864691136120658712,L2IT,excitatory,train,7374,1095,965,4782,4782,224,4197,109,0,1.0,0.04684232538686742
864691136118878116,MC,inhibitory,test,11186,9557,4968,8733,8733,993,6948,459,0,1.0,0.11370663002404673
864691136119885080,L3IT,excitatory,train,7337,782,709,3888,3888,76,3440,51,0,1.0,0.01954732510288066
864691136120159768,L4IT,excitatory,train,2766,398,334,1683,1683,131,1369,48,0,1.0,0.0778371954842543
864691136120663064,L2IT,excitatory,train,4422,229,195,4451,4451,26,4114,15,0,1.0,0.005841383958660975
864691136134678667,L6CT,excitatory,train,2951,203,119,2436,2436,52,2216,33,0,1.0,0.021346469622331693
864691136135963787,L3IT,excitatory,train,5069,388,311,4265,4265,36,3713,19,0,1.0,0.008440797186400938
864691136125840678,L6CT,excitatory,train,4630,355,209,3853,3853,143,3335,73,0,1.0,0.0371139371917986
864691136211385020,L3IT,excitatory,train,4652,664,579,2988,2988,235,2604,115,0,1.0,0.07864792503346721
864691136227297105,DTC,inhibitory,train,4247,1160,819,5759,5759,152,5157,88,0,1.0,0.02639347108873068
864691136210975676,L4IT,excitatory,train,7086,1316,1145,2282,2282,21,1944,9,0,1.0,0.009202453987730062
864691136211175612,L6CT,excitatory,test,2944,283,245,1791,1791,90,1618,57,0,1.0,0.05025125628140704
864691136228491601,L3IT,excitatory,test,3169,366,301,3290,3290,305,2703,105,0,1.0,0.09270516717325228
864691136229186129,L2IT,excitatory,train,7389,917,832,5264,5264,359,4706,147,0,1.0,0.06819908814589666
864691136229366097,PV,inhibitory,train,6377,2907,1086,3768,3768,336,3038,167,0,1.0,0.08917197452229299
864691136229363025,L4IT,excitatory,test,3766,790,583,1253,1253,168,990,62,0,1.0,0.1340782122905028
864691136228250961,L5ET,excitatory,train,4491,240,167,6906,6906,436,5889,182,0,1.0,0.06313350709527947
864691136228367697,L5IT,excitatory,test,5249,409,366,3689,3689,12,3265,2,0,1.0,0.003252914068853348
864691136274695358,L6IT,excitatory,train,3966,453,381,2475,2475,128,2160,73,0,1.0,0.05171717171717172
864691136274655166,L4IT,excitatory,train,4814,835,708,3166,3166,218,2751,112,0,1.0,0.06885660138976626
864691136268801268,L2IT,excitatory,train,4723,332,268,5281,5281,293,4662,121,0,1.0,0.05548191630373035
864691136274546622,L4IT,excitatory,train,4420,784,699,2142,2142,24,1890,10,0,1.0,0.011204481792717087
864691136273494206,L2IT,excitatory,train,4697,242,217,4874,4874,19,4358,12,0,1.0,0.0038982355354944603
864691136268671476,microglia,glia,train,433,9,3,25,25,8,19,2,0,1.0,0.32
864691136299034139,L4IT,excitatory,train,3047,318,281,2462,2462,201,2153,102,0,1.0,0.08164094232331438
864691136298913563,MC,inhibitory,train,9712,5688,2859,8170,8170,490,6980,251,0,1.0,0.05997552019583843
864691136298624539,L4IT,excitatory,train,4470,759,705,1934,1934,155,1714,86,0,1.0,0.08014477766287487
864691136298111003,L4IT,excitatory,test,6060,820,687,3736,3736,23,2989,6,0,1.0,0.006156316916488222
864691136309871706,L2IT,excitatory,train,7261,940,800,6288,6288,47,5573,20,0,1.0,0.007474554707379135
864691136298097435,astrocyte,glia,train,2068,64,47,148,148,27,129,10,0,1.0,0.18243243243243243
864691136314078013,L1,inhibitory,train,11629,6347,4369,5891,5891,218,5480,100,0,1.0,0.03700560176540486
864691136313301565,L5IT,excitatory,train,5562,518,456,2241,2241,202,1919,111,0,1.0,0.09013833110218653
864691136331214058,L2IT,excitatory,test,4446,471,376,5150,5150,470,4322,157,0,1.0,0.0912621359223301
864691136335213235,L6CT,excitatory,train,3654,381,297,2016,2016,62,1804,42,0,1.0,0.030753968253968252
864691136331247338,L2IT,excitatory,train,5253,472,412,2735,2735,185,2522,104,0,1.0,0.06764168190127971
864691136335689907,L4IT,excitatory,train,4667,869,762,1378,1378,35,1225,27,0,1.0,0.02539912917271408
864691136364308962,L2IT,excitatory,train,3992,205,182,3455,3455,177,3138,85,0,1.0,0.0512301013024602
864691136364166370,ITC,inhibitory,test,5755,1395,960,2493,2493,122,2320,67,0,1.0,0.048937023666265546
864691136372630152,L6IT,excitatory,train,4805,758,655,2311,2311,57,1907,15,0,1.0,0.024664647338814367
864691136364183266,PV,inhibitory,train,11481,2741,1641,6285,6285,265,5429,141,0,1.0,0.042163882259347654
864691136364362466,L3IT,excitatory,test,5555,590,508,3808,3808,256,3330,100,0,1.0,0.06722689075630252
864691136372047496,L4IT,excitatory,train,3509,313,271,1667,1667,24,1425,12,0,1.0,0.014397120575884824
864691136363473634,L4IT,excitatory,train,4601,876,804,2335,2335,21,2041,16,0,1.0,0.008993576017130621
864691136380816597,L4IT,excitatory,train,6767,1203,1116,2770,2770,254,2327,104,0,1.0,0.09169675090252707
864691136381324501,PV,inhibitory,train,19000,6744,3190,13377,13377,605,11828,269,0,1.0,0.045226881961575836
864691136380757461,L5IT,excitatory,train,8115,932,866,3761,3761,273,3310,148,0,1.0,0.07258707790481254
864691136381224149,L2IT,excitatory,train,4652,299,254,3209,3209,111,3018,65,0,1.0,0.034590215020255534
864691136380400341,L6CT,excitatory,test,1897,128,91,1727,1727,43,1565,28,0,1.0,0.024898668210770122
864691136392806271,PV,inhibitory,train,12092,4979,2352,7172,7172,537,5758,261,0,1.0,0.0748745119910764
864691136392785279,L4IT,excitatory,train,4720,371,331,2059,2059,213,1803,105,0,1.0,0.10344827586206896
864691136392622207,PV,inhibitory,train,8389,1937,766,4876,4876,242,3926,98,0,1.0,0.04963084495488105
864691136392682879,PV,inhibitory,train,15751,4549,1848,7299,7299,441,6218,206,0,1.0,0.06041923551171394
864691136392355711,L6CT,excitatory,train,2147,185,139,2163,2163,65,1911,47,0,1.0,0.03005085529357374
864691136420303511,L4IT,excitatory,train,3241,422,382,1896,1896,86,1676,54,0,1.0,0.04535864978902954
864691136424990255,L6IT,excitatory,train,5998,799,678,3129,3129,103,2707,48,0,1.0,0.03291786513263023
864691136424439855,L4IT,excitatory,test,4211,601,552,2019,2019,116,1765,66,0,1.0,0.05745418524021793
864691136424640047,L6CT,excitatory,train,3526,260,203,3142,3142,124,2780,77,0,1.0,0.03946530872056015
864691136420279191,L2IT,excitatory,test,3474,266,237,2715,2715,114,2485,54,0,1.0,0.041988950276243095
864691136421279639,L2IT,excitatory,test,4316,441,361,4177,4177,361,3469,124,0,1.0,0.08642566435240603
864691136420378007,L5ET,excitatory,train,5300,140,81,8531,8531,141,7555,67,0,1.0,0.016527956863204782
864691136421324951,L4IT,excitatory,train,6574,1062,892,2303,2303,173,2005,86,0,1.0,0.07511940946591403
864691136438717086,L4IT,excitatory,train,5676,657,607,2737,2737,187,2398,93,0,1.0,0.06832298136645963
864691136445215875,L2IT,excitatory,test,7463,1342,1065,4948,4948,344,4313,112,0,1.0,0.06952303961196443
864691136446104451,ITC,inhibitory,train,2283,339,198,2740,2740,158,2456,64,0,1.0,0.05766423357664233
864691136445249923,L2IT,excitatory,train,5672,520,455,3700,3700,25,3381,12,0,1.0,0.006756756756756757
864691136453384959,L3IT,excitatory,train,4379,424,383,4826,4826,283,4274,143,0,1.0,0.05864069622876088
864691136484876588,MC,inhibitory,train,4619,1511,1137,3185,3185,213,2727,117,0,1.0,0.06687598116169545
864691136484732972,L4IT,excitatory,test,6278,985,915,1909,1909,156,1635,80,0,1.0,0.08171817705605029
864691136484824108,AltBasket,inhibitory,train,4660,1374,1016,2776,2776,22,2363,8,0,1.0,0.00792507204610951
864691136523033233,L6CT,excitatory,train,2216,96,75,2146,2146,70,1960,49,0,1.0,0.032618825722273995
864691136489147922,L4IT,excitatory,train,4399,646,587,1955,1955,182,1707,102,0,1.0,0.09309462915601023
864691136521831825,L5IT,excitatory,train,11267,1909,1685,2409,2409,43,2113,10,0,1.0,0.0178497301784973
864691136489157394,astrocyte,glia,train,1838,58,43,131,131,23,117,11,0,1.0,0.17557251908396945
864691136579358228,L6CT,excitatory,train,3090,278,213,2000,2000,100,1774,69,0,1.0,0.05
864691136524282001,NGC,inhibitory,train,5741,474,418,3716,3716,110,3376,83,0,1.0,0.029601722282023683
864691136524172689,L2IT,excitatory,train,4048,276,260,2763,2763,146,2609,95,0,1.0,0.05284111473036555
864691136579129876,L4IT,excitatory,train,3238,493,422,1510,1510,151,1310,75,0,1.0,0.1
864691136579193108,L6CT,excitatory,train,3199,406,329,2059,2059,54,1876,33,0,1.0,0.026226323457989316
864691136578820884,L5ET,excitatory,test,7957,399,264,12721,12721,179,10888,33,0,1.0,0.014071220815973586
864691136596815778,L2IT,excitatory,train,4284,132,111,7417,7417,36,6626,14,0,1.0,0.0048537144398004585
864691136603935441,PV,inhibitory,test,16121,8381,3321,10459,10459,528,8149,223,0,1.0,0.050482837747394586
864691136604001745,L3IT,excitatory,test,3872,269,228,4102,4102,202,3747,103,0,1.0,0.0492442710872745
864691136603171281,L4IT,excitatory,test,4514,833,618,2979,2979,13,2399,5,0,1.0,0.00436388049681101
864691136664950750,L2IT,excitatory,train,4061,390,351,4335,4335,291,3907,110,0,1.0,0.0671280276816609
864691136663528670,L3IT,excitatory,train,5221,492,431,2734,2734,9,2431,7,0,1.0,0.0032918800292611556
864691136742623580,L6IT,excitatory,train,3830,446,333,2471,2471,86,2139,31,0,1.0,0.03480372318899231
864691136725093373,L4IT,excitatory,train,3920,596,520,1776,1776,20,1586,10,0,1.0,0.01126126126126126
864691136725353725,L6CT,excitatory,train,2874,281,237,2448,2448,71,2156,37,0,1.0,0.02900326797385621
864691136725343485,L4IT,excitatory,train,3408,326,283,2537,2537,33,2245,11,0,1.0,0.0130074891604257
864691136742372956,L6CT,excitatory,train,1910,131,95,2386,2386,75,2077,32,0,1.0,0.03143336127409891
864691136725397501,astrocyte,glia,train,1435,67,49,231,231,27,205,9,0,1.0,0.11688311688311688
864691136814508659,L4IT,excitatory,train,3743,536,473,1993,1993,254,1617,83,0,1.0,0.12744606121424987
864691136814655859,L4IT,excitatory,train,5347,804,724,2071,2071,212,1758,89,0,1.0,0.10236600676001932
864691136814627955,L4IT,excitatory,train,4385,633,568,2461,2461,215,2100,89,0,1.0,0.08736286062576189
864691136903387826,DTC,inhibitory,train,5191,1472,811,6317,6317,155,5382,72,0,1.0,0.02453696374861485
864691136903144370,L6IT,excitatory,train,5629,1019,833,3044,3044,35,2700,16,0,1.0,0.011498028909329829
864691136903681458,L2IT,excitatory,train,2635,58,50,5087,5087,23,4590,16,0,1.0,0.004521328877530961
864691136913691121,L6CT,excitatory,test,2501,217,164,3012,3012,75,2680,46,0,1.0,0.0249003984063745
864691136914541041,L4IT,excitatory,train,4189,526,475,2440,2440,217,2004,89,0,1.0,0.0889344262295082
864691136913993713,L4IT,excitatory,train,5180,1016,872,1971,1971,227,1515,80,0,1.0,0.11516996448503297
864691136913135089,PV,inhibitory,test,4881,1249,646,3351,3351,149,2573,28,0,1.0,0.0444643390032826
864691136914414321,L2IT,excitatory,train,8751,1320,1121,5866,5866,473,5061,184,0,1.0,0.08063416297306512
864691136906067890,L3IT,excitatory,train,5010,354,310,3360,3360,259,2955,109,0,1.0,0.07708333333333334
864691136927176778,L5IT,excitatory,train,5952,533,469,2836,2836,147,2544,65,0,1.0,0.05183356840620593
864691136925601354,L3IT,excitatory,train,4880,631,579,2487,2487,13,2259,5,0,1.0,0.005227181342983514
864691136925029092,L4IT,excitatory,train,3734,621,566,2411,2411,14,2061,6,0,1.0,0.005806719203649938
864691136926764362,L6CT,excitatory,train,1724,101,76,1936,1936,53,1755,29,0,1.0,0.02737603305785124
864691136967869902,L6CT,excitatory,train,2554,147,100,2176,2176,65,1979,47,0,1.0,0.029871323529411766
864691136967703758,L4IT,excitatory,train,5235,1015,879,3196,3196,108,2784,53,0,1.0,0.03379224030037547
864691136954023903,L2IT,excitatory,test,5322,581,468,4522,4522,58,4078,40,0,1.0,0.012826183104820876
864691136953976287,PV,inhibitory,train,8502,2396,1304,5247,5247,199,4790,126,0,1.0,0.03792643415284925
864691136975144988,L3IT,excitatory,train,4027,370,308,3622,3622,204,3214,108,0,1.0,0.05632247377139702
864691136991166101,L5ET,excitatory,train,3561,82,50,4463,4463,42,3916,11,0,1.0,0.009410710284561953
864691137199765313,L5IT,excitatory,train,9431,1284,1138,3580,3580,233,3141,119,0,1.0,0.06508379888268156
864691137199828801,L5IT,excitatory,train,3962,402,363,2097,2097,128,1803,72,0,1.0,0.06103958035288507
864691134886569210,L4IT,excitatory,train,3065,435,391,1845,1845,44,1631,30,0,1.0,0.023848238482384824
864691134887026938,L4IT,excitatory,train,4756,778,682,3341,3341,186,2720,93,0,1.0,0.05567195450463933
864691134886792442,MC,inhibitory,train,2049,212,167,1154,1154,59,1045,38,0,1.0,0.0511265164644714
864691134886828794,L2IT,excitatory,train,3477,75,65,6255,6255,22,5790,11,0,1.0,0.0035171862509992004
864691134886499066,L4IT,excitatory,train,4762,875,778,2879,2879,30,2466,22,0,1.0,0.010420284821118444
864691134887239162,astrocyte,glia,train,2317,70,56,172,172,12,159,3,0,1.0,0.06976744186046512
864691134800773453,oligo,glia,train,346,3,2,12,12,2,11,1,0,1.0,0.16666666666666666
864691134941824611,L4IT,excitatory,train,3359,407,375,3319,3319,275,2852,124,0,1.0,0.08285628201265441
864691134919972106,L2IT,excitatory,train,3914,316,259,5153,5153,274,4637,129,0,1.0,0.05317290898505725
864691134942468707,L3IT,excitatory,train,5582,518,408,6532,6532,428,5786,182,0,1.0,0.065523576240049
864691134941063523,L5ET,excitatory,train,4541,190,119,6380,6380,545,5375,242,0,1.0,0.08542319749216301
864691134942595939,PV,inhibitory,train,10244,3347,1411,6181,6181,286,5373,154,0,1.0,0.046270829962789195
864691134942169955,L3IT,excitatory,train,8135,1083,926,3326,3326,169,2799,64,0,1.0,0.050811785929043896
864691134966025503,L4IT,excitatory,train,2771,315,281,1169,1169,96,1055,60,0,1.0,0.08212147134302823
864691134966324767,L4IT,excitatory,train,3814,304,288,3062,3062,209,2715,116,0,1.0,0.0682560418027433
864691134989865338,L2IT,excitatory,train,6113,741,635,4380,4380,106,3646,56,0,1.0,0.024200913242009132
864691134966621471,MC,inhibitory,train,9897,5542,3444,5080,5080,328,4354,192,0,1.0,0.06456692913385827
864691134966710559,L4IT,excitatory,test,4976,856,761,1979,1979,227,1627,88,0,1.0,0.1147043961596766
864691134966114591,L3IT,excitatory,train,4996,563,491,3612,3612,159,3266,90,0,1.0,0.04401993355481727
864691134966069023,L4IT,excitatory,test,4022,605,545,2075,2075,50,1792,32,0,1.0,0.024096385542168676
864691134965778719,L2IT,excitatory,train,5345,607,511,4060,4060,24,3606,18,0,1.0,0.005911330049261084
864691135014276342,PV,inhibitory,train,13448,3615,1449,8872,8872,137,7705,41,0,1.0,0.015441839495040577
864691135014258070,PV,inhibitory,train,11308,2566,974,8011,8011,143,6850,37,0,1.0,0.017850455623517662
864691135015048342,L6IT,excitatory,train,2865,245,189,3310,3310,64,2815,21,0,1.0,0.01933534743202417
864691135015154934,L4IT,excitatory,test,4266,591,524,2015,2015,133,1768,69,0,1.0,0.06600496277915632
864691135014966262,L6IT,excitatory,train,5777,613,535,2893,2893,193,2536,97,0,1.0,0.06671275492568268
864691135014600950,L5NP,excitatory,train,4504,661,557,1186,1186,72,1101,37,0,1.0,0.06070826306913996
864691135066958404,L4IT,excitatory,train,5137,714,639,2263,2263,147,1837,64,0,1.0,0.06495802032699956
864691135060768923,ITC,inhibitory,test,2768,241,176,2814,2814,171,2571,123,0,1.0,0.060767590618336885
864691135060869787,L4IT,excitatory,train,4009,666,594,1945,1945,170,1693,84,0,1.0,0.08740359897172237
864691135066892868,L2IT,excitatory,train,6077,732,613,6310,6310,287,5475,119,0,1.0,0.04548335974643423
864691135067066948,L4IT,excitatory,test,4301,629,552,2718,2718,92,2336,43,0,1.0,0.03384841795437822
864691135101824288,L6CT,excitatory,train,3117,193,165,2272,2272,41,2072,28,0,1.0,0.018045774647887324
864691135105879117,L5ET,excitatory,test,6559,412,259,13484,13484,872,10622,255,0,1.0,0.06466923761495105
864691135102381856,L3IT,excitatory,train,6923,818,688,4736,4736,325,4220,136,0,1.0,0.06862331081081081
864691135102353696,L2IT,excitatory,train,3954,282,218,2973,2973,155,2731,60,0,1.0,0.052135889673730236
864691135102351392,L4IT,excitatory,train,2332,200,178,1337,1337,122,1181,62,0,1.0,0.0912490650710546
864691135102390816,L5IT,excitatory,train,5880,433,369,3027,3027,169,2729,87,0,1.0,0.05583085563263958
864691135102434592,L3IT,excitatory,train,4344,368,319,3318,3318,167,2975,88,0,1.0,0.050331525015069316
864691135119630813,ITCperi,inhibitory,train,3879,545,398,3094,3094,120,2908,63,0,1.0,0.03878474466709761
864691135119636189,PV,inhibitory,test,9535,2544,1028,5733,5733,440,4664,172,0,1.0,0.0767486481772196
864691135123833127,L6CT,excitatory,train,3247,404,341,2524,2524,75,2281,50,0,1.0,0.029714738510301108
864691135122469671,L2IT,excitatory,train,3706,118,94,7085,7085,29,6380,7,0,1.0,0.004093154551870148
864691135117980637,L5IT,excitatory,train,4866,406,363,3683,3683,21,3124,10,0,1.0,0.005701873472712463
864691135118918109,MC,inhibitory,train,6503,2178,1421,4562,4562,22,4061,8,0,1.0,0.004822446295484437
864691135119409885,L6CT,excitatory,train,1957,175,150,1019,1019,20,884,7,0,1.0,0.019627085377821395
864691135119709149,L3IT,excitatory,train,7157,1708,1490,2690,2690,127,2298,64,0,1.0,0.04721189591078067
864691135132887456,L1,inhibitory,train,2276,557,461,2729,2729,110,2513,45,0,1.0,0.04030780505679736
864691135124603687,L4IT,excitatory,train,4513,699,628,2517,2517,242,2133,94,0,1.0,0.09614620580055622
864691135133991072,L6CT,excitatory,train,1333,52,39,1885,1885,66,1724,47,0,1.0,0.0350132625994695
864691135124209447,L6IT,excitatory,train,5170,657,553,2567,2567,89,2217,48,0,1.0,0.03467082197117258
864691135157210468,L4IT,excitatory,train,5714,1115,887,3342,3342,332,2646,116,0,1.0,0.09934171154997008
864691135137299481,L4IT,excitatory,train,4043,838,756,1371,1371,106,1206,57,0,1.0,0.07731582786287382
864691135162908461,L6IT,excitatory,train,4389,430,381,2701,2701,11,2323,4,0,1.0,0.004072565716401333
864691135196475434,NMC,inhibitory,train,11324,9057,4084,8446,8446,597,7175,318,0,1.0,0.07068434762017523
864691135196592938,L4IT,excitatory,test,4289,504,433,2337,2337,207,2008,91,0,1.0,0.08857509627727857
864691135196385578,L4IT,excitatory,test,6070,1236,1029,3259,3259,363,2673,125,0,1.0,0.11138386007977907
864691135209369465,L4IT,excitatory,train,6759,1063,950,3123,3123,104,2745,59,0,1.0,0.03330131284021774
864691135195825450,L3IT,excitatory,train,4160,464,391,3734,3734,71,3104,33,0,1.0,0.019014461703267274
864691135214246528,AltDTC,inhibitory,train,3891,769,571,1976,1976,79,1668,40,0,1.0,0.039979757085020245
864691135211756736,L6CT,excitatory,test,1766,143,114,1922,1922,52,1722,33,0,1.0,0.027055150884495317
864691135212086720,L6CT,excitatory,train,2444,132,93,2460,2460,73,2193,37,0,1.0,0.02967479674796748
864691135212492992,L6IT,excitatory,test,2925,388,326,2171,2171,49,1906,26,0,1.0,0.022570244127130355
864691135212863360,MC,inhibitory,train,17728,8136,3661,6389,6389,48,5196,20,0,1.0,0.007512912818907497
864691135257638575,L3IT,excitatory,test,4561,299,268,3737,3737,9,3306,5,0,1.0,0.002408348943002408
864691135257404079,L2IT,excitatory,test,5747,266,242,5423,5423,22,4884,7,0,1.0,0.004056795131845842
864691135234382937,L3IT,excitatory,train,4081,371,307,5913,5913,404,5061,173,0,1.0,0.06832403179435143
864691135257521583,L2IT,excitatory,train,3130,145,119,4110,4110,22,3775,8,0,1.0,0.00535279805352798
864691135271282085,L4IT,excitatory,train,3782,679,577,2390,2390,284,1896,96,0,1.0,0.11882845188284519
864691135271967397,NMC,inhibitory,train,15068,14866,7485,9808,9808,557,8161,305,0,1.0,0.056790375203915174
864691135271343525,ITC,inhibitory,train,4523,1475,948,3288,3288,376,2702,133,0,1.0,0.11435523114355231
864691135272069285,L5ET,excitatory,train,4663,329,266,3883,3883,218,3396,111,0,1.0,0.056142158125160956
864691135271590309,L6IT,excitatory,train,4619,793,676,2592,2592,63,2253,32,0,1.0,0.024305555555555556
864691135271463077,L3IT,excitatory,test,4406,576,498,2888,2888,43,2519,20,0,1.0,0.014889196675900277
864691135271696549,L6IT,excitatory,train,6476,838,692,3192,3192,130,2769,61,0,1.0,0.040726817042606514
864691135276132325,L3IT,excitatory,train,5045,306,255,4980,4980,314,4448,152,0,1.0,0.06305220883534136
864691135274860561,L4IT,excitatory,train,5539,938,805,2919,2919,262,2478,114,0,1.0,0.08975676601575883
864691135276504549,L2IT,excitatory,train,4027,294,252,2841,2841,201,2577,77,0,1.0,0.07074973600844774
864691135274860817,L4IT,excitatory,train,2969,407,329,1984,1984,210,1700,89,0,1.0,0.10584677419354839
864691135275621605,L2IT,excitatory,train,5442,544,504,3636,3636,40,3303,20,0,1.0,0.011001100110011002
864691135293605558,L4IT,excitatory,test,5504,1175,1048,1611,1611,45,1401,24,0,1.0,0.027932960893854747
864691135293398284,AltDTC,inhibitory,test,2164,307,212,1994,1994,32,1675,14,0,1.0,0.0160481444332999
864691135294190518,L3IT,excitatory,train,5683,646,590,4318,4318,208,3794,96,0,1.0,0.048170449282075034
864691135281091489,astrocyte,glia,train,1763,98,85,182,182,22,171,16,0,1.0,0.12087912087912088
864691135293885366,astrocyte,glia,train,1801,80,61,138,138,18,123,5,0,1.0,0.13043478260869565
864691135308553030,L6IT,excitatory,test,3913,469,359,2598,2598,24,2224,12,0,1.0,0.009237875288683603
864691135308295238,L6IT,excitatory,test,3862,455,383,2052,2052,102,1854,57,0,1.0,0.049707602339181284
864691135305383591,L1,inhibitory,train,1075,145,130,1417,1417,46,1343,27,0,1.0,0.032462949894142556
864691135304679079,L4IT,excitatory,train,4984,855,773,2472,2472,44,2056,22,0,1.0,0.01779935275080906
864691135305643175,L4IT,excitatory,train,4941,716,634,1712,1712,154,1481,73,0,1.0,0.08995327102803738
864691135305512871,microglia,glia,train,482,15,9,25,25,7,19,1,0,1.0,0.28
864691135309290822,L3IT,excitatory,test,4610,331,278,5910,5910,353,5179,167,0,1.0,0.05972927241962775
864691135309733190,L1,inhibitory,train,1983,272,226,2126,2126,76,2011,46,0,1.0,0.03574788334901223
864691135309628742,L5IT,excitatory,train,6397,675,603,3973,3973,241,3461,104,0,1.0,0.06065945129624969
864691135309722950,L2IT,excitatory,train,5598,463,397,4218,4218,257,3783,105,0,1.0,0.06092935040303461
864691135324437916,L6IT,excitatory,test,4931,827,670,3052,3052,101,2588,54,0,1.0,0.03309305373525557
864691135309022022,astrocyte,glia,test,1420,34,29,203,203,13,195,9,0,1.0,0.06403940886699508
864691135336840425,PV,inhibitory,test,5649,2403,1147,4754,4754,281,3859,160,0,1.0,0.05910811947833403
864691135339982310,PV,inhibitory,train,8482,3782,1490,4947,4947,512,3885,211,0,1.0,0.10349706893066504
864691135341516741,MC,inhibitory,train,8882,3172,2306,3982,3982,52,3424,22,0,1.0,0.013058764439979909
864691135342823877,L6CT,excitatory,train,3429,211,139,2656,2656,97,2414,56,0,1.0,0.0365210843373494
864691135341198789,L3IT,excitatory,train,4645,417,379,4112,4112,15,3722,2,0,1.0,0.0036478599221789884
864691135342541509,L4IT,excitatory,train,3855,668,585,1091,1091,119,938,56,0,1.0,0.10907424381301559
864691135346954143,MC,inhibitory,train,13919,11072,5023,8560,8560,870,6609,372,0,1.0,0.10163551401869159
864691135347627423,ITC,inhibitory,train,2377,266,164,3562,3562,168,3058,83,0,1.0,0.047164514317798986
864691135350420951,L6CT,excitatory,train,2528,181,113,2523,2523,82,2298,56,0,1.0,0.03250099088386841
864691135350542039,L5IT,excitatory,train,7487,1022,910,2034,2034,109,1731,57,0,1.0,0.0535889872173058
864691135346685855,L4IT,excitatory,train,4535,602,511,1361,1361,42,1250,21,0,1.0,0.03085966201322557
864691135359010904,L2IT,excitatory,train,4116,82,68,6453,6453,30,5682,14,0,1.0,0.004649000464900047
864691135359413848,ITC,inhibitory,train,2987,335,237,4306,4306,203,3965,157,0,1.0,0.047143520668834184
864691135358995288,L2IT,excitatory,train,3172,128,110,4366,4366,16,3888,8,0,1.0,0.0036646816307833257
864691135360300632,L6IT,excitatory,test,5698,682,577,1840,1840,92,1568,35,0,1.0,0.05
864691135360482392,L4IT,excitatory,train,4234,466,434,1998,1998,173,1767,86,0,1.0,0.08658658658658659
864691135369668089,PV,inhibitory,train,16244,5952,2676,10666,10666,706,8484,325,0,1.0,0.06619163697731108
864691135375361480,MC,inhibitory,train,3017,738,581,1786,1786,114,1553,59,0,1.0,0.06382978723404255
864691135369002233,L6CT,excitatory,train,4146,356,269,2888,2888,103,2606,61,0,1.0,0.03566481994459834
864691135384716762,MC,inhibitory,train,8626,6381,3758,6895,6895,420,5728,258,0,1.0,0.06091370558375635
864691135384843738,L5IT,excitatory,test,4955,579,515,2823,2823,211,2465,108,0,1.0,0.07474318101310662
864691135386899029,L4IT,excitatory,train,5044,684,620,2576,2576,159,2173,74,0,1.0,0.06172360248447205
864691135384344043,L3IT,excitatory,train,4732,540,504,3671,3671,139,3248,73,0,1.0,0.03786434214110596
864691135385422677,L4IT,excitatory,train,4788,383,311,3285,3285,26,2925,12,0,1.0,0.007914764079147641
864691135396794101,L3IT,excitatory,test,8112,919,819,4460,4460,318,3983,144,0,1.0,0.07130044843049327
864691135397846049,L2IT,excitatory,train,5379,423,373,4495,4495,16,4048,10,0,1.0,0.003559510567296997
864691135397960481,L2IT,excitatory,train,5698,472,383,7096,7096,28,6450,5,0,1.0,0.003945885005636978
864691135398746401,MC,inhibitory,train,8659,5361,3091,10216,10216,699,8556,354,0,1.0,0.06842208300704777
864691135396720885,PV,inhibitory,train,12179,4823,2306,6997,6997,515,5988,257,0,1.0,0.07360297270258682
864691135398762529,ITC,inhibitory,train,3796,962,455,2338,2338,176,1979,88,0,1.0,0.07527801539777587
864691135404860654,L2IT,excitatory,train,3187,276,222,2305,2305,181,1986,70,0,1.0,0.07852494577006508
864691135398817569,L2IT,excitatory,train,4762,196,170,2235,2235,101,2128,63,0,1.0,0.04519015659955257
864691135398774817,microglia,glia,train,379,14,8,17,17,8,11,2,0,1.0,0.47058823529411764
864691135398767137,astrocyte,glia,train,1603,80,63,116,116,18,103,6,0,1.0,0.15517241379310345
864691135405626862,L2IT,excitatory,train,4651,486,405,3109,3109,211,2818,103,0,1.0,0.06786748150530718
864691135405700334,L4IT,excitatory,train,4311,514,425,2784,2784,228,2384,98,0,1.0,0.08189655172413793
864691135408560329,L2IT,excitatory,train,7776,559,463,6145,6145,28,5523,11,0,1.0,0.004556550040683482
864691135405713902,L3IT,excitatory,train,6528,1282,1139,3245,3245,254,2825,120,0,1.0,0.07827426810477658
864691135405337326,L3IT,excitatory,train,5234,864,781,3102,3102,148,2716,69,0,1.0,0.04771115409413282
864691135409760457,L1,inhibitory,test,3516,1443,994,4608,4608,221,4070,120,0,1.0,0.04796006944444445
864691135408788169,L4IT,excitatory,test,2472,228,206,1336,1336,77,1188,33,0,1.0,0.05763473053892216
864691135409859785,L5IT,excitatory,train,6591,1120,994,1943,1943,161,1685,90,0,1.0,0.08286155429747813
864691135409940425,L3IT,excitatory,train,6206,467,421,4874,4874,259,4400,156,0,1.0,0.05313910545752975
864691135429763120,L2IT,excitatory,train,4704,290,239,6606,6606,22,5969,6,0,1.0,0.003330305782621859
864691135417307322,L6CT,excitatory,test,2529,233,161,1918,1918,74,1735,50,0,1.0,0.03858185610010428
864691135428676144,L2IT,excitatory,train,3269,116,105,4745,4745,19,4359,9,0,1.0,0.004004214963119073
864691135417827770,L6CT,excitatory,train,1671,130,99,2048,2048,67,1821,38,0,1.0,0.03271484375
864691135430859056,L3IT,excitatory,test,7953,1538,1304,4054,4054,316,3394,126,0,1.0,0.07794770596941293
864691135430356784,L5IT,excitatory,train,7056,766,682,4056,4056,324,3563,155,0,1.0,0.07988165680473373
864691135430749232,L4IT,excitatory,train,4862,643,579,1249,1249,57,1133,37,0,1.0,0.045636509207365894
864691135430275120,L4IT,excitatory,train,2896,227,203,1901,1901,110,1661,56,0,1.0,0.057864281956864806
864691135430486576,L4IT,excitatory,test,3264,432,386,1985,1985,37,1706,22,0,1.0,0.018639798488664986
864691135447582354,L6CT,excitatory,train,2530,209,165,2702,2702,61,2415,38,0,1.0,0.022575869726128794
864691135447312274,L4IT,excitatory,train,7919,1241,1120,3313,3313,319,2827,136,0,1.0,0.09628735285239964
864691135447540882,L6CT,excitatory,train,4022,247,208,2389,2389,118,2166,62,0,1.0,0.0493930514859774
864691135441799752,L2IT,excitatory,train,14073,2245,1984,5695,5695,329,5128,143,0,1.0,0.057769973661106234
864691135447653010,L5IT,excitatory,train,6920,674,584,3460,3460,196,3075,109,0,1.0,0.056647398843930635
864691135442598728,PV,inhibitory,test,7795,4189,1440,4061,4061,323,3173,158,0,1.0,0.07953705983747845
864691135455875690,L6CT,excitatory,test,1629,47,34,2488,2488,50,2215,34,0,1.0,0.02009646302250804
864691135455123562,L2IT,excitatory,train,3908,161,127,6624,6624,39,5937,12,0,1.0,0.00588768115942029
864691135455701354,L4IT,excitatory,test,3474,562,500,2495,2495,11,2083,5,0,1.0,0.004408817635270541
864691135456207722,L5ET,excitatory,train,6057,511,411,7463,7463,497,6626,258,0,1.0,0.06659520300147394
864691135463695429,L2IT,excitatory,train,4760,291,255,4364,4364,26,4010,14,0,1.0,0.005957836846929423
864691135456165738,L6CT,excitatory,train,1758,39,12,1809,1809,53,1631,25,0,1.0,0.029297954671088998
864691135464162366,L3IT,excitatory,train,4882,562,470,4897,4897,339,4201,146,0,1.0,0.06922605676945068
864691135464263742,L5IT,excitatory,train,6663,1067,974,1966,1966,118,1731,75,0,1.0,0.06002034587995931
864691135463999294,PV,inhibitory,train,8999,1744,586,6118,6118,201,4951,90,0,1.0,0.03285387381497221
864691135465932357,L3IT,excitatory,train,4068,296,249,3126,3126,213,2834,111,0,1.0,0.06813819577735125
864691135466025285,PV,inhibitory,train,6122,1675,946,5886,5886,141,5238,86,0,1.0,0.023955147808358817
864691135465585221,L6IT,excitatory,test,3039,184,155,2792,2792,50,2432,26,0,1.0,0.01790830945558739
864691135466236229,L4IT,excitatory,train,3741,690,577,2736,2736,292,2194,109,0,1.0,0.1067251461988304
864691135465643333,L6CT,excitatory,train,1422,51,36,2305,2305,56,2089,31,0,1.0,0.024295010845986984
864691135466212933,astrocyte,glia,train,2006,69,47,67,67,21,50,4,0,1.0,0.31343283582089554
864691135470860370,ITC,inhibitory,test,4903,2596,1485,5213,5213,383,4425,174,0,1.0,0.07347017072702858
864691135470235986,AltBasket,inhibitory,train,2258,147,122,2340,2340,26,1706,14,0,1.0,0.011111111111111112
864691135473453362,L6CT,excitatory,train,1610,101,78,2681,2681,67,2383,46,0,1.0,0.024990675121223424
864691135470255698,thalamocortical,excitatory,test,11262,5448,4429,127,127,41,90,5,0,1.0,0.3228346456692913
864691135473383730,L4IT,excitatory,test,4452,571,466,2737,2737,16,2409,8,0,1.0,0.005845816587504567
864691135470684498,astrocyte,glia,train,1925,94,78,120,120,16,108,5,0,1.0,0.13333333333333333
864691135477469864,L3IT,excitatory,train,5960,854,764,2869,2869,18,2566,8,0,1.0,0.006273963053328686
864691135477839784,L6IT,excitatory,train,4461,455,419,1866,1866,61,1669,37,0,1.0,0.03269024651661308
864691135476793920,L6CT,excitatory,test,1970,199,152,2442,2442,60,2198,33,0,1.0,0.02457002457002457
864691135476528704,L2IT,excitatory,train,6528,449,382,5235,5235,269,4688,110,0,1.0,0.051384909264565425
864691135477469352,L4IT,excitatory,train,4578,799,728,1843,1843,34,1657,24,0,1.0,0.018448182311448725
864691135477104960,thalamocortical,excitatory,train,15341,7722,5793,147,147,57,93,3,0,1.0,0.3877551020408163
864691135478429352,L4IT,excitatory,train,3473,631,551,1572,1572,123,1365,63,0,1.0,0.07824427480916031
864691135478268840,L4IT,excitatory,train,4739,827,735,1427,1427,42,1203,21,0,1.0,0.02943237561317449
864691135478400936,L4IT,excitatory,train,4135,617,518,2146,2146,228,1758,74,0,1.0,0.10624417520969245
864691135478316200,L4IT,excitatory,train,4419,833,733,1826,1826,206,1497,81,0,1.0,0.11281489594742607
864691135492665959,MC,inhibitory,train,4416,2074,1332,6972,6972,456,6050,195,0,1.0,0.06540447504302926
864691135492600167,PV,inhibitory,train,17475,5572,2608,9499,9499,292,8067,134,0,1.0,0.03074007790293715
864691135492274791,L6CT,excitatory,train,2155,130,103,1468,1468,32,1359,21,0,1.0,0.021798365122615803
864691135496333968,L2IT,excitatory,train,7974,779,690,6355,6355,22,5774,8,0,1.0,0.0034618410700236035
864691135493686111,L2IT,excitatory,train,6236,811,658,6493,6493,637,5435,216,0,1.0,0.0981056522408748
864691135496262032,PV,inhibitory,train,11218,3931,1653,9049,9049,601,7960,286,0,1.0,0.06641617858326887
864691135494051472,oligo,glia,train,365,1,1,2,2,0,2,0,0,1.0,0.0
864691135499707667,L4IT,excitatory,train,5338,775,709,2186,2186,161,1908,93,0,1.0,0.0736505032021958
864691135499624723,PV,inhibitory,train,13655,4829,2285,10100,10100,608,8316,267,0,1.0,0.060198019801980196
864691135499964947,L5IT,excitatory,test,7213,990,883,4614,4614,356,4031,177,0,1.0,0.07715648027741656
864691135499821331,L4IT,excitatory,train,4831,947,825,2035,2035,35,1735,22,0,1.0,0.0171990171990172
864691135502748482,L5IT,excitatory,test,5062,338,313,2694,2694,187,2367,109,0,1.0,0.06941351150705272
864691135502730562,L2IT,excitatory,train,4391,86,71,6856,6856,22,6241,9,0,1.0,0.0032088681446907816
864691135504327861,L3IT,excitatory,train,5292,404,351,4398,4398,244,4019,124,0,1.0,0.05547976352887676
864691135510406921,L3IT,excitatory,train,3718,297,265,3794,3794,307,3274,149,0,1.0,0.080917237743806
864691135504203357,L4IT,excitatory,train,4371,1138,1021,1597,1597,169,1344,76,0,1.0,0.1058234189104571
864691135504315317,L3IT,excitatory,test,3120,224,192,3550,3550,19,3051,7,0,1.0,0.005352112676056338
864691135510191369,L6CT,excitatory,train,3558,481,394,2475,2475,23,2211,12,0,1.0,0.009292929292929294
864691135520105354,L3IT,excitatory,test,5239,659,567,3843,3843,301,3357,116,0,1.0,0.07832422586520947
864691135527555163,L4IT,excitatory,train,3805,495,454,2173,2173,63,1889,34,0,1.0,0.028992176714219973
864691135518844554,L4IT,excitatory,train,3282,300,263,2917,2917,12,2448,7,0,1.0,0.00411381556393555
864691135562001633,NMC,inhibitory,train,13887,9176,3761,9377,9377,659,7590,305,0,1.0,0.0702783406206676
864691135562052065,L3IT,excitatory,train,6430,762,650,4100,4100,296,3520,127,0,1.0,0.0721951219512195
864691135562004193,L4IT,excitatory,train,3390,536,440,2068,2068,189,1733,78,0,1.0,0.0913926499032882
864691135562048225,L6CT,excitatory,test,2402,151,116,2348,2348,58,2070,31,0,1.0,0.024701873935264053
864691135546339880,L4IT,excitatory,train,9525,1349,1243,3859,3859,316,3275,140,0,1.0,0.08188649909302928
864691135547082280,L4IT,excitatory,train,3389,254,233,1952,1952,51,1682,30,0,1.0,0.02612704918032787
864691135566825495,PV,inhibitory,test,10486,2805,1067,5820,5820,174,5276,99,0,1.0,0.029896907216494847
864691135566824983,ITC,inhibitory,train,3305,619,311,4134,4134,236,3508,85,0,1.0,0.057087566521528785
864691135566945559,L2IT,excitatory,train,6764,1505,1233,5527,5527,25,4707,8,0,1.0,0.004523249502442555
864691135566902039,ITC,inhibitory,test,4733,938,485,3722,3722,192,3295,114,0,1.0,0.05158516926383665
864691135566657623,L6CT,excitatory,test,2057,74,46,2884,2884,75,2525,49,0,1.0,0.026005547850208043
864691135566274391,L6CT,excitatory,train,2756,299,225,1960,1960,70,1788,44,0,1.0,0.03571428571428571
864691135566649431,L6CT,excitatory,train,4567,359,275,4479,4479,137,4048,79,0,1.0,0.030587184639428444
864691135571356038,MC,inhibitory,test,8427,5414,2349,9489,9489,975,7780,349,0,1.0,0.10275055327220993
864691135571546917,NMC,inhibitory,train,6933,3266,2295,7501,7501,614,6545,340,0,1.0,0.08185575256632449
864691135570381292,ITC,inhibitory,train,2220,217,130,3110,3110,226,2847,173,0,1.0,0.07266881028938907
864691135571440006,NMC,inhibitory,test,8897,4266,1911,4809,4809,305,4203,132,0,1.0,0.06342274901226866
864691135591725067,L6CT,excitatory,train,1613,66,47,1748,1748,67,1612,41,0,1.0,0.03832951945080092
864691135591664907,L4IT,excitatory,train,4457,507,445,2574,2574,219,2224,107,0,1.0,0.08508158508158509
864691135587758716,L3IT,excitatory,train,6018,661,542,5650,5650,440,4919,174,0,1.0,0.07787610619469026
864691135587666812,L2IT,excitatory,train,3894,262,235,2279,2279,95,2172,59,0,1.0,0.04168494953927161
864691135591533579,L6CT,excitatory,train,2117,170,139,1947,1947,55,1773,32,0,1.0,0.02824858757062147
864691135592276491,L6CT,excitatory,test,2425,182,144,1997,1997,52,1846,31,0,1.0,0.026039058587881823
864691135592837899,PV,inhibitory,train,20526,6289,3658,11658,11658,583,9884,265,0,1.0,0.05000857780065191
864691135592935691,microglia,glia,train,550,17,10,18,18,8,11,1,0,1.0,0.4444444444444444
864691135593082635,astrocyte,glia,test,1629,97,86,149,149,18,140,12,0,1.0,0.12080536912751678
864691135595040043,L5IT,excitatory,train,3700,303,285,3810,3810,28,3314,17,0,1.0,0.007349081364829396
864691135594101291,PV,inhibitory,train,9259,2127,866,5306,5306,79,4308,21,0,1.0,0.014888805126272145
864691135593133067,L4IT,excitatory,train,4319,845,743,2862,2862,279,2369,88,0,1.0,0.09748427672955975
864691135593907263,oligo,glia,train,579,2,2,14,14,1,13,1,0,1.0,0.07142857142857142
864691135594721579,L2IT,excitatory,train,4735,449,389,3572,3572,140,3189,74,0,1.0,0.03919372900335946
864691135611019015,L4IT,excitatory,train,3532,515,451,2131,2131,196,1819,94,0,1.0,0.09197559831065227
864691135615831499,astrocyte,glia,train,1509,77,58,110,110,22,91,4,0,1.0,0.2
864691135611337735,L6IT,excitatory,train,6086,541,456,2533,2533,102,2244,48,0,1.0,0.040268456375838924
864691135611140359,L4IT,excitatory,train,4978,784,712,1917,1917,150,1639,75,0,1.0,0.0782472613458529
864691135616048587,L4IT,excitatory,train,5108,730,635,2180,2180,47,1894,16,0,1.0,0.021559633027522937
864691135595978283,astrocyte,glia,train,1737,97,85,124,124,13,116,6,0,1.0,0.10483870967741936
864691135611692295,astrocyte,glia,test,1281,61,50,64,64,11,54,1,0,1.0,0.171875
864691135611748615,microglia,glia,train,493,18,9,33,33,12,24,3,0,1.0,0.36363636363636365
864691135617409385,L5ET,excitatory,test,4174,222,164,4078,4078,243,3559,106,0,1.0,0.05958803334968121
864691135616363211,L2IT,excitatory,train,6807,406,347,6389,6389,32,5803,15,0,1.0,0.005008608545938331
864691135617440105,L4IT,excitatory,train,4737,717,662,2172,2172,69,1805,41,0,1.0,0.031767955801104975
864691135619865231,DTC,inhibitory,train,4620,802,513,2822,2822,185,2586,124,0,1.0,0.06555634301913536
864691135646017007,L4IT,excitatory,train,3143,435,394,1751,1751,135,1578,79,0,1.0,0.07709880068532267
864691135640672571,L4IT,excitatory,train,5567,1094,971,2711,2711,170,2395,92,0,1.0,0.06270748801180376
864691135640929595,L6CT,excitatory,train,2578,230,172,2567,2567,85,2288,56,0,1.0,0.033112582781456956
864691135641229883,astrocyte,glia,train,1807,99,78,108,108,21,91,5,0,1.0,0.19444444444444445
864691135646806255,L3IT,excitatory,train,4127,372,317,4260,4260,285,3825,147,0,1.0,0.06690140845070422
864691135646778863,L6IT,excitatory,train,2809,212,179,3047,3047,68,2666,41,0,1.0,0.022317033147358056
864691135655894978,L4IT,excitatory,train,3363,317,283,1959,1959,150,1738,81,0,1.0,0.07656967840735068
864691135655473858,L6CT,excitatory,test,1209,29,12,1975,1975,36,1750,19,0,1.0,0.018227848101265823
864691135655472066,L4IT,excitatory,train,4376,608,530,2824,2824,76,2450,33,0,1.0,0.026912181303116147
864691135662802416,L4IT,excitatory,test,4248,695,614,2066,2066,197,1764,97,0,1.0,0.09535333978702808
864691135662774512,L3IT,excitatory,train,4035,474,387,4439,4439,299,3906,131,0,1.0,0.06735751295336788
864691135662408944,L5IT,excitatory,train,8583,1261,1129,2895,2895,144,2541,73,0,1.0,0.049740932642487044
864691135660029314,L5ET,excitatory,train,5265,300,232,10642,10642,195,9126,81,0,1.0,0.018323623379064086
864691135662059248,L4IT,excitatory,train,5036,686,610,2876,2876,184,2499,87,0,1.0,0.06397774687065369
864691135662059760,L4IT,excitatory,test,2882,434,389,1876,1876,25,1546,7,0,1.0,0.013326226012793176
864691135689296608,PV,inhibitory,train,19556,7575,3617,12833,12833,1025,10511,413,0,1.0,0.07987220447284345
864691135688186080,L5ET,excitatory,train,5811,287,198,10098,10098,786,8384,328,0,1.0,0.0778371954842543
864691135688387040,L3IT,excitatory,test,3975,539,457,2858,2858,238,2471,103,0,1.0,0.08327501749475158
864691135686540471,PV,inhibitory,test,18903,6748,3373,7909,7909,411,6589,208,0,1.0,0.051966114553040836
864691135686494647,L2IT,excitatory,train,5044,491,429,3146,3146,22,2858,9,0,1.0,0.006993006993006993
864691135686399415,ITC,inhibitory,train,2815,434,230,2867,2867,86,2568,51,0,1.0,0.02999651203348448
864691135698211994,L3IT,excitatory,test,6220,816,726,4641,4641,347,4086,159,0,1.0,0.07476836888601594
864691135698922005,L3IT,excitatory,train,3518,325,299,2899,2899,21,2547,12,0,1.0,0.0072438771990341495
864691135698820373,L6CT,excitatory,train,2467,213,156,2125,2125,58,1922,44,0,1.0,0.027294117647058823
864691135695057855,L4IT,excitatory,train,2729,176,162,1993,1993,113,1796,64,0,1.0,0.05669844455594581
864691135698016410,L4IT,excitatory,train,4766,822,687,2870,2870,24,2280,10,0,1.0,0.008362369337979094
864691135717163802,L2IT,excitatory,train,4336,414,330,3762,3762,388,3171,129,0,1.0,0.10313662945241893
864691135717271834,L4IT,excitatory,train,3792,558,459,1356,1356,115,1227,63,0,1.0,0.08480825958702065
864691135701746978,L4IT,excitatory,train,4907,678,593,2005,2005,186,1703,82,0,1.0,0.09276807980049875
864691135703016059,MC,inhibitory,train,14475,11600,4731,8227,8227,528,6368,245,0,1.0,0.06417892305822293
864691135702298491,L6IT,excitatory,train,4538,375,323,3293,3293,93,2950,59,0,1.0,0.028241724870938355
864691135720638769,L2IT,excitatory,train,5575,565,483,6255,6255,39,5538,16,0,1.0,0.006235011990407674
864691135725779883,PV,inhibitory,train,14147,6442,3462,13444,13444,84,10721,25,0,1.0,0.006248140434394526
864691135726077611,L4IT,excitatory,train,5160,754,682,3167,3167,27,2646,16,0,1.0,0.008525418377012947
864691135725842603,L4IT,excitatory,train,4484,723,628,2582,2582,285,2139,108,0,1.0,0.11037955073586367
864691135724393131,L5IT,excitatory,train,5237,362,322,5281,5281,38,4665,13,0,1.0,0.0071956068926339704
864691135726140843,L3IT,excitatory,test,7904,1541,1305,3921,3921,264,3391,118,0,1.0,0.06732976281560826
864691135725838763,L6IT,excitatory,train,3977,433,343,2770,2770,70,2436,25,0,1.0,0.02527075812274368
864691135732318393,L2IT,excitatory,train,4210,371,293,5931,5931,393,5247,135,0,1.0,0.06626201315123925
864691135732257721,PV,inhibitory,train,6039,2586,1153,3407,3407,133,2944,91,0,1.0,0.03903727619606692
864691135732557241,L4IT,excitatory,train,4713,803,713,1424,1424,153,1218,80,0,1.0,0.1074438202247191
864691135738047620,L5IT,excitatory,train,6645,967,867,1873,1873,108,1626,58,0,1.0,0.05766150560597971
864691135732578745,L3IT,excitatory,train,7464,1199,1065,4114,4114,264,3500,109,0,1.0,0.06417112299465241
864691135732518585,L2IT,excitatory,train,6671,451,420,2013,2013,125,1914,84,0,1.0,0.06209637357178341
864691135732038329,L4IT,excitatory,train,6759,1310,1188,1903,1903,16,1691,10,0,1.0,0.008407777193904361
864691135732369081,astrocyte,glia,test,1692,87,67,135,135,19,119,4,0,1.0,0.14074074074074075
864691135741458324,L2IT,excitatory,test,5679,873,638,7067,7067,594,5848,145,0,1.0,0.08405263902646101
864691135741641876,PV,inhibitory,test,13938,4924,2528,10769,10769,533,9219,310,0,1.0,0.04949391772680843
864691135741197716,L4IT,excitatory,train,3771,627,514,1652,1652,188,1356,67,0,1.0,0.11380145278450363
864691135739733140,L3IT,excitatory,train,2547,105,90,3025,3025,14,2755,5,0,1.0,0.004628099173553719
864691135740860820,L2IT,excitatory,test,5474,469,426,5868,5868,30,5245,12,0,1.0,0.005112474437627812
864691135741982868,L4IT,excitatory,train,3069,580,522,1517,1517,148,1351,88,0,1.0,0.0975609756097561
864691135742365803,L6IT,excitatory,train,3991,565,485,2067,2067,59,1852,34,0,1.0,0.028543783260764392
864691135742247787,L4IT,excitatory,train,3711,755,603,1378,1378,182,1115,68,0,1.0,0.1320754716981132
864691135742609771,L5IT,excitatory,train,5431,740,673,1601,1601,130,1417,82,0,1.0,0.08119925046845722
864691135743102827,L2IT,excitatory,test,9568,1678,1433,5131,5131,551,4103,161,0,1.0,0.10738647437146755
864691135742895723,ITC,inhibitory,test,4931,1824,1140,4772,4772,353,4121,158,0,1.0,0.0739731768650461
864691135742677867,ITC,inhibitory,train,3349,684,222,2248,2248,133,2062,71,0,1.0,0.059163701067615655
864691135742824555,ITCperi,inhibitory,train,2116,507,324,1172,1172,84,1054,57,0,1.0,0.07167235494880546
864691135742826603,ITCperi,inhibitory,test,3467,1103,685,1495,1495,51,1340,36,0,1.0,0.03411371237458194
864691135756844242,NMC,inhibitory,test,11470,8990,4557,6850,6850,395,5938,219,0,1.0,0.05766423357664233
864691135756148685,L5ET,excitatory,train,5832,359,218,10708,10708,700,9025,304,0,1.0,0.0653716847217034
864691135757002450,L2IT,excitatory,train,3654,222,201,1456,1456,66,1382,37,0,1.0,0.04532967032967033
864691135756630226,MC,inhibitory,train,2816,568,444,1634,1634,65,1473,34,0,1.0,0.0397796817625459
864691135755707597,AltBasket,inhibitory,train,4112,1572,1130,1915,1915,12,1681,4,0,1.0,0.006266318537859008
864691135755605197,thalamocortical,excitatory,train,12472,5218,4206,111,111,40,74,3,0,1.0,0.36036036036036034
864691135763491126,L6IT,excitatory,train,3053,254,218,2816,2816,52,2516,33,0,1.0,0.018465909090909092
864691135763495478,L2IT,excitatory,train,7332,670,571,5952,5952,29,5267,13,0,1.0,0.004872311827956989
864691135773208651,L4IT,excitatory,train,5490,889,790,2445,2445,92,2111,50,0,1.0,0.0376278118609407
864691135773073147,L2IT,excitatory,train,4616,498,408,5032,5032,455,4348,159,0,1.0,0.09042130365659777
864691135772053835,L2IT,excitatory,test,5871,487,386,4046,4046,13,3711,6,0,1.0,0.003213049925852694
864691135773209163,L4IT,excitatory,train,4632,841,773,1598,1598,128,1359,66,0,1.0,0.08010012515644556
864691135773074683,L6IT,excitatory,train,2232,113,95,1964,1964,65,1755,35,0,1.0,0.03309572301425662
864691135772987899,L4IT,excitatory,test,3232,352,301,2172,2172,15,1800,9,0,1.0,0.006906077348066298
864691135772920651,L4IT,excitatory,train,3626,320,274,2269,2269,18,2010,8,0,1.0,0.007933010136624064
864691135774389755,L5ET,excitatory,train,6250,420,267,12269,12269,758,9807,263,0,1.0,0.06178172630206211
864691135774179147,L2IT,excitatory,train,4679,499,399,5295,5295,341,4675,146,0,1.0,0.0644003777148253
864691135774294603,L5ET,excitatory,train,4075,258,179,6672,6672,471,5551,197,0,1.0,0.07059352517985612
864691135774177531,L2IT,excitatory,test,4397,498,428,3710,3710,32,3281,15,0,1.0,0.00862533692722372
864691135774163963,microglia,glia,train,565,20,4,43,43,21,26,5,0,1.0,0.4883720930232558
864691135778618029,ITC,inhibitory,train,6384,1288,547,6152,6152,349,5342,181,0,1.0,0.0567295188556567
864691135778544480,ITC,inhibitory,train,2067,135,100,3723,3723,70,3347,40,0,1.0,0.018802041364491002
864691135778542509,L4IT,excitatory,test,3117,501,423,2477,2477,200,2140,104,0,1.0,0.08074283407347597
864691135778675552,L6CT,excitatory,train,1997,150,98,2456,2456,59,2225,41,0,1.0,0.024022801302931596
864691135779705021,L4IT,excitatory,test,4690,632,560,1620,1620,134,1427,73,0,1.0,0.08271604938271605
864691135782156880,L3IT,excitatory,train,5300,643,541,7298,7298,507,6353,195,0,1.0,0.06947108796930666
864691135782241616,L3IT,excitatory,test,4070,314,262,3686,3686,237,3330,120,0,1.0,0.06429734129137277
864691135779780797,MC,inhibitory,train,17971,15701,6055,9236,9236,690,7319,332,0,1.0,0.0747076656561282
864691135782156368,L5IT,excitatory,train,5133,523,464,5462,5462,30,4677,13,0,1.0,0.005492493592090809
864691135779683261,L2IT,excitatory,train,4977,289,248,2540,2540,108,2398,63,0,1.0,0.04251968503937008
864691135782265424,L2IT,excitatory,train,5650,551,463,5979,5979,19,5215,4,0,1.0,0.003177788927914367
864691135787093956,L6CT,excitatory,train,2195,178,149,1636,1636,51,1527,33,0,1.0,0.03117359413202934
864691135801376610,L6CT,excitatory,test,2336,213,158,2310,2310,65,2086,46,0,1.0,0.02813852813852814
864691135801133666,L2IT,excitatory,train,5542,390,337,6009,6009,19,5481,7,0,1.0,0.003161923780995174
864691135809568029,L4IT,excitatory,train,4537,622,573,2772,2772,18,2435,12,0,1.0,0.006493506493506494
864691135810473245,L4IT,excitatory,train,3673,478,424,2273,2273,208,1993,98,0,1.0,0.09150901891772988
864691135809608652,L5IT,excitatory,train,6066,678,579,4557,4557,30,3968,14,0,1.0,0.0065832784726793945
864691135810308125,L2IT,excitatory,train,5608,496,430,3709,3709,16,3471,9,0,1.0,0.004313831221353465
864691135817419343,L6CT,excitatory,train,2688,242,182,2308,2308,79,2042,52,0,1.0,0.03422876949740035
864691135816693327,L3IT,excitatory,train,4778,438,369,4049,4049,145,3568,69,0,1.0,0.0358113114349222
864691135817195343,L6IT,excitatory,train,4764,403,336,2476,2476,116,2069,53,0,1.0,0.046849757673667204
864691135817803599,PV,inhibitory,train,17399,5351,3149,12621,12621,745,10530,313,0,1.0,0.05902860312178116
864691135817889359,microglia,glia,train,549,9,3,33,33,7,27,1,0,1.0,0.21212121212121213
864691135838738579,L6CT,excitatory,test,2701,239,157,2288,2288,52,2022,39,0,1.0,0.022727272727272728
864691135848030814,L3IT,excitatory,train,6586,537,487,3976,3976,16,3678,7,0,1.0,0.004024144869215292
864691135849634142,L6IT,excitatory,train,3897,438,366,2388,2388,60,2088,18,0,1.0,0.02512562814070352
864691135842794979,L6IT,excitatory,train,3701,305,242,4830,4830,135,4245,67,0,1.0,0.027950310559006212
864691135849426270,L5IT,excitatory,train,6144,565,509,4624,4624,40,4076,23,0,1.0,0.00865051903114187
864691135855860782,L2IT,excitatory,train,2496,49,32,5412,5412,21,4965,4,0,1.0,0.003880266075388027
864691135857099310,L6IT,excitatory,train,8369,938,841,5950,5950,38,5040,18,0,1.0,0.006386554621848739
864691135853090503,PV,inhibitory,test,15255,6613,2704,9177,9177,726,7432,333,0,1.0,0.07911082052958483
864691135858273326,L4IT,excitatory,train,4426,561,511,3963,3963,111,3329,61,0,1.0,0.028009084027252083
864691135855890478,L2IT,excitatory,train,9451,1274,1096,5602,5602,109,4934,60,0,1.0,0.019457336665476617
864691135853091015,L4IT,excitatory,train,4802,664,601,2238,2238,186,1942,87,0,1.0,0.08310991957104558
864691135858282030,MC,inhibitory,train,12680,12255,4949,6624,6624,752,5250,349,0,1.0,0.11352657004830918
864691135868210454,L3IT,excitatory,test,4242,569,493,4147,4147,355,3603,149,0,1.0,0.0856040511212925
864691135867984005,L4IT,excitatory,train,2131,307,261,862,862,95,754,48,0,1.0,0.11020881670533643
864691135867965317,L5IT,excitatory,train,5821,541,482,3541,3541,242,3162,136,0,1.0,0.06834227619316577
864691135868060950,L4IT,excitatory,train,2863,325,295,1941,1941,72,1740,51,0,1.0,0.03709428129829984
864691135867644805,L4IT,excitatory,test,3921,541,489,2170,2170,221,1883,103,0,1.0,0.10184331797235023
864691135867905302,L5IT,excitatory,train,4923,532,477,4169,4169,28,3654,6,0,1.0,0.006716238906212521
864691135875919502,MC,inhibitory,train,10190,8040,3283,7627,7627,565,6400,270,0,1.0,0.0740789301166907
864691135874914702,L3IT,excitatory,test,3526,252,201,3564,3564,79,3047,37,0,1.0,0.022166105499438832
864691135885635952,L6CT,excitatory,train,1927,149,114,2178,2178,81,1972,46,0,1.0,0.0371900826446281
864691135885911920,L3IT,excitatory,test,4311,399,347,4782,4782,401,4108,161,0,1.0,0.08385612714345463
864691135890948233,L4IT,excitatory,train,5091,946,838,2841,2841,54,2485,28,0,1.0,0.01900739176346357
864691135892048777,L2IT,excitatory,test,7549,536,466,5717,5717,286,5237,116,0,1.0,0.050026237537169845
864691135891690121,PV,inhibitory,test,8397,3446,1585,6255,6255,306,5201,174,0,1.0,0.04892086330935252
864691135891467401,L5IT,excitatory,train,4328,295,274,1604,1604,105,1484,68,0,1.0,0.06546134663341646
864691135890141321,L3IT,excitatory,train,6790,712,651,5147,5147,106,4438,50,0,1.0,0.020594521080240916
864691135892146569,astrocyte,glia,train,2186,62,48,154,154,21,137,8,0,1.0,0.13636363636363635
864691135891847561,microglia,glia,train,353,22,10,34,34,12,23,1,0,1.0,0.35294117647058826
864691135920591792,PV,inhibitory,train,12406,5065,2462,9152,9152,704,7315,282,0,1.0,0.07692307692307693
864691135920571056,L4IT,excitatory,train,4220,904,813,1182,1182,113,1043,59,0,1.0,0.09560067681895093
864691135919645872,L5IT,excitatory,test,5750,541,470,4594,4594,19,4121,9,0,1.0,0.00413582934262081
864691135920665264,oligo,glia,train,605,4,3,5,5,2,4,1,0,1.0,0.4
864691135938404612,ITC,inhibitory,train,2651,244,185,4019,4019,174,3633,121,0,1.0,0.04329435182881314
864691135928376590,L3IT,excitatory,train,4064,535,454,5784,5784,322,5142,144,0,1.0,0.05567081604426003
864691135938925109,L6CT,excitatory,test,1484,129,99,2264,2264,69,1991,38,0,1.0,0.030477031802120143
864691135938990901,L6CT,excitatory,train,1577,48,38,2146,2146,67,1963,51,0,1.0,0.031220876048462257
864691135929072340,L5IT,excitatory,train,7763,1121,1002,2498,2498,175,2201,108,0,1.0,0.07005604483586869
864691135941898918,NMC,inhibitory,train,16267,7522,2910,7911,7911,476,6778,226,0,1.0,0.06016938440146631
864691135941829121,PV,inhibitory,test,11482,2869,991,6942,6942,591,5800,235,0,1.0,0.08513396715643906
864691135941975974,L4IT,excitatory,train,3474,502,433,1566,1566,105,1388,64,0,1.0,0.06704980842911877
864691135941435393,L4IT,excitatory,train,2607,399,351,1525,1525,129,1348,68,0,1.0,0.08459016393442623
864691135941519361,astrocyte,glia,train,1544,80,67,91,91,17,82,8,0,1.0,0.18681318681318682
864691135941549825,L6IT,excitatory,train,2569,208,174,1868,1868,47,1660,24,0,1.0,0.025160599571734475
864691135943149428,L6CT,excitatory,train,975,49,26,1390,1390,28,1172,6,0,1.0,0.02014388489208633
864691135942120449,L6IT,excitatory,train,6194,571,480,3022,3022,67,2710,41,0,1.0,0.022170747849106553
864691135942611316,L2IT,excitatory,train,4260,302,272,4218,4218,217,3897,131,0,1.0,0.05144618302513039
864691135942024705,astrocyte,glia,train,1838,63,43,159,159,30,135,13,0,1.0,0.18867924528301888
864691135954480163,MC,inhibitory,train,6932,5341,2957,7892,7892,644,6632,323,0,1.0,0.08160162189559048
864691135948215076,ITC,inhibitory,train,3247,417,202,2552,2552,97,2320,63,0,1.0,0.03800940438871473
864691135952121379,L3IT,excitatory,train,3677,116,87,6218,6218,33,5523,7,0,1.0,0.005307172724348665
864691135952122147,L2IT,excitatory,train,9059,736,620,6271,6271,33,5722,11,0,1.0,0.0052623186094721735
864691135948238177,L6CT,excitatory,train,3598,222,180,1677,1677,48,1451,23,0,1.0,0.028622540250447227
864691135975633475,L5IT,excitatory,test,6625,494,442,4496,4496,26,4028,13,0,1.0,0.005782918149466192
864691135976155459,L1,inhibitory,train,1595,584,518,2798,2798,80,2598,41,0,1.0,0.028591851322373123
864691135976028015,L6CT,excitatory,train,2533,374,326,2180,2180,61,1953,36,0,1.0,0.02798165137614679
864691135989817088,L2IT,excitatory,train,7655,845,740,5226,5226,34,4765,11,0,1.0,0.006505931879066207
864691135989149187,L6IT,excitatory,train,4698,580,466,2438,2438,62,2188,30,0,1.0,0.02543068088597211
864691135993150913,L3IT,excitatory,train,6143,880,768,3607,3607,297,3226,131,0,1.0,0.08233989464929305
864691135992790209,ITC,inhibitory,test,3252,546,302,3722,3722,211,3374,154,0,1.0,0.056689951638903814
864691135990672896,DTC,inhibitory,test,10428,4745,3437,5072,5072,247,4276,135,0,1.0,0.048698738170347006
864691135990134784,L3IT,excitatory,test,3440,300,265,2666,2666,207,2330,104,0,1.0,0.07764441110277569
864691136010027182,L5IT,excitatory,test,4321,318,273,2405,2405,152,2103,75,0,1.0,0.0632016632016632
864691136010068652,L4IT,excitatory,train,4494,617,561,1165,1165,109,1041,65,0,1.0,0.09356223175965665
864691136006519498,L4IT,excitatory,train,3653,690,625,1471,1471,148,1274,82,0,1.0,0.10061182868796736
864691136010028974,L5IT,excitatory,train,7371,925,832,6049,6049,42,5261,14,0,1.0,0.006943296412630187
864691136011485614,PV,inhibitory,train,20203,9496,4458,10925,10925,648,8773,276,0,1.0,0.05931350114416476
864691136011684526,L2IT,excitatory,train,5553,388,342,4005,4005,200,3706,95,0,1.0,0.049937578027465665
864691136011768494,L4IT,excitatory,train,2936,298,256,2014,2014,164,1769,92,0,1.0,0.0814299900695134
864691136011733934,MC,inhibitory,train,8263,4903,3072,5082,5082,294,4400,186,0,1.0,0.05785123966942149
864691136011458734,PV,inhibitory,train,15163,5723,2639,9094,9094,558,7602,258,0,1.0,0.06135913789311634
864691136011549614,AltBasket,inhibitory,test,13702,3976,2500,4817,4817,169,4407,97,0,1.0,0.03508407722648951
864691136026198585,L4IT,excitatory,train,3909,615,555,1829,1829,173,1585,74,0,1.0,0.09458720612356479
864691136026013497,ITC,inhibitory,train,2554,324,120,2474,2474,163,2092,81,0,1.0,0.06588520614389652
864691136026155577,L4IT,excitatory,train,4242,550,489,2628,2628,202,2243,101,0,1.0,0.07686453576864535
864691136040742142,PV,inhibitory,train,15810,5445,2418,11617,11617,807,9512,351,0,1.0,0.0694671601962641
864691136034526651,ITC,inhibitory,train,3654,407,231,4207,4207,193,3731,104,0,1.0,0.04587592108390777
864691136034482107,ITC,inhibitory,train,4302,1553,919,3923,3923,501,3342,216,0,1.0,0.12770838643894977
864691136041321982,MC,inhibitory,train,3161,814,657,2122,2122,158,1883,92,0,1.0,0.07445805843543826
864691136041437182,microglia,glia,test,500,8,4,19,19,5,15,1,0,1.0,0.2631578947368421
864691136052366067,L2IT,excitatory,train,4424,291,230,4553,4553,256,4141,90,0,1.0,0.0562266637381946
864691136052637171,L4IT,excitatory,train,5009,774,672,3288,3288,263,2772,117,0,1.0,0.07998783454987834
864691136052688115,L5IT,excitatory,train,5610,665,564,2767,2767,290,2333,126,0,1.0,0.10480664980122877
864691136053465587,L2IT,excitatory,train,3513,268,236,2495,2495,148,2331,91,0,1.0,0.0593186372745491
864691136053635571,astrocyte,glia,test,1914,86,64,154,154,24,132,5,0,1.0,0.15584415584415584
864691136052101363,AltBasket,inhibitory,train,5028,1004,813,3872,3872,160,3258,82,0,1.0,0.04132231404958678
864691136053350131,thalamocortical,excitatory,train,11706,3952,3216,103,103,38,66,1,0,1.0,0.36893203883495146
864691136086630764,L3IT,excitatory,train,4213,519,447,3675,3675,179,3197,70,0,1.0,0.04870748299319728
864691136086206316,L5IT,excitatory,train,5349,541,483,3843,3843,149,3470,69,0,1.0,0.038771792870153525
864691136084684396,L2IT,excitatory,train,3188,130,108,5135,5135,23,4635,7,0,1.0,0.0044790652385589096
864691136085781356,L4IT,excitatory,train,3899,516,464,2249,2249,138,1987,78,0,1.0,0.06136060471320587
864691136086088556,L3IT,excitatory,train,4218,590,523,3418,3418,118,2859,57,0,1.0,0.03452311293153891
864691136086328195,oligo,glia,train,322,1,1,7,7,0,7,0,0,1.0,0.0
864691136136383883,L4IT,excitatory,train,3654,449,411,2736,2736,19,2281,11,0,1.0,0.006944444444444444
864691136137168779,ITC,inhibitory,train,4273,1336,844,4497,4497,250,3884,117,0,1.0,0.0555926173004225
864691136136778621,L2IT,excitatory,train,4795,320,289,5076,5076,18,4674,7,0,1.0,0.0035460992907801418
864691136136640139,astrocyte,glia,train,1849,52,37,267,267,20,248,7,0,1.0,0.0749063670411985
864691136137237899,L3IT,excitatory,train,4809,310,260,4360,4360,282,3968,141,0,1.0,0.06467889908256881
864691136138583677,L2IT,excitatory,test,5248,550,453,2707,2707,220,2473,108,0,1.0,0.08127077946065756
864691136138695549,PV,inhibitory,test,21468,7113,3567,11632,11632,517,9694,253,0,1.0,0.04444635488308116
864691136137239691,L2IT,excitatory,train,5623,435,370,3713,3713,180,3468,89,0,1.0,0.04847831941826017
864691136138131325,L3IT,excitatory,train,6384,750,673,3912,3912,49,3432,31,0,1.0,0.012525562372188138
864691136144827444,L2IT,excitatory,train,3899,280,243,5091,5091,364,4369,102,0,1.0,0.07149872323708505
864691136138756221,ITC,inhibitory,train,5135,879,395,4798,4798,205,4153,108,0,1.0,0.04272613588995415
864691136143696692,L2IT,excitatory,train,3087,140,118,5243,5243,27,4742,13,0,1.0,0.005149723440778181
864691136177632518,L6CT,excitatory,train,2877,298,200,2190,2190,76,1994,47,0,1.0,0.034703196347031964
864691136145572404,ITC,inhibitory,test,4206,1529,1098,3851,3851,226,3412,116,0,1.0,0.05868605556998182
864691136177629702,L2IT,excitatory,train,4783,486,395,5312,5312,403,4664,156,0,1.0,0.07586596385542169
864691136145574196,L2IT,excitatory,train,5626,815,712,2530,2530,211,2272,87,0,1.0,0.08339920948616601
864691136177129478,L5IT,excitatory,train,5557,371,313,4509,4509,195,4027,101,0,1.0,0.04324683965402528
864691136177029382,L6IT,excitatory,train,4657,563,455,2846,2846,55,2514,30,0,1.0,0.01932536893886156
864691136145537844,AltBasket,inhibitory,train,6507,2305,1703,2453,2453,33,1986,14,0,1.0,0.013452914798206279
864691136176327430,L2IT,excitatory,test,4460,100,85,5355,5355,24,4974,11,0,1.0,0.004481792717086834
864691136195652328,L6CT,excitatory,train,4765,364,296,2617,2617,122,2298,76,0,1.0,0.04661826518914788
864691136195537366,L6CT,excitatory,test,2360,104,84,1916,1916,35,1717,20,0,1.0,0.01826722338204593
864691136195526120,L4IT,excitatory,test,4395,852,767,1969,1969,25,1718,11,0,1.0,0.012696800406297613
864691136195400150,L2IT,excitatory,train,6090,716,624,4333,4333,128,3827,61,0,1.0,0.029540733902607894
864691136196202472,L4IT,excitatory,train,3002,375,312,1319,1319,112,1177,60,0,1.0,0.08491281273692192
864691136195891788,L3IT,excitatory,test,4470,491,420,4648,4648,377,3907,166,0,1.0,0.08111015490533563
864691136195796182,PV,inhibitory,train,11927,3503,1754,6167,6167,324,5017,149,0,1.0,0.05253770066482893
864691136195798504,L5ET,excitatory,train,4555,201,161,7469,7469,511,6408,241,0,1.0,0.06841611996251172
864691136196240342,ITC,inhibitory,test,4550,698,310,2980,2980,102,2354,51,0,1.0,0.03422818791946309
864691136195834070,L4IT,excitatory,train,5792,663,587,3203,3203,151,2622,66,0,1.0,0.047143303153293785
864691136195901772,L6CT,excitatory,test,4200,314,229,2979,2979,105,2642,69,0,1.0,0.035246727089627394
864691136196127208,L2IT,excitatory,train,7903,940,828,7739,7739,42,7023,16,0,1.0,0.005427057759400439
864691136195906774,L6CT,excitatory,train,1923,190,135,1767,1767,39,1567,13,0,1.0,0.022071307300509338
864691136196265704,L4IT,excitatory,train,3730,516,436,1503,1503,152,1323,70,0,1.0,0.10113107119095142
864691136210344892,L6IT,excitatory,train,8805,1053,911,5054,5054,40,4567,9,0,1.0,0.007914523149980214
864691136210847932,L4IT,excitatory,train,4782,818,712,2049,2049,30,1791,15,0,1.0,0.014641288433382138
864691136238679567,L3IT,excitatory,train,7392,1079,958,3312,3312,258,2894,108,0,1.0,0.07789855072463768
864691136239793212,NGC,inhibitory,train,7199,638,549,4881,4881,120,4044,73,0,1.0,0.024585125998770743
864691136239387708,L6IT,excitatory,train,4021,379,320,2909,2909,62,2576,28,0,1.0,0.02131316603643864
864691136275031565,L5IT,excitatory,train,4454,350,319,4098,4098,36,3676,20,0,1.0,0.008784773060029283
864691136275729677,L6CT,excitatory,train,1832,90,58,2335,2335,52,2092,22,0,1.0,0.02226980728051392
864691136275771917,L6IT,excitatory,train,3226,280,241,2496,2496,67,2232,39,0,1.0,0.026842948717948716
864691136275890189,AltBasket,inhibitory,train,2431,266,227,2533,2533,22,2171,7,0,1.0,0.008685353335965259
864691136287879619,L6CT,excitatory,train,2134,101,61,1848,1848,67,1698,41,0,1.0,0.036255411255411256
864691136275894285,L4IT,excitatory,train,5255,561,471,1868,1868,204,1536,92,0,1.0,0.10920770877944326
864691136288598467,L2IT,excitatory,train,4315,294,265,2617,2617,108,2477,44,0,1.0,0.04126862820022927
864691136288644291,L4IT,excitatory,train,4500,433,380,2639,2639,297,2135,116,0,1.0,0.1125426297840091
864691136288755395,thalamocortical,excitatory,train,14288,5388,4389,125,125,48,81,4,0,1.0,0.384
864691136311213914,PV,inhibitory,train,19502,6462,3396,14234,14234,865,12266,376,0,1.0,0.06076998735422229
864691136311451226,L6IT,excitatory,train,5993,574,502,2936,2936,92,2690,59,0,1.0,0.031335149863760216
864691136311059034,L2IT,excitatory,test,6705,702,628,5141,5141,77,4596,53,0,1.0,0.01497763081112624
864691136311179354,L6CT,excitatory,train,2282,109,71,2644,2644,101,2396,57,0,1.0,0.03819969742813918
864691136311529306,L4IT,excitatory,train,3450,547,439,1447,1447,5,1208,2,0,1.0,0.0034554250172771253
864691136330122730,L5IT,excitatory,test,4554,393,340,2739,2739,173,2421,95,0,1.0,0.06316173786053304
864691136330101226,L5ET,excitatory,train,5043,309,210,9180,9180,650,7685,277,0,1.0,0.07080610021786492
864691136314491965,L3IT,excitatory,train,4427,444,394,4475,4475,296,4012,135,0,1.0,0.06614525139664805
864691136314404669,L2IT,excitatory,train,7506,559,492,4620,4620,240,4225,110,0,1.0,0.05194805194805195
864691136324937182,oligo,glia,train,358,2,2,6,6,1,6,1,0,1.0,0.16666666666666666
864691136336192947,PV,inhibitory,train,9868,3511,1668,8189,8189,819,6944,397,0,1.0,0.10001221150323605
864691136336179123,L2IT,excitatory,train,3947,220,189,2622,2622,69,2325,33,0,1.0,0.02631578947368421
864691136362774498,L5ET,excitatory,train,3519,176,127,4971,4971,293,4409,154,0,1.0,0.058941862804264736
864691136363161570,L6IT,excitatory,train,2167,127,103,2026,2026,36,1830,18,0,1.0,0.017769002961500493
864691136335899059,AltBasket,inhibitory,train,2932,544,458,2811,2811,29,2473,11,0,1.0,0.01031661330487371
864691136372954248,NGC,inhibitory,train,7954,1670,1212,4559,4559,249,3950,117,0,1.0,0.054617240622943625
864691136380312021,L2IT,excitatory,train,5315,385,323,4776,4776,448,4051,155,0,1.0,0.09380234505862646
864691136380324821,L2IT,excitatory,train,5629,492,436,5635,5635,70,5104,34,0,1.0,0.012422360248447204
864691136373008520,L3IT,excitatory,train,4970,302,272,5587,5587,435,4843,175,0,1.0,0.0778593162699123
864691136380264405,L6CT,excitatory,train,2598,181,146,3421,3421,67,3059,40,0,1.0,0.019584916691026015
864691136380264149,L5IT,excitatory,train,5589,600,540,4354,4354,19,3901,9,0,1.0,0.004363803399173174
864691136380266965,L4IT,excitatory,test,3454,616,554,2222,2222,17,1873,9,0,1.0,0.00765076507650765
864691136381353685,L3IT,excitatory,train,4265,430,355,5114,5114,309,4507,143,0,1.0,0.060422369964802505
864691136381346005,L4IT,excitatory,train,4615,592,529,3031,3031,232,2634,102,0,1.0,0.0765423952490927
864691136390099728,L6CT,excitatory,train,1497,47,20,2291,2291,75,2077,34,0,1.0,0.032736796158882586
864691136381347029,L4IT,excitatory,train,3999,296,270,2745,2745,206,2406,104,0,1.0,0.0750455373406193
864691136389679223,L2IT,excitatory,train,4598,293,246,3870,3870,162,3624,82,0,1.0,0.04186046511627907
864691136390828919,MC,inhibitory,test,6737,5792,3212,5137,5137,422,4352,232,0,1.0,0.08214911426902861
864691136390474359,L4IT,excitatory,train,4582,817,684,1619,1619,173,1405,83,0,1.0,0.10685608400247067
864691136390788215,L3IT,excitatory,train,6182,585,522,5288,5288,145,4710,77,0,1.0,0.027420574886535553
864691136391027728,L4IT,excitatory,train,4644,801,731,2225,2225,259,1811,102,0,1.0,0.11640449438202247
864691136390677264,PV,inhibitory,train,6160,1770,948,4534,4534,151,4106,95,0,1.0,0.03330392589325099
864691136390601335,L6IT,excitatory,train,1137,33,17,2331,2331,61,2081,36,0,1.0,0.02616902616902617
864691136390675216,PV,inhibitory,train,16809,7356,2950,13094,13094,544,11503,252,0,1.0,0.04154574614327173
864691136438410654,ITC,inhibitory,test,2986,239,126,4215,4215,141,3739,87,0,1.0,0.03345195729537367
864691136438216350,PV,inhibitory,train,7045,3920,1343,4121,4121,306,3188,152,0,1.0,0.07425382188789129
864691136438372254,ITC,inhibitory,train,4027,702,366,5771,5771,191,5057,84,0,1.0,0.033096517068099116
864691136438469534,L2IT,excitatory,test,4585,228,201,3747,3747,149,3470,71,0,1.0,0.03976514544969309
864691136438426526,L2IT,excitatory,train,5332,388,330,6044,6044,19,5595,10,0,1.0,0.00314361350099272
864691136453186559,PV,inhibitory,train,16213,4445,1916,8644,8644,622,7397,278,0,1.0,0.07195742711707542
864691136452447743,L2IT,excitatory,train,5469,461,405,4015,4015,168,3589,81,0,1.0,0.04184308841843088
864691136452602367,L2IT,excitatory,test,4136,205,169,3196,3196,154,2907,80,0,1.0,0.04818523153942428
864691136453183487,MC,inhibitory,test,5580,2137,1321,3003,3003,219,2527,113,0,1.0,0.07292707292707293
864691136452081151,L2IT,excitatory,train,3813,137,119,4596,4596,18,4242,7,0,1.0,0.0039164490861618795
864691136453344255,microglia,glia,test,502,10,6,17,17,7,13,3,0,1.0,0.4117647058823529
864691136485007404,L4IT,excitatory,test,6312,875,789,2730,2730,346,2217,112,0,1.0,0.12673992673992673
864691136488999186,L4IT,excitatory,train,3610,519,458,1916,1916,192,1635,86,0,1.0,0.10020876826722339
864691136488446226,L2IT,excitatory,train,5007,658,532,4448,4448,64,4001,33,0,1.0,0.014388489208633094
864691136484948012,L2IT,excitatory,test,5202,477,423,3436,3436,97,3183,62,0,1.0,0.028230500582072177
864691136488621842,L6CT,excitatory,train,2796,338,298,2458,2458,64,2219,44,0,1.0,0.026037428803905614
864691136524014993,PV,inhibitory,train,18514,5954,3058,8818,8818,482,7271,236,0,1.0,0.054660920843728734
864691136524089489,L2IT,excitatory,train,3515,176,159,3603,3603,120,3369,69,0,1.0,0.03330557868442964
864691136523889553,PV,inhibitory,train,16232,6104,2862,10668,10668,609,8129,248,0,1.0,0.05708661417322835
864691136523628945,L6IT,excitatory,train,2798,208,167,3261,3261,62,2859,23,0,1.0,0.019012572830420117
864691136523497617,astrocyte,glia,train,1441,74,60,125,125,22,110,9,0,1.0,0.176
864691136596107938,L3IT,excitatory,train,5403,503,438,3167,3167,82,2558,28,0,1.0,0.025892011367224504
864691136596177570,L6CT,excitatory,test,3407,168,127,1993,1993,95,1707,35,0,1.0,0.047666833918715505
864691136579629844,L4IT,excitatory,test,4035,663,592,1404,1404,110,1259,62,0,1.0,0.07834757834757834
864691136619529179,L2IT,excitatory,train,5837,439,387,2865,2865,103,2719,59,0,1.0,0.035951134380453754
864691136618795227,L5IT,excitatory,train,3566,137,114,3690,3690,193,3236,116,0,1.0,0.05230352303523035
864691136620192653,MC,inhibitory,train,12023,3840,2632,3762,3762,259,3361,137,0,1.0,0.06884635832004253
864691136619344859,PV,inhibitory,train,16080,5830,2636,11508,11508,635,9904,298,0,1.0,0.05517900590893292
864691136619828877,L6CT,excitatory,train,2081,149,125,2388,2388,60,2124,35,0,1.0,0.02512562814070352
864691136619882637,L5IT,excitatory,train,4220,463,399,4647,4647,26,4163,7,0,1.0,0.005595007531740908
864691136674749575,L2IT,excitatory,train,6490,1289,1112,5699,5699,347,4985,125,0,1.0,0.06088787506580102
864691136675220103,L6CT,excitatory,train,1869,153,112,2466,2466,49,2160,21,0,1.0,0.019870235198702353
864691136724880893,L3IT,excitatory,train,2896,108,85,3282,3282,23,3014,10,0,1.0,0.007007921998781231
864691136675339655,AltBasket,inhibitory,train,3223,291,245,3560,3560,23,2964,4,0,1.0,0.0064606741573033704
864691136675875719,L3IT,excitatory,train,4919,907,792,2641,2641,56,2184,28,0,1.0,0.021204089360090876
864691136675427975,L5IT,excitatory,train,5787,807,724,1937,1937,191,1669,96,0,1.0,0.0986060918946825
864691136814025587,PV,inhibitory,train,9755,2694,958,7829,7829,379,6184,139,0,1.0,0.04840975858985822
864691136813937267,L2IT,excitatory,train,5344,635,517,5565,5565,402,4852,148,0,1.0,0.07223719676549865
864691136814345075,MC,inhibitory,train,7324,4837,2556,6577,6577,332,5738,172,0,1.0,0.050478941766762965
864691136813553523,PV,inhibitory,train,9868,2343,1012,5251,5251,268,4332,106,0,1.0,0.05103789754332508
864691136742708828,L6CT,excitatory,train,1449,74,62,1566,1566,40,1439,25,0,1.0,0.02554278416347382
864691136812081779,L2IT,excitatory,train,7936,1068,915,7102,7102,41,6321,19,0,1.0,0.005773021684032667
864691136905560754,L5IT,excitatory,train,7812,864,747,6621,6621,361,5641,143,0,1.0,0.05452348587826612
864691136905941426,PV,inhibitory,test,17733,6705,3438,14340,14340,647,12497,282,0,1.0,0.04511854951185495
864691136904656818,L2IT,excitatory,test,4783,388,342,4312,4312,223,3949,113,0,1.0,0.05171614100185529
864691136905458866,L5ET,excitatory,train,5046,417,358,3331,3331,161,2981,82,0,1.0,0.048333833683578506
864691136904967346,L6CT,excitatory,test,2149,217,167,2487,2487,85,2199,51,0,1.0,0.03417772416566144
864691136904761266,L2IT,excitatory,train,7574,846,722,5862,5862,22,5348,9,0,1.0,0.0037529853292391675
864691136906003634,astrocyte,glia,train,1699,60,39,108,108,24,88,5,0,1.0,0.2222222222222222
864691136927801674,L4IT,excitatory,train,3505,708,621,1301,1301,103,1144,63,0,1.0,0.07916986933128363
864691136953958879,L2IT,excitatory,train,3881,251,235,1608,1608,72,1548,47,0,1.0,0.04477611940298507
864691136927688266,L4IT,excitatory,train,5972,909,791,1657,1657,142,1455,71,0,1.0,0.08569704284852142
864691136927732810,L3IT,excitatory,train,5502,625,551,5150,5150,341,4536,138,0,1.0,0.06621359223300971
864691136953677535,L4IT,excitatory,train,7122,1048,910,1524,1524,31,1210,17,0,1.0,0.020341207349081365
864691136968429774,L4IT,excitatory,train,3951,249,225,2120,2120,162,1985,105,0,1.0,0.07641509433962264
864691136968542926,L3IT,excitatory,train,6279,476,409,5260,5260,336,4751,159,0,1.0,0.06387832699619772
864691136974813212,L5IT,excitatory,train,6514,984,870,1761,1761,191,1494,98,0,1.0,0.1084611016467916
864691136968585678,L2IT,excitatory,train,5856,397,347,2759,2759,125,2600,68,0,1.0,0.04530627038782167
864691136968094158,L6CT,excitatory,train,4116,545,419,3109,3109,84,2803,48,0,1.0,0.027018333869411385
864691136991390869,L5IT,excitatory,train,7162,711,637,2635,2635,124,2374,68,0,1.0,0.047058823529411764
864691136991359893,L3IT,excitatory,train,4677,295,258,3660,3660,235,3261,119,0,1.0,0.06420765027322405
864691137022180974,MC,inhibitory,train,12228,7796,3996,5217,5217,169,4415,93,0,1.0,0.03239409622388346
864691137055253878,L6CT,excitatory,train,2564,202,171,1731,1731,46,1601,30,0,1.0,0.02657423454650491
864691136991901845,L6IT,excitatory,test,4431,595,502,2612,2612,55,2238,33,0,1.0,0.02105666156202144
864691137021162094,L6CT,excitatory,train,2081,128,93,1762,1762,62,1595,43,0,1.0,0.03518728717366629
864691137055367798,L3IT,excitatory,train,3746,329,277,3381,3381,254,2963,118,0,1.0,0.075125702454895
864691137055405174,L4IT,excitatory,train,5969,1168,1072,2321,2321,87,1925,44,0,1.0,0.037483843171046964
864691137198382657,L2IT,excitatory,train,4298,354,305,4950,4950,30,4165,17,0,1.0,0.006060606060606061
864691137055290998,AltDTC,inhibitory,test,3424,387,306,4031,4031,105,3377,42,0,1.0,0.026048127015628877
864691137056393846,L3IT,excitatory,train,4135,361,310,3157,3157,255,2783,106,0,1.0,0.08077288565093443
864691135476145832,oligo,glia,test,178,1,1,0,0,0,0,0,0,0.0,0.0
