epoch,train_loss,window_accuracy,window_balanced_accuracy,window_macro_precision,window_macro_f1,cell_accuracy,cell_balanced_accuracy,cell_macro_precision,cell_macro_f1,window_recall_AltBasket,window_recall_AltDTC,window_recall_ChC,window_recall_DTC,window_recall_ET,window_recall_IT,window_recall_ITC,window_recall_ITCperi,window_recall_L1,window_recall_L6CT,window_recall_MC,window_recall_NGC,window_recall_NMC,window_recall_NP,window_recall_OPC,window_recall_PV,window_recall_astrocyte,window_recall_microglia,window_recall_oligo,window_recall_thalamocortical,cell_recall_AltBasket,cell_recall_AltDTC,cell_recall_ChC,cell_recall_DTC,cell_recall_ET,cell_recall_IT,cell_recall_ITC,cell_recall_ITCperi,cell_recall_L1,cell_recall_L6CT,cell_recall_MC,cell_recall_NGC,cell_recall_NMC,cell_recall_NP,cell_recall_OPC,cell_recall_PV,cell_recall_astrocyte,cell_recall_microglia,cell_recall_oligo,cell_recall_thalamocortical,window_precision_AltBasket,window_precision_AltDTC,window_precision_ChC,window_precision_DTC,window_precision_ET,window_precision_IT,window_precision_ITC,window_precision_ITCperi,window_precision_L1,window_precision_L6CT,window_precision_MC,window_precision_NGC,window_precision_NMC,window_precision_NP,window_precision_OPC,window_precision_PV,window_precision_astrocyte,window_precision_microglia,window_precision_oligo,window_precision_thalamocortical,cell_precision_AltBasket,cell_precision_AltDTC,cell_precision_ChC,cell_precision_DTC,cell_precision_ET,cell_precision_IT,cell_precision_ITC,cell_precision_ITCperi,cell_precision_L1,cell_precision_L6CT,cell_precision_MC,cell_precision_NGC,cell_precision_NMC,cell_precision_NP,cell_precision_OPC,cell_precision_PV,cell_precision_astrocyte,cell_precision_microglia,cell_precision_oligo,cell_precision_thalamocortical
0,0.3722070472652139,0.5891334169782729,0.36531775046010734,0.25578644239111614,0.25799271775428406,0.7901498929336188,0.4440253681907951,0.5068276317673667,0.4124307935333253,0.04673587185108954,0.1721546170365068,0.0,0.19709740440971252,0.11738853953225464,0.6184245480727469,0.09350282485875706,0.18907069599937368,0.3191460884695175,0.6355456280841828,0.2784867186283429,0.19148936170212766,0.3535317825072474,0.08739684921230308,0.42840095465393796,0.8783160380166273,0.9996380891105034,0.8018045112781955,0.35473340587595215,0.17817332944266123,0.0,0.0,0.0,0.0,0.0,0.872791519434629,0.07142857142857142,0.0,0.6666666666666666,1.0,0.4375,0.3333333333333333,0.75,0.0,1.0,0.9714285714285714,1.0,1.0,0.3333333333333333,0.0,0.11989210284664831,0.030323089046493303,0.0,0.08368686748986799,0.19951963492254113,0.9205286166650453,0.2415118202159743,0.07359215017064846,0.1066890380313199,0.20021959101174064,0.5017942848704128,0.12116219257354123,0.16313745962347875,0.008137747974294497,0.12095687331536388,0.9067677913458511,0.8657449327854009,0.11201680672268907,0.008119147240486152,0.07614225857940941,0.0,0.0,0.0,0.0,0.0,0.9427480916030534,1.0,0.0,0.18181818181818182,0.4857142857142857,0.875,1.0,0.2,0.0,1.0,0.9444444444444444,1.0,1.0,1.0,0.0
1,0.33875062397317796,0.5985183132098787,0.3884611881271849,0.2665933873421554,0.2693332394436847,0.8051391862955032,0.49721487907046774,0.6326397704217254,0.47809026078604727,0.06190433576446373,0.19756621331424482,0.0,0.20362824448785932,0.20987776443156927,0.6240299780870978,0.08591337099811676,0.23455726923980272,0.3426353476544201,0.6442664892395187,0.2942637259964102,0.21924420450936805,0.3458483584340899,0.09489872468117029,0.5513126491646778,0.8872795095140776,0.9996783014315587,0.8129323308270676,0.39934711643090315,0.1715786402100963,0.0,0.0,0.0,0.3333333333333333,0.08333333333333333,0.8833922261484098,0.07142857142857142,0.25,0.6666666666666666,1.0,0.4375,0.6666666666666666,0.75,0.0,1.0,0.9714285714285714,1.0,1.0,0.3333333333333333,0.0,0.15155000547705116,0.03067007445271697,0.0,0.08935701163502756,0.28640851589015737,0.9244951611475811,0.2411459985199281,0.07672018642288289,0.10618441246007715,0.2080729373182131,0.5184768011090413,0.16073756751722854,0.17120522692801307,0.008339926160337553,0.10885956644674835,0.9057291653480312,0.8720053316496545,0.1109105083911206,0.012970031099802092,0.0814359315273392,0.0,0.0,0.0,0.3333333333333333,1.0,0.946969696969697,1.0,1.0,0.2,0.5204081632653061,0.875,1.0,0.2,0.0,1.0,0.9444444444444444,1.0,1.0,1.0,0.0
2,0.3317010033656645,0.5907790940444638,0.3856749142095922,0.28506438773341336,0.28822191310092693,0.7922912205567452,0.5046849677196525,0.6364553901459624,0.4901485168459121,0.06895163094545617,0.18611309949892627,0.0,0.23471950879151549,0.21687274782731578,0.6055986832580649,0.08817325800376648,0.24802317388240822,0.2935153583617747,0.6700488716742311,0.33166138034471737,0.21486186090822484,0.3281010629522261,0.10452613153288322,0.5298329355608592,0.8864759221413123,0.9994370275052276,0.8117293233082706,0.3394994559303591,0.1696819375547126,0.0,0.0,0.0,0.6666666666666666,0.16666666666666666,0.8586572438162544,0.07142857142857142,0.25,0.6666666666666666,1.0,0.4375,0.6666666666666666,0.5,0.0,1.0,0.9714285714285714,1.0,1.0,0.3333333333333333,0.0,0.16883970636572807,0.03163498098859316,0.0,0.08501647762883888,0.326942331863403,0.9299256240800134,0.2416391412056152,0.07481049424988784,0.1097268087661363,0.20482516991484281,0.5080730212936923,0.1740674041677386,0.17124686315996654,0.007274309332173157,0.23730625334045966,0.9101743342144265,0.938240845602114,0.21258664146187775,0.01227524884919542,0.07161771045015088,0.0,0.0,0.0,0.5,1.0,0.94921875,1.0,1.0,0.2,0.4811320754716981,0.875,1.0,0.14285714285714285,0.0,1.0,0.9444444444444444,1.0,1.0,1.0,0.0
3,0.32705573993798437,0.5960914551002379,0.40207977874528766,0.288051560958876,0.2962577386965703,0.815845824411135,0.49611838784239753,0.6229317392504778,0.48875727877080083,0.07210613450266232,0.19022906227630637,0.0,0.21819704158526373,0.2786688334628701,0.6105589547025594,0.09436911487758945,0.21983872230486182,0.3303218898480894,0.6624131676290506,0.3318171014564022,0.21035249285487456,0.32869028258973815,0.13115778944736184,0.6109785202863962,0.8907071568880335,0.9996783014315587,0.8189473684210526,0.4733405875952122,0.1671432740005836,0.0,0.0,0.0,0.3333333333333333,0.5833333333333334,0.8833922261484098,0.07142857142857142,0.25,0.6666666666666666,1.0,0.5,0.3333333333333333,0.5,0.0,1.0,0.9714285714285714,1.0,1.0,0.3333333333333333,0.0,0.1738403451995685,0.0328756108121482,0.0,0.09097891355955873,0.3121240899018677,0.9305569837189375,0.22742125805573205,0.08366355808479575,0.10777763221101358,0.2229845031516302,0.5052539623112442,0.16552551351891648,0.17036195502131662,0.007358924713079103,0.2740899357601713,0.9090876873228028,0.9347973227043694,0.22214064284548865,0.013308450100960656,0.08883236922504303,0.0,0.0,0.0,0.25,1.0,0.9505703422053232,1.0,1.0,0.2,0.5368421052631579,0.8,1.0,0.15384615384615385,0.0,1.0,0.9444444444444444,1.0,1.0,1.0,0.0
4,0.3236376707281073,0.6010004396721185,0.4133128412348162,0.29881487279154745,0.3032009354312492,0.8137044967880086,0.5405165962609705,0.6311665864167808,0.5162310759183106,0.070629558369502,0.2054402290622763,0.0,0.20993580798213787,0.2731717657033844,0.6168046237769748,0.10642184557438794,0.23988099898222814,0.3250351335073278,0.7038392383306007,0.3055002335816675,0.25773261352810417,0.33778783379292465,0.1086521630407602,0.6479713603818615,0.8882046270759341,0.9996783014315587,0.8195488721804511,0.5505984766050055,0.18611030055442077,0.0,0.0,0.0,0.6666666666666666,0.5833333333333334,0.872791519434629,0.07142857142857142,0.25,0.6666666666666666,1.0,0.4375,0.6666666666666666,0.75,0.0,1.0,0.9714285714285714,1.0,1.0,0.3333333333333333,0.0,0.18280254777070062,0.0338243959929287,0.0,0.0984271544843108,0.3566802590549292,0.929399306382866,0.26610472782068184,0.08308927215533138,0.11398465185046115,0.2097363514055751,0.552852884030672,0.17946223244295065,0.17835631440091593,0.007835252323977315,0.2874536791953414,0.9133797015397407,0.9276811702365848,0.2450759960428096,0.01563127490655216,0.09570541100207076,0.0,0.0,0.0,0.5,1.0,0.946360153256705,1.0,1.0,0.2,0.5204081632653061,1.0,0.6666666666666666,0.21428571428571427,0.0,1.0,0.9444444444444444,1.0,1.0,1.0,0.0
5,0.320957172234148,0.6044155289222589,0.4131971343055407,0.3079104312079048,0.3132882013751129,0.8094218415417559,0.5240692278399178,0.5867466284759518,0.49134879139226845,0.09103315584589915,0.20669291338582677,0.0,0.2241138710577728,0.27940366000141315,0.6191034404240336,0.11551789077212805,0.2325217255147577,0.3185437997724687,0.719562135145625,0.2863957119323351,0.28771038424896794,0.3463433029296,0.09939984996249063,0.6563245823389021,0.8962355403877061,0.9996380891105034,0.8171428571428572,0.48313384113166485,0.171928800700321,0.0,0.0,0.0,0.6666666666666666,0.5833333333333334,0.872791519434629,0.07142857142857142,0.0,0.6666666666666666,1.0,0.375,0.6666666666666666,0.75,0.0,1.0,0.9714285714285714,1.0,1.0,0.3333333333333333,0.0,0.19556858598481208,0.03296326949970033,0.0,0.09693852914191897,0.3563421403597304,0.9319147855781214,0.24911667952727126,0.08198757763975155,0.11099452022851813,0.20776452560921221,0.5637674846328832,0.2032483847810481,0.17468261138319624,0.008435639782264996,0.3384615384615385,0.9085320628056369,0.9523426426081293,0.3282590310498973,0.018461538461538463,0.09051664541502158,0.0,0.0,0.0,0.3333333333333333,1.0,0.95,1.0,0.0,0.2,0.5204081632653061,1.0,1.0,0.2,0.0,1.0,0.9444444444444444,1.0,1.0,1.0,0.0
6,0.3187320265403739,0.613934883981829,0.4120737465348907,0.30800424436148227,0.3115770404057504,0.8179871520342612,0.5167657438649629,0.6238173202641356,0.5080040978344776,0.06852655599803123,0.20239799570508232,0.0,0.23243092380686575,0.2769589486327987,0.6331851858098848,0.08613935969868174,0.24559617944100837,0.34437529277922774,0.7140016950629312,0.34874152754214716,0.24248967926325818,0.3227038110726154,0.10977744436109027,0.6062052505966588,0.8957320581757574,0.9994772398262828,0.8249624060150376,0.5027203482045702,0.17297928217099504,0.0,0.0,0.0,0.3333333333333333,0.5833333333333334,0.8798586572438163,0.07142857142857142,0.25,0.6666666666666666,1.0,0.5625,0.6666666666666666,0.5,0.0,1.0,0.9714285714285714,1.0,1.0,0.3333333333333333,0.0,0.19515769353297227,0.03395988469853471,0.0,0.09272909475559514,0.37352061138533665,0.9309892658006009,0.2687110797791094,0.08863584990958409,0.10920589109121005,0.2174548647631546,0.5219380558111009,0.20786149825783973,0.17695638126009694,0.00908103635517402,0.39502332814930013,0.9095813405263277,0.9500057332874671,0.2592872672275262,0.0205708179349036,0.09141094834232845,0.0,0.0,0.0,0.25,1.0,0.9467680608365019,1.0,1.0,0.2,0.5368421052631579,0.8181818181818182,1.0,0.18181818181818182,0.0,1.0,0.918918918918919,1.0,1.0,1.0,0.0
7,0.31688742573988227,0.6175289767023271,0.4246298109568499,0.3068139545501332,0.3143623355668021,0.8179871520342612,0.5149447160303586,0.5665726842511092,0.49535038411476523,0.0719495279430847,0.20150322118826056,0.0,0.22528607312308122,0.30882498410231046,0.6379634353920779,0.10154425612052731,0.22398809989822283,0.3360101719868835,0.683957892735784,0.35092981895371805,0.25906637027627816,0.33349831483183673,0.16266566641660415,0.6431980906921241,0.898904244131828,0.9996380891105034,0.8321804511278196,0.6191512513601741,0.1777064487890283,0.0,0.0,0.0,0.3333333333333333,0.5833333333333334,0.8869257950530035,0.07142857142857142,0.0,0.6666666666666666,1.0,0.4375,0.6666666666666666,0.5,0.0,1.0,0.9714285714285714,1.0,1.0,0.6666666666666666,0.0,0.20034886618489908,0.03552835010885685,0.0,0.09989109989109989,0.35119238927813845,0.9305397520506969,0.2625505185762283,0.09139991054884672,0.11141437003505969,0.24431159071746672,0.5318345547137001,0.22918305427576133,0.17563022081000906,0.009408242517156846,0.3176193282262817,0.9072523918474424,0.9507764093934062,0.26332318233726687,0.01771206225680934,0.09954884268340526,0.0,0.0,0.0,0.2,1.0,0.9471698113207547,1.0,0.0,0.2,0.5543478260869565,0.7777777777777778,1.0,0.16666666666666666,0.0,1.0,0.918918918918919,1.0,1.0,1.0,0.0
8,0.31526096421934574,0.6313749363795269,0.4156149583257594,0.30284505985222127,0.3108909361043029,0.8222698072805139,0.5219935882108098,0.5802804975086273,0.5004972878548518,0.08040628216027562,0.18647100930565497,0.0,0.25219090147920736,0.2866106125909701,0.6612074163718474,0.11137476459510358,0.2461442104439051,0.3227598206518102,0.7203938249015833,0.3531836771491562,0.25951095585900286,0.3031417191072144,0.1086521630407602,0.6420047732696897,0.8934701085338995,0.9995978767894483,0.8312781954887218,0.4646354733405876,0.17365042311059237,0.0,0.0,0.0,0.6666666666666666,0.5833333333333334,0.8869257950530035,0.14285714285714285,0.0,0.6666666666666666,1.0,0.5,0.6666666666666666,0.5,0.0,1.0,0.9714285714285714,1.0,1.0,0.3333333333333333,0.0,0.21211048158640228,0.03938763938763939,0.0,0.09335675173055068,0.3653887727895078,0.9264081199400536,0.2670821478571106,0.08996222959826028,0.11045712715280323,0.22370375836284928,0.5405883459825629,0.2153586675802456,0.1734077549479588,0.011789924973204717,0.2574162679425837,0.9145143356164036,0.9323381591778561,0.25009048136083967,0.022274387063119457,0.10842078414225331,0.0,0.0,0.0,0.3333333333333333,1.0,0.943609022556391,1.0,0.0,0.2,0.5483870967741935,0.8888888888888888,1.0,0.16666666666666666,0.0,1.0,0.9444444444444444,1.0,1.0,1.0,0.0
9,0.313826514738733,0.6221760552749518,0.4230124281559592,0.3165532323839821,0.32316638634289724,0.8201284796573876,0.5412605055040428,0.589554120562065,0.5063248688179379,0.07264307127835698,0.22279885468861846,0.0,0.22723974323192855,0.30014837843566733,0.644424157323112,0.10337099811676083,0.236044781961951,0.3526065716388945,0.7066828252104967,0.3337267340365371,0.3027627818355033,0.34014471234297294,0.14141035258814705,0.6933174224343676,0.9008760094446319,0.9995978767894483,0.8285714285714286,0.4602829162132753,0.17058651882112635,0.0,0.5,0.0,0.6666666666666666,0.5833333333333334,0.8869257950530035,0.07142857142857142,0.0,0.6666666666666666,1.0,0.4375,0.6666666666666666,0.5,0.0,1.0,0.9714285714285714,1.0,1.0,0.3333333333333333,0.0,0.20102773650321942,0.03270807061790668,0.0,0.1008971944086448,0.3535521672548106,0.9310615129832086,0.2776850306065665,0.08833611672672936,0.11183037609304695,0.2375738274156011,0.5501080788975953,0.2403569807895931,0.17660735700824787,0.009624630885619219,0.4164874551971326,0.9076157302135442,0.9621086039400859,0.2973235484567235,0.024905793688177108,0.0947012036092077,0.0,0.2,0.0,0.3333333333333333,1.0,0.9471698113207547,1.0,0.0,0.2,0.5604395604395604,0.875,1.0,0.16666666666666666,0.0,1.0,0.918918918918919,1.0,1.0,1.0,0.0
10,0.31251817798937953,0.6263240688726164,0.4211828031645084,0.3048320916601395,0.3148687606528053,0.8179871520342612,0.5006903300654464,0.551838179592625,0.4766871214131065,0.08309096603874894,0.19720830350751611,0.0,0.2372313703600335,0.301985444782025,0.6494034040196611,0.09704331450094161,0.24849291474203397,0.30716723549488056,0.7356969164112191,0.3536508404842107,0.2750079390282629,0.3251785335501662,0.11540385096274068,0.6443914081145584,0.8956700529772416,0.9995978767894483,0.8252631578947368,0.5266594124047879,0.1843303180624453,0.0,0.0,0.0,0.3333333333333333,0.5833333333333334,0.8869257950530035,0.07142857142857142,0.0,0.6666666666666666,1.0,0.5,0.6666666666666666,0.5,0.0,1.0,0.9714285714285714,1.0,1.0,0.3333333333333333,0.0,0.19313572542901716,0.04181369759059002,0.0,0.09762260250373263,0.3315542867781674,0.9292708657030424,0.2886673015517338,0.09235872664843159,0.11322988874361695,0.22191719290197567,0.5260591283145383,0.22549734402666388,0.17490904019979464,0.012589511014117165,0.27892561983471076,0.912815107464505,0.9397399062452745,0.27889013111088523,0.0333678042054464,0.09944586127640817,0.0,0.0,0.0,0.2,1.0,0.943609022556391,1.0,0.0,0.2,0.5483870967741935,0.8,0.6666666666666666,0.18181818181818182,0.0,1.0,0.9444444444444444,1.0,1.0,1.0,0.0
11,0.31139411913747145,0.6257470507734683,0.4285132638375976,0.3137770705381741,0.32488494114156774,0.8244111349036403,0.5395374478599325,0.584519185957842,0.5080389390214103,0.0800930690411204,0.19541875447387258,0.0,0.25157689087356966,0.306224828658235,0.6482170993726922,0.12333333333333334,0.24191654270727314,0.34450913471190525,0.7222077006550547,0.35495398031357317,0.28828199428389967,0.30877465884182986,0.14228557139284823,0.7303102625298329,0.8962851445465188,0.9995978767894483,0.8285714285714286,0.5092491838955386,0.16994455792238108,0.0,0.0,0.0,0.6666666666666666,0.5833333333333334,0.8869257950530035,0.14285714285714285,0.0,1.0,1.0,0.5,0.6666666666666666,0.5,0.0,1.0,0.9714285714285714,1.0,1.0,0.3333333333333333,0.0,0.20388404806651858,0.04129793510324484,0.0,0.09911375981351571,0.3327089602653074,0.9306111741707656,0.2670989844610302,0.09452142791594016,0.10942016663832682,0.2342775214035376,0.5554857245465973,0.2083543722745008,0.1792594822396147,0.010496315221501766,0.31368528959507946,0.9126921988968137,0.9630404463040446,0.3735593220338983,0.02499332443257677,0.107263886842493,0.0,0.0,0.0,0.3333333333333333,1.0,0.943609022556391,1.0,0.0,0.2727272727272727,0.5483870967741935,0.8888888888888888,1.0,0.2,0.0,1.0,0.918918918918919,1.0,1.0,1.0,0.0
12,0.31033358042038833,0.6234806358665211,0.4297668235014251,0.30535659890489464,0.3108654395035283,0.8244111349036403,0.5642868212935165,0.5940700947299916,0.5200503886347144,0.0808984742046624,0.19810307802433785,0.0,0.25794027351381527,0.3151134035186886,0.6452316597161021,0.09939736346516008,0.21827291943944258,0.36364853108478884,0.7330513509017893,0.3231540901379361,0.2832645284217212,0.3440806995215537,0.13715928982245562,0.720763723150358,0.8954021905196532,0.9995978767894483,0.8342857142857143,0.5255712731229597,0.19063320688648963,0.0,0.0,0.0,0.6666666666666666,0.6666666666666666,0.8869257950530035,0.07142857142857142,0.0,1.0,1.0,0.375,0.6666666666666666,0.75,0.0,1.0,0.9714285714285714,1.0,1.0,0.6666666666666666,0.0,0.2169036050626837,0.03668721415788427,0.0,0.09748739478070083,0.3389523925335928,0.9306821695210774,0.28928473554398465,0.10232694707479997,0.11592038739680441,0.23048703950907534,0.5663377429223941,0.26809329165664825,0.17432474386836386,0.011111673841478856,0.20093147039254824,0.9142776826686386,0.9465747686683675,0.22644897959183674,0.03435033070194154,0.10059280930017707,0.0,0.0,0.0,0.3333333333333333,1.0,0.9471698113207547,1.0,0.0,0.2727272727272727,0.5483870967741935,1.0,1.0,0.21428571428571427,0.0,1.0,0.9714285714285714,1.0,1.0,1.0,0.0
13,0.3093929448983415,0.6281169907289401,0.4256837536985809,0.32308023314975526,0.33003521600731284,0.8179871520342612,0.5254397034990304,0.5352512577425453,0.48915002016409376,0.07385117902366996,0.2029348604151754,0.0,0.24203181691320122,0.3195364940295344,0.6539012415437141,0.09531073446327684,0.22985986064354497,0.2955229873519374,0.7135818897575427,0.32599804938817994,0.2982534137821531,0.3766291922977209,0.1646661665416354,0.7064439140811456,0.8974359610309728,0.9995978767894483,0.8318796992481203,0.4766050054406964,0.18395097753136855,0.0,0.0,0.0,0.6666666666666666,0.6666666666666666,0.8869257950530035,0.0,0.0,0.6666666666666666,1.0,0.375,0.6666666666666666,0.75,0.0,1.0,0.9714285714285714,1.0,1.0,0.3333333333333333,0.0,0.21257003026595403,0.037638155929503134,0.0,0.10347707801350739,0.343950594749171,0.9300131239760949,0.29763585038814394,0.09221395144319859,0.11644341314207363,0.24779951369252604,0.5385323585161116,0.22573667259529875,0.17781041715347554,0.010474577080002863,0.4625,0.9126194247434953,0.9508836355290338,0.34845049130763417,0.032715864953689874,0.09705927636643571,0.0,0.0,0.0,0.3333333333333333,1.0,0.943609022556391,0.0,0.0,0.2,0.5483870967741935,1.0,1.0,0.2,0.0,1.0,0.9444444444444444,1.0,1.0,1.0,0.0
14,0.30853459217500845,0.6363791969920818,0.4330903129784691,0.3295721278324,0.3377675532051572,0.8244111349036403,0.5401640142759726,0.6067836969172781,0.5243635493229677,0.08181574119647411,0.20740873299928417,0.0,0.23125872174155734,0.3135730940436657,0.6653847829723116,0.107984934086629,0.22171768574336492,0.3236967141805528,0.7172650872482158,0.3576094350601985,0.31787869164814225,0.3227038110726154,0.15941485371342837,0.7004773269689738,0.8975376495565388,0.9995576644683931,0.8333834586466166,0.5712731229597389,0.1987744382842136,0.0,0.0,0.0,0.3333333333333333,0.6666666666666666,0.8869257950530035,0.07142857142857142,0.0,0.6666666666666666,1.0,0.5,0.6666666666666666,0.5,0.0,1.0,0.9714285714285714,1.0,1.0,0.6666666666666666,0.3333333333333333,0.20541481772734932,0.038420738579858116,0.0,0.10394139341177651,0.36658902050189157,0.9289916675497573,0.27679088627148096,0.10702947845804989,0.11216752081255943,0.24772055182752517,0.5575318485580302,0.22984019103600295,0.1802527646129542,0.012410691689216812,0.5047291487532244,0.9135085057668569,0.9649081945576646,0.39066685464542505,0.029535864978902954,0.0914202890770738,0.0,0.0,0.0,0.2,1.0,0.9471698113207547,1.0,0.0,0.2,0.5483870967741935,0.8,0.6666666666666666,0.2222222222222222,0.0,1.0,0.9444444444444444,1.0,1.0,1.0,1.0
15,0.3077371490077972,0.6323619301688489,0.4370703499645643,0.3243029819985822,0.3314116174656326,0.8244111349036403,0.5505023601406343,0.5894904638345713,0.5189053194841051,0.08239742270347666,0.2106299212598425,0.0,0.2410828914317611,0.3150427471207518,0.6636973911136786,0.11883239171374764,0.2437172160025053,0.32690892056481297,0.716306663815159,0.27683115733569374,0.312035566846618,0.3788917957057673,0.16379094773693423,0.7255369928400954,0.895761820671045,0.9996783014315587,0.8372932330827068,0.6050054406964092,0.19089582725415816,0.0,0.0,0.0,0.6666666666666666,0.6666666666666666,0.8869257950530035,0.14285714285714285,0.0,0.6666666666666666,1.0,0.375,0.6666666666666666,0.75,0.0,1.0,0.9714285714285714,1.0,1.0,0.6666666666666666,0.0,0.21364348280062648,0.03692085699049531,0.0,0.10220791821473366,0.3335926978901691,0.9288239847277642,0.2797357804672607,0.0930281206108239,0.11688280614442265,0.24881826936304857,0.5854000935891437,0.23965853658536584,0.17684201262842936,0.011910065368984734,0.4225156358582349,0.9154076022902679,0.9529285495246856,0.36626759636889883,0.030616740088105728,0.10655590846160111,0.0,0.0,0.0,0.3333333333333333,1.0,0.9471698113207547,1.0,0.0,0.2,0.5483870967741935,1.0,1.0,0.2,0.0,1.0,0.9714285714285714,1.0,1.0,1.0,0.0
16,0.3069623889516504,0.6426942249520939,0.4365109390893488,0.32956213513865,0.33804798029291033,0.8265524625267666,0.5820166582534073,0.6586266519784525,0.5519463976931559,0.07096514385431116,0.21420901932712957,0.0,0.24147362545353057,0.31409595138839824,0.6776217121861879,0.10749529190207156,0.2660299068347295,0.34056079769791875,0.7138987239502887,0.3189004450345455,0.28961575103207365,0.36774376016403876,0.14416104026006502,0.720763723150358,0.9018904144923511,0.9995576644683931,0.8306766917293233,0.5941240478781284,0.17992413189378464,0.0,0.5,0.0,0.6666666666666666,0.5833333333333334,0.8904593639575972,0.07142857142857142,0.25,0.6666666666666666,1.0,0.375,0.6666666666666666,0.75,0.0,1.0,0.9714285714285714,1.0,1.0,0.6666666666666666,0.0,0.21082015153529177,0.03789773626721545,0.0,0.10109602486504171,0.3237727603787327,0.9282394303824278,0.27504457186912734,0.0878058864570144,0.11334580604926722,0.24914995604650778,0.5415072020040359,0.2742197366047267,0.17875923698229937,0.013562791135369125,0.46001523229246,0.9096765155438146,0.964945652173913,0.4385519212448396,0.03577981651376147,0.11749013928850441,0.0,0.3333333333333333,0.0,0.3333333333333333,1.0,0.9473684210526315,1.0,1.0,0.2,0.5666666666666667,1.0,1.0,0.21428571428571427,0.0,1.0,0.918918918918919,1.0,1.0,1.0,0.0
17,0.3062777812766244,0.6320682654893682,0.4399911410153486,0.3306577474789799,0.337832983004481,0.8308351177730193,0.5945479865742094,0.6210306775403728,0.5531355246985526,0.07532775515683028,0.20651395848246243,0.0,0.22087636059168295,0.32664452766197977,0.6617148286675297,0.11875706214689266,0.2286072183512096,0.35347654420129826,0.7089085854145379,0.28052748477621237,0.30663702762781836,0.396733366329633,0.1970492623155789,0.7434367541766109,0.8987058274965773,0.9995978767894483,0.837593984962406,0.6039173014145811,0.19480595272833381,0.0,0.5,0.0,0.6666666666666666,0.6666666666666666,0.8904593639575972,0.14285714285714285,0.0,1.0,1.0,0.375,0.6666666666666666,0.75,0.0,1.0,0.9714285714285714,1.0,1.0,0.6666666666666666,0.0,0.20020216434772267,0.04164260969976905,0.0,0.106322379557729,0.35537482319660535,0.9286516000623337,0.2754433476019918,0.10291837022416467,0.11573435000766888,0.2590007379433086,0.5542816426998316,0.3003234635481463,0.17435212230439376,0.010566543747904793,0.4737642585551331,0.9133532967337659,0.9514659725943505,0.350446709450107,0.03962304562004712,0.1290297642056436,0.0,0.5,0.0,0.3333333333333333,1.0,0.9473684210526315,1.0,0.0,0.2727272727272727,0.5604395604395604,1.0,1.0,0.21428571428571427,0.0,1.0,0.9714285714285714,1.0,1.0,1.0,0.0
18,0.3056021124098367,0.6226483109743975,0.43104326166107193,0.34069049117194133,0.34522720006398455,0.8265524625267666,0.566949728561687,0.6023529025606588,0.5296558952989339,0.09937804823482035,0.23246241947029347,0.0,0.2402456042422551,0.3247791987564474,0.6413614110840772,0.12903954802259887,0.24418695686213107,0.3625777956233688,0.716441318347076,0.32318687352986974,0.33451889488726577,0.32199674750760093,0.1800450112528132,0.6408114558472554,0.9025898331316098,0.9994370275052276,0.8312781954887218,0.49510337323177367,0.17038225853516195,0.0,0.5,0.0,0.6666666666666666,0.6666666666666666,0.8869257950530035,0.14285714285714285,0.0,1.0,1.0,0.4375,0.6666666666666666,0.5,0.0,1.0,0.9714285714285714,1.0,1.0,0.3333333333333333,0.0,0.2231151740418906,0.03310903807921701,0.0,0.10020954598370198,0.3735797532549861,0.9351049767913683,0.24638619201725998,0.09200047194855761,0.10665144386921517,0.2475687896363243,0.5607969736617555,0.234537115376052,0.1793360549218309,0.009854576561163387,0.6244186046511628,0.9105619248264784,0.9680233690360273,0.4641477749790092,0.04780918356624987,0.11590836906463395,0.0,0.3333333333333333,0.0,0.3333333333333333,1.0,0.943609022556391,1.0,0.0,0.2727272727272727,0.5604395604395604,0.875,1.0,0.18181818181818182,0.0,1.0,0.9444444444444444,1.0,1.0,1.0,0.0
19,0.3050418352664352,0.6247340726094169,0.43177991056842013,0.34094888533394885,0.3473027267484281,0.8308351177730193,0.5746251671581781,0.5956075310778558,0.5351900202103881,0.09385207391829611,0.20239799570508232,0.0,0.23600334914875803,0.3085423585105631,0.642609560997002,0.12858757062146892,0.21216628826430753,0.3726159405741819,0.7508019865503885,0.3378902248121102,0.3166084471260718,0.33955549270546087,0.14678669667416855,0.6992840095465394,0.8975178078930137,0.9995174521473379,0.8372932330827068,0.48639825897714906,0.19538955354537496,0.0,0.0,0.0,0.6666666666666666,0.6666666666666666,0.8869257950530035,0.14285714285714285,0.0,1.0,1.0,0.5,0.6666666666666666,0.75,0.0,1.0,0.9714285714285714,1.0,1.0,0.6666666666666666,0.0,0.2145231398619279,0.04064105788925222,0.0,0.10561550759392486,0.3629623472695537,0.932815699188659,0.24772339730798534,0.10921254130732651,0.11447368421052631,0.22795330694383656,0.5690407177363699,0.2793812699658129,0.18043935674565403,0.011013339837520404,0.5672797676669894,0.9145733977299436,0.9632988412200132,0.49161221967155216,0.04097158570119157,0.10449764349698805,0.0,0.0,0.0,0.3333333333333333,1.0,0.9507575757575758,1.0,0.0,0.2727272727272727,0.5425531914893617,1.0,1.0,0.2727272727272727,0.0,1.0,0.9444444444444444,1.0,1.0,1.0,0.0
20,0.3044768789828401,0.6342501280658469,0.438543123921383,0.32296784826123087,0.33183114191615537,0.8244111349036403,0.5561707935917531,0.6000036782238999,0.5300004726161321,0.09174907154682536,0.208840372226199,0.0,0.22305330728439854,0.3204267646435385,0.6651746496254848,0.10941619585687383,0.23385265795036406,0.32362979321421403,0.7112373167312216,0.2832403104587216,0.30644649094950777,0.40554809210681375,0.19367341835458865,0.7076372315035799,0.8988323181015496,0.9995576644683931,0.8369924812030075,0.6213275299238302,0.1916836883571637,0.0,0.5,0.0,0.3333333333333333,0.6666666666666666,0.8904593639575972,0.14285714285714285,0.0,0.6666666666666666,1.0,0.3125,0.6666666666666666,0.75,0.0,1.0,0.9714285714285714,1.0,1.0,0.6666666666666666,0.0,0.21597851274489152,0.04075716830230852,0.0,0.10484611549864875,0.3463312561094819,0.9296697813439572,0.2773931725948914,0.0919246630147104,0.11840752166887028,0.26263096011091025,0.5452752488994778,0.2841410988752135,0.17271942503814341,0.011274392063526723,0.3238667394866193,0.9132631589558012,0.9543133566245633,0.3838620689655172,0.04402806692883029,0.11570640973702288,0.0,0.5,0.0,0.2,1.0,0.9473684210526315,1.0,0.0,0.2,0.5604395604395604,0.8333333333333334,1.0,0.1875,0.0,1.0,0.9714285714285714,1.0,1.0,1.0,0.0
21,0.3039255620643969,0.6279949054127515,0.44312758817345616,0.33706115196527986,0.3463399504329359,0.828693790149893,0.5707091270579274,0.5905769516764292,0.5435728316127455,0.13750055930914135,0.2294201861130995,0.0,0.21177783979905107,0.32750653571680916,0.6490196822558905,0.136045197740113,0.23800203554372504,0.30904102255236565,0.7287582475900799,0.3204658519993771,0.3309622102254684,0.310683730467369,0.1867966991747937,0.7362768496420048,0.9013001250024802,0.9995576644683931,0.835187969924812,0.6387377584330794,0.19238400933761307,0.0,0.5,0.0,0.6666666666666666,0.6666666666666666,0.8869257950530035,0.21428571428571427,0.0,0.6666666666666666,1.0,0.4375,0.6666666666666666,0.5,0.0,1.0,0.9714285714285714,1.0,1.0,0.6666666666666666,0.0,0.227815256875973,0.037506216904128024,0.0,0.11027466937945066,0.3546225173669553,0.9323513377082282,0.27770730019605583,0.08996212121212122,0.11446275870615938,0.2487482155989099,0.5787596210775607,0.23892709766162312,0.18539041404140413,0.010621734030073585,0.4854445318646735,0.9119304779016894,0.9625169409486931,0.47962003454231433,0.03729351969504447,0.12020712162925958,0.0,0.5,0.0,0.3333333333333333,1.0,0.9471698113207547,1.0,0.0,0.2,0.5543478260869565,0.875,0.6666666666666666,0.2,0.0,1.0,0.9444444444444444,1.0,1.0,1.0,0.0
22,0.3034464394665453,0.6229502246617288,0.4392843041791027,0.34860513501963264,0.3516110302700793,0.8222698072805139,0.5588043651531656,0.5850906086031944,0.5200445516968806,0.08367264754575149,0.21599856836077308,0.0,0.2206530840078147,0.3025789585246944,0.6422391921883807,0.11,0.23056447193298363,0.3509335474804256,0.7284176508328779,0.3529705851015875,0.30174658621784695,0.3318249310613024,0.1889222305576394,0.7637231503579952,0.896567888251751,0.9996380891105034,0.8336842105263158,0.602829162132753,0.1894368252115553,0.0,0.5,0.0,0.3333333333333333,0.5833333333333334,0.8869257950530035,0.07142857142857142,0.0,1.0,1.0,0.4375,0.6666666666666666,0.5,0.0,1.0,0.9714285714285714,1.0,1.0,0.6666666666666666,0.0,0.22555937518846872,0.034295618571347386,0.0,0.10425127907590062,0.3697780847940592,0.9335285152147886,0.2893589616565937,0.09726212886819248,0.11177185242023148,0.24893819179951113,0.5254700520992204,0.24813286676763985,0.1769229802581148,0.010263481432676046,0.631163708086785,0.9160618531620934,0.9749009765088827,0.581986143187067,0.04350215940321948,0.10034933687822672,0.0,0.25,0.0,0.2,1.0,0.9507575757575758,1.0,0.0,0.2727272727272727,0.5543478260869565,0.7777777777777778,1.0,0.16666666666666666,0.0,1.0,0.9444444444444444,1.0,1.0,1.0,0.0
23,0.3029906800815844,0.6339511015312633,0.4422367797979509,0.33267351193236844,0.3419398801076137,0.8308351177730193,0.5790111320704588,0.6401018407617375,0.5549763398764551,0.08913150476531388,0.19899785254115962,0.0,0.23471950879151549,0.3297816717303752,0.659274751810731,0.10694915254237287,0.2798089720504188,0.3002743759619889,0.7365998938605455,0.34896281543769925,0.32550015878056526,0.3207476018760753,0.16879219804951237,0.7315035799522673,0.8958585487807298,0.9995576644683931,0.8390977443609022,0.6365614798694232,0.20037934053107676,0.0,0.0,0.0,0.6666666666666666,0.6666666666666666,0.8869257950530035,0.14285714285714285,0.0,1.0,1.0,0.5,0.6666666666666666,0.5,0.0,1.0,0.9714285714285714,1.0,1.0,0.6666666666666666,0.3333333333333333,0.21054856780467182,0.04508229952160869,0.0,0.10022882204319015,0.3174367833290259,0.9300439103075704,0.29561188902191454,0.09263867288750648,0.12174078194101527,0.24510682487888963,0.5622565267341899,0.2809450718123013,0.18098999893605702,0.011961086598266972,0.44549418604651164,0.9170684520409174,0.974975485389292,0.4324240545567266,0.038880765652000535,0.11736254721334449,0.0,0.0,0.0,0.3333333333333333,1.0,0.9471698113207547,1.0,0.0,0.2727272727272727,0.5483870967741935,0.8888888888888888,1.0,0.2,0.0,1.0,0.9714285714285714,1.0,1.0,1.0,1.0
24,0.30257228865988073,0.6125106927764263,0.43552906276828923,0.3377184869131861,0.33961729019838716,0.8265524625267666,0.58621664585492,0.6386281118355145,0.5460164694194259,0.10855071815293749,0.22297780959198282,0.0,0.23148199832542563,0.3131350243764573,0.6259310172281233,0.11239171374764595,0.25013700775072417,0.3224921367864552,0.7371068285689392,0.27732290821469846,0.32759606224198157,0.37578071601970353,0.18979744936234058,0.6312649164677804,0.900888410484335,0.9995576644683931,0.838796992481203,0.6191512513601741,0.19069156696819375,0.0,0.5,0.0,0.6666666666666666,0.6666666666666666,0.8869257950530035,0.07142857142857142,0.25,0.6666666666666666,1.0,0.375,0.6666666666666666,0.75,0.0,1.0,0.9714285714285714,1.0,1.0,0.6666666666666666,0.0,0.22728124414465056,0.03736131934032984,0.0,0.10165710643722116,0.3839117101820891,0.9367457524437779,0.2956797463337297,0.10058240201479617,0.11380059509752988,0.24286545693698114,0.5678778215993958,0.24244418331374853,0.17796231806411286,0.0093436084301753,0.5166015625,0.9116809188316822,0.9703322012725925,0.4311330963054568,0.05319248387398336,0.09619772422828375,0.0,0.25,0.0,0.3333333333333333,1.0,0.9543726235741445,1.0,1.0,0.2,0.5543478260869565,1.0,0.6666666666666666,0.23076923076923078,0.0,1.0,0.9444444444444444,1.0,1.0,1.0,0.0
25,0.30214937536744374,0.6330333994078862,0.44353005018121133,0.3403988480718329,0.3492691055656199,0.8244111349036403,0.5505023601406343,0.5789810901673028,0.5150205232549451,0.09356123316479485,0.21492483894058698,0.0,0.22924923248674295,0.33373843001483783,0.6584110264486902,0.12378531073446328,0.2351835903859704,0.33125878337683196,0.720583925417231,0.3354806455049872,0.3170530327087964,0.33917839213745316,0.1991747936984246,0.7422434367541766,0.8977856703506022,0.9995576644683931,0.8381954887218045,0.6245919477693145,0.1931135103589145,0.0,0.0,0.0,0.3333333333333333,0.6666666666666666,0.8869257950530035,0.14285714285714285,0.0,1.0,1.0,0.375,0.6666666666666666,0.75,0.0,1.0,0.9714285714285714,1.0,1.0,0.6666666666666666,0.0,0.212618841832325,0.04068014768146869,0.0,0.10500076698880197,0.3495397093212563,0.9317732451743289,0.2863428446961446,0.09938792390405293,0.11296985188397198,0.2588990961455274,0.5526333553848438,0.2517270939438253,0.17945232810434697,0.011341064906772603,0.5052802599512591,0.9152881799930211,0.9795476040353089,0.519284516489659,0.04623811825358466,0.10957316467432697,0.0,0.0,0.0,0.2,1.0,0.9471698113207547,1.0,0.0,0.2727272727272727,0.5483870967741935,0.8571428571428571,1.0,0.23076923076923078,0.0,1.0,0.9444444444444444,1.0,1.0,1.0,0.0
26,0.30173230797497347,0.6460284739252986,0.4463579737492581,0.34586790386981214,0.35534526383668474,0.8308351177730193,0.5616532497321041,0.6284794835017646,0.5442481226680816,0.10172714662848449,0.20937723693629207,0.0,0.2187552330449344,0.31673850067123577,0.6800786559337019,0.12391713747645951,0.24653566116025993,0.3226259787191327,0.7196492645486301,0.35239687574274875,0.30663702762781836,0.32883169530274103,0.17054263565891473,0.7923627684964201,0.8984354848310482,0.9995576644683931,0.8330827067669173,0.6583242655059848,0.2012255617157864,0.0,0.0,0.0,0.3333333333333333,0.6666666666666666,0.8904593639575972,0.14285714285714285,0.0,1.0,1.0,0.5,0.6666666666666666,0.5,0.0,1.0,0.9714285714285714,1.0,1.0,0.6666666666666666,0.3333333333333333,0.22651190594799242,0.04368442668857111,0.0,0.10726994032955603,0.30263424381945103,0.9287947210557889,0.2823428448830723,0.08833099579242637,0.11881114917317692,0.2588395169354632,0.5395261876678294,0.2906857727737973,0.18179922860419057,0.014453133278233412,0.5429272281275552,0.9145308208111165,0.9801656151419559,0.602697998259356,0.04265970949090396,0.10482473474599459,0.0,0.0,0.0,0.2,1.0,0.9473684210526315,1.0,0.0,0.2727272727272727,0.5543478260869565,0.8,1.0,0.2222222222222222,0.0,1.0,0.9444444444444444,1.0,1.0,1.0,1.0
27,0.30138877244257845,0.6316574648984093,0.4389401088593732,0.32457402482480896,0.33327170416251695,0.8222698072805139,0.5329585004915114,0.5749541229824409,0.5074232216175678,0.09544051187972616,0.2095561918396564,0.0,0.21998325425620988,0.30708683671306436,0.6583723731574679,0.10983050847457627,0.24254286385344084,0.3175399852773874,0.7426118226679023,0.2958209371132584,0.3092410288980629,0.3849725423648919,0.15753938484621155,0.6801909307875895,0.8968853548681521,0.9995576644683931,0.8421052631578947,0.6626768226332971,0.2079077910709075,0.0,0.0,0.0,0.3333333333333333,0.6666666666666666,0.8869257950530035,0.14285714285714285,0.0,0.6666666666666666,1.0,0.375,0.6666666666666666,0.75,0.0,1.0,0.9714285714285714,1.0,1.0,0.6666666666666666,0.0,0.21208053691275167,0.04327420546932742,0.0,0.1084181568088033,0.31664918109226553,0.9312322996159967,0.29418886198547217,0.0984930374515165,0.1177887002283785,0.24059166343752966,0.5402161223695633,0.2691244749060358,0.17462981771529373,0.012604159372592955,0.4351145038167939,0.91678582293885,0.9691593886462883,0.3242241778601204,0.0531459987782529,0.10918536226553881,0.0,0.0,0.0,0.2,1.0,0.9471698113207547,1.0,0.0,0.2,0.5483870967741935,0.8571428571428571,1.0,0.2,0.0,1.0,0.9714285714285714,1.0,1.0,1.0,0.0
28,0.3010370463428969,0.6292842253397972,0.4434984893014849,0.336157521966299,0.34444801183845597,0.8265524625267666,0.5906026107672007,0.607401923019772,0.5374713267016344,0.10767819589243366,0.23711524695776665,0.0,0.22634663689645548,0.3075390376598601,0.6520746978366807,0.11137476459510358,0.23079934236279653,0.3682660777621629,0.7371939579719443,0.3286535041348053,0.3230866941886313,0.3374578707959179,0.17866966741685422,0.7601431980906921,0.898931526419175,0.9995576644683931,0.838796992481203,0.5995647442872688,0.18322147651006712,0.0,0.5,0.0,0.6666666666666666,0.6666666666666666,0.8869257950530035,0.07142857142857142,0.0,1.0,1.0,0.375,0.6666666666666666,0.75,0.0,1.0,0.9714285714285714,1.0,1.0,0.6666666666666666,0.0,0.21449262444850484,0.03487392746223088,0.0,0.10559895833333334,0.3673328157175168,0.9331581350535351,0.2828447080204697,0.09788491549623136,0.10766130610008999,0.24551481081879598,0.5709648023692904,0.2616769547325103,0.17742035414678875,0.010918899093784861,0.42924528301886794,0.9152136639908691,0.9714319212130686,0.4818590186592951,0.05547724526782118,0.12342257341667649,0.0,0.25,0.0,0.3333333333333333,1.0,0.9507575757575758,1.0,0.0,0.25,0.5543478260869565,1.0,1.0,0.23076923076923078,0.0,1.0,0.9714285714285714,1.0,1.0,1.0,0.0
29,0.30069627677372435,0.6289245685975119,0.4478777396184029,0.3238155219066008,0.332687102459381,0.8222698072805139,0.5467429616443936,0.5726984838846965,0.5066707857814274,0.0869166405655734,0.20150322118826056,0.0,0.2494557633268211,0.33834522716031934,0.6537360865721278,0.11435028248587571,0.22367493932513896,0.3056280532690892,0.7207185799491481,0.2928786276872137,0.3237218164496666,0.3849018360083905,0.21005251312828208,0.8138424821002387,0.8983883608801762,0.9995978767894483,0.8345864661654135,0.6605005440696409,0.19687773562882988,0.0,0.0,0.0,0.6666666666666666,0.6666666666666666,0.8869257950530035,0.07142857142857142,0.0,0.6666666666666666,1.0,0.375,0.6666666666666666,0.75,0.0,1.0,0.9714285714285714,1.0,1.0,0.6666666666666666,0.0,0.2301813011020263,0.04309223115193264,0.0,0.10671983952622027,0.35844424150785215,0.9323671594427477,0.296962879640045,0.10173414521240608,0.11285460116635367,0.2624618162623061,0.5644091354202861,0.23055002713949702,0.1748707021169517,0.010309657940277625,0.2919520547945205,0.9147969491867866,0.9671997198552585,0.3783231083844581,0.051951386511468675,0.12331395986402018,0.0,0.0,0.0,0.3333333333333333,1.0,0.9471698113207547,1.0,0.0,0.2,0.5483870967741935,1.0,0.6666666666666666,0.21428571428571427,0.0,1.0,0.9714285714285714,1.0,1.0,1.0,0.0
30,0.30038867589556945,0.6263842866299256,0.44634596923796294,0.33911571048334327,0.3472954464529497,0.828693790149893,0.5938920844514112,0.654916646631837,0.5600969967352473,0.07362745536713051,0.22745168217609163,0.0,0.23717555121406642,0.3175722461668904,0.6459815335658153,0.1075894538606403,0.2742503718781805,0.36612460683932274,0.7410038891397159,0.3362100759755108,0.3476024134645919,0.32633340403968986,0.18017004251062765,0.7482100238663485,0.8993730034326078,0.9995576644683931,0.8381954887218045,0.6169749727965179,0.19716953603735046,0.0,0.5,0.0,0.6666666666666666,0.6666666666666666,0.8869257950530035,0.07142857142857142,0.25,1.0,1.0,0.4375,0.6666666666666666,0.5,0.0,1.0,0.9714285714285714,1.0,1.0,0.6666666666666666,0.0,0.21281686497672012,0.03911852513003601,0.0,0.1041702419770036,0.34079949046131447,0.9338938363297383,0.2861077724358974,0.09743817974465244,0.11340270292678882,0.24465005347985155,0.5669232576459045,0.2664556962025316,0.17924320685592968,0.011048580015947985,0.4980142970611596,0.9145454132755616,0.9647958391554107,0.49309978768577495,0.06520989074180564,0.11146486308149126,0.0,0.3333333333333333,0.0,0.3333333333333333,1.0,0.9543726235741445,1.0,1.0,0.2727272727272727,0.5483870967741935,0.875,1.0,0.18181818181818182,0.0,1.0,0.9444444444444444,1.0,1.0,1.0,0.0
31,0.3000733436137477,0.6278550847296841,0.44672150300015884,0.3346860917390365,0.34228910062937556,0.8244111349036403,0.5505023601406343,0.5725802659453275,0.512642170234814,0.09611168284934449,0.21134574087329994,0.0,0.251018699413899,0.3242280788525401,0.6500900270291924,0.11177024482109228,0.25467783606044,0.29592451314996987,0.7522831864014764,0.29166564218566876,0.3199745951095586,0.3685215300855547,0.17341835458864716,0.7458233890214797,0.8976765412012143,0.9995576644683931,0.8403007518796992,0.6920565832426551,0.21126349576889408,0.0,0.0,0.0,0.6666666666666666,0.6666666666666666,0.8869257950530035,0.14285714285714285,0.0,0.6666666666666666,1.0,0.375,0.6666666666666666,0.75,0.0,1.0,0.9714285714285714,1.0,1.0,0.6666666666666666,0.0,0.2239016000416949,0.04471790988262022,0.0,0.10874927452118398,0.3544843568945539,0.9315903011650204,0.28482986994289006,0.10071207430340558,0.11932324131789848,0.2376698222512506,0.5711465622391988,0.25722454814663537,0.17925847797675004,0.011157859171245385,0.4470672389127325,0.9160107511097838,0.979817887973511,0.40592764782798196,0.05853119823302043,0.1269151211303159,0.0,0.0,0.0,0.3333333333333333,1.0,0.9507575757575758,1.0,0.0,0.2,0.5425531914893617,1.0,0.6666666666666666,0.21428571428571427,0.0,1.0,0.9714285714285714,1.0,1.0,1.0,0.0
32,0.29982688439906485,0.6230191038772812,0.4412286120159646,0.3494798259650514,0.3518348924828471,0.8265524625267666,0.5807341897145691,0.5986453287368619,0.535550749858457,0.0908094321893597,0.22619899785254116,0.0,0.23751046608986884,0.33079912386066557,0.6399783260454309,0.11338983050847458,0.24872778517184688,0.33340025429967207,0.7248770287289404,0.34697942022571365,0.3197205462051445,0.3353602488863749,0.2166791697924481,0.6455847255369929,0.8992142701244072,0.9993968151841724,0.8451127819548873,0.6387377584330794,0.1908666472133061,0.0,0.5,0.0,0.6666666666666666,0.6666666666666666,0.8869257950530035,0.07142857142857142,0.0,1.0,1.0,0.4375,0.6666666666666666,0.5,0.0,1.0,0.9714285714285714,1.0,1.0,0.6666666666666666,0.0,0.22221613927515602,0.03977970102281668,0.0,0.10330177227482398,0.37451403887688983,0.9347492701673996,0.292451913736157,0.09672999634636463,0.11695110213854785,0.2596678498769972,0.5479466238691223,0.2768672313276867,0.17992943943551548,0.009706888922496121,0.6605616605616605,0.9148316086689932,0.9775024582104228,0.4519864886601255,0.06668181301828922,0.11374069694651179,0.0,0.25,0.0,0.3333333333333333,1.0,0.9507575757575758,1.0,0.0,0.2727272727272727,0.5543478260869565,0.875,1.0,0.16666666666666666,0.0,1.0,0.9714285714285714,1.0,1.0,1.0,0.0
33,0.2995140242696566,0.6241153970206234,0.4480159130020346,0.3501398345066903,0.35613299331333453,0.8244111349036403,0.554418400240885,0.6260049561832244,0.5337595762844813,0.09539576714841827,0.22512526843235506,0.0,0.20614010605637734,0.3315198191196213,0.6402172736638962,0.11627118644067796,0.2347921396696156,0.3510673894131031,0.7423821178781614,0.3352347700654848,0.33947284852334075,0.33486530439086476,0.19642410602650662,0.7673031026252983,0.9012356395960237,0.9996380891105034,0.8378947368421052,0.6496191512513602,0.2077035307849431,0.0,0.0,0.0,0.3333333333333333,0.6666666666666666,0.8869257950530035,0.07142857142857142,0.0,1.0,1.0,0.4375,0.6666666666666666,0.5,0.0,1.0,0.9714285714285714,1.0,1.0,0.6666666666666666,0.3333333333333333,0.22384377132657882,0.04018655762841809,0.0,0.11459335339932356,0.347962800907729,0.9344211007875663,0.30218785179384267,0.10064433854621116,0.11415018386752834,0.24835051273218686,0.5609836380343697,0.256835327471049,0.18502409167860398,0.010471099498773595,0.553832902670112,0.912208604666342,0.9783926322418136,0.597725809912036,0.06397342477496785,0.10686885368966294,0.0,0.0,0.0,0.2,1.0,0.9507575757575758,1.0,0.0,0.2727272727272727,0.5483870967741935,0.7777777777777778,1.0,0.2,0.0,1.0,0.9444444444444444,1.0,1.0,1.0,1.0
34,0.2992691651381588,0.6334829703357429,0.4499359632902566,0.3461967146173183,0.352371788059392,0.8244111349036403,0.5505023601406343,0.5894904638345713,0.5189053194841051,0.0798917177502349,0.21045096635647817,0.0,0.24130616801562937,0.3392496290539108,0.6578656636488988,0.11348399246704331,0.24833633445549205,0.3275781302282005,0.7375266338743277,0.3149172629146075,0.329946014607812,0.3836526903768649,0.18254563640910226,0.7517899761336515,0.8983585983848886,0.9995576644683931,0.8396992481203007,0.6866158868335147,0.2060110884155238,0.0,0.0,0.0,0.6666666666666666,0.6666666666666666,0.8869257950530035,0.14285714285714285,0.0,0.6666666666666666,1.0,0.375,0.6666666666666666,0.75,0.0,1.0,0.9714285714285714,1.0,1.0,0.6666666666666666,0.0,0.22514343357921948,0.04598240469208211,0.0,0.1097598131315696,0.3819851069246436,0.9330616126215566,0.28798088410991635,0.10119636305630882,0.11481985363107525,0.25069868878059287,0.553269305533557,0.2789860909725579,0.1769482460622004,0.011823585623815617,0.5334462320067739,0.9155944610997923,0.9807844065656566,0.5188626649321687,0.05465569510610654,0.10273872929945575,0.0,0.0,0.0,0.3333333333333333,1.0,0.9471698113207547,1.0,0.0,0.2,0.5483870967741935,1.0,1.0,0.2,0.0,1.0,0.9714285714285714,1.0,1.0,1.0,0.0
35,0.2990416944994742,0.6431578191932965,0.45143822944619305,0.33658301713819744,0.347639962942461,0.8222698072805139,0.5368745405917621,0.6044445156307282,0.5202918315670395,0.09179381627813325,0.2151037938439513,0.0,0.22121127546748534,0.3276619797922702,0.6732412401100284,0.11527306967984934,0.25640021921240114,0.3155323562872248,0.7441563893575395,0.3386688303705343,0.34106065417592885,0.3397911805604657,0.16416604151037759,0.779236276849642,0.8984726879501578,0.9995576644683931,0.8403007518796992,0.7040261153427638,0.2116720163408229,0.0,0.0,0.0,0.3333333333333333,0.6666666666666666,0.8869257950530035,0.07142857142857142,0.0,0.6666666666666666,1.0,0.4375,0.6666666666666666,0.5,0.0,1.0,0.9714285714285714,1.0,1.0,0.6666666666666666,0.3333333333333333,0.22055582432940923,0.04494634109860524,0.0,0.10811621879688992,0.3514246741436799,0.9301801014502886,0.2923672143675965,0.09375626234576737,0.11687281560617703,0.2465218920067804,0.5641382699868939,0.26662032669678765,0.18457776412147284,0.013989813966373303,0.4424119241192412,0.9154654442164424,0.971052425970779,0.46212371816076747,0.05597854300051912,0.11397775124127962,0.0,0.0,0.0,0.2,1.0,0.9471698113207547,1.0,0.0,0.2,0.5483870967741935,0.7777777777777778,0.6666666666666666,0.2,0.0,1.0,0.9444444444444444,1.0,1.0,1.0,1.0
36,0.2988114424244365,0.6419377909321956,0.4407670568582861,0.3450588001169661,0.35355350408419944,0.8265524625267666,0.5439234127722132,0.6067836969172781,0.5305039002001607,0.10700702492281534,0.21671438797423048,0.0,0.2160759140385152,0.33183070727054337,0.6690814431873926,0.11740112994350282,0.25099819932670475,0.2712975975373084,0.7513485255328755,0.3725750534779081,0.3399174341060654,0.3143840297909449,0.1579144786196549,0.6730310262529833,0.8962082581003591,0.9994370275052276,0.8424060150375939,0.6398258977149075,0.20711992996790196,0.0,0.0,0.0,0.3333333333333333,0.6666666666666666,0.8869257950530035,0.14285714285714285,0.0,0.6666666666666666,1.0,0.5,0.6666666666666666,0.5,0.0,1.0,0.9714285714285714,1.0,1.0,0.6666666666666666,0.3333333333333333,0.22182543363324367,0.04441591784338896,0.0,0.10496203904555315,0.3587448056709851,0.9308146339031075,0.2983917288914417,0.09223245109321059,0.11979905437352247,0.24113815929959428,0.5284639797258809,0.24627277747101048,0.18103225981569698,0.013646382574120495,0.6038543897216274,0.9175009839145836,0.9682873616954963,0.5,0.06311044327573254,0.12162440027416038,0.0,0.0,0.0,0.2,1.0,0.9471698113207547,1.0,0.0,0.2,0.5483870967741935,0.8,0.6666666666666666,0.2222222222222222,0.0,1.0,0.9444444444444444,1.0,1.0,1.0,1.0
37,0.2985419059684564,0.6294223962212945,0.44755394635358614,0.34547389656744754,0.3521240568793475,0.8265524625267666,0.58621664585492,0.642823811073239,0.5494367766211244,0.11459125687950243,0.22584108804581246,0.0,0.22439296678760814,0.3333286229068042,0.653146448184209,0.11033898305084745,0.2708838957175292,0.26447165897075553,0.7373523750683174,0.2822486128527288,0.34360114322006985,0.38659878856442526,0.19792448112028008,0.752983293556086,0.899730153376059,0.9995978767894483,0.8409022556390977,0.6659412404787813,0.1996498395097753,0.0,0.5,0.0,0.6666666666666666,0.6666666666666666,0.8869257950530035,0.07142857142857142,0.25,0.6666666666666666,1.0,0.375,0.6666666666666666,0.75,0.0,1.0,0.9714285714285714,1.0,1.0,0.6666666666666666,0.0,0.22370719776380155,0.041196056669060524,0.0,0.10700026616981634,0.35634649666132884,0.9325740547483343,0.2971547395648425,0.09067561192934641,0.12001214697843911,0.2514641051130224,0.5493818297838399,0.26467710371819964,0.17601107379309605,0.011269229947818411,0.5496515679442509,0.9142376144800577,0.9734492481203008,0.5151068533529846,0.06457058451150031,0.12551825353146212,0.0,0.3333333333333333,0.0,0.3333333333333333,1.0,0.9507575757575758,1.0,1.0,0.2,0.5543478260869565,1.0,0.6666666666666666,0.23076923076923078,0.0,1.0,0.9444444444444444,1.0,1.0,1.0,0.0
38,0.29833665418965916,0.6314594887099954,0.4440189097902525,0.3415381346036828,0.34830591767987945,0.8222698072805139,0.5599008563812358,0.5926498775203006,0.5160061787772315,0.08812474831088639,0.22100930565497495,0.0,0.22874686017303936,0.31196212817070584,0.6566132970132953,0.10969868173258004,0.23729742425428638,0.35120123134578063,0.756299059794533,0.290018276741003,0.33623372499206094,0.3787032454217634,0.15603900975243812,0.7386634844868735,0.8980411317684874,0.9993968151841724,0.8390977443609022,0.6398258977149075,0.1993872191421068,0.0,0.0,0.0,0.6666666666666666,0.5833333333333334,0.8869257950530035,0.07142857142857142,0.0,1.0,1.0,0.375,0.6666666666666666,0.75,0.0,1.0,0.9714285714285714,1.0,1.0,0.6666666666666666,0.0,0.2200804559168622,0.04240634550012018,0.0,0.10814376946218399,0.34953054988204374,0.9330822607320055,0.29651310766098243,0.10378004519619256,0.11277775390037392,0.23638020072586116,0.5546394984326019,0.24804385512814506,0.17784172661870504,0.012189404594467886,0.5008090614886731,0.9157083859154859,0.9713515203626983,0.5223740872495787,0.07416750756811302,0.10940502113487896,0.0,0.0,0.0,0.3333333333333333,1.0,0.9471698113207547,1.0,0.0,0.2727272727272727,0.5483870967741935,1.0,1.0,0.21428571428571427,0.0,1.0,0.9444444444444444,1.0,1.0,1.0,0.0
39,0.29814594977604236,0.6319263825543383,0.4494284448684657,0.3446430666080717,0.3518554947849479,0.828693790149893,0.5943620092634413,0.6202460951612055,0.5521229031953162,0.08915387713096783,0.21886184681460272,0.0,0.24097125313982695,0.3184201229421324,0.6534837859985129,0.12148775894538606,0.2286072183512096,0.3594994311717861,0.7461445239170211,0.33730831960528795,0.3214353763099397,0.3565957246223102,0.1765441360340085,0.7219570405727923,0.9000525804083415,0.9995576644683931,0.8427067669172932,0.7105549510337323,0.19579807411730377,0.0,0.5,0.0,0.6666666666666666,0.6666666666666666,0.8869257950530035,0.14285714285714285,0.0,1.0,1.0,0.375,0.6666666666666666,0.75,0.0,1.0,0.9714285714285714,1.0,1.0,0.6666666666666666,0.0,0.21112582781456954,0.043464354254033694,0.0,0.10718275939121583,0.3681441665169017,0.9347027153087443,0.2716668070411859,0.09959411985401957,0.11252854060621295,0.24409962996361828,0.5594356165128387,0.28376787216148025,0.1784997994384276,0.011997009244154432,0.5670103092783505,0.9149272508616191,0.9776213324942972,0.49557835160948,0.055077597840755735,0.11179420536145682,0.0,0.5,0.0,0.3333333333333333,1.0,0.9507575757575758,1.0,0.0,0.25,0.5483870967741935,1.0,1.0,0.23076923076923078,0.0,1.0,0.9714285714285714,1.0,1.0,1.0,0.0
40,0.2979800949176727,0.6300352975045926,0.4472588783332763,0.35976833454056373,0.3629969825687463,0.8222698072805139,0.5697692774338673,0.5857388391152046,0.5201708873730977,0.11584410935612331,0.24606299212598426,0.0,0.20926597823053308,0.3348265385430651,0.6553988808818011,0.127909604519774,0.2466139513035309,0.33306564946797834,0.723815634183241,0.26363584208240104,0.36068593204191807,0.39121827052251995,0.20530132533133283,0.7482100238663485,0.9008809698605131,0.9993566028631172,0.8378947368421052,0.6071817192600653,0.19074992704989788,0.0,0.5,0.0,0.6666666666666666,0.6666666666666666,0.8869257950530035,0.07142857142857142,0.0,0.6666666666666666,1.0,0.3125,0.6666666666666666,0.75,0.0,1.0,0.9714285714285714,1.0,1.0,0.6666666666666666,0.0,0.21265760400837816,0.03905251498196484,0.0,0.1094662462041579,0.3589184276300841,0.9336792773021576,0.28029052492571804,0.09800261340302407,0.10990879579533158,0.2612632445692263,0.568231199985868,0.2545723507261969,0.1744765388496468,0.010795174386114855,0.6634920634920635,0.9140892778949382,0.9831862958420698,0.6595643939393939,0.08227661456797405,0.12167519776640298,0.0,0.25,0.0,0.3333333333333333,1.0,0.9471698113207547,1.0,0.0,0.2,0.5604395604395604,1.0,0.6666666666666666,0.2,0.0,1.0,0.9714285714285714,1.0,1.0,1.0,0.0
41,0.29773653244421716,0.6461942789830953,0.4499982524644721,0.347600303691988,0.35866925500438435,0.828693790149893,0.5564547410930152,0.5810322566054185,0.5357459332002281,0.10150342297194505,0.2147458840372226,0.0,0.2357242534189227,0.33720059351374265,0.6774727213182037,0.13627118644067795,0.24332576528615046,0.31017867898012447,0.7361721677003382,0.3474957586486686,0.3264528421721181,0.3339696905418464,0.1744186046511628,0.7875894988066826,0.8983486775531261,0.9995174521473379,0.838796992481203,0.6528835690968444,0.1978990370586519,0.0,0.5,0.0,0.3333333333333333,0.6666666666666666,0.8869257950530035,0.21428571428571427,0.0,0.6666666666666666,1.0,0.5,0.6666666666666666,0.5,0.0,1.0,0.9714285714285714,1.0,1.0,0.6666666666666666,0.0,0.22903730627492555,0.042796005706134094,0.0,0.10469296179686144,0.3652812858783008,0.9306011962914194,0.2841993637327678,0.09397109512003386,0.11495820828889605,0.2535927988496495,0.5435281449100722,0.2522699386503067,0.18103073817615045,0.0139982941146957,0.5246422893481717,0.916476264937996,0.9778127458693942,0.5907646685024359,0.06790402897238569,0.11684843472717561,0.0,0.5,0.0,0.2,1.0,0.9471698113207547,1.0,0.0,0.2,0.5543478260869565,0.8,0.6666666666666666,0.2,0.0,1.0,0.9714285714285714,1.0,1.0,1.0,0.0
42,0.2975687788916135,0.6370552031854368,0.44879647641839304,0.3526976632057769,0.3574275622429064,0.8244111349036403,0.5735286759301079,0.5984512233663337,0.5346462296326072,0.09472459617879994,0.21921975662133142,0.0,0.25353056098241694,0.3313502437645729,0.6653847829723116,0.12088512241054614,0.25467783606044,0.3177407481764037,0.7545881551537041,0.28073238097579767,0.33286757700857417,0.3851846614343963,0.15003750937734434,0.7577565632458234,0.8975426099724201,0.9995576644683931,0.8396992481203007,0.6724700761697497,0.1991829588561424,0.0,0.5,0.0,0.6666666666666666,0.6666666666666666,0.8869257950530035,0.14285714285714285,0.0,0.6666666666666666,1.0,0.3125,0.6666666666666666,0.75,0.0,1.0,0.9714285714285714,1.0,1.0,0.6666666666666666,0.0,0.2122518548225386,0.04740161745927331,0.0,0.10455801104972376,0.3569004094430661,0.9321875363066556,0.2681622592639011,0.09239902289382491,0.11787780232875691,0.23770919262314513,0.5731760374832664,0.2652730677734474,0.17505918142185375,0.014249243008965148,0.6401209677419355,0.9168904744048403,0.9850598398985496,0.5900253592561285,0.059343191857115424,0.11261053187277287,0.0,0.5,0.0,0.3333333333333333,1.0,0.9507575757575758,1.0,0.0,0.2,0.5483870967741935,1.0,0.6666666666666666,0.2,0.0,1.0,0.9714285714285714,1.0,1.0,1.0,0.0
43,0.2974018603238213,0.6407004397546086,0.45378847310514886,0.3543714916089496,0.3619773652130691,0.828693790149893,0.5666657810604249,0.6252229764695137,0.545608548750524,0.10761107879547184,0.23622047244094488,0.0,0.2063633826402456,0.32975340917120044,0.6699395462525283,0.10467043314500941,0.25898379394034293,0.3310580204778157,0.7267621921757796,0.35592928622359915,0.35795490631946647,0.32013481345306277,0.2010502625656414,0.8031026252983293,0.8960321633365741,0.9995576644683931,0.8384962406015037,0.675734494015234,0.20262620367668516,0.0,0.5,0.0,0.3333333333333333,0.6666666666666666,0.8904593639575972,0.07142857142857142,0.0,0.6666666666666666,1.0,0.5,0.6666666666666666,0.5,0.0,1.0,0.9714285714285714,1.0,1.0,0.6666666666666666,0.3333333333333333,0.22937529804482595,0.03954700701060579,0.0,0.10591302354896007,0.3620523800657854,0.9319701421036423,0.29305072234524937,0.0966573165030388,0.11299938326594942,0.2620496035826079,0.5508580996232734,0.2502553172594467,0.17893322443387652,0.012149878727889562,0.581174438687392,0.919426467107624,0.9840459224069675,0.6355140186915887,0.06822676334871457,0.11885933381260484,0.0,0.3333333333333333,0.0,0.2,1.0,0.9473684210526315,1.0,0.0,0.2,0.5604395604395604,0.8,0.6666666666666666,0.2,0.0,1.0,0.9714285714285714,1.0,1.0,1.0,1.0
44,0.2972513310057621,0.6350201729486986,0.45078217941766213,0.3491909989385546,0.3553975928555346,0.8308351177730193,0.616918400240885,0.6645160395160395,0.5771158432920369,0.09752114188554298,0.2256621331424481,0.0,0.23360312587217416,0.3363809792976754,0.6608349392018869,0.11760828625235405,0.28380176935723794,0.3309910995114769,0.7232770160555727,0.303000499946727,0.33979040965385837,0.375073652454689,0.20305076269067268,0.720763723150358,0.9034380642473065,0.9995576644683931,0.8415037593984962,0.676822633297062,0.19217974905164867,0.0,0.5,0.0,0.6666666666666666,0.6666666666666666,0.8869257950530035,0.07142857142857142,0.5,1.0,1.0,0.375,0.6666666666666666,0.75,0.0,1.0,0.9714285714285714,1.0,1.0,0.6666666666666666,0.0,0.22300097201616617,0.041463895830593185,0.0,0.1063748665548269,0.355734887543899,0.9338530752500224,0.2938961833498047,0.0884405191763443,0.11443511256102358,0.263293263477802,0.566034847046575,0.27021566745795245,0.18064384308027606,0.011622996929639359,0.6021934197407777,0.9114906288316693,0.9723439211391018,0.5099325678877347,0.07174163783160323,0.11791667412672552,0.0,0.3333333333333333,0.0,0.3333333333333333,1.0,0.9507575757575758,1.0,1.0,0.2727272727272727,0.5604395604395604,1.0,1.0,0.23076923076923078,0.0,1.0,0.9444444444444444,1.0,1.0,1.0,0.0
45,0.29708512001226206,0.6402434447196863,0.4480490604561848,0.3508191744066876,0.35606899662774927,0.8201284796573876,0.5511289265566743,0.5744746151791992,0.5122852515005094,0.1005637836144794,0.22709377236936293,0.0,0.20725648897571866,0.3232388892814244,0.6684538542953645,0.10094161958568738,0.26462068425585217,0.318744562671485,0.7564416351812687,0.32474408464671795,0.3432200698634487,0.3639256169129605,0.1464116029007252,0.733890214797136,0.8983263556816603,0.9995576644683931,0.8409022556390977,0.6887921653971708,0.2058068281295594,0.0,0.5,0.0,0.3333333333333333,0.5833333333333334,0.8869257950530035,0.07142857142857142,0.0,0.6666666666666666,1.0,0.375,0.6666666666666666,0.75,0.0,1.0,0.9714285714285714,1.0,1.0,0.6666666666666666,0.0,0.21544286809815952,0.0408880010310607,0.0,0.1093280725516754,0.364764228420163,0.9309782864033577,0.3118636178507011,0.09659074672077272,0.11844722968268179,0.23688512187801533,0.5548584951898167,0.24857405703771848,0.18328466633430668,0.014284494431364895,0.6187122736418511,0.9162471604276181,0.9777751553772324,0.5463071512309496,0.06904450261780105,0.11128818480181772,0.0,0.3333333333333333,0.0,0.2,1.0,0.9507575757575758,1.0,0.0,0.2,0.5483870967741935,0.8571428571428571,0.6666666666666666,0.21428571428571427,0.0,1.0,0.9444444444444444,1.0,1.0,1.0,0.0
46,0.2969248723317018,0.6316422042338857,0.4489373200633776,0.3495679026591314,0.35852603266281063,0.8265524625267666,0.5526953425967746,0.5759731179067563,0.5284964281265964,0.1024878070607186,0.21939871152469578,0.0,0.2325425620987999,0.3265173461456935,0.6520620476686443,0.12203389830508475,0.26219368981445235,0.3171384594793549,0.7323701573873852,0.3554129478006442,0.3430295331851381,0.33038723514577295,0.20442610652663165,0.7434367541766109,0.9014911010139091,0.9995576644683931,0.838796992481203,0.6496191512513602,0.19690691566968194,0.0,0.5,0.0,0.3333333333333333,0.6666666666666666,0.8869257950530035,0.14285714285714285,0.0,0.6666666666666666,1.0,0.5,0.6666666666666666,0.5,0.0,1.0,0.9714285714285714,1.0,1.0,0.6666666666666666,0.0,0.22555391432791727,0.042759486607142856,0.0,0.10015626878230556,0.3843888805709438,0.935595930994704,0.28045877515689244,0.09090415569609946,0.1120013235016071,0.2571732938741906,0.5469163828982218,0.255947303573121,0.18532277468568634,0.01140358218948778,0.5694698354661791,0.9131686581113266,0.9759707880168047,0.5632067851373183,0.0868237347294939,0.1045682762040538,0.0,0.5,0.0,0.2,1.0,0.9507575757575758,1.0,0.0,0.2,0.5543478260869565,0.7272727272727273,0.6666666666666666,0.2,0.0,1.0,0.9444444444444444,1.0,1.0,1.0,0.0
47,0.2967793129049136,0.6279412868617227,0.44902738996411246,0.34629158025259515,0.355442922108162,0.8201284796573876,0.5555148914689552,0.6240272947336659,0.5263192439614861,0.11291332945545662,0.22208303507516106,0.0,0.22980742394641362,0.3157634423797075,0.6458979018993525,0.10811676082862523,0.2548344163469819,0.32362979321421403,0.7592614594967089,0.327612631440912,0.35579549063194665,0.3495722265431662,0.16679169792448112,0.7494033412887828,0.9009330542272664,0.9994370275052276,0.8421052631578947,0.6605005440696409,0.20706156988619784,0.0,0.0,0.0,0.6666666666666666,0.5,0.8869257950530035,0.07142857142857142,0.0,0.6666666666666666,1.0,0.375,0.6666666666666666,0.75,0.0,1.0,0.9714285714285714,1.0,1.0,0.6666666666666666,0.3333333333333333,0.2185321498159775,0.04427873122346309,0.0,0.11124321111081088,0.3675527190183242,0.9346456276517416,0.2736285210428483,0.10827622912647196,0.11795697351090297,0.23745305734188127,0.564263632642114,0.2654347311063729,0.18455795433335406,0.011180488622553744,0.5172981878088962,0.9136408909815285,0.977195879531336,0.5465547530743705,0.08173983301912201,0.10410645383723831,0.0,0.0,0.0,0.3333333333333333,1.0,0.9507575757575758,1.0,0.0,0.2,0.5368421052631579,1.0,0.6666666666666666,0.25,0.0,1.0,0.918918918918919,1.0,1.0,1.0,1.0
48,0.29662866926689613,0.6344641898195694,0.4493176607079761,0.34660594576124765,0.35316863249214314,0.8265524625267666,0.5768181496143184,0.606163265946954,0.5412851353271271,0.08385162647098304,0.22959914101646386,0.0,0.23047725369801841,0.3331590475517558,0.6580055182844123,0.1203578154425612,0.23385265795036406,0.3542795957973633,0.7486791974589898,0.33617729258357715,0.3472848523340743,0.348440924839143,0.17716929232308076,0.6789976133651552,0.8969895236016587,0.9995174521473379,0.843609022556391,0.7170837867247007,0.19950393930551502,0.0,0.5,0.0,0.3333333333333333,0.6666666666666666,0.8869257950530035,0.14285714285714285,0.0,1.0,1.0,0.375,0.6666666666666666,0.75,0.0,1.0,0.9714285714285714,1.0,1.0,0.6666666666666666,0.0,0.21330601559387627,0.04601535040527939,0.0,0.10156941847879564,0.3837052227267549,0.9327829965459492,0.2798651252408478,0.10154337775360348,0.11574367607512188,0.2440718581429158,0.5628078648756192,0.28747174175910833,0.17886611658237955,0.012271798247133404,0.5678642714570858,0.9181329603180446,0.9773513683548286,0.48320413436692505,0.06917182743780834,0.10976784510162797,0.0,0.5,0.0,0.2,1.0,0.9471698113207547,1.0,0.0,0.2727272727272727,0.5543478260869565,0.8571428571428571,1.0,0.21428571428571427,0.0,1.0,0.9714285714285714,1.0,1.0,1.0,0.0
49,0.29650000424218376,0.6329946290709885,0.4502996306467267,0.34169187200419965,0.35109502342041293,0.828693790149893,0.5840236633987796,0.6253409921410721,0.5503367483352658,0.10454606470088147,0.23550465282748748,0.0,0.24906502930505164,0.3268988906945524,0.6550854378293436,0.1012241054613936,0.2482580443122211,0.31687077561399984,0.7325919413223075,0.36406776327112683,0.3383296284534773,0.3174008343350067,0.1989247311827957,0.7589498806682577,0.8997351137919403,0.9993968151841724,0.84,0.6713819368879217,0.19746133644587102,0.0,0.5,0.0,0.6666666666666666,0.6666666666666666,0.8869257950530035,0.07142857142857142,0.0,0.6666666666666666,1.0,0.5,0.6666666666666666,0.5,0.0,1.0,0.9714285714285714,1.0,1.0,0.6666666666666666,0.3333333333333333,0.24267760697964272,0.034416025942779434,0.0,0.10161000159406099,0.3713042919970466,0.9345351661936133,0.31126940004632847,0.09478120516499283,0.11210019176590355,0.2572919651376606,0.5497784598628679,0.2379505963282262,0.18452495135786906,0.011415656167037382,0.42886041807147673,0.9159462298260852,0.9778101270803006,0.5210820895522388,0.09289370671484493,0.11189747829681687,0.0,0.2,0.0,0.3333333333333333,1.0,0.9543726235741445,1.0,0.0,0.2,0.5604395604395604,0.8,0.6666666666666666,0.2222222222222222,0.0,1.0,0.9444444444444444,1.0,1.0,1.0,1.0
50,0.29636342282860323,0.6460693065141591,0.45217944333218396,0.35203153836999784,0.3597443637447901,0.828693790149893,0.5796376984864989,0.6354882125487885,0.5510508300020943,0.09264396617298314,0.22333571939871152,0.0,0.24169690203739883,0.33318731011093056,0.6768872996529637,0.09922787193973635,0.271197056290613,0.3015458743224252,0.7333761059493541,0.36048617770237595,0.34131470308034295,0.33818850314643284,0.19142285571392847,0.7553699284009546,0.9003725272326832,0.9994370275052276,0.8406015037593985,0.6877040261153428,0.20341406477969068,0.0,0.5,0.0,0.6666666666666666,0.6666666666666666,0.8869257950530035,0.07142857142857142,0.25,0.6666666666666666,1.0,0.5,0.6666666666666666,0.5,0.0,1.0,0.9714285714285714,1.0,1.0,0.6666666666666666,0.0,0.22689167716837433,0.04361348942862135,0.0,0.10856211608374075,0.3693469304635243,0.930375454973996,0.29212174973665245,0.08855937619838937,0.12471285046082312,0.2564821381083237,0.557210905036992,0.28790313939783563,0.18030232587361622,0.013097224004448437,0.5382653061224489,0.9149618285979287,0.9761596166686305,0.576645347637714,0.072996072996073,0.13039168007182672,0.0,0.3333333333333333,0.0,0.3333333333333333,1.0,0.9471698113207547,1.0,1.0,0.2,0.5604395604395604,0.8888888888888888,0.6666666666666666,0.2,0.0,1.0,0.9444444444444444,1.0,1.0,1.0,0.0
51,0.2962436525228393,0.6233144183583319,0.44837435063595055,0.35515250211135874,0.3600506715812613,0.8222698072805139,0.5599008563812358,0.5938415589795892,0.516392200959423,0.08103270839858606,0.22261989978525412,0.0,0.24387384873011442,0.3136013566028404,0.6393809569992677,0.11069679849340866,0.22492758161747436,0.31486314662383724,0.7571307495504915,0.3433486595690623,0.32880279453794853,0.3493365386881614,0.18104526131532883,0.801909307875895,0.8968382309172801,0.9995174521473379,0.8393984962406015,0.6626768226332971,0.2081120513568719,0.0,0.0,0.0,0.6666666666666666,0.5833333333333334,0.8869257950530035,0.07142857142857142,0.0,1.0,1.0,0.375,0.6666666666666666,0.75,0.0,1.0,0.9714285714285714,1.0,1.0,0.6666666666666666,0.0,0.22524875621890547,0.043186946710640516,0.0,0.10275406288953173,0.33247438125486906,0.9339697505079052,0.29725902700515827,0.10536546007995012,0.11988177440313909,0.2390284522553251,0.5552713198844207,0.273207029394691,0.1764965050786506,0.010473552110984934,0.6125797629899726,0.917349312618443,0.9812870114488749,0.6218805704099821,0.08341323106423777,0.11677063379013376,0.0,0.0,0.0,0.3333333333333333,1.0,0.9543726235741445,1.0,0.0,0.2727272727272727,0.5368421052631579,1.0,1.0,0.21428571428571427,0.0,1.0,0.9714285714285714,1.0,1.0,1.0,0.0
52,0.29611154888483165,0.6452208960567267,0.4526858243072562,0.3492897730454981,0.3576512984594709,0.8265524625267666,0.5906026107672007,0.6436471271150258,0.5557727833637808,0.09698420510984831,0.2304939155332856,0.0,0.2272955623778956,0.3359994347488165,0.6766743551576844,0.10487758945386064,0.25123306975651766,0.30194740012045773,0.7437445049069695,0.3276454148328457,0.34645919339472847,0.35093921610219425,0.18692173043260815,0.801909307875895,0.9000104168733507,0.9993163905420621,0.8369924812030075,0.6702937976060935,0.21129267580974614,0.0,0.5,0.0,0.6666666666666666,0.6666666666666666,0.8869257950530035,0.07142857142857142,0.0,0.6666666666666666,1.0,0.375,0.6666666666666666,0.75,0.0,1.0,0.9714285714285714,1.0,1.0,0.6666666666666666,0.3333333333333333,0.22697523430546102,0.04184671366841028,0.0,0.10758256274768824,0.3699030787660044,0.9306635169122096,0.3126368382641891,0.09878405417885178,0.11791146187215805,0.25404138923685043,0.5649101982562493,0.2595517914069563,0.18214512893281792,0.0134569512579324,0.4537474679270763,0.9151243402188468,0.9798131135906636,0.5995260663507109,0.08735110606920023,0.1205346739021873,0.0,0.3333333333333333,0.0,0.3333333333333333,1.0,0.9471698113207547,1.0,0.0,0.2,0.5543478260869565,1.0,0.6666666666666666,0.25,0.0,1.0,0.9444444444444444,1.0,1.0,1.0,1.0
53,0.29597739564434494,0.6551312540884145,0.4488163743578127,0.3615542415211269,0.3674408845757264,0.8265524625267666,0.573244728428846,0.5903344731599579,0.5286642946829105,0.11336077676853551,0.23228346456692914,0.0,0.2328774769746023,0.3348124072634777,0.6950641855470424,0.12444444444444444,0.25013700775072417,0.3176069062437262,0.7388494166290426,0.3010744756706253,0.349063194664973,0.36048457422988994,0.16191547886971744,0.7398568019093079,0.9000501002004008,0.9994370275052276,0.8369924812030075,0.6420021762785637,0.1971987160782025,0.0,0.5,0.0,0.6666666666666666,0.6666666666666666,0.8904593639575972,0.07142857142857142,0.0,0.6666666666666666,1.0,0.375,0.6666666666666666,0.75,0.0,1.0,0.9714285714285714,1.0,1.0,0.6666666666666666,0.0,0.22195453151693023,0.04192641881197713,0.0,0.1076006499368117,0.3507475943745374,0.9283541936925183,0.2814789572329187,0.09773930068218667,0.11637487126673532,0.2546470583417734,0.5777305968388771,0.2515216694888106,0.18120320348782107,0.016741865004977312,0.6438213914849429,0.9146341770780038,0.9826434191278219,0.6851304775972428,0.09285489455461127,0.12242531838191337,0.0,0.3333333333333333,0.0,0.3333333333333333,1.0,0.9473684210526315,1.0,0.0,0.2,0.5604395604395604,1.0,0.6666666666666666,0.23076923076923078,0.0,1.0,0.9444444444444444,1.0,1.0,1.0,0.0
54,0.2958850940142089,0.6328482091816406,0.4456388831571619,0.34882407544027594,0.35351792748635535,0.8265524625267666,0.5906026107672007,0.653401537440439,0.5601574170280532,0.08863931272092711,0.2242304939155333,0.0,0.2539771141501535,0.3273934854801102,0.6543664866126083,0.10267419962335217,0.2453613090111955,0.31533159338820854,0.7405524004150528,0.3540278494914476,0.32238805970149254,0.3466732659266068,0.19392348087021755,0.665871121718377,0.900136907478323,0.9995576644683931,0.8442105263157895,0.676822633297062,0.21100087540122556,0.0,0.5,0.0,0.6666666666666666,0.6666666666666666,0.8869257950530035,0.07142857142857142,0.0,0.6666666666666666,1.0,0.375,0.6666666666666666,0.75,0.0,1.0,0.9714285714285714,1.0,1.0,0.6666666666666666,0.3333333333333333,0.2311012599160056,0.04319646981763023,0.0,0.09884428223844283,0.36946433412537677,0.9341501318803255,0.30270390317028484,0.09829998118060347,0.1200142631552137,0.25240611104961785,0.5522161001240045,0.2896929574249515,0.1788545719844358,0.012094981869224471,0.5740740740740741,0.9154122442390734,0.9796248128005045,0.4928884986830553,0.08063261602281566,0.10198583960960199,0.0,0.3333333333333333,0.0,0.3333333333333333,1.0,0.9507575757575758,1.0,0.0,0.2,0.5543478260869565,0.8571428571428571,1.0,0.21428571428571427,0.0,1.0,0.9714285714285714,1.0,1.0,1.0,1.0
55,0.2957575857201594,0.6390498132837074,0.4523843960020896,0.34927448718186266,0.3585706734301632,0.828693790149893,0.5840236633987795,0.6422505115972811,0.5577728102005345,0.09116739003982281,0.2238725841088046,0.0,0.23561261512698856,0.3291316328693563,0.6632440934257077,0.1095291902071563,0.2472402724496986,0.3368801445492873,0.7518950645153625,0.3671903813528067,0.336360749444268,0.3308114732847816,0.17341835458864716,0.7863961813842482,0.899182027421179,0.9993566028631172,0.841203007518797,0.6713819368879217,0.2014298220017508,0.0,0.5,0.0,0.3333333333333333,0.6666666666666666,0.8869257950530035,0.07142857142857142,0.0,1.0,1.0,0.5,0.6666666666666666,0.5,0.0,1.0,0.9714285714285714,1.0,1.0,0.6666666666666666,0.3333333333333333,0.22155167726852606,0.0427414670812122,0.0,0.10539325842696629,0.3723521606369203,0.9334621821476473,0.3053018372703412,0.10653442634011402,0.11542430009400867,0.24456009274764912,0.5413484775253746,0.2700525215440314,0.1818111164363156,0.013207259707859605,0.5414954806902219,0.9158664837677183,0.9782711384034011,0.5562848050914877,0.08120558041589893,0.10935099085969553,0.0,0.3333333333333333,0.0,0.2,1.0,0.9543726235741445,1.0,0.0,0.2727272727272727,0.5483870967741935,0.7272727272727273,1.0,0.2222222222222222,0.0,1.0,0.9444444444444444,1.0,1.0,1.0,1.0
56,0.29567196455410544,0.644961464759826,0.44758945661300137,0.352082598121727,0.3591326818382421,0.8265524625267666,0.5669497285616869,0.631074027699821,0.5530086761259894,0.09378495682133428,0.21689334287759485,0.0,0.22696064750209322,0.32996537836501094,0.6757677597817424,0.11653483992467044,0.25107648946997574,0.30870641772067187,0.7381999065339131,0.3467909157220952,0.3402985074626866,0.34683824742511016,0.1879219804951238,0.6778042959427207,0.8984801285739796,0.9993566028631172,0.8442105263157895,0.6964091403699674,0.20819959147942807,0.0,0.5,0.0,0.3333333333333333,0.6666666666666666,0.8869257950530035,0.14285714285714285,0.0,0.6666666666666666,1.0,0.4375,0.6666666666666666,0.5,0.0,1.0,0.9714285714285714,1.0,1.0,0.6666666666666666,0.3333333333333333,0.22544906959234162,0.04582577132486389,0.0,0.11057626934268854,0.3424506856346704,0.9301268732080465,0.2922866184875537,0.09167047793276926,0.11980262303596935,0.2553412422258144,0.5413846488478319,0.27082490901738776,0.18100638368531752,0.013555683826977884,0.6100966702470462,0.9165894956303482,0.9811678313395712,0.5577190542420027,0.07650011953143676,0.12719493716017471,0.0,0.5,0.0,0.2,1.0,0.9471698113207547,1.0,0.0,0.2,0.5543478260869565,0.7777777777777778,0.6666666666666666,0.2,0.0,1.0,0.9444444444444444,1.0,1.0,1.0,1.0
57,0.2955489740955742,0.6300880911548363,0.4530336317101066,0.3348541089676358,0.34832288997197,0.8244111349036403,0.5636602548774764,0.6202037893696285,0.5438494933270734,0.09479171327576177,0.2301360057265569,0.0,0.23014233882221602,0.3484632233448739,0.6493176639918589,0.12165725047080979,0.22179597588663588,0.2998059291976176,0.7289879523798208,0.34873333169416376,0.3352810416005081,0.35376747036225226,0.2266816704176044,0.7732696897374701,0.9001865116371357,0.9994772398262828,0.8451127819548873,0.6931447225244831,0.2068864896410855,0.0,0.5,0.0,0.3333333333333333,0.6666666666666666,0.8869257950530035,0.14285714285714285,0.0,0.6666666666666666,1.0,0.375,0.6666666666666666,0.5,0.0,1.0,0.9714285714285714,1.0,1.0,0.6666666666666666,0.3333333333333333,0.22847128606093287,0.040598560424296,0.0,0.10766137455608941,0.3602694094614733,0.934206415251161,0.27662398835267415,0.10621227458478612,0.11792576993945775,0.26419069818177643,0.5424459147639628,0.250664767331434,0.18111395337612818,0.011231917727596567,0.41195168467895743,0.9140885508487382,0.9731031242659149,0.44342748934827203,0.07969473289127987,0.11834615834014922,0.0,0.3333333333333333,0.0,0.2,1.0,0.9471698113207547,1.0,0.0,0.2,0.5604395604395604,0.75,0.6666666666666666,0.18181818181818182,0.0,1.0,0.9444444444444444,1.0,1.0,1.0,1.0
58,0.2954421915300208,0.6335007057026216,0.4444904866062429,0.3604611082041959,0.3646065973204258,0.8222698072805139,0.554888325052915,0.5957028624469514,0.5291902449128546,0.09570898026757349,0.21921975662133142,0.0,0.2377337426737371,0.3179396594361619,0.6557312991863131,0.11199623352165725,0.24966726689109842,0.2998059291976176,0.7495663331986788,0.34748756280068516,0.34328358208955223,0.370878408635603,0.1754188547136784,0.6933174224343676,0.8973119506339412,0.9993566028631172,0.8390977443609022,0.6420021762785637,0.1997957397140356,0.0,0.5,0.0,0.3333333333333333,0.5833333333333334,0.8869257950530035,0.14285714285714285,0.0,0.6666666666666666,1.0,0.375,0.6666666666666666,0.75,0.0,1.0,0.9714285714285714,1.0,1.0,0.6666666666666666,0.0,0.22608603741676356,0.04339355295784626,0.0,0.10283465327409697,0.35058823529411764,0.9349025863416472,0.2866300366300366,0.09156162967641908,0.1212088417521171,0.24456947326798179,0.5369146214826634,0.2821422978545701,0.17526508063797558,0.012273427111764294,0.6974789915966386,0.9185889151536233,0.9817104483507801,0.6160300287039081,0.11706349206349206,0.10951870631328076,0.0,0.5,0.0,0.2,1.0,0.9543726235741445,1.0,0.0,0.2,0.5425531914893617,0.75,1.0,0.2,0.0,1.0,0.9714285714285714,1.0,1.0,1.0,0.0
59,0.29535762206774147,0.6448018464579173,0.45184869643315456,0.3542732005446023,0.3621335840475086,0.8244111349036403,0.5557008687797231,0.5722925735391109,0.5136296693908802,0.10472504362611303,0.2455261274158912,0.0,0.2255093497069495,0.3445629901787607,0.6761493731841738,0.13152542372881357,0.24755343302278243,0.3169376965803386,0.7225799808315313,0.33378410497242095,0.34391870435058747,0.35169341723820974,0.19754938734683672,0.6945107398568019,0.898809996230084,0.9993968151841724,0.8421052631578947,0.7116430903155604,0.1966442953020134,0.0,0.5,0.0,0.3333333333333333,0.6666666666666666,0.8904593639575972,0.07142857142857142,0.0,0.6666666666666666,1.0,0.375,0.6666666666666666,0.75,0.0,1.0,0.9714285714285714,1.0,1.0,0.6666666666666666,0.0,0.22924726969978942,0.03987908382746192,0.0,0.10653165625082404,0.3378129372809266,0.9328557050689099,0.26877044448720416,0.09177720372681625,0.11548402828578395,0.26711309959534085,0.543440840127567,0.25634349555008523,0.17978529861805564,0.014056689382751196,0.6743916570104287,0.9168262626211516,0.9894104064652255,0.5741234365388559,0.08015688197082976,0.11318441383943567,0.0,0.25,0.0,0.2,1.0,0.9473684210526315,1.0,0.0,0.2,0.5666666666666667,0.8571428571428571,0.6666666666666666,0.21428571428571427,0.0,1.0,0.9714285714285714,1.0,1.0,1.0,0.0
60,0.295278632585915,0.6342653887303704,0.4464678147019366,0.3515748686961646,0.3580752726161989,0.8244111349036403,0.5620938388373762,0.6166282328438367,0.536955388911448,0.08846033379569555,0.2249463135289907,0.0,0.2289701367569076,0.31297958030099626,0.6568255387214615,0.10414312617702448,0.24316918499960855,0.27651743291173125,0.7363464265063485,0.3872456213682149,0.34455382661162276,0.32588559711518067,0.2040510127531883,0.7494033412887828,0.8972449850195441,0.9994772398262828,0.8409022556390977,0.6507072905331882,0.21105923548292968,0.0,0.5,0.0,0.3333333333333333,0.5833333333333334,0.8869257950530035,0.07142857142857142,0.0,0.6666666666666666,1.0,0.5,0.6666666666666666,0.5,0.0,1.0,0.9714285714285714,1.0,1.0,0.6666666666666666,0.3333333333333333,0.23106591865357642,0.04010464856586798,0.0,0.1061456850821581,0.3946824435098724,0.9336281594578449,0.31345652420360504,0.08870230751656386,0.11703724684888826,0.25637892995035855,0.5308220332318477,0.2498388136686009,0.18124025114364736,0.011207790513209671,0.5427830596369922,0.9181566918522166,0.9773120478137779,0.5869017632241813,0.08921378487244518,0.11124440548147464,0.0,0.25,0.0,0.2,1.0,0.9580152671755725,1.0,0.0,0.2,0.5425531914893617,0.7272727272727273,0.6666666666666666,0.2,0.0,1.0,0.9714285714285714,1.0,1.0,1.0,1.0
61,0.29517159876682747,0.6347809517210318,0.4478832887485904,0.3587654547382428,0.3625790890557876,0.8265524625267666,0.580734189714569,0.639476573515475,0.5515641401416768,0.08425432905275404,0.23586256263421618,0.0,0.2258442645827519,0.3346145693492546,0.6560440394516573,0.1075517890772128,0.2448915681515697,0.34303687345245265,0.741162306236089,0.35283125568586954,0.33724992060971737,0.337999952862429,0.20442610652663165,0.6957040572792362,0.9055487212047858,0.9993566028631172,0.8430075187969924,0.6583242655059848,0.20207178290049607,0.0,0.5,0.0,0.3333333333333333,0.6666666666666666,0.8869257950530035,0.07142857142857142,0.0,1.0,1.0,0.4375,0.6666666666666666,0.5,0.0,1.0,0.9714285714285714,1.0,1.0,0.6666666666666666,0.3333333333333333,0.22218289085545723,0.039907951311088236,0.0,0.1059023687998953,0.3599069795719844,0.9341045749148689,0.2935341282894737,0.09414597441685478,0.11661131079666955,0.2540425924719272,0.5558353023201766,0.3013107870396641,0.18306101608373757,0.011948173427554607,0.6580135440180587,0.9095347823379212,0.9778477277198505,0.5800910596026491,0.09758064516129032,0.12098183088749126,0.0,0.25,0.0,0.2,1.0,0.9507575757575758,1.0,0.0,0.2727272727272727,0.5543478260869565,0.7777777777777778,1.0,0.2,0.0,1.0,0.9444444444444444,1.0,1.0,1.0,1.0
62,0.29510629118421533,0.6370774755066334,0.4446509548265578,0.35337089913011127,0.35932568068254167,0.8329764453961456,0.6208637760478936,0.7057094490612495,0.6029004290527509,0.10732023804197056,0.21313528990694344,0.0,0.24164108289143177,0.339602911043595,0.6635484002456944,0.13128060263653485,0.2213262350270101,0.327176604430168,0.7193165886462467,0.3275142812651111,0.34557002222927913,0.34858233755214596,0.23618404601150286,0.5871121718377088,0.8996507867219588,0.9993968151841724,0.846015037593985,0.6898803046789989,0.20411438576014007,0.0,0.5,0.0,0.6666666666666666,0.6666666666666666,0.8904593639575972,0.14285714285714285,0.0,0.6666666666666666,1.0,0.375,0.6666666666666666,0.75,0.5,1.0,0.9714285714285714,1.0,1.0,0.6666666666666666,0.3333333333333333,0.22901747350329418,0.044787906137184114,0.0,0.10927954763467461,0.3570505296625908,0.9323632808642585,0.28928912312736027,0.09993636877828055,0.11739140874492761,0.2739242171051441,0.5614234735451965,0.28034830997526794,0.1820397311867661,0.01132460058151734,0.5906362545018007,0.9147540570189264,0.9854089845763451,0.5078534031413613,0.10923501033769814,0.11798340304952099,0.0,0.5,0.0,0.3333333333333333,1.0,0.9473684210526315,1.0,0.0,0.2,0.5666666666666667,1.0,0.6666666666666666,0.25,1.0,1.0,0.9444444444444444,1.0,1.0,1.0,1.0
63,0.29500290917851685,0.6442631862452743,0.446772330068737,0.3577243059560534,0.36404056855598327,0.8265524625267666,0.5669497285616869,0.5986178873489439,0.5385687301070959,0.10002684683878474,0.2287043664996421,0.0,0.21490371197320682,0.3386419840316541,0.6736861043526418,0.11352165725047081,0.2617239489548266,0.3558856989894934,0.7421603339432391,0.3449714374697778,0.3479834868212131,0.34804025548563483,0.1706676669167292,0.6766109785202864,0.8994746919581738,0.9992761782210069,0.8403007518796992,0.6474428726877041,0.1846512985118179,0.0,0.5,0.0,0.3333333333333333,0.6666666666666666,0.8869257950530035,0.14285714285714285,0.0,1.0,1.0,0.4375,0.6666666666666666,0.5,0.0,1.0,0.9714285714285714,1.0,1.0,0.6666666666666666,0.0,0.20921853065044455,0.043150893068170305,0.0,0.10949008901402042,0.3509768886024781,0.9329444248173463,0.2810780565140352,0.10030604896783485,0.11010124013995569,0.2499466478867228,0.5380623058534777,0.25739922954054306,0.18071345530196414,0.014557981293260669,0.6539792387543253,0.915547039488632,0.9888579387186629,0.6544858280627782,0.0950023950183618,0.11094358147200112,0.0,0.5,0.0,0.2,1.0,0.9471698113207547,1.0,0.0,0.25,0.5543478260869565,0.7777777777777778,1.0,0.2,0.0,1.0,0.9444444444444444,1.0,1.0,1.0,0.0
64,0.29494547732378734,0.6349063366403606,0.4474789767225804,0.36483642560853774,0.36677319272467707,0.828693790149893,0.5907885880779687,0.6122587477158113,0.5417320159266227,0.09987024027920713,0.22476735862562633,0.0,0.23644990231649457,0.3349113262205893,0.6614182525057875,0.11768361581920904,0.2287637986377515,0.32864886568962054,0.7256770350656243,0.30854089318351324,0.33623372499206094,0.3726460675481392,0.23055763940985247,0.7219570405727923,0.8983709994245918,0.9993968151841724,0.8384962406015037,0.6267682263329706,0.21094251531952143,0.0,0.5,0.0,0.6666666666666666,0.6666666666666666,0.8904593639575972,0.07142857142857142,0.0,1.0,1.0,0.375,0.6666666666666666,0.75,0.0,1.0,0.9714285714285714,1.0,1.0,0.6666666666666666,0.0,0.22967688824861082,0.041805352150179734,0.0,0.1094121293522058,0.3746087946132204,0.9322608764561375,0.299942401843141,0.10414513312185908,0.1211964166728363,0.26781099821100757,0.5713028302602625,0.2746705406246757,0.1777495475036818,0.011147045488892247,0.6117290192113246,0.9163274650826859,0.989725618254948,0.6831658907130606,0.09687184661957618,0.11834329213391176,0.0,0.3333333333333333,0.0,0.3333333333333333,1.0,0.9473684210526315,1.0,0.0,0.2727272727272727,0.5604395604395604,1.0,1.0,0.21428571428571427,0.0,1.0,0.9714285714285714,1.0,1.0,1.0,0.0
65,0.294837446355791,0.6398012978988952,0.45030024868601465,0.3574992888037587,0.36285378675902613,0.8265524625267666,0.5768181496143184,0.5993279959537893,0.5393876303403772,0.09271108326994497,0.21277738010021474,0.0,0.23946413619871615,0.3420900162509715,0.6687349691406178,0.11139359698681732,0.23941125812260236,0.31151709830689955,0.7367583109569185,0.31842508585150764,0.32524610987615116,0.3692050248650687,0.20492623155788947,0.7875894988066826,0.897021766304887,0.9993968151841724,0.8427067669172932,0.6420021762785637,0.21432740005836007,0.0,0.5,0.0,0.6666666666666666,0.6666666666666666,0.8869257950530035,0.14285714285714285,0.0,0.6666666666666666,1.0,0.375,0.6666666666666666,0.75,0.0,1.0,0.9714285714285714,1.0,1.0,0.6666666666666666,0.0,0.22915284229152844,0.04591442693852332,0.0,0.10277664646271052,0.37221889078524534,0.9318842424835961,0.31061282360972536,0.10246615735156145,0.12056462056462057,0.25938443777032283,0.5565152622004498,0.2571686837744187,0.17608246032102873,0.012387387387387387,0.5744125326370757,0.918014478186267,0.9902777224369447,0.6333634719710669,0.0844304522037779,0.11485894789516482,0.0,0.5,0.0,0.3333333333333333,1.0,0.9471698113207547,1.0,0.0,0.2,0.5543478260869565,1.0,0.6666666666666666,0.21428571428571427,0.0,1.0,0.9714285714285714,1.0,1.0,1.0,0.0
66,0.2947918494439847,0.6304646583632154,0.454100347314598,0.35285506499234254,0.3602851942861206,0.8265524625267666,0.5768181496143184,0.6058346471972826,0.5408133676726968,0.08722985368472862,0.2211882605583393,0.0,0.22467206251744348,0.33250900869073696,0.6505735445630281,0.12870056497175142,0.2405856102716668,0.36358161011845014,0.7371147494237578,0.34356994746461444,0.3335662114957129,0.34829951212614013,0.21842960740185047,0.7625298329355609,0.8990555368162066,0.9995576644683931,0.8463157894736842,0.6964091403699674,0.19401809162532827,0.0,0.5,0.0,0.3333333333333333,0.6666666666666666,0.8869257950530035,0.14285714285714285,0.0,1.0,1.0,0.375,0.6666666666666666,0.75,0.0,1.0,0.9714285714285714,1.0,1.0,0.6666666666666666,0.0,0.22171045149550778,0.04530791788856305,0.0,0.10508315275565883,0.38164595971064325,0.9347826745525801,0.27593168328824647,0.10424723522627044,0.11757449847432318,0.257927544145078,0.5427661392650905,0.28285221887117623,0.1789775823856411,0.011149474436622864,0.6326732673267327,0.9167682510457711,0.9813652335267875,0.5250979660384401,0.07197480881691408,0.11641017560446101,0.0,0.5,0.0,0.2,1.0,0.9471698113207547,1.0,0.0,0.25,0.5543478260869565,0.8571428571428571,1.0,0.23076923076923078,0.0,1.0,0.9714285714285714,1.0,1.0,1.0,0.0
67,0.29467438568767057,0.626879639551353,0.4481075893812579,0.35491222137675227,0.3621183992736629,0.8329764453961456,0.6200512323210855,0.6739794974920832,0.591509823611069,0.09942279296612824,0.21116678596993557,0.0,0.23991068936645268,0.31344591252737936,0.64611717147865,0.13033898305084746,0.2831754482110702,0.34056079769791875,0.7402989330608559,0.29761582782162554,0.34595109558590026,0.37160904098611797,0.20280070017504376,0.733890214797136,0.9043135776503503,0.9993566028631172,0.8378947368421052,0.6191512513601741,0.19702363583309015,0.0,0.5,0.0,0.6666666666666666,0.5833333333333334,0.8869257950530035,0.21428571428571427,0.5,1.0,1.0,0.375,0.6666666666666666,0.75,0.0,1.0,0.9714285714285714,1.0,1.0,0.6666666666666666,0.0,0.22538925800071005,0.04480048597137325,0.0,0.10708323990333109,0.3650592495062541,0.935292023154318,0.2648679678530425,0.09883863915835496,0.11296337402885682,0.2523551473030222,0.5579919481237899,0.2658240203015958,0.18319448801515098,0.010570838302670083,0.5413732394366197,0.9105170497821174,0.984549560256715,0.6447581578338347,0.11590955388062742,0.12199396534590853,0.0,0.5,0.0,0.3333333333333333,1.0,0.9507575757575758,1.0,1.0,0.2727272727272727,0.5543478260869565,1.0,1.0,0.25,0.0,1.0,0.9444444444444444,1.0,1.0,1.0,0.0
68,0.2946108688470095,0.6325297974786083,0.4503793648885011,0.35754323350953887,0.3643487862246639,0.8244111349036403,0.5642868212935165,0.6257895448704943,0.5344594475767608,0.1096693364356347,0.23299928418038654,0.0,0.21886687133686855,0.33783650109517416,0.6538668049751706,0.12135593220338983,0.23189540436859,0.327176604430168,0.7556891539734968,0.32296558563431765,0.35522388059701493,0.34556553300808407,0.18504626156539133,0.7732696897374701,0.8986983868727554,0.9994370275052276,0.8396992481203007,0.6409140369967355,0.20703238984534578,0.0,0.0,0.0,0.6666666666666666,0.6666666666666666,0.8869257950530035,0.07142857142857142,0.0,0.6666666666666666,1.0,0.375,0.6666666666666666,0.75,0.0,1.0,0.9714285714285714,1.0,1.0,0.6666666666666666,0.3333333333333333,0.2268289297117209,0.04294478527607362,0.0,0.11293528039402057,0.3949220298665257,0.9335557540060806,0.2898394278774794,0.10420037993386337,0.11906675434110227,0.24333168400165273,0.5657392253136934,0.2646321268038798,0.1827678193014385,0.010913568958270347,0.5629887054735013,0.9157879838652607,0.9802405837112995,0.6204444444444445,0.09924178601516428,0.122940167385767,0.0,0.0,0.0,0.3333333333333333,1.0,0.9471698113207547,1.0,0.0,0.2,0.5483870967741935,1.0,0.6666666666666666,0.25,0.0,1.0,0.9444444444444444,1.0,1.0,1.0,1.0
69,0.2945314550961593,0.6405379342999521,0.45469455081309035,0.3557105734359249,0.36267321856154205,0.8244111349036403,0.5730587511180779,0.5904311732410205,0.5278115592245295,0.10007159157009263,0.2338940586972083,0.0,0.25224672062517445,0.3425422171977673,0.6654135972439501,0.10990583804143127,0.2593752446566977,0.3077695241919293,0.7475623569295599,0.35298697679755436,0.3289933312162591,0.35131631667020197,0.1760440110027507,0.7804295942720764,0.9012033968927955,0.9995174521473379,0.8451127819548873,0.690968443960827,0.19384301138021592,0.0,0.5,0.0,0.6666666666666666,0.6666666666666666,0.8869257950530035,0.07142857142857142,0.0,0.6666666666666666,1.0,0.375,0.6666666666666666,0.75,0.0,1.0,0.9714285714285714,1.0,1.0,0.6666666666666666,0.0,0.23324816186056213,0.04085779486698553,0.0,0.10528155068378259,0.3748782109772506,0.9343317870031291,0.2955834683954619,0.095759747955025,0.1172855248393349,0.2469988458609328,0.5409319266515951,0.2623581847649919,0.17905105105105104,0.013418085826193858,0.6027649769585254,0.9143957219251337,0.9848640938267692,0.6190790923110817,0.0691570463951209,0.12825562312964572,0.0,0.3333333333333333,0.0,0.3333333333333333,1.0,0.9507575757575758,1.0,0.0,0.2,0.5483870967741935,1.0,0.6666666666666666,0.21428571428571427,0.0,1.0,0.9714285714285714,1.0,1.0,1.0,0.0
70,0.29449718408471565,0.642560178574522,0.4509257698499549,0.3464854691042356,0.35187502421059264,0.8222698072805139,0.5599008563812358,0.6257788149062387,0.5302719145957601,0.08776679046042328,0.2174302075876879,0.0,0.2600055819145967,0.322065993075673,0.6737254604309771,0.11062146892655367,0.24199483285054413,0.30623034196613796,0.7552931112325643,0.31358133969331137,0.3337567481740235,0.36698955902802327,0.15866466616654162,0.6861575178997613,0.8951789718049962,0.9995174521473379,0.847218045112782,0.7714907508161044,0.219900787861103,0.0,0.0,0.0,0.6666666666666666,0.5833333333333334,0.8869257950530035,0.07142857142857142,0.0,0.6666666666666666,1.0,0.375,0.6666666666666666,0.75,0.0,1.0,0.9714285714285714,1.0,1.0,0.6666666666666666,0.3333333333333333,0.23031761874009277,0.04472502392696753,0.0,0.10655625200164708,0.3459366746607571,0.9313103169560715,0.29448037298841934,0.10424254687710778,0.11711112248554026,0.24164364815894174,0.5654056450421161,0.26280256051210243,0.1768808715111722,0.01522586837842702,0.5665024630541872,0.9199323041318438,0.9779666351904313,0.503755364806867,0.05765165067490649,0.1207769728828771,0.0,0.0,0.0,0.3333333333333333,1.0,0.9507575757575758,1.0,0.0,0.2,0.5368421052631579,1.0,0.6666666666666666,0.23076923076923078,0.0,1.0,0.9714285714285714,1.0,1.0,1.0,1.0
71,0.29437983216920727,0.6354074638672834,0.4466635841667275,0.35116848837668274,0.3596758283783382,0.8244111349036403,0.549405868912564,0.5779833871090237,0.5253607351947582,0.1166495145196653,0.21581961345740874,0.0,0.23349148758024002,0.3304175793118067,0.6571087619280542,0.13137476459510358,0.2275111563454161,0.3289834705213143,0.7564099517619941,0.34638931917090804,0.3381390917751667,0.342195196681515,0.16704176044011002,0.665871121718377,0.8984206035834045,0.9993968151841724,0.8433082706766918,0.690968443960827,0.19711117595564634,0.0,0.5,0.0,0.3333333333333333,0.6666666666666666,0.8869257950530035,0.14285714285714285,0.0,0.6666666666666666,1.0,0.4375,0.6666666666666666,0.5,0.0,1.0,0.9714285714285714,1.0,1.0,0.6666666666666666,0.0,0.22217487642747571,0.04655471916618414,0.0,0.10349349299816914,0.36423964856528646,0.9341959205287427,0.278016897816037,0.1030715755125204,0.11670583766588324,0.24062044880743005,0.5437143004168168,0.26627988396518953,0.1780314642011943,0.012575419572849895,0.6206896551724138,0.9173597252752819,0.973825477058109,0.5422548830013537,0.0931358169551188,0.11526123605091629,0.0,0.5,0.0,0.2,1.0,0.9507575757575758,1.0,0.0,0.2,0.5483870967741935,0.7777777777777778,0.6666666666666666,0.16666666666666666,0.0,1.0,0.9714285714285714,1.0,1.0,1.0,0.0
72,0.294330895572066,0.6384901181010454,0.4487078969099381,0.3444588726144552,0.35257831630751735,0.8265524625267666,0.5796376984864989,0.6024697797401845,0.544614882612862,0.09770012081077453,0.2462419470293486,0.0,0.2306447111359196,0.32425634141171483,0.6635793228786723,0.11256120527306968,0.25060674861035,0.33821856387606236,0.7558238085054139,0.3354888413529706,0.36964115592251506,0.32034693252256713,0.15816454113528383,0.6694510739856802,0.9021830790293458,0.9993968151841724,0.8481203007518797,0.6953210010881393,0.2077035307849431,0.0,0.5,0.0,0.6666666666666666,0.5833333333333334,0.8869257950530035,0.07142857142857142,0.0,0.6666666666666666,1.0,0.5,0.6666666666666666,0.5,0.0,1.0,0.9714285714285714,1.0,1.0,0.6666666666666666,0.3333333333333333,0.22541681721984205,0.03863106768859317,0.0,0.10975059098515233,0.3519217201926321,0.9344349416405565,0.29852162621116773,0.09997189168930948,0.10966216069607482,0.24075429044319863,0.572255385776796,0.23088824532867855,0.1832250411150953,0.015106100954132385,0.5332699619771863,0.913832866057701,0.9776562684394792,0.5182870795809594,0.08942065491183879,0.10171186876625418,0.0,0.3333333333333333,0.0,0.3333333333333333,1.0,0.9543726235741445,1.0,0.0,0.2,0.5425531914893617,0.8888888888888888,0.5,0.25,0.0,1.0,0.9444444444444444,1.0,1.0,1.0,0.5
73,0.29428052251624987,0.6394515399660305,0.4493721760271966,0.3578172616840276,0.3613247068155381,0.8222698072805139,0.555514891468955,0.5753421686783318,0.5166413429675671,0.09821468522081525,0.23192555476020044,0.0,0.23125872174155734,0.3291316328693563,0.6657193096381631,0.10512241054613936,0.26454239411258124,0.2585156929666064,0.7508970368082123,0.33763615352462445,0.35369958717053035,0.3591411534563624,0.17966991747936983,0.720763723150358,0.9002559574594734,0.9993968151841724,0.8424060150375939,0.7040261153427638,0.20574846804785527,0.0,0.5,0.0,0.3333333333333333,0.6666666666666666,0.8869257950530035,0.07142857142857142,0.0,0.6666666666666666,1.0,0.375,0.6666666666666666,0.75,0.0,1.0,0.9714285714285714,1.0,1.0,0.6666666666666666,0.0,0.23986449568353185,0.04245978442485994,0.0,0.11004568635784105,0.365211528208988,0.9332084137478536,0.31116561681253135,0.09177326923599229,0.12137111976875707,0.247324563920877,0.5489652599176472,0.2420041717364853,0.18045308669753563,0.01299311916236426,0.633788037775446,0.9144146981098328,0.9837707319004078,0.6242478270559394,0.07868174632129393,0.11678481515834106,0.0,0.3333333333333333,0.0,0.2,1.0,0.9507575757575758,1.0,0.0,0.2,0.5483870967741935,0.8571428571428571,0.6666666666666666,0.23076923076923078,0.0,1.0,0.9444444444444444,1.0,1.0,1.0,0.0
74,0.29422312282597557,0.6368007212932465,0.4486146445062453,0.35752667708327757,0.3656658894268842,0.8308351177730193,0.5735286759301079,0.6375244244026611,0.56263605244514,0.1001610810327084,0.2356836077308518,0.0,0.22506279653921296,0.34385642619939233,0.658547367148638,0.12787193973634653,0.23674939325138966,0.331526467242187,0.7393088262085244,0.38891757435683083,0.34207684979358527,0.2848994791298404,0.20867716929232308,0.711217183770883,0.8988992837159467,0.9993968151841724,0.8430075187969924,0.6507072905331882,0.19711117595564634,0.0,0.5,0.0,0.3333333333333333,0.6666666666666666,0.8869257950530035,0.14285714285714285,0.0,0.6666666666666666,1.0,0.5625,0.6666666666666666,0.5,0.0,1.0,0.9714285714285714,1.0,1.0,0.6666666666666666,0.3333333333333333,0.21929953465589028,0.04215749039692702,0.0,0.10339787152199,0.386360749444268,0.932818801099412,0.2782672841276997,0.10435862925768713,0.11241207170410711,0.2551732056788389,0.5527174039648706,0.25132991133924404,0.18354363109066338,0.011222506875382433,0.6144329896907217,0.9158584475116621,0.9786186801071035,0.6104094076655052,0.1020129648584101,0.13861528359189035,0.0,0.5,0.0,0.2,1.0,0.943609022556391,1.0,0.0,0.2,0.5543478260869565,0.8181818181818182,0.6666666666666666,0.2857142857142857,0.0,1.0,0.9444444444444444,1.0,1.0,1.0,1.0
75,0.2941789647816964,0.6400347448210666,0.4474264958134829,0.3593378510111903,0.3648220454778925,0.8222698072805139,0.5226201546268497,0.554215334601359,0.49752331122046395,0.10190612555371605,0.22619899785254116,0.0,0.23600334914875803,0.33823217692362045,0.6650418228611026,0.11329566854990583,0.26235027010099427,0.3232282674161815,0.7565762897131858,0.35792087728356814,0.3570022229279136,0.31806076032902025,0.1716679169792448,0.6897374701670644,0.8988447191412529,0.9993566028631172,0.8393984962406015,0.6594124047878128,0.18686898161657425,0.0,0.0,0.0,0.3333333333333333,0.6666666666666666,0.8869257950530035,0.07142857142857142,0.0,0.6666666666666666,1.0,0.5,0.6666666666666666,0.5,0.0,1.0,0.9714285714285714,1.0,1.0,0.6666666666666666,0.0,0.22426271478509183,0.04145349599895055,0.0,0.10319494276439432,0.39886348486868417,0.933008754364118,0.2887310424265694,0.09986589181940099,0.11325001758540645,0.24147284861967844,0.5578035789554355,0.24155565105285776,0.18296568461298587,0.01286303166572981,0.6195069667738478,0.9164860620436941,0.9835364888396391,0.6344623778131393,0.11195270644744135,0.12218342777555187,0.0,0.0,0.0,0.2,1.0,0.943609022556391,1.0,0.0,0.2,0.5483870967741935,0.8,0.6666666666666666,0.2,0.0,1.0,0.9714285714285714,1.0,1.0,1.0,0.0
76,0.2941104642533513,0.6419555262990744,0.4586395810758822,0.3454536997091308,0.3574954490013105,0.828693790149893,0.5702392022458974,0.6336638355527868,0.5566437660175655,0.09926618640655063,0.22745168217609163,0.0,0.2308121685738208,0.355444075461033,0.6694047252594338,0.11896421845574388,0.22970328035700305,0.3038211871779429,0.7344533422046907,0.36666584708186833,0.3476024134645919,0.3211954088005845,0.19104776194048512,0.8365155131264916,0.8954964384213973,0.9996380891105034,0.841203007518797,0.7421109902067464,0.20335570469798658,0.0,0.5,0.0,0.3333333333333333,0.6666666666666666,0.8869257950530035,0.14285714285714285,0.0,0.6666666666666666,1.0,0.5,0.6666666666666666,0.5,0.0,1.0,0.9714285714285714,1.0,1.0,0.6666666666666666,0.3333333333333333,0.22261803221112839,0.044310416957188674,0.0,0.10367565941229566,0.3383053127101547,0.9325444806583911,0.28692768895348836,0.09426203174195207,0.11616303763784766,0.25935549917906003,0.5560001988466892,0.24228606844039133,0.17649649027378456,0.013367627246163806,0.4964589235127479,0.9196467687542664,0.9727646253179417,0.6166225749559083,0.054303686599251534,0.11751117106483433,0.0,0.5,0.0,0.2,1.0,0.9471698113207547,1.0,0.0,0.2,0.5543478260869565,0.8,0.6666666666666666,0.2,0.0,1.0,0.9714285714285714,1.0,1.0,1.0,1.0
77,0.29406060494611075,0.6287715495018836,0.4535312861659294,0.35098372865535094,0.3597421908180177,0.8308351177730193,0.6119058689125642,0.6741987392455853,0.5801150144114144,0.10933375095082554,0.21921975662133142,0.0,0.23511024281328496,0.3505263901646294,0.645921796661199,0.11922787193973634,0.24794488373913726,0.3364786187512548,0.748013845654223,0.3399473826559465,0.33458240711336934,0.35124561031370055,0.1932983245811453,0.7326968973747017,0.8978898390841088,0.9994370275052276,0.8466165413533835,0.7007616974972797,0.20884155237817334,0.0,0.5,0.0,0.6666666666666666,0.6666666666666666,0.8869257950530035,0.14285714285714285,0.0,1.0,1.0,0.375,0.6666666666666666,0.75,0.0,1.0,0.9714285714285714,1.0,1.0,0.6666666666666666,0.3333333333333333,0.22618717023049154,0.04392570281124498,0.0,0.10984482983439822,0.35153482044159745,0.9360004643920283,0.27631808659217877,0.09673773596432281,0.11675374433995124,0.25021792986500274,0.5564827734249221,0.3061900610287707,0.18014021515774206,0.011687771687771688,0.5858778625954199,0.9180430135339719,0.9819446090632531,0.5304315055586961,0.08468113083497698,0.10569141709492587,0.0,0.5,0.0,0.3333333333333333,1.0,0.9471698113207547,1.0,0.0,0.2727272727272727,0.5543478260869565,1.0,1.0,0.23076923076923078,0.0,1.0,0.9714285714285714,1.0,1.0,1.0,1.0
78,0.2940004198072596,0.6463889555683691,0.4553790557986145,0.35100664907604584,0.3613251784086234,0.828693790149893,0.5721482372007758,0.6382748051391914,0.5454980423390539,0.08881829164615866,0.2170722977809592,0.0,0.24152944459949763,0.3437009821239313,0.6774305540914157,0.12504708097928438,0.23056447193298363,0.3331325704343171,0.7389286251772291,0.3502495635710949,0.3359796760876469,0.3355959367413797,0.1986746686671668,0.766109785202864,0.8959701581380582,0.9994772398262828,0.8424060150375939,0.7116430903155604,0.21987160782025095,0.0,0.0,0.0,0.6666666666666666,0.6666666666666666,0.8904593639575972,0.07142857142857142,0.0,1.0,1.0,0.4375,0.6666666666666666,0.5,0.0,1.0,0.9714285714285714,1.0,1.0,0.6666666666666666,0.3333333333333333,0.23499467266485144,0.04496922962853118,0.0,0.10839449886019188,0.3560220153404766,0.9308182416890539,0.2851988660767975,0.10112629627086052,0.11837443226404774,0.2606471405062124,0.5587808417997098,0.29186206896551725,0.18255596297340956,0.013402157502762245,0.5449915110356537,0.918948894711404,0.978273704097296,0.5259106271122794,0.09050650429006366,0.12334866665575327,0.0,0.0,0.0,0.3333333333333333,1.0,0.9473684210526315,1.0,0.0,0.2727272727272727,0.5543478260869565,0.875,1.0,0.2,0.0,1.0,0.9444444444444444,1.0,1.0,1.0,1.0
79,0.2939195516931778,0.6486632070327741,0.447472738918885,0.3611549408246819,0.36486250169527085,0.8244111349036403,0.5730587511180779,0.6461951638735888,0.5498353570352434,0.08188285829343595,0.21671438797423048,0.0,0.24616243371476415,0.34153889634706425,0.6807765235370432,0.1,0.24363892585923433,0.293180753530081,0.7452969924514253,0.35303615188545484,0.3216259129882502,0.3727167739046407,0.1781695423855964,0.7231503579952268,0.8984082025437012,0.9994370275052276,0.8454135338345865,0.6507072905331882,0.21012547417566385,0.0,0.5,0.0,0.3333333333333333,0.6666666666666666,0.8869257950530035,0.07142857142857142,0.0,0.6666666666666666,1.0,0.375,0.6666666666666666,0.75,0.0,1.0,0.9714285714285714,1.0,1.0,0.6666666666666666,0.3333333333333333,0.23233669777185298,0.044813677237908446,0.0,0.10430956998911964,0.37126530361449483,0.9314428464420916,0.3093324012583013,0.09552751941553857,0.1265855702273975,0.2527696589370527,0.5263318670576735,0.273626195493597,0.1792889211373634,0.015258919775560029,0.695752009184845,0.9170521145837289,0.9833821318350875,0.5974495217853347,0.09205665024630542,0.11336229967570291,0.0,0.3333333333333333,0.0,0.2,1.0,0.9471698113207547,1.0,0.0,0.2,0.5543478260869565,0.8571428571428571,1.0,0.21428571428571427,0.0,1.0,0.9714285714285714,1.0,1.0,1.0,1.0
80,0.2938879978680251,0.6403296468517249,0.4518204369943023,0.35640516559363133,0.365547874299255,0.8244111349036403,0.5592742899651956,0.5842389913911006,0.5282174140834148,0.12459170432681552,0.23783106657122405,0.0,0.21791794585542842,0.33174591959301913,0.6680581851506705,0.12474576271186441,0.25890550379707195,0.30817104998996186,0.7398632860458301,0.32522763967773927,0.34106065417592885,0.3482288057696387,0.18942235558889722,0.7565632458233891,0.8997202325442966,0.9994370275052276,0.838796992481203,0.6789989118607181,0.1953020134228188,0.0,0.5,0.0,0.3333333333333333,0.6666666666666666,0.8869257950530035,0.14285714285714285,0.0,0.6666666666666666,1.0,0.375,0.6666666666666666,0.75,0.0,1.0,0.9714285714285714,1.0,1.0,0.6666666666666666,0.0,0.22904499465328618,0.042963825041218116,0.0,0.10648047130700415,0.3510534894501518,0.9327763663892625,0.27086485381312614,0.09565821063897487,0.11669454158430896,0.2559600797965626,0.5467045078805246,0.2551674982181041,0.18178350845247176,0.01323201886545264,0.6258637709772952,0.9154734084703245,0.9851361528399857,0.6354522670312144,0.1012987012987013,0.11008947957102441,0.0,0.5,0.0,0.2,1.0,0.9471698113207547,1.0,0.0,0.2,0.5543478260869565,0.8571428571428571,0.6666666666666666,0.23076923076923078,0.0,1.0,0.9444444444444444,1.0,1.0,1.0,0.0
81,0.2938347950496124,0.6507114356820733,0.4549465477373424,0.3688269183832485,0.3721119417436447,0.828693790149893,0.5943620092634413,0.6213797503632502,0.5537114041732628,0.09868450489954808,0.2294201861130995,0.0,0.24655316773653363,0.3454249982335901,0.6878086113910546,0.11915254237288135,0.26783058012996164,0.3492605233219568,0.7442197561960887,0.2913460041143157,0.36005080978088283,0.3577270263263334,0.1811702925731433,0.788782816229117,0.8979865671937936,0.9994772398262828,0.8357894736842105,0.6474428726877041,0.1958564341990079,0.0,0.5,0.0,0.6666666666666666,0.6666666666666666,0.8869257950530035,0.14285714285714285,0.0,1.0,1.0,0.375,0.6666666666666666,0.75,0.0,1.0,0.9714285714285714,1.0,1.0,0.6666666666666666,0.0,0.2281119098102084,0.04313158160347206,0.0,0.10067695393522212,0.3733048259010385,0.9292799717423732,0.2840914193345606,0.09616303583977512,0.11785561050516,0.25430142013852236,0.60151953567863,0.27559552746718524,0.1795214496079104,0.014788732394366197,0.6247637051039697,0.917820720494627,0.9842394962974697,0.7330519651806912,0.11344137273593899,0.1360522155106012,0.0,0.5,0.0,0.3333333333333333,1.0,0.943609022556391,1.0,0.0,0.2727272727272727,0.5543478260869565,1.0,1.0,0.23076923076923078,0.0,1.0,0.9714285714285714,1.0,1.0,1.0,0.0
82,0.29378360115230573,0.6337786972671862,0.4456092627366966,0.36764041208906645,0.3653006894242816,0.8244111349036403,0.554418400240885,0.6169240800259836,0.5313024573161536,0.09150297552463198,0.23264137437365784,0.0,0.2306447111359196,0.33094043665653927,0.6556322062033613,0.12182674199623353,0.24794488373913726,0.31486314662383724,0.7573208500661391,0.3466515863063772,0.3398539218799619,0.32805392538122513,0.19654913728432108,0.630071599045346,0.8966621361534951,0.9994370275052276,0.8442105263157895,0.6877040261153428,0.21406477969069157,0.0,0.0,0.0,0.6666666666666666,0.6666666666666666,0.8869257950530035,0.07142857142857142,0.0,0.6666666666666666,1.0,0.4375,0.6666666666666666,0.5,0.0,1.0,0.9714285714285714,1.0,1.0,0.6666666666666666,0.3333333333333333,0.23953147877013178,0.04179661125936405,0.0,0.11029549155166431,0.3936561832882285,0.9339873593241753,0.2883184026384989,0.0937453748926975,0.11685376515000993,0.24555748748597067,0.571791648078301,0.26272892424019245,0.18276957823415096,0.011734583429752992,0.7313019390581718,0.9186747676803098,0.9881913244006203,0.6388256713700501,0.0923571532953383,0.12305008554463417,0.0,0.0,0.0,0.3333333333333333,1.0,0.9507575757575758,1.0,0.0,0.2,0.5425531914893617,0.875,0.6666666666666666,0.18181818181818182,0.0,1.0,0.9714285714285714,1.0,1.0,1.0,1.0
83,0.29374919147097794,0.6393772988953753,0.4480398300251139,0.35699120333689516,0.35958720861937954,0.8265524625267666,0.5577078739250955,0.6284059343289891,0.5373065243119028,0.08537294733545125,0.2099141016463851,0.0,0.24152944459949763,0.33847240867660566,0.6661796351972653,0.09231638418079097,0.26227197995772333,0.314930067590176,0.7397682357880062,0.362617098178063,0.31629088599555416,0.3287138513752386,0.21005251312828208,0.6837708830548926,0.8966199726185043,0.9995174521473379,0.8463157894736842,0.7018498367791077,0.21625328275459585,0.0,0.0,0.0,0.3333333333333333,0.6666666666666666,0.8869257950530035,0.07142857142857142,0.0,1.0,1.0,0.5,0.6666666666666666,0.5,0.0,1.0,0.9714285714285714,1.0,1.0,0.6666666666666666,0.3333333333333333,0.22110203372153658,0.04425413114011922,0.0,0.10204226016413546,0.3767874278343218,0.9324711428172323,0.3245497881355932,0.09851202728930189,0.12203723873243089,0.26001341896974606,0.5469109248683527,0.29034514925373134,0.1779839460956343,0.012446933831210687,0.6345514950166113,0.9183655323959405,0.9832667431464852,0.5397008055235903,0.08787465940054497,0.10961720506448941,0.0,0.0,0.0,0.2,1.0,0.9471698113207547,1.0,0.0,0.2727272727272727,0.5483870967741935,0.8,1.0,0.2,0.0,1.0,0.9714285714285714,1.0,1.0,1.0,1.0
84,0.2936819949343035,0.6476234195932085,0.45129692912113334,0.35269403143253786,0.3632206464973508,0.828693790149893,0.561467272421336,0.6142406970505443,0.5403893323286185,0.08344892388921205,0.21492483894058698,0.0,0.26290817750488416,0.3335405921006147,0.677147330884823,0.12606403013182674,0.2428560244265247,0.29639295991434117,0.7500495053426166,0.38172161982739544,0.3503334391870435,0.31862641118103185,0.17404351087771944,0.7505966587112172,0.8970465683842933,0.9993566028631172,0.8445112781954888,0.6692056583242655,0.20186752261453167,0.0,0.0,0.0,0.6666666666666666,0.6666666666666666,0.8869257950530035,0.14285714285714285,0.0,0.6666666666666666,1.0,0.5,0.6666666666666666,0.5,0.0,1.0,0.9714285714285714,1.0,1.0,0.6666666666666666,0.3333333333333333,0.22924221006699036,0.048692479221569024,0.0,0.10084573386147093,0.36099045638076593,0.9307868125243922,0.29264667307860454,0.09841682794504902,0.1216691390582935,0.24815247699113188,0.5456238797577347,0.26185615950629004,0.18373698659925522,0.014376303885320059,0.5445887445887446,0.9186087857607282,0.9835364888396391,0.5964316057774002,0.09734093067426401,0.12364390270057729,0.0,0.0,0.0,0.3333333333333333,1.0,0.9507575757575758,1.0,0.0,0.2,0.5483870967741935,0.8,0.6666666666666666,0.2,0.0,1.0,0.9714285714285714,1.0,1.0,1.0,1.0
85,0.2936576024197901,0.6455116735834597,0.455801596202911,0.35983284462824283,0.36801164988741875,0.828693790149893,0.5907885880779687,0.6122587477158113,0.5417320159266227,0.09548525661103405,0.2263779527559055,0.0,0.24314819983254257,0.35037094608916836,0.6776399846511294,0.122015065913371,0.22383151961168088,0.3284481027906043,0.7280849749304945,0.323629449320974,0.34639568116862496,0.3689221994390629,0.2143035758939735,0.7935560859188544,0.8976740609932736,0.9994370275052276,0.8409022556390977,0.6811751904243744,0.19883279836591772,0.0,0.5,0.0,0.6666666666666666,0.6666666666666666,0.8904593639575972,0.07142857142857142,0.0,1.0,1.0,0.375,0.6666666666666666,0.75,0.0,1.0,0.9714285714285714,1.0,1.0,0.6666666666666666,0.0,0.23356865320418102,0.042826189992551965,0.0,0.10350481169062611,0.387363882075398,0.9318123615039762,0.26948673155311537,0.10827084753465122,0.11597627543183912,0.267800175386973,0.5470932165816892,0.2640267221765019,0.17693803269052516,0.012807962756775742,0.5926916221033868,0.918309094415069,0.9878771016336102,0.6517482517482518,0.09761422111336349,0.12710789434412775,0.0,0.3333333333333333,0.0,0.3333333333333333,1.0,0.9473684210526315,1.0,0.0,0.2727272727272727,0.5604395604395604,1.0,1.0,0.21428571428571427,0.0,1.0,0.9714285714285714,1.0,1.0,1.0,0.0
86,0.293573356393172,0.6285665616567967,0.455878285294068,0.3510209005273526,0.3612293108427037,0.8244111349036403,0.5592742899651956,0.5844278210983017,0.5283055559475697,0.11311468074634212,0.2242304939155333,0.0,0.2276862963996651,0.33898113474175084,0.6452211179094052,0.12154425612052731,0.25577389806623346,0.3139262530950947,0.7474039398331868,0.33044839484317245,0.3595427119720546,0.3546630842112706,0.19392348087021755,0.779236276849642,0.9030585924323895,0.9994772398262828,0.8421052631578947,0.7040261153427638,0.20732419025386636,0.0,0.5,0.0,0.3333333333333333,0.6666666666666666,0.8869257950530035,0.14285714285714285,0.0,0.6666666666666666,1.0,0.375,0.6666666666666666,0.75,0.0,1.0,0.9714285714285714,1.0,1.0,0.6666666666666666,0.0,0.21837342892929643,0.04612213347075496,0.0,0.11050606848721282,0.359510820694203,0.9359373247836237,0.28204343836035484,0.10312825531108936,0.11710519746367767,0.24949629559119826,0.5588296442085129,0.26749515664130796,0.18264574154316718,0.011351327614977019,0.541908713692946,0.9128643813258253,0.980357354159271,0.6006006006006006,0.08471913054864476,0.10640209659303632,0.0,0.5,0.0,0.2,1.0,0.9507575757575758,1.0,0.0,0.2,0.5543478260869565,0.8571428571428571,0.6666666666666666,0.23076923076923078,0.0,1.0,0.9444444444444444,1.0,1.0,1.0,0.0
87,0.2935613835028705,0.6401733281529564,0.45398665083800865,0.3571188801449095,0.3638083483890813,0.8244111349036403,0.5730587511180779,0.590556066129228,0.5279841215684474,0.11593359881873909,0.23514674302075877,0.0,0.23823611498744068,0.3383876209990815,0.6678789744368215,0.11909604519774011,0.25350348391137556,0.30007361306297264,0.7363385056515299,0.3200314720562563,0.32499206097173705,0.36451483655047257,0.19767441860465115,0.7828162291169452,0.9002063533006607,0.9995576644683931,0.8415037593984962,0.6866158868335147,0.20323898453457834,0.0,0.5,0.0,0.6666666666666666,0.6666666666666666,0.8869257950530035,0.07142857142857142,0.0,0.6666666666666666,1.0,0.375,0.6666666666666666,0.75,0.0,1.0,0.9714285714285714,1.0,1.0,0.6666666666666666,0.0,0.2341511906375672,0.041864466180265715,0.0,0.10434952690643261,0.3695655528976001,0.9327018674078589,0.3092269326683292,0.10272842639593908,0.11970101441537641,0.2593024423443828,0.5661674085458684,0.26377648332388265,0.17990624309328,0.012755040298182346,0.5841495992876224,0.91474685155362,0.9793932230102443,0.6175237254469212,0.0861904111460183,0.10705831719388853,0.0,0.3333333333333333,0.0,0.3333333333333333,1.0,0.9471698113207547,1.0,0.0,0.2,0.5543478260869565,1.0,0.6666666666666666,0.21428571428571427,0.0,1.0,0.9714285714285714,1.0,1.0,1.0,0.0
88,0.2935287079248223,0.6444149679897251,0.4545368158728291,0.3452516324953706,0.35571669672043577,0.8265524625267666,0.5664798037496568,0.6205759318470342,0.5424324892784904,0.09212940176294242,0.24767358625626343,0.0,0.2305330728439855,0.32869356320214793,0.673229292729105,0.12246704331450094,0.24183825256400218,0.3355417252225122,0.7299146923936031,0.36838697515838476,0.34557002222927913,0.31832001696952555,0.19754938734683672,0.7326968973747017,0.9019623405226295,0.9994772398262828,0.846015037593985,0.7279651795429815,0.19623577473008463,0.0,0.5,0.0,0.3333333333333333,0.6666666666666666,0.8869257950530035,0.07142857142857142,0.0,0.6666666666666666,1.0,0.5,0.6666666666666666,0.5,0.0,1.0,0.9714285714285714,1.0,1.0,0.6666666666666666,0.3333333333333333,0.2297734627831715,0.03933606184629377,0.0,0.10386540250987099,0.39141116682933397,0.9331427970262309,0.2892664917041057,0.09576809796930709,0.11276284718317778,0.26112200485117765,0.5379643814630409,0.2486973215101929,0.18362768691112288,0.013013433487353085,0.5155331654072208,0.9137378265108193,0.9760838831291234,0.5150128158183815,0.07558467969720936,0.12407749077490775,0.0,0.25,0.0,0.2,1.0,0.9471698113207547,1.0,0.0,0.2,0.5604395604395604,0.8,0.6666666666666666,0.2222222222222222,0.0,1.0,0.9444444444444444,1.0,1.0,1.0,1.0
89,0.2934954460907055,0.6277461978260565,0.4501971950138179,0.3543488822231933,0.36376198206011046,0.8308351177730193,0.5877830618950203,0.6473499854229905,0.5663738041618672,0.11206317956060674,0.22995705082319257,0.0,0.21992743511024282,0.3219246802797993,0.6438626304197185,0.12817325800376647,0.26141078838174275,0.3518704410091682,0.7578990724679008,0.34857761058247894,0.34366465544617336,0.3155153314949681,0.1814203550887722,0.7649164677804295,0.9009603365146134,0.9993968151841724,0.8409022556390977,0.6322089227421109,0.19909541873358622,0.0,0.5,0.0,0.3333333333333333,0.6666666666666666,0.8869257950530035,0.14285714285714285,0.0,1.0,1.0,0.5,0.6666666666666666,0.5,0.0,1.0,0.9714285714285714,1.0,1.0,0.6666666666666666,0.3333333333333333,0.2237259368439859,0.04451912416851441,0.0,0.10770913067249863,0.36141959639548166,0.9366747981277873,0.2816703223937425,0.09972522549429544,0.11712293676074222,0.24045132999107893,0.5369194450405868,0.26841609206805894,0.18284254807692307,0.011457132479509816,0.5738585496866607,0.914149103491664,0.9811298409063993,0.6344452008168823,0.10668380462724936,0.10970864419861075,0.0,0.3333333333333333,0.0,0.2,1.0,0.9507575757575758,1.0,0.0,0.2727272727272727,0.5483870967741935,0.8,1.0,0.25,0.0,1.0,0.9444444444444444,1.0,1.0,1.0,1.0
90,0.2934240793187697,0.6403589308295945,0.4491904584652166,0.35519349938560263,0.3629886413486778,0.828693790149893,0.5702392022458974,0.5837056066471895,0.537030911200856,0.09691708801288648,0.24015748031496062,0.0,0.24353893385431202,0.3385713276337172,0.6646524788004268,0.1335969868173258,0.2302513113598998,0.30455731780766915,0.7502316850034456,0.35588830698368207,0.34823753572562716,0.33241415069881447,0.18029507376844212,0.6813842482100239,0.9018358499176571,0.9993968151841724,0.844812030075188,0.6953210010881393,0.1925590895827254,0.0,0.5,0.0,0.6666666666666666,0.6666666666666666,0.8869257950530035,0.14285714285714285,0.0,0.6666666666666666,1.0,0.5,0.6666666666666666,0.5,0.0,1.0,0.9714285714285714,1.0,1.0,0.6666666666666666,0.0,0.2344029002759591,0.04110889875938122,0.0,0.10450549713765599,0.3679772692366764,0.9331847980960124,0.26946744663070726,0.1058446699776866,0.11653692512547373,0.2460008882586235,0.5560492752138503,0.2610206607635914,0.18190729228467512,0.012778590101466614,0.6042328042328042,0.913547709554473,0.9841213273144849,0.5859407592824364,0.09775126204681046,0.13229751403368084,0.0,0.3333333333333333,0.0,0.3333333333333333,1.0,0.9471698113207547,1.0,0.0,0.2,0.5543478260869565,0.8888888888888888,0.6666666666666666,0.2222222222222222,0.0,1.0,0.9444444444444444,1.0,1.0,1.0,0.0
91,0.2933988129331354,0.6403527440737066,0.45050980265785906,0.35639332847794963,0.36252359428970155,0.828693790149893,0.5943620092634413,0.6200220502003184,0.5529065524593214,0.1046579265291512,0.22208303507516106,0.0,0.2504605079542283,0.342570479756942,0.6656476253526235,0.11397363465160075,0.23526188052924138,0.3388208525731112,0.7574475837432376,0.3230229565702015,0.3444268021594157,0.3599896297343798,0.16504126031507876,0.7004773269689738,0.9025402289727971,0.9994772398262828,0.8445112781954888,0.690968443960827,0.1983075576305807,0.0,0.5,0.0,0.6666666666666666,0.6666666666666666,0.8869257950530035,0.14285714285714285,0.0,1.0,1.0,0.375,0.6666666666666666,0.75,0.0,1.0,0.9714285714285714,1.0,1.0,0.6666666666666666,0.0,0.22625266008899206,0.042556839614553685,0.0,0.10984625930278104,0.3636554558819117,0.9329305409723357,0.29197221150135083,0.09990690870403618,0.11402125934600486,0.24185120739714108,0.562809693127133,0.2856164744298731,0.18085799201922964,0.013489622188384618,0.6076604554865425,0.9128690765873115,0.975777324120603,0.5869565217391305,0.09543131950706342,0.1270114190666642,0.0,0.5,0.0,0.3333333333333333,1.0,0.9507575757575758,1.0,0.0,0.2727272727272727,0.5483870967741935,1.0,1.0,0.23076923076923078,0.0,1.0,0.9444444444444444,1.0,1.0,1.0,0.0
92,0.29336583386720966,0.6353010516660109,0.4538848092126453,0.3574740943431361,0.36456190671201816,0.8265524625267666,0.5906026107672007,0.6439303056875213,0.5551593404422798,0.10969170880128865,0.22440944881889763,0.0,0.24370639129221322,0.32657387126404297,0.6579134531725919,0.1139924670433145,0.217411727863462,0.3336679381650271,0.7605525588321491,0.3326202945587765,0.34874563353445537,0.3487001814796484,0.1714178544636159,0.7816229116945107,0.8975723724677077,0.9994772398262828,0.8427067669172932,0.690968443960827,0.22206011088415523,0.0,0.5,0.0,0.6666666666666666,0.6666666666666666,0.8869257950530035,0.07142857142857142,0.0,0.6666666666666666,1.0,0.375,0.6666666666666666,0.75,0.0,1.0,0.9714285714285714,1.0,1.0,0.6666666666666666,0.3333333333333333,0.22847157502329915,0.042740286298568506,0.0,0.10838318893826179,0.37650087160521983,0.9338694247342237,0.2834066860192902,0.11907722653402512,0.11534724471382964,0.2405056632885647,0.5687458833751419,0.2584,0.1823144508385602,0.01274435985387211,0.5770925110132159,0.9187505394797638,0.9829161229090047,0.6400182731841023,0.0934785808920948,0.10924490381854723,0.0,0.3333333333333333,0.0,0.3333333333333333,1.0,0.9507575757575758,1.0,0.0,0.2,0.5483870967741935,1.0,0.6666666666666666,0.23076923076923078,0.0,1.0,0.9714285714285714,1.0,1.0,1.0,1.0
93,0.2933178478179885,0.6377551315015586,0.4557098161873394,0.3570087156616036,0.36395010206981954,0.8308351177730193,0.6015675230479025,0.6588152910541352,0.5710453585770529,0.08470177636583293,0.2294201861130995,0.0,0.23444041306168015,0.33204267646435387,0.6621449343807673,0.12764595103578155,0.2331480466609254,0.35414575386468583,0.754683205411528,0.3427831460582069,0.34887265798666245,0.3344174974663556,0.1781695423855964,0.7696897374701671,0.8968679934125677,0.9994772398262828,0.8409022556390977,0.7159956474428727,0.21893784651298512,0.0,0.5,0.0,0.6666666666666666,0.6666666666666666,0.8869257950530035,0.07142857142857142,0.0,1.0,1.0,0.5,0.6666666666666666,0.5,0.0,1.0,0.9714285714285714,1.0,1.0,0.6666666666666666,0.3333333333333333,0.2222222222222222,0.04448762883020439,0.0,0.10425457975475351,0.37898998370941467,0.9336319359457759,0.27830014370765754,0.103723311622723,0.11298277076794978,0.24546569385189307,0.5665673259279328,0.2890900478922162,0.1847189314447887,0.012542026791529512,0.5789946140035906,0.9187992926254167,0.9809764376208706,0.625503355704698,0.08397141398672792,0.11794388116010375,0.0,0.3333333333333333,0.0,0.3333333333333333,1.0,0.9471698113207547,1.0,0.0,0.2727272727272727,0.5483870967741935,0.8888888888888888,1.0,0.2222222222222222,0.0,1.0,0.9714285714285714,1.0,1.0,1.0,1.0
94,0.2932769621229925,0.6471957085361558,0.45182569106499587,0.3579619158739778,0.3648247039195698,0.8265524625267666,0.5594602672759637,0.5845700621323889,0.5285857055883032,0.10058615598013335,0.22476735862562633,0.0,0.22802121127546748,0.3384017522786688,0.680363987501634,0.12192090395480226,0.24904094574493071,0.3224921367864552,0.7346909678492503,0.31462221238720467,0.3480469990473166,0.3672723844540291,0.19454863715928983,0.7100238663484487,0.9001071449830353,0.9993968151841724,0.8454135338345865,0.6942328618063112,0.21073825503355706,0.0,0.5,0.0,0.3333333333333333,0.6666666666666666,0.8904593639575972,0.14285714285714285,0.0,0.6666666666666666,1.0,0.375,0.6666666666666666,0.75,0.0,1.0,0.9714285714285714,1.0,1.0,0.6666666666666666,0.0,0.22475504899020196,0.044306476647382534,0.0,0.10952623535404993,0.3502354696229561,0.9313844146798099,0.2858404344562674,0.10089444303476275,0.11633071816535909,0.26329848386355054,0.5543153365197175,0.2687328364064339,0.18303655327945875,0.01447482255318753,0.6531284302963776,0.9151396100048164,0.9812847948829313,0.6015407661031458,0.09482758620689655,0.10822394053827249,0.0,0.5,0.0,0.2,1.0,0.9473684210526315,1.0,0.0,0.2,0.5604395604395604,0.8571428571428571,0.6666666666666666,0.23076923076923078,0.0,1.0,0.9444444444444444,1.0,1.0,1.0,0.0
95,0.29323590209350503,0.6448488658026655,0.4484274429256677,0.3612425751634033,0.3670799468373706,0.8308351177730193,0.5785412072584288,0.6434706494226027,0.5547129690099555,0.09199516756901875,0.2106299212598425,0.0,0.26274072006698296,0.34090298876563274,0.6719354616538268,0.11822975517890773,0.2203084631644876,0.35434651676370205,0.7551346941361912,0.3814183734520092,0.3166719593521753,0.2888354663084211,0.18567141785446362,0.7004773269689738,0.8981626619575785,0.9993566028631172,0.8421052631578947,0.6692056583242655,0.2119929967901955,0.0,0.0,0.0,0.6666666666666666,0.6666666666666666,0.8869257950530035,0.07142857142857142,0.0,1.0,1.0,0.5625,0.6666666666666666,0.5,0.0,1.0,0.9714285714285714,1.0,1.0,0.6666666666666666,0.3333333333333333,0.2251300301122365,0.04378720238095238,0.0,0.10165867565115978,0.3743172790466733,0.9318632372004172,0.2968321513002364,0.1093537481055454,0.11951247037580409,0.25008787899455936,0.5624063421472423,0.31546978804175896,0.18589306029579067,0.013386458492964222,0.6032887975334018,0.9165995919834363,0.9813228035538006,0.6008583690987125,0.11752340913433977,0.11431763465563091,0.0,0.0,0.0,0.3333333333333333,1.0,0.9471698113207547,1.0,0.0,0.2727272727272727,0.5425531914893617,0.9,1.0,0.2857142857142857,0.0,1.0,0.9444444444444444,1.0,1.0,1.0,1.0
96,0.293214772861998,0.6356776188743899,0.45415632859582533,0.3612725913902833,0.3657679408230439,0.8308351177730193,0.6070499791882533,0.6875776270513112,0.5885073929188807,0.08483601055975659,0.22279885468861846,0.0,0.2512977951437343,0.33826043948279516,0.6598700124955549,0.1007909604519774,0.2978157050027401,0.31352472729706216,0.7324335242259344,0.3464139067148583,0.35611305176246427,0.3308114732847816,0.22280570142535633,0.7398568019093079,0.9004841365900117,0.9993968151841724,0.8421052631578947,0.6898803046789989,0.19947475926466296,0.0,0.5,0.0,0.6666666666666666,0.6666666666666666,0.8869257950530035,0.07142857142857142,0.5,0.6666666666666666,1.0,0.4375,0.6666666666666666,0.5,0.0,1.0,0.9714285714285714,1.0,1.0,0.6666666666666666,0.3333333333333333,0.22683495842555482,0.04367808026943587,0.0,0.1044620275193169,0.3745657684724439,0.9337256122604236,0.2987941045109424,0.09109631687341348,0.12035348215891284,0.2634511996034086,0.5599390607405444,0.27551471672153705,0.17951833424993924,0.011340350519925161,0.6090373280943026,0.9154144058736914,0.9810911100584241,0.6417602567041026,0.10345953002610966,0.13014259333295258,0.0,0.3333333333333333,0.0,0.3333333333333333,1.0,0.9507575757575758,1.0,1.0,0.2,0.5604395604395604,0.875,0.6666666666666666,0.2,0.0,1.0,0.9444444444444444,1.0,1.0,1.0,1.0
97,0.29318787631110454,0.6186417678613705,0.456133994738175,0.3597692338236883,0.3649203052299255,0.8244111349036403,0.5505023601406343,0.5722178679093254,0.5130425165725148,0.10454606470088147,0.21241947029348604,0.0,0.23466368964554843,0.33910831625803717,0.6306931027067143,0.1287758945386064,0.24136851170437643,0.3038881081442816,0.755277269522927,0.31009810430036144,0.3540806605271515,0.36130948172240684,0.21180295073768443,0.8305489260143198,0.8981477807099347,0.9995978767894483,0.835187969924812,0.7083786724700761,0.20665304931426903,0.0,0.0,0.0,0.6666666666666666,0.6666666666666666,0.8869257950530035,0.14285714285714285,0.0,0.6666666666666666,1.0,0.375,0.6666666666666666,0.75,0.0,1.0,0.9714285714285714,1.0,1.0,0.6666666666666666,0.0,0.22205854400304126,0.04574709985740163,0.0,0.10762102245091262,0.3785433722966258,0.9372305539309884,0.27828422594823377,0.09868442111328063,0.11246501721276965,0.24497980618043924,0.5598697839597514,0.23211757848280457,0.1810772501771793,0.010204020167095347,0.5923404255319149,0.9172251688170899,0.9844752475247525,0.7294457578145521,0.0778521884716575,0.12539395870958603,0.0,0.0,0.0,0.3333333333333333,1.0,0.9543726235741445,1.0,0.0,0.2,0.5425531914893617,1.0,0.6666666666666666,0.23076923076923078,0.0,1.0,0.9444444444444444,1.0,1.0,1.0,0.0
98,0.293161257562335,0.6437859811411183,0.45643853610771157,0.3504563096578908,0.3619831810311636,0.8308351177730193,0.6028499915867407,0.6447140117500227,0.568068729530573,0.09340462660521724,0.2256621331424481,0.0,0.24437622104381804,0.34762947784921927,0.6754030132700263,0.12689265536723163,0.24042902998512486,0.33674630261660976,0.7138432779665581,0.3344397728110939,0.3496348046999047,0.3489358693346532,0.22518129532383097,0.788782816229117,0.897530208932717,0.9993968151841724,0.8421052631578947,0.6855277475516867,0.19641085497519697,0.0,0.5,0.0,0.6666666666666666,0.6666666666666666,0.8904593639575972,0.07142857142857142,0.0,0.6666666666666666,1.0,0.4375,0.6666666666666666,0.75,0.5,1.0,0.9714285714285714,1.0,1.0,0.6666666666666666,0.0,0.22915637521269006,0.041344262295081965,0.0,0.10494019511493564,0.3639214758051393,0.9327394170445369,0.27619281849483523,0.10369394921663966,0.11038961038961038,0.2770819113677311,0.5510675363610582,0.25042077969339943,0.17723534411549927,0.012366787519226544,0.5128006206361521,0.9185488087804531,0.9808975016773888,0.5953646608547736,0.09653692920625191,0.12397089971452252,0.0,0.3333333333333333,0.0,0.3333333333333333,1.0,0.9473684210526315,1.0,0.0,0.2,0.5666666666666667,1.0,0.6666666666666666,0.23076923076923078,1.0,1.0,0.9714285714285714,1.0,1.0,1.0,0.0
99,0.2931082292003952,0.6252591219591064,0.4558046782101216,0.3594498972255147,0.3631451197438872,0.828693790149893,0.5840236633987796,0.6332883160981633,0.5548745431889219,0.09499306456664727,0.2290622763063708,0.0,0.24973485905665643,0.33775171341765,0.6415546775401889,0.09583804143126178,0.2596884052297816,0.3265073947667804,0.746397991271218,0.3358576545122241,0.3497618291521118,0.31907421810554104,0.21880470117529383,0.7911694510739857,0.9008710490287506,0.9995576644683931,0.8445112781954888,0.6942328618063112,0.22491975488765684,0.0,0.5,0.0,0.6666666666666666,0.6666666666666666,0.8869257950530035,0.07142857142857142,0.0,0.6666666666666666,1.0,0.5,0.6666666666666666,0.5,0.0,1.0,0.9714285714285714,1.0,1.0,0.6666666666666666,0.3333333333333333,0.23526152482269502,0.041347675808379364,0.0,0.1085342778128184,0.377124193319343,0.9350724910832997,0.3192997866733593,0.0963599918659036,0.11951010410287814,0.25377093505185455,0.5784562829959629,0.24765031254215947,0.1866924084672137,0.010438849221261847,0.6127541589648798,0.9151501255980711,0.9785064756131165,0.5965583173996176,0.09710806697108067,0.11995206897088345,0.0,0.25,0.0,0.3333333333333333,1.0,0.9507575757575758,1.0,0.0,0.2,0.5483870967741935,0.8888888888888888,0.6666666666666666,0.25,0.0,1.0,0.9444444444444444,1.0,1.0,1.0,1.0
